url_gcp,image_id,sequence_id,location_id,frame_num,common_name,datetime,class_number,subset
https://storage.googleapis.com/public-datasets-lila/wcs-unzipped/animals/0035/1687.jpg,WCS Camera Traps : d41345be-92d4-11e9-b377-000d3a74c7de,WCS Camera Traps : idn-002-d0060-15,WCS Camera Traps : 524,1,asian elephant,05-07-1999 08:43:00,9,train
https://storage.googleapis.com/public-datasets-lila/wcs-unzipped/animals/0035/1688.jpg,WCS Camera Traps : d41345c0-92d4-11e9-bba6-000d3a74c7de,WCS Camera Traps : idn-002-d0060-15,WCS Camera Traps : 524,2,asian elephant,05-07-1999 08:44:00,9,train
https://storage.googleapis.com/public-datasets-lila/wcs-unzipped/animals/0035/1787.jpg,WCS Camera Traps : d4189d03-92d4-11e9-a371-000d3a74c7de,WCS Camera Traps : idn-002-d0071-17,WCS Camera Traps : 528,1,asian elephant,05-15-1999 12:29:00,9,train
https://storage.googleapis.com/public-datasets-lila/wcs-unzipped/animals/0035/1872.jpg,WCS Camera Traps : d41c6d82-92d4-11e9-b6b5-000d3a74c7de,WCS Camera Traps : idn-002-d0055-1,WCS Camera Traps : 533,2,asian elephant,,9,train
https://storage.googleapis.com/public-datasets-lila/wcs-unzipped/animals/0035/1873.jpg,WCS Camera Traps : d41c6d84-92d4-11e9-bfc7-000d3a74c7de,WCS Camera Traps : idn-002-d0055-1,WCS Camera Traps : 533,3,asian elephant,,9,train
https://storage.googleapis.com/public-datasets-lila/wcs-unzipped/animals/0035/1958.jpg,WCS Camera Traps : d4203e13-92d4-11e9-91cb-000d3a74c7de,WCS Camera Traps : idn-002-d0039-7,WCS Camera Traps : 537,1,asian elephant,04-28-1999 17:21:00,9,train
https://storage.googleapis.com/public-datasets-lila/wcs-unzipped/animals/0035/1994.jpg,WCS Camera Traps : d421c3a8-92d4-11e9-b1e4-000d3a74c7de,WCS Camera Traps : idn-002-d0072-13,WCS Camera Traps : 539,1,asian elephant,05-07-1999 14:49:00,9,train
https://storage.googleapis.com/public-datasets-lila/wcs-unzipped/animals/0035/1995.jpg,WCS Camera Traps : d421ea75-92d4-11e9-8aa9-000d3a74c7de,WCS Camera Traps : idn-002-d0072-14,WCS Camera Traps : 539,1,asian elephant,05-07-1999 14:54:00,9,train
https://storage.googleapis.com/public-datasets-lila/wcs-unzipped/animals/0035/1996.jpg,WCS Camera Traps : d421ea77-92d4-11e9-aad1-000d3a74c7de,WCS Camera Traps : idn-002-d0072-15,WCS Camera Traps : 539,1,asian elephant,05-07-1999 14:59:00,9,train
https://storage.googleapis.com/public-datasets-lila/wcs-unzipped/animals/0035/1997.jpg,WCS Camera Traps : d421ea79-92d4-11e9-956b-000d3a74c7de,WCS Camera Traps : idn-002-d0072-16,WCS Camera Traps : 539,1,asian elephant,05-07-1999 15:36:00,9,train
https://storage.googleapis.com/public-datasets-lila/wcs-unzipped/animals/0036/0044.jpg,WCS Camera Traps : d42483f3-92d4-11e9-bf17-000d3a74c7de,WCS Camera Traps : idn-002-d0053-11,WCS Camera Traps : 541,1,asian elephant,05-16-1999 20:02:00,9,train
https://storage.googleapis.com/public-datasets-lila/wcs-unzipped/animals/0036/0045.jpg,WCS Camera Traps : d42483f5-92d4-11e9-8e21-000d3a74c7de,WCS Camera Traps : idn-002-d0053-12,WCS Camera Traps : 541,1,asian elephant,05-16-1999 20:09:00,9,train
https://storage.googleapis.com/public-datasets-lila/wcs-unzipped/animals/0036/0046.jpg,WCS Camera Traps : d424a9f8-92d4-11e9-bef2-000d3a74c7de,WCS Camera Traps : idn-002-d0053-13,WCS Camera Traps : 541,1,asian elephant,05-16-1999 20:12:00,9,train
https://storage.googleapis.com/public-datasets-lila/wcs-unzipped/animals/0036/0047.jpg,WCS Camera Traps : d424a9fa-92d4-11e9-9648-000d3a74c7de,WCS Camera Traps : idn-002-d0053-13,WCS Camera Traps : 541,2,asian elephant,05-16-1999 20:13:00,9,train
https://storage.googleapis.com/public-datasets-lila/wcs-unzipped/animals/0036/0048.jpg,WCS Camera Traps : d424a9fc-92d4-11e9-940b-000d3a74c7de,WCS Camera Traps : idn-002-d0053-13,WCS Camera Traps : 541,3,asian elephant,05-16-1999 20:13:00,9,train
https://storage.googleapis.com/public-datasets-lila/wcs-unzipped/animals/0036/0049.jpg,WCS Camera Traps : d424d0b8-92d4-11e9-bb20-000d3a74c7de,WCS Camera Traps : idn-002-d0053-13,WCS Camera Traps : 541,4,asian elephant,05-16-1999 20:14:00,9,train
https://storage.googleapis.com/public-datasets-lila/wcs-unzipped/animals/0036/0213.jpg,WCS Camera Traps : d42c99f1-92d4-11e9-a5d8-000d3a74c7de,WCS Camera Traps : idn-002-d0090-3,WCS Camera Traps : 537,1,asian elephant,10-05-1999 11:47:00,9,train
https://storage.googleapis.com/public-datasets-lila/wcs-unzipped/animals/0036/0222.jpg,WCS Camera Traps : d42d0dd4-92d4-11e9-88fe-000d3a74c7de,WCS Camera Traps : idn-002-d0090-11,WCS Camera Traps : 537,1,asian elephant,10-14-1999 07:19:00,9,train
https://storage.googleapis.com/public-datasets-lila/wcs-unzipped/animals/0036/0327.jpg,WCS Camera Traps : d4317b3c-92d4-11e9-baf0-000d3a74c7de,WCS Camera Traps : idn-002-d0088-2,WCS Camera Traps : 538,1,asian elephant,10-06-1999 09:08:00,9,train
https://storage.googleapis.com/public-datasets-lila/wcs-unzipped/animals/0036/0328.jpg,WCS Camera Traps : d431a229-92d4-11e9-9218-000d3a74c7de,WCS Camera Traps : idn-002-d0088-3,WCS Camera Traps : 538,1,asian elephant,10-06-1999 09:11:00,9,train
https://storage.googleapis.com/public-datasets-lila/wcs-unzipped/animals/0036/0329.jpg,WCS Camera Traps : d431a22b-92d4-11e9-9270-000d3a74c7de,WCS Camera Traps : idn-002-d0088-3,WCS Camera Traps : 538,2,asian elephant,10-06-1999 09:12:00,9,train
https://storage.googleapis.com/public-datasets-lila/wcs-unzipped/animals/0036/0330.jpg,WCS Camera Traps : d431a22d-92d4-11e9-8a67-000d3a74c7de,WCS Camera Traps : idn-002-d0088-3,WCS Camera Traps : 538,3,asian elephant,10-06-1999 09:12:00,9,train
https://storage.googleapis.com/public-datasets-lila/wcs-unzipped/animals/0036/0331.jpg,WCS Camera Traps : d431c998-92d4-11e9-9b37-000d3a74c7de,WCS Camera Traps : idn-002-d0088-3,WCS Camera Traps : 538,4,asian elephant,10-06-1999 09:12:00,9,train
https://storage.googleapis.com/public-datasets-lila/wcs-unzipped/animals/0036/0334.jpg,WCS Camera Traps : d431c99e-92d4-11e9-ac7a-000d3a74c7de,WCS Camera Traps : idn-002-d0097-2,WCS Camera Traps : 546,1,asian elephant,10-06-1999 00:00:00,9,train
https://storage.googleapis.com/public-datasets-lila/wcs-unzipped/animals/0036/0335.jpg,WCS Camera Traps : d431eff5-92d4-11e9-ae23-000d3a74c7de,WCS Camera Traps : idn-002-d0097-2,WCS Camera Traps : 546,2,asian elephant,10-06-1999 00:00:00,9,train
https://storage.googleapis.com/public-datasets-lila/wcs-unzipped/animals/0036/0336.jpg,WCS Camera Traps : d431eff7-92d4-11e9-b9fc-000d3a74c7de,WCS Camera Traps : idn-002-d0097-2,WCS Camera Traps : 546,3,asian elephant,10-06-1999 00:00:00,9,train
https://storage.googleapis.com/public-datasets-lila/wcs-unzipped/animals/0036/0337.jpg,WCS Camera Traps : d431eff9-92d4-11e9-8114-000d3a74c7de,WCS Camera Traps : idn-002-d0097-2,WCS Camera Traps : 546,4,asian elephant,10-06-1999 00:00:00,9,train
https://storage.googleapis.com/public-datasets-lila/wcs-unzipped/animals/0036/0338.jpg,WCS Camera Traps : d43216fa-92d4-11e9-aa20-000d3a74c7de,WCS Camera Traps : idn-002-d0097-3,WCS Camera Traps : 546,1,asian elephant,10-06-1999 12:25:00,9,train
https://storage.googleapis.com/public-datasets-lila/wcs-unzipped/animals/0036/0339.jpg,WCS Camera Traps : d43216fc-92d4-11e9-b39d-000d3a74c7de,WCS Camera Traps : idn-002-d0097-4,WCS Camera Traps : 546,1,asian elephant,10-06-1999 12:48:00,9,train
https://storage.googleapis.com/public-datasets-lila/wcs-unzipped/animals/0036/0340.jpg,WCS Camera Traps : d43216fe-92d4-11e9-b2c2-000d3a74c7de,WCS Camera Traps : idn-002-d0097-4,WCS Camera Traps : 546,2,asian elephant,10-06-1999 12:49:00,9,train
https://storage.googleapis.com/public-datasets-lila/wcs-unzipped/animals/0036/0341.jpg,WCS Camera Traps : d4321700-92d4-11e9-ae45-000d3a74c7de,WCS Camera Traps : idn-002-d0097-4,WCS Camera Traps : 546,3,asian elephant,10-06-1999 12:50:00,9,train
https://storage.googleapis.com/public-datasets-lila/wcs-unzipped/animals/0036/0493.jpg,WCS Camera Traps : d43942ff-92d4-11e9-9583-000d3a74c7de,WCS Camera Traps : idn-002-d0093-2,WCS Camera Traps : 536,1,asian elephant,09-30-1999 05:49:00,9,train
https://storage.googleapis.com/public-datasets-lila/wcs-unzipped/animals/0036/0494.jpg,WCS Camera Traps : d43969fa-92d4-11e9-a925-000d3a74c7de,WCS Camera Traps : idn-002-d0093-2,WCS Camera Traps : 536,2,asian elephant,09-30-1999 05:49:00,9,train
https://storage.googleapis.com/public-datasets-lila/wcs-unzipped/animals/0036/0553.jpg,WCS Camera Traps : d43c0218-92d4-11e9-9443-000d3a74c7de,WCS Camera Traps : idn-002-d0079-1,WCS Camera Traps : 522,4,asian elephant,,9,train
https://storage.googleapis.com/public-datasets-lila/wcs-unzipped/animals/0036/0554.jpg,WCS Camera Traps : d43c021a-92d4-11e9-bd31-000d3a74c7de,WCS Camera Traps : idn-002-d0079-1,WCS Camera Traps : 522,5,asian elephant,,9,train
https://storage.googleapis.com/public-datasets-lila/wcs-unzipped/animals/0036/1319.jpg,WCS Camera Traps : d45e7e12-92d4-11e9-b506-000d3a74c7de,WCS Camera Traps : idn-002-d0152-3,WCS Camera Traps : 552,1,asian elephant,11-06-2001 05:21:00,9,train
https://storage.googleapis.com/public-datasets-lila/wcs-unzipped/animals/0325/0410.jpg,WCS Camera Traps : 3dd3cdc2-92d5-11e9-b95e-000d3a74c7de,WCS Camera Traps : idn-001-d0251-2,WCS Camera Traps : 1706,1,asian elephant,10-05-1998 04:12:00,9,train
https://storage.googleapis.com/public-datasets-lila/wcs-unzipped/animals/0325/0412.jpg,WCS Camera Traps : 3dd3f4cd-92d5-11e9-a4fa-000d3a74c7de,WCS Camera Traps : idn-001-d0251-4,WCS Camera Traps : 1706,1,asian elephant,10-22-1998 21:38:00,9,train
https://storage.googleapis.com/public-datasets-lila/wcs-unzipped/animals/0325/0413.jpg,WCS Camera Traps : 3dd3f4cf-92d5-11e9-9ec7-000d3a74c7de,WCS Camera Traps : idn-001-d0251-4,WCS Camera Traps : 1706,2,asian elephant,10-22-1998 21:39:00,9,train
https://storage.googleapis.com/public-datasets-lila/wcs-unzipped/animals/0325/0414.jpg,WCS Camera Traps : 3dd3f4d1-92d5-11e9-a5aa-000d3a74c7de,WCS Camera Traps : idn-001-d0251-4,WCS Camera Traps : 1706,3,asian elephant,10-22-1998 21:40:00,9,train
https://storage.googleapis.com/public-datasets-lila/wcs-unzipped/animals/0325/0415.jpg,WCS Camera Traps : 3dd41bdc-92d5-11e9-b3ec-000d3a74c7de,WCS Camera Traps : idn-001-d0251-7,WCS Camera Traps : 1706,1,asian elephant,10-22-1998 21:42:00,9,train
https://storage.googleapis.com/public-datasets-lila/wcs-unzipped/animals/0325/0483.jpg,WCS Camera Traps : 3dd701f4-92d5-11e9-af67-000d3a74c7de,WCS Camera Traps : idn-001-d0247-4,WCS Camera Traps : 1708,1,asian elephant,10-07-1998 21:38:00,9,train
https://storage.googleapis.com/public-datasets-lila/wcs-unzipped/animals/0325/0484.jpg,WCS Camera Traps : 3dd701f6-92d5-11e9-b57f-000d3a74c7de,WCS Camera Traps : idn-001-d0247-4,WCS Camera Traps : 1708,2,asian elephant,10-07-1998 21:39:00,9,train
https://storage.googleapis.com/public-datasets-lila/wcs-unzipped/animals/0325/0520.jpg,WCS Camera Traps : 3dd888a2-92d5-11e9-aa91-000d3a74c7de,WCS Camera Traps : idn-001-d0259-1,WCS Camera Traps : 1710,1,asian elephant,,9,train
https://storage.googleapis.com/public-datasets-lila/wcs-unzipped/animals/0325/0521.jpg,WCS Camera Traps : 3dd8af8a-92d5-11e9-a07d-000d3a74c7de,WCS Camera Traps : idn-001-d0259-1,WCS Camera Traps : 1710,2,asian elephant,,9,train
https://storage.googleapis.com/public-datasets-lila/wcs-unzipped/animals/0325/0522.jpg,WCS Camera Traps : 3dd8af8c-92d5-11e9-8882-000d3a74c7de,WCS Camera Traps : idn-001-d0259-1,WCS Camera Traps : 1710,3,asian elephant,,9,train
https://storage.googleapis.com/public-datasets-lila/wcs-unzipped/animals/0325/0523.jpg,WCS Camera Traps : 3dd8af8e-92d5-11e9-900b-000d3a74c7de,WCS Camera Traps : idn-001-d0259-1,WCS Camera Traps : 1710,4,asian elephant,,9,train
https://storage.googleapis.com/public-datasets-lila/wcs-unzipped/animals/0325/0524.jpg,WCS Camera Traps : 3dd8af90-92d5-11e9-9eb8-000d3a74c7de,WCS Camera Traps : idn-001-d0259-1,WCS Camera Traps : 1710,5,asian elephant,,9,train
https://storage.googleapis.com/public-datasets-lila/wcs-unzipped/animals/0325/0525.jpg,WCS Camera Traps : 3dd8d6cc-92d5-11e9-b395-000d3a74c7de,WCS Camera Traps : idn-001-d0259-1,WCS Camera Traps : 1710,6,asian elephant,,9,train
https://storage.googleapis.com/public-datasets-lila/wcs-unzipped/animals/0325/0526.jpg,WCS Camera Traps : 3dd8d6ce-92d5-11e9-878d-000d3a74c7de,WCS Camera Traps : idn-001-d0259-1,WCS Camera Traps : 1710,7,asian elephant,,9,train
https://storage.googleapis.com/public-datasets-lila/wcs-unzipped/animals/0325/0531.jpg,WCS Camera Traps : 3dd8fdc5-92d5-11e9-b998-000d3a74c7de,WCS Camera Traps : idn-001-d0262-3,WCS Camera Traps : 1711,1,asian elephant,10-07-1998 14:37:00,9,train
https://storage.googleapis.com/public-datasets-lila/wcs-unzipped/animals/0325/0532.jpg,WCS Camera Traps : 3dd9252c-92d5-11e9-a9f3-000d3a74c7de,WCS Camera Traps : idn-001-d0262-3,WCS Camera Traps : 1711,2,asian elephant,10-07-1998 14:38:00,9,train
https://storage.googleapis.com/public-datasets-lila/wcs-unzipped/animals/0325/0533.jpg,WCS Camera Traps : 3dd9252e-92d5-11e9-b7d9-000d3a74c7de,WCS Camera Traps : idn-001-d0262-3,WCS Camera Traps : 1711,3,asian elephant,10-07-1998 14:39:00,9,train
https://storage.googleapis.com/public-datasets-lila/wcs-unzipped/animals/0325/0534.jpg,WCS Camera Traps : 3dd92530-92d5-11e9-8753-000d3a74c7de,WCS Camera Traps : idn-001-d0262-3,WCS Camera Traps : 1711,4,asian elephant,10-07-1998 14:40:00,9,train
https://storage.googleapis.com/public-datasets-lila/wcs-unzipped/animals/0325/0572.jpg,WCS Camera Traps : 3ddad28c-92d5-11e9-af83-000d3a74c7de,WCS Camera Traps : idn-001-d0254-4,WCS Camera Traps : 1708,1,asian elephant,10-07-1998 21:41:00,9,train
https://storage.googleapis.com/public-datasets-lila/wcs-unzipped/animals/0325/1151.jpg,WCS Camera Traps : 3df4ea45-92d5-11e9-b789-000d3a74c7de,WCS Camera Traps : idn-001-d0142-18,WCS Camera Traps : 1739,2,asian elephant,12-10-1998 16:21:00,9,train
https://storage.googleapis.com/public-datasets-lila/wcs-unzipped/animals/0325/1237.jpg,WCS Camera Traps : 3df8bad4-92d5-11e9-af21-000d3a74c7de,WCS Camera Traps : idn-001-d0226-11,WCS Camera Traps : 1756,1,asian elephant,01-29-1999 16:59:00,9,test
https://storage.googleapis.com/public-datasets-lila/wcs-unzipped/animals/0325/1261.jpg,WCS Camera Traps : 3df9a558-92d5-11e9-ba87-000d3a74c7de,WCS Camera Traps : idn-001-d0224-2,WCS Camera Traps : 1759,1,asian elephant,01-11-1999 19:33:00,9,test
https://storage.googleapis.com/public-datasets-lila/wcs-unzipped/animals/0325/1262.jpg,WCS Camera Traps : 3df9cc8c-92d5-11e9-8817-000d3a74c7de,WCS Camera Traps : idn-001-d0224-3,WCS Camera Traps : 1759,1,asian elephant,01-11-1999 19:48:00,9,test
https://storage.googleapis.com/public-datasets-lila/wcs-unzipped/animals/0325/1263.jpg,WCS Camera Traps : 3df9cc8e-92d5-11e9-9382-000d3a74c7de,WCS Camera Traps : idn-001-d0224-4,WCS Camera Traps : 1759,1,asian elephant,01-12-1999 08:04:00,9,test
https://storage.googleapis.com/public-datasets-lila/wcs-unzipped/animals/0325/1386.jpg,WCS Camera Traps : 3dff989d-92d5-11e9-b98c-000d3a74c7de,WCS Camera Traps : idn-001-d0235-4,WCS Camera Traps : 1771,1,asian elephant,01-12-1999 01:00:00,9,val
https://storage.googleapis.com/public-datasets-lila/wcs-unzipped/animals/0325/1387.jpg,WCS Camera Traps : 3dffbfa4-92d5-11e9-b6bb-000d3a74c7de,WCS Camera Traps : idn-001-d0235-4,WCS Camera Traps : 1771,2,asian elephant,01-12-1999 01:01:00,9,val
https://storage.googleapis.com/public-datasets-lila/wcs-unzipped/animals/0325/1499.jpg,WCS Camera Traps : 3e04a1b2-92d5-11e9-a965-000d3a74c7de,WCS Camera Traps : idn-001-d0084-2,WCS Camera Traps : 1781,1,asian elephant,03-06-1999 11:16:00,9,train
https://storage.googleapis.com/public-datasets-lila/wcs-unzipped/animals/0325/1500.jpg,WCS Camera Traps : 3e04c8b4-92d5-11e9-9be5-000d3a74c7de,WCS Camera Traps : idn-001-d0084-3,WCS Camera Traps : 1781,1,asian elephant,03-06-1999 13:12:00,9,train
https://storage.googleapis.com/public-datasets-lila/wcs-unzipped/animals/0325/1501.jpg,WCS Camera Traps : 3e04c8b6-92d5-11e9-b284-000d3a74c7de,WCS Camera Traps : idn-001-d0084-3,WCS Camera Traps : 1781,2,asian elephant,03-06-1999 13:13:00,9,train
https://storage.googleapis.com/public-datasets-lila/wcs-unzipped/animals/0325/1646.jpg,WCS Camera Traps : 3e0b0aa7-92d5-11e9-aace-000d3a74c7de,WCS Camera Traps : idn-001-d0205-2,WCS Camera Traps : 1800,1,asian elephant,06-27-1999 19:54:00,9,train
https://storage.googleapis.com/public-datasets-lila/wcs-unzipped/animals/0325/1903.jpg,WCS Camera Traps : 3e16f198-92d5-11e9-a641-000d3a74c7de,WCS Camera Traps : idn-001-d0186-11,WCS Camera Traps : 1811,1,asian elephant,07-21-1999 16:02:00,9,train
https://storage.googleapis.com/public-datasets-lila/wcs-unzipped/animals/0325/1938.jpg,WCS Camera Traps : 3e1877c0-92d5-11e9-a39c-000d3a74c7de,WCS Camera Traps : idn-001-d0159-5,WCS Camera Traps : 1815,1,asian elephant,08-31-1999 14:00:00,9,train
https://storage.googleapis.com/public-datasets-lila/wcs-unzipped/animals/0325/1939.jpg,WCS Camera Traps : 3e1877c2-92d5-11e9-b7cd-000d3a74c7de,WCS Camera Traps : idn-001-d0159-7,WCS Camera Traps : 1815,1,asian elephant,08-31-1999 14:20:00,9,train
https://storage.googleapis.com/public-datasets-lila/wcs-unzipped/animals/0325/1940.jpg,WCS Camera Traps : 3e1877c4-92d5-11e9-914d-000d3a74c7de,WCS Camera Traps : idn-001-d0159-7,WCS Camera Traps : 1815,2,asian elephant,08-31-1999 14:20:00,9,train
https://storage.googleapis.com/public-datasets-lila/wcs-unzipped/animals/0325/1941.jpg,WCS Camera Traps : 3e1877c6-92d5-11e9-8592-000d3a74c7de,WCS Camera Traps : idn-001-d0159-7,WCS Camera Traps : 1815,3,asian elephant,08-31-1999 14:20:00,9,train
https://storage.googleapis.com/public-datasets-lila/wcs-unzipped/animals/0325/1942.jpg,WCS Camera Traps : 3e189ef5-92d5-11e9-a348-000d3a74c7de,WCS Camera Traps : idn-001-d0159-6,WCS Camera Traps : 1815,1,asian elephant,08-31-1999 14:03:00,9,train
https://storage.googleapis.com/public-datasets-lila/wcs-unzipped/animals/0325/1943.jpg,WCS Camera Traps : 3e189ef7-92d5-11e9-8865-000d3a74c7de,WCS Camera Traps : idn-001-d0159-6,WCS Camera Traps : 1815,2,asian elephant,08-31-1999 14:03:00,9,train
https://storage.googleapis.com/public-datasets-lila/wcs-unzipped/animals/0325/1987.jpg,WCS Camera Traps : 3e1a9aae-92d5-11e9-a559-000d3a74c7de,WCS Camera Traps : idn-001-d0171-5,WCS Camera Traps : 1818,1,asian elephant,08-23-1999 22:52:00,9,train
https://storage.googleapis.com/public-datasets-lila/wcs-unzipped/animals/0325/1988.jpg,WCS Camera Traps : 3e1a9ab0-92d5-11e9-9fdf-000d3a74c7de,WCS Camera Traps : idn-001-d0171-5,WCS Camera Traps : 1818,2,asian elephant,08-23-1999 22:53:00,9,train
https://storage.googleapis.com/public-datasets-lila/wcs-unzipped/animals/0325/1989.jpg,WCS Camera Traps : 3e1a9ab2-92d5-11e9-95d8-000d3a74c7de,WCS Camera Traps : idn-001-d0171-5,WCS Camera Traps : 1818,10,asian elephant,08-23-1999 22:55:00,9,train
https://storage.googleapis.com/public-datasets-lila/wcs-unzipped/animals/0325/1990.jpg,WCS Camera Traps : 3e1a9ab4-92d5-11e9-b12c-000d3a74c7de,WCS Camera Traps : idn-001-d0171-5,WCS Camera Traps : 1818,14,asian elephant,08-23-1999 22:57:00,9,train
https://storage.googleapis.com/public-datasets-lila/wcs-unzipped/animals/0326/0209.jpg,WCS Camera Traps : 3e24fb1e-92d5-11e9-8c6e-000d3a74c7de,WCS Camera Traps : idn-001-d0154-29,WCS Camera Traps : 1833,1,asian elephant,09-02-1999 15:18:00,9,train
https://storage.googleapis.com/public-datasets-lila/wcs-unzipped/animals/0326/0210.jpg,WCS Camera Traps : 3e24fb20-92d5-11e9-8f40-000d3a74c7de,WCS Camera Traps : idn-001-d0154-29,WCS Camera Traps : 1833,2,asian elephant,09-02-1999 15:18:00,9,train
https://storage.googleapis.com/public-datasets-lila/wcs-unzipped/animals/0326/0213.jpg,WCS Camera Traps : 3e25222b-92d5-11e9-854b-000d3a74c7de,WCS Camera Traps : idn-001-d0155-6,WCS Camera Traps : 1830,1,asian elephant,08-18-1999 16:45:00,9,train
https://storage.googleapis.com/public-datasets-lila/wcs-unzipped/animals/0326/0214.jpg,WCS Camera Traps : 3e25222d-92d5-11e9-9f3c-000d3a74c7de,WCS Camera Traps : idn-001-d0155-6,WCS Camera Traps : 1830,2,asian elephant,08-18-1999 16:46:00,9,train
https://storage.googleapis.com/public-datasets-lila/wcs-unzipped/animals/0326/0215.jpg,WCS Camera Traps : 3e25492e-92d5-11e9-b773-000d3a74c7de,WCS Camera Traps : idn-001-d0155-6,WCS Camera Traps : 1830,3,asian elephant,08-18-1999 16:47:00,9,train
https://storage.googleapis.com/public-datasets-lila/wcs-unzipped/animals/0326/0216.jpg,WCS Camera Traps : 3e254930-92d5-11e9-b771-000d3a74c7de,WCS Camera Traps : idn-001-d0155-9,WCS Camera Traps : 1830,1,asian elephant,08-18-1999 16:54:00,9,train
https://storage.googleapis.com/public-datasets-lila/wcs-unzipped/animals/0326/0217.jpg,WCS Camera Traps : 3e254932-92d5-11e9-bec5-000d3a74c7de,WCS Camera Traps : idn-001-d0155-10,WCS Camera Traps : 1830,1,asian elephant,08-18-1999 17:33:00,9,train
https://storage.googleapis.com/public-datasets-lila/wcs-unzipped/animals/0326/0218.jpg,WCS Camera Traps : 3e254934-92d5-11e9-934f-000d3a74c7de,WCS Camera Traps : idn-001-d0155-11,WCS Camera Traps : 1830,1,asian elephant,08-18-1999 18:54:00,9,train
https://storage.googleapis.com/public-datasets-lila/wcs-unzipped/animals/0326/0219.jpg,WCS Camera Traps : 3e2570b7-92d5-11e9-9a9d-000d3a74c7de,WCS Camera Traps : idn-001-d0155-3,WCS Camera Traps : 1830,1,asian elephant,08-18-1999 14:01:00,9,train
https://storage.googleapis.com/public-datasets-lila/wcs-unzipped/animals/0326/0220.jpg,WCS Camera Traps : 3e2570b9-92d5-11e9-97b5-000d3a74c7de,WCS Camera Traps : idn-001-d0155-4,WCS Camera Traps : 1830,1,asian elephant,08-18-1999 14:51:00,9,train
https://storage.googleapis.com/public-datasets-lila/wcs-unzipped/animals/0326/0221.jpg,WCS Camera Traps : 3e2570bb-92d5-11e9-ba98-000d3a74c7de,WCS Camera Traps : idn-001-d0155-4,WCS Camera Traps : 1830,2,asian elephant,08-18-1999 14:52:00,9,train
https://storage.googleapis.com/public-datasets-lila/wcs-unzipped/animals/0326/0223.jpg,WCS Camera Traps : 3e259764-92d5-11e9-b380-000d3a74c7de,WCS Camera Traps : idn-001-d0168-3,WCS Camera Traps : 1834,1,asian elephant,08-21-1999 17:08:00,9,train
https://storage.googleapis.com/public-datasets-lila/wcs-unzipped/animals/0326/0224.jpg,WCS Camera Traps : 3e259766-92d5-11e9-be2c-000d3a74c7de,WCS Camera Traps : idn-001-d0168-3,WCS Camera Traps : 1834,2,asian elephant,08-21-1999 17:09:00,9,train
https://storage.googleapis.com/public-datasets-lila/wcs-unzipped/animals/0326/0225.jpg,WCS Camera Traps : 3e259768-92d5-11e9-b753-000d3a74c7de,WCS Camera Traps : idn-001-d0168-2,WCS Camera Traps : 1834,1,asian elephant,08-21-1999 00:00:00,9,train
https://storage.googleapis.com/public-datasets-lila/wcs-unzipped/animals/0326/0226.jpg,WCS Camera Traps : 3e25be35-92d5-11e9-a3ee-000d3a74c7de,WCS Camera Traps : idn-001-d0168-2,WCS Camera Traps : 1834,2,asian elephant,08-21-1999 00:00:00,9,train
https://storage.googleapis.com/public-datasets-lila/wcs-unzipped/animals/0326/0227.jpg,WCS Camera Traps : 3e25be37-92d5-11e9-ab1c-000d3a74c7de,WCS Camera Traps : idn-001-d0168-5,WCS Camera Traps : 1834,1,asian elephant,08-21-1999 17:18:00,9,train
https://storage.googleapis.com/public-datasets-lila/wcs-unzipped/animals/0326/0228.jpg,WCS Camera Traps : 3e25be39-92d5-11e9-82ce-000d3a74c7de,WCS Camera Traps : idn-001-d0168-5,WCS Camera Traps : 1834,2,asian elephant,08-21-1999 17:19:00,9,train
https://storage.googleapis.com/public-datasets-lila/wcs-unzipped/animals/0326/0229.jpg,WCS Camera Traps : 3e25e568-92d5-11e9-b261-000d3a74c7de,WCS Camera Traps : idn-001-d0168-5,WCS Camera Traps : 1834,3,asian elephant,08-21-1999 17:19:00,9,train
https://storage.googleapis.com/public-datasets-lila/wcs-unzipped/animals/0326/0230.jpg,WCS Camera Traps : 3e25e56a-92d5-11e9-8096-000d3a74c7de,WCS Camera Traps : idn-001-d0168-5,WCS Camera Traps : 1834,4,asian elephant,08-21-1999 17:20:00,9,train
https://storage.googleapis.com/public-datasets-lila/wcs-unzipped/animals/0326/0231.jpg,WCS Camera Traps : 3e25e56c-92d5-11e9-9423-000d3a74c7de,WCS Camera Traps : idn-001-d0168-8,WCS Camera Traps : 1834,1,asian elephant,08-21-1999 17:22:00,9,train
https://storage.googleapis.com/public-datasets-lila/wcs-unzipped/animals/0326/0232.jpg,WCS Camera Traps : 3e25e56e-92d5-11e9-81b2-000d3a74c7de,WCS Camera Traps : idn-001-d0168-2,WCS Camera Traps : 1834,3,asian elephant,08-21-1999 00:00:00,9,train
https://storage.googleapis.com/public-datasets-lila/wcs-unzipped/animals/0326/0233.jpg,WCS Camera Traps : 3e260c75-92d5-11e9-99d0-000d3a74c7de,WCS Camera Traps : idn-001-d0168-12,WCS Camera Traps : 1834,5,asian elephant,08-21-1999 18:36:00,9,train
https://storage.googleapis.com/public-datasets-lila/wcs-unzipped/animals/0326/0234.jpg,WCS Camera Traps : 3e260c77-92d5-11e9-a754-000d3a74c7de,WCS Camera Traps : idn-001-d0168-12,WCS Camera Traps : 1834,13,asian elephant,08-21-1999 18:40:00,9,train
https://storage.googleapis.com/public-datasets-lila/wcs-unzipped/animals/0326/0235.jpg,WCS Camera Traps : 3e260c79-92d5-11e9-b28c-000d3a74c7de,WCS Camera Traps : idn-001-d0168-12,WCS Camera Traps : 1834,14,asian elephant,08-21-1999 18:40:00,9,train
https://storage.googleapis.com/public-datasets-lila/wcs-unzipped/animals/0326/0236.jpg,WCS Camera Traps : 3e26334a-92d5-11e9-a97a-000d3a74c7de,WCS Camera Traps : idn-001-d0168-12,WCS Camera Traps : 1834,15,asian elephant,08-21-1999 18:40:00,9,train
https://storage.googleapis.com/public-datasets-lila/wcs-unzipped/animals/0326/0242.jpg,WCS Camera Traps : 3e265a85-92d5-11e9-8a25-000d3a74c7de,WCS Camera Traps : idn-001-d0153-5,WCS Camera Traps : 1836,1,asian elephant,08-19-1999 16:31:00,9,train
https://storage.googleapis.com/public-datasets-lila/wcs-unzipped/animals/0326/0243.jpg,WCS Camera Traps : 3e2681c0-92d5-11e9-9d43-000d3a74c7de,WCS Camera Traps : idn-001-d0153-5,WCS Camera Traps : 1836,2,asian elephant,08-19-1999 16:31:00,9,train
https://storage.googleapis.com/public-datasets-lila/wcs-unzipped/animals/0326/0244.jpg,WCS Camera Traps : 3e2681c2-92d5-11e9-8698-000d3a74c7de,WCS Camera Traps : idn-001-d0153-5,WCS Camera Traps : 1836,3,asian elephant,08-19-1999 16:31:00,9,train
https://storage.googleapis.com/public-datasets-lila/wcs-unzipped/animals/0326/0245.jpg,WCS Camera Traps : 3e2681c4-92d5-11e9-ad8d-000d3a74c7de,WCS Camera Traps : idn-001-d0153-5,WCS Camera Traps : 1836,4,asian elephant,08-19-1999 16:31:00,9,train
https://storage.googleapis.com/public-datasets-lila/wcs-unzipped/animals/0326/0246.jpg,WCS Camera Traps : 3e26a8dc-92d5-11e9-9740-000d3a74c7de,WCS Camera Traps : idn-001-d0153-5,WCS Camera Traps : 1836,5,asian elephant,08-19-1999 16:32:00,9,train
https://storage.googleapis.com/public-datasets-lila/wcs-unzipped/animals/0326/0247.jpg,WCS Camera Traps : 3e26a8de-92d5-11e9-9ea6-000d3a74c7de,WCS Camera Traps : idn-001-d0153-7,WCS Camera Traps : 1836,1,asian elephant,08-19-1999 16:39:00,9,train
https://storage.googleapis.com/public-datasets-lila/wcs-unzipped/animals/0326/0248.jpg,WCS Camera Traps : 3e26a8e0-92d5-11e9-8784-000d3a74c7de,WCS Camera Traps : idn-001-d0153-7,WCS Camera Traps : 1836,2,asian elephant,08-19-1999 16:40:00,9,train
https://storage.googleapis.com/public-datasets-lila/wcs-unzipped/animals/0326/0249.jpg,WCS Camera Traps : 3e26a8e2-92d5-11e9-b378-000d3a74c7de,WCS Camera Traps : idn-001-d0153-7,WCS Camera Traps : 1836,3,asian elephant,08-19-1999 16:40:00,9,train
https://storage.googleapis.com/public-datasets-lila/wcs-unzipped/animals/0326/0250.jpg,WCS Camera Traps : 3e26cf9e-92d5-11e9-928c-000d3a74c7de,WCS Camera Traps : idn-001-d0153-10,WCS Camera Traps : 1836,1,asian elephant,08-19-1999 16:47:00,9,train
https://storage.googleapis.com/public-datasets-lila/wcs-unzipped/animals/0326/0251.jpg,WCS Camera Traps : 3e26cfa0-92d5-11e9-925f-000d3a74c7de,WCS Camera Traps : idn-001-d0153-10,WCS Camera Traps : 1836,2,asian elephant,08-19-1999 16:47:00,9,train
https://storage.googleapis.com/public-datasets-lila/wcs-unzipped/animals/0326/0252.jpg,WCS Camera Traps : 3e26cfa2-92d5-11e9-902d-000d3a74c7de,WCS Camera Traps : idn-001-d0153-11,WCS Camera Traps : 1836,1,asian elephant,08-19-1999 18:10:00,9,train
https://storage.googleapis.com/public-datasets-lila/wcs-unzipped/animals/0326/0253.jpg,WCS Camera Traps : 3e26f6e4-92d5-11e9-87f1-000d3a74c7de,WCS Camera Traps : idn-001-d0153-1,WCS Camera Traps : 1836,1,asian elephant,,9,train
https://storage.googleapis.com/public-datasets-lila/wcs-unzipped/animals/0326/0261.jpg,WCS Camera Traps : 3e2744bb-92d5-11e9-bb82-000d3a74c7de,WCS Camera Traps : idn-001-d0154-29,WCS Camera Traps : 1833,3,asian elephant,09-02-1999 15:19:00,9,train
https://storage.googleapis.com/public-datasets-lila/wcs-unzipped/animals/0326/0262.jpg,WCS Camera Traps : 3e2744bd-92d5-11e9-9ab9-000d3a74c7de,WCS Camera Traps : idn-001-d0154-29,WCS Camera Traps : 1833,4,asian elephant,09-02-1999 15:19:00,9,train
https://storage.googleapis.com/public-datasets-lila/wcs-unzipped/animals/0326/0263.jpg,WCS Camera Traps : 3e2744bf-92d5-11e9-ace2-000d3a74c7de,WCS Camera Traps : idn-001-d0154-29,WCS Camera Traps : 1833,5,asian elephant,09-02-1999 15:20:00,9,train
https://storage.googleapis.com/public-datasets-lila/wcs-unzipped/animals/0326/0264.jpg,WCS Camera Traps : 3e276bf5-92d5-11e9-b51f-000d3a74c7de,WCS Camera Traps : idn-001-d0154-29,WCS Camera Traps : 1833,6,asian elephant,09-02-1999 15:20:00,9,train
https://storage.googleapis.com/public-datasets-lila/wcs-unzipped/animals/0326/0265.jpg,WCS Camera Traps : 3e276bf7-92d5-11e9-b8c0-000d3a74c7de,WCS Camera Traps : idn-001-d0154-29,WCS Camera Traps : 1833,7,asian elephant,09-02-1999 15:20:00,9,train
https://storage.googleapis.com/public-datasets-lila/wcs-unzipped/animals/0326/1359.jpg,WCS Camera Traps : 3e59517b-92d5-11e9-878b-000d3a74c7de,WCS Camera Traps : idn-001-d0392-2,WCS Camera Traps : 1920,1,asian elephant,09-23-2000 23:35:00,9,train
https://storage.googleapis.com/public-datasets-lila/wcs-unzipped/animals/0326/1360.jpg,WCS Camera Traps : 3e597892-92d5-11e9-bd1b-000d3a74c7de,WCS Camera Traps : idn-001-d0392-2,WCS Camera Traps : 1920,2,asian elephant,09-23-2000 23:36:00,9,train
https://storage.googleapis.com/public-datasets-lila/wcs-unzipped/animals/0326/1361.jpg,WCS Camera Traps : 3e597894-92d5-11e9-b72b-000d3a74c7de,WCS Camera Traps : idn-001-d0392-2,WCS Camera Traps : 1920,3,asian elephant,09-23-2000 23:37:00,9,train
https://storage.googleapis.com/public-datasets-lila/wcs-unzipped/animals/0326/1362.jpg,WCS Camera Traps : 3e597896-92d5-11e9-ad80-000d3a74c7de,WCS Camera Traps : idn-001-d0392-5,WCS Camera Traps : 1920,1,asian elephant,09-23-2000 23:43:00,9,train
https://storage.googleapis.com/public-datasets-lila/wcs-unzipped/animals/0326/1363.jpg,WCS Camera Traps : 3e597898-92d5-11e9-8ba2-000d3a74c7de,WCS Camera Traps : idn-001-d0392-5,WCS Camera Traps : 1920,2,asian elephant,09-23-2000 23:44:00,9,train
https://storage.googleapis.com/public-datasets-lila/wcs-unzipped/animals/0326/1364.jpg,WCS Camera Traps : 3e599f93-92d5-11e9-a5fe-000d3a74c7de,WCS Camera Traps : idn-001-d0392-7,WCS Camera Traps : 1920,1,asian elephant,09-24-2000 00:04:00,9,train
https://storage.googleapis.com/public-datasets-lila/wcs-unzipped/animals/0326/1404.jpg,WCS Camera Traps : 3e5b7451-92d5-11e9-977a-000d3a74c7de,WCS Camera Traps : idn-001-d0399-5,WCS Camera Traps : 1923,1,asian elephant,09-29-2000 14:38:00,9,train
https://storage.googleapis.com/public-datasets-lila/wcs-unzipped/animals/0326/1405.jpg,WCS Camera Traps : 3e5b7453-92d5-11e9-8ec8-000d3a74c7de,WCS Camera Traps : idn-001-d0399-5,WCS Camera Traps : 1923,2,asian elephant,09-29-2000 14:39:00,9,train
https://storage.googleapis.com/public-datasets-lila/wcs-unzipped/animals/0326/1406.jpg,WCS Camera Traps : 3e5b7455-92d5-11e9-988c-000d3a74c7de,WCS Camera Traps : idn-001-d0399-5,WCS Camera Traps : 1923,3,asian elephant,09-29-2000 14:40:00,9,train
https://storage.googleapis.com/public-datasets-lila/wcs-unzipped/animals/0326/1407.jpg,WCS Camera Traps : 3e5b9b64-92d5-11e9-9c9f-000d3a74c7de,WCS Camera Traps : idn-001-d0399-8,WCS Camera Traps : 1923,1,asian elephant,09-29-2000 14:42:00,9,train
https://storage.googleapis.com/public-datasets-lila/wcs-unzipped/animals/0326/1408.jpg,WCS Camera Traps : 3e5b9b66-92d5-11e9-b263-000d3a74c7de,WCS Camera Traps : idn-001-d0399-8,WCS Camera Traps : 1923,2,asian elephant,09-29-2000 14:43:00,9,train
https://storage.googleapis.com/public-datasets-lila/wcs-unzipped/animals/0326/1409.jpg,WCS Camera Traps : 3e5b9b68-92d5-11e9-82a0-000d3a74c7de,WCS Camera Traps : idn-001-d0399-8,WCS Camera Traps : 1923,3,asian elephant,09-29-2000 14:44:00,9,train
https://storage.googleapis.com/public-datasets-lila/wcs-unzipped/animals/0326/1410.jpg,WCS Camera Traps : 3e5bc26e-92d5-11e9-be28-000d3a74c7de,WCS Camera Traps : idn-001-d0399-8,WCS Camera Traps : 1923,4,asian elephant,09-29-2000 14:45:00,9,train
https://storage.googleapis.com/public-datasets-lila/wcs-unzipped/animals/0326/1440.jpg,WCS Camera Traps : 3e5d2200-92d5-11e9-b662-000d3a74c7de,WCS Camera Traps : idn-001-d0363-6,WCS Camera Traps : 1923,1,asian elephant,09-29-2000 14:42:00,9,train
https://storage.googleapis.com/public-datasets-lila/wcs-unzipped/animals/0326/1441.jpg,WCS Camera Traps : 3e5d2202-92d5-11e9-8494-000d3a74c7de,WCS Camera Traps : idn-001-d0363-6,WCS Camera Traps : 1923,2,asian elephant,09-29-2000 14:42:00,9,train
https://storage.googleapis.com/public-datasets-lila/wcs-unzipped/animals/0326/1442.jpg,WCS Camera Traps : 3e5d2204-92d5-11e9-b6a8-000d3a74c7de,WCS Camera Traps : idn-001-d0363-6,WCS Camera Traps : 1923,3,asian elephant,09-29-2000 14:43:00,9,train
https://storage.googleapis.com/public-datasets-lila/wcs-unzipped/animals/0326/1443.jpg,WCS Camera Traps : 3e5d4912-92d5-11e9-ae56-000d3a74c7de,WCS Camera Traps : idn-001-d0363-8,WCS Camera Traps : 1923,1,asian elephant,09-29-2000 14:45:00,9,train
https://storage.googleapis.com/public-datasets-lila/wcs-unzipped/animals/0326/1651.jpg,WCS Camera Traps : 3e6670f4-92d5-11e9-aa69-000d3a74c7de,WCS Camera Traps : idn-001-d0379-3,WCS Camera Traps : 1937,1,asian elephant,10-17-2000 13:07:00,9,train
https://storage.googleapis.com/public-datasets-lila/wcs-unzipped/animals/0326/1652.jpg,WCS Camera Traps : 3e6697fa-92d5-11e9-9597-000d3a74c7de,WCS Camera Traps : idn-001-d0379-4,WCS Camera Traps : 1937,1,asian elephant,10-17-2000 13:17:00,9,train
https://storage.googleapis.com/public-datasets-lila/wcs-unzipped/animals/0326/1653.jpg,WCS Camera Traps : 3e6697fc-92d5-11e9-9c3d-000d3a74c7de,WCS Camera Traps : idn-001-d0379-5,WCS Camera Traps : 1937,1,asian elephant,10-17-2000 13:45:00,9,train
https://storage.googleapis.com/public-datasets-lila/wcs-unzipped/animals/0326/1654.jpg,WCS Camera Traps : 3e6697fe-92d5-11e9-bd32-000d3a74c7de,WCS Camera Traps : idn-001-d0379-6,WCS Camera Traps : 1937,1,asian elephant,10-17-2000 14:20:00,9,train
https://storage.googleapis.com/public-datasets-lila/wcs-unzipped/animals/0326/1716.jpg,WCS Camera Traps : 3e69cc3a-92d5-11e9-8b38-000d3a74c7de,WCS Camera Traps : idn-001-d0414-1,WCS Camera Traps : 1937,6,asian elephant,,9,train
https://storage.googleapis.com/public-datasets-lila/wcs-unzipped/animals/0326/1717.jpg,WCS Camera Traps : 3e69cc3c-92d5-11e9-9d03-000d3a74c7de,WCS Camera Traps : idn-001-d0414-2,WCS Camera Traps : 1937,1,asian elephant,10-17-2000 14:15:00,9,train
https://storage.googleapis.com/public-datasets-lila/wcs-unzipped/animals/0326/1718.jpg,WCS Camera Traps : 3e69f398-92d5-11e9-afce-000d3a74c7de,WCS Camera Traps : idn-001-d0414-3,WCS Camera Traps : 1937,1,asian elephant,10-17-2000 14:20:00,9,train
https://storage.googleapis.com/public-datasets-lila/wcs-unzipped/animals/0327/0077.jpg,WCS Camera Traps : 3e7a9562-92d5-11e9-817c-000d3a74c7de,WCS Camera Traps : idn-001-d0416-5,WCS Camera Traps : 1945,1,asian elephant,01-29-2001 09:17:00,9,train
https://storage.googleapis.com/public-datasets-lila/wcs-unzipped/animals/0327/0078.jpg,WCS Camera Traps : 3e7a9564-92d5-11e9-8dd8-000d3a74c7de,WCS Camera Traps : idn-001-d0416-5,WCS Camera Traps : 1945,2,asian elephant,01-29-2001 09:18:00,9,train
https://storage.googleapis.com/public-datasets-lila/wcs-unzipped/animals/0327/0079.jpg,WCS Camera Traps : 3e7abc3b-92d5-11e9-bbb8-000d3a74c7de,WCS Camera Traps : idn-001-d0416-7,WCS Camera Traps : 1945,1,asian elephant,01-29-2001 09:24:00,9,train
https://storage.googleapis.com/public-datasets-lila/wcs-unzipped/animals/0327/0080.jpg,WCS Camera Traps : 3e7abc3d-92d5-11e9-8917-000d3a74c7de,WCS Camera Traps : idn-001-d0416-7,WCS Camera Traps : 1945,2,asian elephant,01-29-2001 09:24:00,9,train
https://storage.googleapis.com/public-datasets-lila/wcs-unzipped/animals/0327/0198.jpg,WCS Camera Traps : 3e7fec3a-92d5-11e9-b3f3-000d3a74c7de,WCS Camera Traps : idn-001-d0372-14,WCS Camera Traps : 1955,1,asian elephant,01-28-2001 09:24:00,9,train
https://storage.googleapis.com/public-datasets-lila/wcs-unzipped/animals/0327/0199.jpg,WCS Camera Traps : 3e7fec3c-92d5-11e9-8a56-000d3a74c7de,WCS Camera Traps : idn-001-d0372-15,WCS Camera Traps : 1955,1,asian elephant,01-28-2001 09:29:00,9,train
https://storage.googleapis.com/public-datasets-lila/wcs-unzipped/animals/0327/0200.jpg,WCS Camera Traps : 3e801338-92d5-11e9-8007-000d3a74c7de,WCS Camera Traps : idn-001-d0372-16,WCS Camera Traps : 1955,1,asian elephant,01-28-2001 09:33:00,9,train
https://storage.googleapis.com/public-datasets-lila/wcs-unzipped/animals/0327/0347.jpg,WCS Camera Traps : 3e867bd7-92d5-11e9-8c65-000d3a74c7de,WCS Camera Traps : idn-001-d0375-2,WCS Camera Traps : 1965,1,asian elephant,12-06-2000 18:52:00,9,train
https://storage.googleapis.com/public-datasets-lila/wcs-unzipped/animals/0327/0355.jpg,WCS Camera Traps : 3e86ca21-92d5-11e9-8b79-000d3a74c7de,WCS Camera Traps : idn-001-d0350-2,WCS Camera Traps : 1965,1,asian elephant,12-06-2000 17:40:00,9,train
https://storage.googleapis.com/public-datasets-lila/wcs-unzipped/animals/0327/0356.jpg,WCS Camera Traps : 3e86f112-92d5-11e9-a044-000d3a74c7de,WCS Camera Traps : idn-001-d0350-3,WCS Camera Traps : 1965,1,asian elephant,12-06-2000 17:42:00,9,train
https://storage.googleapis.com/public-datasets-lila/wcs-unzipped/animals/0327/0357.jpg,WCS Camera Traps : 3e86f114-92d5-11e9-8d6d-000d3a74c7de,WCS Camera Traps : idn-001-d0350-3,WCS Camera Traps : 1965,2,asian elephant,12-06-2000 17:42:00,9,train
https://storage.googleapis.com/public-datasets-lila/wcs-unzipped/animals/0327/0358.jpg,WCS Camera Traps : 3e86f116-92d5-11e9-a153-000d3a74c7de,WCS Camera Traps : idn-001-d0350-4,WCS Camera Traps : 1965,1,asian elephant,12-06-2000 18:28:00,9,train
https://storage.googleapis.com/public-datasets-lila/wcs-unzipped/animals/0327/0359.jpg,WCS Camera Traps : 3e86f118-92d5-11e9-a92d-000d3a74c7de,WCS Camera Traps : idn-001-d0350-5,WCS Camera Traps : 1965,1,asian elephant,12-06-2000 20:02:00,9,train
https://storage.googleapis.com/public-datasets-lila/wcs-unzipped/animals/0327/0360.jpg,WCS Camera Traps : 3e87181d-92d5-11e9-bbce-000d3a74c7de,WCS Camera Traps : idn-001-d0350-5,WCS Camera Traps : 1965,2,asian elephant,12-06-2000 20:03:00,9,train
https://storage.googleapis.com/public-datasets-lila/wcs-unzipped/animals/0327/0361.jpg,WCS Camera Traps : 3e87181f-92d5-11e9-adee-000d3a74c7de,WCS Camera Traps : idn-001-d0350-5,WCS Camera Traps : 1965,3,asian elephant,12-06-2000 20:04:00,9,train
https://storage.googleapis.com/public-datasets-lila/wcs-unzipped/animals/0327/0362.jpg,WCS Camera Traps : 3e871821-92d5-11e9-b676-000d3a74c7de,WCS Camera Traps : idn-001-d0350-5,WCS Camera Traps : 1965,4,asian elephant,12-06-2000 20:05:00,9,train
https://storage.googleapis.com/public-datasets-lila/wcs-unzipped/animals/0327/0363.jpg,WCS Camera Traps : 3e873f68-92d5-11e9-88a1-000d3a74c7de,WCS Camera Traps : idn-001-d0350-5,WCS Camera Traps : 1965,5,asian elephant,12-06-2000 20:06:00,9,train
https://storage.googleapis.com/public-datasets-lila/wcs-unzipped/animals/0327/0364.jpg,WCS Camera Traps : 3e87b4a4-92d5-11e9-9482-000d3a74c7de,WCS Camera Traps : idn-001-d0350-5,WCS Camera Traps : 1965,6,asian elephant,12-06-2000 20:06:00,9,train
https://storage.googleapis.com/public-datasets-lila/wcs-unzipped/animals/0327/0443.jpg,WCS Camera Traps : 3e8b3722-92d5-11e9-b290-000d3a74c7de,WCS Camera Traps : idn-001-d0369-2,WCS Camera Traps : 1969,1,asian elephant,12-09-2000 06:13:00,9,train
https://storage.googleapis.com/public-datasets-lila/wcs-unzipped/animals/0327/0444.jpg,WCS Camera Traps : 3e8b3724-92d5-11e9-bfc1-000d3a74c7de,WCS Camera Traps : idn-001-d0369-3,WCS Camera Traps : 1969,1,asian elephant,12-11-2000 05:42:00,9,train
https://storage.googleapis.com/public-datasets-lila/wcs-unzipped/animals/0327/0445.jpg,WCS Camera Traps : 3e8b3726-92d5-11e9-b4c5-000d3a74c7de,WCS Camera Traps : idn-001-d0369-3,WCS Camera Traps : 1969,2,asian elephant,12-11-2000 05:42:00,9,train
https://storage.googleapis.com/public-datasets-lila/wcs-unzipped/animals/0327/0504.jpg,WCS Camera Traps : 3e8dcf1f-92d5-11e9-bd8a-000d3a74c7de,WCS Camera Traps : idn-001-d0366-4,WCS Camera Traps : 1971,1,asian elephant,12-01-2000 10:20:00,9,train
https://storage.googleapis.com/public-datasets-lila/wcs-unzipped/animals/0327/0513.jpg,WCS Camera Traps : 3e8e4468-92d5-11e9-9c26-000d3a74c7de,WCS Camera Traps : idn-001-d0366-13,WCS Camera Traps : 1971,1,asian elephant,12-10-2000 19:07:00,9,train
https://storage.googleapis.com/public-datasets-lila/wcs-unzipped/animals/0327/0514.jpg,WCS Camera Traps : 3e8e446a-92d5-11e9-983f-000d3a74c7de,WCS Camera Traps : idn-001-d0366-13,WCS Camera Traps : 1971,2,asian elephant,12-10-2000 19:08:00,9,train
https://storage.googleapis.com/public-datasets-lila/wcs-unzipped/animals/0327/0515.jpg,WCS Camera Traps : 3e8e446c-92d5-11e9-a173-000d3a74c7de,WCS Camera Traps : idn-001-d0366-13,WCS Camera Traps : 1971,3,asian elephant,12-10-2000 19:08:00,9,train
https://storage.googleapis.com/public-datasets-lila/wcs-unzipped/animals/0327/0516.jpg,WCS Camera Traps : 3e8e446e-92d5-11e9-865f-000d3a74c7de,WCS Camera Traps : idn-001-d0366-13,WCS Camera Traps : 1971,4,asian elephant,12-10-2000 19:09:00,9,train
https://storage.googleapis.com/public-datasets-lila/wcs-unzipped/animals/0327/0517.jpg,WCS Camera Traps : 3e8e6b2e-92d5-11e9-8642-000d3a74c7de,WCS Camera Traps : idn-001-d0366-13,WCS Camera Traps : 1971,5,asian elephant,12-10-2000 19:10:00,9,train
https://storage.googleapis.com/public-datasets-lila/wcs-unzipped/animals/0327/0518.jpg,WCS Camera Traps : 3e8e6b30-92d5-11e9-94b7-000d3a74c7de,WCS Camera Traps : idn-001-d0366-13,WCS Camera Traps : 1971,6,asian elephant,12-10-2000 19:11:00,9,train
https://storage.googleapis.com/public-datasets-lila/wcs-unzipped/animals/0327/0519.jpg,WCS Camera Traps : 3e8e6b32-92d5-11e9-98c5-000d3a74c7de,WCS Camera Traps : idn-001-d0366-18,WCS Camera Traps : 1971,1,asian elephant,12-10-2000 19:13:00,9,train
https://storage.googleapis.com/public-datasets-lila/wcs-unzipped/animals/0327/0621.jpg,WCS Camera Traps : 3e92d82a-92d5-11e9-bd0a-000d3a74c7de,WCS Camera Traps : idn-001-d0438-3,WCS Camera Traps : 1983,1,asian elephant,03-12-2001 20:00:00,9,train
https://storage.googleapis.com/public-datasets-lila/wcs-unzipped/animals/0327/0622.jpg,WCS Camera Traps : 3e92d82c-92d5-11e9-a4f6-000d3a74c7de,WCS Camera Traps : idn-001-d0438-4,WCS Camera Traps : 1983,1,asian elephant,03-12-2001 20:03:00,9,train
https://storage.googleapis.com/public-datasets-lila/wcs-unzipped/animals/0327/0626.jpg,WCS Camera Traps : 3e92ff60-92d5-11e9-ab54-000d3a74c7de,WCS Camera Traps : idn-001-d0438-4,WCS Camera Traps : 1983,5,asian elephant,03-12-2001 20:04:00,9,train
https://storage.googleapis.com/public-datasets-lila/wcs-unzipped/animals/0327/0645.jpg,WCS Camera Traps : 3e93e978-92d5-11e9-b222-000d3a74c7de,WCS Camera Traps : idn-001-d0438-25,WCS Camera Traps : 1983,1,asian elephant,03-19-2001 10:15:00,9,train
https://storage.googleapis.com/public-datasets-lila/wcs-unzipped/animals/0327/1009.jpg,WCS Camera Traps : 3ea41658-92d5-11e9-98f1-000d3a74c7de,WCS Camera Traps : idn-001-d0524-2,WCS Camera Traps : 2001,1,asian elephant,04-08-2001 06:37:00,9,test
https://storage.googleapis.com/public-datasets-lila/wcs-unzipped/animals/0327/1010.jpg,WCS Camera Traps : 3ea43d50-92d5-11e9-8806-000d3a74c7de,WCS Camera Traps : idn-001-d0524-3,WCS Camera Traps : 2001,1,asian elephant,04-08-2001 08:57:00,9,test
https://storage.googleapis.com/public-datasets-lila/wcs-unzipped/animals/0327/1011.jpg,WCS Camera Traps : 3ea43d52-92d5-11e9-af4c-000d3a74c7de,WCS Camera Traps : idn-001-d0524-3,WCS Camera Traps : 2001,2,asian elephant,04-08-2001 08:58:00,9,test
https://storage.googleapis.com/public-datasets-lila/wcs-unzipped/animals/0327/1071.jpg,WCS Camera Traps : 3ea74a6c-92d5-11e9-b6bf-000d3a74c7de,WCS Camera Traps : idn-001-d0512-3,WCS Camera Traps : 2004,1,asian elephant,04-14-2001 00:32:00,9,val
https://storage.googleapis.com/public-datasets-lila/wcs-unzipped/animals/0327/1072.jpg,WCS Camera Traps : 3ea74a6e-92d5-11e9-842a-000d3a74c7de,WCS Camera Traps : idn-001-d0512-4,WCS Camera Traps : 2004,1,asian elephant,04-14-2001 00:38:00,9,val
https://storage.googleapis.com/public-datasets-lila/wcs-unzipped/animals/0327/1086.jpg,WCS Camera Traps : 3ea7e6f1-92d5-11e9-8f87-000d3a74c7de,WCS Camera Traps : idn-001-d0536-7,WCS Camera Traps : 2005,1,asian elephant,04-20-2001 15:32:00,9,test
https://storage.googleapis.com/public-datasets-lila/wcs-unzipped/animals/0327/1087.jpg,WCS Camera Traps : 3ea7e6f3-92d5-11e9-aa30-000d3a74c7de,WCS Camera Traps : idn-001-d0536-7,WCS Camera Traps : 2005,2,asian elephant,04-20-2001 15:33:00,9,test
https://storage.googleapis.com/public-datasets-lila/wcs-unzipped/animals/0327/1090.jpg,WCS Camera Traps : 3ea80e06-92d5-11e9-a5fa-000d3a74c7de,WCS Camera Traps : idn-001-d0529-2,WCS Camera Traps : 2006,1,asian elephant,04-25-2001 11:00:00,9,train
https://storage.googleapis.com/public-datasets-lila/wcs-unzipped/animals/0327/1091.jpg,WCS Camera Traps : 3ea80e08-92d5-11e9-bbbd-000d3a74c7de,WCS Camera Traps : idn-001-d0529-2,WCS Camera Traps : 2006,2,asian elephant,04-25-2001 11:00:00,9,train
https://storage.googleapis.com/public-datasets-lila/wcs-unzipped/animals/0327/1135.jpg,WCS Camera Traps : 3eaa30d0-92d5-11e9-acd5-000d3a74c7de,WCS Camera Traps : idn-001-d0513-2,WCS Camera Traps : 2014,1,asian elephant,04-14-2001 11:08:00,9,train
https://storage.googleapis.com/public-datasets-lila/wcs-unzipped/animals/0327/1149.jpg,WCS Camera Traps : 3eaa57ca-92d5-11e9-9b16-000d3a74c7de,WCS Camera Traps : idn-001-d0534-3,WCS Camera Traps : 2016,1,asian elephant,04-16-2001 01:42:00,9,val
https://storage.googleapis.com/public-datasets-lila/wcs-unzipped/animals/0327/1150.jpg,WCS Camera Traps : 3eaa57cc-92d5-11e9-8d1f-000d3a74c7de,WCS Camera Traps : idn-001-d0534-3,WCS Camera Traps : 2016,2,asian elephant,04-16-2001 01:43:00,9,val
https://storage.googleapis.com/public-datasets-lila/wcs-unzipped/animals/0327/1151.jpg,WCS Camera Traps : 3eaa57ce-92d5-11e9-9bd6-000d3a74c7de,WCS Camera Traps : idn-001-d0534-3,WCS Camera Traps : 2016,3,asian elephant,04-16-2001 01:43:00,9,val
https://storage.googleapis.com/public-datasets-lila/wcs-unzipped/animals/0327/1152.jpg,WCS Camera Traps : 3eaa57d0-92d5-11e9-abb9-000d3a74c7de,WCS Camera Traps : idn-001-d0534-3,WCS Camera Traps : 2016,4,asian elephant,04-16-2001 01:44:00,9,val
https://storage.googleapis.com/public-datasets-lila/wcs-unzipped/animals/0327/1153.jpg,WCS Camera Traps : 3eaa57d2-92d5-11e9-a5c2-000d3a74c7de,WCS Camera Traps : idn-001-d0534-3,WCS Camera Traps : 2016,5,asian elephant,04-16-2001 01:44:00,9,val
https://storage.googleapis.com/public-datasets-lila/wcs-unzipped/animals/0327/1271.jpg,WCS Camera Traps : 3eaffd6c-92d5-11e9-8236-000d3a74c7de,WCS Camera Traps : idn-001-d0494-9,WCS Camera Traps : 2023,1,asian elephant,05-30-2001 15:32:00,9,train
https://storage.googleapis.com/public-datasets-lila/wcs-unzipped/animals/0327/1749.jpg,WCS Camera Traps : 3ec5f63a-92d5-11e9-a29c-000d3a74c7de,WCS Camera Traps : idn-001-d0456-5,WCS Camera Traps : 2060,1,asian elephant,01-18-2002 20:14:00,9,train
https://storage.googleapis.com/public-datasets-lila/wcs-unzipped/animals/0327/1753.jpg,WCS Camera Traps : 3ec61d0e-92d5-11e9-a341-000d3a74c7de,WCS Camera Traps : idn-001-d0456-9,WCS Camera Traps : 2060,1,asian elephant,01-29-2002 15:44:00,9,train
https://storage.googleapis.com/public-datasets-lila/wcs-unzipped/animals/0328/0055.jpg,WCS Camera Traps : 3ed47528-92d5-11e9-b91b-000d3a74c7de,WCS Camera Traps : idn-001-d0283-2,WCS Camera Traps : 2083,1,asian elephant,03-02-2002 23:29:00,9,train
https://storage.googleapis.com/public-datasets-lila/wcs-unzipped/animals/0328/0134.jpg,WCS Camera Traps : 3ed8baed-92d5-11e9-bb2e-000d3a74c7de,WCS Camera Traps : idn-001-d0488-2,WCS Camera Traps : 2096,1,asian elephant,05-15-2002 18:27:00,9,train
https://storage.googleapis.com/public-datasets-lila/wcs-unzipped/animals/0328/0157.jpg,WCS Camera Traps : 3ed9a52a-92d5-11e9-9859-000d3a74c7de,WCS Camera Traps : idn-001-d0484-17,WCS Camera Traps : 2097,1,asian elephant,05-11-2002 17:38:00,9,train
https://storage.googleapis.com/public-datasets-lila/wcs-unzipped/animals/0328/0158.jpg,WCS Camera Traps : 3ed9cc9a-92d5-11e9-9a6c-000d3a74c7de,WCS Camera Traps : idn-001-d0484-18,WCS Camera Traps : 2097,1,asian elephant,05-11-2002 19:41:00,9,train
https://storage.googleapis.com/public-datasets-lila/wcs-unzipped/animals/0328/0556.jpg,WCS Camera Traps : 3eec1b9f-92d5-11e9-8cf1-000d3a74c7de,WCS Camera Traps : idn-001-d0548-4,WCS Camera Traps : 2125,1,asian elephant,06-18-2002 12:47:00,9,train
https://storage.googleapis.com/public-datasets-lila/wcs-unzipped/animals/0328/0557.jpg,WCS Camera Traps : 3eec42a3-92d5-11e9-ac11-000d3a74c7de,WCS Camera Traps : idn-001-d0548-4,WCS Camera Traps : 2125,2,asian elephant,06-18-2002 12:48:00,9,train
https://storage.googleapis.com/public-datasets-lila/wcs-unzipped/animals/0328/0562.jpg,WCS Camera Traps : 3eec69b4-92d5-11e9-9f17-000d3a74c7de,WCS Camera Traps : idn-001-d0550-4,WCS Camera Traps : 2126,1,asian elephant,06-17-2002 18:16:00,9,train
https://storage.googleapis.com/public-datasets-lila/wcs-unzipped/animals/0328/0563.jpg,WCS Camera Traps : 3eec69b6-92d5-11e9-b6b3-000d3a74c7de,WCS Camera Traps : idn-001-d0550-4,WCS Camera Traps : 2126,2,asian elephant,06-17-2002 18:17:00,9,train
https://storage.googleapis.com/public-datasets-lila/wcs-unzipped/animals/0328/0564.jpg,WCS Camera Traps : 3eec90c1-92d5-11e9-8cb1-000d3a74c7de,WCS Camera Traps : idn-001-d0550-4,WCS Camera Traps : 2126,3,asian elephant,06-17-2002 18:17:00,9,train
https://storage.googleapis.com/public-datasets-lila/wcs-unzipped/animals/0328/0565.jpg,WCS Camera Traps : 3eec90c3-92d5-11e9-86cc-000d3a74c7de,WCS Camera Traps : idn-001-d0550-6,WCS Camera Traps : 2126,1,asian elephant,06-17-2002 18:42:00,9,train
https://storage.googleapis.com/public-datasets-lila/wcs-unzipped/animals/0328/0566.jpg,WCS Camera Traps : 3eec90c5-92d5-11e9-ab76-000d3a74c7de,WCS Camera Traps : idn-001-d0550-6,WCS Camera Traps : 2126,2,asian elephant,06-17-2002 18:43:00,9,train
https://storage.googleapis.com/public-datasets-lila/wcs-unzipped/animals/0328/0567.jpg,WCS Camera Traps : 3eecb7d8-92d5-11e9-9bf8-000d3a74c7de,WCS Camera Traps : idn-001-d0550-6,WCS Camera Traps : 2126,3,asian elephant,06-17-2002 18:44:00,9,train
https://storage.googleapis.com/public-datasets-lila/wcs-unzipped/animals/0328/0568.jpg,WCS Camera Traps : 3eecb7da-92d5-11e9-b37f-000d3a74c7de,WCS Camera Traps : idn-001-d0550-6,WCS Camera Traps : 2126,4,asian elephant,06-17-2002 18:44:00,9,train
https://storage.googleapis.com/public-datasets-lila/wcs-unzipped/animals/0328/0569.jpg,WCS Camera Traps : 3eecb7dc-92d5-11e9-8692-000d3a74c7de,WCS Camera Traps : idn-001-d0550-6,WCS Camera Traps : 2126,5,asian elephant,06-17-2002 18:45:00,9,train
https://storage.googleapis.com/public-datasets-lila/wcs-unzipped/animals/0328/0570.jpg,WCS Camera Traps : 3eecdee4-92d5-11e9-9274-000d3a74c7de,WCS Camera Traps : idn-001-d0550-6,WCS Camera Traps : 2126,6,asian elephant,06-17-2002 18:45:00,9,train
https://storage.googleapis.com/public-datasets-lila/wcs-unzipped/animals/0328/0571.jpg,WCS Camera Traps : 3eecdee6-92d5-11e9-aae0-000d3a74c7de,WCS Camera Traps : idn-001-d0550-10,WCS Camera Traps : 2126,1,asian elephant,06-17-2002 18:54:00,9,train
https://storage.googleapis.com/public-datasets-lila/wcs-unzipped/animals/0328/0572.jpg,WCS Camera Traps : 3eecdee8-92d5-11e9-9430-000d3a74c7de,WCS Camera Traps : idn-001-d0550-10,WCS Camera Traps : 2126,2,asian elephant,06-17-2002 18:55:00,9,train
https://storage.googleapis.com/public-datasets-lila/wcs-unzipped/animals/0328/0573.jpg,WCS Camera Traps : 3eecdeea-92d5-11e9-ac66-000d3a74c7de,WCS Camera Traps : idn-001-d0550-10,WCS Camera Traps : 2126,3,asian elephant,06-17-2002 18:56:00,9,train
https://storage.googleapis.com/public-datasets-lila/wcs-unzipped/animals/0328/0574.jpg,WCS Camera Traps : 3eed05f7-92d5-11e9-ae4b-000d3a74c7de,WCS Camera Traps : idn-001-d0550-10,WCS Camera Traps : 2126,4,asian elephant,06-17-2002 18:56:00,9,train
https://storage.googleapis.com/public-datasets-lila/wcs-unzipped/animals/0328/0575.jpg,WCS Camera Traps : 3eed05f9-92d5-11e9-a698-000d3a74c7de,WCS Camera Traps : idn-001-d0550-10,WCS Camera Traps : 2126,5,asian elephant,06-17-2002 18:57:00,9,train
https://storage.googleapis.com/public-datasets-lila/wcs-unzipped/animals/0328/0576.jpg,WCS Camera Traps : 3eed05fb-92d5-11e9-94ea-000d3a74c7de,WCS Camera Traps : idn-001-d0550-14,WCS Camera Traps : 2126,1,asian elephant,06-17-2002 18:59:00,9,train
https://storage.googleapis.com/public-datasets-lila/wcs-unzipped/animals/0328/0577.jpg,WCS Camera Traps : 3eed2d06-92d5-11e9-9af3-000d3a74c7de,WCS Camera Traps : idn-001-d0550-14,WCS Camera Traps : 2126,2,asian elephant,06-17-2002 19:00:00,9,train
https://storage.googleapis.com/public-datasets-lila/wcs-unzipped/animals/0328/0578.jpg,WCS Camera Traps : 3eed2d08-92d5-11e9-b49a-000d3a74c7de,WCS Camera Traps : idn-001-d0550-16,WCS Camera Traps : 2126,1,asian elephant,06-17-2002 19:07:00,9,train
https://storage.googleapis.com/public-datasets-lila/wcs-unzipped/animals/0328/0579.jpg,WCS Camera Traps : 3eed2d0a-92d5-11e9-8744-000d3a74c7de,WCS Camera Traps : idn-001-d0550-16,WCS Camera Traps : 2126,2,asian elephant,06-17-2002 19:07:00,9,train
https://storage.googleapis.com/public-datasets-lila/wcs-unzipped/animals/0328/0580.jpg,WCS Camera Traps : 3eed5459-92d5-11e9-919e-000d3a74c7de,WCS Camera Traps : idn-001-d0550-16,WCS Camera Traps : 2126,3,asian elephant,06-17-2002 19:07:00,9,train
https://storage.googleapis.com/public-datasets-lila/wcs-unzipped/animals/0328/0581.jpg,WCS Camera Traps : 3eed545b-92d5-11e9-9e2b-000d3a74c7de,WCS Camera Traps : idn-001-d0550-16,WCS Camera Traps : 2126,4,asian elephant,06-17-2002 19:08:00,9,train
https://storage.googleapis.com/public-datasets-lila/wcs-unzipped/animals/0328/0582.jpg,WCS Camera Traps : 3eed545d-92d5-11e9-b3b0-000d3a74c7de,WCS Camera Traps : idn-001-d0550-16,WCS Camera Traps : 2126,5,asian elephant,06-17-2002 19:09:00,9,train
https://storage.googleapis.com/public-datasets-lila/wcs-unzipped/animals/0328/0583.jpg,WCS Camera Traps : 3eed7b66-92d5-11e9-84ab-000d3a74c7de,WCS Camera Traps : idn-001-d0550-16,WCS Camera Traps : 2126,6,asian elephant,06-17-2002 19:09:00,9,train
https://storage.googleapis.com/public-datasets-lila/wcs-unzipped/animals/0328/0584.jpg,WCS Camera Traps : 3eed7b68-92d5-11e9-bb8c-000d3a74c7de,WCS Camera Traps : idn-001-d0550-19,WCS Camera Traps : 2126,1,asian elephant,06-17-2002 19:11:00,9,train
https://storage.googleapis.com/public-datasets-lila/wcs-unzipped/animals/0328/0596.jpg,WCS Camera Traps : 3eedf05e-92d5-11e9-b8c8-000d3a74c7de,WCS Camera Traps : idn-001-d0549-2,WCS Camera Traps : 2128,1,asian elephant,,9,train
https://storage.googleapis.com/public-datasets-lila/wcs-unzipped/animals/0328/0761.jpg,WCS Camera Traps : 3ef5b881-92d5-11e9-bf6e-000d3a74c7de,WCS Camera Traps : idn-001-d0625-25,WCS Camera Traps : 2135,1,asian elephant,08-05-2002 10:48:00,9,test
https://storage.googleapis.com/public-datasets-lila/wcs-unzipped/animals/0328/0887.jpg,WCS Camera Traps : 3efb84e7-92d5-11e9-b5fa-000d3a74c7de,WCS Camera Traps : idn-001-d0610-15,WCS Camera Traps : 2144,1,asian elephant,08-16-2002 00:51:00,9,train
https://storage.googleapis.com/public-datasets-lila/wcs-unzipped/animals/0328/0888.jpg,WCS Camera Traps : 3efb84e9-92d5-11e9-a624-000d3a74c7de,WCS Camera Traps : idn-001-d0610-16,WCS Camera Traps : 2144,1,asian elephant,08-16-2002 00:53:00,9,train
https://storage.googleapis.com/public-datasets-lila/wcs-unzipped/animals/0328/1065.jpg,WCS Camera Traps : 3f03e955-92d5-11e9-b378-000d3a74c7de,WCS Camera Traps : idn-001-d0694-24,WCS Camera Traps : 2153,1,asian elephant,09-13-2002 16:33:00,9,train
https://storage.googleapis.com/public-datasets-lila/wcs-unzipped/animals/0328/1067.jpg,WCS Camera Traps : 3f03e959-92d5-11e9-b26c-000d3a74c7de,WCS Camera Traps : idn-001-d0694-24,WCS Camera Traps : 2153,3,asian elephant,09-13-2002 16:34:00,9,train
https://storage.googleapis.com/public-datasets-lila/wcs-unzipped/animals/0328/1068.jpg,WCS Camera Traps : 3f041066-92d5-11e9-9142-000d3a74c7de,WCS Camera Traps : idn-001-d0694-24,WCS Camera Traps : 2153,4,asian elephant,09-13-2002 16:35:00,9,train
https://storage.googleapis.com/public-datasets-lila/wcs-unzipped/animals/0328/1172.jpg,WCS Camera Traps : 3f087d0c-92d5-11e9-8d28-000d3a74c7de,WCS Camera Traps : idn-001-d0689-5,WCS Camera Traps : 2158,1,asian elephant,09-14-2002 02:51:00,9,train
https://storage.googleapis.com/public-datasets-lila/wcs-unzipped/animals/0328/1173.jpg,WCS Camera Traps : 3f08a40b-92d5-11e9-af5b-000d3a74c7de,WCS Camera Traps : idn-001-d0689-6,WCS Camera Traps : 2158,1,asian elephant,09-15-2002 00:43:00,9,train
https://storage.googleapis.com/public-datasets-lila/wcs-unzipped/animals/0328/1174.jpg,WCS Camera Traps : 3f08a40d-92d5-11e9-ad03-000d3a74c7de,WCS Camera Traps : idn-001-d0689-7,WCS Camera Traps : 2158,1,asian elephant,09-15-2002 00:48:00,9,train
https://storage.googleapis.com/public-datasets-lila/wcs-unzipped/animals/0328/1175.jpg,WCS Camera Traps : 3f08a40f-92d5-11e9-833a-000d3a74c7de,WCS Camera Traps : idn-001-d0689-8,WCS Camera Traps : 2158,1,asian elephant,09-15-2002 02:07:00,9,train
https://storage.googleapis.com/public-datasets-lila/wcs-unzipped/animals/0328/1237.jpg,WCS Camera Traps : 3f0b63ee-92d5-11e9-8758-000d3a74c7de,WCS Camera Traps : idn-001-d0706-28,WCS Camera Traps : 2161,1,asian elephant,09-29-2002 16:31:00,9,val
https://storage.googleapis.com/public-datasets-lila/wcs-unzipped/animals/0328/1238.jpg,WCS Camera Traps : 3f0b63f0-92d5-11e9-a1bd-000d3a74c7de,WCS Camera Traps : idn-001-d0706-29,WCS Camera Traps : 2161,1,asian elephant,09-29-2002 16:35:00,9,val
https://storage.googleapis.com/public-datasets-lila/wcs-unzipped/animals/0328/1239.jpg,WCS Camera Traps : 3f0b8a50-92d5-11e9-bbd9-000d3a74c7de,WCS Camera Traps : idn-001-d0706-29,WCS Camera Traps : 2161,2,asian elephant,09-29-2002 16:36:00,9,val
https://storage.googleapis.com/public-datasets-lila/wcs-unzipped/animals/0328/1240.jpg,WCS Camera Traps : 3f0b8a52-92d5-11e9-b3ec-000d3a74c7de,WCS Camera Traps : idn-001-d0706-29,WCS Camera Traps : 2161,3,asian elephant,09-29-2002 16:36:00,9,val
https://storage.googleapis.com/public-datasets-lila/wcs-unzipped/animals/0328/1241.jpg,WCS Camera Traps : 3f0b8a54-92d5-11e9-b73f-000d3a74c7de,WCS Camera Traps : idn-001-d0706-29,WCS Camera Traps : 2161,4,asian elephant,09-29-2002 16:37:00,9,val
https://storage.googleapis.com/public-datasets-lila/wcs-unzipped/animals/0328/1242.jpg,WCS Camera Traps : 3f0b8a56-92d5-11e9-bbf7-000d3a74c7de,WCS Camera Traps : idn-001-d0706-32,WCS Camera Traps : 2161,1,asian elephant,09-29-2002 16:44:00,9,val
https://storage.googleapis.com/public-datasets-lila/wcs-unzipped/animals/0328/1243.jpg,WCS Camera Traps : 3f0bb164-92d5-11e9-b3f8-000d3a74c7de,WCS Camera Traps : idn-001-d0706-32,WCS Camera Traps : 2161,2,asian elephant,09-29-2002 16:45:00,9,val
https://storage.googleapis.com/public-datasets-lila/wcs-unzipped/animals/0328/1244.jpg,WCS Camera Traps : 3f0bb166-92d5-11e9-a6de-000d3a74c7de,WCS Camera Traps : idn-001-d0706-34,WCS Camera Traps : 2161,1,asian elephant,09-29-2002 16:50:00,9,val
https://storage.googleapis.com/public-datasets-lila/wcs-unzipped/animals/0328/1324.jpg,WCS Camera Traps : 3f0f33cf-92d5-11e9-9dd3-000d3a74c7de,WCS Camera Traps : idn-001-d0698-30,WCS Camera Traps : 2164,1,asian elephant,09-25-2002 15:17:00,9,train
https://storage.googleapis.com/public-datasets-lila/wcs-unzipped/animals/0328/1327.jpg,WCS Camera Traps : 3f0f5afe-92d5-11e9-bf2a-000d3a74c7de,WCS Camera Traps : idn-001-d0678-2,WCS Camera Traps : 2165,1,asian elephant,10-08-2002 20:52:00,9,train
https://storage.googleapis.com/public-datasets-lila/wcs-unzipped/animals/0328/1351.jpg,WCS Camera Traps : 3f106c76-92d5-11e9-882d-000d3a74c7de,WCS Camera Traps : idn-001-d0671-5,WCS Camera Traps : 2169,1,asian elephant,10-24-2002 12:21:00,9,val
https://storage.googleapis.com/public-datasets-lila/wcs-unzipped/animals/0328/1352.jpg,WCS Camera Traps : 3f106c78-92d5-11e9-b323-000d3a74c7de,WCS Camera Traps : idn-001-d0671-5,WCS Camera Traps : 2169,2,asian elephant,10-24-2002 12:21:00,9,val
https://storage.googleapis.com/public-datasets-lila/wcs-unzipped/animals/0328/1353.jpg,WCS Camera Traps : 3f109374-92d5-11e9-9639-000d3a74c7de,WCS Camera Traps : idn-001-d0671-5,WCS Camera Traps : 2169,3,asian elephant,10-24-2002 12:21:00,9,val
https://storage.googleapis.com/public-datasets-lila/wcs-unzipped/animals/0328/1367.jpg,WCS Camera Traps : 3f112fc2-92d5-11e9-b381-000d3a74c7de,WCS Camera Traps : idn-001-d0683-10,WCS Camera Traps : 2171,1,asian elephant,10-16-2002 14:49:00,9,train
https://storage.googleapis.com/public-datasets-lila/wcs-unzipped/animals/0328/1368.jpg,WCS Camera Traps : 3f112fc4-92d5-11e9-9ec3-000d3a74c7de,WCS Camera Traps : idn-001-d0683-11,WCS Camera Traps : 2171,1,asian elephant,10-16-2002 15:38:00,9,train
https://storage.googleapis.com/public-datasets-lila/wcs-unzipped/animals/0328/1370.jpg,WCS Camera Traps : 3f112fc8-92d5-11e9-8d98-000d3a74c7de,WCS Camera Traps : idn-001-d0683-13,WCS Camera Traps : 2171,1,asian elephant,10-18-2002 19:36:00,9,train
https://storage.googleapis.com/public-datasets-lila/wcs-unzipped/animals/0328/1371.jpg,WCS Camera Traps : 3f1156b1-92d5-11e9-bb74-000d3a74c7de,WCS Camera Traps : idn-001-d0683-13,WCS Camera Traps : 2171,2,asian elephant,10-18-2002 19:36:00,9,train
https://storage.googleapis.com/public-datasets-lila/wcs-unzipped/animals/0328/1372.jpg,WCS Camera Traps : 3f1156b3-92d5-11e9-8665-000d3a74c7de,WCS Camera Traps : idn-001-d0683-13,WCS Camera Traps : 2171,3,asian elephant,10-18-2002 19:37:00,9,train
https://storage.googleapis.com/public-datasets-lila/wcs-unzipped/animals/0328/1373.jpg,WCS Camera Traps : 3f1156b5-92d5-11e9-8fc9-000d3a74c7de,WCS Camera Traps : idn-001-d0683-15,WCS Camera Traps : 2171,1,asian elephant,10-18-2002 19:46:00,9,train
https://storage.googleapis.com/public-datasets-lila/wcs-unzipped/animals/0328/1374.jpg,WCS Camera Traps : 3f117de8-92d5-11e9-ada3-000d3a74c7de,WCS Camera Traps : idn-001-d0683-16,WCS Camera Traps : 2171,1,asian elephant,10-18-2002 20:04:00,9,train
https://storage.googleapis.com/public-datasets-lila/wcs-unzipped/animals/0328/1375.jpg,WCS Camera Traps : 3f117dea-92d5-11e9-886b-000d3a74c7de,WCS Camera Traps : idn-001-d0683-16,WCS Camera Traps : 2171,2,asian elephant,10-18-2002 20:05:00,9,train
https://storage.googleapis.com/public-datasets-lila/wcs-unzipped/animals/0328/1376.jpg,WCS Camera Traps : 3f117dec-92d5-11e9-864f-000d3a74c7de,WCS Camera Traps : idn-001-d0683-16,WCS Camera Traps : 2171,3,asian elephant,10-18-2002 20:06:00,9,train
https://storage.googleapis.com/public-datasets-lila/wcs-unzipped/animals/0328/1377.jpg,WCS Camera Traps : 3f117dee-92d5-11e9-b382-000d3a74c7de,WCS Camera Traps : idn-001-d0683-19,WCS Camera Traps : 2171,1,asian elephant,10-18-2002 20:24:00,9,train
https://storage.googleapis.com/public-datasets-lila/wcs-unzipped/animals/0328/1381.jpg,WCS Camera Traps : 3f11cc40-92d5-11e9-bd91-000d3a74c7de,WCS Camera Traps : idn-001-d0684-4,WCS Camera Traps : 2172,1,asian elephant,10-16-2002 05:57:00,9,train
https://storage.googleapis.com/public-datasets-lila/wcs-unzipped/animals/0328/1382.jpg,WCS Camera Traps : 3f11cc42-92d5-11e9-a563-000d3a74c7de,WCS Camera Traps : idn-001-d0684-4,WCS Camera Traps : 2172,2,asian elephant,10-16-2002 05:57:00,9,train
https://storage.googleapis.com/public-datasets-lila/wcs-unzipped/animals/0328/1383.jpg,WCS Camera Traps : 3f11cc44-92d5-11e9-b1af-000d3a74c7de,WCS Camera Traps : idn-001-d0684-5,WCS Camera Traps : 2172,1,asian elephant,10-16-2002 05:59:00,9,train
https://storage.googleapis.com/public-datasets-lila/wcs-unzipped/animals/0328/1384.jpg,WCS Camera Traps : 3f11cc46-92d5-11e9-9346-000d3a74c7de,WCS Camera Traps : idn-001-d0684-6,WCS Camera Traps : 2172,1,asian elephant,10-16-2002 06:01:00,9,train
https://storage.googleapis.com/public-datasets-lila/wcs-unzipped/animals/0328/1386.jpg,WCS Camera Traps : 3f11f31c-92d5-11e9-87fd-000d3a74c7de,WCS Camera Traps : idn-001-d0684-7,WCS Camera Traps : 2172,2,asian elephant,10-16-2002 06:03:00,9,train
https://storage.googleapis.com/public-datasets-lila/wcs-unzipped/animals/0328/1389.jpg,WCS Camera Traps : 3f121a64-92d5-11e9-ade6-000d3a74c7de,WCS Camera Traps : idn-001-d0684-9,WCS Camera Traps : 2172,1,asian elephant,10-16-2002 06:06:00,9,train
https://storage.googleapis.com/public-datasets-lila/wcs-unzipped/animals/0328/1523.jpg,WCS Camera Traps : 3f18830c-92d5-11e9-bd34-000d3a74c7de,WCS Camera Traps : idn-001-d0651-7,WCS Camera Traps : 2186,1,asian elephant,12-03-2002 05:32:00,9,train
https://storage.googleapis.com/public-datasets-lila/wcs-unzipped/animals/0329/0380.jpg,WCS Camera Traps : 3f41676a-92d5-11e9-9ba8-000d3a74c7de,WCS Camera Traps : idn-001-d0805-15,WCS Camera Traps : 2276,1,asian elephant,07-16-2003 18:52:00,9,train
https://storage.googleapis.com/public-datasets-lila/wcs-unzipped/animals/0329/0395.jpg,WCS Camera Traps : 3f429fea-92d5-11e9-8832-000d3a74c7de,WCS Camera Traps : idn-001-d0809-2,WCS Camera Traps : 2278,1,asian elephant,06-25-2003 16:28:00,9,train
https://storage.googleapis.com/public-datasets-lila/wcs-unzipped/animals/0329/0396.jpg,WCS Camera Traps : 3f429fec-92d5-11e9-962b-000d3a74c7de,WCS Camera Traps : idn-001-d0809-3,WCS Camera Traps : 2278,1,asian elephant,06-25-2003 16:37:00,9,train
https://storage.googleapis.com/public-datasets-lila/wcs-unzipped/animals/0329/0495.jpg,WCS Camera Traps : 3f470cc6-92d5-11e9-82a8-000d3a74c7de,WCS Camera Traps : idn-001-d0887-3,WCS Camera Traps : 2295,1,asian elephant,10-14-2003 21:49:00,9,train
https://storage.googleapis.com/public-datasets-lila/wcs-unzipped/animals/0329/0612.jpg,WCS Camera Traps : 3f4c3d10-92d5-11e9-8a30-000d3a74c7de,WCS Camera Traps : idn-001-d0883-13,WCS Camera Traps : 2305,1,asian elephant,10-11-2003 13:00:00,9,train
https://storage.googleapis.com/public-datasets-lila/wcs-unzipped/animals/0329/0864.jpg,WCS Camera Traps : 3f57d5ec-92d5-11e9-ae3a-000d3a74c7de,WCS Camera Traps : idn-001-d0841-12,WCS Camera Traps : 2329,1,asian elephant,01-02-2004 17:09:00,9,train
https://storage.googleapis.com/public-datasets-lila/wcs-unzipped/animals/0329/0865.jpg,WCS Camera Traps : 3f57fcd3-92d5-11e9-8cac-000d3a74c7de,WCS Camera Traps : idn-001-d0841-13,WCS Camera Traps : 2329,1,asian elephant,01-02-2004 17:22:00,9,train
https://storage.googleapis.com/public-datasets-lila/wcs-unzipped/animals/0329/0866.jpg,WCS Camera Traps : 3f57fcd5-92d5-11e9-9a45-000d3a74c7de,WCS Camera Traps : idn-001-d0841-13,WCS Camera Traps : 2329,2,asian elephant,01-02-2004 17:22:00,9,train
https://storage.googleapis.com/public-datasets-lila/wcs-unzipped/animals/0329/0867.jpg,WCS Camera Traps : 3f57fcd7-92d5-11e9-989c-000d3a74c7de,WCS Camera Traps : idn-001-d0841-13,WCS Camera Traps : 2329,3,asian elephant,01-02-2004 17:22:00,9,train
https://storage.googleapis.com/public-datasets-lila/wcs-unzipped/animals/0329/0868.jpg,WCS Camera Traps : 3f582418-92d5-11e9-964d-000d3a74c7de,WCS Camera Traps : idn-001-d0841-13,WCS Camera Traps : 2329,4,asian elephant,01-02-2004 17:22:00,9,train
https://storage.googleapis.com/public-datasets-lila/wcs-unzipped/animals/0329/0869.jpg,WCS Camera Traps : 3f58241a-92d5-11e9-a267-000d3a74c7de,WCS Camera Traps : idn-001-d0841-14,WCS Camera Traps : 2329,1,asian elephant,01-02-2004 21:03:00,9,train
https://storage.googleapis.com/public-datasets-lila/wcs-unzipped/animals/0329/1173.jpg,WCS Camera Traps : 3f66a2a8-92d5-11e9-804f-000d3a74c7de,WCS Camera Traps : idn-001-d0833-15,WCS Camera Traps : 2352,1,asian elephant,02-22-2004 22:33:00,9,train
https://storage.googleapis.com/public-datasets-lila/wcs-unzipped/animals/0330/0082.jpg,WCS Camera Traps : 3f8fd5ae-92d5-11e9-beae-000d3a74c7de,WCS Camera Traps : idn-001-d0979-9,WCS Camera Traps : 2423,1,asian elephant,09-30-2004 18:37:00,9,train
https://storage.googleapis.com/public-datasets-lila/wcs-unzipped/animals/0330/0096.jpg,WCS Camera Traps : 3f909950-92d5-11e9-8dd3-000d3a74c7de,WCS Camera Traps : idn-001-d0979-23,WCS Camera Traps : 2423,1,asian elephant,10-12-2004 16:11:00,9,train
https://storage.googleapis.com/public-datasets-lila/wcs-unzipped/animals/0330/0097.jpg,WCS Camera Traps : 3f909952-92d5-11e9-b10d-000d3a74c7de,WCS Camera Traps : idn-001-d0979-24,WCS Camera Traps : 2423,1,asian elephant,10-12-2004 16:14:00,9,train
https://storage.googleapis.com/public-datasets-lila/wcs-unzipped/animals/0330/0733.jpg,WCS Camera Traps : 3facfa9a-92d5-11e9-af57-000d3a74c7de,WCS Camera Traps : idn-001-d1029-2,WCS Camera Traps : 2473,1,asian elephant,05-10-2005 12:21:00,9,val
https://storage.googleapis.com/public-datasets-lila/wcs-unzipped/animals/0330/0824.jpg,WCS Camera Traps : 3fb16752-92d5-11e9-8c97-000d3a74c7de,WCS Camera Traps : idn-001-d1009-2,WCS Camera Traps : 2489,1,asian elephant,09-09-2005 03:59:00,9,train
https://storage.googleapis.com/public-datasets-lila/wcs-unzipped/animals/0330/0845.jpg,WCS Camera Traps : 3fb22b00-92d5-11e9-afb9-000d3a74c7de,WCS Camera Traps : idn-001-d1006-1,WCS Camera Traps : 2493,4,asian elephant,,9,test
https://storage.googleapis.com/public-datasets-lila/wcs-unzipped/animals/0330/0887.jpg,WCS Camera Traps : 3fb3ffaa-92d5-11e9-b89b-000d3a74c7de,WCS Camera Traps : idn-001-d0999-1,WCS Camera Traps : 2496,10,asian elephant,,9,train
https://storage.googleapis.com/public-datasets-lila/wcs-unzipped/animals/0330/0934.jpg,WCS Camera Traps : 3fb5fb3c-92d5-11e9-b918-000d3a74c7de,WCS Camera Traps : idn-001-d1005-5,WCS Camera Traps : 2500,1,asian elephant,10-06-2005 19:03:00,9,train
https://storage.googleapis.com/public-datasets-lila/wcs-unzipped/animals/0400/1731.jpg,WCS Camera Traps : 593f86e1-92d5-11e9-a220-000d3a74c7de,WCS Camera Traps : idn-003-d0025-4,WCS Camera Traps : 2849,1,asian elephant,04-01-2010 01:47:31,9,train
https://storage.googleapis.com/public-datasets-lila/wcs-unzipped/animals/0400/1732.jpg,WCS Camera Traps : 593f86e3-92d5-11e9-ba7c-000d3a74c7de,WCS Camera Traps : idn-003-d0025-4,WCS Camera Traps : 2849,2,asian elephant,04-01-2010 01:47:52,9,train
https://storage.googleapis.com/public-datasets-lila/wcs-unzipped/animals/0400/1772.jpg,WCS Camera Traps : 59415b9f-92d5-11e9-92ed-000d3a74c7de,WCS Camera Traps : idn-003-d0026-4,WCS Camera Traps : 2849,1,asian elephant,04-01-2010 02:23:11,9,train
https://storage.googleapis.com/public-datasets-lila/wcs-unzipped/animals/0400/1773.jpg,WCS Camera Traps : 59415ba1-92d5-11e9-9c3f-000d3a74c7de,WCS Camera Traps : idn-003-d0026-4,WCS Camera Traps : 2849,2,asian elephant,04-01-2010 02:23:32,9,train
https://storage.googleapis.com/public-datasets-lila/wcs-unzipped/animals/0407/0357.jpg,WCS Camera Traps : 5b866f36-92d5-11e9-82d1-000d3a74c7de,WCS Camera Traps : idn-003-d0143-212,WCS Camera Traps : 2881,1,asian elephant,08-13-2010 05:29:51,9,train
https://storage.googleapis.com/public-datasets-lila/wcs-unzipped/animals/0407/0358.jpg,WCS Camera Traps : 5b866f38-92d5-11e9-a06f-000d3a74c7de,WCS Camera Traps : idn-003-d0143-212,WCS Camera Traps : 2881,2,asian elephant,08-13-2010 05:30:10,9,train
https://storage.googleapis.com/public-datasets-lila/wcs-unzipped/animals/0407/0359.jpg,WCS Camera Traps : 5b869648-92d5-11e9-82c9-000d3a74c7de,WCS Camera Traps : idn-003-d0143-212,WCS Camera Traps : 2881,3,asian elephant,08-13-2010 05:30:32,9,train
https://storage.googleapis.com/public-datasets-lila/wcs-unzipped/animals/0407/0856.jpg,WCS Camera Traps : 5b9dc7c5-92d5-11e9-b88b-000d3a74c7de,WCS Camera Traps : idn-003-d0144-146,WCS Camera Traps : 2881,1,asian elephant,08-13-2010 05:12:32,9,train
https://storage.googleapis.com/public-datasets-lila/wcs-unzipped/animals/0407/0857.jpg,WCS Camera Traps : 5b9dc7c7-92d5-11e9-bfaa-000d3a74c7de,WCS Camera Traps : idn-003-d0144-146,WCS Camera Traps : 2881,2,asian elephant,08-13-2010 05:12:59,9,train
https://storage.googleapis.com/public-datasets-lila/wcs-unzipped/animals/0407/1083.jpg,WCS Camera Traps : 5ba7d9e8-92d5-11e9-afb5-000d3a74c7de,WCS Camera Traps : idn-003-d0145-34,WCS Camera Traps : 2882,1,asian elephant,08-14-2010 12:10:27,9,train
https://storage.googleapis.com/public-datasets-lila/wcs-unzipped/animals/0407/1084.jpg,WCS Camera Traps : 5ba80162-92d5-11e9-b5b8-000d3a74c7de,WCS Camera Traps : idn-003-d0145-34,WCS Camera Traps : 2882,2,asian elephant,08-14-2010 12:10:31,9,train
https://storage.googleapis.com/public-datasets-lila/wcs-unzipped/animals/0407/1085.jpg,WCS Camera Traps : 5ba80164-92d5-11e9-bfbe-000d3a74c7de,WCS Camera Traps : idn-003-d0145-34,WCS Camera Traps : 2882,3,asian elephant,08-14-2010 12:10:39,9,train
https://storage.googleapis.com/public-datasets-lila/wcs-unzipped/animals/0407/1086.jpg,WCS Camera Traps : 5ba80166-92d5-11e9-97c4-000d3a74c7de,WCS Camera Traps : idn-003-d0145-34,WCS Camera Traps : 2882,4,asian elephant,08-14-2010 12:10:43,9,train
https://storage.googleapis.com/public-datasets-lila/wcs-unzipped/animals/0407/1087.jpg,WCS Camera Traps : 5ba80168-92d5-11e9-b0c0-000d3a74c7de,WCS Camera Traps : idn-003-d0145-34,WCS Camera Traps : 2882,5,asian elephant,08-14-2010 12:10:52,9,train
https://storage.googleapis.com/public-datasets-lila/wcs-unzipped/animals/0407/1118.jpg,WCS Camera Traps : 5ba96088-92d5-11e9-943c-000d3a74c7de,WCS Camera Traps : idn-003-d0145-57,WCS Camera Traps : 2882,1,asian elephant,08-23-2010 07:18:08,9,train
https://storage.googleapis.com/public-datasets-lila/wcs-unzipped/animals/0407/1119.jpg,WCS Camera Traps : 5ba9608a-92d5-11e9-b687-000d3a74c7de,WCS Camera Traps : idn-003-d0145-57,WCS Camera Traps : 2882,2,asian elephant,08-23-2010 07:18:26,9,train
https://storage.googleapis.com/public-datasets-lila/wcs-unzipped/animals/0407/1120.jpg,WCS Camera Traps : 5ba98798-92d5-11e9-a79c-000d3a74c7de,WCS Camera Traps : idn-003-d0145-58,WCS Camera Traps : 2882,1,asian elephant,08-23-2010 07:23:53,9,train
https://storage.googleapis.com/public-datasets-lila/wcs-unzipped/animals/0407/1121.jpg,WCS Camera Traps : 5ba9879a-92d5-11e9-a396-000d3a74c7de,WCS Camera Traps : idn-003-d0145-58,WCS Camera Traps : 2882,2,asian elephant,08-23-2010 07:24:15,9,train
https://storage.googleapis.com/public-datasets-lila/wcs-unzipped/animals/0407/1189.jpg,WCS Camera Traps : 5bace2f9-92d5-11e9-9efb-000d3a74c7de,WCS Camera Traps : idn-003-d0146-25,WCS Camera Traps : 2882,1,asian elephant,08-14-2010 12:12:12,9,train
https://storage.googleapis.com/public-datasets-lila/wcs-unzipped/animals/0407/1190.jpg,WCS Camera Traps : 5bace2fb-92d5-11e9-a9ba-000d3a74c7de,WCS Camera Traps : idn-003-d0146-25,WCS Camera Traps : 2882,2,asian elephant,08-14-2010 12:12:19,9,train
https://storage.googleapis.com/public-datasets-lila/wcs-unzipped/animals/0407/1191.jpg,WCS Camera Traps : 5bad0a06-92d5-11e9-a249-000d3a74c7de,WCS Camera Traps : idn-003-d0146-25,WCS Camera Traps : 2882,3,asian elephant,08-14-2010 12:12:29,9,train
https://storage.googleapis.com/public-datasets-lila/wcs-unzipped/animals/0407/1192.jpg,WCS Camera Traps : 5bad0a08-92d5-11e9-a2b7-000d3a74c7de,WCS Camera Traps : idn-003-d0146-25,WCS Camera Traps : 2882,4,asian elephant,08-14-2010 12:12:35,9,train
https://storage.googleapis.com/public-datasets-lila/wcs-unzipped/animals/0407/1234.jpg,WCS Camera Traps : 5baeded3-92d5-11e9-9c4b-000d3a74c7de,WCS Camera Traps : idn-003-d0146-53,WCS Camera Traps : 2882,1,asian elephant,08-23-2010 07:19:45,9,train
https://storage.googleapis.com/public-datasets-lila/wcs-unzipped/animals/0407/1235.jpg,WCS Camera Traps : 5baeded5-92d5-11e9-9fec-000d3a74c7de,WCS Camera Traps : idn-003-d0146-53,WCS Camera Traps : 2882,2,asian elephant,08-23-2010 07:20:07,9,train
https://storage.googleapis.com/public-datasets-lila/wcs-unzipped/animals/0407/1236.jpg,WCS Camera Traps : 5baf05d9-92d5-11e9-b46a-000d3a74c7de,WCS Camera Traps : idn-003-d0146-55,WCS Camera Traps : 2882,1,asian elephant,08-23-2010 07:24:34,9,train
https://storage.googleapis.com/public-datasets-lila/wcs-unzipped/animals/0407/1237.jpg,WCS Camera Traps : 5baf05db-92d5-11e9-805a-000d3a74c7de,WCS Camera Traps : idn-003-d0146-55,WCS Camera Traps : 2882,2,asian elephant,08-23-2010 07:25:31,9,train
https://storage.googleapis.com/public-datasets-lila/wcs-unzipped/animals/0407/1238.jpg,WCS Camera Traps : 5baf05dd-92d5-11e9-bcc8-000d3a74c7de,WCS Camera Traps : idn-003-d0146-55,WCS Camera Traps : 2882,3,asian elephant,08-23-2010 07:25:52,9,train
https://storage.googleapis.com/public-datasets-lila/wcs-unzipped/animals/0407/1769.jpg,WCS Camera Traps : 5bc7bdfc-92d5-11e9-a3ae-000d3a74c7de,WCS Camera Traps : idn-003-d0151-68,WCS Camera Traps : 2885,1,asian elephant,08-18-2010 22:56:39,9,train
https://storage.googleapis.com/public-datasets-lila/wcs-unzipped/animals/0407/1770.jpg,WCS Camera Traps : 5bc7e50a-92d5-11e9-b6f8-000d3a74c7de,WCS Camera Traps : idn-003-d0151-68,WCS Camera Traps : 2885,2,asian elephant,08-18-2010 22:57:00,9,train
https://storage.googleapis.com/public-datasets-lila/wcs-unzipped/animals/0407/1771.jpg,WCS Camera Traps : 5bc7e50c-92d5-11e9-a2d1-000d3a74c7de,WCS Camera Traps : idn-003-d0151-68,WCS Camera Traps : 2885,3,asian elephant,08-18-2010 22:57:22,9,train
https://storage.googleapis.com/public-datasets-lila/wcs-unzipped/animals/0407/1827.jpg,WCS Camera Traps : 5bca560b-92d5-11e9-bf4f-000d3a74c7de,WCS Camera Traps : idn-003-d0151-119,WCS Camera Traps : 2885,1,asian elephant,09-05-2010 10:48:59,9,train
https://storage.googleapis.com/public-datasets-lila/wcs-unzipped/animals/0407/1828.jpg,WCS Camera Traps : 5bca560d-92d5-11e9-9d6e-000d3a74c7de,WCS Camera Traps : idn-003-d0151-119,WCS Camera Traps : 2885,2,asian elephant,09-05-2010 10:49:24,9,train
https://storage.googleapis.com/public-datasets-lila/wcs-unzipped/animals/0407/1829.jpg,WCS Camera Traps : 5bca7d18-92d5-11e9-b980-000d3a74c7de,WCS Camera Traps : idn-003-d0151-121,WCS Camera Traps : 2885,1,asian elephant,09-05-2010 10:58:51,9,train
https://storage.googleapis.com/public-datasets-lila/wcs-unzipped/animals/0407/1931.jpg,WCS Camera Traps : 5bcee9e4-92d5-11e9-a504-000d3a74c7de,WCS Camera Traps : idn-003-d0152-80,WCS Camera Traps : 2885,1,asian elephant,08-18-2010 23:05:07,9,train
https://storage.googleapis.com/public-datasets-lila/wcs-unzipped/animals/0407/1932.jpg,WCS Camera Traps : 5bcee9e6-92d5-11e9-835b-000d3a74c7de,WCS Camera Traps : idn-003-d0152-80,WCS Camera Traps : 2885,2,asian elephant,08-18-2010 23:05:34,9,train
https://storage.googleapis.com/public-datasets-lila/wcs-unzipped/animals/0407/1933.jpg,WCS Camera Traps : 5bcee9e8-92d5-11e9-898d-000d3a74c7de,WCS Camera Traps : idn-003-d0152-80,WCS Camera Traps : 2885,3,asian elephant,08-18-2010 23:05:56,9,train
https://storage.googleapis.com/public-datasets-lila/wcs-unzipped/animals/0407/1934.jpg,WCS Camera Traps : 5bcee9ea-92d5-11e9-ab14-000d3a74c7de,WCS Camera Traps : idn-003-d0152-81,WCS Camera Traps : 2885,1,asian elephant,08-19-2010 02:28:24,9,train
https://storage.googleapis.com/public-datasets-lila/wcs-unzipped/animals/0407/1935.jpg,WCS Camera Traps : 5bcf10f4-92d5-11e9-b640-000d3a74c7de,WCS Camera Traps : idn-003-d0152-81,WCS Camera Traps : 2885,2,asian elephant,08-19-2010 02:29:07,9,train
https://storage.googleapis.com/public-datasets-lila/wcs-unzipped/animals/0408/0010.jpg,WCS Camera Traps : 5bd2ba7b-92d5-11e9-b41c-000d3a74c7de,WCS Camera Traps : idn-003-d0152-143,WCS Camera Traps : 2885,1,asian elephant,09-05-2010 10:57:03,9,train
https://storage.googleapis.com/public-datasets-lila/wcs-unzipped/animals/0408/0011.jpg,WCS Camera Traps : 5bd2e18a-92d5-11e9-b9b2-000d3a74c7de,WCS Camera Traps : idn-003-d0152-143,WCS Camera Traps : 2885,2,asian elephant,09-05-2010 10:57:29,9,train
https://storage.googleapis.com/public-datasets-lila/wcs-unzipped/animals/0408/0012.jpg,WCS Camera Traps : 5bd2e18c-92d5-11e9-85ae-000d3a74c7de,WCS Camera Traps : idn-003-d0152-144,WCS Camera Traps : 2885,1,asian elephant,09-05-2010 11:06:55,9,train
https://storage.googleapis.com/public-datasets-lila/snapshotserengeti-unzipped/S5/I12/I12_R1/S5_I12_R1_IMAG0344.JPG,Snapshot Serengeti : S5/I12/I12_R1/S5_I12_R1_IMAG0344,Snapshot Serengeti : SER_S5#I12#1#125,Snapshot Serengeti : I12,3,african bush elephant,06-08-2012 11:51:51,9,train
https://storage.googleapis.com/public-datasets-lila/snapshotserengeti-unzipped/S9/I06/I06_R3/S9_I06_R3_IMAG0252.JPG,Snapshot Serengeti : S9/I06/I06_R3/S9_I06_R3_IMAG0252,Snapshot Serengeti : SER_S9#I06#3#96,Snapshot Serengeti : I06,3,african bush elephant,01-05-2015 18:40:46,9,train
https://storage.googleapis.com/public-datasets-lila/snapshotserengeti-unzipped/S9/F06/F06_R1/S9_F06_R1_IMAG0098.JPG,Snapshot Serengeti : S9/F06/F06_R1/S9_F06_R1_IMAG0098,Snapshot Serengeti : SER_S9#F06#1#38,Snapshot Serengeti : F06,2,african bush elephant,07-23-2014 12:13:52,9,train
https://storage.googleapis.com/public-datasets-lila/snapshot-safari-2024-expansion/MAD/MAD_S1/MAD06/MAD06_R3/MAD_S1_MAD06_R3_IMAG2909.JPG,Snapshot Safari 2024 Expansion : MAD/MAD_S1/MAD06/MAD06_R3/MAD_S1_MAD06_R3_IMAG2909.JPG,Snapshot Safari 2024 Expansion : MAD_S1#MAD06#3#970,Snapshot Safari 2024 Expansion : MAD_S1_MAD06,1,african bush elephant,,9,test
https://storage.googleapis.com/public-datasets-lila/snapshot-safari-2024-expansion/Snapshot Cameo/EFA/EFA_S1/EFA07/EFA07_R43/EFA_S1_EFA07_R43_IMAG0592.JPG,Snapshot Safari 2024 Expansion : Snapshot Cameo/EFA/EFA_S1/EFA07/EFA07_R43/EFA_S1_EFA07_R43_IMAG0592.JPG,Snapshot Safari 2024 Expansion : EFA_S1#EFA07#43#180,Snapshot Safari 2024 Expansion : EFA_S1_EFA07,0,african bush elephant,,9,train
https://storage.googleapis.com/public-datasets-lila/snapshotserengeti-unzipped/S5/H06/H06_R3/S5_H06_R3_IMAG0084.JPG,Snapshot Serengeti : S5/H06/H06_R3/S5_H06_R3_IMAG0084,Snapshot Serengeti : SER_S5#H06#3#42,Snapshot Serengeti : H06,1,african bush elephant,10-07-2012 00:12:56,9,train
https://storage.googleapis.com/public-datasets-lila/wcs-unzipped/animals/0205/1155.jpg,WCS Camera Traps : 11ace2af-92d5-11e9-859d-000d3a74c7de,WCS Camera Traps : ken-007-d0063-9,WCS Camera Traps : 1284,7,african bush elephant,02-11-2012 19:56:08,9,val
https://storage.googleapis.com/public-datasets-lila/snapshotserengeti-unzipped/S7/H13/H13_R3/S7_H13_R3_IMAG3814.JPG,Snapshot Serengeti : S7/H13/H13_R3/S7_H13_R3_IMAG3814,Snapshot Serengeti : SER_S7#H13#3#1323,Snapshot Serengeti : H13,1,african bush elephant,10-23-2013 02:57:31,9,train
https://storage.googleapis.com/public-datasets-lila/snapshotserengeti-unzipped/S2/K05/K05_R2/S2_K05_R2_PICT3942.JPG,Snapshot Serengeti : S2/K05/K05_R2/S2_K05_R2_PICT3942,Snapshot Serengeti : SER_S2#K05#2#1314,Snapshot Serengeti : K05,2,african bush elephant,06-03-2011 08:10:36,9,val
https://storage.googleapis.com/public-datasets-lila/snapshot-safari-2024-expansion/APN/APN_S3/DW/DW_R11/APN_S3_DW_R11_IMAG0493.JPG,Snapshot Safari 2024 Expansion : APN/APN_S3/DW/DW_R11/APN_S3_DW_R11_IMAG0493.JPG,Snapshot Safari 2024 Expansion : APN_S3#DW#11#173,Snapshot Safari 2024 Expansion : APN_S3_DW,2,african bush elephant,,9,train
https://storage.googleapis.com/public-datasets-lila/snapshot-safari-2024-expansion/MAD/MAD_S3/MAD01/MAD01_R09/MAD_S3_MAD01_R09_IMAG2630.JPG,Snapshot Safari 2024 Expansion : MAD/MAD_S3/MAD01/MAD01_R09/MAD_S3_MAD01_R09_IMAG2630.JPG,Snapshot Safari 2024 Expansion : MAD_S3#MAD01#09#877,Snapshot Safari 2024 Expansion : MAD_S3_MAD01,1,african bush elephant,,9,train
https://storage.googleapis.com/public-datasets-lila/snapshot-safari-2024-expansion/MAD/MAD_S2/MAD03/MAD03_R6/MAD_S2_MAD03_R6_IMAG4496.JPG,Snapshot Safari 2024 Expansion : MAD/MAD_S2/MAD03/MAD03_R6/MAD_S2_MAD03_R6_IMAG4496.JPG,Snapshot Safari 2024 Expansion : MAD_S2#MAD03#6#1499,Snapshot Safari 2024 Expansion : MAD_S2_MAD03,1,african bush elephant,,9,train
https://storage.googleapis.com/public-datasets-lila/snapshotserengeti-unzipped/S1/H03/H03_R2/S1_H03_R2_PICT0292.JPG,Snapshot Serengeti : S1/H03/H03_R2/S1_H03_R2_PICT0292,Snapshot Serengeti : SER_S1#H03#2#98,Snapshot Serengeti : H03,3,african bush elephant,11-02-2010 08:19:26,9,train
https://storage.googleapis.com/public-datasets-lila/snapshotserengeti-unzipped/S5/L02/L02_R2/S5_L02_R2_IMAG0085.JPG,Snapshot Serengeti : S5/L02/L02_R2/S5_L02_R2_IMAG0085,Snapshot Serengeti : SER_S5#L02#2#36,Snapshot Serengeti : L02,2,african bush elephant,08-30-2012 09:07:42,9,train
https://storage.googleapis.com/public-datasets-lila/snapshotserengeti-unzipped/S8/H02/H02_R3/S8_H02_R3_IMAG0496.JPG,Snapshot Serengeti : S8/H02/H02_R3/S8_H02_R3_IMAG0496,Snapshot Serengeti : SER_S8#H02#3#185,Snapshot Serengeti : H02,1,african bush elephant,03-10-2014 23:29:52,9,train
https://storage.googleapis.com/public-datasets-lila/snapshot-safari-2024-expansion/KRU/KRU_S2/20/20_R4/KRU_S2_20_R4_IMAG0102.JPG,Snapshot Safari 2024 Expansion : KRU/KRU_S2/20/20_R4/KRU_S2_20_R4_IMAG0102.JPG,Snapshot Safari 2024 Expansion : KRU_S2#20#4#47,Snapshot Safari 2024 Expansion : KRU_S2_20,1,african bush elephant,,9,train
https://storage.googleapis.com/public-datasets-lila/snapshot-safari-2024-expansion/APN/APN_S3/K023/K023_R11/APN_S3_K023_R11_IMAG0433.JPG,Snapshot Safari 2024 Expansion : APN/APN_S3/K023/K023_R11/APN_S3_K023_R11_IMAG0433.JPG,Snapshot Safari 2024 Expansion : APN_S3#K023#11#184,Snapshot Safari 2024 Expansion : APN_S3_K023,1,african bush elephant,,9,train
https://storage.googleapis.com/public-datasets-lila/snapshot-safari-2024-expansion/Snapshot Cameo/EFA/EFA_S1/EFA08/EFA08_R25/EFA_S1_EFA08_R25_IMAG2642.JPG,Snapshot Safari 2024 Expansion : Snapshot Cameo/EFA/EFA_S1/EFA08/EFA08_R25/EFA_S1_EFA08_R25_IMAG2642.JPG,Snapshot Safari 2024 Expansion : EFA_S1#EFA08#25#382,Snapshot Safari 2024 Expansion : EFA_S1_EFA08,0,african bush elephant,,9,test
https://storage.googleapis.com/public-datasets-lila/snapshotserengeti-unzipped/S9/D07/D07_R3/S9_D07_R3_IMAG0784.JPG,Snapshot Serengeti : S9/D07/D07_R3/S9_D07_R3_IMAG0784,Snapshot Serengeti : SER_S9#D07#3#270,Snapshot Serengeti : D07,1,african bush elephant,11-10-2014 14:14:03,9,train
https://storage.googleapis.com/public-datasets-lila/snapshotserengeti-unzipped/SER_S11/K10/K10_R1/SER_S11_K10_R1_IMAG0129.JPG,Snapshot Serengeti : SER_S11/K10/K10_R1/SER_S11_K10_R1_IMAG0129,Snapshot Serengeti : SER_S11#K10#1#46,Snapshot Serengeti : K10,1,african bush elephant,07-13-2015 16:13:37,9,train
https://storage.googleapis.com/public-datasets-lila/snapshotserengeti-unzipped/S5/B10/B10_R2/S5_B10_R2_IMAG0537.JPG,Snapshot Serengeti : S5/B10/B10_R2/S5_B10_R2_IMAG0537,Snapshot Serengeti : SER_S5#B10#2#181,Snapshot Serengeti : B10,2,african bush elephant,08-29-2012 15:24:16,9,test
https://storage.googleapis.com/public-datasets-lila/snapshot-safari-2024-expansion/PLN/PLN_S2/C02/C02_R5/PLN_S2_C02_R5_IMAG0245.JPG,Snapshot Safari 2024 Expansion : PLN/PLN_S2/C02/C02_R5/PLN_S2_C02_R5_IMAG0245.JPG,Snapshot Safari 2024 Expansion : PLN_S2#C02#5#98,Snapshot Safari 2024 Expansion : PLN_S2_C02,1,african bush elephant,,9,train
https://storage.googleapis.com/public-datasets-lila/snapshot-safari-2024-expansion/Snapshot Cameo/NIA/NIA_S1/31A/31A_R1/NIA_S1_31A_R1_IMAG0290.JPG,Snapshot Safari 2024 Expansion : Snapshot Cameo/NIA/NIA_S1/31A/31A_R1/NIA_S1_31A_R1_IMAG0290.JPG,Snapshot Safari 2024 Expansion : NIA_S1#31A#1#90,Snapshot Safari 2024 Expansion : NIA_S1_31A,1,african bush elephant,,9,train
https://storage.googleapis.com/public-datasets-lila/wcs-unzipped/animals/0370/1494.jpg,WCS Camera Traps : 4e4f217e-92d5-11e9-8849-000d3a74c7de,WCS Camera Traps : ken-014-d0091-327,WCS Camera Traps : 2730,1,african bush elephant,08-17-2009 11:53:57,9,train
https://storage.googleapis.com/public-datasets-lila/wcs-unzipped/animals/0298/1376.jpg,WCS Camera Traps : 34383bd5-92d5-11e9-b45c-000d3a74c7de,WCS Camera Traps : ken-006-d0095-103,WCS Camera Traps : 1495,2,african bush elephant,02-15-2011 00:49:50,9,train
https://storage.googleapis.com/public-datasets-lila/snapshot-safari-2024-expansion/Snapshot Cameo/EFA/EFA_S1/EFA02/EFA02_R26/EFA_S1_EFA02_R26_IMAG1206.JPG,Snapshot Safari 2024 Expansion : Snapshot Cameo/EFA/EFA_S1/EFA02/EFA02_R26/EFA_S1_EFA02_R26_IMAG1206.JPG,Snapshot Safari 2024 Expansion : EFA_S1#EFA02#26#612,Snapshot Safari 2024 Expansion : EFA_S1_EFA02,0,african bush elephant,,9,train
https://storage.googleapis.com/public-datasets-lila/snapshot-safari-2024-expansion/MAD/MAD_S3/MAD04/MAD04_R08/MAD_S3_MAD04_R08_IMAG1338.JPG,Snapshot Safari 2024 Expansion : MAD/MAD_S3/MAD04/MAD04_R08/MAD_S3_MAD04_R08_IMAG1338.JPG,Snapshot Safari 2024 Expansion : MAD_S3#MAD04#08#446,Snapshot Safari 2024 Expansion : MAD_S3_MAD04,2,african bush elephant,,9,train
https://storage.googleapis.com/public-datasets-lila/snapshot-safari-2024-expansion/Snapshot Cameo/NIA/NIA_S1/17B/17B_R1/NIA_S1_17B_R1_IMAG1305.JPG,Snapshot Safari 2024 Expansion : Snapshot Cameo/NIA/NIA_S1/17B/17B_R1/NIA_S1_17B_R1_IMAG1305.JPG,Snapshot Safari 2024 Expansion : NIA_S1#17B#1#1305,Snapshot Safari 2024 Expansion : NIA_S1_17B,0,african bush elephant,,9,train
https://storage.googleapis.com/public-datasets-lila/snapshot-safari-2024-expansion/Snapshot Cameo/EFA/EFA_S1/EFA07/EFA07_R41/EFA_S1_EFA07_R41_IMAG1796.JPG,Snapshot Safari 2024 Expansion : Snapshot Cameo/EFA/EFA_S1/EFA07/EFA07_R41/EFA_S1_EFA07_R41_IMAG1796.JPG,Snapshot Safari 2024 Expansion : EFA_S1#EFA07#41#426,Snapshot Safari 2024 Expansion : EFA_S1_EFA07,0,african bush elephant,,9,train
https://storage.googleapis.com/public-datasets-lila/snapshotserengeti-unzipped/S7/O11/O11_R1/S7_O11_R1_IMAG0644.JPG,Snapshot Serengeti : S7/O11/O11_R1/S7_O11_R1_IMAG0644,Snapshot Serengeti : SER_S7#O11#1#221,Snapshot Serengeti : O11,2,african bush elephant,05-30-2013 13:12:05,9,train
https://storage.googleapis.com/public-datasets-lila/snapshot-safari-2024-expansion/MAD/MAD_S1/MAD01/MAD01_R4/MAD_S1_MAD01_R4_IMAG0361.JPG,Snapshot Safari 2024 Expansion : MAD/MAD_S1/MAD01/MAD01_R4/MAD_S1_MAD01_R4_IMAG0361.JPG,Snapshot Safari 2024 Expansion : MAD_S1#MAD01#4#121,Snapshot Safari 2024 Expansion : MAD_S1_MAD01,0,african bush elephant,,9,train
https://storage.googleapis.com/public-datasets-lila/snapshot-safari-2024-expansion/APN/APN_S3/WS5/WS5_R4/APN_S3_WS5_R4_IMAG0304.JPG,Snapshot Safari 2024 Expansion : APN/APN_S3/WS5/WS5_R4/APN_S3_WS5_R4_IMAG0304.JPG,Snapshot Safari 2024 Expansion : APN_S3#WS5#4#116,Snapshot Safari 2024 Expansion : APN_S3_WS5,0,african bush elephant,,9,train
https://storage.googleapis.com/public-datasets-lila/snapshot-safari-2024-expansion/Snapshot Cameo/EFA/EFA_S1/EFA08/EFA08_R20/EFA_S1_EFA08_R20_IMAG0481.JPG,Snapshot Safari 2024 Expansion : Snapshot Cameo/EFA/EFA_S1/EFA08/EFA08_R20/EFA_S1_EFA08_R20_IMAG0481.JPG,Snapshot Safari 2024 Expansion : EFA_S1#EFA08#20#88,Snapshot Safari 2024 Expansion : EFA_S1_EFA08,1,african bush elephant,,9,test
https://storage.googleapis.com/public-datasets-lila/snapshot-safari-2024-expansion/MAD/MAD_S2/MAD03/MAD03_R7/MAD_S2_MAD03_R7_IMAG1301.JPG,Snapshot Safari 2024 Expansion : MAD/MAD_S2/MAD03/MAD03_R7/MAD_S2_MAD03_R7_IMAG1301.JPG,Snapshot Safari 2024 Expansion : MAD_S2#MAD03#7#434,Snapshot Safari 2024 Expansion : MAD_S2_MAD03,1,african bush elephant,,9,train
https://storage.googleapis.com/public-datasets-lila/snapshot-safari-2024-expansion/MAD/MAD_S1/MAD05/MAD05_R3/MAD_S1_MAD05_R3_IMAG0134.JPG,Snapshot Safari 2024 Expansion : MAD/MAD_S1/MAD05/MAD05_R3/MAD_S1_MAD05_R3_IMAG0134.JPG,Snapshot Safari 2024 Expansion : MAD_S1#MAD05#3#45,Snapshot Safari 2024 Expansion : MAD_S1_MAD05,1,african bush elephant,,9,val
https://storage.googleapis.com/public-datasets-lila/snapshot-safari-2024-expansion/Snapshot Cameo/EFA/EFA_S1/EFA09/EFA09_R19/EFA_S1_EFA09_R19_IMAG0879.JPG,Snapshot Safari 2024 Expansion : Snapshot Cameo/EFA/EFA_S1/EFA09/EFA09_R19/EFA_S1_EFA09_R19_IMAG0879.JPG,Snapshot Safari 2024 Expansion : EFA_S1#EFA09#19#329,Snapshot Safari 2024 Expansion : EFA_S1_EFA09,0,african bush elephant,,9,train
https://storage.googleapis.com/public-datasets-lila/snapshotserengeti-unzipped/S4/J09/J09_R1/S4_J09_R1_IMAG0249.JPG,Snapshot Serengeti : S4/J09/J09_R1/S4_J09_R1_IMAG0249,Snapshot Serengeti : SER_S4#J09#1#123,Snapshot Serengeti : J09,1,african bush elephant,03-02-2012 16:42:09,9,train
https://storage.googleapis.com/public-datasets-lila/snapshot-safari-2024-expansion/Snapshot Cameo/EFA/EFA_S1/EFA08/EFA08_R1/EFA_S1_EFA08_R1_IMAG0710.JPG,Snapshot Safari 2024 Expansion : Snapshot Cameo/EFA/EFA_S1/EFA08/EFA08_R1/EFA_S1_EFA08_R1_IMAG0710.JPG,Snapshot Safari 2024 Expansion : EFA_S1#EFA08#1#146,Snapshot Safari 2024 Expansion : EFA_S1_EFA08,1,african bush elephant,,9,test
https://storage.googleapis.com/public-datasets-lila/snapshot-safari-2024-expansion/APN/APN_S2/DW/DW_R7/APN_S2_DW_R7_IMAG0149.JPG,Snapshot Safari 2024 Expansion : APN/APN_S2/DW/DW_R7/APN_S2_DW_R7_IMAG0149.JPG,Snapshot Safari 2024 Expansion : APN_S2#DW#7#59,Snapshot Safari 2024 Expansion : APN_S2_DW,2,african bush elephant,,9,train
https://storage.googleapis.com/public-datasets-lila/snapshot-safari-2024-expansion/APN/APN_S4/TB12/TB12_R7/APN_S4_TB12_R7_IMAG0538.JPG,Snapshot Safari 2024 Expansion : APN/APN_S4/TB12/TB12_R7/APN_S4_TB12_R7_IMAG0538.JPG,Snapshot Safari 2024 Expansion : APN_S4#TB12#7#197,Snapshot Safari 2024 Expansion : APN_S4_TB12,1,african bush elephant,,9,train
https://storage.googleapis.com/public-datasets-lila/snapshot-safari-2024-expansion/APN/APN_S2/6U/6U_R4/APN_S2_6U_R4_IMAG0045.JPG,Snapshot Safari 2024 Expansion : APN/APN_S2/6U/6U_R4/APN_S2_6U_R4_IMAG0045.JPG,Snapshot Safari 2024 Expansion : APN_S2#6U#4#17,Snapshot Safari 2024 Expansion : APN_S2_6U,1,african bush elephant,,9,train
https://storage.googleapis.com/public-datasets-lila/snapshot-safari-2024-expansion/APN/APN_S3/U64c/U64c_R12/APN_S3_U64c_R12_IMAG0720.JPG,Snapshot Safari 2024 Expansion : APN/APN_S3/U64c/U64c_R12/APN_S3_U64c_R12_IMAG0720.JPG,Snapshot Safari 2024 Expansion : APN_S3#U64c#12#318,Snapshot Safari 2024 Expansion : APN_S3_U64C,1,african bush elephant,,9,train
https://storage.googleapis.com/public-datasets-lila/snapshot-safari-2024-expansion/MAD/MAD_S1/I04/I04_R4/MAD_S1_I04_R4_IMAG0105.JPG,Snapshot Safari 2024 Expansion : MAD/MAD_S1/I04/I04_R4/MAD_S1_I04_R4_IMAG0105.JPG,Snapshot Safari 2024 Expansion : MAD_S1#I04#4#35,Snapshot Safari 2024 Expansion : MAD_S1_I04,2,african bush elephant,,9,train
https://storage.googleapis.com/public-datasets-lila/snapshot-safari-2024-expansion/MAD/MAD_S2/MAD05/MAD05_R5/MAD_S2_MAD05_R5_IMAG0960.JPG,Snapshot Safari 2024 Expansion : MAD/MAD_S2/MAD05/MAD05_R5/MAD_S2_MAD05_R5_IMAG0960.JPG,Snapshot Safari 2024 Expansion : MAD_S2#MAD05#5#320,Snapshot Safari 2024 Expansion : MAD_S2_MAD05,2,african bush elephant,,9,val
https://storage.googleapis.com/public-datasets-lila/snapshotserengeti-unzipped/S6/C03/C03_R2/S6_C03_R2_IMAG0515.JPG,Snapshot Serengeti : S6/C03/C03_R2/S6_C03_R2_IMAG0515,Snapshot Serengeti : SER_S6#C03#2#190,Snapshot Serengeti : C03,2,african bush elephant,02-21-2013 16:31:14,9,train
https://storage.googleapis.com/public-datasets-lila/snapshot-safari-2024-expansion/Snapshot Cameo/EFA/EFA_S1/EFA07/EFA07_R37/EFA_S1_EFA07_R37_IMAG2213.JPG,Snapshot Safari 2024 Expansion : Snapshot Cameo/EFA/EFA_S1/EFA07/EFA07_R37/EFA_S1_EFA07_R37_IMAG2213.JPG,Snapshot Safari 2024 Expansion : EFA_S1#EFA07#37#410,Snapshot Safari 2024 Expansion : EFA_S1_EFA07,1,african bush elephant,,9,train
https://storage.googleapis.com/public-datasets-lila/snapshotserengeti-unzipped/S2/E06/E06_R2/S2_E06_R2_IMAG0260.JPG,Snapshot Serengeti : S2/E06/E06_R2/S2_E06_R2_IMAG0260,Snapshot Serengeti : SER_S2#E06#2#108,Snapshot Serengeti : E06,3,african bush elephant,04-15-2011 14:23:08,9,train
https://storage.googleapis.com/public-datasets-lila/snapshot-safari-2024-expansion/MAD/MAD_S2/MAD03/MAD03_R5/MAD_S2_MAD03_R5_IMAG2992.JPG,Snapshot Safari 2024 Expansion : MAD/MAD_S2/MAD03/MAD03_R5/MAD_S2_MAD03_R5_IMAG2992.JPG,Snapshot Safari 2024 Expansion : MAD_S2#MAD03#5#998,Snapshot Safari 2024 Expansion : MAD_S2_MAD03,0,african bush elephant,,9,train
https://storage.googleapis.com/public-datasets-lila/snapshotserengeti-unzipped/S6/J12/J12_R2/S6_J12_R2_IMAG0087.JPG,Snapshot Serengeti : S6/J12/J12_R2/S6_J12_R2_IMAG0087,Snapshot Serengeti : SER_S6#J12#2#38,Snapshot Serengeti : J12,2,african bush elephant,02-15-2013 14:29:59,9,train
https://storage.googleapis.com/public-datasets-lila/snapshot-safari-2024-expansion/ENO/ENO_S4/D05/D05_R1/ENO_S4_D05_R1_IMAG0014.JPG,Snapshot Safari 2024 Expansion : ENO/ENO_S4/D05/D05_R1/ENO_S4_D05_R1_IMAG0014.JPG,Snapshot Safari 2024 Expansion : ENO_S4#D05#1#5,Snapshot Safari 2024 Expansion : ENO_S4_D05,1,african bush elephant,,9,train
https://storage.googleapis.com/public-datasets-lila/snapshot-safari-2024-expansion/APN/APN_S3/TB17/TB17_R1/APN_S3_TB17_R1_IMAG0118.JPG,Snapshot Safari 2024 Expansion : APN/APN_S3/TB17/TB17_R1/APN_S3_TB17_R1_IMAG0118.JPG,Snapshot Safari 2024 Expansion : APN_S3#TB17#1#44,Snapshot Safari 2024 Expansion : APN_S3_TB17,0,african bush elephant,,9,train
https://storage.googleapis.com/public-datasets-lila/snapshotserengeti-unzipped/S3/P07/P07_R12/S3_P07_R12_IMAG1004.JPG,Snapshot Serengeti : S3/P07/P07_R12/S3_P07_R12_IMAG1004,Snapshot Serengeti : SER_S3#P07#12#350,Snapshot Serengeti : P07,1,african bush elephant,12-08-2011 13:12:04,9,test
https://storage.googleapis.com/public-datasets-lila/snapshot-safari-2024-expansion/MAD/MAD_S3/MAD03/MAD03_R10/MAD_S3_MAD03_R10_IMAG0006.JPG,Snapshot Safari 2024 Expansion : MAD/MAD_S3/MAD03/MAD03_R10/MAD_S3_MAD03_R10_IMAG0006.JPG,Snapshot Safari 2024 Expansion : MAD_S3#MAD03#10#2,Snapshot Safari 2024 Expansion : MAD_S3_MAD03,2,african bush elephant,,9,train
https://storage.googleapis.com/public-datasets-lila/snapshot-safari-2024-expansion/APN/APN_S3/DW/DW_R8/APN_S3_DW_R8_IMAG0156.JPG,Snapshot Safari 2024 Expansion : APN/APN_S3/DW/DW_R8/APN_S3_DW_R8_IMAG0156.JPG,Snapshot Safari 2024 Expansion : APN_S3#DW#8#54,Snapshot Safari 2024 Expansion : APN_S3_DW,1,african bush elephant,,9,train
https://storage.googleapis.com/public-datasets-lila/snapshotserengeti-unzipped/S5/M04/M04_R1/S5_M04_R1_IMAG0442.JPG,Snapshot Serengeti : S5/M04/M04_R1/S5_M04_R1_IMAG0442,Snapshot Serengeti : SER_S5#M04#1#198,Snapshot Serengeti : M04,1,african bush elephant,07-15-2012 13:27:03,9,train
https://storage.googleapis.com/public-datasets-lila/snapshot-safari-2024-expansion/Snapshot Cameo/EFA/EFA_S1/EFA09/EFA09_R5/EFA_S1_EFA09_R5_IMAG0006.JPG,Snapshot Safari 2024 Expansion : Snapshot Cameo/EFA/EFA_S1/EFA09/EFA09_R5/EFA_S1_EFA09_R5_IMAG0006.JPG,Snapshot Safari 2024 Expansion : EFA_S1#EFA09#5#4,Snapshot Safari 2024 Expansion : EFA_S1_EFA09,1,african bush elephant,,9,train
https://storage.googleapis.com/public-datasets-lila/snapshot-safari-2024-expansion/RUA/RUA_S1/M2/M2_R2/RUA_S1_M2_R2_IMAG0228.JPG,Snapshot Safari 2024 Expansion : RUA/RUA_S1/M2/M2_R2/RUA_S1_M2_R2_IMAG0228.JPG,Snapshot Safari 2024 Expansion : RUA_S1#M2#2#228,Snapshot Safari 2024 Expansion : RUA_S1_M2,0,african bush elephant,,9,train
https://storage.googleapis.com/public-datasets-lila/snapshot-safari-2024-expansion/Snapshot Cameo/NIA/NIA_S1/37A/37A_R1/NIA_S1_37A_R1_IMAG0183.JPG,Snapshot Safari 2024 Expansion : Snapshot Cameo/NIA/NIA_S1/37A/37A_R1/NIA_S1_37A_R1_IMAG0183.JPG,Snapshot Safari 2024 Expansion : NIA_S1#37A#1#183,Snapshot Safari 2024 Expansion : NIA_S1_37A,0,african bush elephant,,9,test
https://storage.googleapis.com/public-datasets-lila/snapshot-safari-2024-expansion/MAD/MAD_S1/I04/I04_R3/MAD_S1_I04_R3_IMAG0043.JPG,Snapshot Safari 2024 Expansion : MAD/MAD_S1/I04/I04_R3/MAD_S1_I04_R3_IMAG0043.JPG,Snapshot Safari 2024 Expansion : MAD_S1#I04#3#15,Snapshot Safari 2024 Expansion : MAD_S1_I04,0,african bush elephant,,9,train
https://storage.googleapis.com/public-datasets-lila/snapshot-safari-2024-expansion/MAD/MAD_S1/MAD01/MAD01_R4/MAD_S1_MAD01_R4_IMAG0158.JPG,Snapshot Safari 2024 Expansion : MAD/MAD_S1/MAD01/MAD01_R4/MAD_S1_MAD01_R4_IMAG0158.JPG,Snapshot Safari 2024 Expansion : MAD_S1#MAD01#4#53,Snapshot Safari 2024 Expansion : MAD_S1_MAD01,1,african bush elephant,,9,train
https://storage.googleapis.com/public-datasets-lila/snapshot-safari-2024-expansion/APN/APN_S3/6U/6U_R12/APN_S3_6U_R12_IMAG0097.JPG,Snapshot Safari 2024 Expansion : APN/APN_S3/6U/6U_R12/APN_S3_6U_R12_IMAG0097.JPG,Snapshot Safari 2024 Expansion : APN_S3#6U#12#39,Snapshot Safari 2024 Expansion : APN_S3_6U,2,african bush elephant,,9,train
https://storage.googleapis.com/public-datasets-lila/snapshot-safari-2024-expansion/MAD/MAD_S3/A04/A04_R10/MAD_S3_A04_R10_IMAG0098.JPG,Snapshot Safari 2024 Expansion : MAD/MAD_S3/A04/A04_R10/MAD_S3_A04_R10_IMAG0098.JPG,Snapshot Safari 2024 Expansion : MAD_S3#A04#10#33,Snapshot Safari 2024 Expansion : MAD_S3_A04,1,african bush elephant,,9,train
https://storage.googleapis.com/public-datasets-lila/snapshot-safari-2024-expansion/Snapshot Cameo/EFA/EFA_S1/EFA07/EFA07_R21/EFA_S1_EFA07_R21_IMAG0712.JPG,Snapshot Safari 2024 Expansion : Snapshot Cameo/EFA/EFA_S1/EFA07/EFA07_R21/EFA_S1_EFA07_R21_IMAG0712.JPG,Snapshot Safari 2024 Expansion : EFA_S1#EFA07#21#229,Snapshot Safari 2024 Expansion : EFA_S1_EFA07,2,african bush elephant,,9,train
https://storage.googleapis.com/public-datasets-lila/snapshot-safari-2024-expansion/Snapshot Cameo/EFA/EFA_S1/EFA08/EFA08_R25/EFA_S1_EFA08_R25_IMAG7741.JPG,Snapshot Safari 2024 Expansion : Snapshot Cameo/EFA/EFA_S1/EFA08/EFA08_R25/EFA_S1_EFA08_R25_IMAG7741.JPG,Snapshot Safari 2024 Expansion : EFA_S1#EFA08#25#1142,Snapshot Safari 2024 Expansion : EFA_S1_EFA08,1,african bush elephant,,9,test
https://storage.googleapis.com/public-datasets-lila/snapshotserengeti-unzipped/S8/M05/M05_R3/S8_M05_R3_IMAG0012.JPG,Snapshot Serengeti : S8/M05/M05_R3/S8_M05_R3_IMAG0012,Snapshot Serengeti : SER_S8#M05#3#4,Snapshot Serengeti : M05,3,african bush elephant,02-18-2014 14:32:52,9,train
https://storage.googleapis.com/public-datasets-lila/snapshotserengeti-unzipped/S7/P13/P13_R1/S7_P13_R1_IMAG1714.JPG,Snapshot Serengeti : S7/P13/P13_R1/S7_P13_R1_IMAG1714,Snapshot Serengeti : SER_S7#P13#1#643,Snapshot Serengeti : P13,2,african bush elephant,06-04-2013 15:43:33,9,train
https://storage.googleapis.com/public-datasets-lila/wcs-unzipped/animals/0352/1825.jpg,WCS Camera Traps : 47e79931-92d5-11e9-b09c-000d3a74c7de,WCS Camera Traps : ken-016-d0093-57,WCS Camera Traps : 1317,68,african bush elephant,02-19-2013 11:35:06,9,test
https://storage.googleapis.com/public-datasets-lila/snapshot-safari-2024-expansion/MAD/MAD_S1/MAD06/MAD06_R3/MAD_S1_MAD06_R3_IMAG0547.JPG,Snapshot Safari 2024 Expansion : MAD/MAD_S1/MAD06/MAD06_R3/MAD_S1_MAD06_R3_IMAG0547.JPG,Snapshot Safari 2024 Expansion : MAD_S1#MAD06#3#183,Snapshot Safari 2024 Expansion : MAD_S1_MAD06,0,african bush elephant,,9,test
https://storage.googleapis.com/public-datasets-lila/snapshot-safari-2024-expansion/MAD/MAD_S2/MAD06/MAD06_R5/MAD_S2_MAD06_R5_IMAG2627.JPG,Snapshot Safari 2024 Expansion : MAD/MAD_S2/MAD06/MAD06_R5/MAD_S2_MAD06_R5_IMAG2627.JPG,Snapshot Safari 2024 Expansion : MAD_S2#MAD06#5#876,Snapshot Safari 2024 Expansion : MAD_S2_MAD06,1,african bush elephant,,9,val
https://storage.googleapis.com/public-datasets-lila/snapshot-safari-2024-expansion/MAD/MAD_S2/MAD05/MAD05_R6/MAD_S2_MAD05_R6_IMAG0785.JPG,Snapshot Safari 2024 Expansion : MAD/MAD_S2/MAD05/MAD05_R6/MAD_S2_MAD05_R6_IMAG0785.JPG,Snapshot Safari 2024 Expansion : MAD_S2#MAD05#6#262,Snapshot Safari 2024 Expansion : MAD_S2_MAD05,1,african bush elephant,,9,val
https://storage.googleapis.com/public-datasets-lila/snapshotserengeti-unzipped/S5/K10/K10_R2/S5_K10_R2_IMAG1263.JPG,Snapshot Serengeti : S5/K10/K10_R2/S5_K10_R2_IMAG1263,Snapshot Serengeti : SER_S5#K10#2#433,Snapshot Serengeti : K10,1,african bush elephant,09-30-2012 13:30:24,9,train
https://storage.googleapis.com/public-datasets-lila/snapshotserengeti-unzipped/S8/H13/H13_R3/S8_H13_R3_IMAG0230.JPG,Snapshot Serengeti : S8/H13/H13_R3/S8_H13_R3_IMAG0230,Snapshot Serengeti : SER_S8#H13#3#118,Snapshot Serengeti : H13,1,african bush elephant,05-08-2014 14:02:38,9,train
https://storage.googleapis.com/public-datasets-lila/snapshot-safari-2024-expansion/RUA/RUA_S1/M6/M6_R1/RUA_S1_M6_R1_IMAG1406.JPG,Snapshot Safari 2024 Expansion : RUA/RUA_S1/M6/M6_R1/RUA_S1_M6_R1_IMAG1406.JPG,Snapshot Safari 2024 Expansion : RUA_S1#M6#1#1406,Snapshot Safari 2024 Expansion : RUA_S1_M6,0,african bush elephant,,9,train
https://storage.googleapis.com/public-datasets-lila/snapshot-safari-2024-expansion/Snapshot Cameo/EFA/EFA_S1/EFA08/EFA08_R23/EFA_S1_EFA08_R23_IMAG0957.JPG,Snapshot Safari 2024 Expansion : Snapshot Cameo/EFA/EFA_S1/EFA08/EFA08_R23/EFA_S1_EFA08_R23_IMAG0957.JPG,Snapshot Safari 2024 Expansion : EFA_S1#EFA08#23#174,Snapshot Safari 2024 Expansion : EFA_S1_EFA08,0,african bush elephant,,9,test
https://storage.googleapis.com/public-datasets-lila/snapshot-safari-2024-expansion/APN/APN_S3/JJ8b/JJ8b_R9/APN_S3_JJ8b_R9_IMAG0020.JPG,Snapshot Safari 2024 Expansion : APN/APN_S3/JJ8b/JJ8b_R9/APN_S3_JJ8b_R9_IMAG0020.JPG,Snapshot Safari 2024 Expansion : APN_S3#JJ8b#9#7,Snapshot Safari 2024 Expansion : APN_S3_JJ8B,1,african bush elephant,,9,train
https://storage.googleapis.com/public-datasets-lila/snapshotserengeti-unzipped/S5/H02/H02_R3/S5_H02_R3_IMAG0070.JPG,Snapshot Serengeti : S5/H02/H02_R3/S5_H02_R3_IMAG0070,Snapshot Serengeti : SER_S5#H02#3#36,Snapshot Serengeti : H02,1,african bush elephant,09-29-2012 09:57:30,9,train
https://storage.googleapis.com/public-datasets-lila/snapshot-safari-2024-expansion/MAD/MAD_S3/I08/I08_R10/MAD_S3_I08_R10_IMAG0246.JPG,Snapshot Safari 2024 Expansion : MAD/MAD_S3/I08/I08_R10/MAD_S3_I08_R10_IMAG0246.JPG,Snapshot Safari 2024 Expansion : MAD_S3#I08#10#82,Snapshot Safari 2024 Expansion : MAD_S3_I08,2,african bush elephant,,9,test
https://storage.googleapis.com/public-datasets-lila/snapshot-safari-2024-expansion/Snapshot Cameo/EFA/EFA_S1/EFA08/EFA08_R33/EFA_S1_EFA08_R33_IMAG0101.JPG,Snapshot Safari 2024 Expansion : Snapshot Cameo/EFA/EFA_S1/EFA08/EFA08_R33/EFA_S1_EFA08_R33_IMAG0101.JPG,Snapshot Safari 2024 Expansion : EFA_S1#EFA08#33#24,Snapshot Safari 2024 Expansion : EFA_S1_EFA08,0,african bush elephant,,9,test
https://storage.googleapis.com/public-datasets-lila/snapshot-safari-2024-expansion/MAD/MAD_S1/MAD01/MAD01_R3/MAD_S1_MAD01_R3_IMAG2103.JPG,Snapshot Safari 2024 Expansion : MAD/MAD_S1/MAD01/MAD01_R3/MAD_S1_MAD01_R3_IMAG2103.JPG,Snapshot Safari 2024 Expansion : MAD_S1#MAD01#3#701,Snapshot Safari 2024 Expansion : MAD_S1_MAD01,2,african bush elephant,,9,train
https://storage.googleapis.com/public-datasets-lila/wcs-unzipped/animals/0204/1424.jpg,WCS Camera Traps : 115af238-92d5-11e9-bde7-000d3a74c7de,WCS Camera Traps : ken-007-d0053-105,WCS Camera Traps : 1274,4,african bush elephant,02-19-2012 00:58:06,9,train
https://storage.googleapis.com/public-datasets-lila/snapshotserengeti-unzipped/SER_S11/E02/E02_R2/SER_S11_E02_R2_IMAG0624.JPG,Snapshot Serengeti : SER_S11/E02/E02_R2/SER_S11_E02_R2_IMAG0624,Snapshot Serengeti : SER_S11#E02#2#225,Snapshot Serengeti : E02,3,african bush elephant,11-11-2015 15:40:11,9,test
https://storage.googleapis.com/public-datasets-lila/snapshot-safari-2024-expansion/APN/APN_S3/DW/DW_R11/APN_S3_DW_R11_IMAG0696.JPG,Snapshot Safari 2024 Expansion : APN/APN_S3/DW/DW_R11/APN_S3_DW_R11_IMAG0696.JPG,Snapshot Safari 2024 Expansion : APN_S3#DW#11#243,Snapshot Safari 2024 Expansion : APN_S3_DW,1,african bush elephant,,9,train
https://storage.googleapis.com/public-datasets-lila/snapshotserengeti-unzipped/S1/K08/K08_R1/S1_K08_R1_PICT0892.JPG,Snapshot Serengeti : S1/K08/K08_R1/S1_K08_R1_PICT0892,Snapshot Serengeti : SER_S1#K08#1#298,Snapshot Serengeti : K08,3,african bush elephant,10-20-2010 10:57:00,9,train
https://storage.googleapis.com/public-datasets-lila/snapshot-safari-2024-expansion/MAD/MAD_S2/MAD03/MAD03_R7/MAD_S2_MAD03_R7_IMAG5455.JPG,Snapshot Safari 2024 Expansion : MAD/MAD_S2/MAD03/MAD03_R7/MAD_S2_MAD03_R7_IMAG5455.JPG,Snapshot Safari 2024 Expansion : MAD_S2#MAD03#7#1819,Snapshot Safari 2024 Expansion : MAD_S2_MAD03,0,african bush elephant,,9,train
https://storage.googleapis.com/public-datasets-lila/snapshotserengeti-unzipped/S9/L11/L11_R2/S9_L11_R2_IMAG0662.JPG,Snapshot Serengeti : S9/L11/L11_R2/S9_L11_R2_IMAG0662,Snapshot Serengeti : SER_S9#L11#2#252,Snapshot Serengeti : L11,1,african bush elephant,10-01-2014 10:32:37,9,val
https://storage.googleapis.com/public-datasets-lila/snapshot-safari-2024-expansion/MAD/MAD_S1/MAD03/MAD03_R4/MAD_S1_MAD03_R4_IMAG1845.JPG,Snapshot Safari 2024 Expansion : MAD/MAD_S1/MAD03/MAD03_R4/MAD_S1_MAD03_R4_IMAG1845.JPG,Snapshot Safari 2024 Expansion : MAD_S1#MAD03#4#616,Snapshot Safari 2024 Expansion : MAD_S1_MAD03,1,african bush elephant,,9,train
https://storage.googleapis.com/public-datasets-lila/snapshot-safari-2024-expansion/Snapshot Cameo/EFA/EFA_S1/EFA08/EFA08_R14/EFA_S1_EFA08_R14_IMAG2796.JPG,Snapshot Safari 2024 Expansion : Snapshot Cameo/EFA/EFA_S1/EFA08/EFA08_R14/EFA_S1_EFA08_R14_IMAG2796.JPG,Snapshot Safari 2024 Expansion : EFA_S1#EFA08#14#554,Snapshot Safari 2024 Expansion : EFA_S1_EFA08,1,african bush elephant,,9,test
https://storage.googleapis.com/public-datasets-lila/snapshot-safari-2024-expansion/SER/SER_S12/E06/E06_R2/SER_S12_E06_R2_IMAG0647.JPG,Snapshot Safari 2024 Expansion : SER/SER_S12/E06/E06_R2/SER_S12_E06_R2_IMAG0647.JPG,Snapshot Safari 2024 Expansion : SER_S12#E06#2#645,Snapshot Safari 2024 Expansion : SER_S12_E06,0,african bush elephant,,9,train
https://storage.googleapis.com/public-datasets-lila/snapshot-safari-2024-expansion/SER/SER_S13/O10/O10_R2/SER_S13_O10_R2_IMAG0281.JPG,Snapshot Safari 2024 Expansion : SER/SER_S13/O10/O10_R2/SER_S13_O10_R2_IMAG0281.JPG,Snapshot Safari 2024 Expansion : SER_S13#O10#2#111,Snapshot Safari 2024 Expansion : SER_S13_O10,0,african bush elephant,,9,train
https://storage.googleapis.com/public-datasets-lila/snapshot-safari-2024-expansion/SER/SER_S12/K08/K08_R2/SER_S12_K08_R2_IMAG1534.JPG,Snapshot Safari 2024 Expansion : SER/SER_S12/K08/K08_R2/SER_S12_K08_R2_IMAG1534.JPG,Snapshot Safari 2024 Expansion : SER_S12#K08#2#554,Snapshot Safari 2024 Expansion : SER_S12_K08,0,african bush elephant,,9,train
https://storage.googleapis.com/public-datasets-lila/snapshot-safari-2024-expansion/MAD/MAD_S1/H08/H08_R3/MAD_S1_H08_R3_IMAG3154.JPG,Snapshot Safari 2024 Expansion : MAD/MAD_S1/H08/H08_R3/MAD_S1_H08_R3_IMAG3154.JPG,Snapshot Safari 2024 Expansion : MAD_S1#H08#3#1052,Snapshot Safari 2024 Expansion : MAD_S1_H08,0,african bush elephant,,9,train
https://storage.googleapis.com/public-datasets-lila/snapshot-safari-2024-expansion/Snapshot Cameo/EFA/EFA_S1/EFA07/EFA07_R15/EFA_S1_EFA07_R15_IMAG1073.JPG,Snapshot Safari 2024 Expansion : Snapshot Cameo/EFA/EFA_S1/EFA07/EFA07_R15/EFA_S1_EFA07_R15_IMAG1073.JPG,Snapshot Safari 2024 Expansion : EFA_S1#EFA07#15#280,Snapshot Safari 2024 Expansion : EFA_S1_EFA07,2,african bush elephant,,9,train
https://storage.googleapis.com/public-datasets-lila/snapshot-safari-2024-expansion/APN/APN_S3/TB17/TB17_R5/APN_S3_TB17_R5_IMAG0362.JPG,Snapshot Safari 2024 Expansion : APN/APN_S3/TB17/TB17_R5/APN_S3_TB17_R5_IMAG0362.JPG,Snapshot Safari 2024 Expansion : APN_S3#TB17#5#136,Snapshot Safari 2024 Expansion : APN_S3_TB17,0,african bush elephant,,9,train
https://storage.googleapis.com/public-datasets-lila/snapshot-safari-2024-expansion/PLN/PLN_S3a/D01/D01_R8/PLN_S3a_D01_R8_IMAG0522.JPG,Snapshot Safari 2024 Expansion : PLN/PLN_S3a/D01/D01_R8/PLN_S3a_D01_R8_IMAG0522.JPG,Snapshot Safari 2024 Expansion : PLN_S3a#D01#8#212,Snapshot Safari 2024 Expansion : PLN_S3A_D01,0,african bush elephant,,9,train
https://storage.googleapis.com/public-datasets-lila/snapshotserengeti-unzipped/S3/K05/K05_R12/S3_K05_R12_IMAG0023.JPG,Snapshot Serengeti : S3/K05/K05_R12/S3_K05_R12_IMAG0023,Snapshot Serengeti : SER_S3#K05#12#9,Snapshot Serengeti : K05,3,african bush elephant,11-11-2011 09:39:59,9,val
https://storage.googleapis.com/public-datasets-lila/snapshotserengeti-unzipped/SER_S11/K10/K10_R1/SER_S11_K10_R1_IMAG0208.JPG,Snapshot Serengeti : SER_S11/K10/K10_R1/SER_S11_K10_R1_IMAG0208,Snapshot Serengeti : SER_S11#K10#1#72,Snapshot Serengeti : K10,2,african bush elephant,07-13-2015 16:47:13,9,train
https://storage.googleapis.com/public-datasets-lila/snapshot-safari-2024-expansion/APN/APN_S3/TB17/TB17_R2/APN_S3_TB17_R2_IMAG1451.JPG,Snapshot Safari 2024 Expansion : APN/APN_S3/TB17/TB17_R2/APN_S3_TB17_R2_IMAG1451.JPG,Snapshot Safari 2024 Expansion : APN_S3#TB17#2#538,Snapshot Safari 2024 Expansion : APN_S3_TB17,1,african bush elephant,,9,train
https://storage.googleapis.com/public-datasets-lila/snapshot-safari-2024-expansion/SER/SER_S12/J10/J10_R2/SER_S12_J10_R2_IMAG0071.JPG,Snapshot Safari 2024 Expansion : SER/SER_S12/J10/J10_R2/SER_S12_J10_R2_IMAG0071.JPG,Snapshot Safari 2024 Expansion : SER_S12#J10#2#39,Snapshot Safari 2024 Expansion : SER_S12_J10,0,african bush elephant,,9,train
https://storage.googleapis.com/public-datasets-lila/snapshotserengeti-unzipped/S5/C02/C02_R3/S5_C02_R3_IMAG0816.JPG,Snapshot Serengeti : S5/C02/C02_R3/S5_C02_R3_IMAG0816,Snapshot Serengeti : SER_S5#C02#3#325,Snapshot Serengeti : C02,3,african bush elephant,11-17-2012 10:20:44,9,val
https://storage.googleapis.com/public-datasets-lila/snapshot-safari-2024-expansion/MAD/MAD_S1/MAD01/MAD01_R4/MAD_S1_MAD01_R4_IMAG2149.JPG,Snapshot Safari 2024 Expansion : MAD/MAD_S1/MAD01/MAD01_R4/MAD_S1_MAD01_R4_IMAG2149.JPG,Snapshot Safari 2024 Expansion : MAD_S1#MAD01#4#717,Snapshot Safari 2024 Expansion : MAD_S1_MAD01,0,african bush elephant,,9,train
https://storage.googleapis.com/public-datasets-lila/snapshot-safari-2024-expansion/Snapshot Cameo/EFA/EFA_S1/EFA08/EFA08_R40/EFA_S1_EFA08_R40_IMAG1424.JPG,Snapshot Safari 2024 Expansion : Snapshot Cameo/EFA/EFA_S1/EFA08/EFA08_R40/EFA_S1_EFA08_R40_IMAG1424.JPG,Snapshot Safari 2024 Expansion : EFA_S1#EFA08#40#201,Snapshot Safari 2024 Expansion : EFA_S1_EFA08,1,african bush elephant,,9,test
https://storage.googleapis.com/public-datasets-lila/snapshot-safari-2024-expansion/Snapshot Cameo/EFA/EFA_S1/EFA06/EFA06_R29/EFA_S1_EFA06_R29_IMAG0477.JPG,Snapshot Safari 2024 Expansion : Snapshot Cameo/EFA/EFA_S1/EFA06/EFA06_R29/EFA_S1_EFA06_R29_IMAG0477.JPG,Snapshot Safari 2024 Expansion : EFA_S1#EFA06#29#128,Snapshot Safari 2024 Expansion : EFA_S1_EFA06,2,african bush elephant,,9,train
https://storage.googleapis.com/public-datasets-lila/snapshot-safari-2024-expansion/MAD/MAD_S3/MAD04/MAD04_R11/MAD_S3_MAD04_R11_IMAG1096.JPG,Snapshot Safari 2024 Expansion : MAD/MAD_S3/MAD04/MAD04_R11/MAD_S3_MAD04_R11_IMAG1096.JPG,Snapshot Safari 2024 Expansion : MAD_S3#MAD04#11#366,Snapshot Safari 2024 Expansion : MAD_S3_MAD04,0,african bush elephant,,9,train
https://storage.googleapis.com/public-datasets-lila/wcs-unzipped/animals/0192/1377.jpg,WCS Camera Traps : 0cf15657-92d5-11e9-9542-000d3a74c7de,WCS Camera Traps : ken-008-d0017-4,WCS Camera Traps : 1200,10,african bush elephant,09-15-2010 18:49:27,9,train
https://storage.googleapis.com/public-datasets-lila/snapshot-safari-2024-expansion/RUA/RUA_S1/M6/M6_R1/RUA_S1_M6_R1_IMAG1270.JPG,Snapshot Safari 2024 Expansion : RUA/RUA_S1/M6/M6_R1/RUA_S1_M6_R1_IMAG1270.JPG,Snapshot Safari 2024 Expansion : RUA_S1#M6#1#1270,Snapshot Safari 2024 Expansion : RUA_S1_M6,0,african bush elephant,,9,train
https://storage.googleapis.com/public-datasets-lila/snapshot-safari-2024-expansion/Snapshot Cameo/EFA/EFA_S1/EFA03/EFA03_R12/EFA_S1_EFA03_R12_IMAG0249.JPG,Snapshot Safari 2024 Expansion : Snapshot Cameo/EFA/EFA_S1/EFA03/EFA03_R12/EFA_S1_EFA03_R12_IMAG0249.JPG,Snapshot Safari 2024 Expansion : EFA_S1#EFA03#12#81,Snapshot Safari 2024 Expansion : EFA_S1_EFA03,0,african bush elephant,,9,train
https://storage.googleapis.com/public-datasets-lila/snapshot-safari-2024-expansion/SER/SER_S12/C03/C03_R3/SER_S12_C03_R3_IMAG0881.JPG,Snapshot Safari 2024 Expansion : SER/SER_S12/C03/C03_R3/SER_S12_C03_R3_IMAG0881.JPG,Snapshot Safari 2024 Expansion : SER_S12#C03#3#321,Snapshot Safari 2024 Expansion : SER_S12_C03,2,african bush elephant,,9,test
https://storage.googleapis.com/public-datasets-lila/snapshotserengeti-unzipped/S4/F05/F05_R2/S4_F05_R2_IMAG0032.JPG,Snapshot Serengeti : S4/F05/F05_R2/S4_F05_R2_IMAG0032,Snapshot Serengeti : SER_S4#F05#2#12,Snapshot Serengeti : F05,1,african bush elephant,02-15-2012 13:58:37,9,test
https://storage.googleapis.com/public-datasets-lila/snapshotserengeti-unzipped/S8/S09/S09_R2/S8_S09_R2_IMAG0740.JPG,Snapshot Serengeti : S8/S09/S09_R2/S8_S09_R2_IMAG0740,Snapshot Serengeti : SER_S8#S09#2#253,Snapshot Serengeti : S09,1,african bush elephant,03-16-2014 00:10:16,9,train
https://storage.googleapis.com/public-datasets-lila/snapshot-safari-2024-expansion/MAD/MAD_S2/MAD05/MAD05_R6/MAD_S2_MAD05_R6_IMAG0251.JPG,Snapshot Safari 2024 Expansion : MAD/MAD_S2/MAD05/MAD05_R6/MAD_S2_MAD05_R6_IMAG0251.JPG,Snapshot Safari 2024 Expansion : MAD_S2#MAD05#6#84,Snapshot Safari 2024 Expansion : MAD_S2_MAD05,1,african bush elephant,,9,val
https://storage.googleapis.com/public-datasets-lila/snapshot-safari-2024-expansion/MAD/MAD_S2/MAD03/MAD03_R6/MAD_S2_MAD03_R6_IMAG3034.JPG,Snapshot Safari 2024 Expansion : MAD/MAD_S2/MAD03/MAD03_R6/MAD_S2_MAD03_R6_IMAG3034.JPG,Snapshot Safari 2024 Expansion : MAD_S2#MAD03#6#1012,Snapshot Safari 2024 Expansion : MAD_S2_MAD03,0,african bush elephant,,9,train
https://storage.googleapis.com/public-datasets-lila/wcs-unzipped/animals/0203/1588.jpg,WCS Camera Traps : 11053128-92d5-11e9-9830-000d3a74c7de,WCS Camera Traps : ken-007-d0038-92,WCS Camera Traps : 1257,6,african bush elephant,02-21-2012 17:03:28,9,train
https://storage.googleapis.com/public-datasets-lila/snapshot-safari-2024-expansion/Snapshot Cameo/EFA/EFA_S1/EFA08/EFA08_R40/EFA_S1_EFA08_R40_IMAG1116.JPG,Snapshot Safari 2024 Expansion : Snapshot Cameo/EFA/EFA_S1/EFA08/EFA08_R40/EFA_S1_EFA08_R40_IMAG1116.JPG,Snapshot Safari 2024 Expansion : EFA_S1#EFA08#40#152,Snapshot Safari 2024 Expansion : EFA_S1_EFA08,2,african bush elephant,,9,test
https://storage.googleapis.com/public-datasets-lila/snapshot-safari-2024-expansion/Snapshot Cameo/EFA/EFA_S1/EFA07/EFA07_R44/EFA_S1_EFA07_R44_IMAG1036.JPG,Snapshot Safari 2024 Expansion : Snapshot Cameo/EFA/EFA_S1/EFA07/EFA07_R44/EFA_S1_EFA07_R44_IMAG1036.JPG,Snapshot Safari 2024 Expansion : EFA_S1#EFA07#44#227,Snapshot Safari 2024 Expansion : EFA_S1_EFA07,2,african bush elephant,,9,train
https://storage.googleapis.com/public-datasets-lila/snapshot-safari-2024-expansion/MAD/MAD_S3/MAD04/MAD04_R11/MAD_S3_MAD04_R11_IMAG0059.JPG,Snapshot Safari 2024 Expansion : MAD/MAD_S3/MAD04/MAD04_R11/MAD_S3_MAD04_R11_IMAG0059.JPG,Snapshot Safari 2024 Expansion : MAD_S3#MAD04#11#20,Snapshot Safari 2024 Expansion : MAD_S3_MAD04,1,african bush elephant,,9,train
https://storage.googleapis.com/public-datasets-lila/snapshot-safari-2024-expansion/Snapshot Cameo/DEB/DEB_S1/G4/G4_R54/DEB_S1_G4_R54_IMAG0397.JPG,Snapshot Safari 2024 Expansion : Snapshot Cameo/DEB/DEB_S1/G4/G4_R54/DEB_S1_G4_R54_IMAG0397.JPG,Snapshot Safari 2024 Expansion : DEB_S1#G4#54#397,Snapshot Safari 2024 Expansion : DEB_S1_G4,0,african bush elephant,,9,train
https://storage.googleapis.com/public-datasets-lila/snapshot-safari-2024-expansion/MAD/MAD_S1/MAD06/MAD06_R4/MAD_S1_MAD06_R4_IMAG2783.JPG,Snapshot Safari 2024 Expansion : MAD/MAD_S1/MAD06/MAD06_R4/MAD_S1_MAD06_R4_IMAG2783.JPG,Snapshot Safari 2024 Expansion : MAD_S1#MAD06#4#928,Snapshot Safari 2024 Expansion : MAD_S1_MAD06,1,african bush elephant,,9,test
https://storage.googleapis.com/public-datasets-lila/snapshot-safari-2024-expansion/APN/APN_S4/U23a/U23a_R13/APN_S4_U23a_R13_IMAG0307.JPG,Snapshot Safari 2024 Expansion : APN/APN_S4/U23a/U23a_R13/APN_S4_U23a_R13_IMAG0307.JPG,Snapshot Safari 2024 Expansion : APN_S4#U23a#13#150,Snapshot Safari 2024 Expansion : APN_S4_U23A,1,african bush elephant,,9,train
https://storage.googleapis.com/public-datasets-lila/snapshot-safari-2024-expansion/MAD/MAD_S3/MAD04/MAD04_R10/MAD_S3_MAD04_R10_IMAG0305.JPG,Snapshot Safari 2024 Expansion : MAD/MAD_S3/MAD04/MAD04_R10/MAD_S3_MAD04_R10_IMAG0305.JPG,Snapshot Safari 2024 Expansion : MAD_S3#MAD04#10#102,Snapshot Safari 2024 Expansion : MAD_S3_MAD04,1,african bush elephant,,9,train
https://storage.googleapis.com/public-datasets-lila/snapshot-safari/KRU/KRU_public/KRU_S1/47/47_R1/KRU_S1_47_R1_IMAG0146.JPG,Snapshot Kruger : KRU_S1/47/47_R1/KRU_S1_47_R1_IMAG0146,Snapshot Kruger : KRU_S1#47#1#61,Snapshot Kruger : 47,2,african bush elephant,06-25-2018 10:03:30,9,train
https://storage.googleapis.com/public-datasets-lila/snapshot-safari-2024-expansion/Snapshot Cameo/EFA/EFA_S1/EFA08/EFA08_R21/EFA_S1_EFA08_R21_IMAG1550.JPG,Snapshot Safari 2024 Expansion : Snapshot Cameo/EFA/EFA_S1/EFA08/EFA08_R21/EFA_S1_EFA08_R21_IMAG1550.JPG,Snapshot Safari 2024 Expansion : EFA_S1#EFA08#21#269,Snapshot Safari 2024 Expansion : EFA_S1_EFA08,1,african bush elephant,,9,test
https://storage.googleapis.com/public-datasets-lila/snapshot-safari-2024-expansion/MAD/MAD_S1/MAD04/MAD04_R3/MAD_S1_MAD04_R3_IMAG0895.JPG,Snapshot Safari 2024 Expansion : MAD/MAD_S1/MAD04/MAD04_R3/MAD_S1_MAD04_R3_IMAG0895.JPG,Snapshot Safari 2024 Expansion : MAD_S1#MAD04#3#299,Snapshot Safari 2024 Expansion : MAD_S1_MAD04,0,african bush elephant,,9,val
https://storage.googleapis.com/public-datasets-lila/snapshot-safari-2024-expansion/MAD/MAD_S3/MAD04/MAD04_R08/MAD_S3_MAD04_R08_IMAG2056.JPG,Snapshot Safari 2024 Expansion : MAD/MAD_S3/MAD04/MAD04_R08/MAD_S3_MAD04_R08_IMAG2056.JPG,Snapshot Safari 2024 Expansion : MAD_S3#MAD04#08#686,Snapshot Safari 2024 Expansion : MAD_S3_MAD04,0,african bush elephant,,9,train
https://storage.googleapis.com/public-datasets-lila/snapshot-safari-2024-expansion/APN/APN_S2/DW/DW_R5/APN_S2_DW_R5_IMAG0169.JPG,Snapshot Safari 2024 Expansion : APN/APN_S2/DW/DW_R5/APN_S2_DW_R5_IMAG0169.JPG,Snapshot Safari 2024 Expansion : APN_S2#DW#5#61,Snapshot Safari 2024 Expansion : APN_S2_DW,0,african bush elephant,,9,train
https://storage.googleapis.com/public-datasets-lila/wcs-unzipped/animals/0205/1157.jpg,WCS Camera Traps : 11ace2b3-92d5-11e9-8e99-000d3a74c7de,WCS Camera Traps : ken-007-d0063-9,WCS Camera Traps : 1284,9,african bush elephant,02-11-2012 19:56:10,9,val
https://storage.googleapis.com/public-datasets-lila/snapshot-safari-2024-expansion/MAD/MAD_S2/MAD06/MAD06_R6/MAD_S2_MAD06_R6_IMAG3321.JPG,Snapshot Safari 2024 Expansion : MAD/MAD_S2/MAD06/MAD06_R6/MAD_S2_MAD06_R6_IMAG3321.JPG,Snapshot Safari 2024 Expansion : MAD_S2#MAD06#6#1107,Snapshot Safari 2024 Expansion : MAD_S2_MAD06,2,african bush elephant,,9,val
https://storage.googleapis.com/public-datasets-lila/wcs-unzipped/animals/0352/1389.jpg,WCS Camera Traps : 47d32613-92d5-11e9-9102-000d3a74c7de,WCS Camera Traps : ken-016-d0093-23,WCS Camera Traps : 1317,86,african bush elephant,02-19-2013 10:35:10,9,test
https://storage.googleapis.com/public-datasets-lila/snapshot-safari-2024-expansion/MAD/MAD_S2/MAD06/MAD06_R6/MAD_S2_MAD06_R6_IMAG1194.JPG,Snapshot Safari 2024 Expansion : MAD/MAD_S2/MAD06/MAD06_R6/MAD_S2_MAD06_R6_IMAG1194.JPG,Snapshot Safari 2024 Expansion : MAD_S2#MAD06#6#398,Snapshot Safari 2024 Expansion : MAD_S2_MAD06,2,african bush elephant,,9,val
https://storage.googleapis.com/public-datasets-lila/snapshotserengeti-unzipped/S9/C13/C13_R1/S9_C13_R1_IMAG0996.JPG,Snapshot Serengeti : S9/C13/C13_R1/S9_C13_R1_IMAG0996,Snapshot Serengeti : SER_S9#C13#1#356,Snapshot Serengeti : C13,2,african bush elephant,08-07-2014 16:04:51,9,val
https://storage.googleapis.com/public-datasets-lila/snapshot-safari-2024-expansion/Snapshot Cameo/EFA/EFA_S1/EFA08/EFA08_R2/EFA_S1_EFA08_R2_IMAG0940.JPG,Snapshot Safari 2024 Expansion : Snapshot Cameo/EFA/EFA_S1/EFA08/EFA08_R2/EFA_S1_EFA08_R2_IMAG0940.JPG,Snapshot Safari 2024 Expansion : EFA_S1#EFA08#2#208,Snapshot Safari 2024 Expansion : EFA_S1_EFA08,1,african bush elephant,,9,test
https://storage.googleapis.com/public-datasets-lila/snapshot-safari-2024-expansion/MAD/MAD_S2/MAD03/MAD03_R7/MAD_S2_MAD03_R7_IMAG2990.JPG,Snapshot Safari 2024 Expansion : MAD/MAD_S2/MAD03/MAD03_R7/MAD_S2_MAD03_R7_IMAG2990.JPG,Snapshot Safari 2024 Expansion : MAD_S2#MAD03#7#997,Snapshot Safari 2024 Expansion : MAD_S2_MAD03,1,african bush elephant,,9,train
https://storage.googleapis.com/public-datasets-lila/snapshotserengeti-unzipped/S8/D06/D06_R3/S8_D06_R3_IMAG1406.JPG,Snapshot Serengeti : S8/D06/D06_R3/S8_D06_R3_IMAG1406,Snapshot Serengeti : SER_S8#D06#3#590,Snapshot Serengeti : D06,3,african bush elephant,07-07-2014 13:23:25,9,train
https://storage.googleapis.com/public-datasets-lila/snapshot-safari-2024-expansion/MAD/MAD_S2/MAD03/MAD03_R5/MAD_S2_MAD03_R5_IMAG2415.JPG,Snapshot Safari 2024 Expansion : MAD/MAD_S2/MAD03/MAD03_R5/MAD_S2_MAD03_R5_IMAG2415.JPG,Snapshot Safari 2024 Expansion : MAD_S2#MAD03#5#805,Snapshot Safari 2024 Expansion : MAD_S2_MAD03,2,african bush elephant,,9,train
https://storage.googleapis.com/public-datasets-lila/snapshotserengeti-unzipped/S7/F07/F07_R1/S7_F07_R1_IMAG0019.JPG,Snapshot Serengeti : S7/F07/F07_R1/S7_F07_R1_IMAG0019,Snapshot Serengeti : SER_S7#F07#1#8,Snapshot Serengeti : F07,2,african bush elephant,04-23-2013 14:57:20,9,test
https://storage.googleapis.com/public-datasets-lila/snapshotserengeti-unzipped/S8/J08/J08_R2/S8_J08_R2_IMAG0068.JPG,Snapshot Serengeti : S8/J08/J08_R2/S8_J08_R2_IMAG0068,Snapshot Serengeti : SER_S8#J08#2#66,Snapshot Serengeti : J08,1,african bush elephant,02-24-2014 08:47:32,9,val
https://storage.googleapis.com/public-datasets-lila/snapshot-safari-2024-expansion/Snapshot Cameo/EFA/EFA_S1/EFA08/EFA08_R2/EFA_S1_EFA08_R2_IMAG0218.JPG,Snapshot Safari 2024 Expansion : Snapshot Cameo/EFA/EFA_S1/EFA08/EFA08_R2/EFA_S1_EFA08_R2_IMAG0218.JPG,Snapshot Safari 2024 Expansion : EFA_S1#EFA08#2#48,Snapshot Safari 2024 Expansion : EFA_S1_EFA08,2,african bush elephant,,9,test
https://storage.googleapis.com/public-datasets-lila/snapshot-safari-2024-expansion/MAD/MAD_S2/MAD06/MAD06_R6/MAD_S2_MAD06_R6_IMAG3862.JPG,Snapshot Safari 2024 Expansion : MAD/MAD_S2/MAD06/MAD06_R6/MAD_S2_MAD06_R6_IMAG3862.JPG,Snapshot Safari 2024 Expansion : MAD_S2#MAD06#6#1288,Snapshot Safari 2024 Expansion : MAD_S2_MAD06,0,african bush elephant,,9,val
https://storage.googleapis.com/public-datasets-lila/snapshotserengeti-unzipped/S2/C03/C03_R2/S2_C03_R2_IMAG0112.JPG,Snapshot Serengeti : S2/C03/C03_R2/S2_C03_R2_IMAG0112,Snapshot Serengeti : SER_S2#C03#2#60,Snapshot Serengeti : C03,3,african bush elephant,04-12-2011 08:29:14,9,train
https://storage.googleapis.com/public-datasets-lila/snapshotserengeti-unzipped/S9/G05/G05_R2/S9_G05_R2_IMAG0648.JPG,Snapshot Serengeti : S9/G05/G05_R2/S9_G05_R2_IMAG0648,Snapshot Serengeti : SER_S9#G05#2#296,Snapshot Serengeti : G05,2,african bush elephant,10-12-2014 15:48:21,9,train
https://storage.googleapis.com/public-datasets-lila/snapshot-safari-2024-expansion/Snapshot Cameo/EFA/EFA_S1/EFA08/EFA08_R29/EFA_S1_EFA08_R29_IMAG0064.JPG,Snapshot Safari 2024 Expansion : Snapshot Cameo/EFA/EFA_S1/EFA08/EFA08_R29/EFA_S1_EFA08_R29_IMAG0064.JPG,Snapshot Safari 2024 Expansion : EFA_S1#EFA08#29#10,Snapshot Safari 2024 Expansion : EFA_S1_EFA08,1,african bush elephant,,9,test
https://storage.googleapis.com/public-datasets-lila/snapshot-safari-2024-expansion/MAD/MAD_S1/MAD04/MAD04_R3/MAD_S1_MAD04_R3_IMAG1281.JPG,Snapshot Safari 2024 Expansion : MAD/MAD_S1/MAD04/MAD04_R3/MAD_S1_MAD04_R3_IMAG1281.JPG,Snapshot Safari 2024 Expansion : MAD_S1#MAD04#3#427,Snapshot Safari 2024 Expansion : MAD_S1_MAD04,2,african bush elephant,,9,val
https://storage.googleapis.com/public-datasets-lila/snapshotserengeti-unzipped/S5/N09/N09_R3/S5_N09_R3_IMAG0023.JPG,Snapshot Serengeti : S5/N09/N09_R3/S5_N09_R3_IMAG0023,Snapshot Serengeti : SER_S5#N09#3#8,Snapshot Serengeti : N09,2,african bush elephant,10-30-2012 16:45:20,9,train
https://storage.googleapis.com/public-datasets-lila/snapshot-safari-2024-expansion/Snapshot Cameo/EFA/EFA_S1/EFA03/EFA03_R4/EFA_S1_EFA03_R4_IMAG0009.JPG,Snapshot Safari 2024 Expansion : Snapshot Cameo/EFA/EFA_S1/EFA03/EFA03_R4/EFA_S1_EFA03_R4_IMAG0009.JPG,Snapshot Safari 2024 Expansion : EFA_S1#EFA03#4#5,Snapshot Safari 2024 Expansion : EFA_S1_EFA03,1,african bush elephant,,9,train
https://storage.googleapis.com/public-datasets-lila/snapshotserengeti-unzipped/S5/O10/O10_R2/S5_O10_R2_IMAG0093.JPG,Snapshot Serengeti : S5/O10/O10_R2/S5_O10_R2_IMAG0093,Snapshot Serengeti : SER_S5#O10#2#37,Snapshot Serengeti : O10,1,african bush elephant,10-02-2012 14:41:06,9,train
https://storage.googleapis.com/public-datasets-lila/snapshot-safari-2024-expansion/MAD/MAD_S2/MAD03/MAD03_R7/MAD_S2_MAD03_R7_IMAG2407.JPG,Snapshot Safari 2024 Expansion : MAD/MAD_S2/MAD03/MAD03_R7/MAD_S2_MAD03_R7_IMAG2407.JPG,Snapshot Safari 2024 Expansion : MAD_S2#MAD03#7#803,Snapshot Safari 2024 Expansion : MAD_S2_MAD03,0,african bush elephant,,9,train
https://storage.googleapis.com/public-datasets-lila/snapshot-safari-2024-expansion/MAD/MAD_S1/MAD06/MAD06_R3/MAD_S1_MAD06_R3_IMAG1462.JPG,Snapshot Safari 2024 Expansion : MAD/MAD_S1/MAD06/MAD06_R3/MAD_S1_MAD06_R3_IMAG1462.JPG,Snapshot Safari 2024 Expansion : MAD_S1#MAD06#3#488,Snapshot Safari 2024 Expansion : MAD_S1_MAD06,0,african bush elephant,,9,test
https://storage.googleapis.com/public-datasets-lila/snapshot-safari-2024-expansion/Snapshot Cameo/EFA/EFA_S1/EFA07/EFA07_R2/EFA_S1_EFA07_R2_IMAG3319.JPG,Snapshot Safari 2024 Expansion : Snapshot Cameo/EFA/EFA_S1/EFA07/EFA07_R2/EFA_S1_EFA07_R2_IMAG3319.JPG,Snapshot Safari 2024 Expansion : EFA_S1#EFA07#2#801,Snapshot Safari 2024 Expansion : EFA_S1_EFA07,1,african bush elephant,,9,train
https://storage.googleapis.com/public-datasets-lila/snapshot-safari-2024-expansion/Snapshot Cameo/EFA/EFA_S1/EFA06/EFA06_R22/EFA_S1_EFA06_R22_IMAG1640.JPG,Snapshot Safari 2024 Expansion : Snapshot Cameo/EFA/EFA_S1/EFA06/EFA06_R22/EFA_S1_EFA06_R22_IMAG1640.JPG,Snapshot Safari 2024 Expansion : EFA_S1#EFA06#22#1453,Snapshot Safari 2024 Expansion : EFA_S1_EFA06,0,african bush elephant,,9,train
https://storage.googleapis.com/public-datasets-lila/snapshotserengeti-unzipped/S2/D04/D04_R1/S2_D04_R1_PICT0787.JPG,Snapshot Serengeti : S2/D04/D04_R1/S2_D04_R1_PICT0787,Snapshot Serengeti : SER_S2#D04#1#263,Snapshot Serengeti : D04,3,african bush elephant,02-19-2011 18:18:10,9,test
https://storage.googleapis.com/public-datasets-lila/wcs-unzipped/animals/0212/0211.jpg,WCS Camera Traps : 140f63c8-92d5-11e9-9832-000d3a74c7de,WCS Camera Traps : ken-007-d0069-723,WCS Camera Traps : 1290,9,african bush elephant,02-20-2012 17:38:21,9,val
https://storage.googleapis.com/public-datasets-lila/snapshot-safari-2024-expansion/Snapshot Cameo/EFA/EFA_S1/EFA07/EFA07_R47/EFA_S1_EFA07_R47_IMAG0117.JPG,Snapshot Safari 2024 Expansion : Snapshot Cameo/EFA/EFA_S1/EFA07/EFA07_R47/EFA_S1_EFA07_R47_IMAG0117.JPG,Snapshot Safari 2024 Expansion : EFA_S1#EFA07#47#40,Snapshot Safari 2024 Expansion : EFA_S1_EFA07,0,african bush elephant,,9,train
https://storage.googleapis.com/public-datasets-lila/snapshot-safari-2024-expansion/Snapshot Cameo/EFA/EFA_S1/EFA07/EFA07_R16/EFA_S1_EFA07_R16_IMAG1178.JPG,Snapshot Safari 2024 Expansion : Snapshot Cameo/EFA/EFA_S1/EFA07/EFA07_R16/EFA_S1_EFA07_R16_IMAG1178.JPG,Snapshot Safari 2024 Expansion : EFA_S1#EFA07#16#224,Snapshot Safari 2024 Expansion : EFA_S1_EFA07,0,african bush elephant,,9,train
https://storage.googleapis.com/public-datasets-lila/wcs-unzipped/animals/0367/0136.jpg,WCS Camera Traps : 4cfc3ba4-92d5-11e9-b3e0-000d3a74c7de,WCS Camera Traps : ken-014-d0025-1,WCS Camera Traps : 2699,1,african bush elephant,07-09-2009 06:12:34,9,val
https://storage.googleapis.com/public-datasets-lila/wcs-unzipped/animals/0335/1711.jpg,WCS Camera Traps : 41a6d112-92d5-11e9-9cec-000d3a74c7de,WCS Camera Traps : ken-016-d0010-47,WCS Camera Traps : 1228,15,african bush elephant,01-26-2013 01:47:39,9,train
https://storage.googleapis.com/public-datasets-lila/snapshot-safari-2024-expansion/APN/APN_S4/JJ8/JJ8_R14/APN_S4_JJ8_R14_IMAG0264.JPG,Snapshot Safari 2024 Expansion : APN/APN_S4/JJ8/JJ8_R14/APN_S4_JJ8_R14_IMAG0264.JPG,Snapshot Safari 2024 Expansion : APN_S4#JJ8#14#109,Snapshot Safari 2024 Expansion : APN_S4_JJ8,1,african bush elephant,,9,train
https://storage.googleapis.com/public-datasets-lila/snapshot-safari-2024-expansion/MAD/MAD_S1/MAD06/MAD06_R3/MAD_S1_MAD06_R3_IMAG3525.JPG,Snapshot Safari 2024 Expansion : MAD/MAD_S1/MAD06/MAD06_R3/MAD_S1_MAD06_R3_IMAG3525.JPG,Snapshot Safari 2024 Expansion : MAD_S1#MAD06#3#1175,Snapshot Safari 2024 Expansion : MAD_S1_MAD06,2,african bush elephant,,9,test
https://storage.googleapis.com/public-datasets-lila/snapshot-safari-2024-expansion/PLN/PLN_S3a/D02/D02_R8/PLN_S3a_D02_R8_IMAG0270.JPG,Snapshot Safari 2024 Expansion : PLN/PLN_S3a/D02/D02_R8/PLN_S3a_D02_R8_IMAG0270.JPG,Snapshot Safari 2024 Expansion : PLN_S3a#D02#8#113,Snapshot Safari 2024 Expansion : PLN_S3A_D02,1,african bush elephant,,9,train
https://storage.googleapis.com/public-datasets-lila/snapshotserengeti-unzipped/S9/B13/B13_R1/S9_B13_R1_IMAG0328.JPG,Snapshot Serengeti : S9/B13/B13_R1/S9_B13_R1_IMAG0328,Snapshot Serengeti : SER_S9#B13#1#121,Snapshot Serengeti : B13,3,african bush elephant,07-15-2014 14:19:40,9,train
https://storage.googleapis.com/public-datasets-lila/snapshot-safari-2024-expansion/APN/APN_S3/K024/K024_R8/APN_S3_K024_R8_IMAG0430.JPG,Snapshot Safari 2024 Expansion : APN/APN_S3/K024/K024_R8/APN_S3_K024_R8_IMAG0430.JPG,Snapshot Safari 2024 Expansion : APN_S3#K024#8#180,Snapshot Safari 2024 Expansion : APN_S3_K024,2,african bush elephant,,9,train
https://storage.googleapis.com/public-datasets-lila/snapshot-safari-2024-expansion/MAD/MAD_S1/MAD03/MAD03_R3/MAD_S1_MAD03_R3_IMAG0895.JPG,Snapshot Safari 2024 Expansion : MAD/MAD_S1/MAD03/MAD03_R3/MAD_S1_MAD03_R3_IMAG0895.JPG,Snapshot Safari 2024 Expansion : MAD_S1#MAD03#3#299,Snapshot Safari 2024 Expansion : MAD_S1_MAD03,0,african bush elephant,,9,train
https://storage.googleapis.com/public-datasets-lila/snapshotserengeti-unzipped/S7/O11/O11_R3/S7_O11_R3_IMAG0233.JPG,Snapshot Serengeti : S7/O11/O11_R3/S7_O11_R3_IMAG0233,Snapshot Serengeti : SER_S7#O11#3#119,Snapshot Serengeti : O11,1,african bush elephant,11-18-2013 03:17:56,9,train
https://storage.googleapis.com/public-datasets-lila/snapshot-safari-2024-expansion/RUA/RUA_S1/M9/M9_R2/RUA_S1_M9_R2_IMAG0005.JPG,Snapshot Safari 2024 Expansion : RUA/RUA_S1/M9/M9_R2/RUA_S1_M9_R2_IMAG0005.JPG,Snapshot Safari 2024 Expansion : RUA_S1#M9#2#5,Snapshot Safari 2024 Expansion : RUA_S1_M9,0,african bush elephant,,9,train
https://storage.googleapis.com/public-datasets-lila/wcs-unzipped/animals/0337/1046.jpg,WCS Camera Traps : 42418a4b-92d5-11e9-8d64-000d3a74c7de,WCS Camera Traps : ken-016-d0025-91,WCS Camera Traps : 1244,9,african bush elephant,01-28-2013 23:02:43,9,train
https://storage.googleapis.com/public-datasets-lila/snapshot-safari-2024-expansion/APN/APN_S4/U24b/U24b_R13/APN_S4_U24b_R13_IMAG0069.JPG,Snapshot Safari 2024 Expansion : APN/APN_S4/U24b/U24b_R13/APN_S4_U24b_R13_IMAG0069.JPG,Snapshot Safari 2024 Expansion : APN_S4#U24b#13#30,Snapshot Safari 2024 Expansion : APN_S4_U24B,1,african bush elephant,,9,test
https://storage.googleapis.com/public-datasets-lila/snapshotserengeti-unzipped/SER_S11/I07/I07_R1/SER_S11_I07_R1_IMAG0029.JPG,Snapshot Serengeti : SER_S11/I07/I07_R1/SER_S11_I07_R1_IMAG0029,Snapshot Serengeti : SER_S11#I07#1#12,Snapshot Serengeti : I07,2,african bush elephant,08-27-2015 11:51:54,9,val
https://storage.googleapis.com/public-datasets-lila/snapshotserengeti-unzipped/S1/H03/H03_R1/S1_H03_R1_PICT0890.JPG,Snapshot Serengeti : S1/H03/H03_R1/S1_H03_R1_PICT0890,Snapshot Serengeti : SER_S1#H03#1#298,Snapshot Serengeti : H03,1,african bush elephant,09-23-2010 13:02:42,9,train
https://storage.googleapis.com/public-datasets-lila/snapshot-safari-2024-expansion/Snapshot Cameo/EFA/EFA_S1/EFA08/EFA08_R20/EFA_S1_EFA08_R20_IMAG0140.JPG,Snapshot Safari 2024 Expansion : Snapshot Cameo/EFA/EFA_S1/EFA08/EFA08_R20/EFA_S1_EFA08_R20_IMAG0140.JPG,Snapshot Safari 2024 Expansion : EFA_S1#EFA08#20#25,Snapshot Safari 2024 Expansion : EFA_S1_EFA08,2,african bush elephant,,9,test
https://storage.googleapis.com/public-datasets-lila/wcs-unzipped/animals/0040/0698.jpg,WCS Camera Traps : d5b7f394-92d4-11e9-b229-000d3a74c7de,WCS Camera Traps : ken-005-d0036-13,WCS Camera Traps : 618,6,african bush elephant,08-19-2010 11:29:32,9,train
https://storage.googleapis.com/public-datasets-lila/snapshotserengeti-unzipped/S4/P04/P04_R2/S4_P04_R2_IMAG0068.JPG,Snapshot Serengeti : S4/P04/P04_R2/S4_P04_R2_IMAG0068,Snapshot Serengeti : SER_S4#P04#2#42,Snapshot Serengeti : P04,1,african bush elephant,03-26-2012 14:26:14,9,train
https://storage.googleapis.com/public-datasets-lila/snapshot-safari-2024-expansion/Snapshot Cameo/EFA/EFA_S1/EFA07/EFA07_R38/EFA_S1_EFA07_R38_IMAG0525.JPG,Snapshot Safari 2024 Expansion : Snapshot Cameo/EFA/EFA_S1/EFA07/EFA07_R38/EFA_S1_EFA07_R38_IMAG0525.JPG,Snapshot Safari 2024 Expansion : EFA_S1#EFA07#38#73,Snapshot Safari 2024 Expansion : EFA_S1_EFA07,1,african bush elephant,,9,train
https://storage.googleapis.com/public-datasets-lila/wcs-unzipped/animals/0352/1844.jpg,WCS Camera Traps : 47e882f0-92d5-11e9-8a6a-000d3a74c7de,WCS Camera Traps : ken-016-d0093-57,WCS Camera Traps : 1317,105,african bush elephant,02-19-2013 11:35:32,9,test
https://storage.googleapis.com/public-datasets-lila/wcs-unzipped/animals/0369/1268.jpg,WCS Camera Traps : 4de84afc-92d5-11e9-8834-000d3a74c7de,WCS Camera Traps : ken-014-d0071-3,WCS Camera Traps : 2720,1,african bush elephant,08-06-2009 17:14:19,9,train
https://storage.googleapis.com/public-datasets-lila/snapshot-safari-2024-expansion/MAD/MAD_S2/G05/G05_R6/MAD_S2_G05_R6_IMAG0017.JPG,Snapshot Safari 2024 Expansion : MAD/MAD_S2/G05/G05_R6/MAD_S2_G05_R6_IMAG0017.JPG,Snapshot Safari 2024 Expansion : MAD_S2#G05#6#6,Snapshot Safari 2024 Expansion : MAD_S2_G05,1,african bush elephant,,9,train
https://storage.googleapis.com/public-datasets-lila/snapshot-safari-2024-expansion/MAD/MAD_S3/MAD03/MAD03_R08/MAD_S3_MAD03_R08_IMAG4376.JPG,Snapshot Safari 2024 Expansion : MAD/MAD_S3/MAD03/MAD03_R08/MAD_S3_MAD03_R08_IMAG4376.JPG,Snapshot Safari 2024 Expansion : MAD_S3#MAD03#08#1459,Snapshot Safari 2024 Expansion : MAD_S3_MAD03,1,african bush elephant,,9,train
https://storage.googleapis.com/public-datasets-lila/snapshotserengeti-unzipped/S9/F01/F01_R3/S9_F01_R3_IMAG0066.JPG,Snapshot Serengeti : S9/F01/F01_R3/S9_F01_R3_IMAG0066,Snapshot Serengeti : SER_S9#F01#3#29,Snapshot Serengeti : F01,2,african bush elephant,09-26-2014 17:26:58,9,test
https://storage.googleapis.com/public-datasets-lila/snapshotserengeti-unzipped/S5/B10/B10_R2/S5_B10_R2_IMAG0418.JPG,Snapshot Serengeti : S5/B10/B10_R2/S5_B10_R2_IMAG0418,Snapshot Serengeti : SER_S5#B10#2#141,Snapshot Serengeti : B10,3,african bush elephant,08-29-2012 14:33:17,9,test
https://storage.googleapis.com/public-datasets-lila/snapshot-safari-2024-expansion/Snapshot Cameo/EFA/EFA_S1/EFA07/EFA07_R44/EFA_S1_EFA07_R44_IMAG2136.JPG,Snapshot Safari 2024 Expansion : Snapshot Cameo/EFA/EFA_S1/EFA07/EFA07_R44/EFA_S1_EFA07_R44_IMAG2136.JPG,Snapshot Safari 2024 Expansion : EFA_S1#EFA07#44#443,Snapshot Safari 2024 Expansion : EFA_S1_EFA07,1,african bush elephant,,9,train
https://storage.googleapis.com/public-datasets-lila/snapshot-safari-2024-expansion/APN/APN_S3/JJ8/JJ8_R11/APN_S3_JJ8_R11_IMAG0095.JPG,Snapshot Safari 2024 Expansion : APN/APN_S3/JJ8/JJ8_R11/APN_S3_JJ8_R11_IMAG0095.JPG,Snapshot Safari 2024 Expansion : APN_S3#JJ8#11#36,Snapshot Safari 2024 Expansion : APN_S3_JJ8,1,african bush elephant,,9,train
https://storage.googleapis.com/public-datasets-lila/snapshotserengeti-unzipped/S3/J09/J09_R11/S3_J09_R11_IMAG0057.JPG,Snapshot Serengeti : S3/J09/J09_R11/S3_J09_R11_IMAG0057,Snapshot Serengeti : SER_S3#J09#11#40,Snapshot Serengeti : J09,3,african bush elephant,10-21-2011 14:11:13,9,train
https://storage.googleapis.com/public-datasets-lila/snapshot-safari-2024-expansion/Snapshot Cameo/EFA/EFA_S1/EFA08/EFA08_R24/EFA_S1_EFA08_R24_IMAG1360.JPG,Snapshot Safari 2024 Expansion : Snapshot Cameo/EFA/EFA_S1/EFA08/EFA08_R24/EFA_S1_EFA08_R24_IMAG1360.JPG,Snapshot Safari 2024 Expansion : EFA_S1#EFA08#24#204,Snapshot Safari 2024 Expansion : EFA_S1_EFA08,0,african bush elephant,,9,test
https://storage.googleapis.com/public-datasets-lila/snapshotserengeti-unzipped/S9/I08/I08_R3/S9_I08_R3_IMAG0639.JPG,Snapshot Serengeti : S9/I08/I08_R3/S9_I08_R3_IMAG0639,Snapshot Serengeti : SER_S9#I08#3#240,Snapshot Serengeti : I08,3,african bush elephant,12-30-2014 15:40:21,9,train
https://storage.googleapis.com/public-datasets-lila/snapshot-safari-2024-expansion/MAD/MAD_S3/C06/C06_R11/MAD_S3_C06_R11_IMAG0174.JPG,Snapshot Safari 2024 Expansion : MAD/MAD_S3/C06/C06_R11/MAD_S3_C06_R11_IMAG0174.JPG,Snapshot Safari 2024 Expansion : MAD_S3#C06#11#58,Snapshot Safari 2024 Expansion : MAD_S3_C06,2,african bush elephant,,9,train
https://storage.googleapis.com/public-datasets-lila/snapshot-safari-2024-expansion/MAD/MAD_S3/MAD06/MAD06_R09/MAD_S3_MAD06_R09_IMAG2886.JPG,Snapshot Safari 2024 Expansion : MAD/MAD_S3/MAD06/MAD06_R09/MAD_S3_MAD06_R09_IMAG2886.JPG,Snapshot Safari 2024 Expansion : MAD_S3#MAD06#09#963,Snapshot Safari 2024 Expansion : MAD_S3_MAD06,0,african bush elephant,,9,train
https://storage.googleapis.com/public-datasets-lila/snapshot-safari-2024-expansion/SER/SER_S13/K06/K06_R3/SER_S13_K06_R3_IMAG6555.JPG,Snapshot Safari 2024 Expansion : SER/SER_S13/K06/K06_R3/SER_S13_K06_R3_IMAG6555.JPG,Snapshot Safari 2024 Expansion : SER_S13#K06#3#2494,Snapshot Safari 2024 Expansion : SER_S13_K06,1,african bush elephant,,9,train
https://storage.googleapis.com/public-datasets-lila/snapshotserengeti-unzipped/S3/C03/C03_R11/S3_C03_R11_IMAG0366.JPG,Snapshot Serengeti : S3/C03/C03_R11/S3_C03_R11_IMAG0366,Snapshot Serengeti : SER_S3#C03#11#186,Snapshot Serengeti : C03,1,african bush elephant,10-20-2011 15:57:24,9,train
https://storage.googleapis.com/public-datasets-lila/snapshot-safari-2024-expansion/MAD/MAD_S2/A03/A03_R5/MAD_S2_A03_R5_IMAG0093.JPG,Snapshot Safari 2024 Expansion : MAD/MAD_S2/A03/A03_R5/MAD_S2_A03_R5_IMAG0093.JPG,Snapshot Safari 2024 Expansion : MAD_S2#A03#5#31,Snapshot Safari 2024 Expansion : MAD_S2_A03,2,african bush elephant,,9,train
https://storage.googleapis.com/public-datasets-lila/snapshotserengeti-unzipped/S7/E05/E05_R1/S7_E05_R1_IMAG0077.JPG,Snapshot Serengeti : S7/E05/E05_R1/S7_E05_R1_IMAG0077,Snapshot Serengeti : SER_S7#E05#1#41,Snapshot Serengeti : E05,3,african bush elephant,04-29-2013 17:03:09,9,test
https://storage.googleapis.com/public-datasets-lila/snapshotserengeti-unzipped/S5/B09/B09_R3/S5_B09_R3_IMAG1332.JPG,Snapshot Serengeti : S5/B09/B09_R3/S5_B09_R3_IMAG1332,Snapshot Serengeti : SER_S5#B09#3#477,Snapshot Serengeti : B09,2,african bush elephant,12-05-2012 16:11:07,9,train
https://storage.googleapis.com/public-datasets-lila/snapshot-safari-2024-expansion/Snapshot Cameo/EFA/EFA_S1/EFA08/EFA08_R16/EFA_S1_EFA08_R16_IMAG0430.JPG,Snapshot Safari 2024 Expansion : Snapshot Cameo/EFA/EFA_S1/EFA08/EFA08_R16/EFA_S1_EFA08_R16_IMAG0430.JPG,Snapshot Safari 2024 Expansion : EFA_S1#EFA08#16#88,Snapshot Safari 2024 Expansion : EFA_S1_EFA08,1,african bush elephant,,9,test
https://storage.googleapis.com/public-datasets-lila/snapshot-safari-2024-expansion/APN/APN_S3/U64c/U64c_R12/APN_S3_U64c_R12_IMAG0726.JPG,Snapshot Safari 2024 Expansion : APN/APN_S3/U64c/U64c_R12/APN_S3_U64c_R12_IMAG0726.JPG,Snapshot Safari 2024 Expansion : APN_S3#U64c#12#321,Snapshot Safari 2024 Expansion : APN_S3_U64C,0,african bush elephant,,9,train
https://storage.googleapis.com/public-datasets-lila/snapshot-safari-2024-expansion/MAD/MAD_S1/I08/I08_R2/MAD_S1_I08_R2_IMAG0175.JPG,Snapshot Safari 2024 Expansion : MAD/MAD_S1/I08/I08_R2/MAD_S1_I08_R2_IMAG0175.JPG,Snapshot Safari 2024 Expansion : MAD_S1#I08#2#89,Snapshot Safari 2024 Expansion : MAD_S1_I08,0,african bush elephant,,9,train
https://storage.googleapis.com/public-datasets-lila/snapshotserengeti-unzipped/S9/B06/B06_R3/S9_B06_R3_IMAG0407.JPG,Snapshot Serengeti : S9/B06/B06_R3/S9_B06_R3_IMAG0407,Snapshot Serengeti : SER_S9#B06#3#191,Snapshot Serengeti : B06,1,african bush elephant,10-27-2014 13:35:26,9,train
https://storage.googleapis.com/public-datasets-lila/snapshotserengeti-unzipped/S5/B06/B06_R1/S5_B06_R1_IMAG0270.JPG,Snapshot Serengeti : S5/B06/B06_R1/S5_B06_R1_IMAG0270,Snapshot Serengeti : SER_S5#B06#1#102,Snapshot Serengeti : B06,1,african bush elephant,06-01-2012 05:47:13,9,train
https://storage.googleapis.com/public-datasets-lila/wcs-unzipped/animals/0318/1923.jpg,WCS Camera Traps : 3b9416d6-92d5-11e9-8251-000d3a74c7de,WCS Camera Traps : ken-015-d0049-6,WCS Camera Traps : 1652,2,african bush elephant,03-01-2010 16:05:26,9,train
https://storage.googleapis.com/public-datasets-lila/snapshotserengeti-unzipped/S7/L10/L10_R2/S7_L10_R2_IMAG0551.JPG,Snapshot Serengeti : S7/L10/L10_R2/S7_L10_R2_IMAG0551,Snapshot Serengeti : SER_S7#L10#2#211,Snapshot Serengeti : L10,2,african bush elephant,09-12-2013 01:34:51,9,test
https://storage.googleapis.com/public-datasets-lila/snapshotserengeti-unzipped/S2/F06/F06_R2/S2_F06_R2_PICT0020.JPG,Snapshot Serengeti : S2/F06/F06_R2/S2_F06_R2_PICT0020,Snapshot Serengeti : SER_S2#F06#2#7,Snapshot Serengeti : F06,2,african bush elephant,03-03-2011 11:05:08,9,train
https://storage.googleapis.com/public-datasets-lila/snapshotserengeti-unzipped/S5/I11/I11_R2/S5_I11_R2_IMAG0171.JPG,Snapshot Serengeti : S5/I11/I11_R2/S5_I11_R2_IMAG0171,Snapshot Serengeti : SER_S5#I11#2#87,Snapshot Serengeti : I11,1,african bush elephant,08-08-2012 14:40:29,9,train
https://storage.googleapis.com/public-datasets-lila/snapshot-safari-2024-expansion/Snapshot Cameo/EFA/EFA_S1/EFA06/EFA06_R20/EFA_S1_EFA06_R20_IMAG0739.JPG,Snapshot Safari 2024 Expansion : Snapshot Cameo/EFA/EFA_S1/EFA06/EFA06_R20/EFA_S1_EFA06_R20_IMAG0739.JPG,Snapshot Safari 2024 Expansion : EFA_S1#EFA06#20#645,Snapshot Safari 2024 Expansion : EFA_S1_EFA06,0,african bush elephant,,9,train
https://storage.googleapis.com/public-datasets-lila/snapshot-safari-2024-expansion/MAD/MAD_S1/G06/G06_R2/MAD_S1_G06_R2_IMAG0074.JPG,Snapshot Safari 2024 Expansion : MAD/MAD_S1/G06/G06_R2/MAD_S1_G06_R2_IMAG0074.JPG,Snapshot Safari 2024 Expansion : MAD_S1#G06#2#34,Snapshot Safari 2024 Expansion : MAD_S1_G06,0,african bush elephant,,9,val
https://storage.googleapis.com/public-datasets-lila/snapshotserengeti-unzipped/S9/E01/E01_R2/S9_E01_R2_IMAG0365.JPG,Snapshot Serengeti : S9/E01/E01_R2/S9_E01_R2_IMAG0365,Snapshot Serengeti : SER_S9#E01#2#158,Snapshot Serengeti : E01,3,african bush elephant,08-01-2014 08:55:13,9,train
https://storage.googleapis.com/public-datasets-lila/snapshotserengeti-unzipped/S3/F12/F12_R12/S3_F12_R12_IMAG0605.JPG,Snapshot Serengeti : S3/F12/F12_R12/S3_F12_R12_IMAG0605,Snapshot Serengeti : SER_S3#F12#12#255,Snapshot Serengeti : F12,1,african bush elephant,12-17-2011 08:44:52,9,train
https://storage.googleapis.com/public-datasets-lila/snapshot-safari-2024-expansion/MAD/MAD_S2/MAD06/MAD06_R5/MAD_S2_MAD06_R5_IMAG0194.JPG,Snapshot Safari 2024 Expansion : MAD/MAD_S2/MAD06/MAD06_R5/MAD_S2_MAD06_R5_IMAG0194.JPG,Snapshot Safari 2024 Expansion : MAD_S2#MAD06#5#65,Snapshot Safari 2024 Expansion : MAD_S2_MAD06,1,african bush elephant,,9,val
https://storage.googleapis.com/public-datasets-lila/snapshotserengeti-unzipped/S7/H08/H08_R2/S7_H08_R2_IMAG0144.JPG,Snapshot Serengeti : S7/H08/H08_R2/S7_H08_R2_IMAG0144,Snapshot Serengeti : SER_S7#H08#2#52,Snapshot Serengeti : H08,3,african bush elephant,07-19-2013 14:28:08,9,train
https://storage.googleapis.com/public-datasets-lila/snapshot-safari-2024-expansion/APN/APN_S4/TB14/TB14_R7/APN_S4_TB14_R7_IMAG0515.JPG,Snapshot Safari 2024 Expansion : APN/APN_S4/TB14/TB14_R7/APN_S4_TB14_R7_IMAG0515.JPG,Snapshot Safari 2024 Expansion : APN_S4#TB14#7#219,Snapshot Safari 2024 Expansion : APN_S4_TB14,2,african bush elephant,,9,train
https://storage.googleapis.com/public-datasets-lila/snapshotserengeti-unzipped/SER_S11/K06/K06_R2/SER_S11_K06_R2_IMAG2222.JPG,Snapshot Serengeti : SER_S11/K06/K06_R2/SER_S11_K06_R2_IMAG2222,Snapshot Serengeti : SER_S11#K06#2#781,Snapshot Serengeti : K06,3,african bush elephant,01-13-2016 14:07:35,9,train
https://storage.googleapis.com/public-datasets-lila/snapshotserengeti-unzipped/S9/B13/B13_R1/S9_B13_R1_IMAG0161.JPG,Snapshot Serengeti : S9/B13/B13_R1/S9_B13_R1_IMAG0161,Snapshot Serengeti : SER_S9#B13#1#63,Snapshot Serengeti : B13,2,african bush elephant,07-03-2014 12:08:53,9,train
https://storage.googleapis.com/public-datasets-lila/snapshot-safari-2024-expansion/Snapshot Cameo/EFA/EFA_S1/EFA08/EFA08_R22/EFA_S1_EFA08_R22_IMAG0132.JPG,Snapshot Safari 2024 Expansion : Snapshot Cameo/EFA/EFA_S1/EFA08/EFA08_R22/EFA_S1_EFA08_R22_IMAG0132.JPG,Snapshot Safari 2024 Expansion : EFA_S1#EFA08#22#25,Snapshot Safari 2024 Expansion : EFA_S1_EFA08,2,african bush elephant,,9,test
https://storage.googleapis.com/public-datasets-lila/snapshot-safari-2024-expansion/KRU/KRU_S2/44/44_R4/KRU_S2_44_R4_IMAG0027.JPG,Snapshot Safari 2024 Expansion : KRU/KRU_S2/44/44_R4/KRU_S2_44_R4_IMAG0027.JPG,Snapshot Safari 2024 Expansion : KRU_S2#44#4#13,Snapshot Safari 2024 Expansion : KRU_S2_44,0,african bush elephant,,9,train
https://storage.googleapis.com/public-datasets-lila/snapshotserengeti-unzipped/S6/B07/B07_R1/S6_B07_R1_IMAG0630.JPG,Snapshot Serengeti : S6/B07/B07_R1/S6_B07_R1_IMAG0630,Snapshot Serengeti : SER_S6#B07#1#220,Snapshot Serengeti : B07,3,african bush elephant,01-21-2013 15:02:46,9,train
https://storage.googleapis.com/public-datasets-lila/snapshotserengeti-unzipped/SER_S11/M07/M07_R2/SER_S11_M07_R2_IMAG0713.JPG,Snapshot Serengeti : SER_S11/M07/M07_R2/SER_S11_M07_R2_IMAG0713,Snapshot Serengeti : SER_S11#M07#2#248,Snapshot Serengeti : M07,3,african bush elephant,10-24-2015 11:53:39,9,train
https://storage.googleapis.com/public-datasets-lila/snapshot-safari-2024-expansion/MAD/MAD_S3/MAD03/MAD03_R10/MAD_S3_MAD03_R10_IMAG0461.JPG,Snapshot Safari 2024 Expansion : MAD/MAD_S3/MAD03/MAD03_R10/MAD_S3_MAD03_R10_IMAG0461.JPG,Snapshot Safari 2024 Expansion : MAD_S3#MAD03#10#154,Snapshot Safari 2024 Expansion : MAD_S3_MAD03,1,african bush elephant,,9,train
https://storage.googleapis.com/public-datasets-lila/snapshotserengeti-unzipped/S7/O11/O11_R1/S7_O11_R1_IMAG0689.JPG,Snapshot Serengeti : S7/O11/O11_R1/S7_O11_R1_IMAG0689,Snapshot Serengeti : SER_S7#O11#1#236,Snapshot Serengeti : O11,2,african bush elephant,05-30-2013 13:40:21,9,train
https://storage.googleapis.com/public-datasets-lila/snapshot-safari-2024-expansion/SER/SER_S12/H06/H06_R1/SER_S12_H06_R1_IMAG0070.JPG,Snapshot Safari 2024 Expansion : SER/SER_S12/H06/H06_R1/SER_S12_H06_R1_IMAG0070.JPG,Snapshot Safari 2024 Expansion : SER_S12#H06#1#39,Snapshot Safari 2024 Expansion : SER_S12_H06,1,african bush elephant,,9,train
https://storage.googleapis.com/public-datasets-lila/snapshot-safari-2024-expansion/Snapshot Cameo/EFA/EFA_S1/EFA07/EFA07_R41/EFA_S1_EFA07_R41_IMAG0192.JPG,Snapshot Safari 2024 Expansion : Snapshot Cameo/EFA/EFA_S1/EFA07/EFA07_R41/EFA_S1_EFA07_R41_IMAG0192.JPG,Snapshot Safari 2024 Expansion : EFA_S1#EFA07#41#44,Snapshot Safari 2024 Expansion : EFA_S1_EFA07,2,african bush elephant,,9,train
https://storage.googleapis.com/public-datasets-lila/snapshot-safari-2024-expansion/MAD/MAD_S2/MAD06/MAD06_R5/MAD_S2_MAD06_R5_IMAG2105.JPG,Snapshot Safari 2024 Expansion : MAD/MAD_S2/MAD06/MAD06_R5/MAD_S2_MAD06_R5_IMAG2105.JPG,Snapshot Safari 2024 Expansion : MAD_S2#MAD06#5#702,Snapshot Safari 2024 Expansion : MAD_S2_MAD06,1,african bush elephant,,9,val
https://storage.googleapis.com/public-datasets-lila/snapshot-safari-2024-expansion/Snapshot Cameo/EFA/EFA_S1/EFA07/EFA07_R40/EFA_S1_EFA07_R40_IMAG1322.JPG,Snapshot Safari 2024 Expansion : Snapshot Cameo/EFA/EFA_S1/EFA07/EFA07_R40/EFA_S1_EFA07_R40_IMAG1322.JPG,Snapshot Safari 2024 Expansion : EFA_S1#EFA07#40#195,Snapshot Safari 2024 Expansion : EFA_S1_EFA07,2,african bush elephant,,9,train
https://storage.googleapis.com/public-datasets-lila/snapshot-safari-2024-expansion/MAD/MAD_S1/MAD06/MAD06_R4/MAD_S1_MAD06_R4_IMAG1041.JPG,Snapshot Safari 2024 Expansion : MAD/MAD_S1/MAD06/MAD06_R4/MAD_S1_MAD06_R4_IMAG1041.JPG,Snapshot Safari 2024 Expansion : MAD_S1#MAD06#4#347,Snapshot Safari 2024 Expansion : MAD_S1_MAD06,2,african bush elephant,,9,test
https://storage.googleapis.com/public-datasets-lila/snapshotserengeti-unzipped/S9/I01/I01_R1/S9_I01_R1_IMAG0043.JPG,Snapshot Serengeti : S9/I01/I01_R1/S9_I01_R1_IMAG0043,Snapshot Serengeti : SER_S9#I01#1#26,Snapshot Serengeti : I01,1,african bush elephant,05-26-2014 06:40:58,9,train
https://storage.googleapis.com/public-datasets-lila/snapshot-safari-2024-expansion/Snapshot Cameo/EFA/EFA_S1/EFA07/EFA07_R19/EFA_S1_EFA07_R19_IMAG1440.JPG,Snapshot Safari 2024 Expansion : Snapshot Cameo/EFA/EFA_S1/EFA07/EFA07_R19/EFA_S1_EFA07_R19_IMAG1440.JPG,Snapshot Safari 2024 Expansion : EFA_S1#EFA07#19#339,Snapshot Safari 2024 Expansion : EFA_S1_EFA07,0,african bush elephant,,9,train
https://storage.googleapis.com/public-datasets-lila/snapshot-safari-2024-expansion/MAD/MAD_S3/MAD03/MAD03_R09/MAD_S3_MAD03_R09_IMAG3660.JPG,Snapshot Safari 2024 Expansion : MAD/MAD_S3/MAD03/MAD03_R09/MAD_S3_MAD03_R09_IMAG3660.JPG,Snapshot Safari 2024 Expansion : MAD_S3#MAD03#09#1221,Snapshot Safari 2024 Expansion : MAD_S3_MAD03,1,african bush elephant,,9,train
https://storage.googleapis.com/public-datasets-lila/wcs-unzipped/animals/0343/0358.jpg,WCS Camera Traps : 4450124c-92d5-11e9-9032-000d3a74c7de,WCS Camera Traps : ken-016-d0038-7,WCS Camera Traps : 1257,19,african bush elephant,01-18-2013 15:10:46,9,train
https://storage.googleapis.com/public-datasets-lila/snapshotserengeti-unzipped/S8/J09/J09_R1/S8_J09_R1_IMAG0395.JPG,Snapshot Serengeti : S8/J09/J09_R1/S8_J09_R1_IMAG0395,Snapshot Serengeti : SER_S8#J09#1#154,Snapshot Serengeti : J09,2,african bush elephant,11-27-2013 17:06:58,9,train
https://storage.googleapis.com/public-datasets-lila/wcs-unzipped/animals/0371/0212.jpg,WCS Camera Traps : 4e7176de-92d5-11e9-bf63-000d3a74c7de,WCS Camera Traps : ken-014-d0090-54,WCS Camera Traps : 2730,2,african bush elephant,08-07-2009 21:58:46,9,train
https://storage.googleapis.com/public-datasets-lila/snapshot-safari-2024-expansion/PLN/PLN_S3a/D02/D02_R8/PLN_S3a_D02_R8_IMAG0288.JPG,Snapshot Safari 2024 Expansion : PLN/PLN_S3a/D02/D02_R8/PLN_S3a_D02_R8_IMAG0288.JPG,Snapshot Safari 2024 Expansion : PLN_S3a#D02#8#119,Snapshot Safari 2024 Expansion : PLN_S3A_D02,1,african bush elephant,,9,train
https://storage.googleapis.com/public-datasets-lila/snapshot-safari-2024-expansion/SER/SER_S12/C03/C03_R3/SER_S12_C03_R3_IMAG0879.JPG,Snapshot Safari 2024 Expansion : SER/SER_S12/C03/C03_R3/SER_S12_C03_R3_IMAG0879.JPG,Snapshot Safari 2024 Expansion : SER_S12#C03#3#321,Snapshot Safari 2024 Expansion : SER_S12_C03,0,african bush elephant,,9,test
https://storage.googleapis.com/public-datasets-lila/wcs-unzipped/animals/0283/1683.jpg,WCS Camera Traps : 2ec9eca4-92d5-11e9-942c-000d3a74c7de,WCS Camera Traps : ken-006-d0039-48,WCS Camera Traps : 1440,1,african bush elephant,01-24-2011 09:55:40,9,train
https://storage.googleapis.com/public-datasets-lila/snapshot-safari-2024-expansion/MAD/MAD_S1/MAD03/MAD03_R3/MAD_S1_MAD03_R3_IMAG0870.JPG,Snapshot Safari 2024 Expansion : MAD/MAD_S1/MAD03/MAD03_R3/MAD_S1_MAD03_R3_IMAG0870.JPG,Snapshot Safari 2024 Expansion : MAD_S1#MAD03#3#290,Snapshot Safari 2024 Expansion : MAD_S1_MAD03,2,african bush elephant,,9,train
https://storage.googleapis.com/public-datasets-lila/snapshot-safari-2024-expansion/Snapshot Cameo/EFA/EFA_S1/EFA07/EFA07_R12/EFA_S1_EFA07_R12_IMAG1863.JPG,Snapshot Safari 2024 Expansion : Snapshot Cameo/EFA/EFA_S1/EFA07/EFA07_R12/EFA_S1_EFA07_R12_IMAG1863.JPG,Snapshot Safari 2024 Expansion : EFA_S1#EFA07#12#544,Snapshot Safari 2024 Expansion : EFA_S1_EFA07,2,african bush elephant,,9,train
https://storage.googleapis.com/public-datasets-lila/snapshot-safari-2024-expansion/SER/SER_S13/D12/D12_R3/SER_S13_D12_R3_IMAG0259.JPG,Snapshot Safari 2024 Expansion : SER/SER_S13/D12/D12_R3/SER_S13_D12_R3_IMAG0259.JPG,Snapshot Safari 2024 Expansion : SER_S13#D12#3#90,Snapshot Safari 2024 Expansion : SER_S13_D12,0,african bush elephant,,9,train
https://storage.googleapis.com/public-datasets-lila/snapshotserengeti-unzipped/S6/M10/M10_R1/S6_M10_R1_IMAG0183.JPG,Snapshot Serengeti : S6/M10/M10_R1/S6_M10_R1_IMAG0183,Snapshot Serengeti : SER_S6#M10#1#93,Snapshot Serengeti : M10,1,african bush elephant,02-09-2013 23:00:15,9,train
https://storage.googleapis.com/public-datasets-lila/snapshot-safari-2024-expansion/SER/SER_S12/D03/D03_R2/SER_S12_D03_R2_IMAG0067.JPG,Snapshot Safari 2024 Expansion : SER/SER_S12/D03/D03_R2/SER_S12_D03_R2_IMAG0067.JPG,Snapshot Safari 2024 Expansion : SER_S12#D03#2#23,Snapshot Safari 2024 Expansion : SER_S12_D03,2,african bush elephant,,9,train
https://storage.googleapis.com/public-datasets-lila/snapshotserengeti-unzipped/S6/B03/B03_R2/S6_B03_R2_IMAG0591.JPG,Snapshot Serengeti : S6/B03/B03_R2/S6_B03_R2_IMAG0591,Snapshot Serengeti : SER_S6#B03#2#321,Snapshot Serengeti : B03,1,african bush elephant,03-01-2013 21:08:15,9,train
https://storage.googleapis.com/public-datasets-lila/snapshot-safari-2024-expansion/MAD/MAD_S3/MAD06/MAD06_R08/MAD_S3_MAD06_R08_IMAG0135.JPG,Snapshot Safari 2024 Expansion : MAD/MAD_S3/MAD06/MAD06_R08/MAD_S3_MAD06_R08_IMAG0135.JPG,Snapshot Safari 2024 Expansion : MAD_S3#MAD06#08#45,Snapshot Safari 2024 Expansion : MAD_S3_MAD06,2,african bush elephant,,9,train
https://storage.googleapis.com/public-datasets-lila/snapshotserengeti-unzipped/S7/H08/H08_R1/S7_H08_R1_IMAG0838.JPG,Snapshot Serengeti : S7/H08/H08_R1/S7_H08_R1_IMAG0838,Snapshot Serengeti : SER_S7#H08#1#312,Snapshot Serengeti : H08,3,african bush elephant,06-15-2013 14:19:52,9,train
https://storage.googleapis.com/public-datasets-lila/snapshot-safari-2024-expansion/MAD/MAD_S1/MAD01/MAD01_R3/MAD_S1_MAD01_R3_IMAG2416.JPG,Snapshot Safari 2024 Expansion : MAD/MAD_S1/MAD01/MAD01_R3/MAD_S1_MAD01_R3_IMAG2416.JPG,Snapshot Safari 2024 Expansion : MAD_S1#MAD01#3#806,Snapshot Safari 2024 Expansion : MAD_S1_MAD01,0,african bush elephant,,9,train
https://storage.googleapis.com/public-datasets-lila/snapshot-safari-2024-expansion/Snapshot Cameo/EFA/EFA_S1/EFA08/EFA08_R29/EFA_S1_EFA08_R29_IMAG1756.JPG,Snapshot Safari 2024 Expansion : Snapshot Cameo/EFA/EFA_S1/EFA08/EFA08_R29/EFA_S1_EFA08_R29_IMAG1756.JPG,Snapshot Safari 2024 Expansion : EFA_S1#EFA08#29#323,Snapshot Safari 2024 Expansion : EFA_S1_EFA08,1,african bush elephant,,9,test
https://storage.googleapis.com/public-datasets-lila/snapshot-safari-2024-expansion/MAD/MAD_S2/MAD06/MAD06_R5/MAD_S2_MAD06_R5_IMAG3329.JPG,Snapshot Safari 2024 Expansion : MAD/MAD_S2/MAD06/MAD06_R5/MAD_S2_MAD06_R5_IMAG3329.JPG,Snapshot Safari 2024 Expansion : MAD_S2#MAD06#5#1110,Snapshot Safari 2024 Expansion : MAD_S2_MAD06,1,african bush elephant,,9,val
https://storage.googleapis.com/public-datasets-lila/snapshot-safari-2024-expansion/Snapshot Cameo/EFA/EFA_S1/EFA08/EFA08_R38/EFA_S1_EFA08_R38_IMAG0128.JPG,Snapshot Safari 2024 Expansion : Snapshot Cameo/EFA/EFA_S1/EFA08/EFA08_R38/EFA_S1_EFA08_R38_IMAG0128.JPG,Snapshot Safari 2024 Expansion : EFA_S1#EFA08#38#24,Snapshot Safari 2024 Expansion : EFA_S1_EFA08,0,african bush elephant,,9,test
https://storage.googleapis.com/public-datasets-lila/snapshot-safari-2024-expansion/MAD/MAD_S1/MAD06/MAD06_R3/MAD_S1_MAD06_R3_IMAG0248.JPG,Snapshot Safari 2024 Expansion : MAD/MAD_S1/MAD06/MAD06_R3/MAD_S1_MAD06_R3_IMAG0248.JPG,Snapshot Safari 2024 Expansion : MAD_S1#MAD06#3#83,Snapshot Safari 2024 Expansion : MAD_S1_MAD06,1,african bush elephant,,9,test
https://storage.googleapis.com/public-datasets-lila/snapshot-safari-2024-expansion/MAD/MAD_S3/MAD01/MAD01_R08/MAD_S3_MAD01_R08_IMAG0472.JPG,Snapshot Safari 2024 Expansion : MAD/MAD_S3/MAD01/MAD01_R08/MAD_S3_MAD01_R08_IMAG0472.JPG,Snapshot Safari 2024 Expansion : MAD_S3#MAD01#08#158,Snapshot Safari 2024 Expansion : MAD_S3_MAD01,0,african bush elephant,,9,train
https://storage.googleapis.com/public-datasets-lila/snapshotserengeti-unzipped/S6/K03/K03_R2/S6_K03_R2_IMAG1207.JPG,Snapshot Serengeti : S6/K03/K03_R2/S6_K03_R2_IMAG1207,Snapshot Serengeti : SER_S6#K03#2#461,Snapshot Serengeti : K03,1,african bush elephant,04-07-2013 08:35:41,9,test
https://storage.googleapis.com/public-datasets-lila/snapshotserengeti-unzipped/S7/H11/H11_R1/S7_H11_R1_IMAG0894.JPG,Snapshot Serengeti : S7/H11/H11_R1/S7_H11_R1_IMAG0894,Snapshot Serengeti : SER_S7#H11#1#315,Snapshot Serengeti : H11,2,african bush elephant,06-02-2013 07:45:05,9,val
https://storage.googleapis.com/public-datasets-lila/snapshotserengeti-unzipped/S7/F07/F07_R2/S7_F07_R2_IMAG0028.JPG,Snapshot Serengeti : S7/F07/F07_R2/S7_F07_R2_IMAG0028,Snapshot Serengeti : SER_S7#F07#2#11,Snapshot Serengeti : F07,2,african bush elephant,07-13-2013 10:32:40,9,test
https://storage.googleapis.com/public-datasets-lila/snapshot-safari-2024-expansion/Snapshot Cameo/EFA/EFA_S1/EFA07/EFA07_R4/EFA_S1_EFA07_R4_IMAG0221.JPG,Snapshot Safari 2024 Expansion : Snapshot Cameo/EFA/EFA_S1/EFA07/EFA07_R4/EFA_S1_EFA07_R4_IMAG0221.JPG,Snapshot Safari 2024 Expansion : EFA_S1#EFA07#4#49,Snapshot Safari 2024 Expansion : EFA_S1_EFA07,2,african bush elephant,,9,train
https://storage.googleapis.com/public-datasets-lila/snapshot-safari-2024-expansion/Snapshot Cameo/EFA/EFA_S1/EFA08/EFA08_R16/EFA_S1_EFA08_R16_IMAG0982.JPG,Snapshot Safari 2024 Expansion : Snapshot Cameo/EFA/EFA_S1/EFA08/EFA08_R16/EFA_S1_EFA08_R16_IMAG0982.JPG,Snapshot Safari 2024 Expansion : EFA_S1#EFA08#16#208,Snapshot Safari 2024 Expansion : EFA_S1_EFA08,1,african bush elephant,,9,test
https://storage.googleapis.com/public-datasets-lila/snapshot-safari-2024-expansion/MAD/MAD_S3/MAD04/MAD04_R10/MAD_S3_MAD04_R10_IMAG1326.JPG,Snapshot Safari 2024 Expansion : MAD/MAD_S3/MAD04/MAD04_R10/MAD_S3_MAD04_R10_IMAG1326.JPG,Snapshot Safari 2024 Expansion : MAD_S3#MAD04#10#442,Snapshot Safari 2024 Expansion : MAD_S3_MAD04,2,african bush elephant,,9,train
https://storage.googleapis.com/public-datasets-lila/snapshot-safari-2024-expansion/APN/APN_S2/N1/N1_R5/APN_S2_N1_R5_IMAG0021.JPG,Snapshot Safari 2024 Expansion : APN/APN_S2/N1/N1_R5/APN_S2_N1_R5_IMAG0021.JPG,Snapshot Safari 2024 Expansion : APN_S2#N1#5#14,Snapshot Safari 2024 Expansion : APN_S2_N1,1,african bush elephant,,9,val
https://storage.googleapis.com/public-datasets-lila/snapshot-safari-2024-expansion/SER/SER_S12/C03/C03_R2/SER_S12_C03_R2_IMAG0204.JPG,Snapshot Safari 2024 Expansion : SER/SER_S12/C03/C03_R2/SER_S12_C03_R2_IMAG0204.JPG,Snapshot Safari 2024 Expansion : SER_S12#C03#2#84,Snapshot Safari 2024 Expansion : SER_S12_C03,2,african bush elephant,,9,test
https://storage.googleapis.com/public-datasets-lila/snapshot-safari-2024-expansion/MAD/MAD_S3/MAD06/MAD06_R09/MAD_S3_MAD06_R09_IMAG2846.JPG,Snapshot Safari 2024 Expansion : MAD/MAD_S3/MAD06/MAD06_R09/MAD_S3_MAD06_R09_IMAG2846.JPG,Snapshot Safari 2024 Expansion : MAD_S3#MAD06#09#949,Snapshot Safari 2024 Expansion : MAD_S3_MAD06,2,african bush elephant,,9,train
https://storage.googleapis.com/public-datasets-lila/snapshot-safari-2024-expansion/APN/APN_S2/DW/DW_R7/APN_S2_DW_R7_IMAG0066.JPG,Snapshot Safari 2024 Expansion : APN/APN_S2/DW/DW_R7/APN_S2_DW_R7_IMAG0066.JPG,Snapshot Safari 2024 Expansion : APN_S2#DW#7#30,Snapshot Safari 2024 Expansion : APN_S2_DW,0,african bush elephant,,9,train
https://storage.googleapis.com/public-datasets-lila/snapshot-safari-2024-expansion/MAD/MAD_S2/MAD06/MAD06_R6/MAD_S2_MAD06_R6_IMAG0681.JPG,Snapshot Safari 2024 Expansion : MAD/MAD_S2/MAD06/MAD06_R6/MAD_S2_MAD06_R6_IMAG0681.JPG,Snapshot Safari 2024 Expansion : MAD_S2#MAD06#6#227,Snapshot Safari 2024 Expansion : MAD_S2_MAD06,2,african bush elephant,,9,val
https://storage.googleapis.com/public-datasets-lila/snapshotserengeti-unzipped/S10/I03/I03_R3/S10_I03_R3_IMAG0090.JPG,Snapshot Serengeti : S10/I03/I03_R3/S10_I03_R3_IMAG0090,Snapshot Serengeti : SER_S10#I03#3#33,Snapshot Serengeti : I03,2,african bush elephant,05-09-2015 14:38:03,9,train
https://storage.googleapis.com/public-datasets-lila/snapshot-safari-2024-expansion/Snapshot Cameo/EFA/EFA_S1/EFA02/EFA02_R10/EFA_S1_EFA02_R10_IMAG0122.JPG,Snapshot Safari 2024 Expansion : Snapshot Cameo/EFA/EFA_S1/EFA02/EFA02_R10/EFA_S1_EFA02_R10_IMAG0122.JPG,Snapshot Safari 2024 Expansion : EFA_S1#EFA02#10#31,Snapshot Safari 2024 Expansion : EFA_S1_EFA02,0,african bush elephant,,9,train
https://storage.googleapis.com/public-datasets-lila/snapshot-safari-2024-expansion/SER/SER_S12/M07/M07_R3/SER_S12_M07_R3_IMAG0977.JPG,Snapshot Safari 2024 Expansion : SER/SER_S12/M07/M07_R3/SER_S12_M07_R3_IMAG0977.JPG,Snapshot Safari 2024 Expansion : SER_S12#M07#3#394,Snapshot Safari 2024 Expansion : SER_S12_M07,1,african bush elephant,,9,train
https://storage.googleapis.com/public-datasets-lila/snapshot-safari-2024-expansion/MAD/MAD_S3/MAD03/MAD03_R08/MAD_S3_MAD03_R08_IMAG1624.JPG,Snapshot Safari 2024 Expansion : MAD/MAD_S3/MAD03/MAD03_R08/MAD_S3_MAD03_R08_IMAG1624.JPG,Snapshot Safari 2024 Expansion : MAD_S3#MAD03#08#542,Snapshot Safari 2024 Expansion : MAD_S3_MAD03,0,african bush elephant,,9,train
https://storage.googleapis.com/public-datasets-lila/snapshot-safari-2024-expansion/Snapshot Cameo/EFA/EFA_S1/EFA05/EFA05_R29/EFA_S1_EFA05_R29_IMAG0025.JPG,Snapshot Safari 2024 Expansion : Snapshot Cameo/EFA/EFA_S1/EFA05/EFA05_R29/EFA_S1_EFA05_R29_IMAG0025.JPG,Snapshot Safari 2024 Expansion : EFA_S1#EFA05#29#9,Snapshot Safari 2024 Expansion : EFA_S1_EFA05,1,african bush elephant,,9,train
https://storage.googleapis.com/public-datasets-lila/wcs-unzipped/animals/0368/1590.jpg,WCS Camera Traps : 4d9cc265-92d5-11e9-8c22-000d3a74c7de,WCS Camera Traps : ken-014-d0062-18,WCS Camera Traps : 2716,3,african bush elephant,08-21-2009 10:43:11,9,train
https://storage.googleapis.com/public-datasets-lila/snapshot-safari-2024-expansion/MAD/MAD_S2/E04/E04_R5/MAD_S2_E04_R5_IMAG0106.JPG,Snapshot Safari 2024 Expansion : MAD/MAD_S2/E04/E04_R5/MAD_S2_E04_R5_IMAG0106.JPG,Snapshot Safari 2024 Expansion : MAD_S2#E04#5#36,Snapshot Safari 2024 Expansion : MAD_S2_E04,0,african bush elephant,,9,test
https://storage.googleapis.com/public-datasets-lila/snapshot-safari-2024-expansion/Snapshot Cameo/EFA/EFA_S1/EFA07/EFA07_R37/EFA_S1_EFA07_R37_IMAG2293.JPG,Snapshot Safari 2024 Expansion : Snapshot Cameo/EFA/EFA_S1/EFA07/EFA07_R37/EFA_S1_EFA07_R37_IMAG2293.JPG,Snapshot Safari 2024 Expansion : EFA_S1#EFA07#37#425,Snapshot Safari 2024 Expansion : EFA_S1_EFA07,2,african bush elephant,,9,train
https://storage.googleapis.com/public-datasets-lila/snapshot-safari-2024-expansion/Snapshot Cameo/EFA/EFA_S1/EFA04/EFA04_R12/EFA_S1_EFA04_R12_IMAG0016.JPG,Snapshot Safari 2024 Expansion : Snapshot Cameo/EFA/EFA_S1/EFA04/EFA04_R12/EFA_S1_EFA04_R12_IMAG0016.JPG,Snapshot Safari 2024 Expansion : EFA_S1#EFA04#12#6,Snapshot Safari 2024 Expansion : EFA_S1_EFA04,0,african bush elephant,,9,val
https://storage.googleapis.com/public-datasets-lila/snapshot-safari-2024-expansion/MAD/MAD_S2/MAD06/MAD06_R5/MAD_S2_MAD06_R5_IMAG1412.JPG,Snapshot Safari 2024 Expansion : MAD/MAD_S2/MAD06/MAD06_R5/MAD_S2_MAD06_R5_IMAG1412.JPG,Snapshot Safari 2024 Expansion : MAD_S2#MAD06#5#471,Snapshot Safari 2024 Expansion : MAD_S2_MAD06,1,african bush elephant,,9,val
https://storage.googleapis.com/public-datasets-lila/snapshot-safari-2024-expansion/MAD/MAD_S1/MAD03/MAD03_R4/MAD_S1_MAD03_R4_IMAG2101.JPG,Snapshot Safari 2024 Expansion : MAD/MAD_S1/MAD03/MAD03_R4/MAD_S1_MAD03_R4_IMAG2101.JPG,Snapshot Safari 2024 Expansion : MAD_S1#MAD03#4#701,Snapshot Safari 2024 Expansion : MAD_S1_MAD03,2,african bush elephant,,9,train
https://storage.googleapis.com/public-datasets-lila/snapshot-safari-2024-expansion/Snapshot Cameo/EFA/EFA_S1/EFA06/EFA06_R30/EFA_S1_EFA06_R30_IMAG0019.JPG,Snapshot Safari 2024 Expansion : Snapshot Cameo/EFA/EFA_S1/EFA06/EFA06_R30/EFA_S1_EFA06_R30_IMAG0019.JPG,Snapshot Safari 2024 Expansion : EFA_S1#EFA06#30#6,Snapshot Safari 2024 Expansion : EFA_S1_EFA06,1,african bush elephant,,9,train
https://storage.googleapis.com/public-datasets-lila/snapshot-safari-2024-expansion/MAD/MAD_S2/MAD03/MAD03_R7/MAD_S2_MAD03_R7_IMAG1180.JPG,Snapshot Safari 2024 Expansion : MAD/MAD_S2/MAD03/MAD03_R7/MAD_S2_MAD03_R7_IMAG1180.JPG,Snapshot Safari 2024 Expansion : MAD_S2#MAD03#7#394,Snapshot Safari 2024 Expansion : MAD_S2_MAD03,0,african bush elephant,,9,train
https://storage.googleapis.com/public-datasets-lila/snapshot-safari-2024-expansion/Snapshot Cameo/EFA/EFA_S1/EFA08/EFA08_R2/EFA_S1_EFA08_R2_IMAG0626.JPG,Snapshot Safari 2024 Expansion : Snapshot Cameo/EFA/EFA_S1/EFA08/EFA08_R2/EFA_S1_EFA08_R2_IMAG0626.JPG,Snapshot Safari 2024 Expansion : EFA_S1#EFA08#2#143,Snapshot Safari 2024 Expansion : EFA_S1_EFA08,2,african bush elephant,,9,test
https://storage.googleapis.com/public-datasets-lila/snapshotserengeti-unzipped/SER_S11/D03/D03_R2/SER_S11_D03_R2_IMAG0291.JPG,Snapshot Serengeti : SER_S11/D03/D03_R2/SER_S11_D03_R2_IMAG0291,Snapshot Serengeti : SER_S11#D03#2#117,Snapshot Serengeti : D03,2,african bush elephant,11-09-2015 14:19:56,9,train
https://storage.googleapis.com/public-datasets-lila/snapshot-safari-2024-expansion/MAD/MAD_S2/MAD03/MAD03_R5/MAD_S2_MAD03_R5_IMAG5408.JPG,Snapshot Safari 2024 Expansion : MAD/MAD_S2/MAD03/MAD03_R5/MAD_S2_MAD03_R5_IMAG5408.JPG,Snapshot Safari 2024 Expansion : MAD_S2#MAD03#5#1803,Snapshot Safari 2024 Expansion : MAD_S2_MAD03,1,african bush elephant,,9,train
https://storage.googleapis.com/public-datasets-lila/snapshotserengeti-unzipped/S9/F07/F07_R1/S9_F07_R1_IMAG0064.JPG,Snapshot Serengeti : S9/F07/F07_R1/S9_F07_R1_IMAG0064,Snapshot Serengeti : SER_S9#F07#1#27,Snapshot Serengeti : F07,3,african bush elephant,07-24-2014 10:58:22,9,test
https://storage.googleapis.com/public-datasets-lila/snapshotserengeti-unzipped/S8/K08/K08_R2/S8_K08_R2_IMAG1199.JPG,Snapshot Serengeti : S8/K08/K08_R2/S8_K08_R2_IMAG1199,Snapshot Serengeti : SER_S8#K08#2#436,Snapshot Serengeti : K08,1,african bush elephant,03-29-2014 18:16:00,9,train
https://storage.googleapis.com/public-datasets-lila/snapshot-safari-2024-expansion/MAD/MAD_S1/MAD03/MAD03_R3/MAD_S1_MAD03_R3_IMAG2217.JPG,Snapshot Safari 2024 Expansion : MAD/MAD_S1/MAD03/MAD03_R3/MAD_S1_MAD03_R3_IMAG2217.JPG,Snapshot Safari 2024 Expansion : MAD_S1#MAD03#3#739,Snapshot Safari 2024 Expansion : MAD_S1_MAD03,2,african bush elephant,,9,train
https://storage.googleapis.com/public-datasets-lila/snapshot-safari-2024-expansion/Snapshot Cameo/EFA/EFA_S1/EFA06/EFA06_R18/EFA_S1_EFA06_R18_IMAG0106.JPG,Snapshot Safari 2024 Expansion : Snapshot Cameo/EFA/EFA_S1/EFA06/EFA06_R18/EFA_S1_EFA06_R18_IMAG0106.JPG,Snapshot Safari 2024 Expansion : EFA_S1#EFA06#18#82,Snapshot Safari 2024 Expansion : EFA_S1_EFA06,0,african bush elephant,,9,train
https://storage.googleapis.com/public-datasets-lila/snapshotserengeti-unzipped/S8/C03/C03_R1/S8_C03_R1_IMAG0174.JPG,Snapshot Serengeti : S8/C03/C03_R1/S8_C03_R1_IMAG0174,Snapshot Serengeti : SER_S8#C03#1#94,Snapshot Serengeti : C03,3,african bush elephant,11-01-2013 06:33:46,9,train
https://storage.googleapis.com/public-datasets-lila/snapshot-safari-2024-expansion/MAD/MAD_S3/MAD04/MAD04_R08/MAD_S3_MAD04_R08_IMAG1797.JPG,Snapshot Safari 2024 Expansion : MAD/MAD_S3/MAD04/MAD04_R08/MAD_S3_MAD04_R08_IMAG1797.JPG,Snapshot Safari 2024 Expansion : MAD_S3#MAD04#08#599,Snapshot Safari 2024 Expansion : MAD_S3_MAD04,2,african bush elephant,,9,train
https://storage.googleapis.com/public-datasets-lila/snapshot-safari-2024-expansion/MAD/MAD_S2/H04/H04_R7/MAD_S2_H04_R7_IMAG0015.JPG,Snapshot Safari 2024 Expansion : MAD/MAD_S2/H04/H04_R7/MAD_S2_H04_R7_IMAG0015.JPG,Snapshot Safari 2024 Expansion : MAD_S2#H04#7#5,Snapshot Safari 2024 Expansion : MAD_S2_H04,2,african bush elephant,,9,train
https://storage.googleapis.com/public-datasets-lila/snapshot-safari-2024-expansion/Snapshot Cameo/EFA/EFA_S1/EFA08/EFA08_R22/EFA_S1_EFA08_R22_IMAG0808.JPG,Snapshot Safari 2024 Expansion : Snapshot Cameo/EFA/EFA_S1/EFA08/EFA08_R22/EFA_S1_EFA08_R22_IMAG0808.JPG,Snapshot Safari 2024 Expansion : EFA_S1#EFA08#22#141,Snapshot Safari 2024 Expansion : EFA_S1_EFA08,1,african bush elephant,,9,test
https://storage.googleapis.com/public-datasets-lila/snapshotserengeti-unzipped/S6/L03/L03_R2/S6_L03_R2_IMAG0084.JPG,Snapshot Serengeti : S6/L03/L03_R2/S6_L03_R2_IMAG0084,Snapshot Serengeti : SER_S6#L03#2#33,Snapshot Serengeti : L03,2,african bush elephant,03-08-2013 13:28:25,9,train
https://storage.googleapis.com/public-datasets-lila/snapshot-safari-2024-expansion/Snapshot Cameo/EFA/EFA_S1/EFA08/EFA08_R1/EFA_S1_EFA08_R1_IMAG4419.JPG,Snapshot Safari 2024 Expansion : Snapshot Cameo/EFA/EFA_S1/EFA08/EFA08_R1/EFA_S1_EFA08_R1_IMAG4419.JPG,Snapshot Safari 2024 Expansion : EFA_S1#EFA08#1#899,Snapshot Safari 2024 Expansion : EFA_S1_EFA08,1,african bush elephant,,9,test
https://storage.googleapis.com/public-datasets-lila/snapshot-safari-2024-expansion/Snapshot Cameo/EFA/EFA_S1/EFA08/EFA08_R30/EFA_S1_EFA08_R30_IMAG0335.JPG,Snapshot Safari 2024 Expansion : Snapshot Cameo/EFA/EFA_S1/EFA08/EFA08_R30/EFA_S1_EFA08_R30_IMAG0335.JPG,Snapshot Safari 2024 Expansion : EFA_S1#EFA08#30#70,Snapshot Safari 2024 Expansion : EFA_S1_EFA08,1,african bush elephant,,9,test
https://storage.googleapis.com/public-datasets-lila/snapshot-safari-2024-expansion/SER/SER_S12/K05/K05_R3/SER_S12_K05_R3_IMAG0531.JPG,Snapshot Safari 2024 Expansion : SER/SER_S12/K05/K05_R3/SER_S12_K05_R3_IMAG0531.JPG,Snapshot Safari 2024 Expansion : SER_S12#K05#3#529,Snapshot Safari 2024 Expansion : SER_S12_K05,0,african bush elephant,,9,test
https://storage.googleapis.com/public-datasets-lila/snapshot-safari-2024-expansion/MAD/MAD_S1/MAD03/MAD03_R4/MAD_S1_MAD03_R4_IMAG1883.JPG,Snapshot Safari 2024 Expansion : MAD/MAD_S1/MAD03/MAD03_R4/MAD_S1_MAD03_R4_IMAG1883.JPG,Snapshot Safari 2024 Expansion : MAD_S1#MAD03#4#629,Snapshot Safari 2024 Expansion : MAD_S1_MAD03,0,african bush elephant,,9,train
https://storage.googleapis.com/public-datasets-lila/snapshot-safari-2024-expansion/MAD/MAD_S2/F05/F05_R7/MAD_S2_F05_R7_IMAG0006.JPG,Snapshot Safari 2024 Expansion : MAD/MAD_S2/F05/F05_R7/MAD_S2_F05_R7_IMAG0006.JPG,Snapshot Safari 2024 Expansion : MAD_S2#F05#7#2,Snapshot Safari 2024 Expansion : MAD_S2_F05,2,african bush elephant,,9,train
https://storage.googleapis.com/public-datasets-lila/wcs-unzipped/animals/0371/0317.jpg,WCS Camera Traps : 4e7631ca-92d5-11e9-94f3-000d3a74c7de,WCS Camera Traps : ken-014-d0090-92,WCS Camera Traps : 2730,3,african bush elephant,08-10-2009 11:17:12,9,train
https://storage.googleapis.com/public-datasets-lila/snapshot-safari-2024-expansion/APN/APN_S3/U64c/U64c_R11/APN_S3_U64c_R11_IMAG0055.JPG,Snapshot Safari 2024 Expansion : APN/APN_S3/U64c/U64c_R11/APN_S3_U64c_R11_IMAG0055.JPG,Snapshot Safari 2024 Expansion : APN_S3#U64c#11#25,Snapshot Safari 2024 Expansion : APN_S3_U64C,0,african bush elephant,,9,train
https://storage.googleapis.com/public-datasets-lila/snapshot-safari-2024-expansion/MAD/MAD_S3/MAD01/MAD01_R08/MAD_S3_MAD01_R08_IMAG0945.JPG,Snapshot Safari 2024 Expansion : MAD/MAD_S3/MAD01/MAD01_R08/MAD_S3_MAD01_R08_IMAG0945.JPG,Snapshot Safari 2024 Expansion : MAD_S3#MAD01#08#315,Snapshot Safari 2024 Expansion : MAD_S3_MAD01,2,african bush elephant,,9,train
https://storage.googleapis.com/public-datasets-lila/snapshot-safari-2024-expansion/Snapshot Cameo/EFA/EFA_S1/EFA08/EFA08_R39/EFA_S1_EFA08_R39_IMAG0711.JPG,Snapshot Safari 2024 Expansion : Snapshot Cameo/EFA/EFA_S1/EFA08/EFA08_R39/EFA_S1_EFA08_R39_IMAG0711.JPG,Snapshot Safari 2024 Expansion : EFA_S1#EFA08#39#116,Snapshot Safari 2024 Expansion : EFA_S1_EFA08,2,african bush elephant,,9,test
https://storage.googleapis.com/public-datasets-lila/snapshot-safari-2024-expansion/MAD/MAD_S2/MAD03/MAD03_R7/MAD_S2_MAD03_R7_IMAG0531.JPG,Snapshot Safari 2024 Expansion : MAD/MAD_S2/MAD03/MAD03_R7/MAD_S2_MAD03_R7_IMAG0531.JPG,Snapshot Safari 2024 Expansion : MAD_S2#MAD03#7#177,Snapshot Safari 2024 Expansion : MAD_S2_MAD03,2,african bush elephant,,9,train
https://storage.googleapis.com/public-datasets-lila/snapshot-safari-2024-expansion/Snapshot Cameo/EFA/EFA_S1/EFA08/EFA08_R16/EFA_S1_EFA08_R16_IMAG0061.JPG,Snapshot Safari 2024 Expansion : Snapshot Cameo/EFA/EFA_S1/EFA08/EFA08_R16/EFA_S1_EFA08_R16_IMAG0061.JPG,Snapshot Safari 2024 Expansion : EFA_S1#EFA08#16#19,Snapshot Safari 2024 Expansion : EFA_S1_EFA08,1,african bush elephant,,9,test
https://storage.googleapis.com/public-datasets-lila/snapshotserengeti-unzipped/S4/F12/F12_R1/S4_F12_R1_IMAG0972.JPG,Snapshot Serengeti : S4/F12/F12_R1/S4_F12_R1_IMAG0972,Snapshot Serengeti : SER_S4#F12#1#440,Snapshot Serengeti : F12,3,african bush elephant,02-10-2012 12:23:37,9,train
https://storage.googleapis.com/public-datasets-lila/snapshot-safari-2024-expansion/KRU/KRU_S3/21/21_R5/KRU_S3_21_R5_IMAG0045.JPG,Snapshot Safari 2024 Expansion : KRU/KRU_S3/21/21_R5/KRU_S3_21_R5_IMAG0045.JPG,Snapshot Safari 2024 Expansion : KRU_S3#21#5#20,Snapshot Safari 2024 Expansion : KRU_S3_21,1,african bush elephant,,9,train
https://storage.googleapis.com/public-datasets-lila/snapshot-safari-2024-expansion/MAD/MAD_S2/MAD05/MAD05_R5/MAD_S2_MAD05_R5_IMAG1046.JPG,Snapshot Safari 2024 Expansion : MAD/MAD_S2/MAD05/MAD05_R5/MAD_S2_MAD05_R5_IMAG1046.JPG,Snapshot Safari 2024 Expansion : MAD_S2#MAD05#5#349,Snapshot Safari 2024 Expansion : MAD_S2_MAD05,1,african bush elephant,,9,val
https://storage.googleapis.com/public-datasets-lila/snapshot-safari-2024-expansion/MAD/MAD_S2/MAD06/MAD06_R6/MAD_S2_MAD06_R6_IMAG1200.JPG,Snapshot Safari 2024 Expansion : MAD/MAD_S2/MAD06/MAD06_R6/MAD_S2_MAD06_R6_IMAG1200.JPG,Snapshot Safari 2024 Expansion : MAD_S2#MAD06#6#400,Snapshot Safari 2024 Expansion : MAD_S2_MAD06,2,african bush elephant,,9,val
https://storage.googleapis.com/public-datasets-lila/wcs-unzipped/animals/0235/1034.jpg,WCS Camera Traps : 1d180c7e-92d5-11e9-988c-000d3a74c7de,WCS Camera Traps : ken-010-d0033-51,WCS Camera Traps : 1350,37,african bush elephant,08-16-2011 10:48:42,9,train
https://storage.googleapis.com/public-datasets-lila/snapshot-safari-2024-expansion/MAD/MAD_S1/MAD03/MAD03_R3/MAD_S1_MAD03_R3_IMAG2738.JPG,Snapshot Safari 2024 Expansion : MAD/MAD_S1/MAD03/MAD03_R3/MAD_S1_MAD03_R3_IMAG2738.JPG,Snapshot Safari 2024 Expansion : MAD_S1#MAD03#3#913,Snapshot Safari 2024 Expansion : MAD_S1_MAD03,1,african bush elephant,,9,train
https://storage.googleapis.com/public-datasets-lila/snapshotserengeti-unzipped/S1/K10/K10_R1/S1_K10_R1_PICT0391.JPG,Snapshot Serengeti : S1/K10/K10_R1/S1_K10_R1_PICT0391,Snapshot Serengeti : SER_S1#K10#1#131,Snapshot Serengeti : K10,3,african bush elephant,10-09-2010 14:00:56,9,train
https://storage.googleapis.com/public-datasets-lila/wcs-unzipped/animals/0203/1673.jpg,WCS Camera Traps : 11097726-92d5-11e9-b587-000d3a74c7de,WCS Camera Traps : ken-007-d0038-99,WCS Camera Traps : 1257,7,african bush elephant,02-23-2012 00:10:28,9,train
https://storage.googleapis.com/public-datasets-lila/snapshot-safari-2024-expansion/MAD/MAD_S2/MAD06/MAD06_R7/MAD_S2_MAD06_R7_IMAG0280.JPG,Snapshot Safari 2024 Expansion : MAD/MAD_S2/MAD06/MAD06_R7/MAD_S2_MAD06_R7_IMAG0280.JPG,Snapshot Safari 2024 Expansion : MAD_S2#MAD06#7#94,Snapshot Safari 2024 Expansion : MAD_S2_MAD06,0,african bush elephant,,9,val
https://storage.googleapis.com/public-datasets-lila/snapshot-safari-2024-expansion/MAD/MAD_S2/E06/E06_R6/MAD_S2_E06_R6_IMAG0014.JPG,Snapshot Safari 2024 Expansion : MAD/MAD_S2/E06/E06_R6/MAD_S2_E06_R6_IMAG0014.JPG,Snapshot Safari 2024 Expansion : MAD_S2#E06#6#5,Snapshot Safari 2024 Expansion : MAD_S2_E06,1,african bush elephant,,9,train
https://storage.googleapis.com/public-datasets-lila/snapshot-safari-2024-expansion/SER/SER_S12/H05/H05_R1/SER_S12_H05_R1_IMAG0527.JPG,Snapshot Safari 2024 Expansion : SER/SER_S12/H05/H05_R1/SER_S12_H05_R1_IMAG0527.JPG,Snapshot Safari 2024 Expansion : SER_S12#H05#1#238,Snapshot Safari 2024 Expansion : SER_S12_H05,0,african bush elephant,,9,train
https://storage.googleapis.com/public-datasets-lila/snapshot-safari-2024-expansion/APN/APN_S3/JJ5/JJ5_R8/APN_S3_JJ5_R8_IMAG0363.JPG,Snapshot Safari 2024 Expansion : APN/APN_S3/JJ5/JJ5_R8/APN_S3_JJ5_R8_IMAG0363.JPG,Snapshot Safari 2024 Expansion : APN_S3#JJ5#8#169,Snapshot Safari 2024 Expansion : APN_S3_JJ5,1,african bush elephant,,9,train
https://storage.googleapis.com/public-datasets-lila/snapshot-safari-2024-expansion/MAD/MAD_S1/C06/C06_R4/MAD_S1_C06_R4_IMAG0421.JPG,Snapshot Safari 2024 Expansion : MAD/MAD_S1/C06/C06_R4/MAD_S1_C06_R4_IMAG0421.JPG,Snapshot Safari 2024 Expansion : MAD_S1#C06#4#141,Snapshot Safari 2024 Expansion : MAD_S1_C06,0,african bush elephant,,9,val
https://storage.googleapis.com/public-datasets-lila/snapshotserengeti-unzipped/S5/G12/G12_R2/S5_G12_R2_IMAG0168.JPG,Snapshot Serengeti : S5/G12/G12_R2/S5_G12_R2_IMAG0168,Snapshot Serengeti : SER_S5#G12#2#61,Snapshot Serengeti : G12,3,african bush elephant,08-08-2012 12:20:34,9,train
https://storage.googleapis.com/public-datasets-lila/snapshotserengeti-unzipped/S6/J09/J09_R2/S6_J09_R2_IMAG0145.JPG,Snapshot Serengeti : S6/J09/J09_R2/S6_J09_R2_IMAG0145,Snapshot Serengeti : SER_S6#J09#2#51,Snapshot Serengeti : J09,1,african bush elephant,02-15-2013 11:53:50,9,train
https://storage.googleapis.com/public-datasets-lila/snapshot-safari-2024-expansion/APN/APN_S2/N3/N3_R6/APN_S2_N3_R6_IMAG0057.JPG,Snapshot Safari 2024 Expansion : APN/APN_S2/N3/N3_R6/APN_S2_N3_R6_IMAG0057.JPG,Snapshot Safari 2024 Expansion : APN_S2#N3#6#35,Snapshot Safari 2024 Expansion : APN_S2_N3,1,african bush elephant,,9,train
https://storage.googleapis.com/public-datasets-lila/snapshotserengeti-unzipped/S7/H07/H07_R2/S7_H07_R2_IMAG0113.JPG,Snapshot Serengeti : S7/H07/H07_R2/S7_H07_R2_IMAG0113,Snapshot Serengeti : SER_S7#H07#2#51,Snapshot Serengeti : H07,3,african bush elephant,07-10-2013 07:55:03,9,train
https://storage.googleapis.com/public-datasets-lila/snapshot-safari-2024-expansion/APN/APN_S4/TB12/TB12_R7/APN_S4_TB12_R7_IMAG0445.JPG,Snapshot Safari 2024 Expansion : APN/APN_S4/TB12/TB12_R7/APN_S4_TB12_R7_IMAG0445.JPG,Snapshot Safari 2024 Expansion : APN_S4#TB12#7#163,Snapshot Safari 2024 Expansion : APN_S4_TB12,2,african bush elephant,,9,train
https://storage.googleapis.com/public-datasets-lila/snapshot-safari-2024-expansion/Snapshot Cameo/EFA/EFA_S1/EFA08/EFA08_R2/EFA_S1_EFA08_R2_IMAG2242.JPG,Snapshot Safari 2024 Expansion : Snapshot Cameo/EFA/EFA_S1/EFA08/EFA08_R2/EFA_S1_EFA08_R2_IMAG2242.JPG,Snapshot Safari 2024 Expansion : EFA_S1#EFA08#2#460,Snapshot Safari 2024 Expansion : EFA_S1_EFA08,2,african bush elephant,,9,test
https://storage.googleapis.com/public-datasets-lila/snapshot-safari-2024-expansion/Snapshot Cameo/EFA/EFA_S1/EFA08/EFA08_R33/EFA_S1_EFA08_R33_IMAG0059.JPG,Snapshot Safari 2024 Expansion : Snapshot Cameo/EFA/EFA_S1/EFA08/EFA08_R33/EFA_S1_EFA08_R33_IMAG0059.JPG,Snapshot Safari 2024 Expansion : EFA_S1#EFA08#33#13,Snapshot Safari 2024 Expansion : EFA_S1_EFA08,1,african bush elephant,,9,test
https://storage.googleapis.com/public-datasets-lila/snapshotserengeti-unzipped/S6/B09/B09_R2/S6_B09_R2_IMAG0417.JPG,Snapshot Serengeti : S6/B09/B09_R2/S6_B09_R2_IMAG0417,Snapshot Serengeti : SER_S6#B09#2#168,Snapshot Serengeti : B09,3,african bush elephant,03-17-2013 13:43:43,9,train
https://storage.googleapis.com/public-datasets-lila/snapshot-safari-2024-expansion/Snapshot Cameo/EFA/EFA_S1/EFA07/EFA07_R28/EFA_S1_EFA07_R28_IMAG0328.JPG,Snapshot Safari 2024 Expansion : Snapshot Cameo/EFA/EFA_S1/EFA07/EFA07_R28/EFA_S1_EFA07_R28_IMAG0328.JPG,Snapshot Safari 2024 Expansion : EFA_S1#EFA07#28#64,Snapshot Safari 2024 Expansion : EFA_S1_EFA07,0,african bush elephant,,9,train
https://storage.googleapis.com/public-datasets-lila/snapshotserengeti-unzipped/S9/M10/M10_R1/S9_M10_R1_IMAG0103.JPG,Snapshot Serengeti : S9/M10/M10_R1/S9_M10_R1_IMAG0103,Snapshot Serengeti : SER_S9#M10#1#46,Snapshot Serengeti : M10,1,african bush elephant,08-07-2014 12:23:12,9,train
https://storage.googleapis.com/public-datasets-lila/snapshotserengeti-unzipped/S7/P13/P13_R1/S7_P13_R1_IMAG1433.JPG,Snapshot Serengeti : S7/P13/P13_R1/S7_P13_R1_IMAG1433,Snapshot Serengeti : SER_S7#P13#1#549,Snapshot Serengeti : P13,3,african bush elephant,06-03-2013 16:09:07,9,train
https://storage.googleapis.com/public-datasets-lila/snapshot-safari-2024-expansion/Snapshot Cameo/EFA/EFA_S1/EFA07/EFA07_R44/EFA_S1_EFA07_R44_IMAG2373.JPG,Snapshot Safari 2024 Expansion : Snapshot Cameo/EFA/EFA_S1/EFA07/EFA07_R44/EFA_S1_EFA07_R44_IMAG2373.JPG,Snapshot Safari 2024 Expansion : EFA_S1#EFA07#44#490,Snapshot Safari 2024 Expansion : EFA_S1_EFA07,0,african bush elephant,,9,train
https://storage.googleapis.com/public-datasets-lila/snapshotserengeti-unzipped/S2/L03/L03_R1/S2_L03_R1_PICT0189.JPG,Snapshot Serengeti : S2/L03/L03_R1/S2_L03_R1_PICT0189,Snapshot Serengeti : SER_S2#L03#1#64,Snapshot Serengeti : L03,2,african bush elephant,02-24-2011 15:34:17,9,train
https://storage.googleapis.com/public-datasets-lila/snapshot-safari-2024-expansion/Snapshot Cameo/EFA/EFA_S1/EFA06/EFA06_R22/EFA_S1_EFA06_R22_IMAG0479.JPG,Snapshot Safari 2024 Expansion : Snapshot Cameo/EFA/EFA_S1/EFA06/EFA06_R22/EFA_S1_EFA06_R22_IMAG0479.JPG,Snapshot Safari 2024 Expansion : EFA_S1#EFA06#22#395,Snapshot Safari 2024 Expansion : EFA_S1_EFA06,0,african bush elephant,,9,train
https://storage.googleapis.com/public-datasets-lila/snapshot-safari-2024-expansion/MAD/MAD_S2/MAD06/MAD06_R6/MAD_S2_MAD06_R6_IMAG0201.JPG,Snapshot Safari 2024 Expansion : MAD/MAD_S2/MAD06/MAD06_R6/MAD_S2_MAD06_R6_IMAG0201.JPG,Snapshot Safari 2024 Expansion : MAD_S2#MAD06#6#67,Snapshot Safari 2024 Expansion : MAD_S2_MAD06,2,african bush elephant,,9,val
https://storage.googleapis.com/public-datasets-lila/wcs-unzipped/animals/0035/1346.jpg,WCS Camera Traps : d4033eec-92d4-11e9-8e58-000d3a74c7de,WCS Camera Traps : ken-001-d0040-23,WCS Camera Traps : 516,1,african bush elephant,07-24-2010 19:51:33,9,train
https://storage.googleapis.com/public-datasets-lila/snapshot-safari-2024-expansion/Snapshot Cameo/EFA/EFA_S1/EFA06/EFA06_R22/EFA_S1_EFA06_R22_IMAG1661.JPG,Snapshot Safari 2024 Expansion : Snapshot Cameo/EFA/EFA_S1/EFA06/EFA06_R22/EFA_S1_EFA06_R22_IMAG1661.JPG,Snapshot Safari 2024 Expansion : EFA_S1#EFA06#22#1474,Snapshot Safari 2024 Expansion : EFA_S1_EFA06,0,african bush elephant,,9,train
https://storage.googleapis.com/public-datasets-lila/snapshot-safari-2024-expansion/Snapshot Cameo/DEB/DEB_S1/D7/D7_R15/DEB_S1_D7_R15_IMAG0017.JPG,Snapshot Safari 2024 Expansion : Snapshot Cameo/DEB/DEB_S1/D7/D7_R15/DEB_S1_D7_R15_IMAG0017.JPG,Snapshot Safari 2024 Expansion : DEB_S1#D7#15#17,Snapshot Safari 2024 Expansion : DEB_S1_D7,0,african bush elephant,,9,train
https://storage.googleapis.com/public-datasets-lila/wcs-unzipped/animals/0193/0918.jpg,WCS Camera Traps : 0d3abbd2-92d5-11e9-9464-000d3a74c7de,WCS Camera Traps : ken-008-d0026-11,WCS Camera Traps : 1208,3,african bush elephant,09-22-2010 19:09:47,9,train
https://storage.googleapis.com/public-datasets-lila/snapshotserengeti-unzipped/S6/B03/B03_R2/S6_B03_R2_IMAG0572.JPG,Snapshot Serengeti : S6/B03/B03_R2/S6_B03_R2_IMAG0572,Snapshot Serengeti : SER_S6#B03#2#302,Snapshot Serengeti : B03,1,african bush elephant,03-01-2013 20:38:01,9,train
https://storage.googleapis.com/public-datasets-lila/snapshotserengeti-unzipped/S9/J09/J09_R2/S9_J09_R2_IMAG0673.JPG,Snapshot Serengeti : S9/J09/J09_R2/S9_J09_R2_IMAG0673,Snapshot Serengeti : SER_S9#J09#2#273,Snapshot Serengeti : J09,3,african bush elephant,11-14-2014 11:56:12,9,train
https://storage.googleapis.com/public-datasets-lila/snapshot-safari-2024-expansion/SER/SER_S12/N05/N05_R2/SER_S12_N05_R2_IMAG0973.JPG,Snapshot Safari 2024 Expansion : SER/SER_S12/N05/N05_R2/SER_S12_N05_R2_IMAG0973.JPG,Snapshot Safari 2024 Expansion : SER_S12#N05#2#329,Snapshot Safari 2024 Expansion : SER_S12_N05,2,african bush elephant,,9,train
https://storage.googleapis.com/public-datasets-lila/snapshot-safari-2024-expansion/KRU/KRU_S3/22/22_R5/KRU_S3_22_R5_IMAG0221.JPG,Snapshot Safari 2024 Expansion : KRU/KRU_S3/22/22_R5/KRU_S3_22_R5_IMAG0221.JPG,Snapshot Safari 2024 Expansion : KRU_S3#22#5#97,Snapshot Safari 2024 Expansion : KRU_S3_22,2,african bush elephant,,9,train
https://storage.googleapis.com/public-datasets-lila/snapshotserengeti-unzipped/S5/L10/L10_R2/S5_L10_R2_IMAG3194.JPG,Snapshot Serengeti : S5/L10/L10_R2/S5_L10_R2_IMAG3194,Snapshot Serengeti : SER_S5#L10#2#1410,Snapshot Serengeti : L10,3,african bush elephant,10-22-2012 12:16:06,9,test
https://storage.googleapis.com/public-datasets-lila/snapshot-safari-2024-expansion/KRU/KRU_S2/47/47_R4/KRU_S2_47_R4_IMAG0272.JPG,Snapshot Safari 2024 Expansion : KRU/KRU_S2/47/47_R4/KRU_S2_47_R4_IMAG0272.JPG,Snapshot Safari 2024 Expansion : KRU_S2#47#4#145,Snapshot Safari 2024 Expansion : KRU_S2_47,1,african bush elephant,,9,train
https://storage.googleapis.com/public-datasets-lila/snapshot-safari-2024-expansion/Snapshot Cameo/EFA/EFA_S1/EFA08/EFA08_R21/EFA_S1_EFA08_R21_IMAG1002.JPG,Snapshot Safari 2024 Expansion : Snapshot Cameo/EFA/EFA_S1/EFA08/EFA08_R21/EFA_S1_EFA08_R21_IMAG1002.JPG,Snapshot Safari 2024 Expansion : EFA_S1#EFA08#21#175,Snapshot Safari 2024 Expansion : EFA_S1_EFA08,2,african bush elephant,,9,test
https://storage.googleapis.com/public-datasets-lila/snapshot-safari-2024-expansion/MAD/MAD_S2/MAD06/MAD06_R6/MAD_S2_MAD06_R6_IMAG5339.JPG,Snapshot Safari 2024 Expansion : MAD/MAD_S2/MAD06/MAD06_R6/MAD_S2_MAD06_R6_IMAG5339.JPG,Snapshot Safari 2024 Expansion : MAD_S2#MAD06#6#1780,Snapshot Safari 2024 Expansion : MAD_S2_MAD06,1,african bush elephant,,9,val
https://storage.googleapis.com/public-datasets-lila/snapshotserengeti-unzipped/S9/H03/H03_R3/S9_H03_R3_IMAG0057.JPG,Snapshot Serengeti : S9/H03/H03_R3/S9_H03_R3_IMAG0057,Snapshot Serengeti : SER_S9#H03#3#24,Snapshot Serengeti : H03,2,african bush elephant,09-28-2014 09:07:44,9,train
https://storage.googleapis.com/public-datasets-lila/snapshotserengeti-unzipped/S4/D05/D05_R2/S4_D05_R2_IMAG0288.JPG,Snapshot Serengeti : S4/D05/D05_R2/S4_D05_R2_IMAG0288,Snapshot Serengeti : SER_S4#D05#2#103,Snapshot Serengeti : D05,2,african bush elephant,03-29-2012 11:21:49,9,test
https://storage.googleapis.com/public-datasets-lila/snapshot-safari-2024-expansion/APN/APN_S2/DW/DW_R6/APN_S2_DW_R6_IMAG0241.JPG,Snapshot Safari 2024 Expansion : APN/APN_S2/DW/DW_R6/APN_S2_DW_R6_IMAG0241.JPG,Snapshot Safari 2024 Expansion : APN_S2#DW#6#100,Snapshot Safari 2024 Expansion : APN_S2_DW,1,african bush elephant,,9,train
https://storage.googleapis.com/public-datasets-lila/snapshotserengeti-unzipped/S5/O10/O10_R2/S5_O10_R2_IMAG0076.JPG,Snapshot Serengeti : S5/O10/O10_R2/S5_O10_R2_IMAG0076,Snapshot Serengeti : SER_S5#O10#2#31,Snapshot Serengeti : O10,2,african bush elephant,10-02-2012 14:33:32,9,train
https://storage.googleapis.com/public-datasets-lila/snapshot-safari-2024-expansion/PLN/PLN_S2/B04/B04_R3/PLN_S2_B04_R3_IMAG0469.JPG,Snapshot Safari 2024 Expansion : PLN/PLN_S2/B04/B04_R3/PLN_S2_B04_R3_IMAG0469.JPG,Snapshot Safari 2024 Expansion : PLN_S2#B04#3#230,Snapshot Safari 2024 Expansion : PLN_S2_B04,1,african bush elephant,,9,train
https://storage.googleapis.com/public-datasets-lila/snapshot-safari-2024-expansion/Snapshot Cameo/EFA/EFA_S1/EFA07/EFA07_R46/EFA_S1_EFA07_R46_IMAG0673.JPG,Snapshot Safari 2024 Expansion : Snapshot Cameo/EFA/EFA_S1/EFA07/EFA07_R46/EFA_S1_EFA07_R46_IMAG0673.JPG,Snapshot Safari 2024 Expansion : EFA_S1#EFA07#46#160,Snapshot Safari 2024 Expansion : EFA_S1_EFA07,0,african bush elephant,,9,train
https://storage.googleapis.com/public-datasets-lila/snapshotserengeti-unzipped/S5/M09/M09_R1/S5_M09_R1_IMAG0863.JPG,Snapshot Serengeti : S5/M09/M09_R1/S5_M09_R1_IMAG0863,Snapshot Serengeti : SER_S5#M09#1#323,Snapshot Serengeti : M09,2,african bush elephant,06-14-2012 12:36:29,9,train
https://storage.googleapis.com/public-datasets-lila/snapshotserengeti-unzipped/S5/I08/I08_R2/S5_I08_R2_IMAG3580.JPG,Snapshot Serengeti : S5/I08/I08_R2/S5_I08_R2_IMAG3580,Snapshot Serengeti : SER_S5#I08#2#1430,Snapshot Serengeti : I08,3,african bush elephant,10-05-2012 10:43:47,9,train
https://storage.googleapis.com/public-datasets-lila/snapshot-safari-2024-expansion/SER/SER_S13/B03/B03_R2/SER_S13_B03_R2_IMAG0784.JPG,Snapshot Safari 2024 Expansion : SER/SER_S13/B03/B03_R2/SER_S13_B03_R2_IMAG0784.JPG,Snapshot Safari 2024 Expansion : SER_S13#B03#2#782,Snapshot Safari 2024 Expansion : SER_S13_B03,0,african bush elephant,,9,val
https://storage.googleapis.com/public-datasets-lila/snapshot-safari-2024-expansion/APN/APN_S3/DW/DW_R8/APN_S3_DW_R8_IMAG0293.JPG,Snapshot Safari 2024 Expansion : APN/APN_S3/DW/DW_R8/APN_S3_DW_R8_IMAG0293.JPG,Snapshot Safari 2024 Expansion : APN_S3#DW#8#107,Snapshot Safari 2024 Expansion : APN_S3_DW,1,african bush elephant,,9,train
https://storage.googleapis.com/public-datasets-lila/snapshotserengeti-unzipped/S7/O10/O10_R1/S7_O10_R1_IMAG0012.JPG,Snapshot Serengeti : S7/O10/O10_R1/S7_O10_R1_IMAG0012,Snapshot Serengeti : SER_S7#O10#1#8,Snapshot Serengeti : O10,1,african bush elephant,05-13-2013 02:40:06,9,train
https://storage.googleapis.com/public-datasets-lila/snapshot-safari-2024-expansion/MAD/MAD_S2/MAD03/MAD03_R7/MAD_S2_MAD03_R7_IMAG3349.JPG,Snapshot Safari 2024 Expansion : MAD/MAD_S2/MAD03/MAD03_R7/MAD_S2_MAD03_R7_IMAG3349.JPG,Snapshot Safari 2024 Expansion : MAD_S2#MAD03#7#1117,Snapshot Safari 2024 Expansion : MAD_S2_MAD03,0,african bush elephant,,9,train
https://storage.googleapis.com/public-datasets-lila/snapshot-safari-2024-expansion/Snapshot Cameo/EFA/EFA_S1/EFA08/EFA08_R14/EFA_S1_EFA08_R14_IMAG0084.JPG,Snapshot Safari 2024 Expansion : Snapshot Cameo/EFA/EFA_S1/EFA08/EFA08_R14/EFA_S1_EFA08_R14_IMAG0084.JPG,Snapshot Safari 2024 Expansion : EFA_S1#EFA08#14#18,Snapshot Safari 2024 Expansion : EFA_S1_EFA08,0,african bush elephant,,9,test
https://storage.googleapis.com/public-datasets-lila/snapshot-safari-2024-expansion/MAD/MAD_S2/MAD06/MAD06_R6/MAD_S2_MAD06_R6_IMAG4038.JPG,Snapshot Safari 2024 Expansion : MAD/MAD_S2/MAD06/MAD06_R6/MAD_S2_MAD06_R6_IMAG4038.JPG,Snapshot Safari 2024 Expansion : MAD_S2#MAD06#6#1346,Snapshot Safari 2024 Expansion : MAD_S2_MAD06,2,african bush elephant,,9,val
https://storage.googleapis.com/public-datasets-lila/wcs-unzipped/animals/0192/1749.jpg,WCS Camera Traps : 0d030994-92d5-11e9-bd5a-000d3a74c7de,WCS Camera Traps : ken-008-d0018-10,WCS Camera Traps : 1201,1,african bush elephant,09-16-2010 11:26:40,9,train
https://storage.googleapis.com/public-datasets-lila/snapshot-safari-2024-expansion/SER/SER_S12/D03/D03_R3/SER_S12_D03_R3_IMAG0857.JPG,Snapshot Safari 2024 Expansion : SER/SER_S12/D03/D03_R3/SER_S12_D03_R3_IMAG0857.JPG,Snapshot Safari 2024 Expansion : SER_S12#D03#3#317,Snapshot Safari 2024 Expansion : SER_S12_D03,0,african bush elephant,,9,train
https://storage.googleapis.com/public-datasets-lila/snapshotserengeti-unzipped/S3/L11/L11_R12/S3_L11_R12_IMAG0642.JPG,Snapshot Serengeti : S3/L11/L11_R12/S3_L11_R12_IMAG0642,Snapshot Serengeti : SER_S3#L11#12#260,Snapshot Serengeti : L11,1,african bush elephant,12-30-2011 18:40:56,9,val
https://storage.googleapis.com/public-datasets-lila/snapshotserengeti-unzipped/S5/C13/C13_R2/S5_C13_R2_IMAG0293.JPG,Snapshot Serengeti : S5/C13/C13_R2/S5_C13_R2_IMAG0293,Snapshot Serengeti : SER_S5#C13#2#105,Snapshot Serengeti : C13,3,african bush elephant,08-20-2012 13:30:14,9,val
https://storage.googleapis.com/public-datasets-lila/snapshot-safari-2024-expansion/Snapshot Cameo/EFA/EFA_S1/EFA07/EFA07_R2/EFA_S1_EFA07_R2_IMAG0122.JPG,Snapshot Safari 2024 Expansion : Snapshot Cameo/EFA/EFA_S1/EFA07/EFA07_R2/EFA_S1_EFA07_R2_IMAG0122.JPG,Snapshot Safari 2024 Expansion : EFA_S1#EFA07#2#31,Snapshot Safari 2024 Expansion : EFA_S1_EFA07,0,african bush elephant,,9,train
https://storage.googleapis.com/public-datasets-lila/snapshot-safari-2024-expansion/MAD/MAD_S3/H07/H07_R10/MAD_S3_H07_R10_IMAG0044.JPG,Snapshot Safari 2024 Expansion : MAD/MAD_S3/H07/H07_R10/MAD_S3_H07_R10_IMAG0044.JPG,Snapshot Safari 2024 Expansion : MAD_S3#H07#10#15,Snapshot Safari 2024 Expansion : MAD_S3_H07,1,african bush elephant,,9,train
https://storage.googleapis.com/public-datasets-lila/snapshotserengeti-unzipped/S1/I08/I08_R1/S1_I08_R1_PICT0222.JPG,Snapshot Serengeti : S1/I08/I08_R1/S1_I08_R1_PICT0222,Snapshot Serengeti : SER_S1#I08#1#75,Snapshot Serengeti : I08,2,african bush elephant,09-15-2010 23:43:32,9,train
https://storage.googleapis.com/public-datasets-lila/snapshotserengeti-unzipped/S9/D07/D07_R3/S9_D07_R3_IMAG0756.JPG,Snapshot Serengeti : S9/D07/D07_R3/S9_D07_R3_IMAG0756,Snapshot Serengeti : SER_S9#D07#3#260,Snapshot Serengeti : D07,3,african bush elephant,11-10-2014 13:35:43,9,train
https://storage.googleapis.com/public-datasets-lila/snapshotserengeti-unzipped/S2/E06/E06_R2/S2_E06_R2_IMAG0276.JPG,Snapshot Serengeti : S2/E06/E06_R2/S2_E06_R2_IMAG0276,Snapshot Serengeti : SER_S2#E06#2#114,Snapshot Serengeti : E06,1,african bush elephant,04-15-2011 14:33:11,9,train
https://storage.googleapis.com/public-datasets-lila/snapshotserengeti-unzipped/S8/L03/L03_R3/S8_L03_R3_IMAG4233.JPG,Snapshot Serengeti : S8/L03/L03_R3/S8_L03_R3_IMAG4233,Snapshot Serengeti : SER_S8#L03#3#1443,Snapshot Serengeti : L03,1,african bush elephant,05-15-2014 13:09:37,9,train
https://storage.googleapis.com/public-datasets-lila/snapshotserengeti-unzipped/SER_S11/C03/C03_R2/SER_S11_C03_R2_IMAG0050.JPG,Snapshot Serengeti : SER_S11/C03/C03_R2/SER_S11_C03_R2_IMAG0050,Snapshot Serengeti : SER_S11#C03#2#23,Snapshot Serengeti : C03,1,african bush elephant,11-06-2015 08:57:53,9,train
https://storage.googleapis.com/public-datasets-lila/snapshot-safari-2024-expansion/Snapshot Cameo/EFA/EFA_S1/EFA08/EFA08_R25/EFA_S1_EFA08_R25_IMAG2872.JPG,Snapshot Safari 2024 Expansion : Snapshot Cameo/EFA/EFA_S1/EFA08/EFA08_R25/EFA_S1_EFA08_R25_IMAG2872.JPG,Snapshot Safari 2024 Expansion : EFA_S1#EFA08#25#411,Snapshot Safari 2024 Expansion : EFA_S1_EFA08,2,african bush elephant,,9,test
https://storage.googleapis.com/public-datasets-lila/snapshot-safari-2024-expansion/SER/SER_S13/B05/B05_R1/SER_S13_B05_R1_IMAG0883.JPG,Snapshot Safari 2024 Expansion : SER/SER_S13/B05/B05_R1/SER_S13_B05_R1_IMAG0883.JPG,Snapshot Safari 2024 Expansion : SER_S13#B05#1#881,Snapshot Safari 2024 Expansion : SER_S13_B05,0,african bush elephant,,9,train
https://storage.googleapis.com/public-datasets-lila/wcs-unzipped/animals/0368/1654.jpg,WCS Camera Traps : 4da01db8-92d5-11e9-bbf5-000d3a74c7de,WCS Camera Traps : ken-014-d0065-28,WCS Camera Traps : 2717,1,african bush elephant,08-12-2009 16:08:32,9,train
https://storage.googleapis.com/public-datasets-lila/snapshot-safari-2024-expansion/Snapshot Cameo/DEB/DEB_S1/C5/C5_R70/DEB_S1_C5_R70_IMAG0181.JPG,Snapshot Safari 2024 Expansion : Snapshot Cameo/DEB/DEB_S1/C5/C5_R70/DEB_S1_C5_R70_IMAG0181.JPG,Snapshot Safari 2024 Expansion : DEB_S1#C5#70#180,Snapshot Safari 2024 Expansion : DEB_S1_C5,0,african bush elephant,,9,train
https://storage.googleapis.com/public-datasets-lila/snapshot-safari-2024-expansion/APN/APN_S3/U43b/U43b_R10/APN_S3_U43b_R10_IMAG0102.JPG,Snapshot Safari 2024 Expansion : APN/APN_S3/U43b/U43b_R10/APN_S3_U43b_R10_IMAG0102.JPG,Snapshot Safari 2024 Expansion : APN_S3#U43b#10#40,Snapshot Safari 2024 Expansion : APN_S3_U43B,0,african bush elephant,,9,train
https://storage.googleapis.com/public-datasets-lila/snapshot-safari-2024-expansion/Snapshot Cameo/EFA/EFA_S1/EFA08/EFA08_R38/EFA_S1_EFA08_R38_IMAG0643.JPG,Snapshot Safari 2024 Expansion : Snapshot Cameo/EFA/EFA_S1/EFA08/EFA08_R38/EFA_S1_EFA08_R38_IMAG0643.JPG,Snapshot Safari 2024 Expansion : EFA_S1#EFA08#38#108,Snapshot Safari 2024 Expansion : EFA_S1_EFA08,2,african bush elephant,,9,test
https://storage.googleapis.com/public-datasets-lila/snapshotserengeti-unzipped/S8/P13/P13_R1/S8_P13_R1_IMAG1240.JPG,Snapshot Serengeti : S8/P13/P13_R1/S8_P13_R1_IMAG1240,Snapshot Serengeti : SER_S8#P13#1#456,Snapshot Serengeti : P13,3,african bush elephant,01-17-2014 13:25:11,9,train
https://storage.googleapis.com/public-datasets-lila/snapshot-safari-2024-expansion/MAD/MAD_S3/MAD03/MAD03_R09/MAD_S3_MAD03_R09_IMAG4000.JPG,Snapshot Safari 2024 Expansion : MAD/MAD_S3/MAD03/MAD03_R09/MAD_S3_MAD03_R09_IMAG4000.JPG,Snapshot Safari 2024 Expansion : MAD_S3#MAD03#09#1334,Snapshot Safari 2024 Expansion : MAD_S3_MAD03,2,african bush elephant,,9,train
https://storage.googleapis.com/public-datasets-lila/snapshot-safari-2024-expansion/KRU/KRU_S2/44/44_R4/KRU_S2_44_R4_IMAG0247.JPG,Snapshot Safari 2024 Expansion : KRU/KRU_S2/44/44_R4/KRU_S2_44_R4_IMAG0247.JPG,Snapshot Safari 2024 Expansion : KRU_S2#44#4#112,Snapshot Safari 2024 Expansion : KRU_S2_44,1,african bush elephant,,9,train
https://storage.googleapis.com/public-datasets-lila/snapshot-safari-2024-expansion/MAD/MAD_S3/MAD06/MAD06_R09/MAD_S3_MAD06_R09_IMAG0537.JPG,Snapshot Safari 2024 Expansion : MAD/MAD_S3/MAD06/MAD06_R09/MAD_S3_MAD06_R09_IMAG0537.JPG,Snapshot Safari 2024 Expansion : MAD_S3#MAD06#09#179,Snapshot Safari 2024 Expansion : MAD_S3_MAD06,2,african bush elephant,,9,train
https://storage.googleapis.com/public-datasets-lila/snapshotserengeti-unzipped/S1/H13/H13_R1/S1_H13_R1_PICT0114.JPG,Snapshot Serengeti : S1/H13/H13_R1/S1_H13_R1_PICT0114,Snapshot Serengeti : SER_S1#H13#1#39,Snapshot Serengeti : H13,2,african bush elephant,10-05-2010 11:03:02,9,train
https://storage.googleapis.com/public-datasets-lila/snapshot-safari-2024-expansion/Snapshot Cameo/EFA/EFA_S1/EFA08/EFA08_R2/EFA_S1_EFA08_R2_IMAG0601.JPG,Snapshot Safari 2024 Expansion : Snapshot Cameo/EFA/EFA_S1/EFA08/EFA08_R2/EFA_S1_EFA08_R2_IMAG0601.JPG,Snapshot Safari 2024 Expansion : EFA_S1#EFA08#2#137,Snapshot Safari 2024 Expansion : EFA_S1_EFA08,1,african bush elephant,,9,test
https://storage.googleapis.com/public-datasets-lila/snapshot-safari-2024-expansion/MAD/MAD_S2/I04/I04_R6/MAD_S2_I04_R6_IMAG0088.JPG,Snapshot Safari 2024 Expansion : MAD/MAD_S2/I04/I04_R6/MAD_S2_I04_R6_IMAG0088.JPG,Snapshot Safari 2024 Expansion : MAD_S2#I04#6#30,Snapshot Safari 2024 Expansion : MAD_S2_I04,0,african bush elephant,,9,train
https://storage.googleapis.com/public-datasets-lila/snapshot-safari-2024-expansion/PLN/PLN_S2/C02/C02_R5/PLN_S2_C02_R5_IMAG0290.JPG,Snapshot Safari 2024 Expansion : PLN/PLN_S2/C02/C02_R5/PLN_S2_C02_R5_IMAG0290.JPG,Snapshot Safari 2024 Expansion : PLN_S2#C02#5#117,Snapshot Safari 2024 Expansion : PLN_S2_C02,1,african bush elephant,,9,train
https://storage.googleapis.com/public-datasets-lila/snapshot-safari-2024-expansion/MAD/MAD_S1/MAD05/MAD05_R4/MAD_S1_MAD05_R4_IMAG0631.JPG,Snapshot Safari 2024 Expansion : MAD/MAD_S1/MAD05/MAD05_R4/MAD_S1_MAD05_R4_IMAG0631.JPG,Snapshot Safari 2024 Expansion : MAD_S1#MAD05#4#211,Snapshot Safari 2024 Expansion : MAD_S1_MAD05,0,african bush elephant,,9,val
https://storage.googleapis.com/public-datasets-lila/snapshot-safari-2024-expansion/MAD/MAD_S2/MAD03/MAD03_R6/MAD_S2_MAD03_R6_IMAG3285.JPG,Snapshot Safari 2024 Expansion : MAD/MAD_S2/MAD03/MAD03_R6/MAD_S2_MAD03_R6_IMAG3285.JPG,Snapshot Safari 2024 Expansion : MAD_S2#MAD03#6#1095,Snapshot Safari 2024 Expansion : MAD_S2_MAD03,2,african bush elephant,,9,train
https://storage.googleapis.com/public-datasets-lila/snapshot-safari-2024-expansion/Snapshot Cameo/EFA/EFA_S1/EFA08/EFA08_R1/EFA_S1_EFA08_R1_IMAG3555.JPG,Snapshot Safari 2024 Expansion : Snapshot Cameo/EFA/EFA_S1/EFA08/EFA08_R1/EFA_S1_EFA08_R1_IMAG3555.JPG,Snapshot Safari 2024 Expansion : EFA_S1#EFA08#1#718,Snapshot Safari 2024 Expansion : EFA_S1_EFA08,0,african bush elephant,,9,test
https://storage.googleapis.com/public-datasets-lila/snapshot-safari-2024-expansion/MAD/MAD_S2/MAD03/MAD03_R6/MAD_S2_MAD03_R6_IMAG2039.JPG,Snapshot Safari 2024 Expansion : MAD/MAD_S2/MAD03/MAD03_R6/MAD_S2_MAD03_R6_IMAG2039.JPG,Snapshot Safari 2024 Expansion : MAD_S2#MAD03#6#680,Snapshot Safari 2024 Expansion : MAD_S2_MAD03,1,african bush elephant,,9,train
https://storage.googleapis.com/public-datasets-lila/snapshot-safari-2024-expansion/APN/APN_S3/DW/DW_R8/APN_S3_DW_R8_IMAG0469.JPG,Snapshot Safari 2024 Expansion : APN/APN_S3/DW/DW_R8/APN_S3_DW_R8_IMAG0469.JPG,Snapshot Safari 2024 Expansion : APN_S3#DW#8#174,Snapshot Safari 2024 Expansion : APN_S3_DW,0,african bush elephant,,9,train
https://storage.googleapis.com/public-datasets-lila/snapshot-safari-2024-expansion/Snapshot Cameo/EFA/EFA_S1/EFA07/EFA07_R6/EFA_S1_EFA07_R6_IMAG1419.JPG,Snapshot Safari 2024 Expansion : Snapshot Cameo/EFA/EFA_S1/EFA07/EFA07_R6/EFA_S1_EFA07_R6_IMAG1419.JPG,Snapshot Safari 2024 Expansion : EFA_S1#EFA07#6#297,Snapshot Safari 2024 Expansion : EFA_S1_EFA07,0,african bush elephant,,9,train
https://storage.googleapis.com/public-datasets-lila/snapshot-safari-2024-expansion/MAD/MAD_S1/MAD06/MAD06_R3/MAD_S1_MAD06_R3_IMAG0614.JPG,Snapshot Safari 2024 Expansion : MAD/MAD_S1/MAD06/MAD06_R3/MAD_S1_MAD06_R3_IMAG0614.JPG,Snapshot Safari 2024 Expansion : MAD_S1#MAD06#3#205,Snapshot Safari 2024 Expansion : MAD_S1_MAD06,1,african bush elephant,,9,test
https://storage.googleapis.com/public-datasets-lila/snapshotserengeti-unzipped/S1/F08/F08_R3/S1_F08_R3_PICT3025.JPG,Snapshot Serengeti : S1/F08/F08_R3/S1_F08_R3_PICT3025,Snapshot Serengeti : SER_S1#F08#3#1010,Snapshot Serengeti : F08,3,african bush elephant,09-26-2010 08:50:16,9,val
https://storage.googleapis.com/public-datasets-lila/snapshot-safari-2024-expansion/APN/APN_S2/DW/DW_R7/APN_S2_DW_R7_IMAG0422.JPG,Snapshot Safari 2024 Expansion : APN/APN_S2/DW/DW_R7/APN_S2_DW_R7_IMAG0422.JPG,Snapshot Safari 2024 Expansion : APN_S2#DW#7#155,Snapshot Safari 2024 Expansion : APN_S2_DW,0,african bush elephant,,9,train
https://storage.googleapis.com/public-datasets-lila/snapshot-safari-2024-expansion/PLN/PLN_S2/B01/B01_R5/PLN_S2_B01_R5_IMAG0029.JPG,Snapshot Safari 2024 Expansion : PLN/PLN_S2/B01/B01_R5/PLN_S2_B01_R5_IMAG0029.JPG,Snapshot Safari 2024 Expansion : PLN_S2#B01#5#27,Snapshot Safari 2024 Expansion : PLN_S2_B01,0,african bush elephant,,9,val
https://storage.googleapis.com/public-datasets-lila/wcs-unzipped/animals/0413/1374.jpg,WCS Camera Traps : 5de56ddf-92d5-11e9-875c-000d3a74c7de,WCS Camera Traps : ken-017-d0042-12,WCS Camera Traps : 2940,2,african bush elephant,02-18-2015 18:43:36,9,train
https://storage.googleapis.com/public-datasets-lila/snapshotserengeti-unzipped/S9/I08/I08_R1/S9_I08_R1_IMAG0042.JPG,Snapshot Serengeti : S9/I08/I08_R1/S9_I08_R1_IMAG0042,Snapshot Serengeti : SER_S9#I08#1#16,Snapshot Serengeti : I08,1,african bush elephant,07-01-2014 14:23:20,9,train
https://storage.googleapis.com/public-datasets-lila/snapshotserengeti-unzipped/S9/E06/E06_R1/S9_E06_R1_IMAG2443.JPG,Snapshot Serengeti : S9/E06/E06_R1/S9_E06_R1_IMAG2443,Snapshot Serengeti : SER_S9#E06#1#894,Snapshot Serengeti : E06,2,african bush elephant,08-19-2014 17:21:21,9,train
https://storage.googleapis.com/public-datasets-lila/snapshotserengeti-unzipped/S2/D10/D10_R1/S2_D10_R1_PICT0067.JPG,Snapshot Serengeti : S2/D10/D10_R1/S2_D10_R1_PICT0067,Snapshot Serengeti : SER_S2#D10#1#23,Snapshot Serengeti : D10,3,african bush elephant,02-25-2011 05:21:47,9,train
https://storage.googleapis.com/public-datasets-lila/snapshot-safari-2024-expansion/MAD/MAD_S1/MAD03/MAD03_R4/MAD_S1_MAD03_R4_IMAG0816.JPG,Snapshot Safari 2024 Expansion : MAD/MAD_S1/MAD03/MAD03_R4/MAD_S1_MAD03_R4_IMAG0816.JPG,Snapshot Safari 2024 Expansion : MAD_S1#MAD03#4#273,Snapshot Safari 2024 Expansion : MAD_S1_MAD03,1,african bush elephant,,9,train
https://storage.googleapis.com/public-datasets-lila/snapshot-safari-2024-expansion/MAD/MAD_S1/MAD01/MAD01_R3/MAD_S1_MAD01_R3_IMAG2214.JPG,Snapshot Safari 2024 Expansion : MAD/MAD_S1/MAD01/MAD01_R3/MAD_S1_MAD01_R3_IMAG2214.JPG,Snapshot Safari 2024 Expansion : MAD_S1#MAD01#3#738,Snapshot Safari 2024 Expansion : MAD_S1_MAD01,2,african bush elephant,,9,train
https://storage.googleapis.com/public-datasets-lila/snapshotserengeti-unzipped/S8/G07/G07_R1/S8_G07_R1_IMAG0207.JPG,Snapshot Serengeti : S8/G07/G07_R1/S8_G07_R1_IMAG0207,Snapshot Serengeti : SER_S8#G07#1#72,Snapshot Serengeti : G07,2,african bush elephant,12-02-2013 14:32:01,9,train
https://storage.googleapis.com/public-datasets-lila/snapshot-safari-2024-expansion/MAD/MAD_S2/MAD06/MAD06_R5/MAD_S2_MAD06_R5_IMAG3050.JPG,Snapshot Safari 2024 Expansion : MAD/MAD_S2/MAD06/MAD06_R5/MAD_S2_MAD06_R5_IMAG3050.JPG,Snapshot Safari 2024 Expansion : MAD_S2#MAD06#5#1017,Snapshot Safari 2024 Expansion : MAD_S2_MAD06,1,african bush elephant,,9,val
https://storage.googleapis.com/public-datasets-lila/snapshot-safari-2024-expansion/APN/APN_S2/DW/DW_R6/APN_S2_DW_R6_IMAG0544.JPG,Snapshot Safari 2024 Expansion : APN/APN_S2/DW/DW_R6/APN_S2_DW_R6_IMAG0544.JPG,Snapshot Safari 2024 Expansion : APN_S2#DW#6#209,Snapshot Safari 2024 Expansion : APN_S2_DW,0,african bush elephant,,9,train
https://storage.googleapis.com/public-datasets-lila/snapshotserengeti-unzipped/S2/F01/F01_R3/S2_F01_R3_IMAG0390.JPG,Snapshot Serengeti : S2/F01/F01_R3/S2_F01_R3_IMAG0390,Snapshot Serengeti : SER_S2#F01#3#230,Snapshot Serengeti : F01,1,african bush elephant,07-20-2011 23:37:27,9,test
https://storage.googleapis.com/public-datasets-lila/snapshot-safari-2024-expansion/MAD/MAD_S2/MAD06/MAD06_R7/MAD_S2_MAD06_R7_IMAG0188.JPG,Snapshot Safari 2024 Expansion : MAD/MAD_S2/MAD06/MAD06_R7/MAD_S2_MAD06_R7_IMAG0188.JPG,Snapshot Safari 2024 Expansion : MAD_S2#MAD06#7#63,Snapshot Safari 2024 Expansion : MAD_S2_MAD06,1,african bush elephant,,9,val
https://storage.googleapis.com/public-datasets-lila/snapshot-safari-2024-expansion/MAD/MAD_S2/MAD03/MAD03_R6/MAD_S2_MAD03_R6_IMAG0709.JPG,Snapshot Safari 2024 Expansion : MAD/MAD_S2/MAD03/MAD03_R6/MAD_S2_MAD03_R6_IMAG0709.JPG,Snapshot Safari 2024 Expansion : MAD_S2#MAD03#6#237,Snapshot Safari 2024 Expansion : MAD_S2_MAD03,0,african bush elephant,,9,train
https://storage.googleapis.com/public-datasets-lila/snapshot-safari-2024-expansion/MAD/MAD_S3/MAD06/MAD06_R09/MAD_S3_MAD06_R09_IMAG1569.JPG,Snapshot Safari 2024 Expansion : MAD/MAD_S3/MAD06/MAD06_R09/MAD_S3_MAD06_R09_IMAG1569.JPG,Snapshot Safari 2024 Expansion : MAD_S3#MAD06#09#523,Snapshot Safari 2024 Expansion : MAD_S3_MAD06,2,african bush elephant,,9,train
https://storage.googleapis.com/public-datasets-lila/snapshot-safari-2024-expansion/Snapshot Cameo/EFA/EFA_S1/EFA08/EFA08_R37/EFA_S1_EFA08_R37_IMAG0603.JPG,Snapshot Safari 2024 Expansion : Snapshot Cameo/EFA/EFA_S1/EFA08/EFA08_R37/EFA_S1_EFA08_R37_IMAG0603.JPG,Snapshot Safari 2024 Expansion : EFA_S1#EFA08#37#98,Snapshot Safari 2024 Expansion : EFA_S1_EFA08,0,african bush elephant,,9,test
https://storage.googleapis.com/public-datasets-lila/wcs-unzipped/animals/0219/1714.jpg,WCS Camera Traps : 16f1faf1-92d5-11e9-b610-000d3a74c7de,WCS Camera Traps : ken-007-d0077-119,WCS Camera Traps : 1299,4,african bush elephant,02-12-2012 01:34:08,9,train
https://storage.googleapis.com/public-datasets-lila/snapshot-safari-2024-expansion/APN/APN_S3/TB14/TB14_R3/APN_S3_TB14_R3_IMAG0170.JPG,Snapshot Safari 2024 Expansion : APN/APN_S3/TB14/TB14_R3/APN_S3_TB14_R3_IMAG0170.JPG,Snapshot Safari 2024 Expansion : APN_S3#TB14#3#71,Snapshot Safari 2024 Expansion : APN_S3_TB14,2,african bush elephant,,9,train
https://storage.googleapis.com/public-datasets-lila/snapshot-safari-2024-expansion/Snapshot Cameo/EFA/EFA_S1/EFA08/EFA08_R25/EFA_S1_EFA08_R25_IMAG0062.JPG,Snapshot Safari 2024 Expansion : Snapshot Cameo/EFA/EFA_S1/EFA08/EFA08_R25/EFA_S1_EFA08_R25_IMAG0062.JPG,Snapshot Safari 2024 Expansion : EFA_S1#EFA08#25#11,Snapshot Safari 2024 Expansion : EFA_S1_EFA08,1,african bush elephant,,9,test
https://storage.googleapis.com/public-datasets-lila/snapshot-safari-2024-expansion/MAD/MAD_S2/MAD06/MAD06_R6/MAD_S2_MAD06_R6_IMAG1551.JPG,Snapshot Safari 2024 Expansion : MAD/MAD_S2/MAD06/MAD06_R6/MAD_S2_MAD06_R6_IMAG1551.JPG,Snapshot Safari 2024 Expansion : MAD_S2#MAD06#6#517,Snapshot Safari 2024 Expansion : MAD_S2_MAD06,2,african bush elephant,,9,val
https://storage.googleapis.com/public-datasets-lila/snapshotserengeti-unzipped/S6/B09/B09_R1/S6_B09_R1_IMAG0033.JPG,Snapshot Serengeti : S6/B09/B09_R1/S6_B09_R1_IMAG0033,Snapshot Serengeti : SER_S6#B09#1#12,Snapshot Serengeti : B09,3,african bush elephant,12-17-2012 13:30:32,9,train
https://storage.googleapis.com/public-datasets-lila/snapshot-safari-2024-expansion/APN/APN_S4/DW/DW_R14/APN_S4_DW_R14_IMAG0959.JPG,Snapshot Safari 2024 Expansion : APN/APN_S4/DW/DW_R14/APN_S4_DW_R14_IMAG0959.JPG,Snapshot Safari 2024 Expansion : APN_S4#DW#14#362,Snapshot Safari 2024 Expansion : APN_S4_DW,0,african bush elephant,,9,test
https://storage.googleapis.com/public-datasets-lila/snapshotserengeti-unzipped/S2/H08/H08_R3/S2_H08_R3_IMAG2423.JPG,Snapshot Serengeti : S2/H08/H08_R3/S2_H08_R3_IMAG2423,Snapshot Serengeti : SER_S2#H08#3#825,Snapshot Serengeti : H08,1,african bush elephant,07-15-2011 14:21:15,9,train
https://storage.googleapis.com/public-datasets-lila/snapshot-safari-2024-expansion/APN/APN_S3/DW/DW_R8/APN_S3_DW_R8_IMAG0442.JPG,Snapshot Safari 2024 Expansion : APN/APN_S3/DW/DW_R8/APN_S3_DW_R8_IMAG0442.JPG,Snapshot Safari 2024 Expansion : APN_S3#DW#8#165,Snapshot Safari 2024 Expansion : APN_S3_DW,0,african bush elephant,,9,train
https://storage.googleapis.com/public-datasets-lila/snapshot-safari-2024-expansion/MAD/MAD_S2/MAD05/MAD05_R6/MAD_S2_MAD05_R6_IMAG0262.JPG,Snapshot Safari 2024 Expansion : MAD/MAD_S2/MAD05/MAD05_R6/MAD_S2_MAD05_R6_IMAG0262.JPG,Snapshot Safari 2024 Expansion : MAD_S2#MAD05#6#88,Snapshot Safari 2024 Expansion : MAD_S2_MAD05,0,african bush elephant,,9,val
https://storage.googleapis.com/public-datasets-lila/snapshot-safari-2024-expansion/MAD/MAD_S2/MAD06/MAD06_R5/MAD_S2_MAD06_R5_IMAG3773.JPG,Snapshot Safari 2024 Expansion : MAD/MAD_S2/MAD06/MAD06_R5/MAD_S2_MAD06_R5_IMAG3773.JPG,Snapshot Safari 2024 Expansion : MAD_S2#MAD06#5#1258,Snapshot Safari 2024 Expansion : MAD_S2_MAD06,1,african bush elephant,,9,val
https://storage.googleapis.com/public-datasets-lila/snapshot-safari-2024-expansion/ENO/ENO_S5/E06/E06_R4/ENO_S5_E06_R4_IMAG0370.JPG,Snapshot Safari 2024 Expansion : ENO/ENO_S5/E06/E06_R4/ENO_S5_E06_R4_IMAG0370.JPG,Snapshot Safari 2024 Expansion : ENO_S5#E06#4#174,Snapshot Safari 2024 Expansion : ENO_S5_E06,0,african bush elephant,,9,test
https://storage.googleapis.com/public-datasets-lila/snapshot-safari-2024-expansion/Snapshot Cameo/EFA/EFA_S1/EFA08/EFA08_R25/EFA_S1_EFA08_R25_IMAG5031.JPG,Snapshot Safari 2024 Expansion : Snapshot Cameo/EFA/EFA_S1/EFA08/EFA08_R25/EFA_S1_EFA08_R25_IMAG5031.JPG,Snapshot Safari 2024 Expansion : EFA_S1#EFA08#25#757,Snapshot Safari 2024 Expansion : EFA_S1_EFA08,0,african bush elephant,,9,test
https://storage.googleapis.com/public-datasets-lila/snapshot-safari-2024-expansion/APN/APN_S3/DW/DW_R8/APN_S3_DW_R8_IMAG0046.JPG,Snapshot Safari 2024 Expansion : APN/APN_S3/DW/DW_R8/APN_S3_DW_R8_IMAG0046.JPG,Snapshot Safari 2024 Expansion : APN_S3#DW#8#17,Snapshot Safari 2024 Expansion : APN_S3_DW,0,african bush elephant,,9,train
https://storage.googleapis.com/public-datasets-lila/snapshot-safari-2024-expansion/MAD/MAD_S1/MAD03/MAD03_R3/MAD_S1_MAD03_R3_IMAG3633.JPG,Snapshot Safari 2024 Expansion : MAD/MAD_S1/MAD03/MAD03_R3/MAD_S1_MAD03_R3_IMAG3633.JPG,Snapshot Safari 2024 Expansion : MAD_S1#MAD03#3#1211,Snapshot Safari 2024 Expansion : MAD_S1_MAD03,2,african bush elephant,,9,train
https://storage.googleapis.com/public-datasets-lila/snapshot-safari-2024-expansion/MAD/MAD_S1/MAD03/MAD03_R4/MAD_S1_MAD03_R4_IMAG0533.JPG,Snapshot Safari 2024 Expansion : MAD/MAD_S1/MAD03/MAD03_R4/MAD_S1_MAD03_R4_IMAG0533.JPG,Snapshot Safari 2024 Expansion : MAD_S1#MAD03#4#179,Snapshot Safari 2024 Expansion : MAD_S1_MAD03,0,african bush elephant,,9,train
https://storage.googleapis.com/public-datasets-lila/snapshotserengeti-unzipped/S7/P13/P13_R1/S7_P13_R1_IMAG0169.JPG,Snapshot Serengeti : S7/P13/P13_R1/S7_P13_R1_IMAG0169,Snapshot Serengeti : SER_S7#P13#1#61,Snapshot Serengeti : P13,1,african bush elephant,05-02-2013 12:21:37,9,train
https://storage.googleapis.com/public-datasets-lila/snapshot-safari-2024-expansion/MAD/MAD_S3/MAD06/MAD06_R08/MAD_S3_MAD06_R08_IMAG1511.JPG,Snapshot Safari 2024 Expansion : MAD/MAD_S3/MAD06/MAD06_R08/MAD_S3_MAD06_R08_IMAG1511.JPG,Snapshot Safari 2024 Expansion : MAD_S3#MAD06#08#504,Snapshot Safari 2024 Expansion : MAD_S3_MAD06,1,african bush elephant,,9,train
https://storage.googleapis.com/public-datasets-lila/snapshot-safari-2024-expansion/KRU/KRU_S3/1/1_R5/KRU_S3_1_R5_IMAG0055.JPG,Snapshot Safari 2024 Expansion : KRU/KRU_S3/1/1_R5/KRU_S3_1_R5_IMAG0055.JPG,Snapshot Safari 2024 Expansion : KRU_S3#1#5#19,Snapshot Safari 2024 Expansion : KRU_S3_1,2,african bush elephant,,9,train
https://storage.googleapis.com/public-datasets-lila/snapshot-safari-2024-expansion/SER/SER_S13/Q07/Q07_R2/SER_S13_Q07_R2_IMAG1092.JPG,Snapshot Safari 2024 Expansion : SER/SER_S13/Q07/Q07_R2/SER_S13_Q07_R2_IMAG1092.JPG,Snapshot Safari 2024 Expansion : SER_S13#Q07#2#413,Snapshot Safari 2024 Expansion : SER_S13_Q07,0,african bush elephant,,9,train
https://storage.googleapis.com/public-datasets-lila/snapshot-safari-2024-expansion/RUA/RUA_S1/M45/M45_R1/RUA_S1_M45_R1_IMAG1490.JPG,Snapshot Safari 2024 Expansion : RUA/RUA_S1/M45/M45_R1/RUA_S1_M45_R1_IMAG1490.JPG,Snapshot Safari 2024 Expansion : RUA_S1#M45#1#1490,Snapshot Safari 2024 Expansion : RUA_S1_M45,0,african bush elephant,,9,train
https://storage.googleapis.com/public-datasets-lila/snapshotserengeti-unzipped/S8/M04/M04_R2/S8_M04_R2_IMAG1815.JPG,Snapshot Serengeti : S8/M04/M04_R2/S8_M04_R2_IMAG1815,Snapshot Serengeti : SER_S8#M04#2#607,Snapshot Serengeti : M04,3,african bush elephant,01-27-2014 09:29:34,9,train
https://storage.googleapis.com/public-datasets-lila/wcs-unzipped/animals/0349/0395.jpg,WCS Camera Traps : 4686b19d-92d5-11e9-b202-000d3a74c7de,WCS Camera Traps : ken-016-d0085-29,WCS Camera Traps : 1308,2,african bush elephant,03-11-2013 02:10:10,9,train
https://storage.googleapis.com/public-datasets-lila/snapshotserengeti-unzipped/S3/E05/E05_R11/S3_E05_R11_IMAG0178.JPG,Snapshot Serengeti : S3/E05/E05_R11/S3_E05_R11_IMAG0178,Snapshot Serengeti : SER_S3#E05#11#96,Snapshot Serengeti : E05,1,african bush elephant,09-18-2011 17:17:13,9,test
https://storage.googleapis.com/public-datasets-lila/snapshot-safari-2024-expansion/Snapshot Cameo/EFA/EFA_S1/EFA03/EFA03_R14/EFA_S1_EFA03_R14_IMAG0057.JPG,Snapshot Safari 2024 Expansion : Snapshot Cameo/EFA/EFA_S1/EFA03/EFA03_R14/EFA_S1_EFA03_R14_IMAG0057.JPG,Snapshot Safari 2024 Expansion : EFA_S1#EFA03#14#26,Snapshot Safari 2024 Expansion : EFA_S1_EFA03,0,african bush elephant,,9,train
https://storage.googleapis.com/public-datasets-lila/snapshot-safari-2024-expansion/Snapshot Cameo/EFA/EFA_S1/EFA05/EFA05_R10/EFA_S1_EFA05_R10_IMAG0026.JPG,Snapshot Safari 2024 Expansion : Snapshot Cameo/EFA/EFA_S1/EFA05/EFA05_R10/EFA_S1_EFA05_R10_IMAG0026.JPG,Snapshot Safari 2024 Expansion : EFA_S1#EFA05#10#9,Snapshot Safari 2024 Expansion : EFA_S1_EFA05,2,african bush elephant,,9,train
https://storage.googleapis.com/public-datasets-lila/snapshot-safari-2024-expansion/APN/APN_S4/DW/DW_R14/APN_S4_DW_R14_IMAG0456.JPG,Snapshot Safari 2024 Expansion : APN/APN_S4/DW/DW_R14/APN_S4_DW_R14_IMAG0456.JPG,Snapshot Safari 2024 Expansion : APN_S4#DW#14#173,Snapshot Safari 2024 Expansion : APN_S4_DW,0,african bush elephant,,9,test
https://storage.googleapis.com/public-datasets-lila/wcs-unzipped/animals/0205/0337.jpg,WCS Camera Traps : 11864808-92d5-11e9-89b3-000d3a74c7de,WCS Camera Traps : ken-007-d0057-62,WCS Camera Traps : 1278,2,african bush elephant,02-23-2012 12:13:47,9,train
https://storage.googleapis.com/public-datasets-lila/snapshotserengeti-unzipped/S5/J03/J03_R2/S5_J03_R2_IMAG1101.JPG,Snapshot Serengeti : S5/J03/J03_R2/S5_J03_R2_IMAG1101,Snapshot Serengeti : SER_S5#J03#2#389,Snapshot Serengeti : J03,1,african bush elephant,08-27-2012 18:28:35,9,train
https://storage.googleapis.com/public-datasets-lila/snapshot-safari-2024-expansion/Snapshot Cameo/EFA/EFA_S1/EFA03/EFA03_R26/EFA_S1_EFA03_R26_IMAG0254.JPG,Snapshot Safari 2024 Expansion : Snapshot Cameo/EFA/EFA_S1/EFA03/EFA03_R26/EFA_S1_EFA03_R26_IMAG0254.JPG,Snapshot Safari 2024 Expansion : EFA_S1#EFA03#26#61,Snapshot Safari 2024 Expansion : EFA_S1_EFA03,0,african bush elephant,,9,train
https://storage.googleapis.com/public-datasets-lila/snapshot-safari-2024-expansion/Snapshot Cameo/EFA/EFA_S1/EFA08/EFA08_R14/EFA_S1_EFA08_R14_IMAG1241.JPG,Snapshot Safari 2024 Expansion : Snapshot Cameo/EFA/EFA_S1/EFA08/EFA08_R14/EFA_S1_EFA08_R14_IMAG1241.JPG,Snapshot Safari 2024 Expansion : EFA_S1#EFA08#14#214,Snapshot Safari 2024 Expansion : EFA_S1_EFA08,2,african bush elephant,,9,test
https://storage.googleapis.com/public-datasets-lila/snapshot-safari-2024-expansion/KRU/KRU_S2/22/22_R3/KRU_S2_22_R3_IMAG0739.JPG,Snapshot Safari 2024 Expansion : KRU/KRU_S2/22/22_R3/KRU_S2_22_R3_IMAG0739.JPG,Snapshot Safari 2024 Expansion : KRU_S2#22#3#328,Snapshot Safari 2024 Expansion : KRU_S2_22,0,african bush elephant,,9,train
https://storage.googleapis.com/public-datasets-lila/snapshot-safari-2024-expansion/MAD/MAD_S3/MAD01/MAD01_R08/MAD_S3_MAD01_R08_IMAG0074.JPG,Snapshot Safari 2024 Expansion : MAD/MAD_S3/MAD01/MAD01_R08/MAD_S3_MAD01_R08_IMAG0074.JPG,Snapshot Safari 2024 Expansion : MAD_S3#MAD01#08#25,Snapshot Safari 2024 Expansion : MAD_S3_MAD01,1,african bush elephant,,9,train
https://storage.googleapis.com/public-datasets-lila/snapshotserengeti-unzipped/S9/B13/B13_R1/S9_B13_R1_IMAG0106.JPG,Snapshot Serengeti : S9/B13/B13_R1/S9_B13_R1_IMAG0106,Snapshot Serengeti : SER_S9#B13#1#44,Snapshot Serengeti : B13,2,african bush elephant,07-03-2014 11:41:39,9,train
https://storage.googleapis.com/public-datasets-lila/snapshot-safari-2024-expansion/Snapshot Cameo/EFA/EFA_S1/EFA08/EFA08_R2/EFA_S1_EFA08_R2_IMAG2270.JPG,Snapshot Safari 2024 Expansion : Snapshot Cameo/EFA/EFA_S1/EFA08/EFA08_R2/EFA_S1_EFA08_R2_IMAG2270.JPG,Snapshot Safari 2024 Expansion : EFA_S1#EFA08#2#463,Snapshot Safari 2024 Expansion : EFA_S1_EFA08,1,african bush elephant,,9,test
https://storage.googleapis.com/public-datasets-lila/snapshot-safari-2024-expansion/Snapshot Cameo/EFA/EFA_S1/EFA06/EFA06_R22/EFA_S1_EFA06_R22_IMAG2014.JPG,Snapshot Safari 2024 Expansion : Snapshot Cameo/EFA/EFA_S1/EFA06/EFA06_R22/EFA_S1_EFA06_R22_IMAG2014.JPG,Snapshot Safari 2024 Expansion : EFA_S1#EFA06#22#1827,Snapshot Safari 2024 Expansion : EFA_S1_EFA06,0,african bush elephant,,9,train
https://storage.googleapis.com/public-datasets-lila/snapshotserengeti-unzipped/S4/K03/K03_R2/S4_K03_R2_IMAG0007.JPG,Snapshot Serengeti : S4/K03/K03_R2/S4_K03_R2_IMAG0007,Snapshot Serengeti : SER_S4#K03#2#3,Snapshot Serengeti : K03,1,african bush elephant,03-20-2012 12:31:04,9,test
https://storage.googleapis.com/public-datasets-lila/snapshot-safari-2024-expansion/ENO/ENO_S3/C04/C04_R1/ENO_S3_C04_R1_IMAG1364.JPG,Snapshot Safari 2024 Expansion : ENO/ENO_S3/C04/C04_R1/ENO_S3_C04_R1_IMAG1364.JPG,Snapshot Safari 2024 Expansion : ENO_S3#C04#1#706,Snapshot Safari 2024 Expansion : ENO_S3_C04,0,african bush elephant,,9,train
https://storage.googleapis.com/public-datasets-lila/wcs-unzipped/animals/0226/1413.jpg,WCS Camera Traps : 196da38d-92d5-11e9-b558-000d3a74c7de,WCS Camera Traps : ken-007-d0093-33,WCS Camera Traps : 1317,11,african bush elephant,02-09-2012 09:57:26,9,test
https://storage.googleapis.com/public-datasets-lila/snapshot-safari-2024-expansion/Snapshot Cameo/EFA/EFA_S1/EFA08/EFA08_R14/EFA_S1_EFA08_R14_IMAG1360.JPG,Snapshot Safari 2024 Expansion : Snapshot Cameo/EFA/EFA_S1/EFA08/EFA08_R14/EFA_S1_EFA08_R14_IMAG1360.JPG,Snapshot Safari 2024 Expansion : EFA_S1#EFA08#14#235,Snapshot Safari 2024 Expansion : EFA_S1_EFA08,2,african bush elephant,,9,test
https://storage.googleapis.com/public-datasets-lila/snapshotserengeti-unzipped/S5/J08/J08_R2/S5_J08_R2_IMAG0015.JPG,Snapshot Serengeti : S5/J08/J08_R2/S5_J08_R2_IMAG0015,Snapshot Serengeti : SER_S5#J08#2#15,Snapshot Serengeti : J08,1,african bush elephant,08-12-2012 07:18:45,9,val
https://storage.googleapis.com/public-datasets-lila/snapshot-safari-2024-expansion/MAD/MAD_S3/I08/I08_R10/MAD_S3_I08_R10_IMAG0186.JPG,Snapshot Safari 2024 Expansion : MAD/MAD_S3/I08/I08_R10/MAD_S3_I08_R10_IMAG0186.JPG,Snapshot Safari 2024 Expansion : MAD_S3#I08#10#62,Snapshot Safari 2024 Expansion : MAD_S3_I08,2,african bush elephant,,9,test
https://storage.googleapis.com/public-datasets-lila/snapshot-safari-2024-expansion/ENO/ENO_S3/D06/D06_R4/ENO_S3_D06_R4_IMAG0439.JPG,Snapshot Safari 2024 Expansion : ENO/ENO_S3/D06/D06_R4/ENO_S3_D06_R4_IMAG0439.JPG,Snapshot Safari 2024 Expansion : ENO_S3#D06#4#207,Snapshot Safari 2024 Expansion : ENO_S3_D06,0,african bush elephant,,9,val
https://storage.googleapis.com/public-datasets-lila/snapshot-safari-2024-expansion/MAD/MAD_S1/D04/D04_R3/MAD_S1_D04_R3_IMAG0039.JPG,Snapshot Safari 2024 Expansion : MAD/MAD_S1/D04/D04_R3/MAD_S1_D04_R3_IMAG0039.JPG,Snapshot Safari 2024 Expansion : MAD_S1#D04#3#13,Snapshot Safari 2024 Expansion : MAD_S1_D04,2,african bush elephant,,9,train
https://storage.googleapis.com/public-datasets-lila/snapshot-safari-2024-expansion/Snapshot Cameo/EFA/EFA_S1/EFA08/EFA08_R1/EFA_S1_EFA08_R1_IMAG3033.JPG,Snapshot Safari 2024 Expansion : Snapshot Cameo/EFA/EFA_S1/EFA08/EFA08_R1/EFA_S1_EFA08_R1_IMAG3033.JPG,Snapshot Safari 2024 Expansion : EFA_S1#EFA08#1#613,Snapshot Safari 2024 Expansion : EFA_S1_EFA08,0,african bush elephant,,9,test
https://storage.googleapis.com/public-datasets-lila/snapshot-safari-2024-expansion/APN/APN_S2/DW/DW_R6/APN_S2_DW_R6_IMAG0390.JPG,Snapshot Safari 2024 Expansion : APN/APN_S2/DW/DW_R6/APN_S2_DW_R6_IMAG0390.JPG,Snapshot Safari 2024 Expansion : APN_S2#DW#6#154,Snapshot Safari 2024 Expansion : APN_S2_DW,1,african bush elephant,,9,train
https://storage.googleapis.com/public-datasets-lila/snapshotserengeti-unzipped/SER_S11/E05/E05_R1/SER_S11_E05_R1_IMAG0038.JPG,Snapshot Serengeti : SER_S11/E05/E05_R1/SER_S11_E05_R1_IMAG0038,Snapshot Serengeti : SER_S11#E05#1#16,Snapshot Serengeti : E05,2,african bush elephant,08-13-2015 18:34:10,9,test
https://storage.googleapis.com/public-datasets-lila/snapshot-safari-2024-expansion/Snapshot Cameo/EFA/EFA_S1/EFA08/EFA08_R25/EFA_S1_EFA08_R25_IMAG5917.JPG,Snapshot Safari 2024 Expansion : Snapshot Cameo/EFA/EFA_S1/EFA08/EFA08_R25/EFA_S1_EFA08_R25_IMAG5917.JPG,Snapshot Safari 2024 Expansion : EFA_S1#EFA08#25#897,Snapshot Safari 2024 Expansion : EFA_S1_EFA08,0,african bush elephant,,9,test
https://storage.googleapis.com/public-datasets-lila/snapshot-safari-2024-expansion/RUA/RUA_S1/M27/M27_R1/RUA_S1_M27_R1_IMAG1415.JPG,Snapshot Safari 2024 Expansion : RUA/RUA_S1/M27/M27_R1/RUA_S1_M27_R1_IMAG1415.JPG,Snapshot Safari 2024 Expansion : RUA_S1#M27#1#1415,Snapshot Safari 2024 Expansion : RUA_S1_M27,0,african bush elephant,,9,train
https://storage.googleapis.com/public-datasets-lila/snapshotserengeti-unzipped/S5/L10/L10_R2/S5_L10_R2_IMAG2800.JPG,Snapshot Serengeti : S5/L10/L10_R2/S5_L10_R2_IMAG2800,Snapshot Serengeti : SER_S5#L10#2#1232,Snapshot Serengeti : L10,1,african bush elephant,10-01-2012 13:58:53,9,test
https://storage.googleapis.com/public-datasets-lila/snapshotserengeti-unzipped/S6/D11/D11_R2/S6_D11_R2_IMAG0096.JPG,Snapshot Serengeti : S6/D11/D11_R2/S6_D11_R2_IMAG0096,Snapshot Serengeti : SER_S6#D11#2#44,Snapshot Serengeti : D11,1,african bush elephant,02-11-2013 01:50:14,9,train
https://storage.googleapis.com/public-datasets-lila/snapshot-safari-2024-expansion/Snapshot Cameo/DEB/DEB_S1/G4/G4_R45/DEB_S1_G4_R45_IMAG0178.JPG,Snapshot Safari 2024 Expansion : Snapshot Cameo/DEB/DEB_S1/G4/G4_R45/DEB_S1_G4_R45_IMAG0178.JPG,Snapshot Safari 2024 Expansion : DEB_S1#G4#45#178,Snapshot Safari 2024 Expansion : DEB_S1_G4,0,african bush elephant,,9,train
https://storage.googleapis.com/public-datasets-lila/snapshotserengeti-unzipped/SER_S11/G01/G01_R1/SER_S11_G01_R1_IMAG0757.JPG,Snapshot Serengeti : SER_S11/G01/G01_R1/SER_S11_G01_R1_IMAG0757,Snapshot Serengeti : SER_S11#G01#1#294,Snapshot Serengeti : G01,3,african bush elephant,08-23-2015 18:14:48,9,test
https://storage.googleapis.com/public-datasets-lila/snapshotserengeti-unzipped/S3/F12/F12_R11/S3_F12_R11_IMAG0175.JPG,Snapshot Serengeti : S3/F12/F12_R11/S3_F12_R11_IMAG0175,Snapshot Serengeti : SER_S3#F12#11#84,Snapshot Serengeti : F12,1,african bush elephant,10-08-2011 07:47:01,9,train
https://storage.googleapis.com/public-datasets-lila/snapshotserengeti-unzipped/S5/L11/L11_R3/S5_L11_R3_IMAG0218.JPG,Snapshot Serengeti : S5/L11/L11_R3/S5_L11_R3_IMAG0218,Snapshot Serengeti : SER_S5#L11#3#83,Snapshot Serengeti : L11,1,african bush elephant,12-10-2012 08:50:30,9,val
https://storage.googleapis.com/public-datasets-lila/snapshot-safari-2024-expansion/MAD/MAD_S2/MAD06/MAD06_R6/MAD_S2_MAD06_R6_IMAG1091.JPG,Snapshot Safari 2024 Expansion : MAD/MAD_S2/MAD06/MAD06_R6/MAD_S2_MAD06_R6_IMAG1091.JPG,Snapshot Safari 2024 Expansion : MAD_S2#MAD06#6#364,Snapshot Safari 2024 Expansion : MAD_S2_MAD06,1,african bush elephant,,9,val
https://storage.googleapis.com/public-datasets-lila/snapshot-safari-2024-expansion/Snapshot Cameo/EFA/EFA_S1/EFA08/EFA08_R29/EFA_S1_EFA08_R29_IMAG1724.JPG,Snapshot Safari 2024 Expansion : Snapshot Cameo/EFA/EFA_S1/EFA08/EFA08_R29/EFA_S1_EFA08_R29_IMAG1724.JPG,Snapshot Safari 2024 Expansion : EFA_S1#EFA08#29#315,Snapshot Safari 2024 Expansion : EFA_S1_EFA08,0,african bush elephant,,9,test
https://storage.googleapis.com/public-datasets-lila/snapshot-safari-2024-expansion/Snapshot Cameo/EFA/EFA_S1/EFA07/EFA07_R29/EFA_S1_EFA07_R29_IMAG0141.JPG,Snapshot Safari 2024 Expansion : Snapshot Cameo/EFA/EFA_S1/EFA07/EFA07_R29/EFA_S1_EFA07_R29_IMAG0141.JPG,Snapshot Safari 2024 Expansion : EFA_S1#EFA07#29#42,Snapshot Safari 2024 Expansion : EFA_S1_EFA07,1,african bush elephant,,9,train
https://storage.googleapis.com/public-datasets-lila/snapshot-safari-2024-expansion/Snapshot Cameo/EFA/EFA_S1/EFA08/EFA08_R25/EFA_S1_EFA08_R25_IMAG6087.JPG,Snapshot Safari 2024 Expansion : Snapshot Cameo/EFA/EFA_S1/EFA08/EFA08_R25/EFA_S1_EFA08_R25_IMAG6087.JPG,Snapshot Safari 2024 Expansion : EFA_S1#EFA08#25#920,Snapshot Safari 2024 Expansion : EFA_S1_EFA08,2,african bush elephant,,9,test
https://storage.googleapis.com/public-datasets-lila/snapshotserengeti-unzipped/S10/P10/P10_R2/S10_P10_R2_IMAG2463.JPG,Snapshot Serengeti : S10/P10/P10_R2/S10_P10_R2_IMAG2463,Snapshot Serengeti : SER_S10#P10#2#889,Snapshot Serengeti : P10,2,african bush elephant,06-29-2015 13:42:17,9,test
https://storage.googleapis.com/public-datasets-lila/snapshot-safari-2024-expansion/APN/APN_S4/DW/DW_R14/APN_S4_DW_R14_IMAG4076.JPG,Snapshot Safari 2024 Expansion : APN/APN_S4/DW/DW_R14/APN_S4_DW_R14_IMAG4076.JPG,Snapshot Safari 2024 Expansion : APN_S4#DW#14#1420,Snapshot Safari 2024 Expansion : APN_S4_DW,1,african bush elephant,,9,test
https://storage.googleapis.com/public-datasets-lila/snapshotserengeti-unzipped/S9/I06/I06_R1/S9_I06_R1_IMAG0286.JPG,Snapshot Serengeti : S9/I06/I06_R1/S9_I06_R1_IMAG0286,Snapshot Serengeti : SER_S9#I06#1#146,Snapshot Serengeti : I06,2,african bush elephant,08-19-2014 11:03:20,9,train
https://storage.googleapis.com/public-datasets-lila/snapshot-safari-2024-expansion/KRU/KRU_S2/3/3_R3/KRU_S2_3_R3_IMAG0040.JPG,Snapshot Safari 2024 Expansion : KRU/KRU_S2/3/3_R3/KRU_S2_3_R3_IMAG0040.JPG,Snapshot Safari 2024 Expansion : KRU_S2#3#3#20,Snapshot Safari 2024 Expansion : KRU_S2_3,0,african bush elephant,,9,train
https://storage.googleapis.com/public-datasets-lila/wcs-unzipped/animals/0232/1094.jpg,WCS Camera Traps : 1b8e60fe-92d5-11e9-9e67-000d3a74c7de,WCS Camera Traps : ken-010-d0010-59,WCS Camera Traps : 1331,3,african bush elephant,07-24-2011 12:25:43,9,train
https://storage.googleapis.com/public-datasets-lila/snapshot-safari-2024-expansion/Snapshot Cameo/EFA/EFA_S1/EFA07/EFA07_R36/EFA_S1_EFA07_R36_IMAG0924.JPG,Snapshot Safari 2024 Expansion : Snapshot Cameo/EFA/EFA_S1/EFA07/EFA07_R36/EFA_S1_EFA07_R36_IMAG0924.JPG,Snapshot Safari 2024 Expansion : EFA_S1#EFA07#36#159,Snapshot Safari 2024 Expansion : EFA_S1_EFA07,2,african bush elephant,,9,train
https://storage.googleapis.com/public-datasets-lila/snapshot-safari-2024-expansion/MAD/MAD_S1/MAD06/MAD06_R3/MAD_S1_MAD06_R3_IMAG1146.JPG,Snapshot Safari 2024 Expansion : MAD/MAD_S1/MAD06/MAD06_R3/MAD_S1_MAD06_R3_IMAG1146.JPG,Snapshot Safari 2024 Expansion : MAD_S1#MAD06#3#382,Snapshot Safari 2024 Expansion : MAD_S1_MAD06,2,african bush elephant,,9,test
https://storage.googleapis.com/public-datasets-lila/snapshot-safari-2024-expansion/MAD/MAD_S2/MAD03/MAD03_R6/MAD_S2_MAD03_R6_IMAG4804.JPG,Snapshot Safari 2024 Expansion : MAD/MAD_S2/MAD03/MAD03_R6/MAD_S2_MAD03_R6_IMAG4804.JPG,Snapshot Safari 2024 Expansion : MAD_S2#MAD03#6#1602,Snapshot Safari 2024 Expansion : MAD_S2_MAD03,0,african bush elephant,,9,train
https://storage.googleapis.com/public-datasets-lila/snapshot-safari-2024-expansion/MAD/MAD_S1/MAD01/MAD01_R3/MAD_S1_MAD01_R3_IMAG2958.JPG,Snapshot Safari 2024 Expansion : MAD/MAD_S1/MAD01/MAD01_R3/MAD_S1_MAD01_R3_IMAG2958.JPG,Snapshot Safari 2024 Expansion : MAD_S1#MAD01#3#986,Snapshot Safari 2024 Expansion : MAD_S1_MAD01,2,african bush elephant,,9,train
https://storage.googleapis.com/public-datasets-lila/snapshot-safari-2024-expansion/SER/SER_S12/D06/D06_R2/SER_S12_D06_R2_IMAG1001.JPG,Snapshot Safari 2024 Expansion : SER/SER_S12/D06/D06_R2/SER_S12_D06_R2_IMAG1001.JPG,Snapshot Safari 2024 Expansion : SER_S12#D06#2#999,Snapshot Safari 2024 Expansion : SER_S12_D06,0,african bush elephant,,9,train
https://storage.googleapis.com/public-datasets-lila/snapshot-safari-2024-expansion/MAD/MAD_S1/MAD03/MAD03_R3/MAD_S1_MAD03_R3_IMAG5576.JPG,Snapshot Safari 2024 Expansion : MAD/MAD_S1/MAD03/MAD03_R3/MAD_S1_MAD03_R3_IMAG5576.JPG,Snapshot Safari 2024 Expansion : MAD_S1#MAD03#3#1858,Snapshot Safari 2024 Expansion : MAD_S1_MAD03,1,african bush elephant,,9,train
https://storage.googleapis.com/public-datasets-lila/snapshot-safari-2024-expansion/APN/APN_S3/TB17/TB17_R5/APN_S3_TB17_R5_IMAG0050.JPG,Snapshot Safari 2024 Expansion : APN/APN_S3/TB17/TB17_R5/APN_S3_TB17_R5_IMAG0050.JPG,Snapshot Safari 2024 Expansion : APN_S3#TB17#5#19,Snapshot Safari 2024 Expansion : APN_S3_TB17,1,african bush elephant,,9,train
https://storage.googleapis.com/public-datasets-lila/snapshot-safari-2024-expansion/MAD/MAD_S3/I04/I04_R08/MAD_S3_I04_R08_IMAG0073.JPG,Snapshot Safari 2024 Expansion : MAD/MAD_S3/I04/I04_R08/MAD_S3_I04_R08_IMAG0073.JPG,Snapshot Safari 2024 Expansion : MAD_S3#I04#08#25,Snapshot Safari 2024 Expansion : MAD_S3_I04,0,african bush elephant,,9,test
https://storage.googleapis.com/public-datasets-lila/snapshot-safari-2024-expansion/MAD/MAD_S1/C04/C04_R3/MAD_S1_C04_R3_IMAG0345.JPG,Snapshot Safari 2024 Expansion : MAD/MAD_S1/C04/C04_R3/MAD_S1_C04_R3_IMAG0345.JPG,Snapshot Safari 2024 Expansion : MAD_S1#C04#3#115,Snapshot Safari 2024 Expansion : MAD_S1_C04,2,african bush elephant,,9,train
https://storage.googleapis.com/public-datasets-lila/snapshot-safari-2024-expansion/MAD/MAD_S1/MAD06/MAD06_R3/MAD_S1_MAD06_R3_IMAG0473.JPG,Snapshot Safari 2024 Expansion : MAD/MAD_S1/MAD06/MAD06_R3/MAD_S1_MAD06_R3_IMAG0473.JPG,Snapshot Safari 2024 Expansion : MAD_S1#MAD06#3#158,Snapshot Safari 2024 Expansion : MAD_S1_MAD06,1,african bush elephant,,9,test
https://storage.googleapis.com/public-datasets-lila/snapshot-safari-2024-expansion/Snapshot Cameo/EFA/EFA_S1/EFA07/EFA07_R42/EFA_S1_EFA07_R42_IMAG0012.JPG,Snapshot Safari 2024 Expansion : Snapshot Cameo/EFA/EFA_S1/EFA07/EFA07_R42/EFA_S1_EFA07_R42_IMAG0012.JPG,Snapshot Safari 2024 Expansion : EFA_S1#EFA07#42#5,Snapshot Safari 2024 Expansion : EFA_S1_EFA07,2,african bush elephant,,9,train
https://storage.googleapis.com/public-datasets-lila/snapshot-safari/KRU/KRU_public/KRU_S1/17/17_R1/KRU_S1_17_R1_IMAG0062.JPG,Snapshot Kruger : KRU_S1/17/17_R1/KRU_S1_17_R1_IMAG0062,Snapshot Kruger : KRU_S1#17#1#25,Snapshot Kruger : 17,2,african bush elephant,06-18-2018 09:16:59,9,train
https://storage.googleapis.com/public-datasets-lila/snapshot-safari-2024-expansion/KRU/KRU_S2/25/25_R3/KRU_S2_25_R3_IMAG0015.JPG,Snapshot Safari 2024 Expansion : KRU/KRU_S2/25/25_R3/KRU_S2_25_R3_IMAG0015.JPG,Snapshot Safari 2024 Expansion : KRU_S2#25#3#6,Snapshot Safari 2024 Expansion : KRU_S2_25,1,african bush elephant,,9,train
https://storage.googleapis.com/public-datasets-lila/snapshot-safari-2024-expansion/MAD/MAD_S1/MAD03/MAD03_R4/MAD_S1_MAD03_R4_IMAG0512.JPG,Snapshot Safari 2024 Expansion : MAD/MAD_S1/MAD03/MAD03_R4/MAD_S1_MAD03_R4_IMAG0512.JPG,Snapshot Safari 2024 Expansion : MAD_S1#MAD03#4#172,Snapshot Safari 2024 Expansion : MAD_S1_MAD03,0,african bush elephant,,9,train
https://storage.googleapis.com/public-datasets-lila/snapshot-safari-2024-expansion/SER/SER_S13/D06/D06_R3/SER_S13_D06_R3_IMAG0021.JPG,Snapshot Safari 2024 Expansion : SER/SER_S13/D06/D06_R3/SER_S13_D06_R3_IMAG0021.JPG,Snapshot Safari 2024 Expansion : SER_S13#D06#3#20,Snapshot Safari 2024 Expansion : SER_S13_D06,0,african bush elephant,,9,train
https://storage.googleapis.com/public-datasets-lila/snapshotserengeti-unzipped/S9/O11/O11_R1/S9_O11_R1_IMAG0230.JPG,Snapshot Serengeti : S9/O11/O11_R1/S9_O11_R1_IMAG0230,Snapshot Serengeti : SER_S9#O11#1#91,Snapshot Serengeti : O11,1,african bush elephant,05-09-2014 00:18:01,9,train
https://storage.googleapis.com/public-datasets-lila/snapshot-safari-2024-expansion/APN/APN_S4/TB14/TB14_R8/APN_S4_TB14_R8_IMAG0502.JPG,Snapshot Safari 2024 Expansion : APN/APN_S4/TB14/TB14_R8/APN_S4_TB14_R8_IMAG0502.JPG,Snapshot Safari 2024 Expansion : APN_S4#TB14#8#210,Snapshot Safari 2024 Expansion : APN_S4_TB14,0,african bush elephant,,9,train
https://storage.googleapis.com/public-datasets-lila/snapshotserengeti-unzipped/S7/C03/C03_R1/S7_C03_R1_IMAG0192.JPG,Snapshot Serengeti : S7/C03/C03_R1/S7_C03_R1_IMAG0192,Snapshot Serengeti : SER_S7#C03#1#71,Snapshot Serengeti : C03,2,african bush elephant,05-18-2013 07:25:51,9,train
https://storage.googleapis.com/public-datasets-lila/snapshot-safari-2024-expansion/PLN/PLN_S2/B02/B02_R6/PLN_S2_B02_R6_IMAG0214.JPG,Snapshot Safari 2024 Expansion : PLN/PLN_S2/B02/B02_R6/PLN_S2_B02_R6_IMAG0214.JPG,Snapshot Safari 2024 Expansion : PLN_S2#B02#6#83,Snapshot Safari 2024 Expansion : PLN_S2_B02,1,african bush elephant,,9,train
https://storage.googleapis.com/public-datasets-lila/snapshotserengeti-unzipped/S10/D03/D03_R1/S10_D03_R1_IMAG0039.JPG,Snapshot Serengeti : S10/D03/D03_R1/S10_D03_R1_IMAG0039,Snapshot Serengeti : SER_S10#D03#1#13,Snapshot Serengeti : D03,3,african bush elephant,01-26-2015 16:22:08,9,train
https://storage.googleapis.com/public-datasets-lila/snapshot-safari-2024-expansion/Snapshot Cameo/EFA/EFA_S1/EFA03/EFA03_R16/EFA_S1_EFA03_R16_IMAG0211.JPG,Snapshot Safari 2024 Expansion : Snapshot Cameo/EFA/EFA_S1/EFA03/EFA03_R16/EFA_S1_EFA03_R16_IMAG0211.JPG,Snapshot Safari 2024 Expansion : EFA_S1#EFA03#16#68,Snapshot Safari 2024 Expansion : EFA_S1_EFA03,0,african bush elephant,,9,train
https://storage.googleapis.com/public-datasets-lila/snapshotserengeti-unzipped/S9/G05/G05_R2/S9_G05_R2_IMAG0650.JPG,Snapshot Serengeti : S9/G05/G05_R2/S9_G05_R2_IMAG0650,Snapshot Serengeti : SER_S9#G05#2#297,Snapshot Serengeti : G05,1,african bush elephant,10-12-2014 15:50:23,9,train
https://storage.googleapis.com/public-datasets-lila/snapshot-safari-2024-expansion/MAD/MAD_S2/MAD03/MAD03_R7/MAD_S2_MAD03_R7_IMAG4971.JPG,Snapshot Safari 2024 Expansion : MAD/MAD_S2/MAD03/MAD03_R7/MAD_S2_MAD03_R7_IMAG4971.JPG,Snapshot Safari 2024 Expansion : MAD_S2#MAD03#7#1657,Snapshot Safari 2024 Expansion : MAD_S2_MAD03,2,african bush elephant,,9,train
https://storage.googleapis.com/public-datasets-lila/snapshot-safari-2024-expansion/APN/APN_S4/U23a/U23a_R13/APN_S4_U23a_R13_IMAG0039.JPG,Snapshot Safari 2024 Expansion : APN/APN_S4/U23a/U23a_R13/APN_S4_U23a_R13_IMAG0039.JPG,Snapshot Safari 2024 Expansion : APN_S4#U23a#13#21,Snapshot Safari 2024 Expansion : APN_S4_U23A,0,african bush elephant,,9,train
https://storage.googleapis.com/public-datasets-lila/snapshotserengeti-unzipped/S4/D12/D12_R2/S4_D12_R2_IMAG1390.JPG,Snapshot Serengeti : S4/D12/D12_R2/S4_D12_R2_IMAG1390,Snapshot Serengeti : SER_S4#D12#2#682,Snapshot Serengeti : D12,1,african bush elephant,03-18-2012 06:14:14,9,train
https://storage.googleapis.com/public-datasets-lila/wcs-unzipped/animals/0370/1389.jpg,WCS Camera Traps : 4e4a669d-92d5-11e9-94b4-000d3a74c7de,WCS Camera Traps : ken-014-d0091-299,WCS Camera Traps : 2730,14,african bush elephant,08-16-2009 11:22:12,9,train
https://storage.googleapis.com/public-datasets-lila/snapshotserengeti-unzipped/S3/L11/L11_R12/S3_L11_R12_IMAG0374.JPG,Snapshot Serengeti : S3/L11/L11_R12/S3_L11_R12_IMAG0374,Snapshot Serengeti : SER_S3#L11#12#170,Snapshot Serengeti : L11,3,african bush elephant,12-20-2011 14:46:04,9,val
https://storage.googleapis.com/public-datasets-lila/snapshot-safari-2024-expansion/MAD/MAD_S3/MAD06/MAD06_R11/MAD_S3_MAD06_R11_IMAG0850.JPG,Snapshot Safari 2024 Expansion : MAD/MAD_S3/MAD06/MAD06_R11/MAD_S3_MAD06_R11_IMAG0850.JPG,Snapshot Safari 2024 Expansion : MAD_S3#MAD06#11#284,Snapshot Safari 2024 Expansion : MAD_S3_MAD06,0,african bush elephant,,9,train
https://storage.googleapis.com/public-datasets-lila/snapshot-safari-2024-expansion/MAD/MAD_S3/E07/E07_R08/MAD_S3_E07_R08_IMAG0022.JPG,Snapshot Safari 2024 Expansion : MAD/MAD_S3/E07/E07_R08/MAD_S3_E07_R08_IMAG0022.JPG,Snapshot Safari 2024 Expansion : MAD_S3#E07#08#8,Snapshot Safari 2024 Expansion : MAD_S3_E07,0,african bush elephant,,9,train
https://storage.googleapis.com/public-datasets-lila/snapshot-safari-2024-expansion/Snapshot Cameo/EFA/EFA_S1/EFA06/EFA06_R30/EFA_S1_EFA06_R30_IMAG0411.JPG,Snapshot Safari 2024 Expansion : Snapshot Cameo/EFA/EFA_S1/EFA06/EFA06_R30/EFA_S1_EFA06_R30_IMAG0411.JPG,Snapshot Safari 2024 Expansion : EFA_S1#EFA06#30#115,Snapshot Safari 2024 Expansion : EFA_S1_EFA06,1,african bush elephant,,9,train
https://storage.googleapis.com/public-datasets-lila/snapshotserengeti-unzipped/S7/P13/P13_R3/S7_P13_R3_IMAG0143.JPG,Snapshot Serengeti : S7/P13/P13_R3/S7_P13_R3_IMAG0143,Snapshot Serengeti : SER_S7#P13#3#62,Snapshot Serengeti : P13,2,african bush elephant,09-30-2013 12:31:18,9,train
https://storage.googleapis.com/public-datasets-lila/snapshot-safari-2024-expansion/MAD/MAD_S2/B05/B05_R5/MAD_S2_B05_R5_IMAG0177.JPG,Snapshot Safari 2024 Expansion : MAD/MAD_S2/B05/B05_R5/MAD_S2_B05_R5_IMAG0177.JPG,Snapshot Safari 2024 Expansion : MAD_S2#B05#5#59,Snapshot Safari 2024 Expansion : MAD_S2_B05,2,african bush elephant,,9,train
https://storage.googleapis.com/public-datasets-lila/snapshot-safari-2024-expansion/APN/APN_S3/DW/DW_R8/APN_S3_DW_R8_IMAG0848.JPG,Snapshot Safari 2024 Expansion : APN/APN_S3/DW/DW_R8/APN_S3_DW_R8_IMAG0848.JPG,Snapshot Safari 2024 Expansion : APN_S3#DW#8#319,Snapshot Safari 2024 Expansion : APN_S3_DW,2,african bush elephant,,9,train
https://storage.googleapis.com/public-datasets-lila/snapshot-safari-2024-expansion/Snapshot Cameo/EFA/EFA_S1/EFA07/EFA07_R11/EFA_S1_EFA07_R11_IMAG0150.JPG,Snapshot Safari 2024 Expansion : Snapshot Cameo/EFA/EFA_S1/EFA07/EFA07_R11/EFA_S1_EFA07_R11_IMAG0150.JPG,Snapshot Safari 2024 Expansion : EFA_S1#EFA07#11#48,Snapshot Safari 2024 Expansion : EFA_S1_EFA07,2,african bush elephant,,9,train
https://storage.googleapis.com/public-datasets-lila/snapshot-safari-2024-expansion/MAD/MAD_S1/MAD04/MAD04_R4/MAD_S1_MAD04_R4_IMAG2488.JPG,Snapshot Safari 2024 Expansion : MAD/MAD_S1/MAD04/MAD04_R4/MAD_S1_MAD04_R4_IMAG2488.JPG,Snapshot Safari 2024 Expansion : MAD_S1#MAD04#4#830,Snapshot Safari 2024 Expansion : MAD_S1_MAD04,0,african bush elephant,,9,val
https://storage.googleapis.com/public-datasets-lila/snapshot-safari-2024-expansion/Snapshot Cameo/DEB/DEB_S1/H1/H1_R10/DEB_S1_H1_R10_IMAG0012.JPG,Snapshot Safari 2024 Expansion : Snapshot Cameo/DEB/DEB_S1/H1/H1_R10/DEB_S1_H1_R10_IMAG0012.JPG,Snapshot Safari 2024 Expansion : DEB_S1#H1#10#12,Snapshot Safari 2024 Expansion : DEB_S1_H1,0,african bush elephant,,9,train
https://storage.googleapis.com/public-datasets-lila/snapshot-safari-2024-expansion/SER/SER_S13/G03/G03_R1/SER_S13_G03_R1_IMAG0751.JPG,Snapshot Safari 2024 Expansion : SER/SER_S13/G03/G03_R1/SER_S13_G03_R1_IMAG0751.JPG,Snapshot Safari 2024 Expansion : SER_S13#G03#1#301,Snapshot Safari 2024 Expansion : SER_S13_G03,2,african bush elephant,,9,train
https://storage.googleapis.com/public-datasets-lila/snapshotserengeti-unzipped/S4/L10/L10_R1/S4_L10_R1_IMAG0135.JPG,Snapshot Serengeti : S4/L10/L10_R1/S4_L10_R1_IMAG0135,Snapshot Serengeti : SER_S4#L10#1#70,Snapshot Serengeti : L10,2,african bush elephant,02-20-2012 08:37:16,9,test
https://storage.googleapis.com/public-datasets-lila/snapshot-safari-2024-expansion/MAD/MAD_S1/MAD03/MAD03_R4/MAD_S1_MAD03_R4_IMAG0254.JPG,Snapshot Safari 2024 Expansion : MAD/MAD_S1/MAD03/MAD03_R4/MAD_S1_MAD03_R4_IMAG0254.JPG,Snapshot Safari 2024 Expansion : MAD_S1#MAD03#4#86,Snapshot Safari 2024 Expansion : MAD_S1_MAD03,0,african bush elephant,,9,train
https://storage.googleapis.com/public-datasets-lila/snapshotserengeti-unzipped/S9/J09/J09_R2/S9_J09_R2_IMAG0647.JPG,Snapshot Serengeti : S9/J09/J09_R2/S9_J09_R2_IMAG0647,Snapshot Serengeti : SER_S9#J09#2#265,Snapshot Serengeti : J09,1,african bush elephant,11-06-2014 11:28:02,9,train
https://storage.googleapis.com/public-datasets-lila/snapshotserengeti-unzipped/S8/B13/B13_R2/S8_B13_R2_IMAG0055.JPG,Snapshot Serengeti : S8/B13/B13_R2/S8_B13_R2_IMAG0055,Snapshot Serengeti : SER_S8#B13#2#30,Snapshot Serengeti : B13,2,african bush elephant,02-21-2014 17:43:27,9,train
https://storage.googleapis.com/public-datasets-lila/snapshot-safari-2024-expansion/SER/SER_S12/M05/M05_R2/SER_S12_M05_R2_IMAG0281.JPG,Snapshot Safari 2024 Expansion : SER/SER_S12/M05/M05_R2/SER_S12_M05_R2_IMAG0281.JPG,Snapshot Safari 2024 Expansion : SER_S12#M05#2#279,Snapshot Safari 2024 Expansion : SER_S12_M05,0,african bush elephant,,9,test
https://storage.googleapis.com/public-datasets-lila/snapshot-safari-2024-expansion/MAD/MAD_S2/MAD03/MAD03_R7/MAD_S2_MAD03_R7_IMAG2457.JPG,Snapshot Safari 2024 Expansion : MAD/MAD_S2/MAD03/MAD03_R7/MAD_S2_MAD03_R7_IMAG2457.JPG,Snapshot Safari 2024 Expansion : MAD_S2#MAD03#7#819,Snapshot Safari 2024 Expansion : MAD_S2_MAD03,2,african bush elephant,,9,train
https://storage.googleapis.com/public-datasets-lila/snapshot-safari-2024-expansion/Snapshot Cameo/EFA/EFA_S1/EFA04/EFA04_R14/EFA_S1_EFA04_R14_IMAG0026.JPG,Snapshot Safari 2024 Expansion : Snapshot Cameo/EFA/EFA_S1/EFA04/EFA04_R14/EFA_S1_EFA04_R14_IMAG0026.JPG,Snapshot Safari 2024 Expansion : EFA_S1#EFA04#14#14,Snapshot Safari 2024 Expansion : EFA_S1_EFA04,1,african bush elephant,,9,val
https://storage.googleapis.com/public-datasets-lila/snapshot-safari-2024-expansion/MAD/MAD_S2/E06/E06_R7/MAD_S2_E06_R7_IMAG0031.JPG,Snapshot Safari 2024 Expansion : MAD/MAD_S2/E06/E06_R7/MAD_S2_E06_R7_IMAG0031.JPG,Snapshot Safari 2024 Expansion : MAD_S2#E06#7#11,Snapshot Safari 2024 Expansion : MAD_S2_E06,0,african bush elephant,,9,train
https://storage.googleapis.com/public-datasets-lila/snapshotserengeti-unzipped/S9/C13/C13_R1/S9_C13_R1_IMAG0977.JPG,Snapshot Serengeti : S9/C13/C13_R1/S9_C13_R1_IMAG0977,Snapshot Serengeti : SER_S9#C13#1#350,Snapshot Serengeti : C13,1,african bush elephant,08-07-2014 15:56:17,9,val
https://storage.googleapis.com/public-datasets-lila/snapshot-safari-2024-expansion/SER/SER_S12/P13/P13_R2/SER_S12_P13_R2_IMAG0186.JPG,Snapshot Safari 2024 Expansion : SER/SER_S12/P13/P13_R2/SER_S12_P13_R2_IMAG0186.JPG,Snapshot Safari 2024 Expansion : SER_S12#P13#2#184,Snapshot Safari 2024 Expansion : SER_S12_P13,0,african bush elephant,,9,train
https://storage.googleapis.com/public-datasets-lila/snapshot-safari-2024-expansion/MAD/MAD_S1/MAD03/MAD03_R3/MAD_S1_MAD03_R3_IMAG3669.JPG,Snapshot Safari 2024 Expansion : MAD/MAD_S1/MAD03/MAD03_R3/MAD_S1_MAD03_R3_IMAG3669.JPG,Snapshot Safari 2024 Expansion : MAD_S1#MAD03#3#1223,Snapshot Safari 2024 Expansion : MAD_S1_MAD03,2,african bush elephant,,9,train
https://storage.googleapis.com/public-datasets-lila/snapshot-safari-2024-expansion/Snapshot Cameo/EFA/EFA_S1/EFA08/EFA08_R1/EFA_S1_EFA08_R1_IMAG3285.JPG,Snapshot Safari 2024 Expansion : Snapshot Cameo/EFA/EFA_S1/EFA08/EFA08_R1/EFA_S1_EFA08_R1_IMAG3285.JPG,Snapshot Safari 2024 Expansion : EFA_S1#EFA08#1#667,Snapshot Safari 2024 Expansion : EFA_S1_EFA08,1,african bush elephant,,9,test
https://storage.googleapis.com/public-datasets-lila/snapshot-safari-2024-expansion/MAD/MAD_S2/MAD03/MAD03_R7/MAD_S2_MAD03_R7_IMAG4631.JPG,Snapshot Safari 2024 Expansion : MAD/MAD_S2/MAD03/MAD03_R7/MAD_S2_MAD03_R7_IMAG4631.JPG,Snapshot Safari 2024 Expansion : MAD_S2#MAD03#7#1544,Snapshot Safari 2024 Expansion : MAD_S2_MAD03,1,african bush elephant,,9,train
https://storage.googleapis.com/public-datasets-lila/snapshot-safari-2024-expansion/Snapshot Cameo/EFA/EFA_S1/EFA08/EFA08_R31/EFA_S1_EFA08_R31_IMAG0014.JPG,Snapshot Safari 2024 Expansion : Snapshot Cameo/EFA/EFA_S1/EFA08/EFA08_R31/EFA_S1_EFA08_R31_IMAG0014.JPG,Snapshot Safari 2024 Expansion : EFA_S1#EFA08#31#4,Snapshot Safari 2024 Expansion : EFA_S1_EFA08,1,african bush elephant,,9,test
https://storage.googleapis.com/public-datasets-lila/snapshot-safari-2024-expansion/MAD/MAD_S2/MAD06/MAD06_R5/MAD_S2_MAD06_R5_IMAG1366.JPG,Snapshot Safari 2024 Expansion : MAD/MAD_S2/MAD06/MAD06_R5/MAD_S2_MAD06_R5_IMAG1366.JPG,Snapshot Safari 2024 Expansion : MAD_S2#MAD06#5#456,Snapshot Safari 2024 Expansion : MAD_S2_MAD06,0,african bush elephant,,9,val
https://storage.googleapis.com/public-datasets-lila/wcs-unzipped/animals/0370/0868.jpg,WCS Camera Traps : 4e324c2d-92d5-11e9-b528-000d3a74c7de,WCS Camera Traps : ken-014-d0091-109,WCS Camera Traps : 2730,3,african bush elephant,08-10-2009 00:26:00,9,train
https://storage.googleapis.com/public-datasets-lila/snapshotserengeti-unzipped/S7/P13/P13_R1/S7_P13_R1_IMAG0281.JPG,Snapshot Serengeti : S7/P13/P13_R1/S7_P13_R1_IMAG0281,Snapshot Serengeti : SER_S7#P13#1#121,Snapshot Serengeti : P13,1,african bush elephant,05-06-2013 08:17:32,9,train
https://storage.googleapis.com/public-datasets-lila/snapshotserengeti-unzipped/S7/O05/O05_R1/S7_O05_R1_IMAG09200.JPG,Snapshot Serengeti : S7/O05/O05_R1/S7_O05_R1_IMAG09200,Snapshot Serengeti : SER_S7#O05#1#3074,Snapshot Serengeti : O05,3,african bush elephant,06-05-2013 15:00:13,9,test
https://storage.googleapis.com/public-datasets-lila/snapshot-safari-2024-expansion/MAD/MAD_S3/MAD03/MAD03_R09/MAD_S3_MAD03_R09_IMAG1015.JPG,Snapshot Safari 2024 Expansion : MAD/MAD_S3/MAD03/MAD03_R09/MAD_S3_MAD03_R09_IMAG1015.JPG,Snapshot Safari 2024 Expansion : MAD_S3#MAD03#09#339,Snapshot Safari 2024 Expansion : MAD_S3_MAD03,2,african bush elephant,,9,train
https://storage.googleapis.com/public-datasets-lila/snapshot-safari-2024-expansion/Snapshot Cameo/EFA/EFA_S1/EFA07/EFA07_R31/EFA_S1_EFA07_R31_IMAG0319.JPG,Snapshot Safari 2024 Expansion : Snapshot Cameo/EFA/EFA_S1/EFA07/EFA07_R31/EFA_S1_EFA07_R31_IMAG0319.JPG,Snapshot Safari 2024 Expansion : EFA_S1#EFA07#31#76,Snapshot Safari 2024 Expansion : EFA_S1_EFA07,2,african bush elephant,,9,train
https://storage.googleapis.com/public-datasets-lila/snapshot-safari-2024-expansion/APN/APN_S2/WM/WM_R6/APN_S2_WM_R6_IMAG0118.JPG,Snapshot Safari 2024 Expansion : APN/APN_S2/WM/WM_R6/APN_S2_WM_R6_IMAG0118.JPG,Snapshot Safari 2024 Expansion : APN_S2#WM#6#56,Snapshot Safari 2024 Expansion : APN_S2_WM,0,african bush elephant,,9,train
https://storage.googleapis.com/public-datasets-lila/snapshot-safari-2024-expansion/MAD/MAD_S3/MAD03/MAD03_R08/MAD_S3_MAD03_R08_IMAG5691.JPG,Snapshot Safari 2024 Expansion : MAD/MAD_S3/MAD03/MAD03_R08/MAD_S3_MAD03_R08_IMAG5691.JPG,Snapshot Safari 2024 Expansion : MAD_S3#MAD03#08#1897,Snapshot Safari 2024 Expansion : MAD_S3_MAD03,2,african bush elephant,,9,train
https://storage.googleapis.com/public-datasets-lila/snapshot-safari-2024-expansion/MAD/MAD_S1/MAD06/MAD06_R3/MAD_S1_MAD06_R3_IMAG0856.JPG,Snapshot Safari 2024 Expansion : MAD/MAD_S1/MAD06/MAD06_R3/MAD_S1_MAD06_R3_IMAG0856.JPG,Snapshot Safari 2024 Expansion : MAD_S1#MAD06#3#286,Snapshot Safari 2024 Expansion : MAD_S1_MAD06,0,african bush elephant,,9,test
https://storage.googleapis.com/public-datasets-lila/snapshot-safari-2024-expansion/MAD/MAD_S2/MAD06/MAD06_R5/MAD_S2_MAD06_R5_IMAG3814.JPG,Snapshot Safari 2024 Expansion : MAD/MAD_S2/MAD06/MAD06_R5/MAD_S2_MAD06_R5_IMAG3814.JPG,Snapshot Safari 2024 Expansion : MAD_S2#MAD06#5#1272,Snapshot Safari 2024 Expansion : MAD_S2_MAD06,0,african bush elephant,,9,val
https://storage.googleapis.com/public-datasets-lila/snapshotserengeti-unzipped/SER_S11/J09/J09_R2/SER_S11_J09_R2_IMAG1829.JPG,Snapshot Serengeti : SER_S11/J09/J09_R2/SER_S11_J09_R2_IMAG1829,Snapshot Serengeti : SER_S11#J09#2#633,Snapshot Serengeti : J09,2,african bush elephant,10-14-2015 16:28:39,9,train
https://storage.googleapis.com/public-datasets-lila/snapshotserengeti-unzipped/S4/D06/D06_R1/S4_D06_R1_IMAG0034.JPG,Snapshot Serengeti : S4/D06/D06_R1/S4_D06_R1_IMAG0034,Snapshot Serengeti : SER_S4#D06#1#12,Snapshot Serengeti : D06,1,african bush elephant,01-01-2012 10:56:56,9,train
https://storage.googleapis.com/public-datasets-lila/snapshot-safari-2024-expansion/MAD/MAD_S1/MAD05/MAD05_R3/MAD_S1_MAD05_R3_IMAG0798.JPG,Snapshot Safari 2024 Expansion : MAD/MAD_S1/MAD05/MAD05_R3/MAD_S1_MAD05_R3_IMAG0798.JPG,Snapshot Safari 2024 Expansion : MAD_S1#MAD05#3#266,Snapshot Safari 2024 Expansion : MAD_S1_MAD05,2,african bush elephant,,9,val
https://storage.googleapis.com/public-datasets-lila/snapshotserengeti-unzipped/S9/K10/K10_R1/S9_K10_R1_IMAG0114.JPG,Snapshot Serengeti : S9/K10/K10_R1/S9_K10_R1_IMAG0114,Snapshot Serengeti : SER_S9#K10#1#39,Snapshot Serengeti : K10,2,african bush elephant,07-11-2014 13:33:36,9,train
https://storage.googleapis.com/public-datasets-lila/wcs-unzipped/animals/0335/1712.jpg,WCS Camera Traps : 41a6d114-92d5-11e9-93cc-000d3a74c7de,WCS Camera Traps : ken-016-d0010-50,WCS Camera Traps : 1228,1,african bush elephant,01-26-2013 01:50:52,9,train
https://storage.googleapis.com/public-datasets-lila/snapshot-safari-2024-expansion/MAD/MAD_S2/MAD06/MAD06_R5/MAD_S2_MAD06_R5_IMAG4327.JPG,Snapshot Safari 2024 Expansion : MAD/MAD_S2/MAD06/MAD06_R5/MAD_S2_MAD06_R5_IMAG4327.JPG,Snapshot Safari 2024 Expansion : MAD_S2#MAD06#5#1443,Snapshot Safari 2024 Expansion : MAD_S2_MAD06,0,african bush elephant,,9,val
https://storage.googleapis.com/public-datasets-lila/wcs-unzipped/animals/0226/1816.jpg,WCS Camera Traps : 19801a25-92d5-11e9-b651-000d3a74c7de,WCS Camera Traps : ken-007-d0093-130,WCS Camera Traps : 1317,3,african bush elephant,02-20-2012 10:08:19,9,test
https://storage.googleapis.com/public-datasets-lila/snapshotserengeti-unzipped/S8/G07/G07_R2/S8_G07_R2_IMAG0360.JPG,Snapshot Serengeti : S8/G07/G07_R2/S8_G07_R2_IMAG0360,Snapshot Serengeti : SER_S8#G07#2#147,Snapshot Serengeti : G07,1,african bush elephant,03-09-2014 16:56:20,9,train
https://storage.googleapis.com/public-datasets-lila/snapshot-safari-2024-expansion/MAD/MAD_S2/MAD06/MAD06_R5/MAD_S2_MAD06_R5_IMAG3076.JPG,Snapshot Safari 2024 Expansion : MAD/MAD_S2/MAD06/MAD06_R5/MAD_S2_MAD06_R5_IMAG3076.JPG,Snapshot Safari 2024 Expansion : MAD_S2#MAD06#5#1026,Snapshot Safari 2024 Expansion : MAD_S2_MAD06,0,african bush elephant,,9,val
https://storage.googleapis.com/public-datasets-lila/snapshot-safari-2024-expansion/Snapshot Cameo/EFA/EFA_S1/EFA08/EFA08_R29/EFA_S1_EFA08_R29_IMAG1800.JPG,Snapshot Safari 2024 Expansion : Snapshot Cameo/EFA/EFA_S1/EFA08/EFA08_R29/EFA_S1_EFA08_R29_IMAG1800.JPG,Snapshot Safari 2024 Expansion : EFA_S1#EFA08#29#337,Snapshot Safari 2024 Expansion : EFA_S1_EFA08,0,african bush elephant,,9,test
https://storage.googleapis.com/public-datasets-lila/snapshot-safari-2024-expansion/Snapshot Cameo/EFA/EFA_S1/EFA08/EFA08_R28/EFA_S1_EFA08_R28_IMAG0194.JPG,Snapshot Safari 2024 Expansion : Snapshot Cameo/EFA/EFA_S1/EFA08/EFA08_R28/EFA_S1_EFA08_R28_IMAG0194.JPG,Snapshot Safari 2024 Expansion : EFA_S1#EFA08#28#38,Snapshot Safari 2024 Expansion : EFA_S1_EFA08,0,african bush elephant,,9,test
https://storage.googleapis.com/public-datasets-lila/snapshot-safari-2024-expansion/KRU/KRU_S2/23/23_R4/KRU_S2_23_R4_IMAG0113.JPG,Snapshot Safari 2024 Expansion : KRU/KRU_S2/23/23_R4/KRU_S2_23_R4_IMAG0113.JPG,Snapshot Safari 2024 Expansion : KRU_S2#23#4#65,Snapshot Safari 2024 Expansion : KRU_S2_23,1,african bush elephant,,9,train
https://storage.googleapis.com/public-datasets-lila/snapshotserengeti-unzipped/S2/F12/F12_R1/S2_F12_R1_IMAG0045.JPG,Snapshot Serengeti : S2/F12/F12_R1/S2_F12_R1_IMAG0045,Snapshot Serengeti : SER_S2#F12#1#15,Snapshot Serengeti : F12,3,african bush elephant,03-04-2011 12:43:42,9,train
https://storage.googleapis.com/public-datasets-lila/snapshot-safari-2024-expansion/SER/SER_S12/I08/I08_R1/SER_S12_I08_R1_IMAG1077.JPG,Snapshot Safari 2024 Expansion : SER/SER_S12/I08/I08_R1/SER_S12_I08_R1_IMAG1077.JPG,Snapshot Safari 2024 Expansion : SER_S12#I08#1#1075,Snapshot Safari 2024 Expansion : SER_S12_I08,0,african bush elephant,,9,train
https://storage.googleapis.com/public-datasets-lila/snapshot-safari-2024-expansion/MAD/MAD_S1/MAD06/MAD06_R3/MAD_S1_MAD06_R3_IMAG2844.JPG,Snapshot Safari 2024 Expansion : MAD/MAD_S1/MAD06/MAD06_R3/MAD_S1_MAD06_R3_IMAG2844.JPG,Snapshot Safari 2024 Expansion : MAD_S1#MAD06#3#948,Snapshot Safari 2024 Expansion : MAD_S1_MAD06,2,african bush elephant,,9,test
https://storage.googleapis.com/public-datasets-lila/snapshot-safari-2024-expansion/APN/APN_S4/KAP3/KAP3_R7/APN_S4_KAP3_R7_IMAG0445.JPG,Snapshot Safari 2024 Expansion : APN/APN_S4/KAP3/KAP3_R7/APN_S4_KAP3_R7_IMAG0445.JPG,Snapshot Safari 2024 Expansion : APN_S4#KAP3#7#181,Snapshot Safari 2024 Expansion : APN_S4_KAP3,0,african bush elephant,,9,train
https://storage.googleapis.com/public-datasets-lila/snapshotserengeti-unzipped/S9/E01/E01_R2/S9_E01_R2_IMAG0516.JPG,Snapshot Serengeti : S9/E01/E01_R2/S9_E01_R2_IMAG0516,Snapshot Serengeti : SER_S9#E01#2#214,Snapshot Serengeti : E01,2,african bush elephant,08-04-2014 08:29:28,9,train
https://storage.googleapis.com/public-datasets-lila/snapshotserengeti-unzipped/S3/E05/E05_R12/S3_E05_R12_IMAG2198.JPG,Snapshot Serengeti : S3/E05/E05_R12/S3_E05_R12_IMAG2198,Snapshot Serengeti : SER_S3#E05#12#772,Snapshot Serengeti : E05,3,african bush elephant,01-04-2012 15:37:10,9,test
https://storage.googleapis.com/public-datasets-lila/snapshot-safari-2024-expansion/MAD/MAD_S2/MAD06/MAD06_R5/MAD_S2_MAD06_R5_IMAG3936.JPG,Snapshot Safari 2024 Expansion : MAD/MAD_S2/MAD06/MAD06_R5/MAD_S2_MAD06_R5_IMAG3936.JPG,Snapshot Safari 2024 Expansion : MAD_S2#MAD06#5#1312,Snapshot Safari 2024 Expansion : MAD_S2_MAD06,2,african bush elephant,,9,val
https://storage.googleapis.com/public-datasets-lila/snapshotserengeti-unzipped/S9/E01/E01_R3/S9_E01_R3_IMAG0073.JPG,Snapshot Serengeti : S9/E01/E01_R3/S9_E01_R3_IMAG0073,Snapshot Serengeti : SER_S9#E01#3#31,Snapshot Serengeti : E01,3,african bush elephant,09-24-2014 07:16:12,9,train
https://storage.googleapis.com/public-datasets-lila/snapshotserengeti-unzipped/S5/J02/J02_R1/S5_J02_R1_IMAG2273.JPG,Snapshot Serengeti : S5/J02/J02_R1/S5_J02_R1_IMAG2273,Snapshot Serengeti : SER_S5#J02#1#851,Snapshot Serengeti : J02,2,african bush elephant,06-30-2012 15:17:41,9,train
https://storage.googleapis.com/public-datasets-lila/snapshot-safari-2024-expansion/Snapshot Cameo/EFA/EFA_S1/EFA08/EFA08_R1/EFA_S1_EFA08_R1_IMAG1439.JPG,Snapshot Safari 2024 Expansion : Snapshot Cameo/EFA/EFA_S1/EFA08/EFA08_R1/EFA_S1_EFA08_R1_IMAG1439.JPG,Snapshot Safari 2024 Expansion : EFA_S1#EFA08#1#288,Snapshot Safari 2024 Expansion : EFA_S1_EFA08,2,african bush elephant,,9,test
https://storage.googleapis.com/public-datasets-lila/snapshotserengeti-unzipped/SER_S11/E05/E05_R1/SER_S11_E05_R1_IMAG0427.JPG,Snapshot Serengeti : SER_S11/E05/E05_R1/SER_S11_E05_R1_IMAG0427,Snapshot Serengeti : SER_S11#E05#1#171,Snapshot Serengeti : E05,2,african bush elephant,09-12-2015 15:39:09,9,test
https://storage.googleapis.com/public-datasets-lila/snapshot-safari-2024-expansion/MAD/MAD_S1/MAD01/MAD01_R4/MAD_S1_MAD01_R4_IMAG0296.JPG,Snapshot Safari 2024 Expansion : MAD/MAD_S1/MAD01/MAD01_R4/MAD_S1_MAD01_R4_IMAG0296.JPG,Snapshot Safari 2024 Expansion : MAD_S1#MAD01#4#99,Snapshot Safari 2024 Expansion : MAD_S1_MAD01,1,african bush elephant,,9,train
https://storage.googleapis.com/public-datasets-lila/snapshotserengeti-unzipped/S9/E02/E02_R2/S9_E02_R2_IMAG0987.JPG,Snapshot Serengeti : S9/E02/E02_R2/S9_E02_R2_IMAG0987,Snapshot Serengeti : SER_S9#E02#2#395,Snapshot Serengeti : E02,3,african bush elephant,08-26-2014 17:03:34,9,test
https://storage.googleapis.com/public-datasets-lila/snapshot-safari-2024-expansion/MAD/MAD_S3/H08/H08_R09/MAD_S3_H08_R09_IMAG0147.JPG,Snapshot Safari 2024 Expansion : MAD/MAD_S3/H08/H08_R09/MAD_S3_H08_R09_IMAG0147.JPG,Snapshot Safari 2024 Expansion : MAD_S3#H08#09#49,Snapshot Safari 2024 Expansion : MAD_S3_H08,2,african bush elephant,,9,train
https://storage.googleapis.com/public-datasets-lila/snapshotserengeti-unzipped/S7/C03/C03_R1/S7_C03_R1_IMAG0280.JPG,Snapshot Serengeti : S7/C03/C03_R1/S7_C03_R1_IMAG0280,Snapshot Serengeti : SER_S7#C03#1#100,Snapshot Serengeti : C03,3,african bush elephant,05-20-2013 12:57:17,9,train
https://storage.googleapis.com/public-datasets-lila/wcs-unzipped/animals/0196/1351.jpg,WCS Camera Traps : 0e66b8cb-92d5-11e9-8d9f-000d3a74c7de,WCS Camera Traps : ken-007-d0002-159,WCS Camera Traps : 1238,15,african bush elephant,02-19-2012 21:20:14,9,train
https://storage.googleapis.com/public-datasets-lila/snapshot-safari-2024-expansion/Snapshot Cameo/EFA/EFA_S1/EFA08/EFA08_R19/EFA_S1_EFA08_R19_IMAG1287.JPG,Snapshot Safari 2024 Expansion : Snapshot Cameo/EFA/EFA_S1/EFA08/EFA08_R19/EFA_S1_EFA08_R19_IMAG1287.JPG,Snapshot Safari 2024 Expansion : EFA_S1#EFA08#19#233,Snapshot Safari 2024 Expansion : EFA_S1_EFA08,1,african bush elephant,,9,test
https://storage.googleapis.com/public-datasets-lila/snapshot-safari-2024-expansion/Snapshot Cameo/DEB/DEB_S1/F6/F6_R44/DEB_S1_F6_R44_IMAG0017.JPG,Snapshot Safari 2024 Expansion : Snapshot Cameo/DEB/DEB_S1/F6/F6_R44/DEB_S1_F6_R44_IMAG0017.JPG,Snapshot Safari 2024 Expansion : DEB_S1#F6#44#17,Snapshot Safari 2024 Expansion : DEB_S1_F6,0,african bush elephant,,9,val
https://storage.googleapis.com/public-datasets-lila/wcs-unzipped/animals/0325/0125.jpg,WCS Camera Traps : 3dc63910-92d5-11e9-99db-000d3a74c7de,WCS Camera Traps : ken-015-d0098-12,WCS Camera Traps : 1701,3,african bush elephant,03-01-2010 15:04:58,9,train
https://storage.googleapis.com/public-datasets-lila/snapshot-safari-2024-expansion/Snapshot Cameo/EFA/EFA_S1/EFA08/EFA08_R14/EFA_S1_EFA08_R14_IMAG0051.JPG,Snapshot Safari 2024 Expansion : Snapshot Cameo/EFA/EFA_S1/EFA08/EFA08_R14/EFA_S1_EFA08_R14_IMAG0051.JPG,Snapshot Safari 2024 Expansion : EFA_S1#EFA08#14#9,Snapshot Safari 2024 Expansion : EFA_S1_EFA08,2,african bush elephant,,9,test
https://storage.googleapis.com/public-datasets-lila/snapshotserengeti-unzipped/S3/J09/J09_R12/S3_J09_R12_IMAG0624.JPG,Snapshot Serengeti : S3/J09/J09_R12/S3_J09_R12_IMAG0624,Snapshot Serengeti : SER_S3#J09#12#236,Snapshot Serengeti : J09,3,african bush elephant,12-17-2011 07:32:38,9,train
https://storage.googleapis.com/public-datasets-lila/snapshotserengeti-unzipped/S3/D11/D11_R11/S3_D11_R11_IMAG1497.JPG,Snapshot Serengeti : S3/D11/D11_R11/S3_D11_R11_IMAG1497,Snapshot Serengeti : SER_S3#D11#11#516,Snapshot Serengeti : D11,2,african bush elephant,12-22-2011 17:45:17,9,train
https://storage.googleapis.com/public-datasets-lila/snapshotserengeti-unzipped/S3/L11/L11_R12/S3_L11_R12_IMAG0528.JPG,Snapshot Serengeti : S3/L11/L11_R12/S3_L11_R12_IMAG0528,Snapshot Serengeti : SER_S3#L11#12#222,Snapshot Serengeti : L11,1,african bush elephant,12-27-2011 15:41:59,9,val
https://storage.googleapis.com/public-datasets-lila/snapshot-safari-2024-expansion/SER/SER_S12/J10/J10_R2/SER_S12_J10_R2_IMAG0552.JPG,Snapshot Safari 2024 Expansion : SER/SER_S12/J10/J10_R2/SER_S12_J10_R2_IMAG0552.JPG,Snapshot Safari 2024 Expansion : SER_S12#J10#2#237,Snapshot Safari 2024 Expansion : SER_S12_J10,1,african bush elephant,,9,train
https://storage.googleapis.com/public-datasets-lila/snapshot-safari-2024-expansion/MAD/MAD_S2/MAD03/MAD03_R5/MAD_S2_MAD03_R5_IMAG4427.JPG,Snapshot Safari 2024 Expansion : MAD/MAD_S2/MAD03/MAD03_R5/MAD_S2_MAD03_R5_IMAG4427.JPG,Snapshot Safari 2024 Expansion : MAD_S2#MAD03#5#1476,Snapshot Safari 2024 Expansion : MAD_S2_MAD03,1,african bush elephant,,9,train
https://storage.googleapis.com/public-datasets-lila/snapshotserengeti-unzipped/S7/F09/F09_R1/S7_F09_R1_IMAG0598.JPG,Snapshot Serengeti : S7/F09/F09_R1/S7_F09_R1_IMAG0598,Snapshot Serengeti : SER_S7#F09#1#201,Snapshot Serengeti : F09,2,african bush elephant,04-24-2013 08:13:08,9,train
https://storage.googleapis.com/public-datasets-lila/snapshot-safari-2024-expansion/APN/APN_S3/DW/DW_R9/APN_S3_DW_R9_IMAG0938.JPG,Snapshot Safari 2024 Expansion : APN/APN_S3/DW/DW_R9/APN_S3_DW_R9_IMAG0938.JPG,Snapshot Safari 2024 Expansion : APN_S3#DW#9#328,Snapshot Safari 2024 Expansion : APN_S3_DW,0,african bush elephant,,9,train
https://storage.googleapis.com/public-datasets-lila/snapshot-safari/ENO/ENO_public/ENO_S1/D02/D02_R1/ENO_S1_D02_R1_IMAG0161.JPG,Snapshot Enonkishu : ENO_S1/D02/D02_R1/ENO_S1_D02_R1_IMAG0161,Snapshot Enonkishu : ENO_S1#D02#1#95,Snapshot Enonkishu : D02,1,african bush elephant,11-16-2018 17:17:58,9,train
https://storage.googleapis.com/public-datasets-lila/snapshotserengeti-unzipped/S1/K10/K10_R1/S1_K10_R1_PICT0300.JPG,Snapshot Serengeti : S1/K10/K10_R1/S1_K10_R1_PICT0300,Snapshot Serengeti : SER_S1#K10#1#101,Snapshot Serengeti : K10,2,african bush elephant,10-09-2010 13:04:36,9,train
https://storage.googleapis.com/public-datasets-lila/snapshot-safari-2024-expansion/MAD/MAD_S3/MAD06/MAD06_R11/MAD_S3_MAD06_R11_IMAG0283.JPG,Snapshot Safari 2024 Expansion : MAD/MAD_S3/MAD06/MAD06_R11/MAD_S3_MAD06_R11_IMAG0283.JPG,Snapshot Safari 2024 Expansion : MAD_S3#MAD06#11#95,Snapshot Safari 2024 Expansion : MAD_S3_MAD06,0,african bush elephant,,9,train
https://storage.googleapis.com/public-datasets-lila/snapshot-safari-2024-expansion/MAD/MAD_S3/MAD06/MAD06_R11/MAD_S3_MAD06_R11_IMAG0868.JPG,Snapshot Safari 2024 Expansion : MAD/MAD_S3/MAD06/MAD06_R11/MAD_S3_MAD06_R11_IMAG0868.JPG,Snapshot Safari 2024 Expansion : MAD_S3#MAD06#11#290,Snapshot Safari 2024 Expansion : MAD_S3_MAD06,0,african bush elephant,,9,train
https://storage.googleapis.com/public-datasets-lila/wcs-unzipped/animals/0325/0273.jpg,WCS Camera Traps : 3dcceff4-92d5-11e9-bb59-000d3a74c7de,WCS Camera Traps : ken-015-d0099-21,WCS Camera Traps : 1702,3,african bush elephant,03-09-2010 17:28:45,9,test
https://storage.googleapis.com/public-datasets-lila/snapshot-safari/KRU/KRU_public/KRU_S1/11/11_R1/KRU_S1_11_R1_IMAG0097.JPG,Snapshot Kruger : KRU_S1/11/11_R1/KRU_S1_11_R1_IMAG0097,Snapshot Kruger : KRU_S1#11#1#56,Snapshot Kruger : 11,2,african bush elephant,06-05-2018 14:41:15,9,test
https://storage.googleapis.com/public-datasets-lila/snapshot-safari-2024-expansion/KRU/KRU_S2/44/44_R4/KRU_S2_44_R4_IMAG0375.JPG,Snapshot Safari 2024 Expansion : KRU/KRU_S2/44/44_R4/KRU_S2_44_R4_IMAG0375.JPG,Snapshot Safari 2024 Expansion : KRU_S2#44#4#169,Snapshot Safari 2024 Expansion : KRU_S2_44,2,african bush elephant,,9,train
https://storage.googleapis.com/public-datasets-lila/snapshot-safari-2024-expansion/APN/APN_S2/DW/DW_R4/APN_S2_DW_R4_IMAG0234.JPG,Snapshot Safari 2024 Expansion : APN/APN_S2/DW/DW_R4/APN_S2_DW_R4_IMAG0234.JPG,Snapshot Safari 2024 Expansion : APN_S2#DW#4#87,Snapshot Safari 2024 Expansion : APN_S2_DW,2,african bush elephant,,9,train
https://storage.googleapis.com/public-datasets-lila/snapshot-safari-2024-expansion/MAD/MAD_S2/F04/F04_R6/MAD_S2_F04_R6_IMAG0083.JPG,Snapshot Safari 2024 Expansion : MAD/MAD_S2/F04/F04_R6/MAD_S2_F04_R6_IMAG0083.JPG,Snapshot Safari 2024 Expansion : MAD_S2#F04#6#28,Snapshot Safari 2024 Expansion : MAD_S2_F04,1,african bush elephant,,9,train
https://storage.googleapis.com/public-datasets-lila/wcs-unzipped/animals/0196/0983.jpg,WCS Camera Traps : 0e55a195-92d5-11e9-b21a-000d3a74c7de,WCS Camera Traps : ken-007-d0002-81,WCS Camera Traps : 1238,1,african bush elephant,02-14-2012 02:01:21,9,train
https://storage.googleapis.com/public-datasets-lila/snapshot-safari-2024-expansion/MAD/MAD_S3/MAD06/MAD06_R09/MAD_S3_MAD06_R09_IMAG2364.JPG,Snapshot Safari 2024 Expansion : MAD/MAD_S3/MAD06/MAD06_R09/MAD_S3_MAD06_R09_IMAG2364.JPG,Snapshot Safari 2024 Expansion : MAD_S3#MAD06#09#789,Snapshot Safari 2024 Expansion : MAD_S3_MAD06,0,african bush elephant,,9,train
https://storage.googleapis.com/public-datasets-lila/snapshot-safari-2024-expansion/MAD/MAD_S1/A06/A06_R4/MAD_S1_A06_R4_IMAG0385.JPG,Snapshot Safari 2024 Expansion : MAD/MAD_S1/A06/A06_R4/MAD_S1_A06_R4_IMAG0385.JPG,Snapshot Safari 2024 Expansion : MAD_S1#A06#4#129,Snapshot Safari 2024 Expansion : MAD_S1_A06,0,african bush elephant,,9,train
https://storage.googleapis.com/public-datasets-lila/snapshot-safari-2024-expansion/Snapshot Cameo/EFA/EFA_S1/EFA07/EFA07_R4/EFA_S1_EFA07_R4_IMAG1855.JPG,Snapshot Safari 2024 Expansion : Snapshot Cameo/EFA/EFA_S1/EFA07/EFA07_R4/EFA_S1_EFA07_R4_IMAG1855.JPG,Snapshot Safari 2024 Expansion : EFA_S1#EFA07#4#439,Snapshot Safari 2024 Expansion : EFA_S1_EFA07,0,african bush elephant,,9,train
https://storage.googleapis.com/public-datasets-lila/snapshot-safari-2024-expansion/SER/SER_S12/J10/J10_R2/SER_S12_J10_R2_IMAG0404.JPG,Snapshot Safari 2024 Expansion : SER/SER_S12/J10/J10_R2/SER_S12_J10_R2_IMAG0404.JPG,Snapshot Safari 2024 Expansion : SER_S12#J10#2#187,Snapshot Safari 2024 Expansion : SER_S12_J10,1,african bush elephant,,9,train
https://storage.googleapis.com/public-datasets-lila/snapshot-safari-2024-expansion/MAD/MAD_S1/MAD05/MAD05_R3/MAD_S1_MAD05_R3_IMAG0503.JPG,Snapshot Safari 2024 Expansion : MAD/MAD_S1/MAD05/MAD05_R3/MAD_S1_MAD05_R3_IMAG0503.JPG,Snapshot Safari 2024 Expansion : MAD_S1#MAD05#3#168,Snapshot Safari 2024 Expansion : MAD_S1_MAD05,1,african bush elephant,,9,val
https://storage.googleapis.com/public-datasets-lila/snapshot-safari-2024-expansion/APN/APN_S3/JJ7/JJ7_R10/APN_S3_JJ7_R10_IMAG0155.JPG,Snapshot Safari 2024 Expansion : APN/APN_S3/JJ7/JJ7_R10/APN_S3_JJ7_R10_IMAG0155.JPG,Snapshot Safari 2024 Expansion : APN_S3#JJ7#10#65,Snapshot Safari 2024 Expansion : APN_S3_JJ7,0,african bush elephant,,9,train
https://storage.googleapis.com/public-datasets-lila/snapshot-safari-2024-expansion/MAD/MAD_S3/G04/G04_R09/MAD_S3_G04_R09_IMAG0041.JPG,Snapshot Safari 2024 Expansion : MAD/MAD_S3/G04/G04_R09/MAD_S3_G04_R09_IMAG0041.JPG,Snapshot Safari 2024 Expansion : MAD_S3#G04#09#14,Snapshot Safari 2024 Expansion : MAD_S3_G04,1,african bush elephant,,9,train
https://storage.googleapis.com/public-datasets-lila/snapshot-safari-2024-expansion/APN/APN_S3/U64c/U64c_R8/APN_S3_U64c_R8_IMAG0057.JPG,Snapshot Safari 2024 Expansion : APN/APN_S3/U64c/U64c_R8/APN_S3_U64c_R8_IMAG0057.JPG,Snapshot Safari 2024 Expansion : APN_S3#U64c#8#34,Snapshot Safari 2024 Expansion : APN_S3_U64C,1,african bush elephant,,9,train
https://storage.googleapis.com/public-datasets-lila/snapshotserengeti-unzipped/S1/F08/F08_R3/S1_F08_R3_PICT3075.JPG,Snapshot Serengeti : S1/F08/F08_R3/S1_F08_R3_PICT3075,Snapshot Serengeti : SER_S1#F08#3#1027,Snapshot Serengeti : F08,2,african bush elephant,09-26-2010 09:39:20,9,val
https://storage.googleapis.com/public-datasets-lila/snapshot-safari-2024-expansion/SER/SER_S12/F06/F06_R3/SER_S12_F06_R3_IMAG1040.JPG,Snapshot Safari 2024 Expansion : SER/SER_S12/F06/F06_R3/SER_S12_F06_R3_IMAG1040.JPG,Snapshot Safari 2024 Expansion : SER_S12#F06#3#354,Snapshot Safari 2024 Expansion : SER_S12_F06,2,african bush elephant,,9,train
https://storage.googleapis.com/public-datasets-lila/snapshot-safari-2024-expansion/MAD/MAD_S2/I07/I07_R7/MAD_S2_I07_R7_IMAG0017.JPG,Snapshot Safari 2024 Expansion : MAD/MAD_S2/I07/I07_R7/MAD_S2_I07_R7_IMAG0017.JPG,Snapshot Safari 2024 Expansion : MAD_S2#I07#7#6,Snapshot Safari 2024 Expansion : MAD_S2_I07,1,african bush elephant,,9,train
https://storage.googleapis.com/public-datasets-lila/snapshotserengeti-unzipped/S7/J09/J09_R3/S7_J09_R3_IMAG1017.JPG,Snapshot Serengeti : S7/J09/J09_R3/S7_J09_R3_IMAG1017,Snapshot Serengeti : SER_S7#J09#3#354,Snapshot Serengeti : J09,2,african bush elephant,10-13-2013 13:52:54,9,train
https://storage.googleapis.com/public-datasets-lila/snapshotserengeti-unzipped/S5/I12/I12_R2/S5_I12_R2_IMAG1278.JPG,Snapshot Serengeti : S5/I12/I12_R2/S5_I12_R2_IMAG1278,Snapshot Serengeti : SER_S5#I12#2#442,Snapshot Serengeti : I12,3,african bush elephant,09-28-2012 12:45:24,9,train
https://storage.googleapis.com/public-datasets-lila/snapshotserengeti-unzipped/S5/H08/H08_R2/S5_H08_R2_IMAG0147.JPG,Snapshot Serengeti : S5/H08/H08_R2/S5_H08_R2_IMAG0147,Snapshot Serengeti : SER_S5#H08#2#51,Snapshot Serengeti : H08,1,african bush elephant,08-16-2012 13:29:31,9,train
https://storage.googleapis.com/public-datasets-lila/snapshotserengeti-unzipped/S9/I01/I01_R3/S9_I01_R3_IMAG0546.JPG,Snapshot Serengeti : S9/I01/I01_R3/S9_I01_R3_IMAG0546,Snapshot Serengeti : SER_S9#I01#3#249,Snapshot Serengeti : I01,1,african bush elephant,11-10-2014 14:02:16,9,train
https://storage.googleapis.com/public-datasets-lila/snapshotserengeti-unzipped/S10/G07/G07_R2/S10_G07_R2_IMAG0249.JPG,Snapshot Serengeti : S10/G07/G07_R2/S10_G07_R2_IMAG0249,Snapshot Serengeti : SER_S10#G07#2#91,Snapshot Serengeti : G07,3,african bush elephant,05-05-2015 13:55:17,9,train
https://storage.googleapis.com/public-datasets-lila/snapshot-safari-2024-expansion/Snapshot Cameo/EFA/EFA_S1/EFA08/EFA08_R14/EFA_S1_EFA08_R14_IMAG0814.JPG,Snapshot Safari 2024 Expansion : Snapshot Cameo/EFA/EFA_S1/EFA08/EFA08_R14/EFA_S1_EFA08_R14_IMAG0814.JPG,Snapshot Safari 2024 Expansion : EFA_S1#EFA08#14#148,Snapshot Safari 2024 Expansion : EFA_S1_EFA08,2,african bush elephant,,9,test
https://storage.googleapis.com/public-datasets-lila/snapshot-safari-2024-expansion/MAD/MAD_S2/MAD06/MAD06_R6/MAD_S2_MAD06_R6_IMAG5610.JPG,Snapshot Safari 2024 Expansion : MAD/MAD_S2/MAD06/MAD06_R6/MAD_S2_MAD06_R6_IMAG5610.JPG,Snapshot Safari 2024 Expansion : MAD_S2#MAD06#6#1870,Snapshot Safari 2024 Expansion : MAD_S2_MAD06,2,african bush elephant,,9,val
https://storage.googleapis.com/public-datasets-lila/snapshot-safari-2024-expansion/APN/APN_S3/TB17/TB17_R6/APN_S3_TB17_R6_IMAG0863.JPG,Snapshot Safari 2024 Expansion : APN/APN_S3/TB17/TB17_R6/APN_S3_TB17_R6_IMAG0863.JPG,Snapshot Safari 2024 Expansion : APN_S3#TB17#6#319,Snapshot Safari 2024 Expansion : APN_S3_TB17,0,african bush elephant,,9,train
https://storage.googleapis.com/public-datasets-lila/snapshot-safari-2024-expansion/MAD/MAD_S1/MAD03/MAD03_R4/MAD_S1_MAD03_R4_IMAG1077.JPG,Snapshot Safari 2024 Expansion : MAD/MAD_S1/MAD03/MAD03_R4/MAD_S1_MAD03_R4_IMAG1077.JPG,Snapshot Safari 2024 Expansion : MAD_S1#MAD03#4#360,Snapshot Safari 2024 Expansion : MAD_S1_MAD03,1,african bush elephant,,9,train
https://storage.googleapis.com/public-datasets-lila/snapshot-safari-2024-expansion/MAD/MAD_S1/MAD05/MAD05_R4/MAD_S1_MAD05_R4_IMAG0214.JPG,Snapshot Safari 2024 Expansion : MAD/MAD_S1/MAD05/MAD05_R4/MAD_S1_MAD05_R4_IMAG0214.JPG,Snapshot Safari 2024 Expansion : MAD_S1#MAD05#4#72,Snapshot Safari 2024 Expansion : MAD_S1_MAD05,0,african bush elephant,,9,val
https://storage.googleapis.com/public-datasets-lila/snapshotserengeti-unzipped/SER_S11/H05/H05_R2/SER_S11_H05_R2_IMAG1836.JPG,Snapshot Serengeti : SER_S11/H05/H05_R2/SER_S11_H05_R2_IMAG1836,Snapshot Serengeti : SER_S11#H05#2#618,Snapshot Serengeti : H05,2,african bush elephant,12-30-2015 12:43:33,9,train
https://storage.googleapis.com/public-datasets-lila/snapshotserengeti-unzipped/S9/I03/I03_R2/S9_I03_R2_IMAG0448.JPG,Snapshot Serengeti : S9/I03/I03_R2/S9_I03_R2_IMAG0448,Snapshot Serengeti : SER_S9#I03#2#216,Snapshot Serengeti : I03,3,african bush elephant,10-25-2014 12:22:32,9,train
https://storage.googleapis.com/public-datasets-lila/snapshotserengeti-unzipped/S7/D06/D06_R1/S7_D06_R1_IMAG0067.JPG,Snapshot Serengeti : S7/D06/D06_R1/S7_D06_R1_IMAG0067,Snapshot Serengeti : SER_S7#D06#1#28,Snapshot Serengeti : D06,2,african bush elephant,04-20-2013 13:29:34,9,train
https://storage.googleapis.com/public-datasets-lila/snapshot-safari-2024-expansion/Snapshot Cameo/EFA/EFA_S1/EFA08/EFA08_R38/EFA_S1_EFA08_R38_IMAG0937.JPG,Snapshot Safari 2024 Expansion : Snapshot Cameo/EFA/EFA_S1/EFA08/EFA08_R38/EFA_S1_EFA08_R38_IMAG0937.JPG,Snapshot Safari 2024 Expansion : EFA_S1#EFA08#38#155,Snapshot Safari 2024 Expansion : EFA_S1_EFA08,0,african bush elephant,,9,test
https://storage.googleapis.com/public-datasets-lila/snapshotserengeti-unzipped/S8/Q04/Q04_R2/S8_Q04_R2_IMAG1294.JPG,Snapshot Serengeti : S8/Q04/Q04_R2/S8_Q04_R2_IMAG1294,Snapshot Serengeti : SER_S8#Q04#2#450,Snapshot Serengeti : Q04,1,african bush elephant,03-28-2014 15:42:59,9,train
https://storage.googleapis.com/public-datasets-lila/snapshot-safari-2024-expansion/MAD/MAD_S2/MAD06/MAD06_R5/MAD_S2_MAD06_R5_IMAG0965.JPG,Snapshot Safari 2024 Expansion : MAD/MAD_S2/MAD06/MAD06_R5/MAD_S2_MAD06_R5_IMAG0965.JPG,Snapshot Safari 2024 Expansion : MAD_S2#MAD06#5#322,Snapshot Safari 2024 Expansion : MAD_S2_MAD06,1,african bush elephant,,9,val
https://storage.googleapis.com/public-datasets-lila/snapshot-safari-2024-expansion/MAD/MAD_S2/MAD03/MAD03_R6/MAD_S2_MAD03_R6_IMAG4202.JPG,Snapshot Safari 2024 Expansion : MAD/MAD_S2/MAD03/MAD03_R6/MAD_S2_MAD03_R6_IMAG4202.JPG,Snapshot Safari 2024 Expansion : MAD_S2#MAD03#6#1401,Snapshot Safari 2024 Expansion : MAD_S2_MAD03,1,african bush elephant,,9,train
https://storage.googleapis.com/public-datasets-lila/snapshot-safari-2024-expansion/RUA/RUA_S1/M52/M52_R1/RUA_S1_M52_R1_IMAG0686.JPG,Snapshot Safari 2024 Expansion : RUA/RUA_S1/M52/M52_R1/RUA_S1_M52_R1_IMAG0686.JPG,Snapshot Safari 2024 Expansion : RUA_S1#M52#1#686,Snapshot Safari 2024 Expansion : RUA_S1_M52,0,african bush elephant,,9,train
https://storage.googleapis.com/public-datasets-lila/snapshotserengeti-unzipped/S7/P04/P04_R2/S7_P04_R2_IMAG0240.JPG,Snapshot Serengeti : S7/P04/P04_R2/S7_P04_R2_IMAG0240,Snapshot Serengeti : SER_S7#P04#2#86,Snapshot Serengeti : P04,2,african bush elephant,07-23-2013 12:56:47,9,train
https://storage.googleapis.com/public-datasets-lila/snapshot-safari-2024-expansion/APN/APN_S4/U64c/U64c_R13/APN_S4_U64c_R13_IMAG0100.JPG,Snapshot Safari 2024 Expansion : APN/APN_S4/U64c/U64c_R13/APN_S4_U64c_R13_IMAG0100.JPG,Snapshot Safari 2024 Expansion : APN_S4#U64c#13#37,Snapshot Safari 2024 Expansion : APN_S4_U64C,1,african bush elephant,,9,train
https://storage.googleapis.com/public-datasets-lila/snapshot-safari-2024-expansion/APN/APN_S3/6U/6U_R10/APN_S3_6U_R10_IMAG0174.JPG,Snapshot Safari 2024 Expansion : APN/APN_S3/6U/6U_R10/APN_S3_6U_R10_IMAG0174.JPG,Snapshot Safari 2024 Expansion : APN_S3#6U#10#87,Snapshot Safari 2024 Expansion : APN_S3_6U,1,african bush elephant,,9,train
https://storage.googleapis.com/public-datasets-lila/snapshot-safari-2024-expansion/MAD/MAD_S2/MAD05/MAD05_R5/MAD_S2_MAD05_R5_IMAG0845.JPG,Snapshot Safari 2024 Expansion : MAD/MAD_S2/MAD05/MAD05_R5/MAD_S2_MAD05_R5_IMAG0845.JPG,Snapshot Safari 2024 Expansion : MAD_S2#MAD05#5#282,Snapshot Safari 2024 Expansion : MAD_S2_MAD05,1,african bush elephant,,9,val
https://storage.googleapis.com/public-datasets-lila/snapshotserengeti-unzipped/S5/B10/B10_R2/S5_B10_R2_IMAG0566.JPG,Snapshot Serengeti : S5/B10/B10_R2/S5_B10_R2_IMAG0566,Snapshot Serengeti : SER_S5#B10#2#191,Snapshot Serengeti : B10,1,african bush elephant,08-29-2012 15:36:36,9,test
https://storage.googleapis.com/public-datasets-lila/snapshotserengeti-unzipped/S8/C03/C03_R2/S8_C03_R2_IMAG0048.JPG,Snapshot Serengeti : S8/C03/C03_R2/S8_C03_R2_IMAG0048,Snapshot Serengeti : SER_S8#C03#2#19,Snapshot Serengeti : C03,2,african bush elephant,01-31-2014 14:19:11,9,train
https://storage.googleapis.com/public-datasets-lila/snapshot-safari-2024-expansion/MAD/MAD_S3/I06/I06_R10/MAD_S3_I06_R10_IMAG0017.JPG,Snapshot Safari 2024 Expansion : MAD/MAD_S3/I06/I06_R10/MAD_S3_I06_R10_IMAG0017.JPG,Snapshot Safari 2024 Expansion : MAD_S3#I06#10#6,Snapshot Safari 2024 Expansion : MAD_S3_I06,1,african bush elephant,,9,train
https://storage.googleapis.com/public-datasets-lila/snapshot-safari-2024-expansion/MAD/MAD_S3/MAD06/MAD06_R09/MAD_S3_MAD06_R09_IMAG0847.JPG,Snapshot Safari 2024 Expansion : MAD/MAD_S3/MAD06/MAD06_R09/MAD_S3_MAD06_R09_IMAG0847.JPG,Snapshot Safari 2024 Expansion : MAD_S3#MAD06#09#283,Snapshot Safari 2024 Expansion : MAD_S3_MAD06,0,african bush elephant,,9,train
https://storage.googleapis.com/public-datasets-lila/snapshot-safari-2024-expansion/MAD/MAD_S2/MAD06/MAD06_R5/MAD_S2_MAD06_R5_IMAG0224.JPG,Snapshot Safari 2024 Expansion : MAD/MAD_S2/MAD06/MAD06_R5/MAD_S2_MAD06_R5_IMAG0224.JPG,Snapshot Safari 2024 Expansion : MAD_S2#MAD06#5#75,Snapshot Safari 2024 Expansion : MAD_S2_MAD06,1,african bush elephant,,9,val
https://storage.googleapis.com/public-datasets-lila/snapshot-safari-2024-expansion/MAD/MAD_S2/D04/D04_R6/MAD_S2_D04_R6_IMAG0185.JPG,Snapshot Safari 2024 Expansion : MAD/MAD_S2/D04/D04_R6/MAD_S2_D04_R6_IMAG0185.JPG,Snapshot Safari 2024 Expansion : MAD_S2#D04#6#62,Snapshot Safari 2024 Expansion : MAD_S2_D04,1,african bush elephant,,9,train
https://storage.googleapis.com/public-datasets-lila/wcs-unzipped/animals/0370/1878.jpg,WCS Camera Traps : 4e614a68-92d5-11e9-8dc2-000d3a74c7de,WCS Camera Traps : ken-014-d0091-446,WCS Camera Traps : 2730,7,african bush elephant,08-19-2009 19:15:54,9,train
https://storage.googleapis.com/public-datasets-lila/snapshot-safari-2024-expansion/Snapshot Cameo/EFA/EFA_S1/EFA07/EFA07_R2/EFA_S1_EFA07_R2_IMAG0580.JPG,Snapshot Safari 2024 Expansion : Snapshot Cameo/EFA/EFA_S1/EFA07/EFA07_R2/EFA_S1_EFA07_R2_IMAG0580.JPG,Snapshot Safari 2024 Expansion : EFA_S1#EFA07#2#125,Snapshot Safari 2024 Expansion : EFA_S1_EFA07,2,african bush elephant,,9,train
https://storage.googleapis.com/public-datasets-lila/snapshot-safari-2024-expansion/MAD/MAD_S2/MAD03/MAD03_R7/MAD_S2_MAD03_R7_IMAG1000.JPG,Snapshot Safari 2024 Expansion : MAD/MAD_S2/MAD03/MAD03_R7/MAD_S2_MAD03_R7_IMAG1000.JPG,Snapshot Safari 2024 Expansion : MAD_S2#MAD03#7#334,Snapshot Safari 2024 Expansion : MAD_S2_MAD03,0,african bush elephant,,9,train
https://storage.googleapis.com/public-datasets-lila/wcs-unzipped/animals/0218/1348.jpg,WCS Camera Traps : 1682e439-92d5-11e9-9c0b-000d3a74c7de,WCS Camera Traps : ken-007-d0072-6,WCS Camera Traps : 1294,12,african bush elephant,02-09-2012 16:56:45,9,train
https://storage.googleapis.com/public-datasets-lila/snapshot-safari-2024-expansion/APN/APN_S2/K024/K024_R7/APN_S2_K024_R7_IMAG0095.JPG,Snapshot Safari 2024 Expansion : APN/APN_S2/K024/K024_R7/APN_S2_K024_R7_IMAG0095.JPG,Snapshot Safari 2024 Expansion : APN_S2#K024#7#43,Snapshot Safari 2024 Expansion : APN_S2_K024,0,african bush elephant,,9,train
https://storage.googleapis.com/public-datasets-lila/snapshotserengeti-unzipped/S8/J09/J09_R3/S8_J09_R3_IMAG0869.JPG,Snapshot Serengeti : S8/J09/J09_R3/S8_J09_R3_IMAG0869,Snapshot Serengeti : SER_S8#J09#3#303,Snapshot Serengeti : J09,2,african bush elephant,06-14-2014 10:12:14,9,train
https://storage.googleapis.com/public-datasets-lila/snapshotserengeti-unzipped/S7/N03/N03_R1/S7_N03_R1_IMAG0006.JPG,Snapshot Serengeti : S7/N03/N03_R1/S7_N03_R1_IMAG0006,Snapshot Serengeti : SER_S7#N03#1#5,Snapshot Serengeti : N03,2,african bush elephant,04-26-2013 06:26:04,9,train
https://storage.googleapis.com/public-datasets-lila/snapshotserengeti-unzipped/S9/J05/J05_R3/S9_J05_R3_IMAG1634.JPG,Snapshot Serengeti : S9/J05/J05_R3/S9_J05_R3_IMAG1634,Snapshot Serengeti : SER_S9#J05#3#584,Snapshot Serengeti : J05,1,african bush elephant,12-19-2014 20:12:15,9,train
https://storage.googleapis.com/public-datasets-lila/snapshot-safari-2024-expansion/SER/SER_S13/F05/F05_R3/SER_S13_F05_R3_IMAG0079.JPG,Snapshot Safari 2024 Expansion : SER/SER_S13/F05/F05_R3/SER_S13_F05_R3_IMAG0079.JPG,Snapshot Safari 2024 Expansion : SER_S13#F05#3#39,Snapshot Safari 2024 Expansion : SER_S13_F05,0,african bush elephant,,9,train
https://storage.googleapis.com/public-datasets-lila/snapshotserengeti-unzipped/S4/F07/F07_R1/S4_F07_R1_IMAG0189.JPG,Snapshot Serengeti : S4/F07/F07_R1/S4_F07_R1_IMAG0189,Snapshot Serengeti : SER_S4#F07#1#73,Snapshot Serengeti : F07,1,african bush elephant,02-09-2012 16:40:06,9,test
https://storage.googleapis.com/public-datasets-lila/snapshotserengeti-unzipped/S5/L10/L10_R2/S5_L10_R2_IMAG3161.JPG,Snapshot Serengeti : S5/L10/L10_R2/S5_L10_R2_IMAG3161,Snapshot Serengeti : SER_S5#L10#2#1399,Snapshot Serengeti : L10,3,african bush elephant,10-22-2012 12:00:18,9,test
https://storage.googleapis.com/public-datasets-lila/snapshot-safari-2024-expansion/Snapshot Cameo/EFA/EFA_S1/EFA07/EFA07_R31/EFA_S1_EFA07_R31_IMAG0973.JPG,Snapshot Safari 2024 Expansion : Snapshot Cameo/EFA/EFA_S1/EFA07/EFA07_R31/EFA_S1_EFA07_R31_IMAG0973.JPG,Snapshot Safari 2024 Expansion : EFA_S1#EFA07#31#251,Snapshot Safari 2024 Expansion : EFA_S1_EFA07,2,african bush elephant,,9,train
https://storage.googleapis.com/public-datasets-lila/snapshotserengeti-unzipped/S9/E01/E01_R3/S9_E01_R3_IMAG0143.JPG,Snapshot Serengeti : S9/E01/E01_R3/S9_E01_R3_IMAG0143,Snapshot Serengeti : SER_S9#E01#3#55,Snapshot Serengeti : E01,1,african bush elephant,09-24-2014 08:03:55,9,train
https://storage.googleapis.com/public-datasets-lila/snapshotserengeti-unzipped/S10/K10/K10_R3/S10_K10_R3_IMAG2190.JPG,Snapshot Serengeti : S10/K10/K10_R3/S10_K10_R3_IMAG2190,Snapshot Serengeti : SER_S10#K10#3#733,Snapshot Serengeti : K10,1,african bush elephant,05-20-2015 11:12:48,9,train
https://storage.googleapis.com/public-datasets-lila/wcs-unzipped/animals/0378/1036.jpg,WCS Camera Traps : 511987d3-92d5-11e9-b094-000d3a74c7de,WCS Camera Traps : ken-014-d0198-28,WCS Camera Traps : 2780,3,african bush elephant,10-05-2009 23:15:02,9,train
https://storage.googleapis.com/public-datasets-lila/snapshotserengeti-unzipped/S7/P13/P13_R1/S7_P13_R1_IMAG1491.JPG,Snapshot Serengeti : S7/P13/P13_R1/S7_P13_R1_IMAG1491,Snapshot Serengeti : SER_S7#P13#1#569,Snapshot Serengeti : P13,1,african bush elephant,06-03-2013 16:33:22,9,train
https://storage.googleapis.com/public-datasets-lila/snapshotserengeti-unzipped/SER_S11/K03/K03_R1/SER_S11_K03_R1_IMAG0064.JPG,Snapshot Serengeti : SER_S11/K03/K03_R1/SER_S11_K03_R1_IMAG0064,Snapshot Serengeti : SER_S11#K03#1#31,Snapshot Serengeti : K03,3,african bush elephant,08-14-2015 16:30:30,9,test
https://storage.googleapis.com/public-datasets-lila/snapshotserengeti-unzipped/S1/O05/O05_R1/S1_O05_R1_PICT6176.JPG,Snapshot Serengeti : S1/O05/O05_R1/S1_O05_R1_PICT6176,Snapshot Serengeti : SER_S1#O05#1#1875,Snapshot Serengeti : O05,1,african bush elephant,09-24-2010 11:35:04,9,test
https://storage.googleapis.com/public-datasets-lila/snapshot-safari-2024-expansion/MAD/MAD_S2/E06/E06_R5/MAD_S2_E06_R5_IMAG0162.JPG,Snapshot Safari 2024 Expansion : MAD/MAD_S2/E06/E06_R5/MAD_S2_E06_R5_IMAG0162.JPG,Snapshot Safari 2024 Expansion : MAD_S2#E06#5#54,Snapshot Safari 2024 Expansion : MAD_S2_E06,2,african bush elephant,,9,train
https://storage.googleapis.com/public-datasets-lila/snapshotserengeti-unzipped/S2/I07/I07_R3/S2_I07_R3_PICT0062.JPG,Snapshot Serengeti : S2/I07/I07_R3/S2_I07_R3_PICT0062,Snapshot Serengeti : SER_S2#I07#3#22,Snapshot Serengeti : I07,1,african bush elephant,04-23-2011 19:45:30,9,val
https://storage.googleapis.com/public-datasets-lila/snapshot-safari-2024-expansion/MAD/MAD_S2/I08/I08_R7/MAD_S2_I08_R7_IMAG0073.JPG,Snapshot Safari 2024 Expansion : MAD/MAD_S2/I08/I08_R7/MAD_S2_I08_R7_IMAG0073.JPG,Snapshot Safari 2024 Expansion : MAD_S2#I08#7#25,Snapshot Safari 2024 Expansion : MAD_S2_I08,0,african bush elephant,,9,train
https://storage.googleapis.com/public-datasets-lila/snapshot-safari-2024-expansion/APN/APN_S3/Jack1/Jack1_R4/APN_S3_Jack1_R4_IMAG0080.JPG,Snapshot Safari 2024 Expansion : APN/APN_S3/Jack1/Jack1_R4/APN_S3_Jack1_R4_IMAG0080.JPG,Snapshot Safari 2024 Expansion : APN_S3#Jack1#4#39,Snapshot Safari 2024 Expansion : APN_S3_JACK1,1,african bush elephant,,9,train
https://storage.googleapis.com/public-datasets-lila/wcs-unzipped/animals/0303/0451.jpg,WCS Camera Traps : 35e06c4c-92d5-11e9-8d93-000d3a74c7de,WCS Camera Traps : ken-011-d0290-30,WCS Camera Traps : 1476,1,african bush elephant,03-11-2008 19:54:00,9,train
https://storage.googleapis.com/public-datasets-lila/snapshot-safari-2024-expansion/MAD/MAD_S3/MAD01/MAD01_R09/MAD_S3_MAD01_R09_IMAG0783.JPG,Snapshot Safari 2024 Expansion : MAD/MAD_S3/MAD01/MAD01_R09/MAD_S3_MAD01_R09_IMAG0783.JPG,Snapshot Safari 2024 Expansion : MAD_S3#MAD01#09#261,Snapshot Safari 2024 Expansion : MAD_S3_MAD01,2,african bush elephant,,9,train
https://storage.googleapis.com/public-datasets-lila/snapshot-safari-2024-expansion/Snapshot Cameo/EFA/EFA_S1/EFA06/EFA06_R31/EFA_S1_EFA06_R31_IMAG0863.JPG,Snapshot Safari 2024 Expansion : Snapshot Cameo/EFA/EFA_S1/EFA06/EFA06_R31/EFA_S1_EFA06_R31_IMAG0863.JPG,Snapshot Safari 2024 Expansion : EFA_S1#EFA06#31#261,Snapshot Safari 2024 Expansion : EFA_S1_EFA06,0,african bush elephant,,9,train
https://storage.googleapis.com/public-datasets-lila/snapshot-safari-2024-expansion/MAD/MAD_S1/MAD01/MAD01_R4/MAD_S1_MAD01_R4_IMAG2083.JPG,Snapshot Safari 2024 Expansion : MAD/MAD_S1/MAD01/MAD01_R4/MAD_S1_MAD01_R4_IMAG2083.JPG,Snapshot Safari 2024 Expansion : MAD_S1#MAD01#4#695,Snapshot Safari 2024 Expansion : MAD_S1_MAD01,0,african bush elephant,,9,train
https://storage.googleapis.com/public-datasets-lila/wcs-unzipped/animals/0185/0249.jpg,WCS Camera Traps : 0a3524c2-92d5-11e9-88d0-000d3a74c7de,WCS Camera Traps : ken-002-d0009-59,WCS Camera Traps : 1124,42,african bush elephant,10-17-2011 11:46:38,9,train
https://storage.googleapis.com/public-datasets-lila/snapshot-safari-2024-expansion/MAD/MAD_S2/MAD03/MAD03_R7/MAD_S2_MAD03_R7_IMAG4638.JPG,Snapshot Safari 2024 Expansion : MAD/MAD_S2/MAD03/MAD03_R7/MAD_S2_MAD03_R7_IMAG4638.JPG,Snapshot Safari 2024 Expansion : MAD_S2#MAD03#7#1546,Snapshot Safari 2024 Expansion : MAD_S2_MAD03,2,african bush elephant,,9,train
https://storage.googleapis.com/public-datasets-lila/snapshotserengeti-unzipped/S6/I12/I12_R2/S6_I12_R2_IMAG0054.JPG,Snapshot Serengeti : S6/I12/I12_R2/S6_I12_R2_IMAG0054,Snapshot Serengeti : SER_S6#I12#2#26,Snapshot Serengeti : I12,1,african bush elephant,02-10-2013 21:51:29,9,train
https://storage.googleapis.com/public-datasets-lila/snapshot-safari-2024-expansion/MAD/MAD_S1/H08/H08_R3/MAD_S1_H08_R3_IMAG3396.JPG,Snapshot Safari 2024 Expansion : MAD/MAD_S1/H08/H08_R3/MAD_S1_H08_R3_IMAG3396.JPG,Snapshot Safari 2024 Expansion : MAD_S1#H08#3#1132,Snapshot Safari 2024 Expansion : MAD_S1_H08,2,african bush elephant,,9,train
https://storage.googleapis.com/public-datasets-lila/snapshot-safari-2024-expansion/Snapshot Cameo/EFA/EFA_S1/EFA06/EFA06_R29/EFA_S1_EFA06_R29_IMAG0125.JPG,Snapshot Safari 2024 Expansion : Snapshot Cameo/EFA/EFA_S1/EFA06/EFA06_R29/EFA_S1_EFA06_R29_IMAG0125.JPG,Snapshot Safari 2024 Expansion : EFA_S1#EFA06#29#35,Snapshot Safari 2024 Expansion : EFA_S1_EFA06,0,african bush elephant,,9,train
https://storage.googleapis.com/public-datasets-lila/snapshot-safari-2024-expansion/MAD/MAD_S1/MAD01/MAD01_R4/MAD_S1_MAD01_R4_IMAG1475.JPG,Snapshot Safari 2024 Expansion : MAD/MAD_S1/MAD01/MAD01_R4/MAD_S1_MAD01_R4_IMAG1475.JPG,Snapshot Safari 2024 Expansion : MAD_S1#MAD01#4#492,Snapshot Safari 2024 Expansion : MAD_S1_MAD01,1,african bush elephant,,9,train
https://storage.googleapis.com/public-datasets-lila/snapshot-safari-2024-expansion/MAD/MAD_S3/MAD03/MAD03_R09/MAD_S3_MAD03_R09_IMAG4207.JPG,Snapshot Safari 2024 Expansion : MAD/MAD_S3/MAD03/MAD03_R09/MAD_S3_MAD03_R09_IMAG4207.JPG,Snapshot Safari 2024 Expansion : MAD_S3#MAD03#09#1403,Snapshot Safari 2024 Expansion : MAD_S3_MAD03,2,african bush elephant,,9,train
https://storage.googleapis.com/public-datasets-lila/snapshotserengeti-unzipped/S7/I12/I12_R3/S7_I12_R3_IMAG0021.JPG,Snapshot Serengeti : S7/I12/I12_R3/S7_I12_R3_IMAG0021,Snapshot Serengeti : SER_S7#I12#3#11,Snapshot Serengeti : I12,1,african bush elephant,09-12-2013 18:26:33,9,train
https://storage.googleapis.com/public-datasets-lila/snapshotserengeti-unzipped/S5/F02/F02_R1/S5_F02_R1_IMAG1710.JPG,Snapshot Serengeti : S5/F02/F02_R1/S5_F02_R1_IMAG1710,Snapshot Serengeti : SER_S5#F02#1#668,Snapshot Serengeti : F02,2,african bush elephant,07-17-2012 09:28:22,9,train
https://storage.googleapis.com/public-datasets-lila/snapshotserengeti-unzipped/S6/L02/L02_R1/S6_L02_R1_IMAG0189.JPG,Snapshot Serengeti : S6/L02/L02_R1/S6_L02_R1_IMAG0189,Snapshot Serengeti : SER_S6#L02#1#68,Snapshot Serengeti : L02,2,african bush elephant,01-15-2013 07:42:12,9,train
https://storage.googleapis.com/public-datasets-lila/snapshot-safari-2024-expansion/APN/APN_S2/DW/DW_R6/APN_S2_DW_R6_IMAG0407.JPG,Snapshot Safari 2024 Expansion : APN/APN_S2/DW/DW_R6/APN_S2_DW_R6_IMAG0407.JPG,Snapshot Safari 2024 Expansion : APN_S2#DW#6#160,Snapshot Safari 2024 Expansion : APN_S2_DW,0,african bush elephant,,9,train
https://storage.googleapis.com/public-datasets-lila/wcs-unzipped/animals/0370/1673.jpg,WCS Camera Traps : 4e56e9e2-92d5-11e9-af25-000d3a74c7de,WCS Camera Traps : ken-014-d0091-380,WCS Camera Traps : 2730,4,african bush elephant,08-18-2009 11:45:02,9,train
https://storage.googleapis.com/public-datasets-lila/snapshot-safari-2024-expansion/Snapshot Cameo/EFA/EFA_S1/EFA07/EFA07_R14/EFA_S1_EFA07_R14_IMAG0018.JPG,Snapshot Safari 2024 Expansion : Snapshot Cameo/EFA/EFA_S1/EFA07/EFA07_R14/EFA_S1_EFA07_R14_IMAG0018.JPG,Snapshot Safari 2024 Expansion : EFA_S1#EFA07#14#7,Snapshot Safari 2024 Expansion : EFA_S1_EFA07,0,african bush elephant,,9,train
https://storage.googleapis.com/public-datasets-lila/snapshot-safari-2024-expansion/Snapshot Cameo/EFA/EFA_S1/EFA07/EFA07_R29/EFA_S1_EFA07_R29_IMAG0167.JPG,Snapshot Safari 2024 Expansion : Snapshot Cameo/EFA/EFA_S1/EFA07/EFA07_R29/EFA_S1_EFA07_R29_IMAG0167.JPG,Snapshot Safari 2024 Expansion : EFA_S1#EFA07#29#51,Snapshot Safari 2024 Expansion : EFA_S1_EFA07,1,african bush elephant,,9,train
https://storage.googleapis.com/public-datasets-lila/snapshot-safari-2024-expansion/Snapshot Cameo/EFA/EFA_S1/EFA08/EFA08_R43/EFA_S1_EFA08_R43_IMAG0337.JPG,Snapshot Safari 2024 Expansion : Snapshot Cameo/EFA/EFA_S1/EFA08/EFA08_R43/EFA_S1_EFA08_R43_IMAG0337.JPG,Snapshot Safari 2024 Expansion : EFA_S1#EFA08#43#52,Snapshot Safari 2024 Expansion : EFA_S1_EFA08,0,african bush elephant,,9,test
https://storage.googleapis.com/public-datasets-lila/snapshotserengeti-unzipped/S7/C03/C03_R1/S7_C03_R1_IMAG0160.JPG,Snapshot Serengeti : S7/C03/C03_R1/S7_C03_R1_IMAG0160,Snapshot Serengeti : SER_S7#C03#1#60,Snapshot Serengeti : C03,3,african bush elephant,05-17-2013 17:56:27,9,train
https://storage.googleapis.com/public-datasets-lila/snapshot-safari-2024-expansion/MAD/MAD_S2/MAD06/MAD06_R5/MAD_S2_MAD06_R5_IMAG2163.JPG,Snapshot Safari 2024 Expansion : MAD/MAD_S2/MAD06/MAD06_R5/MAD_S2_MAD06_R5_IMAG2163.JPG,Snapshot Safari 2024 Expansion : MAD_S2#MAD06#5#721,Snapshot Safari 2024 Expansion : MAD_S2_MAD06,2,african bush elephant,,9,val
https://storage.googleapis.com/public-datasets-lila/snapshotserengeti-unzipped/S10/S11/S11_R1/S10_S11_R1_IMAG0353.JPG,Snapshot Serengeti : S10/S11/S11_R1/S10_S11_R1_IMAG0353,Snapshot Serengeti : SER_S10#S11#1#130,Snapshot Serengeti : S11,1,african bush elephant,04-07-2015 02:55:41,9,train
https://storage.googleapis.com/public-datasets-lila/snapshot-safari-2024-expansion/MAD/MAD_S2/MAD03/MAD03_R5/MAD_S2_MAD03_R5_IMAG1977.JPG,Snapshot Safari 2024 Expansion : MAD/MAD_S2/MAD03/MAD03_R5/MAD_S2_MAD03_R5_IMAG1977.JPG,Snapshot Safari 2024 Expansion : MAD_S2#MAD03#5#659,Snapshot Safari 2024 Expansion : MAD_S2_MAD03,2,african bush elephant,,9,train
https://storage.googleapis.com/public-datasets-lila/snapshotserengeti-unzipped/S5/K03/K03_R2/S5_K03_R2_IMAG0366.JPG,Snapshot Serengeti : S5/K03/K03_R2/S5_K03_R2_IMAG0366,Snapshot Serengeti : SER_S5#K03#2#122,Snapshot Serengeti : K03,3,african bush elephant,08-22-2012 12:08:44,9,test
https://storage.googleapis.com/public-datasets-lila/snapshot-safari-2024-expansion/Snapshot Cameo/DEB/DEB_S1/G4/G4_R73/DEB_S1_G4_R73_IMAG0209.JPG,Snapshot Safari 2024 Expansion : Snapshot Cameo/DEB/DEB_S1/G4/G4_R73/DEB_S1_G4_R73_IMAG0209.JPG,Snapshot Safari 2024 Expansion : DEB_S1#G4#73#209,Snapshot Safari 2024 Expansion : DEB_S1_G4,0,african bush elephant,,9,train
https://storage.googleapis.com/public-datasets-lila/snapshot-safari-2024-expansion/Snapshot Cameo/DEB/DEB_S1/C5/C5_R45/DEB_S1_C5_R45_IMAG0022.JPG,Snapshot Safari 2024 Expansion : Snapshot Cameo/DEB/DEB_S1/C5/C5_R45/DEB_S1_C5_R45_IMAG0022.JPG,Snapshot Safari 2024 Expansion : DEB_S1#C5#45#22,Snapshot Safari 2024 Expansion : DEB_S1_C5,0,african bush elephant,,9,train
https://storage.googleapis.com/public-datasets-lila/snapshotserengeti-unzipped/S10/L10/L10_R3/S10_L10_R3_IMAG0427.JPG,Snapshot Serengeti : S10/L10/L10_R3/S10_L10_R3_IMAG0427,Snapshot Serengeti : SER_S10#L10#3#176,Snapshot Serengeti : L10,1,african bush elephant,06-04-2015 11:56:53,9,test
https://storage.googleapis.com/public-datasets-lila/snapshot-safari-2024-expansion/MAD/MAD_S2/MAD06/MAD06_R7/MAD_S2_MAD06_R7_IMAG1979.JPG,Snapshot Safari 2024 Expansion : MAD/MAD_S2/MAD06/MAD06_R7/MAD_S2_MAD06_R7_IMAG1979.JPG,Snapshot Safari 2024 Expansion : MAD_S2#MAD06#7#660,Snapshot Safari 2024 Expansion : MAD_S2_MAD06,1,african bush elephant,,9,val
https://storage.googleapis.com/public-datasets-lila/snapshot-safari-2024-expansion/APN/APN_S2/K062/K062_R7/APN_S2_K062_R7_IMAG0204.JPG,Snapshot Safari 2024 Expansion : APN/APN_S2/K062/K062_R7/APN_S2_K062_R7_IMAG0204.JPG,Snapshot Safari 2024 Expansion : APN_S2#K062#7#79,Snapshot Safari 2024 Expansion : APN_S2_K062,2,african bush elephant,,9,train
https://storage.googleapis.com/public-datasets-lila/snapshot-safari-2024-expansion/Snapshot Cameo/EFA/EFA_S1/EFA08/EFA08_R44/EFA_S1_EFA08_R44_IMAG0278.JPG,Snapshot Safari 2024 Expansion : Snapshot Cameo/EFA/EFA_S1/EFA08/EFA08_R44/EFA_S1_EFA08_R44_IMAG0278.JPG,Snapshot Safari 2024 Expansion : EFA_S1#EFA08#44#75,Snapshot Safari 2024 Expansion : EFA_S1_EFA08,0,african bush elephant,,9,test
https://storage.googleapis.com/public-datasets-lila/snapshotserengeti-unzipped/S7/N03/N03_R1/S7_N03_R1_IMAG0011.JPG,Snapshot Serengeti : S7/N03/N03_R1/S7_N03_R1_IMAG0011,Snapshot Serengeti : SER_S7#N03#1#7,Snapshot Serengeti : N03,1,african bush elephant,04-26-2013 06:43:38,9,train
https://storage.googleapis.com/public-datasets-lila/snapshotserengeti-unzipped/S7/P13/P13_R1/S7_P13_R1_IMAG1507.JPG,Snapshot Serengeti : S7/P13/P13_R1/S7_P13_R1_IMAG1507,Snapshot Serengeti : SER_S7#P13#1#574,Snapshot Serengeti : P13,2,african bush elephant,06-03-2013 16:39:17,9,train
https://storage.googleapis.com/public-datasets-lila/snapshotserengeti-unzipped/S7/P13/P13_R1/S7_P13_R1_IMAG0907.JPG,Snapshot Serengeti : S7/P13/P13_R1/S7_P13_R1_IMAG0907,Snapshot Serengeti : SER_S7#P13#1#374,Snapshot Serengeti : P13,2,african bush elephant,06-02-2013 16:05:27,9,train
https://storage.googleapis.com/public-datasets-lila/snapshotserengeti-unzipped/S2/L04/L04_R4/S2_L04_R4_IMAG0077.JPG,Snapshot Serengeti : S2/L04/L04_R4/S2_L04_R4_IMAG0077,Snapshot Serengeti : SER_S2#L04#4#35,Snapshot Serengeti : L04,1,african bush elephant,05-17-2011 07:00:00,9,val
https://storage.googleapis.com/public-datasets-lila/snapshot-safari-2024-expansion/MAD/MAD_S2/MAD03/MAD03_R7/MAD_S2_MAD03_R7_IMAG0170.JPG,Snapshot Safari 2024 Expansion : MAD/MAD_S2/MAD03/MAD03_R7/MAD_S2_MAD03_R7_IMAG0170.JPG,Snapshot Safari 2024 Expansion : MAD_S2#MAD03#7#57,Snapshot Safari 2024 Expansion : MAD_S2_MAD03,1,african bush elephant,,9,train
https://storage.googleapis.com/public-datasets-lila/snapshot-safari-2024-expansion/SER/SER_S12/G07/G07_R2/SER_S12_G07_R2_IMAG0048.JPG,Snapshot Safari 2024 Expansion : SER/SER_S12/G07/G07_R2/SER_S12_G07_R2_IMAG0048.JPG,Snapshot Safari 2024 Expansion : SER_S12#G07#2#47,Snapshot Safari 2024 Expansion : SER_S12_G07,0,african bush elephant,,9,train
https://storage.googleapis.com/public-datasets-lila/snapshotserengeti-unzipped/S4/G04/G04_R1/S4_G04_R1_IMAG1118.JPG,Snapshot Serengeti : S4/G04/G04_R1/S4_G04_R1_IMAG1118,Snapshot Serengeti : SER_S4#G04#1#387,Snapshot Serengeti : G04,2,african bush elephant,02-21-2012 08:47:42,9,train
https://storage.googleapis.com/public-datasets-lila/snapshot-safari-2024-expansion/MAD/MAD_S3/MAD01/MAD01_R08/MAD_S3_MAD01_R08_IMAG1009.JPG,Snapshot Safari 2024 Expansion : MAD/MAD_S3/MAD01/MAD01_R08/MAD_S3_MAD01_R08_IMAG1009.JPG,Snapshot Safari 2024 Expansion : MAD_S3#MAD01#08#337,Snapshot Safari 2024 Expansion : MAD_S3_MAD01,0,african bush elephant,,9,train
https://storage.googleapis.com/public-datasets-lila/snapshot-safari-2024-expansion/MAD/MAD_S2/H08/H08_R7/MAD_S2_H08_R7_IMAG0046.JPG,Snapshot Safari 2024 Expansion : MAD/MAD_S2/H08/H08_R7/MAD_S2_H08_R7_IMAG0046.JPG,Snapshot Safari 2024 Expansion : MAD_S2#H08#7#16,Snapshot Safari 2024 Expansion : MAD_S2_H08,0,african bush elephant,,9,train
https://storage.googleapis.com/public-datasets-lila/snapshotserengeti-unzipped/S7/M04/M04_R2/S7_M04_R2_IMAG0336.JPG,Snapshot Serengeti : S7/M04/M04_R2/S7_M04_R2_IMAG0336,Snapshot Serengeti : SER_S7#M04#2#148,Snapshot Serengeti : M04,3,african bush elephant,08-05-2013 14:51:58,9,train
https://storage.googleapis.com/public-datasets-lila/snapshotserengeti-unzipped/S1/G07/G07_R1/S1_G07_R1_PICT0037.JPG,Snapshot Serengeti : S1/G07/G07_R1/S1_G07_R1_PICT0037,Snapshot Serengeti : SER_S1#G07#1#37,Snapshot Serengeti : G07,1,african bush elephant,07-25-2010 07:35:28,9,train
https://storage.googleapis.com/public-datasets-lila/wcs-unzipped/animals/0185/0347.jpg,WCS Camera Traps : 0a399188-92d5-11e9-be81-000d3a74c7de,WCS Camera Traps : ken-002-d0009-59,WCS Camera Traps : 1124,140,african bush elephant,10-17-2011 12:01:50,9,train
https://storage.googleapis.com/public-datasets-lila/snapshot-safari-2024-expansion/MAD/MAD_S3/MAD06/MAD06_R09/MAD_S3_MAD06_R09_IMAG3369.JPG,Snapshot Safari 2024 Expansion : MAD/MAD_S3/MAD06/MAD06_R09/MAD_S3_MAD06_R09_IMAG3369.JPG,Snapshot Safari 2024 Expansion : MAD_S3#MAD06#09#1124,Snapshot Safari 2024 Expansion : MAD_S3_MAD06,0,african bush elephant,,9,train
https://storage.googleapis.com/public-datasets-lila/snapshot-safari-2024-expansion/SER/SER_S12/J10/J10_R2/SER_S12_J10_R2_IMAG0060.JPG,Snapshot Safari 2024 Expansion : SER/SER_S12/J10/J10_R2/SER_S12_J10_R2_IMAG0060.JPG,Snapshot Safari 2024 Expansion : SER_S12#J10#2#35,Snapshot Safari 2024 Expansion : SER_S12_J10,1,african bush elephant,,9,train
https://storage.googleapis.com/public-datasets-lila/snapshot-safari-2024-expansion/Snapshot Cameo/EFA/EFA_S1/EFA06/EFA06_R29/EFA_S1_EFA06_R29_IMAG0355.JPG,Snapshot Safari 2024 Expansion : Snapshot Cameo/EFA/EFA_S1/EFA06/EFA06_R29/EFA_S1_EFA06_R29_IMAG0355.JPG,Snapshot Safari 2024 Expansion : EFA_S1#EFA06#29#105,Snapshot Safari 2024 Expansion : EFA_S1_EFA06,0,african bush elephant,,9,train
https://storage.googleapis.com/public-datasets-lila/snapshot-safari-2024-expansion/RUA/RUA_S1/M3/M3_R3/RUA_S1_M3_R3_IMAG1636.JPG,Snapshot Safari 2024 Expansion : RUA/RUA_S1/M3/M3_R3/RUA_S1_M3_R3_IMAG1636.JPG,Snapshot Safari 2024 Expansion : RUA_S1#M3#3#1636,Snapshot Safari 2024 Expansion : RUA_S1_M3,0,african bush elephant,,9,train
https://storage.googleapis.com/public-datasets-lila/snapshot-safari-2024-expansion/Snapshot Cameo/EFA/EFA_S1/EFA05/EFA05_R12/EFA_S1_EFA05_R12_IMAG0126.JPG,Snapshot Safari 2024 Expansion : Snapshot Cameo/EFA/EFA_S1/EFA05/EFA05_R12/EFA_S1_EFA05_R12_IMAG0126.JPG,Snapshot Safari 2024 Expansion : EFA_S1#EFA05#12#21,Snapshot Safari 2024 Expansion : EFA_S1_EFA05,2,african bush elephant,,9,train
https://storage.googleapis.com/public-datasets-lila/snapshot-safari-2024-expansion/RUA/RUA_S1/M2/M2_R1/RUA_S1_M2_R1_IMAG0131.JPG,Snapshot Safari 2024 Expansion : RUA/RUA_S1/M2/M2_R1/RUA_S1_M2_R1_IMAG0131.JPG,Snapshot Safari 2024 Expansion : RUA_S1#M2#1#131,Snapshot Safari 2024 Expansion : RUA_S1_M2,0,african bush elephant,,9,train
https://storage.googleapis.com/public-datasets-lila/wcs-unzipped/animals/0352/1368.jpg,WCS Camera Traps : 47d23b88-92d5-11e9-b35b-000d3a74c7de,WCS Camera Traps : ken-016-d0093-23,WCS Camera Traps : 1317,65,african bush elephant,02-19-2013 10:34:18,9,test
https://storage.googleapis.com/public-datasets-lila/snapshot-safari-2024-expansion/SER/SER_S12/H06/H06_R2/SER_S12_H06_R2_IMAG0026.JPG,Snapshot Safari 2024 Expansion : SER/SER_S12/H06/H06_R2/SER_S12_H06_R2_IMAG0026.JPG,Snapshot Safari 2024 Expansion : SER_S12#H06#2#18,Snapshot Safari 2024 Expansion : SER_S12_H06,0,african bush elephant,,9,train
https://storage.googleapis.com/public-datasets-lila/wcs-unzipped/animals/0352/1237.jpg,WCS Camera Traps : 47cb36ac-92d5-11e9-a9cd-000d3a74c7de,WCS Camera Traps : ken-016-d0093-16,WCS Camera Traps : 1317,38,african bush elephant,02-19-2013 10:23:46,9,test
https://storage.googleapis.com/public-datasets-lila/snapshotserengeti-unzipped/S6/O04/O04_R2/S6_O04_R2_IMAG0053.JPG,Snapshot Serengeti : S6/O04/O04_R2/S6_O04_R2_IMAG0053,Snapshot Serengeti : SER_S6#O04#2#18,Snapshot Serengeti : O04,2,african bush elephant,03-13-2013 15:20:06,9,train
https://storage.googleapis.com/public-datasets-lila/snapshot-safari-2024-expansion/Snapshot Cameo/NIA/NIA_S1/31A/31A_R1/NIA_S1_31A_R1_IMAG0237.JPG,Snapshot Safari 2024 Expansion : Snapshot Cameo/NIA/NIA_S1/31A/31A_R1/NIA_S1_31A_R1_IMAG0237.JPG,Snapshot Safari 2024 Expansion : NIA_S1#31A#1#76,Snapshot Safari 2024 Expansion : NIA_S1_31A,0,african bush elephant,,9,train
https://storage.googleapis.com/public-datasets-lila/snapshotserengeti-unzipped/S5/L10/L10_R2/S5_L10_R2_IMAG3386.JPG,Snapshot Serengeti : S5/L10/L10_R2/S5_L10_R2_IMAG3386,Snapshot Serengeti : SER_S5#L10#2#1474,Snapshot Serengeti : L10,3,african bush elephant,10-22-2012 13:58:25,9,test
https://storage.googleapis.com/public-datasets-lila/snapshotserengeti-unzipped/S9/H07/H07_R2/S9_H07_R2_IMAG0558.JPG,Snapshot Serengeti : S9/H07/H07_R2/S9_H07_R2_IMAG0558,Snapshot Serengeti : SER_S9#H07#2#259,Snapshot Serengeti : H07,1,african bush elephant,09-26-2014 10:21:51,9,train
https://storage.googleapis.com/public-datasets-lila/snapshotserengeti-unzipped/S4/O10/O10_R1/S4_O10_R1_IMAG0450.JPG,Snapshot Serengeti : S4/O10/O10_R1/S4_O10_R1_IMAG0450,Snapshot Serengeti : SER_S4#O10#1#156,Snapshot Serengeti : O10,1,african bush elephant,02-24-2012 13:52:01,9,train
https://storage.googleapis.com/public-datasets-lila/snapshotserengeti-unzipped/S5/I01/I01_R3/S5_I01_R3_IMAG0099.JPG,Snapshot Serengeti : S5/I01/I01_R3/S5_I01_R3_IMAG0099,Snapshot Serengeti : SER_S5#I01#3#61,Snapshot Serengeti : I01,3,african bush elephant,10-05-2012 14:13:11,9,train
https://storage.googleapis.com/public-datasets-lila/snapshot-safari-2024-expansion/Snapshot Cameo/EFA/EFA_S1/EFA09/EFA09_R6/EFA_S1_EFA09_R6_IMAG0063.JPG,Snapshot Safari 2024 Expansion : Snapshot Cameo/EFA/EFA_S1/EFA09/EFA09_R6/EFA_S1_EFA09_R6_IMAG0063.JPG,Snapshot Safari 2024 Expansion : EFA_S1#EFA09#6#25,Snapshot Safari 2024 Expansion : EFA_S1_EFA09,1,african bush elephant,,9,train
https://storage.googleapis.com/public-datasets-lila/snapshotserengeti-unzipped/S4/I12/I12_R1/S4_I12_R1_IMAG0045.JPG,Snapshot Serengeti : S4/I12/I12_R1/S4_I12_R1_IMAG0045,Snapshot Serengeti : SER_S4#I12#1#42,Snapshot Serengeti : I12,1,african bush elephant,01-16-2012 20:53:39,9,train
https://storage.googleapis.com/public-datasets-lila/snapshot-safari-2024-expansion/MAD/MAD_S2/MAD06/MAD06_R6/MAD_S2_MAD06_R6_IMAG5701.JPG,Snapshot Safari 2024 Expansion : MAD/MAD_S2/MAD06/MAD06_R6/MAD_S2_MAD06_R6_IMAG5701.JPG,Snapshot Safari 2024 Expansion : MAD_S2#MAD06#6#1901,Snapshot Safari 2024 Expansion : MAD_S2_MAD06,0,african bush elephant,,9,val
https://storage.googleapis.com/public-datasets-lila/snapshot-safari-2024-expansion/Snapshot Cameo/DEB/DEB_S1/H4/H4_R46/DEB_S1_H4_R46_IMAG0072.JPG,Snapshot Safari 2024 Expansion : Snapshot Cameo/DEB/DEB_S1/H4/H4_R46/DEB_S1_H4_R46_IMAG0072.JPG,Snapshot Safari 2024 Expansion : DEB_S1#H4#46#71,Snapshot Safari 2024 Expansion : DEB_S1_H4,0,african bush elephant,,9,val
https://storage.googleapis.com/public-datasets-lila/snapshot-safari-2024-expansion/Snapshot Cameo/EFA/EFA_S1/EFA09/EFA09_R19/EFA_S1_EFA09_R19_IMAG0913.JPG,Snapshot Safari 2024 Expansion : Snapshot Cameo/EFA/EFA_S1/EFA09/EFA09_R19/EFA_S1_EFA09_R19_IMAG0913.JPG,Snapshot Safari 2024 Expansion : EFA_S1#EFA09#19#339,Snapshot Safari 2024 Expansion : EFA_S1_EFA09,0,african bush elephant,,9,train
https://storage.googleapis.com/public-datasets-lila/snapshotserengeti-unzipped/SER_S11/G01/G01_R1/SER_S11_G01_R1_IMAG1186.JPG,Snapshot Serengeti : SER_S11/G01/G01_R1/SER_S11_G01_R1_IMAG1186,Snapshot Serengeti : SER_S11#G01#1#460,Snapshot Serengeti : G01,2,african bush elephant,09-02-2015 22:12:47,9,test
https://storage.googleapis.com/public-datasets-lila/snapshotserengeti-unzipped/S6/R06/R06_R1/S6_R06_R1_IMAG0233.JPG,Snapshot Serengeti : S6/R06/R06_R1/S6_R06_R1_IMAG0233,Snapshot Serengeti : SER_S6#R06#1#82,Snapshot Serengeti : R06,2,african bush elephant,01-07-2013 15:23:54,9,train
https://storage.googleapis.com/public-datasets-lila/snapshot-safari-2024-expansion/MAD/MAD_S2/MAD06/MAD06_R6/MAD_S2_MAD06_R6_IMAG4716.JPG,Snapshot Safari 2024 Expansion : MAD/MAD_S2/MAD06/MAD06_R6/MAD_S2_MAD06_R6_IMAG4716.JPG,Snapshot Safari 2024 Expansion : MAD_S2#MAD06#6#1572,Snapshot Safari 2024 Expansion : MAD_S2_MAD06,2,african bush elephant,,9,val
https://storage.googleapis.com/public-datasets-lila/snapshotserengeti-unzipped/S5/H03/H03_R2/S5_H03_R2_IMAG0705.JPG,Snapshot Serengeti : S5/H03/H03_R2/S5_H03_R2_IMAG0705,Snapshot Serengeti : SER_S5#H03#2#281,Snapshot Serengeti : H03,1,african bush elephant,09-16-2012 01:05:47,9,train
https://storage.googleapis.com/public-datasets-lila/snapshot-safari-2024-expansion/APN/APN_S3/TB17/TB17_R3/APN_S3_TB17_R3_IMAG0198.JPG,Snapshot Safari 2024 Expansion : APN/APN_S3/TB17/TB17_R3/APN_S3_TB17_R3_IMAG0198.JPG,Snapshot Safari 2024 Expansion : APN_S3#TB17#3#80,Snapshot Safari 2024 Expansion : APN_S3_TB17,0,african bush elephant,,9,train
https://storage.googleapis.com/public-datasets-lila/snapshot-safari-2024-expansion/MAD/MAD_S3/MAD06/MAD06_R09/MAD_S3_MAD06_R09_IMAG0953.JPG,Snapshot Safari 2024 Expansion : MAD/MAD_S3/MAD06/MAD06_R09/MAD_S3_MAD06_R09_IMAG0953.JPG,Snapshot Safari 2024 Expansion : MAD_S3#MAD06#09#318,Snapshot Safari 2024 Expansion : MAD_S3_MAD06,1,african bush elephant,,9,train
https://storage.googleapis.com/public-datasets-lila/snapshotserengeti-unzipped/S5/B04/B04_R1/S5_B04_R1_IMAG0086.JPG,Snapshot Serengeti : S5/B04/B04_R1/S5_B04_R1_IMAG0086,Snapshot Serengeti : SER_S5#B04#1#36,Snapshot Serengeti : B04,2,african bush elephant,06-07-2012 09:53:00,9,train
https://storage.googleapis.com/public-datasets-lila/snapshotserengeti-unzipped/SER_S11/G01/G01_R1/SER_S11_G01_R1_IMAG0388.JPG,Snapshot Serengeti : SER_S11/G01/G01_R1/SER_S11_G01_R1_IMAG0388,Snapshot Serengeti : SER_S11#G01#1#154,Snapshot Serengeti : G01,2,african bush elephant,08-19-2015 01:07:04,9,test
https://storage.googleapis.com/public-datasets-lila/snapshot-safari-2024-expansion/MAD/MAD_S3/H06/H06_R10/MAD_S3_H06_R10_IMAG0108.JPG,Snapshot Safari 2024 Expansion : MAD/MAD_S3/H06/H06_R10/MAD_S3_H06_R10_IMAG0108.JPG,Snapshot Safari 2024 Expansion : MAD_S3#H06#10#36,Snapshot Safari 2024 Expansion : MAD_S3_H06,2,african bush elephant,,9,train
https://storage.googleapis.com/public-datasets-lila/snapshot-safari-2024-expansion/Snapshot Cameo/EFA/EFA_S1/EFA08/EFA08_R26/EFA_S1_EFA08_R26_IMAG1174.JPG,Snapshot Safari 2024 Expansion : Snapshot Cameo/EFA/EFA_S1/EFA08/EFA08_R26/EFA_S1_EFA08_R26_IMAG1174.JPG,Snapshot Safari 2024 Expansion : EFA_S1#EFA08#26#204,Snapshot Safari 2024 Expansion : EFA_S1_EFA08,2,african bush elephant,,9,test
https://storage.googleapis.com/public-datasets-lila/snapshot-safari-2024-expansion/MAD/MAD_S1/MAD01/MAD01_R4/MAD_S1_MAD01_R4_IMAG0108.JPG,Snapshot Safari 2024 Expansion : MAD/MAD_S1/MAD01/MAD01_R4/MAD_S1_MAD01_R4_IMAG0108.JPG,Snapshot Safari 2024 Expansion : MAD_S1#MAD01#4#36,Snapshot Safari 2024 Expansion : MAD_S1_MAD01,2,african bush elephant,,9,train
https://storage.googleapis.com/public-datasets-lila/snapshot-safari-2024-expansion/MAD/MAD_S1/C04/C04_R4/MAD_S1_C04_R4_IMAG0472.JPG,Snapshot Safari 2024 Expansion : MAD/MAD_S1/C04/C04_R4/MAD_S1_C04_R4_IMAG0472.JPG,Snapshot Safari 2024 Expansion : MAD_S1#C04#4#158,Snapshot Safari 2024 Expansion : MAD_S1_C04,0,african bush elephant,,9,train
https://storage.googleapis.com/public-datasets-lila/snapshotserengeti-unzipped/S9/F07/F07_R3/S9_F07_R3_IMAG0163.JPG,Snapshot Serengeti : S9/F07/F07_R3/S9_F07_R3_IMAG0163,Snapshot Serengeti : SER_S9#F07#3#92,Snapshot Serengeti : F07,1,african bush elephant,12-25-2014 13:40:52,9,test
https://storage.googleapis.com/public-datasets-lila/snapshot-safari-2024-expansion/APN/APN_S2/WM/WM_R7/APN_S2_WM_R7_IMAG0280.JPG,Snapshot Safari 2024 Expansion : APN/APN_S2/WM/WM_R7/APN_S2_WM_R7_IMAG0280.JPG,Snapshot Safari 2024 Expansion : APN_S2#WM#7#112,Snapshot Safari 2024 Expansion : APN_S2_WM,0,african bush elephant,,9,train
https://storage.googleapis.com/public-datasets-lila/snapshot-safari-2024-expansion/MAD/MAD_S1/MAD03/MAD03_R3/MAD_S1_MAD03_R3_IMAG3266.JPG,Snapshot Safari 2024 Expansion : MAD/MAD_S1/MAD03/MAD03_R3/MAD_S1_MAD03_R3_IMAG3266.JPG,Snapshot Safari 2024 Expansion : MAD_S1#MAD03#3#1089,Snapshot Safari 2024 Expansion : MAD_S1_MAD03,1,african bush elephant,,9,train
https://storage.googleapis.com/public-datasets-lila/snapshotserengeti-unzipped/S7/B13/B13_R2/S7_B13_R2_IMAG0164.JPG,Snapshot Serengeti : S7/B13/B13_R2/S7_B13_R2_IMAG0164,Snapshot Serengeti : SER_S7#B13#2#57,Snapshot Serengeti : B13,1,african bush elephant,07-07-2013 18:20:11,9,train
https://storage.googleapis.com/public-datasets-lila/snapshotserengeti-unzipped/S5/E05/E05_R1/S5_E05_R1_IMAG0246.JPG,Snapshot Serengeti : S5/E05/E05_R1/S5_E05_R1_IMAG0246,Snapshot Serengeti : SER_S5#E05#1#119,Snapshot Serengeti : E05,2,african bush elephant,05-27-2012 15:59:00,9,test
https://storage.googleapis.com/public-datasets-lila/wcs-unzipped/animals/0232/1066.jpg,WCS Camera Traps : 1b8d287d-92d5-11e9-a0e6-000d3a74c7de,WCS Camera Traps : ken-010-d0010-53,WCS Camera Traps : 1331,11,african bush elephant,07-24-2011 12:20:32,9,train
https://storage.googleapis.com/public-datasets-lila/snapshot-safari-2024-expansion/APN/APN_S3/DW/DW_R11/APN_S3_DW_R11_IMAG0638.JPG,Snapshot Safari 2024 Expansion : APN/APN_S3/DW/DW_R11/APN_S3_DW_R11_IMAG0638.JPG,Snapshot Safari 2024 Expansion : APN_S3#DW#11#223,Snapshot Safari 2024 Expansion : APN_S3_DW,1,african bush elephant,,9,train
https://storage.googleapis.com/public-datasets-lila/snapshot-safari-2024-expansion/MAD/MAD_S2/MAD03/MAD03_R7/MAD_S2_MAD03_R7_IMAG2452.JPG,Snapshot Safari 2024 Expansion : MAD/MAD_S2/MAD03/MAD03_R7/MAD_S2_MAD03_R7_IMAG2452.JPG,Snapshot Safari 2024 Expansion : MAD_S2#MAD03#7#818,Snapshot Safari 2024 Expansion : MAD_S2_MAD03,0,african bush elephant,,9,train
https://storage.googleapis.com/public-datasets-lila/snapshotserengeti-unzipped/S2/K04/K04_R2/S2_K04_R2_PICT0075.JPG,Snapshot Serengeti : S2/K04/K04_R2/S2_K04_R2_PICT0075,Snapshot Serengeti : SER_S2#K04#2#25,Snapshot Serengeti : K04,3,african bush elephant,03-16-2011 20:39:48,9,train
https://storage.googleapis.com/public-datasets-lila/snapshot-safari-2024-expansion/MAD/MAD_S1/C04/C04_R3/MAD_S1_C04_R3_IMAG0498.JPG,Snapshot Safari 2024 Expansion : MAD/MAD_S1/C04/C04_R3/MAD_S1_C04_R3_IMAG0498.JPG,Snapshot Safari 2024 Expansion : MAD_S1#C04#3#166,Snapshot Safari 2024 Expansion : MAD_S1_C04,2,african bush elephant,,9,train
https://storage.googleapis.com/public-datasets-lila/snapshot-safari-2024-expansion/SER/SER_S12/G07/G07_R1/SER_S12_G07_R1_IMAG0020.JPG,Snapshot Safari 2024 Expansion : SER/SER_S12/G07/G07_R1/SER_S12_G07_R1_IMAG0020.JPG,Snapshot Safari 2024 Expansion : SER_S12#G07#1#18,Snapshot Safari 2024 Expansion : SER_S12_G07,0,african bush elephant,,9,train
https://storage.googleapis.com/public-datasets-lila/snapshotserengeti-unzipped/S4/B06/B06_R2/S4_B06_R2_IMAG0223.JPG,Snapshot Serengeti : S4/B06/B06_R2/S4_B06_R2_IMAG0223,Snapshot Serengeti : SER_S4#B06#2#127,Snapshot Serengeti : B06,3,african bush elephant,03-23-2012 10:08:59,9,train
https://storage.googleapis.com/public-datasets-lila/wcs-unzipped/animals/0345/1551.jpg,WCS Camera Traps : 4548d1cf-92d5-11e9-9c47-000d3a74c7de,WCS Camera Traps : ken-016-d0057-102,WCS Camera Traps : 1278,2,african bush elephant,03-03-2013 14:28:02,9,train
https://storage.googleapis.com/public-datasets-lila/snapshot-safari-2024-expansion/Snapshot Cameo/DEB/DEB_S1/D7/D7_R15/DEB_S1_D7_R15_IMAG0697.JPG,Snapshot Safari 2024 Expansion : Snapshot Cameo/DEB/DEB_S1/D7/D7_R15/DEB_S1_D7_R15_IMAG0697.JPG,Snapshot Safari 2024 Expansion : DEB_S1#D7#15#696,Snapshot Safari 2024 Expansion : DEB_S1_D7,0,african bush elephant,,9,train
https://storage.googleapis.com/public-datasets-lila/snapshotserengeti-unzipped/S5/I12/I12_R3/S5_I12_R3_IMAG0221.JPG,Snapshot Serengeti : S5/I12/I12_R3/S5_I12_R3_IMAG0221,Snapshot Serengeti : SER_S5#I12#3#89,Snapshot Serengeti : I12,3,african bush elephant,11-10-2012 12:31:58,9,train
https://storage.googleapis.com/public-datasets-lila/wcs-unzipped/animals/0264/1955.jpg,WCS Camera Traps : 27e17ba9-92d5-11e9-9e3f-000d3a74c7de,WCS Camera Traps : ken-010-d0077-91,WCS Camera Traps : 1392,8,african bush elephant,07-13-2011 13:17:16,9,train
https://storage.googleapis.com/public-datasets-lila/snapshot-safari-2024-expansion/APN/APN_S4/DW/DW_R13/APN_S4_DW_R13_IMAG0139.JPG,Snapshot Safari 2024 Expansion : APN/APN_S4/DW/DW_R13/APN_S4_DW_R13_IMAG0139.JPG,Snapshot Safari 2024 Expansion : APN_S4#DW#13#54,Snapshot Safari 2024 Expansion : APN_S4_DW,1,african bush elephant,,9,test
https://storage.googleapis.com/public-datasets-lila/snapshotserengeti-unzipped/S9/G12/G12_R2/S9_G12_R2_IMAG0621.JPG,Snapshot Serengeti : S9/G12/G12_R2/S9_G12_R2_IMAG0621,Snapshot Serengeti : SER_S9#G12#2#228,Snapshot Serengeti : G12,1,african bush elephant,09-01-2014 20:51:26,9,train
https://storage.googleapis.com/public-datasets-lila/snapshotserengeti-unzipped/S10/C03/C03_R2/S10_C03_R2_IMAG3218.JPG,Snapshot Serengeti : S10/C03/C03_R2/S10_C03_R2_IMAG3218,Snapshot Serengeti : SER_S10#C03#2#1292,Snapshot Serengeti : C03,3,african bush elephant,05-12-2015 07:22:05,9,train
https://storage.googleapis.com/public-datasets-lila/snapshot-safari-2024-expansion/APN/APN_S4/U24b/U24b_R14/APN_S4_U24b_R14_IMAG0016.JPG,Snapshot Safari 2024 Expansion : APN/APN_S4/U24b/U24b_R14/APN_S4_U24b_R14_IMAG0016.JPG,Snapshot Safari 2024 Expansion : APN_S4#U24b#14#7,Snapshot Safari 2024 Expansion : APN_S4_U24B,1,african bush elephant,,9,test
https://storage.googleapis.com/public-datasets-lila/snapshot-safari-2024-expansion/Snapshot Cameo/EFA/EFA_S1/EFA08/EFA08_R19/EFA_S1_EFA08_R19_IMAG1197.JPG,Snapshot Safari 2024 Expansion : Snapshot Cameo/EFA/EFA_S1/EFA08/EFA08_R19/EFA_S1_EFA08_R19_IMAG1197.JPG,Snapshot Safari 2024 Expansion : EFA_S1#EFA08#19#214,Snapshot Safari 2024 Expansion : EFA_S1_EFA08,1,african bush elephant,,9,test
https://storage.googleapis.com/public-datasets-lila/snapshot-safari-2024-expansion/MAD/MAD_S3/I04/I04_R10/MAD_S3_I04_R10_IMAG0122.JPG,Snapshot Safari 2024 Expansion : MAD/MAD_S3/I04/I04_R10/MAD_S3_I04_R10_IMAG0122.JPG,Snapshot Safari 2024 Expansion : MAD_S3#I04#10#41,Snapshot Safari 2024 Expansion : MAD_S3_I04,1,african bush elephant,,9,test
https://storage.googleapis.com/public-datasets-lila/snapshotserengeti-unzipped/S3/L11/L11_R12/S3_L11_R12_IMAG0355.JPG,Snapshot Serengeti : S3/L11/L11_R12/S3_L11_R12_IMAG0355,Snapshot Serengeti : SER_S3#L11#12#164,Snapshot Serengeti : L11,2,african bush elephant,12-20-2011 14:38:30,9,val
https://storage.googleapis.com/public-datasets-lila/snapshot-safari-2024-expansion/MAD/MAD_S3/MAD06/MAD06_R09/MAD_S3_MAD06_R09_IMAG1294.JPG,Snapshot Safari 2024 Expansion : MAD/MAD_S3/MAD06/MAD06_R09/MAD_S3_MAD06_R09_IMAG1294.JPG,Snapshot Safari 2024 Expansion : MAD_S3#MAD06#09#432,Snapshot Safari 2024 Expansion : MAD_S3_MAD06,0,african bush elephant,,9,train
https://storage.googleapis.com/public-datasets-lila/snapshotserengeti-unzipped/S2/E02/E02_R2/S2_E02_R2_PICT0245.JPG,Snapshot Serengeti : S2/E02/E02_R2/S2_E02_R2_PICT0245,Snapshot Serengeti : SER_S2#E02#2#83,Snapshot Serengeti : E02,3,african bush elephant,03-05-2011 16:08:12,9,test
https://storage.googleapis.com/public-datasets-lila/snapshot-safari-2024-expansion/PLN/PLN_S2/C02/C02_R5/PLN_S2_C02_R5_IMAG0969.JPG,Snapshot Safari 2024 Expansion : PLN/PLN_S2/C02/C02_R5/PLN_S2_C02_R5_IMAG0969.JPG,Snapshot Safari 2024 Expansion : PLN_S2#C02#5#412,Snapshot Safari 2024 Expansion : PLN_S2_C02,1,african bush elephant,,9,train
https://storage.googleapis.com/public-datasets-lila/snapshot-safari-2024-expansion/PLN/PLN_S2/E02/E02_R6/PLN_S2_E02_R6_IMAG0154.JPG,Snapshot Safari 2024 Expansion : PLN/PLN_S2/E02/E02_R6/PLN_S2_E02_R6_IMAG0154.JPG,Snapshot Safari 2024 Expansion : PLN_S2#E02#6#54,Snapshot Safari 2024 Expansion : PLN_S2_E02,0,african bush elephant,,9,train
https://storage.googleapis.com/public-datasets-lila/snapshotserengeti-unzipped/S4/D07/D07_R1/S4_D07_R1_IMAG0029.JPG,Snapshot Serengeti : S4/D07/D07_R1/S4_D07_R1_IMAG0029,Snapshot Serengeti : SER_S4#D07#1#11,Snapshot Serengeti : D07,2,african bush elephant,12-30-2011 16:29:05,9,train
https://storage.googleapis.com/public-datasets-lila/snapshot-safari-2024-expansion/SER/SER_S12/I06/I06_R1/SER_S12_I06_R1_IMAG0192.JPG,Snapshot Safari 2024 Expansion : SER/SER_S12/I06/I06_R1/SER_S12_I06_R1_IMAG0192.JPG,Snapshot Safari 2024 Expansion : SER_S12#I06#1#100,Snapshot Safari 2024 Expansion : SER_S12_I06,2,african bush elephant,,9,test
https://storage.googleapis.com/public-datasets-lila/snapshotserengeti-unzipped/S2/N06/N06_R1/S2_N06_R1_IMAG0131.JPG,Snapshot Serengeti : S2/N06/N06_R1/S2_N06_R1_IMAG0131,Snapshot Serengeti : SER_S2#N06#1#45,Snapshot Serengeti : N06,3,african bush elephant,03-23-2011 14:43:25,9,train
https://storage.googleapis.com/public-datasets-lila/snapshot-safari-2024-expansion/SER/SER_S12/K10/K10_R3/SER_S12_K10_R3_IMAG2246.JPG,Snapshot Safari 2024 Expansion : SER/SER_S12/K10/K10_R3/SER_S12_K10_R3_IMAG2246.JPG,Snapshot Safari 2024 Expansion : SER_S12#K10#3#2245,Snapshot Safari 2024 Expansion : SER_S12_K10,0,african bush elephant,,9,val
https://storage.googleapis.com/public-datasets-lila/snapshot-safari-2024-expansion/RUA/RUA_S1/M45/M45_R1/RUA_S1_M45_R1_IMAG1587.JPG,Snapshot Safari 2024 Expansion : RUA/RUA_S1/M45/M45_R1/RUA_S1_M45_R1_IMAG1587.JPG,Snapshot Safari 2024 Expansion : RUA_S1#M45#1#1587,Snapshot Safari 2024 Expansion : RUA_S1_M45,0,african bush elephant,,9,train
https://storage.googleapis.com/public-datasets-lila/wcs-unzipped/animals/0368/0485.jpg,WCS Camera Traps : 4d68b90f-92d5-11e9-871f-000d3a74c7de,WCS Camera Traps : ken-014-d0054-13,WCS Camera Traps : 2712,1,african bush elephant,07-14-2009 03:12:03,9,train
https://storage.googleapis.com/public-datasets-lila/snapshot-safari-2024-expansion/APN/APN_S2/N3/N3_R3/APN_S2_N3_R3_IMAG0080.JPG,Snapshot Safari 2024 Expansion : APN/APN_S2/N3/N3_R3/APN_S2_N3_R3_IMAG0080.JPG,Snapshot Safari 2024 Expansion : APN_S2#N3#3#29,Snapshot Safari 2024 Expansion : APN_S2_N3,1,african bush elephant,,9,train
https://storage.googleapis.com/public-datasets-lila/snapshot-safari-2024-expansion/MAD/MAD_S3/MAD06/MAD06_R09/MAD_S3_MAD06_R09_IMAG3576.JPG,Snapshot Safari 2024 Expansion : MAD/MAD_S3/MAD06/MAD06_R09/MAD_S3_MAD06_R09_IMAG3576.JPG,Snapshot Safari 2024 Expansion : MAD_S3#MAD06#09#1193,Snapshot Safari 2024 Expansion : MAD_S3_MAD06,0,african bush elephant,,9,train
https://storage.googleapis.com/public-datasets-lila/snapshot-safari-2024-expansion/Snapshot Cameo/EFA/EFA_S1/EFA07/EFA07_R41/EFA_S1_EFA07_R41_IMAG1119.JPG,Snapshot Safari 2024 Expansion : Snapshot Cameo/EFA/EFA_S1/EFA07/EFA07_R41/EFA_S1_EFA07_R41_IMAG1119.JPG,Snapshot Safari 2024 Expansion : EFA_S1#EFA07#41#283,Snapshot Safari 2024 Expansion : EFA_S1_EFA07,0,african bush elephant,,9,train
https://storage.googleapis.com/public-datasets-lila/snapshot-safari-2024-expansion/RUA/RUA_S1/M21/M21_R1/RUA_S1_M21_R1_IMAG2481.JPG,Snapshot Safari 2024 Expansion : RUA/RUA_S1/M21/M21_R1/RUA_S1_M21_R1_IMAG2481.JPG,Snapshot Safari 2024 Expansion : RUA_S1#M21#1#2481,Snapshot Safari 2024 Expansion : RUA_S1_M21,0,african bush elephant,,9,train
https://storage.googleapis.com/public-datasets-lila/snapshot-safari-2024-expansion/MAD/MAD_S2/MAD03/MAD03_R7/MAD_S2_MAD03_R7_IMAG5480.JPG,Snapshot Safari 2024 Expansion : MAD/MAD_S2/MAD03/MAD03_R7/MAD_S2_MAD03_R7_IMAG5480.JPG,Snapshot Safari 2024 Expansion : MAD_S2#MAD03#7#1827,Snapshot Safari 2024 Expansion : MAD_S2_MAD03,1,african bush elephant,,9,train
https://storage.googleapis.com/public-datasets-lila/snapshot-safari-2024-expansion/ENO/ENO_S3/E06/E06_R2/ENO_S3_E06_R2_IMAG0096.JPG,Snapshot Safari 2024 Expansion : ENO/ENO_S3/E06/E06_R2/ENO_S3_E06_R2_IMAG0096.JPG,Snapshot Safari 2024 Expansion : ENO_S3#E06#2#45,Snapshot Safari 2024 Expansion : ENO_S3_E06,1,african bush elephant,,9,train
https://storage.googleapis.com/public-datasets-lila/snapshot-safari-2024-expansion/APN/APN_S3/N3/N3_R8/APN_S3_N3_R8_IMAG0109.JPG,Snapshot Safari 2024 Expansion : APN/APN_S3/N3/N3_R8/APN_S3_N3_R8_IMAG0109.JPG,Snapshot Safari 2024 Expansion : APN_S3#N3#8#45,Snapshot Safari 2024 Expansion : APN_S3_N3,0,african bush elephant,,9,train
https://storage.googleapis.com/public-datasets-lila/snapshot-safari-2024-expansion/MAD/MAD_S2/MAD06/MAD06_R5/MAD_S2_MAD06_R5_IMAG2377.JPG,Snapshot Safari 2024 Expansion : MAD/MAD_S2/MAD06/MAD06_R5/MAD_S2_MAD06_R5_IMAG2377.JPG,Snapshot Safari 2024 Expansion : MAD_S2#MAD06#5#793,Snapshot Safari 2024 Expansion : MAD_S2_MAD06,0,african bush elephant,,9,val
https://storage.googleapis.com/public-datasets-lila/snapshotserengeti-unzipped/S6/M02/M02_R2/S6_M02_R2_IMAG0046.JPG,Snapshot Serengeti : S6/M02/M02_R2/S6_M02_R2_IMAG0046,Snapshot Serengeti : SER_S6#M02#2#16,Snapshot Serengeti : M02,3,african bush elephant,02-15-2013 06:49:04,9,test
https://storage.googleapis.com/public-datasets-lila/snapshot-safari-2024-expansion/SER/SER_S12/F06/F06_R1/SER_S12_F06_R1_IMAG0022.JPG,Snapshot Safari 2024 Expansion : SER/SER_S12/F06/F06_R1/SER_S12_F06_R1_IMAG0022.JPG,Snapshot Safari 2024 Expansion : SER_S12#F06#1#10,Snapshot Safari 2024 Expansion : SER_S12_F06,0,african bush elephant,,9,train
https://storage.googleapis.com/public-datasets-lila/snapshot-safari-2024-expansion/MAD/MAD_S1/G06/G06_R3/MAD_S1_G06_R3_IMAG0058.JPG,Snapshot Safari 2024 Expansion : MAD/MAD_S1/G06/G06_R3/MAD_S1_G06_R3_IMAG0058.JPG,Snapshot Safari 2024 Expansion : MAD_S1#G06#3#20,Snapshot Safari 2024 Expansion : MAD_S1_G06,0,african bush elephant,,9,val
https://storage.googleapis.com/public-datasets-lila/snapshotserengeti-unzipped/S2/I10/I10_R2/S2_I10_R2_IMAG0135.JPG,Snapshot Serengeti : S2/I10/I10_R2/S2_I10_R2_IMAG0135,Snapshot Serengeti : SER_S2#I10#2#55,Snapshot Serengeti : I10,3,african bush elephant,03-26-2011 18:31:35,9,train
https://storage.googleapis.com/public-datasets-lila/snapshot-safari-2024-expansion/MAD/MAD_S3/MAD04/MAD04_R08/MAD_S3_MAD04_R08_IMAG1514.JPG,Snapshot Safari 2024 Expansion : MAD/MAD_S3/MAD04/MAD04_R08/MAD_S3_MAD04_R08_IMAG1514.JPG,Snapshot Safari 2024 Expansion : MAD_S3#MAD04#08#505,Snapshot Safari 2024 Expansion : MAD_S3_MAD04,1,african bush elephant,,9,train
https://storage.googleapis.com/public-datasets-lila/snapshot-safari-2024-expansion/Snapshot Cameo/EFA/EFA_S1/EFA03/EFA03_R29/EFA_S1_EFA03_R29_IMAG0035.JPG,Snapshot Safari 2024 Expansion : Snapshot Cameo/EFA/EFA_S1/EFA03/EFA03_R29/EFA_S1_EFA03_R29_IMAG0035.JPG,Snapshot Safari 2024 Expansion : EFA_S1#EFA03#29#16,Snapshot Safari 2024 Expansion : EFA_S1_EFA03,1,african bush elephant,,9,train
https://storage.googleapis.com/public-datasets-lila/snapshot-safari-2024-expansion/APN/APN_S4/DW/DW_R13/APN_S4_DW_R13_IMAG0185.JPG,Snapshot Safari 2024 Expansion : APN/APN_S4/DW/DW_R13/APN_S4_DW_R13_IMAG0185.JPG,Snapshot Safari 2024 Expansion : APN_S4#DW#13#69,Snapshot Safari 2024 Expansion : APN_S4_DW,2,african bush elephant,,9,test
https://storage.googleapis.com/public-datasets-lila/snapshot-safari-2024-expansion/Snapshot Cameo/EFA/EFA_S1/EFA08/EFA08_R20/EFA_S1_EFA08_R20_IMAG0899.JPG,Snapshot Safari 2024 Expansion : Snapshot Cameo/EFA/EFA_S1/EFA08/EFA08_R20/EFA_S1_EFA08_R20_IMAG0899.JPG,Snapshot Safari 2024 Expansion : EFA_S1#EFA08#20#169,Snapshot Safari 2024 Expansion : EFA_S1_EFA08,0,african bush elephant,,9,test
https://storage.googleapis.com/public-datasets-lila/snapshot-safari-2024-expansion/MAD/MAD_S2/MAD06/MAD06_R6/MAD_S2_MAD06_R6_IMAG5305.JPG,Snapshot Safari 2024 Expansion : MAD/MAD_S2/MAD06/MAD06_R6/MAD_S2_MAD06_R6_IMAG5305.JPG,Snapshot Safari 2024 Expansion : MAD_S2#MAD06#6#1769,Snapshot Safari 2024 Expansion : MAD_S2_MAD06,0,african bush elephant,,9,val
https://storage.googleapis.com/public-datasets-lila/snapshotserengeti-unzipped/S4/R06/R06_R2/S4_R06_R2_IMAG1138.JPG,Snapshot Serengeti : S4/R06/R06_R2/S4_R06_R2_IMAG1138,Snapshot Serengeti : SER_S4#R06#2#430,Snapshot Serengeti : R06,1,african bush elephant,05-18-2012 08:53:55,9,train
https://storage.googleapis.com/public-datasets-lila/snapshotserengeti-unzipped/S5/I12/I12_R1/S5_I12_R1_IMAG0400.JPG,Snapshot Serengeti : S5/I12/I12_R1/S5_I12_R1_IMAG0400,Snapshot Serengeti : SER_S5#I12#1#144,Snapshot Serengeti : I12,2,african bush elephant,06-08-2012 12:15:52,9,train
https://storage.googleapis.com/public-datasets-lila/snapshot-safari-2024-expansion/MAD/MAD_S1/MAD03/MAD03_R4/MAD_S1_MAD03_R4_IMAG2208.JPG,Snapshot Safari 2024 Expansion : MAD/MAD_S1/MAD03/MAD03_R4/MAD_S1_MAD03_R4_IMAG2208.JPG,Snapshot Safari 2024 Expansion : MAD_S1#MAD03#4#737,Snapshot Safari 2024 Expansion : MAD_S1_MAD03,1,african bush elephant,,9,train
https://storage.googleapis.com/public-datasets-lila/snapshotserengeti-unzipped/SER_S11/C12/C12_R1/SER_S11_C12_R1_IMAG0514.JPG,Snapshot Serengeti : SER_S11/C12/C12_R1/SER_S11_C12_R1_IMAG0514,Snapshot Serengeti : SER_S11#C12#1#219,Snapshot Serengeti : C12,1,african bush elephant,10-02-2015 18:32:39,9,train
https://storage.googleapis.com/public-datasets-lila/snapshot-safari-2024-expansion/Snapshot Cameo/EFA/EFA_S1/EFA07/EFA07_R2/EFA_S1_EFA07_R2_IMAG2210.JPG,Snapshot Safari 2024 Expansion : Snapshot Cameo/EFA/EFA_S1/EFA07/EFA07_R2/EFA_S1_EFA07_R2_IMAG2210.JPG,Snapshot Safari 2024 Expansion : EFA_S1#EFA07#2#513,Snapshot Safari 2024 Expansion : EFA_S1_EFA07,0,african bush elephant,,9,train
https://storage.googleapis.com/public-datasets-lila/snapshotserengeti-unzipped/S10/P10/P10_R2/S10_P10_R2_IMAG2464.JPG,Snapshot Serengeti : S10/P10/P10_R2/S10_P10_R2_IMAG2464,Snapshot Serengeti : SER_S10#P10#2#889,Snapshot Serengeti : P10,3,african bush elephant,06-29-2015 13:42:17,9,test
https://storage.googleapis.com/public-datasets-lila/snapshot-safari-2024-expansion/APN/APN_S4/DW/DW_R14/APN_S4_DW_R14_IMAG0306.JPG,Snapshot Safari 2024 Expansion : APN/APN_S4/DW/DW_R14/APN_S4_DW_R14_IMAG0306.JPG,Snapshot Safari 2024 Expansion : APN_S4#DW#14#117,Snapshot Safari 2024 Expansion : APN_S4_DW,0,african bush elephant,,9,test
https://storage.googleapis.com/public-datasets-lila/snapshotserengeti-unzipped/S3/L11/L11_R12/S3_L11_R12_IMAG0682.JPG,Snapshot Serengeti : S3/L11/L11_R12/S3_L11_R12_IMAG0682,Snapshot Serengeti : SER_S3#L11#12#273,Snapshot Serengeti : L11,2,african bush elephant,12-31-2011 10:54:16,9,val
https://storage.googleapis.com/public-datasets-lila/snapshot-safari-2024-expansion/Snapshot Cameo/DEB/DEB_S1/F9/F9_R52/DEB_S1_F9_R52_IMAG0437.JPG,Snapshot Safari 2024 Expansion : Snapshot Cameo/DEB/DEB_S1/F9/F9_R52/DEB_S1_F9_R52_IMAG0437.JPG,Snapshot Safari 2024 Expansion : DEB_S1#F9#52#437,Snapshot Safari 2024 Expansion : DEB_S1_F9,0,african bush elephant,,9,train
https://storage.googleapis.com/public-datasets-lila/snapshotserengeti-unzipped/S6/L04/L04_R1/S6_L04_R1_IMAG0526.JPG,Snapshot Serengeti : S6/L04/L04_R1/S6_L04_R1_IMAG0526,Snapshot Serengeti : SER_S6#L04#1#198,Snapshot Serengeti : L04,1,african bush elephant,01-31-2013 12:24:35,9,val
https://storage.googleapis.com/public-datasets-lila/snapshotserengeti-unzipped/S7/P13/P13_R3/S7_P13_R3_IMAG0138.JPG,Snapshot Serengeti : S7/P13/P13_R3/S7_P13_R3_IMAG0138,Snapshot Serengeti : SER_S7#P13#3#60,Snapshot Serengeti : P13,3,african bush elephant,09-30-2013 12:28:54,9,train
https://storage.googleapis.com/public-datasets-lila/snapshotserengeti-unzipped/S3/F12/F12_R11/S3_F12_R11_IMAG0282.JPG,Snapshot Serengeti : S3/F12/F12_R11/S3_F12_R11_IMAG0282,Snapshot Serengeti : SER_S3#F12#11#129,Snapshot Serengeti : F12,1,african bush elephant,10-29-2011 15:07:12,9,train
https://storage.googleapis.com/public-datasets-lila/snapshot-safari-2024-expansion/MAD/MAD_S3/MAD03/MAD03_R09/MAD_S3_MAD03_R09_IMAG1282.JPG,Snapshot Safari 2024 Expansion : MAD/MAD_S3/MAD03/MAD03_R09/MAD_S3_MAD03_R09_IMAG1282.JPG,Snapshot Safari 2024 Expansion : MAD_S3#MAD03#09#428,Snapshot Safari 2024 Expansion : MAD_S3_MAD03,2,african bush elephant,,9,train
https://storage.googleapis.com/public-datasets-lila/snapshot-safari-2024-expansion/Snapshot Cameo/EFA/EFA_S1/EFA08/EFA08_R33/EFA_S1_EFA08_R33_IMAG0694.JPG,Snapshot Safari 2024 Expansion : Snapshot Cameo/EFA/EFA_S1/EFA08/EFA08_R33/EFA_S1_EFA08_R33_IMAG0694.JPG,Snapshot Safari 2024 Expansion : EFA_S1#EFA08#33#144,Snapshot Safari 2024 Expansion : EFA_S1_EFA08,0,african bush elephant,,9,test
https://storage.googleapis.com/public-datasets-lila/snapshot-safari-2024-expansion/SER/SER_S12/E06/E06_R2/SER_S12_E06_R2_IMAG0286.JPG,Snapshot Safari 2024 Expansion : SER/SER_S12/E06/E06_R2/SER_S12_E06_R2_IMAG0286.JPG,Snapshot Safari 2024 Expansion : SER_S12#E06#2#284,Snapshot Safari 2024 Expansion : SER_S12_E06,0,african bush elephant,,9,train
https://storage.googleapis.com/public-datasets-lila/snapshot-safari-2024-expansion/Snapshot Cameo/EFA/EFA_S1/EFA08/EFA08_R25/EFA_S1_EFA08_R25_IMAG7346.JPG,Snapshot Safari 2024 Expansion : Snapshot Cameo/EFA/EFA_S1/EFA08/EFA08_R25/EFA_S1_EFA08_R25_IMAG7346.JPG,Snapshot Safari 2024 Expansion : EFA_S1#EFA08#25#1086,Snapshot Safari 2024 Expansion : EFA_S1_EFA08,1,african bush elephant,,9,test
https://storage.googleapis.com/public-datasets-lila/snapshot-safari-2024-expansion/MAD/MAD_S2/MAD03/MAD03_R5/MAD_S2_MAD03_R5_IMAG1529.JPG,Snapshot Safari 2024 Expansion : MAD/MAD_S2/MAD03/MAD03_R5/MAD_S2_MAD03_R5_IMAG1529.JPG,Snapshot Safari 2024 Expansion : MAD_S2#MAD03#5#510,Snapshot Safari 2024 Expansion : MAD_S2_MAD03,1,african bush elephant,,9,train
https://storage.googleapis.com/public-datasets-lila/snapshot-safari-2024-expansion/MAD/MAD_S2/MAD05/MAD05_R5/MAD_S2_MAD05_R5_IMAG0689.JPG,Snapshot Safari 2024 Expansion : MAD/MAD_S2/MAD05/MAD05_R5/MAD_S2_MAD05_R5_IMAG0689.JPG,Snapshot Safari 2024 Expansion : MAD_S2#MAD05#5#230,Snapshot Safari 2024 Expansion : MAD_S2_MAD05,1,african bush elephant,,9,val
https://storage.googleapis.com/public-datasets-lila/snapshot-safari-2024-expansion/MAD/MAD_S3/MAD06/MAD06_R08/MAD_S3_MAD06_R08_IMAG2053.JPG,Snapshot Safari 2024 Expansion : MAD/MAD_S3/MAD06/MAD06_R08/MAD_S3_MAD06_R08_IMAG2053.JPG,Snapshot Safari 2024 Expansion : MAD_S3#MAD06#08#685,Snapshot Safari 2024 Expansion : MAD_S3_MAD06,0,african bush elephant,,9,train
https://storage.googleapis.com/public-datasets-lila/snapshotserengeti-unzipped/S5/C04/C04_R3/S5_C04_R3_IMAG0962.JPG,Snapshot Serengeti : S5/C04/C04_R3/S5_C04_R3_IMAG0962,Snapshot Serengeti : SER_S5#C04#3#337,Snapshot Serengeti : C04,2,african bush elephant,10-22-2012 16:18:44,9,train
https://storage.googleapis.com/public-datasets-lila/snapshot-safari-2024-expansion/MAD/MAD_S1/MAD06/MAD06_R3/MAD_S1_MAD06_R3_IMAG1213.JPG,Snapshot Safari 2024 Expansion : MAD/MAD_S1/MAD06/MAD06_R3/MAD_S1_MAD06_R3_IMAG1213.JPG,Snapshot Safari 2024 Expansion : MAD_S1#MAD06#3#405,Snapshot Safari 2024 Expansion : MAD_S1_MAD06,0,african bush elephant,,9,test
https://storage.googleapis.com/public-datasets-lila/snapshot-safari-2024-expansion/SER/SER_S13/B05/B05_R1/SER_S13_B05_R1_IMAG2842.JPG,Snapshot Safari 2024 Expansion : SER/SER_S13/B05/B05_R1/SER_S13_B05_R1_IMAG2842.JPG,Snapshot Safari 2024 Expansion : SER_S13#B05#1#2840,Snapshot Safari 2024 Expansion : SER_S13_B05,0,african bush elephant,,9,train
https://storage.googleapis.com/public-datasets-lila/snapshot-safari-2024-expansion/MAD/MAD_S2/MAD06/MAD06_R5/MAD_S2_MAD06_R5_IMAG3731.JPG,Snapshot Safari 2024 Expansion : MAD/MAD_S2/MAD06/MAD06_R5/MAD_S2_MAD06_R5_IMAG3731.JPG,Snapshot Safari 2024 Expansion : MAD_S2#MAD06#5#1244,Snapshot Safari 2024 Expansion : MAD_S2_MAD06,1,african bush elephant,,9,val
https://storage.googleapis.com/public-datasets-lila/snapshot-safari-2024-expansion/Snapshot Cameo/EFA/EFA_S1/EFA08/EFA08_R14/EFA_S1_EFA08_R14_IMAG2493.JPG,Snapshot Safari 2024 Expansion : Snapshot Cameo/EFA/EFA_S1/EFA08/EFA08_R14/EFA_S1_EFA08_R14_IMAG2493.JPG,Snapshot Safari 2024 Expansion : EFA_S1#EFA08#14#477,Snapshot Safari 2024 Expansion : EFA_S1_EFA08,0,african bush elephant,,9,test
https://storage.googleapis.com/public-datasets-lila/snapshot-safari-2024-expansion/Snapshot Cameo/EFA/EFA_S1/EFA07/EFA07_R35/EFA_S1_EFA07_R35_IMAG1921.JPG,Snapshot Safari 2024 Expansion : Snapshot Cameo/EFA/EFA_S1/EFA07/EFA07_R35/EFA_S1_EFA07_R35_IMAG1921.JPG,Snapshot Safari 2024 Expansion : EFA_S1#EFA07#35#620,Snapshot Safari 2024 Expansion : EFA_S1_EFA07,2,african bush elephant,,9,train
https://storage.googleapis.com/public-datasets-lila/snapshot-safari-2024-expansion/APN/APN_S3/K023/K023_R10/APN_S3_K023_R10_IMAG0226.JPG,Snapshot Safari 2024 Expansion : APN/APN_S3/K023/K023_R10/APN_S3_K023_R10_IMAG0226.JPG,Snapshot Safari 2024 Expansion : APN_S3#K023#10#85,Snapshot Safari 2024 Expansion : APN_S3_K023,0,african bush elephant,,9,train
https://storage.googleapis.com/public-datasets-lila/snapshotserengeti-unzipped/S7/L05/L05_R3/S7_L05_R3_IMAG0037.JPG,Snapshot Serengeti : S7/L05/L05_R3/S7_L05_R3_IMAG0037,Snapshot Serengeti : SER_S7#L05#3#13,Snapshot Serengeti : L05,1,african bush elephant,09-10-2013 13:48:51,9,train
https://storage.googleapis.com/public-datasets-lila/snapshot-safari-2024-expansion/Snapshot Cameo/EFA/EFA_S1/EFA08/EFA08_R2/EFA_S1_EFA08_R2_IMAG0534.JPG,Snapshot Safari 2024 Expansion : Snapshot Cameo/EFA/EFA_S1/EFA08/EFA08_R2/EFA_S1_EFA08_R2_IMAG0534.JPG,Snapshot Safari 2024 Expansion : EFA_S1#EFA08#2#123,Snapshot Safari 2024 Expansion : EFA_S1_EFA08,0,african bush elephant,,9,test
https://storage.googleapis.com/public-datasets-lila/wcs-unzipped/animals/0375/0632.jpg,WCS Camera Traps : 4ff38315-92d5-11e9-a5d7-000d3a74c7de,WCS Camera Traps : ken-014-d0140-50,WCS Camera Traps : 2754,11,african bush elephant,09-21-2009 17:53:33,9,train
https://storage.googleapis.com/public-datasets-lila/snapshot-safari-2024-expansion/Snapshot Cameo/EFA/EFA_S1/EFA08/EFA08_R19/EFA_S1_EFA08_R19_IMAG0170.JPG,Snapshot Safari 2024 Expansion : Snapshot Cameo/EFA/EFA_S1/EFA08/EFA08_R19/EFA_S1_EFA08_R19_IMAG0170.JPG,Snapshot Safari 2024 Expansion : EFA_S1#EFA08#19#34,Snapshot Safari 2024 Expansion : EFA_S1_EFA08,0,african bush elephant,,9,test
https://storage.googleapis.com/public-datasets-lila/snapshotserengeti-unzipped/S7/H08/H08_R2/S7_H08_R2_IMAG0256.JPG,Snapshot Serengeti : S7/H08/H08_R2/S7_H08_R2_IMAG0256,Snapshot Serengeti : SER_S7#H08#2#90,Snapshot Serengeti : H08,1,african bush elephant,07-23-2013 17:27:56,9,train
https://storage.googleapis.com/public-datasets-lila/snapshot-safari-2024-expansion/APN/APN_S3/TB14/TB14_R2/APN_S3_TB14_R2_IMAG0715.JPG,Snapshot Safari 2024 Expansion : APN/APN_S3/TB14/TB14_R2/APN_S3_TB14_R2_IMAG0715.JPG,Snapshot Safari 2024 Expansion : APN_S3#TB14#2#271,Snapshot Safari 2024 Expansion : APN_S3_TB14,0,african bush elephant,,9,train
https://storage.googleapis.com/public-datasets-lila/snapshot-safari-2024-expansion/Snapshot Cameo/EFA/EFA_S1/EFA06/EFA06_R37/EFA_S1_EFA06_R37_IMAG0303.JPG,Snapshot Safari 2024 Expansion : Snapshot Cameo/EFA/EFA_S1/EFA06/EFA06_R37/EFA_S1_EFA06_R37_IMAG0303.JPG,Snapshot Safari 2024 Expansion : EFA_S1#EFA06#37#88,Snapshot Safari 2024 Expansion : EFA_S1_EFA06,0,african bush elephant,,9,train
https://storage.googleapis.com/public-datasets-lila/snapshot-safari-2024-expansion/MAD/MAD_S3/MAD06/MAD06_R09/MAD_S3_MAD06_R09_IMAG2529.JPG,Snapshot Safari 2024 Expansion : MAD/MAD_S3/MAD06/MAD06_R09/MAD_S3_MAD06_R09_IMAG2529.JPG,Snapshot Safari 2024 Expansion : MAD_S3#MAD06#09#844,Snapshot Safari 2024 Expansion : MAD_S3_MAD06,0,african bush elephant,,9,train
https://storage.googleapis.com/public-datasets-lila/snapshot-safari-2024-expansion/SER/SER_S12/F01/F01_R3/SER_S12_F01_R3_IMAG1015.JPG,Snapshot Safari 2024 Expansion : SER/SER_S12/F01/F01_R3/SER_S12_F01_R3_IMAG1015.JPG,Snapshot Safari 2024 Expansion : SER_S12#F01#3#1013,Snapshot Safari 2024 Expansion : SER_S12_F01,0,african bush elephant,,9,test
https://storage.googleapis.com/public-datasets-lila/snapshot-safari-2024-expansion/Snapshot Cameo/EFA/EFA_S1/EFA08/EFA08_R10/EFA_S1_EFA08_R10_IMAG0301.JPG,Snapshot Safari 2024 Expansion : Snapshot Cameo/EFA/EFA_S1/EFA08/EFA08_R10/EFA_S1_EFA08_R10_IMAG0301.JPG,Snapshot Safari 2024 Expansion : EFA_S1#EFA08#10#111,Snapshot Safari 2024 Expansion : EFA_S1_EFA08,2,african bush elephant,,9,test
https://storage.googleapis.com/public-datasets-lila/snapshot-safari-2024-expansion/ENO/ENO_S2/E06/E06_R1/ENO_S2_E06_R1_IMAG0910.JPG,Snapshot Safari 2024 Expansion : ENO/ENO_S2/E06/E06_R1/ENO_S2_E06_R1_IMAG0910.JPG,Snapshot Safari 2024 Expansion : ENO_S2#E06#1#368,Snapshot Safari 2024 Expansion : ENO_S2_E06,2,african bush elephant,,9,train
https://storage.googleapis.com/public-datasets-lila/snapshot-safari-2024-expansion/MAD/MAD_S1/H06/H06_R2/MAD_S1_H06_R2_IMAG0109.JPG,Snapshot Safari 2024 Expansion : MAD/MAD_S1/H06/H06_R2/MAD_S1_H06_R2_IMAG0109.JPG,Snapshot Safari 2024 Expansion : MAD_S1#H06#2#41,Snapshot Safari 2024 Expansion : MAD_S1_H06,2,african bush elephant,,9,train
https://storage.googleapis.com/public-datasets-lila/snapshot-safari-2024-expansion/Snapshot Cameo/EFA/EFA_S1/EFA07/EFA07_R47/EFA_S1_EFA07_R47_IMAG0123.JPG,Snapshot Safari 2024 Expansion : Snapshot Cameo/EFA/EFA_S1/EFA07/EFA07_R47/EFA_S1_EFA07_R47_IMAG0123.JPG,Snapshot Safari 2024 Expansion : EFA_S1#EFA07#47#41,Snapshot Safari 2024 Expansion : EFA_S1_EFA07,1,african bush elephant,,9,train
https://storage.googleapis.com/public-datasets-lila/snapshotserengeti-unzipped/S6/H08/H08_R2/S6_H08_R2_IMAG0124.JPG,Snapshot Serengeti : S6/H08/H08_R2/S6_H08_R2_IMAG0124,Snapshot Serengeti : SER_S6#H08#2#46,Snapshot Serengeti : H08,1,african bush elephant,03-03-2013 14:03:41,9,train
https://storage.googleapis.com/public-datasets-lila/snapshotserengeti-unzipped/S6/R06/R06_R1/S6_R06_R1_IMAG0173.JPG,Snapshot Serengeti : S6/R06/R06_R1/S6_R06_R1_IMAG0173,Snapshot Serengeti : SER_S6#R06#1#61,Snapshot Serengeti : R06,3,african bush elephant,12-24-2012 18:41:08,9,train
https://storage.googleapis.com/public-datasets-lila/snapshot-safari-2024-expansion/MAD/MAD_S1/C04/C04_R3/MAD_S1_C04_R3_IMAG0538.JPG,Snapshot Safari 2024 Expansion : MAD/MAD_S1/C04/C04_R3/MAD_S1_C04_R3_IMAG0538.JPG,Snapshot Safari 2024 Expansion : MAD_S1#C04#3#180,Snapshot Safari 2024 Expansion : MAD_S1_C04,0,african bush elephant,,9,train
https://storage.googleapis.com/public-datasets-lila/snapshotserengeti-unzipped/SER_S11/M07/M07_R2/SER_S11_M07_R2_IMAG0859.JPG,Snapshot Serengeti : SER_S11/M07/M07_R2/SER_S11_M07_R2_IMAG0859,Snapshot Serengeti : SER_S11#M07#2#297,Snapshot Serengeti : M07,2,african bush elephant,10-24-2015 15:21:04,9,train
https://storage.googleapis.com/public-datasets-lila/snapshot-safari-2024-expansion/MAD/MAD_S2/MAD06/MAD06_R7/MAD_S2_MAD06_R7_IMAG1683.JPG,Snapshot Safari 2024 Expansion : MAD/MAD_S2/MAD06/MAD06_R7/MAD_S2_MAD06_R7_IMAG1683.JPG,Snapshot Safari 2024 Expansion : MAD_S2#MAD06#7#561,Snapshot Safari 2024 Expansion : MAD_S2_MAD06,2,african bush elephant,,9,val
https://storage.googleapis.com/public-datasets-lila/snapshot-safari-2024-expansion/Snapshot Cameo/EFA/EFA_S1/EFA06/EFA06_R36/EFA_S1_EFA06_R36_IMAG0720.JPG,Snapshot Safari 2024 Expansion : Snapshot Cameo/EFA/EFA_S1/EFA06/EFA06_R36/EFA_S1_EFA06_R36_IMAG0720.JPG,Snapshot Safari 2024 Expansion : EFA_S1#EFA06#36#217,Snapshot Safari 2024 Expansion : EFA_S1_EFA06,0,african bush elephant,,9,train
https://storage.googleapis.com/public-datasets-lila/snapshot-safari-2024-expansion/MAD/MAD_S1/MAD01/MAD01_R3/MAD_S1_MAD01_R3_IMAG1360.JPG,Snapshot Safari 2024 Expansion : MAD/MAD_S1/MAD01/MAD01_R3/MAD_S1_MAD01_R3_IMAG1360.JPG,Snapshot Safari 2024 Expansion : MAD_S1#MAD01#3#454,Snapshot Safari 2024 Expansion : MAD_S1_MAD01,0,african bush elephant,,9,train
https://storage.googleapis.com/public-datasets-lila/snapshot-safari-2024-expansion/MAD/MAD_S1/MAD01/MAD01_R4/MAD_S1_MAD01_R4_IMAG0922.JPG,Snapshot Safari 2024 Expansion : MAD/MAD_S1/MAD01/MAD01_R4/MAD_S1_MAD01_R4_IMAG0922.JPG,Snapshot Safari 2024 Expansion : MAD_S1#MAD01#4#308,Snapshot Safari 2024 Expansion : MAD_S1_MAD01,0,african bush elephant,,9,train
https://storage.googleapis.com/public-datasets-lila/snapshot-safari-2024-expansion/PLN/PLN_S2/C02/C02_R5/PLN_S2_C02_R5_IMAG0155.JPG,Snapshot Safari 2024 Expansion : PLN/PLN_S2/C02/C02_R5/PLN_S2_C02_R5_IMAG0155.JPG,Snapshot Safari 2024 Expansion : PLN_S2#C02#5#63,Snapshot Safari 2024 Expansion : PLN_S2_C02,0,african bush elephant,,9,train
https://storage.googleapis.com/public-datasets-lila/snapshot-safari-2024-expansion/APN/APN_S4/JJ7/JJ7_R14/APN_S4_JJ7_R14_IMAG0230.JPG,Snapshot Safari 2024 Expansion : APN/APN_S4/JJ7/JJ7_R14/APN_S4_JJ7_R14_IMAG0230.JPG,Snapshot Safari 2024 Expansion : APN_S4#JJ7#14#107,Snapshot Safari 2024 Expansion : APN_S4_JJ7,1,african bush elephant,,9,test
https://storage.googleapis.com/public-datasets-lila/snapshot-safari-2024-expansion/APN/APN_S4/WM/WM_R14/APN_S4_WM_R14_IMAG0196.JPG,Snapshot Safari 2024 Expansion : APN/APN_S4/WM/WM_R14/APN_S4_WM_R14_IMAG0196.JPG,Snapshot Safari 2024 Expansion : APN_S4#WM#14#78,Snapshot Safari 2024 Expansion : APN_S4_WM,2,african bush elephant,,9,train
https://storage.googleapis.com/public-datasets-lila/snapshot-safari-2024-expansion/Snapshot Cameo/EFA/EFA_S1/EFA03/EFA03_R30/EFA_S1_EFA03_R30_IMAG0080.JPG,Snapshot Safari 2024 Expansion : Snapshot Cameo/EFA/EFA_S1/EFA03/EFA03_R30/EFA_S1_EFA03_R30_IMAG0080.JPG,Snapshot Safari 2024 Expansion : EFA_S1#EFA03#30#27,Snapshot Safari 2024 Expansion : EFA_S1_EFA03,1,african bush elephant,,9,train
https://storage.googleapis.com/public-datasets-lila/wcs-unzipped/animals/0336/0214.jpg,WCS Camera Traps : 41c02539-92d5-11e9-bc81-000d3a74c7de,WCS Camera Traps : ken-016-d0013-69,WCS Camera Traps : 1231,12,african bush elephant,02-07-2013 00:48:58,9,train
https://storage.googleapis.com/public-datasets-lila/snapshotserengeti-unzipped/S5/I12/I12_R1/S5_I12_R1_IMAG0106.JPG,Snapshot Serengeti : S5/I12/I12_R1/S5_I12_R1_IMAG0106,Snapshot Serengeti : SER_S5#I12#1#34,Snapshot Serengeti : I12,2,african bush elephant,06-01-2012 13:14:04,9,train
https://storage.googleapis.com/public-datasets-lila/snapshot-safari-2024-expansion/APN/APN_S2/U64c/U64c_R7/APN_S2_U64c_R7_IMAG0002.JPG,Snapshot Safari 2024 Expansion : APN/APN_S2/U64c/U64c_R7/APN_S2_U64c_R7_IMAG0002.JPG,Snapshot Safari 2024 Expansion : APN_S2#U64c#7#2,Snapshot Safari 2024 Expansion : APN_S2_U64C,0,african bush elephant,,9,train
https://storage.googleapis.com/public-datasets-lila/snapshotserengeti-unzipped/S3/J12/J12_R11/S3_J12_R11_IMAG0102.JPG,Snapshot Serengeti : S3/J12/J12_R11/S3_J12_R11_IMAG0102,Snapshot Serengeti : SER_S3#J12#11#49,Snapshot Serengeti : J12,2,african bush elephant,09-23-2011 11:07:06,9,train
https://storage.googleapis.com/public-datasets-lila/snapshot-safari-2024-expansion/APN/APN_S4/G3/G3_R7/APN_S4_G3_R7_IMAG0226.JPG,Snapshot Safari 2024 Expansion : APN/APN_S4/G3/G3_R7/APN_S4_G3_R7_IMAG0226.JPG,Snapshot Safari 2024 Expansion : APN_S4#G3#7#102,Snapshot Safari 2024 Expansion : APN_S4_G3,0,african bush elephant,,9,train
https://storage.googleapis.com/public-datasets-lila/snapshot-safari-2024-expansion/APN/APN_S4/JJ6/JJ6_R14/APN_S4_JJ6_R14_IMAG0412.JPG,Snapshot Safari 2024 Expansion : APN/APN_S4/JJ6/JJ6_R14/APN_S4_JJ6_R14_IMAG0412.JPG,Snapshot Safari 2024 Expansion : APN_S4#JJ6#14#166,Snapshot Safari 2024 Expansion : APN_S4_JJ6,0,african bush elephant,,9,train
https://storage.googleapis.com/public-datasets-lila/snapshot-safari-2024-expansion/SER/SER_S12/D06/D06_R3/SER_S12_D06_R3_IMAG1763.JPG,Snapshot Safari 2024 Expansion : SER/SER_S12/D06/D06_R3/SER_S12_D06_R3_IMAG1763.JPG,Snapshot Safari 2024 Expansion : SER_S12#D06#3#1761,Snapshot Safari 2024 Expansion : SER_S12_D06,0,african bush elephant,,9,train
https://storage.googleapis.com/public-datasets-lila/snapshotserengeti-unzipped/S10/K08/K08_R2/S10_K08_R2_IMAG0315.JPG,Snapshot Serengeti : S10/K08/K08_R2/S10_K08_R2_IMAG0315,Snapshot Serengeti : SER_S10#K08#2#114,Snapshot Serengeti : K08,1,african bush elephant,05-29-2015 07:57:26,9,train
https://storage.googleapis.com/public-datasets-lila/wcs-unzipped/animals/0293/0594.jpg,WCS Camera Traps : 323f162a-92d5-11e9-b4d4-000d3a74c7de,WCS Camera Traps : ken-006-d0086-8,WCS Camera Traps : 1487,2,african bush elephant,02-05-2011 19:15:26,9,train
https://storage.googleapis.com/public-datasets-lila/wcs-unzipped/animals/0370/1696.jpg,WCS Camera Traps : 4e5849aa-92d5-11e9-aa76-000d3a74c7de,WCS Camera Traps : ken-014-d0091-387,WCS Camera Traps : 2730,4,african bush elephant,08-18-2009 12:42:17,9,train
https://storage.googleapis.com/public-datasets-lila/wcs-unzipped/animals/0290/0070.jpg,WCS Camera Traps : 31111c20-92d5-11e9-a29d-000d3a74c7de,WCS Camera Traps : ken-006-d0063-32,WCS Camera Traps : 1464,5,african bush elephant,02-18-2011 02:55:20,9,train
https://storage.googleapis.com/public-datasets-lila/snapshotserengeti-unzipped/S2/I12/I12_R3/S2_I12_R3_IMAG0222.JPG,Snapshot Serengeti : S2/I12/I12_R3/S2_I12_R3_IMAG0222,Snapshot Serengeti : SER_S2#I12#3#110,Snapshot Serengeti : I12,1,african bush elephant,04-30-2011 08:27:49,9,train
https://storage.googleapis.com/public-datasets-lila/snapshot-safari-2024-expansion/MAD/MAD_S1/MAD01/MAD01_R4/MAD_S1_MAD01_R4_IMAG2465.JPG,Snapshot Safari 2024 Expansion : MAD/MAD_S1/MAD01/MAD01_R4/MAD_S1_MAD01_R4_IMAG2465.JPG,Snapshot Safari 2024 Expansion : MAD_S1#MAD01#4#822,Snapshot Safari 2024 Expansion : MAD_S1_MAD01,1,african bush elephant,,9,train
https://storage.googleapis.com/public-datasets-lila/snapshotserengeti-unzipped/S4/M06/M06_R1/S4_M06_R1_IMAG0236.JPG,Snapshot Serengeti : S4/M06/M06_R1/S4_M06_R1_IMAG0236,Snapshot Serengeti : SER_S4#M06#1#88,Snapshot Serengeti : M06,3,african bush elephant,02-27-2012 13:21:57,9,test
https://storage.googleapis.com/public-datasets-lila/snapshot-safari-2024-expansion/MAD/MAD_S1/D03/D03_R4/MAD_S1_D03_R4_IMAG0277.JPG,Snapshot Safari 2024 Expansion : MAD/MAD_S1/D03/D03_R4/MAD_S1_D03_R4_IMAG0277.JPG,Snapshot Safari 2024 Expansion : MAD_S1#D03#4#93,Snapshot Safari 2024 Expansion : MAD_S1_D03,0,african bush elephant,,9,test
https://storage.googleapis.com/public-datasets-lila/snapshot-safari-2024-expansion/MAD/MAD_S1/MAD01/MAD01_R4/MAD_S1_MAD01_R4_IMAG1883.JPG,Snapshot Safari 2024 Expansion : MAD/MAD_S1/MAD01/MAD01_R4/MAD_S1_MAD01_R4_IMAG1883.JPG,Snapshot Safari 2024 Expansion : MAD_S1#MAD01#4#628,Snapshot Safari 2024 Expansion : MAD_S1_MAD01,1,african bush elephant,,9,train
https://storage.googleapis.com/public-datasets-lila/snapshotserengeti-unzipped/S3/J10/J10_R11/S3_J10_R11_IMAG0197.JPG,Snapshot Serengeti : S3/J10/J10_R11/S3_J10_R11_IMAG0197,Snapshot Serengeti : SER_S3#J10#11#71,Snapshot Serengeti : J10,3,african bush elephant,10-24-2011 07:52:44,9,train
https://storage.googleapis.com/public-datasets-lila/snapshot-safari-2024-expansion/Snapshot Cameo/EFA/EFA_S1/EFA03/EFA03_R12/EFA_S1_EFA03_R12_IMAG0549.JPG,Snapshot Safari 2024 Expansion : Snapshot Cameo/EFA/EFA_S1/EFA03/EFA03_R12/EFA_S1_EFA03_R12_IMAG0549.JPG,Snapshot Safari 2024 Expansion : EFA_S1#EFA03#12#168,Snapshot Safari 2024 Expansion : EFA_S1_EFA03,0,african bush elephant,,9,train
https://storage.googleapis.com/public-datasets-lila/snapshotserengeti-unzipped/S7/C13/C13_R3/S7_C13_R3_IMAG0339.JPG,Snapshot Serengeti : S7/C13/C13_R3/S7_C13_R3_IMAG0339,Snapshot Serengeti : SER_S7#C13#3#128,Snapshot Serengeti : C13,3,african bush elephant,10-14-2013 12:24:44,9,val
https://storage.googleapis.com/public-datasets-lila/snapshot-safari-2024-expansion/LEC/LEC_S1/H22/H22_R3/LEC_S1_H22_R3_IMAG0103.JPG,Snapshot Safari 2024 Expansion : LEC/LEC_S1/H22/H22_R3/LEC_S1_H22_R3_IMAG0103.JPG,Snapshot Safari 2024 Expansion : LEC_S1#H22#3#45,Snapshot Safari 2024 Expansion : LEC_S1_H22,0,african bush elephant,,9,train
https://storage.googleapis.com/public-datasets-lila/snapshotserengeti-unzipped/S1/K10/K10_R1/S1_K10_R1_PICT0418.JPG,Snapshot Serengeti : S1/K10/K10_R1/S1_K10_R1_PICT0418,Snapshot Serengeti : SER_S1#K10#1#140,Snapshot Serengeti : K10,3,african bush elephant,10-09-2010 14:16:38,9,train
https://storage.googleapis.com/public-datasets-lila/snapshotserengeti-unzipped/S5/F02/F02_R1/S5_F02_R1_IMAG1705.JPG,Snapshot Serengeti : S5/F02/F02_R1/S5_F02_R1_IMAG1705,Snapshot Serengeti : SER_S5#F02#1#666,Snapshot Serengeti : F02,3,african bush elephant,07-17-2012 09:25:50,9,train
https://storage.googleapis.com/public-datasets-lila/snapshot-safari-2024-expansion/Snapshot Cameo/EFA/EFA_S1/EFA08/EFA08_R11/EFA_S1_EFA08_R11_IMAG0096.JPG,Snapshot Safari 2024 Expansion : Snapshot Cameo/EFA/EFA_S1/EFA08/EFA08_R11/EFA_S1_EFA08_R11_IMAG0096.JPG,Snapshot Safari 2024 Expansion : EFA_S1#EFA08#11#30,Snapshot Safari 2024 Expansion : EFA_S1_EFA08,1,african bush elephant,,9,test
https://storage.googleapis.com/public-datasets-lila/snapshot-safari-2024-expansion/MAD/MAD_S2/MAD03/MAD03_R7/MAD_S2_MAD03_R7_IMAG4151.JPG,Snapshot Safari 2024 Expansion : MAD/MAD_S2/MAD03/MAD03_R7/MAD_S2_MAD03_R7_IMAG4151.JPG,Snapshot Safari 2024 Expansion : MAD_S2#MAD03#7#1384,Snapshot Safari 2024 Expansion : MAD_S2_MAD03,1,african bush elephant,,9,train
https://storage.googleapis.com/public-datasets-lila/wcs-unzipped/animals/0292/0944.jpg,WCS Camera Traps : 31f3189e-92d5-11e9-b23e-000d3a74c7de,WCS Camera Traps : ken-006-d0074-24,WCS Camera Traps : 1475,8,african bush elephant,02-15-2011 01:10:32,9,train
https://storage.googleapis.com/public-datasets-lila/snapshotserengeti-unzipped/S3/N04/N04_R11/S3_N04_R11_IMAG0184.JPG,Snapshot Serengeti : S3/N04/N04_R11/S3_N04_R11_IMAG0184,Snapshot Serengeti : SER_S3#N04#11#86,Snapshot Serengeti : N04,3,african bush elephant,10-30-2011 11:41:08,9,train
https://storage.googleapis.com/public-datasets-lila/snapshotserengeti-unzipped/S9/C13/C13_R1/S9_C13_R1_IMAG1023.JPG,Snapshot Serengeti : S9/C13/C13_R1/S9_C13_R1_IMAG1023,Snapshot Serengeti : SER_S9#C13#1#365,Snapshot Serengeti : C13,2,african bush elephant,08-07-2014 16:16:57,9,val
https://storage.googleapis.com/public-datasets-lila/snapshot-safari-2024-expansion/MAD/MAD_S1/MAD03/MAD03_R3/MAD_S1_MAD03_R3_IMAG0918.JPG,Snapshot Safari 2024 Expansion : MAD/MAD_S1/MAD03/MAD03_R3/MAD_S1_MAD03_R3_IMAG0918.JPG,Snapshot Safari 2024 Expansion : MAD_S1#MAD03#3#306,Snapshot Safari 2024 Expansion : MAD_S1_MAD03,2,african bush elephant,,9,train
https://storage.googleapis.com/public-datasets-lila/snapshotserengeti-unzipped/S2/G12/G12_R3/S2_G12_R3_IMAG0401.JPG,Snapshot Serengeti : S2/G12/G12_R3/S2_G12_R3_IMAG0401,Snapshot Serengeti : SER_S2#G12#3#155,Snapshot Serengeti : G12,3,african bush elephant,07-13-2011 14:21:21,9,train
https://storage.googleapis.com/public-datasets-lila/snapshot-safari-2024-expansion/Snapshot Cameo/EFA/EFA_S1/EFA07/EFA07_R37/EFA_S1_EFA07_R37_IMAG0378.JPG,Snapshot Safari 2024 Expansion : Snapshot Cameo/EFA/EFA_S1/EFA07/EFA07_R37/EFA_S1_EFA07_R37_IMAG0378.JPG,Snapshot Safari 2024 Expansion : EFA_S1#EFA07#37#66,Snapshot Safari 2024 Expansion : EFA_S1_EFA07,2,african bush elephant,,9,train
https://storage.googleapis.com/public-datasets-lila/snapshotserengeti-unzipped/S9/E02/E02_R2/S9_E02_R2_IMAG1063.JPG,Snapshot Serengeti : S9/E02/E02_R2/S9_E02_R2_IMAG1063,Snapshot Serengeti : SER_S9#E02#2#421,Snapshot Serengeti : E02,1,african bush elephant,08-26-2014 18:34:04,9,test
https://storage.googleapis.com/public-datasets-lila/snapshotserengeti-unzipped/S5/I08/I08_R2/S5_I08_R2_IMAG1869.JPG,Snapshot Serengeti : S5/I08/I08_R2/S5_I08_R2_IMAG1869,Snapshot Serengeti : SER_S5#I08#2#693,Snapshot Serengeti : I08,3,african bush elephant,09-15-2012 09:03:47,9,train
https://storage.googleapis.com/public-datasets-lila/snapshotserengeti-unzipped/S10/L10/L10_R3/S10_L10_R3_IMAG0608.JPG,Snapshot Serengeti : S10/L10/L10_R3/S10_L10_R3_IMAG0608,Snapshot Serengeti : SER_S10#L10#3#236,Snapshot Serengeti : L10,2,african bush elephant,06-04-2015 14:01:53,9,test
https://storage.googleapis.com/public-datasets-lila/snapshot-safari-2024-expansion/APN/APN_S4/DW/DW_R13/APN_S4_DW_R13_IMAG0275.JPG,Snapshot Safari 2024 Expansion : APN/APN_S4/DW/DW_R13/APN_S4_DW_R13_IMAG0275.JPG,Snapshot Safari 2024 Expansion : APN_S4#DW#13#105,Snapshot Safari 2024 Expansion : APN_S4_DW,0,african bush elephant,,9,test
https://storage.googleapis.com/public-datasets-lila/snapshotserengeti-unzipped/S7/H07/H07_R2/S7_H07_R2_IMAG0139.JPG,Snapshot Serengeti : S7/H07/H07_R2/S7_H07_R2_IMAG0139,Snapshot Serengeti : SER_S7#H07#2#60,Snapshot Serengeti : H07,2,african bush elephant,07-10-2013 08:07:35,9,train
https://storage.googleapis.com/public-datasets-lila/snapshot-safari-2024-expansion/Snapshot Cameo/EFA/EFA_S1/EFA08/EFA08_R14/EFA_S1_EFA08_R14_IMAG1578.JPG,Snapshot Safari 2024 Expansion : Snapshot Cameo/EFA/EFA_S1/EFA08/EFA08_R14/EFA_S1_EFA08_R14_IMAG1578.JPG,Snapshot Safari 2024 Expansion : EFA_S1#EFA08#14#274,Snapshot Safari 2024 Expansion : EFA_S1_EFA08,1,african bush elephant,,9,test
https://storage.googleapis.com/public-datasets-lila/snapshotserengeti-unzipped/S7/P13/P13_R1/S7_P13_R1_IMAG1118.JPG,Snapshot Serengeti : S7/P13/P13_R1/S7_P13_R1_IMAG1118,Snapshot Serengeti : SER_S7#P13#1#444,Snapshot Serengeti : P13,3,african bush elephant,06-03-2013 14:02:03,9,train
https://storage.googleapis.com/public-datasets-lila/snapshot-safari-2024-expansion/APN/APN_S4/UMH8/UMH8_R14/APN_S4_UMH8_R14_IMAG0292.JPG,Snapshot Safari 2024 Expansion : APN/APN_S4/UMH8/UMH8_R14/APN_S4_UMH8_R14_IMAG0292.JPG,Snapshot Safari 2024 Expansion : APN_S4#UMH8#14#134,Snapshot Safari 2024 Expansion : APN_S4_UMH8,0,african bush elephant,,9,train
https://storage.googleapis.com/public-datasets-lila/wcs-unzipped/animals/0191/1648.jpg,WCS Camera Traps : 0ca0c555-92d5-11e9-9c7a-000d3a74c7de,WCS Camera Traps : ken-008-d0008-44,WCS Camera Traps : 1191,3,african bush elephant,09-21-2010 21:15:17,9,train
https://storage.googleapis.com/public-datasets-lila/snapshotserengeti-unzipped/S9/L11/L11_R2/S9_L11_R2_IMAG0248.JPG,Snapshot Serengeti : S9/L11/L11_R2/S9_L11_R2_IMAG0248,Snapshot Serengeti : SER_S9#L11#2#100,Snapshot Serengeti : L11,1,african bush elephant,09-26-2014 14:24:43,9,val
https://storage.googleapis.com/public-datasets-lila/snapshotserengeti-unzipped/S2/F01/F01_R3/S2_F01_R3_IMAG0319.JPG,Snapshot Serengeti : S2/F01/F01_R3/S2_F01_R3_IMAG0319,Snapshot Serengeti : SER_S2#F01#3#195,Snapshot Serengeti : F01,1,african bush elephant,07-16-2011 22:25:26,9,test
https://storage.googleapis.com/public-datasets-lila/snapshotserengeti-unzipped/S5/O10/O10_R2/S5_O10_R2_IMAG0228.JPG,Snapshot Serengeti : S5/O10/O10_R2/S5_O10_R2_IMAG0228,Snapshot Serengeti : SER_S5#O10#2#84,Snapshot Serengeti : O10,3,african bush elephant,10-17-2012 13:45:21,9,train
https://storage.googleapis.com/public-datasets-lila/snapshotserengeti-unzipped/S6/P04/P04_R1/S6_P04_R1_IMAG0526.JPG,Snapshot Serengeti : S6/P04/P04_R1/S6_P04_R1_IMAG0526,Snapshot Serengeti : SER_S6#P04#1#293,Snapshot Serengeti : P04,2,african bush elephant,02-16-2013 18:04:38,9,train
https://storage.googleapis.com/public-datasets-lila/snapshot-safari-2024-expansion/MAD/MAD_S2/MAD05/MAD05_R5/MAD_S2_MAD05_R5_IMAG0949.JPG,Snapshot Safari 2024 Expansion : MAD/MAD_S2/MAD05/MAD05_R5/MAD_S2_MAD05_R5_IMAG0949.JPG,Snapshot Safari 2024 Expansion : MAD_S2#MAD05#5#317,Snapshot Safari 2024 Expansion : MAD_S2_MAD05,0,african bush elephant,,9,val
https://storage.googleapis.com/public-datasets-lila/snapshot-safari-2024-expansion/Snapshot Cameo/EFA/EFA_S1/EFA08/EFA08_R40/EFA_S1_EFA08_R40_IMAG0970.JPG,Snapshot Safari 2024 Expansion : Snapshot Cameo/EFA/EFA_S1/EFA08/EFA08_R40/EFA_S1_EFA08_R40_IMAG0970.JPG,Snapshot Safari 2024 Expansion : EFA_S1#EFA08#40#133,Snapshot Safari 2024 Expansion : EFA_S1_EFA08,1,african bush elephant,,9,test
https://storage.googleapis.com/public-datasets-lila/snapshotserengeti-unzipped/S9/G05/G05_R2/S9_G05_R2_IMAG0308.JPG,Snapshot Serengeti : S9/G05/G05_R2/S9_G05_R2_IMAG0308,Snapshot Serengeti : SER_S9#G05#2#126,Snapshot Serengeti : G05,2,african bush elephant,09-29-2014 18:19:45,9,train
https://storage.googleapis.com/public-datasets-lila/snapshotserengeti-unzipped/S8/E01/E01_R2/S8_E01_R2_IMAG0088.JPG,Snapshot Serengeti : S8/E01/E01_R2/S8_E01_R2_IMAG0088,Snapshot Serengeti : SER_S8#E01#2#37,Snapshot Serengeti : E01,2,african bush elephant,12-22-2013 09:56:57,9,train
https://storage.googleapis.com/public-datasets-lila/snapshot-safari-2024-expansion/Snapshot Cameo/EFA/EFA_S1/EFA03/EFA03_R12/EFA_S1_EFA03_R12_IMAG0086.JPG,Snapshot Safari 2024 Expansion : Snapshot Cameo/EFA/EFA_S1/EFA03/EFA03_R12/EFA_S1_EFA03_R12_IMAG0086.JPG,Snapshot Safari 2024 Expansion : EFA_S1#EFA03#12#30,Snapshot Safari 2024 Expansion : EFA_S1_EFA03,0,african bush elephant,,9,train
https://storage.googleapis.com/public-datasets-lila/snapshot-safari-2024-expansion/APN/APN_S2/U43b/U43b_R7/APN_S2_U43b_R7_IMAG0264.JPG,Snapshot Safari 2024 Expansion : APN/APN_S2/U43b/U43b_R7/APN_S2_U43b_R7_IMAG0264.JPG,Snapshot Safari 2024 Expansion : APN_S2#U43b#7#99,Snapshot Safari 2024 Expansion : APN_S2_U43B,2,african bush elephant,,9,train
https://storage.googleapis.com/public-datasets-lila/snapshot-safari-2024-expansion/MAD/MAD_S2/MAD04/MAD04_R6/MAD_S2_MAD04_R6_IMAG1530.JPG,Snapshot Safari 2024 Expansion : MAD/MAD_S2/MAD04/MAD04_R6/MAD_S2_MAD04_R6_IMAG1530.JPG,Snapshot Safari 2024 Expansion : MAD_S2#MAD04#6#510,Snapshot Safari 2024 Expansion : MAD_S2_MAD04,2,african bush elephant,,9,train
https://storage.googleapis.com/public-datasets-lila/snapshot-safari-2024-expansion/Snapshot Cameo/EFA/EFA_S1/EFA07/EFA07_R1/EFA_S1_EFA07_R1_IMAG2210.JPG,Snapshot Safari 2024 Expansion : Snapshot Cameo/EFA/EFA_S1/EFA07/EFA07_R1/EFA_S1_EFA07_R1_IMAG2210.JPG,Snapshot Safari 2024 Expansion : EFA_S1#EFA07#1#482,Snapshot Safari 2024 Expansion : EFA_S1_EFA07,0,african bush elephant,,9,train
https://storage.googleapis.com/public-datasets-lila/snapshot-safari-2024-expansion/MAD/MAD_S1/MAD01/MAD01_R3/MAD_S1_MAD01_R3_IMAG0990.JPG,Snapshot Safari 2024 Expansion : MAD/MAD_S1/MAD01/MAD01_R3/MAD_S1_MAD01_R3_IMAG0990.JPG,Snapshot Safari 2024 Expansion : MAD_S1#MAD01#3#330,Snapshot Safari 2024 Expansion : MAD_S1_MAD01,2,african bush elephant,,9,train
https://storage.googleapis.com/public-datasets-lila/snapshot-safari-2024-expansion/MAD/MAD_S1/G06/G06_R2/MAD_S1_G06_R2_IMAG0100.JPG,Snapshot Safari 2024 Expansion : MAD/MAD_S1/G06/G06_R2/MAD_S1_G06_R2_IMAG0100.JPG,Snapshot Safari 2024 Expansion : MAD_S1#G06#2#46,Snapshot Safari 2024 Expansion : MAD_S1_G06,0,african bush elephant,,9,val
https://storage.googleapis.com/public-datasets-lila/snapshot-safari-2024-expansion/Snapshot Cameo/NIA/NIA_S1/8B/8B_R1/NIA_S1_8B_R1_IMAG0453.JPG,Snapshot Safari 2024 Expansion : Snapshot Cameo/NIA/NIA_S1/8B/8B_R1/NIA_S1_8B_R1_IMAG0453.JPG,Snapshot Safari 2024 Expansion : NIA_S1#8B#1#453,Snapshot Safari 2024 Expansion : NIA_S1_8B,0,african bush elephant,,9,train
https://storage.googleapis.com/public-datasets-lila/snapshot-safari-2024-expansion/Snapshot Cameo/EFA/EFA_S1/EFA08/EFA08_R25/EFA_S1_EFA08_R25_IMAG3189.JPG,Snapshot Safari 2024 Expansion : Snapshot Cameo/EFA/EFA_S1/EFA08/EFA08_R25/EFA_S1_EFA08_R25_IMAG3189.JPG,Snapshot Safari 2024 Expansion : EFA_S1#EFA08#25#464,Snapshot Safari 2024 Expansion : EFA_S1_EFA08,2,african bush elephant,,9,test
https://storage.googleapis.com/public-datasets-lila/snapshot-safari-2024-expansion/RUA/RUA_S1/M44/M44_R1/RUA_S1_M44_R1_IMAG2758.JPG,Snapshot Safari 2024 Expansion : RUA/RUA_S1/M44/M44_R1/RUA_S1_M44_R1_IMAG2758.JPG,Snapshot Safari 2024 Expansion : RUA_S1#M44#1#2758,Snapshot Safari 2024 Expansion : RUA_S1_M44,0,african bush elephant,,9,train
https://storage.googleapis.com/public-datasets-lila/wcs-unzipped/animals/0226/1425.jpg,WCS Camera Traps : 196e3ffe-92d5-11e9-8a7e-000d3a74c7de,WCS Camera Traps : ken-007-d0093-36,WCS Camera Traps : 1317,5,african bush elephant,02-09-2012 10:00:00,9,test
https://storage.googleapis.com/public-datasets-lila/snapshot-safari-2024-expansion/Snapshot Cameo/EFA/EFA_S1/EFA04/EFA04_R28/EFA_S1_EFA04_R28_IMAG0077.JPG,Snapshot Safari 2024 Expansion : Snapshot Cameo/EFA/EFA_S1/EFA04/EFA04_R28/EFA_S1_EFA04_R28_IMAG0077.JPG,Snapshot Safari 2024 Expansion : EFA_S1#EFA04#28#16,Snapshot Safari 2024 Expansion : EFA_S1_EFA04,1,african bush elephant,,9,val
https://storage.googleapis.com/public-datasets-lila/snapshot-safari-2024-expansion/PLN/PLN_S2/C02/C02_R6/PLN_S2_C02_R6_IMAG0642.JPG,Snapshot Safari 2024 Expansion : PLN/PLN_S2/C02/C02_R6/PLN_S2_C02_R6_IMAG0642.JPG,Snapshot Safari 2024 Expansion : PLN_S2#C02#6#251,Snapshot Safari 2024 Expansion : PLN_S2_C02,1,african bush elephant,,9,train
https://storage.googleapis.com/public-datasets-lila/snapshot-safari-2024-expansion/MAD/MAD_S2/MAD03/MAD03_R7/MAD_S2_MAD03_R7_IMAG2409.JPG,Snapshot Safari 2024 Expansion : MAD/MAD_S2/MAD03/MAD03_R7/MAD_S2_MAD03_R7_IMAG2409.JPG,Snapshot Safari 2024 Expansion : MAD_S2#MAD03#7#803,Snapshot Safari 2024 Expansion : MAD_S2_MAD03,2,african bush elephant,,9,train
https://storage.googleapis.com/public-datasets-lila/snapshot-safari-2024-expansion/MAD/MAD_S3/MAD06/MAD06_R08/MAD_S3_MAD06_R08_IMAG0082.JPG,Snapshot Safari 2024 Expansion : MAD/MAD_S3/MAD06/MAD06_R08/MAD_S3_MAD06_R08_IMAG0082.JPG,Snapshot Safari 2024 Expansion : MAD_S3#MAD06#08#28,Snapshot Safari 2024 Expansion : MAD_S3_MAD06,0,african bush elephant,,9,train
https://storage.googleapis.com/public-datasets-lila/snapshot-safari-2024-expansion/SER/SER_S13/H08/H08_R2/SER_S13_H08_R2_IMAG1067.JPG,Snapshot Safari 2024 Expansion : SER/SER_S13/H08/H08_R2/SER_S13_H08_R2_IMAG1067.JPG,Snapshot Safari 2024 Expansion : SER_S13#H08#2#1065,Snapshot Safari 2024 Expansion : SER_S13_H08,0,african bush elephant,,9,train
https://storage.googleapis.com/public-datasets-lila/snapshot-safari-2024-expansion/MAD/MAD_S2/MAD03/MAD03_R7/MAD_S2_MAD03_R7_IMAG0508.JPG,Snapshot Safari 2024 Expansion : MAD/MAD_S2/MAD03/MAD03_R7/MAD_S2_MAD03_R7_IMAG0508.JPG,Snapshot Safari 2024 Expansion : MAD_S2#MAD03#7#170,Snapshot Safari 2024 Expansion : MAD_S2_MAD03,0,african bush elephant,,9,train
https://storage.googleapis.com/public-datasets-lila/snapshot-safari-2024-expansion/APN/APN_S2/WM/WM_R6/APN_S2_WM_R6_IMAG0105.JPG,Snapshot Safari 2024 Expansion : APN/APN_S2/WM/WM_R6/APN_S2_WM_R6_IMAG0105.JPG,Snapshot Safari 2024 Expansion : APN_S2#WM#6#51,Snapshot Safari 2024 Expansion : APN_S2_WM,0,african bush elephant,,9,train
https://storage.googleapis.com/public-datasets-lila/wcs-unzipped/animals/0191/1219.jpg,WCS Camera Traps : 0c8ca1a4-92d5-11e9-999c-000d3a74c7de,WCS Camera Traps : ken-008-d0006-7,WCS Camera Traps : 1189,8,african bush elephant,09-21-2010 10:05:32,9,test
https://storage.googleapis.com/public-datasets-lila/snapshot-safari-2024-expansion/PLN/PLN_S1/C02/C02_R1/PLN_S1_C02_R1_IMAG0973.JPG,Snapshot Safari 2024 Expansion : PLN/PLN_S1/C02/C02_R1/PLN_S1_C02_R1_IMAG0973.JPG,Snapshot Safari 2024 Expansion : PLN_S1#C02#1#425,Snapshot Safari 2024 Expansion : PLN_S1_C02,0,african bush elephant,,9,test
https://storage.googleapis.com/public-datasets-lila/snapshot-safari-2024-expansion/APN/APN_S3/K024/K024_R9/APN_S3_K024_R9_IMAG0968.JPG,Snapshot Safari 2024 Expansion : APN/APN_S3/K024/K024_R9/APN_S3_K024_R9_IMAG0968.JPG,Snapshot Safari 2024 Expansion : APN_S3#K024#9#363,Snapshot Safari 2024 Expansion : APN_S3_K024,1,african bush elephant,,9,train
https://storage.googleapis.com/public-datasets-lila/snapshotserengeti-unzipped/S9/H06/H06_R1/S9_H06_R1_IMAG0059.JPG,Snapshot Serengeti : S9/H06/H06_R1/S9_H06_R1_IMAG0059,Snapshot Serengeti : SER_S9#H06#1#22,Snapshot Serengeti : H06,3,african bush elephant,07-12-2014 12:20:43,9,train
https://storage.googleapis.com/public-datasets-lila/snapshot-safari-2024-expansion/Snapshot Cameo/DEB/DEB_S1/D7/D7_R15/DEB_S1_D7_R15_IMAG0778.JPG,Snapshot Safari 2024 Expansion : Snapshot Cameo/DEB/DEB_S1/D7/D7_R15/DEB_S1_D7_R15_IMAG0778.JPG,Snapshot Safari 2024 Expansion : DEB_S1#D7#15#777,Snapshot Safari 2024 Expansion : DEB_S1_D7,0,african bush elephant,,9,train
https://storage.googleapis.com/public-datasets-lila/snapshot-safari-2024-expansion/MAD/MAD_S2/MAD03/MAD03_R6/MAD_S2_MAD03_R6_IMAG2224.JPG,Snapshot Safari 2024 Expansion : MAD/MAD_S2/MAD03/MAD03_R6/MAD_S2_MAD03_R6_IMAG2224.JPG,Snapshot Safari 2024 Expansion : MAD_S2#MAD03#6#742,Snapshot Safari 2024 Expansion : MAD_S2_MAD03,0,african bush elephant,,9,train
https://storage.googleapis.com/public-datasets-lila/snapshot-safari-2024-expansion/Snapshot Cameo/EFA/EFA_S1/EFA08/EFA08_R17/EFA_S1_EFA08_R17_IMAG0150.JPG,Snapshot Safari 2024 Expansion : Snapshot Cameo/EFA/EFA_S1/EFA08/EFA08_R17/EFA_S1_EFA08_R17_IMAG0150.JPG,Snapshot Safari 2024 Expansion : EFA_S1#EFA08#17#33,Snapshot Safari 2024 Expansion : EFA_S1_EFA08,1,african bush elephant,,9,test
https://storage.googleapis.com/public-datasets-lila/snapshot-safari-2024-expansion/MAD/MAD_S3/MAD04/MAD04_R10/MAD_S3_MAD04_R10_IMAG0058.JPG,Snapshot Safari 2024 Expansion : MAD/MAD_S3/MAD04/MAD04_R10/MAD_S3_MAD04_R10_IMAG0058.JPG,Snapshot Safari 2024 Expansion : MAD_S3#MAD04#10#20,Snapshot Safari 2024 Expansion : MAD_S3_MAD04,0,african bush elephant,,9,train
https://storage.googleapis.com/public-datasets-lila/snapshot-safari-2024-expansion/APN/APN_S3/DW/DW_R8/APN_S3_DW_R8_IMAG1052.JPG,Snapshot Safari 2024 Expansion : APN/APN_S3/DW/DW_R8/APN_S3_DW_R8_IMAG1052.JPG,Snapshot Safari 2024 Expansion : APN_S3#DW#8#397,Snapshot Safari 2024 Expansion : APN_S3_DW,2,african bush elephant,,9,train
https://storage.googleapis.com/public-datasets-lila/snapshot-safari-2024-expansion/Snapshot Cameo/EFA/EFA_S1/EFA08/EFA08_R25/EFA_S1_EFA08_R25_IMAG3053.JPG,Snapshot Safari 2024 Expansion : Snapshot Cameo/EFA/EFA_S1/EFA08/EFA08_R25/EFA_S1_EFA08_R25_IMAG3053.JPG,Snapshot Safari 2024 Expansion : EFA_S1#EFA08#25#438,Snapshot Safari 2024 Expansion : EFA_S1_EFA08,0,african bush elephant,,9,test
https://storage.googleapis.com/public-datasets-lila/snapshotserengeti-unzipped/S8/G07/G07_R1/S8_G07_R1_IMAG1705.JPG,Snapshot Serengeti : S8/G07/G07_R1/S8_G07_R1_IMAG1705,Snapshot Serengeti : SER_S8#G07#1#585,Snapshot Serengeti : G07,3,african bush elephant,02-01-2014 16:41:31,9,train
https://storage.googleapis.com/public-datasets-lila/snapshot-safari-2024-expansion/MAD/MAD_S3/MAD01/MAD01_R08/MAD_S3_MAD01_R08_IMAG0343.JPG,Snapshot Safari 2024 Expansion : MAD/MAD_S3/MAD01/MAD01_R08/MAD_S3_MAD01_R08_IMAG0343.JPG,Snapshot Safari 2024 Expansion : MAD_S3#MAD01#08#115,Snapshot Safari 2024 Expansion : MAD_S3_MAD01,0,african bush elephant,,9,train
https://storage.googleapis.com/public-datasets-lila/snapshot-safari-2024-expansion/MAD/MAD_S3/I04/I04_R08/MAD_S3_I04_R08_IMAG0169.JPG,Snapshot Safari 2024 Expansion : MAD/MAD_S3/I04/I04_R08/MAD_S3_I04_R08_IMAG0169.JPG,Snapshot Safari 2024 Expansion : MAD_S3#I04#08#57,Snapshot Safari 2024 Expansion : MAD_S3_I04,0,african bush elephant,,9,test
https://storage.googleapis.com/public-datasets-lila/snapshotserengeti-unzipped/SER_S11/C03/C03_R2/SER_S11_C03_R2_IMAG0059.JPG,Snapshot Serengeti : SER_S11/C03/C03_R2/SER_S11_C03_R2_IMAG0059,Snapshot Serengeti : SER_S11#C03#2#26,Snapshot Serengeti : C03,1,african bush elephant,11-10-2015 07:27:54,9,train
https://storage.googleapis.com/public-datasets-lila/snapshot-safari-2024-expansion/APN/APN_S2/13U/13U_R7/APN_S2_13U_R7_IMAG0221.JPG,Snapshot Safari 2024 Expansion : APN/APN_S2/13U/13U_R7/APN_S2_13U_R7_IMAG0221.JPG,Snapshot Safari 2024 Expansion : APN_S2#13U#7#89,Snapshot Safari 2024 Expansion : APN_S2_13U,0,african bush elephant,,9,train
https://storage.googleapis.com/public-datasets-lila/snapshot-safari-2024-expansion/RUA/RUA_S1/M17/M17_R1/RUA_S1_M17_R1_IMAG2280.JPG,Snapshot Safari 2024 Expansion : RUA/RUA_S1/M17/M17_R1/RUA_S1_M17_R1_IMAG2280.JPG,Snapshot Safari 2024 Expansion : RUA_S1#M17#1#2280,Snapshot Safari 2024 Expansion : RUA_S1_M17,0,african bush elephant,,9,train
https://storage.googleapis.com/public-datasets-lila/snapshot-safari-2024-expansion/SER/SER_S12/D03/D03_R3/SER_S12_D03_R3_IMAG0759.JPG,Snapshot Safari 2024 Expansion : SER/SER_S12/D03/D03_R3/SER_S12_D03_R3_IMAG0759.JPG,Snapshot Safari 2024 Expansion : SER_S12#D03#3#281,Snapshot Safari 2024 Expansion : SER_S12_D03,2,african bush elephant,,9,train
https://storage.googleapis.com/public-datasets-lila/snapshot-safari-2024-expansion/MAD/MAD_S3/MAD05/MAD05_R10/MAD_S3_MAD05_R10_IMAG0063.JPG,Snapshot Safari 2024 Expansion : MAD/MAD_S3/MAD05/MAD05_R10/MAD_S3_MAD05_R10_IMAG0063.JPG,Snapshot Safari 2024 Expansion : MAD_S3#MAD05#10#21,Snapshot Safari 2024 Expansion : MAD_S3_MAD05,2,african bush elephant,,9,train
https://storage.googleapis.com/public-datasets-lila/snapshot-safari-2024-expansion/MAD/MAD_S1/G06/G06_R3/MAD_S1_G06_R3_IMAG0059.JPG,Snapshot Safari 2024 Expansion : MAD/MAD_S1/G06/G06_R3/MAD_S1_G06_R3_IMAG0059.JPG,Snapshot Safari 2024 Expansion : MAD_S1#G06#3#20,Snapshot Safari 2024 Expansion : MAD_S1_G06,1,african bush elephant,,9,val
https://storage.googleapis.com/public-datasets-lila/snapshot-safari-2024-expansion/APN/APN_S3/JJ6/JJ6_R11/APN_S3_JJ6_R11_IMAG0047.JPG,Snapshot Safari 2024 Expansion : APN/APN_S3/JJ6/JJ6_R11/APN_S3_JJ6_R11_IMAG0047.JPG,Snapshot Safari 2024 Expansion : APN_S3#JJ6#11#22,Snapshot Safari 2024 Expansion : APN_S3_JJ6,1,african bush elephant,,9,train
https://storage.googleapis.com/public-datasets-lila/snapshot-safari-2024-expansion/KRU/KRU_S2/10/10_R4/KRU_S2_10_R4_IMAG0008.JPG,Snapshot Safari 2024 Expansion : KRU/KRU_S2/10/10_R4/KRU_S2_10_R4_IMAG0008.JPG,Snapshot Safari 2024 Expansion : KRU_S2#10#4#4,Snapshot Safari 2024 Expansion : KRU_S2_10,2,african bush elephant,,9,val
https://storage.googleapis.com/public-datasets-lila/snapshot-safari-2024-expansion/MAD/MAD_S2/H08/H08_R6/MAD_S2_H08_R6_IMAG0021.JPG,Snapshot Safari 2024 Expansion : MAD/MAD_S2/H08/H08_R6/MAD_S2_H08_R6_IMAG0021.JPG,Snapshot Safari 2024 Expansion : MAD_S2#H08#6#7,Snapshot Safari 2024 Expansion : MAD_S2_H08,2,african bush elephant,,9,train
https://storage.googleapis.com/public-datasets-lila/snapshot-safari-2024-expansion/SER/SER_S12/G07/G07_R2/SER_S12_G07_R2_IMAG0068.JPG,Snapshot Safari 2024 Expansion : SER/SER_S12/G07/G07_R2/SER_S12_G07_R2_IMAG0068.JPG,Snapshot Safari 2024 Expansion : SER_S12#G07#2#67,Snapshot Safari 2024 Expansion : SER_S12_G07,0,african bush elephant,,9,train
https://storage.googleapis.com/public-datasets-lila/snapshotserengeti-unzipped/S6/L04/L04_R1/S6_L04_R1_IMAG0574.JPG,Snapshot Serengeti : S6/L04/L04_R1/S6_L04_R1_IMAG0574,Snapshot Serengeti : SER_S6#L04#1#214,Snapshot Serengeti : L04,1,african bush elephant,01-31-2013 12:46:40,9,val
https://storage.googleapis.com/public-datasets-lila/snapshot-safari-2024-expansion/Snapshot Cameo/EFA/EFA_S1/EFA03/EFA03_R11/EFA_S1_EFA03_R11_IMAG0799.JPG,Snapshot Safari 2024 Expansion : Snapshot Cameo/EFA/EFA_S1/EFA03/EFA03_R11/EFA_S1_EFA03_R11_IMAG0799.JPG,Snapshot Safari 2024 Expansion : EFA_S1#EFA03#11#164,Snapshot Safari 2024 Expansion : EFA_S1_EFA03,2,african bush elephant,,9,train
https://storage.googleapis.com/public-datasets-lila/snapshot-safari-2024-expansion/MAD/MAD_S3/MAD06/MAD06_R09/MAD_S3_MAD06_R09_IMAG0976.JPG,Snapshot Safari 2024 Expansion : MAD/MAD_S3/MAD06/MAD06_R09/MAD_S3_MAD06_R09_IMAG0976.JPG,Snapshot Safari 2024 Expansion : MAD_S3#MAD06#09#326,Snapshot Safari 2024 Expansion : MAD_S3_MAD06,0,african bush elephant,,9,train
https://storage.googleapis.com/public-datasets-lila/snapshotserengeti-unzipped/S8/D06/D06_R3/S8_D06_R3_IMAG1440.JPG,Snapshot Serengeti : S8/D06/D06_R3/S8_D06_R3_IMAG1440,Snapshot Serengeti : SER_S8#D06#3#602,Snapshot Serengeti : D06,1,african bush elephant,07-07-2014 13:38:59,9,train
https://storage.googleapis.com/public-datasets-lila/snapshotserengeti-unzipped/S3/P07/P07_R12/S3_P07_R12_IMAG1042.JPG,Snapshot Serengeti : S3/P07/P07_R12/S3_P07_R12_IMAG1042,Snapshot Serengeti : SER_S3#P07#12#362,Snapshot Serengeti : P07,3,african bush elephant,12-08-2011 13:46:24,9,test
https://storage.googleapis.com/public-datasets-lila/snapshotserengeti-unzipped/S6/J09/J09_R2/S6_J09_R2_IMAG0841.JPG,Snapshot Serengeti : S6/J09/J09_R2/S6_J09_R2_IMAG0841,Snapshot Serengeti : SER_S6#J09#2#301,Snapshot Serengeti : J09,1,african bush elephant,03-07-2013 13:46:41,9,train
https://storage.googleapis.com/public-datasets-lila/wcs-unzipped/animals/0192/1682.jpg,WCS Camera Traps : 0cff871e-92d5-11e9-a775-000d3a74c7de,WCS Camera Traps : ken-008-d0017-64,WCS Camera Traps : 1200,3,african bush elephant,09-24-2010 18:58:00,9,train
https://storage.googleapis.com/public-datasets-lila/snapshotserengeti-unzipped/S9/J04/J04_R2/S9_J04_R2_IMAG0635.JPG,Snapshot Serengeti : S9/J04/J04_R2/S9_J04_R2_IMAG0635,Snapshot Serengeti : SER_S9#J04#2#231,Snapshot Serengeti : J04,2,african bush elephant,10-12-2014 09:37:59,9,train
https://storage.googleapis.com/public-datasets-lila/snapshotserengeti-unzipped/SER_S11/I02/I02_R2/SER_S11_I02_R2_IMAG0322.JPG,Snapshot Serengeti : SER_S11/I02/I02_R2/SER_S11_I02_R2_IMAG0322,Snapshot Serengeti : SER_S11#I02#2#119,Snapshot Serengeti : I02,3,african bush elephant,11-10-2015 16:47:20,9,test
https://storage.googleapis.com/public-datasets-lila/snapshot-safari-2024-expansion/APN/APN_S3/U23a/U23a_R9/APN_S3_U23a_R9_IMAG0185.JPG,Snapshot Safari 2024 Expansion : APN/APN_S3/U23a/U23a_R9/APN_S3_U23a_R9_IMAG0185.JPG,Snapshot Safari 2024 Expansion : APN_S3#U23a#9#87,Snapshot Safari 2024 Expansion : APN_S3_U23A,2,african bush elephant,,9,train
https://storage.googleapis.com/public-datasets-lila/snapshot-safari-2024-expansion/MAD/MAD_S2/MAD06/MAD06_R7/MAD_S2_MAD06_R7_IMAG1170.JPG,Snapshot Safari 2024 Expansion : MAD/MAD_S2/MAD06/MAD06_R7/MAD_S2_MAD06_R7_IMAG1170.JPG,Snapshot Safari 2024 Expansion : MAD_S2#MAD06#7#390,Snapshot Safari 2024 Expansion : MAD_S2_MAD06,2,african bush elephant,,9,val
https://storage.googleapis.com/public-datasets-lila/snapshotserengeti-unzipped/S3/I12/I12_R11/S3_I12_R11_IMAG0074.JPG,Snapshot Serengeti : S3/I12/I12_R11/S3_I12_R11_IMAG0074,Snapshot Serengeti : SER_S3#I12#11#38,Snapshot Serengeti : I12,3,african bush elephant,09-26-2011 09:47:28,9,train
https://storage.googleapis.com/public-datasets-lila/snapshotserengeti-unzipped/S10/J09/J09_R3/S10_J09_R3_IMAG5920.JPG,Snapshot Serengeti : S10/J09/J09_R3/S10_J09_R3_IMAG5920,Snapshot Serengeti : SER_S10#J09#3#2021,Snapshot Serengeti : J09,2,african bush elephant,06-28-2015 13:46:16,9,train
https://storage.googleapis.com/public-datasets-lila/snapshot-safari-2024-expansion/Snapshot Cameo/EFA/EFA_S1/EFA08/EFA08_R21/EFA_S1_EFA08_R21_IMAG0613.JPG,Snapshot Safari 2024 Expansion : Snapshot Cameo/EFA/EFA_S1/EFA08/EFA08_R21/EFA_S1_EFA08_R21_IMAG0613.JPG,Snapshot Safari 2024 Expansion : EFA_S1#EFA08#21#107,Snapshot Safari 2024 Expansion : EFA_S1_EFA08,2,african bush elephant,,9,test
https://storage.googleapis.com/public-datasets-lila/snapshotserengeti-unzipped/S5/I06/I06_R2/S5_I06_R2_IMAG1010.JPG,Snapshot Serengeti : S5/I06/I06_R2/S5_I06_R2_IMAG1010,Snapshot Serengeti : SER_S5#I06#2#357,Snapshot Serengeti : I06,2,african bush elephant,10-11-2012 09:34:03,9,train
https://storage.googleapis.com/public-datasets-lila/snapshot-safari-2024-expansion/MAD/MAD_S1/MAD06/MAD06_R3/MAD_S1_MAD06_R3_IMAG0240.JPG,Snapshot Safari 2024 Expansion : MAD/MAD_S1/MAD06/MAD06_R3/MAD_S1_MAD06_R3_IMAG0240.JPG,Snapshot Safari 2024 Expansion : MAD_S1#MAD06#3#80,Snapshot Safari 2024 Expansion : MAD_S1_MAD06,2,african bush elephant,,9,test
https://storage.googleapis.com/public-datasets-lila/snapshot-safari-2024-expansion/SER/SER_S12/H08/H08_R2/SER_S12_H08_R2_IMAG0509.JPG,Snapshot Safari 2024 Expansion : SER/SER_S12/H08/H08_R2/SER_S12_H08_R2_IMAG0509.JPG,Snapshot Safari 2024 Expansion : SER_S12#H08#2#507,Snapshot Safari 2024 Expansion : SER_S12_H08,0,african bush elephant,,9,train
https://storage.googleapis.com/public-datasets-lila/snapshotserengeti-unzipped/S1/H08/H08_R1/S1_H08_R1_PICT0360.JPG,Snapshot Serengeti : S1/H08/H08_R1/S1_H08_R1_PICT0360,Snapshot Serengeti : SER_S1#H08#1#121,Snapshot Serengeti : H08,2,african bush elephant,10-08-2010 11:18:26,9,train
https://storage.googleapis.com/public-datasets-lila/snapshotserengeti-unzipped/S8/C13/C13_R2/S8_C13_R2_IMAG0304.JPG,Snapshot Serengeti : S8/C13/C13_R2/S8_C13_R2_IMAG0304,Snapshot Serengeti : SER_S8#C13#2#127,Snapshot Serengeti : C13,2,african bush elephant,03-03-2014 12:03:05,9,val
https://storage.googleapis.com/public-datasets-lila/snapshotserengeti-unzipped/S7/F06/F06_R3/S7_F06_R3_IMAG0358.JPG,Snapshot Serengeti : S7/F06/F06_R3/S7_F06_R3_IMAG0358,Snapshot Serengeti : SER_S7#F06#3#127,Snapshot Serengeti : F06,3,african bush elephant,10-18-2013 11:50:20,9,train
https://storage.googleapis.com/public-datasets-lila/snapshot-safari-2024-expansion/APN/APN_S4/SV3/SV3_R14/APN_S4_SV3_R14_IMAG0187.JPG,Snapshot Safari 2024 Expansion : APN/APN_S4/SV3/SV3_R14/APN_S4_SV3_R14_IMAG0187.JPG,Snapshot Safari 2024 Expansion : APN_S4#SV3#14#68,Snapshot Safari 2024 Expansion : APN_S4_SV3,1,african bush elephant,,9,train
https://storage.googleapis.com/public-datasets-lila/snapshotserengeti-unzipped/S5/C06/C06_R1/S5_C06_R1_IMAG0090.JPG,Snapshot Serengeti : S5/C06/C06_R1/S5_C06_R1_IMAG0090,Snapshot Serengeti : SER_S5#C06#1#33,Snapshot Serengeti : C06,1,african bush elephant,05-05-2012 09:51:18,9,val
https://storage.googleapis.com/public-datasets-lila/snapshot-safari-2024-expansion/Snapshot Cameo/EFA/EFA_S1/EFA08/EFA08_R25/EFA_S1_EFA08_R25_IMAG0690.JPG,Snapshot Safari 2024 Expansion : Snapshot Cameo/EFA/EFA_S1/EFA08/EFA08_R25/EFA_S1_EFA08_R25_IMAG0690.JPG,Snapshot Safari 2024 Expansion : EFA_S1#EFA08#25#111,Snapshot Safari 2024 Expansion : EFA_S1_EFA08,0,african bush elephant,,9,test
https://storage.googleapis.com/public-datasets-lila/snapshot-safari-2024-expansion/MAD/MAD_S2/MAD03/MAD03_R6/MAD_S2_MAD03_R6_IMAG2030.JPG,Snapshot Safari 2024 Expansion : MAD/MAD_S2/MAD03/MAD03_R6/MAD_S2_MAD03_R6_IMAG2030.JPG,Snapshot Safari 2024 Expansion : MAD_S2#MAD03#6#677,Snapshot Safari 2024 Expansion : MAD_S2_MAD03,1,african bush elephant,,9,train
https://storage.googleapis.com/public-datasets-lila/snapshot-safari-2024-expansion/MAD/MAD_S3/MAD03/MAD03_R08/MAD_S3_MAD03_R08_IMAG1341.JPG,Snapshot Safari 2024 Expansion : MAD/MAD_S3/MAD03/MAD03_R08/MAD_S3_MAD03_R08_IMAG1341.JPG,Snapshot Safari 2024 Expansion : MAD_S3#MAD03#08#447,Snapshot Safari 2024 Expansion : MAD_S3_MAD03,2,african bush elephant,,9,train
https://storage.googleapis.com/public-datasets-lila/snapshot-safari-2024-expansion/MAD/MAD_S1/MAD06/MAD06_R3/MAD_S1_MAD06_R3_IMAG3727.JPG,Snapshot Safari 2024 Expansion : MAD/MAD_S1/MAD06/MAD06_R3/MAD_S1_MAD06_R3_IMAG3727.JPG,Snapshot Safari 2024 Expansion : MAD_S1#MAD06#3#1243,Snapshot Safari 2024 Expansion : MAD_S1_MAD06,0,african bush elephant,,9,test
https://storage.googleapis.com/public-datasets-lila/wcs-unzipped/animals/0353/0459.jpg,WCS Camera Traps : 480420f0-92d5-11e9-bf24-000d3a74c7de,WCS Camera Traps : ken-016-d0093-301,WCS Camera Traps : 1317,14,african bush elephant,02-20-2013 17:36:12,9,test
https://storage.googleapis.com/public-datasets-lila/snapshot-safari-2024-expansion/MAD/MAD_S2/MAD03/MAD03_R6/MAD_S2_MAD03_R6_IMAG5213.JPG,Snapshot Safari 2024 Expansion : MAD/MAD_S2/MAD03/MAD03_R6/MAD_S2_MAD03_R6_IMAG5213.JPG,Snapshot Safari 2024 Expansion : MAD_S2#MAD03#6#1738,Snapshot Safari 2024 Expansion : MAD_S2_MAD03,1,african bush elephant,,9,train
https://storage.googleapis.com/public-datasets-lila/snapshot-safari-2024-expansion/MAD/MAD_S1/MAD01/MAD01_R4/MAD_S1_MAD01_R4_IMAG1747.JPG,Snapshot Safari 2024 Expansion : MAD/MAD_S1/MAD01/MAD01_R4/MAD_S1_MAD01_R4_IMAG1747.JPG,Snapshot Safari 2024 Expansion : MAD_S1#MAD01#4#583,Snapshot Safari 2024 Expansion : MAD_S1_MAD01,0,african bush elephant,,9,train
https://storage.googleapis.com/public-datasets-lila/snapshot-safari-2024-expansion/APN/APN_S3/WM/WM_R11/APN_S3_WM_R11_IMAG0463.JPG,Snapshot Safari 2024 Expansion : APN/APN_S3/WM/WM_R11/APN_S3_WM_R11_IMAG0463.JPG,Snapshot Safari 2024 Expansion : APN_S3#WM#11#197,Snapshot Safari 2024 Expansion : APN_S3_WM,1,african bush elephant,,9,train
https://storage.googleapis.com/public-datasets-lila/snapshot-safari-2024-expansion/MAD/MAD_S1/MAD03/MAD03_R3/MAD_S1_MAD03_R3_IMAG4821.JPG,Snapshot Safari 2024 Expansion : MAD/MAD_S1/MAD03/MAD03_R3/MAD_S1_MAD03_R3_IMAG4821.JPG,Snapshot Safari 2024 Expansion : MAD_S1#MAD03#3#1606,Snapshot Safari 2024 Expansion : MAD_S1_MAD03,2,african bush elephant,,9,train
https://storage.googleapis.com/public-datasets-lila/snapshot-safari-2024-expansion/APN/APN_S4/U43b/U43b_R13/APN_S4_U43b_R13_IMAG0014.JPG,Snapshot Safari 2024 Expansion : APN/APN_S4/U43b/U43b_R13/APN_S4_U43b_R13_IMAG0014.JPG,Snapshot Safari 2024 Expansion : APN_S4#U43b#13#6,Snapshot Safari 2024 Expansion : APN_S4_U43B,0,african bush elephant,,9,train
https://storage.googleapis.com/public-datasets-lila/snapshotserengeti-unzipped/S5/T09/T09_R2/S5_T09_R2_IMAG0238.JPG,Snapshot Serengeti : S5/T09/T09_R2/S5_T09_R2_IMAG0238,Snapshot Serengeti : SER_S5#T09#2#81,Snapshot Serengeti : T09,2,african bush elephant,09-02-2012 16:01:23,9,train
https://storage.googleapis.com/public-datasets-lila/wcs-unzipped/animals/0414/0844.jpg,WCS Camera Traps : 5e2b7789-92d5-11e9-9c2c-000d3a74c7de,WCS Camera Traps : ken-017-d0055-5,WCS Camera Traps : 2952,4,african bush elephant,02-02-2015 14:46:21,9,train
https://storage.googleapis.com/public-datasets-lila/snapshotserengeti-unzipped/S8/E13/E13_R2/S8_E13_R2_IMAG0173.JPG,Snapshot Serengeti : S8/E13/E13_R2/S8_E13_R2_IMAG0173,Snapshot Serengeti : SER_S8#E13#2#59,Snapshot Serengeti : E13,2,african bush elephant,01-27-2014 15:12:44,9,train
https://storage.googleapis.com/public-datasets-lila/snapshot-safari-2024-expansion/MAD/MAD_S2/MAD06/MAD06_R5/MAD_S2_MAD06_R5_IMAG3460.JPG,Snapshot Safari 2024 Expansion : MAD/MAD_S2/MAD06/MAD06_R5/MAD_S2_MAD06_R5_IMAG3460.JPG,Snapshot Safari 2024 Expansion : MAD_S2#MAD06#5#1154,Snapshot Safari 2024 Expansion : MAD_S2_MAD06,0,african bush elephant,,9,val
https://storage.googleapis.com/public-datasets-lila/snapshot-safari-2024-expansion/MAD/MAD_S1/MAD01/MAD01_R4/MAD_S1_MAD01_R4_IMAG2341.JPG,Snapshot Safari 2024 Expansion : MAD/MAD_S1/MAD01/MAD01_R4/MAD_S1_MAD01_R4_IMAG2341.JPG,Snapshot Safari 2024 Expansion : MAD_S1#MAD01#4#781,Snapshot Safari 2024 Expansion : MAD_S1_MAD01,0,african bush elephant,,9,train
https://storage.googleapis.com/public-datasets-lila/snapshot-safari-2024-expansion/APN/APN_S4/K064/K064_R13/APN_S4_K064_R13_IMAG0333.JPG,Snapshot Safari 2024 Expansion : APN/APN_S4/K064/K064_R13/APN_S4_K064_R13_IMAG0333.JPG,Snapshot Safari 2024 Expansion : APN_S4#K064#13#149,Snapshot Safari 2024 Expansion : APN_S4_K064,2,african bush elephant,,9,train
https://storage.googleapis.com/public-datasets-lila/snapshotserengeti-unzipped/S5/H03/H03_R2/S5_H03_R2_IMAG0775.JPG,Snapshot Serengeti : S5/H03/H03_R2/S5_H03_R2_IMAG0775,Snapshot Serengeti : SER_S5#H03#2#351,Snapshot Serengeti : H03,1,african bush elephant,09-16-2012 05:45:55,9,train
https://storage.googleapis.com/public-datasets-lila/snapshot-safari-2024-expansion/MAD/MAD_S3/MAD01/MAD01_R05/MAD_S3_MAD01_R05_IMAG0235.JPG,Snapshot Safari 2024 Expansion : MAD/MAD_S3/MAD01/MAD01_R05/MAD_S3_MAD01_R05_IMAG0235.JPG,Snapshot Safari 2024 Expansion : MAD_S3#MAD01#05#79,Snapshot Safari 2024 Expansion : MAD_S3_MAD01,0,african bush elephant,,9,train
https://storage.googleapis.com/public-datasets-lila/snapshot-safari-2024-expansion/Snapshot Cameo/EFA/EFA_S1/EFA05/EFA05_R12/EFA_S1_EFA05_R12_IMAG0254.JPG,Snapshot Safari 2024 Expansion : Snapshot Cameo/EFA/EFA_S1/EFA05/EFA05_R12/EFA_S1_EFA05_R12_IMAG0254.JPG,Snapshot Safari 2024 Expansion : EFA_S1#EFA05#12#64,Snapshot Safari 2024 Expansion : EFA_S1_EFA05,0,african bush elephant,,9,train
https://storage.googleapis.com/public-datasets-lila/snapshot-safari-2024-expansion/Snapshot Cameo/EFA/EFA_S1/EFA08/EFA08_R24/EFA_S1_EFA08_R24_IMAG1861.JPG,Snapshot Safari 2024 Expansion : Snapshot Cameo/EFA/EFA_S1/EFA08/EFA08_R24/EFA_S1_EFA08_R24_IMAG1861.JPG,Snapshot Safari 2024 Expansion : EFA_S1#EFA08#24#277,Snapshot Safari 2024 Expansion : EFA_S1_EFA08,2,african bush elephant,,9,test
https://storage.googleapis.com/public-datasets-lila/snapshot-safari-2024-expansion/APN/APN_S4/LL6/LL6_R7/APN_S4_LL6_R7_IMAG0164.JPG,Snapshot Safari 2024 Expansion : APN/APN_S4/LL6/LL6_R7/APN_S4_LL6_R7_IMAG0164.JPG,Snapshot Safari 2024 Expansion : APN_S4#LL6#7#68,Snapshot Safari 2024 Expansion : APN_S4_LL6,0,african bush elephant,,9,train
https://storage.googleapis.com/public-datasets-lila/snapshotserengeti-unzipped/S9/J05/J05_R3/S9_J05_R3_IMAG1806.JPG,Snapshot Serengeti : S9/J05/J05_R3/S9_J05_R3_IMAG1806,Snapshot Serengeti : SER_S9#J05#3#652,Snapshot Serengeti : J05,1,african bush elephant,01-16-2015 15:45:09,9,train
https://storage.googleapis.com/public-datasets-lila/snapshot-safari-2024-expansion/MAD/MAD_S3/MAD04/MAD04_R10/MAD_S3_MAD04_R10_IMAG1038.JPG,Snapshot Safari 2024 Expansion : MAD/MAD_S3/MAD04/MAD04_R10/MAD_S3_MAD04_R10_IMAG1038.JPG,Snapshot Safari 2024 Expansion : MAD_S3#MAD04#10#346,Snapshot Safari 2024 Expansion : MAD_S3_MAD04,2,african bush elephant,,9,train
https://storage.googleapis.com/public-datasets-lila/snapshotserengeti-unzipped/S10/K06/K06_R2/S10_K06_R2_IMAG0751.JPG,Snapshot Serengeti : S10/K06/K06_R2/S10_K06_R2_IMAG0751,Snapshot Serengeti : SER_S10#K06#2#277,Snapshot Serengeti : K06,3,african bush elephant,05-03-2015 17:28:34,9,train
https://storage.googleapis.com/public-datasets-lila/snapshot-safari-2024-expansion/MAD/MAD_S1/MAD04/MAD04_R3/MAD_S1_MAD04_R3_IMAG1172.JPG,Snapshot Safari 2024 Expansion : MAD/MAD_S1/MAD04/MAD04_R3/MAD_S1_MAD04_R3_IMAG1172.JPG,Snapshot Safari 2024 Expansion : MAD_S1#MAD04#3#391,Snapshot Safari 2024 Expansion : MAD_S1_MAD04,1,african bush elephant,,9,val
https://storage.googleapis.com/public-datasets-lila/wcs-unzipped/animals/0370/0996.jpg,WCS Camera Traps : 4e37eff2-92d5-11e9-887b-000d3a74c7de,WCS Camera Traps : ken-014-d0091-155,WCS Camera Traps : 2730,3,african bush elephant,08-11-2009 19:03:42,9,train
https://storage.googleapis.com/public-datasets-lila/snapshot-safari-2024-expansion/MAD/MAD_S3/MAD03/MAD03_R09/MAD_S3_MAD03_R09_IMAG2378.JPG,Snapshot Safari 2024 Expansion : MAD/MAD_S3/MAD03/MAD03_R09/MAD_S3_MAD03_R09_IMAG2378.JPG,Snapshot Safari 2024 Expansion : MAD_S3#MAD03#09#794,Snapshot Safari 2024 Expansion : MAD_S3_MAD03,0,african bush elephant,,9,train
https://storage.googleapis.com/public-datasets-lila/snapshot-safari-2024-expansion/SER/SER_S12/M05/M05_R2/SER_S12_M05_R2_IMAG0290.JPG,Snapshot Safari 2024 Expansion : SER/SER_S12/M05/M05_R2/SER_S12_M05_R2_IMAG0290.JPG,Snapshot Safari 2024 Expansion : SER_S12#M05#2#288,Snapshot Safari 2024 Expansion : SER_S12_M05,0,african bush elephant,,9,test
https://storage.googleapis.com/public-datasets-lila/snapshotserengeti-unzipped/S9/G12/G12_R2/S9_G12_R2_IMAG1536.JPG,Snapshot Serengeti : S9/G12/G12_R2/S9_G12_R2_IMAG1536,Snapshot Serengeti : SER_S9#G12#2#545,Snapshot Serengeti : G12,3,african bush elephant,09-22-2014 08:04:59,9,train
https://storage.googleapis.com/public-datasets-lila/snapshot-safari-2024-expansion/Snapshot Cameo/EFA/EFA_S1/EFA07/EFA07_R40/EFA_S1_EFA07_R40_IMAG1491.JPG,Snapshot Safari 2024 Expansion : Snapshot Cameo/EFA/EFA_S1/EFA07/EFA07_R40/EFA_S1_EFA07_R40_IMAG1491.JPG,Snapshot Safari 2024 Expansion : EFA_S1#EFA07#40#251,Snapshot Safari 2024 Expansion : EFA_S1_EFA07,2,african bush elephant,,9,train
https://storage.googleapis.com/public-datasets-lila/snapshotserengeti-unzipped/S6/N06/N06_R1/S6_N06_R1_IMAG0097.JPG,Snapshot Serengeti : S6/N06/N06_R1/S6_N06_R1_IMAG0097,Snapshot Serengeti : SER_S6#N06#1#53,Snapshot Serengeti : N06,1,african bush elephant,01-16-2013 21:06:48,9,train
https://storage.googleapis.com/public-datasets-lila/snapshot-safari-2024-expansion/MAD/MAD_S2/MAD03/MAD03_R6/MAD_S2_MAD03_R6_IMAG3772.JPG,Snapshot Safari 2024 Expansion : MAD/MAD_S2/MAD03/MAD03_R6/MAD_S2_MAD03_R6_IMAG3772.JPG,Snapshot Safari 2024 Expansion : MAD_S2#MAD03#6#1258,Snapshot Safari 2024 Expansion : MAD_S2_MAD03,0,african bush elephant,,9,train
https://storage.googleapis.com/public-datasets-lila/snapshotserengeti-unzipped/SER_S11/G07/G07_R2/SER_S11_G07_R2_IMAG2157.JPG,Snapshot Serengeti : SER_S11/G07/G07_R2/SER_S11_G07_R2_IMAG2157,Snapshot Serengeti : SER_S11#G07#2#768,Snapshot Serengeti : G07,3,african bush elephant,12-02-2015 13:12:02,9,train
https://storage.googleapis.com/public-datasets-lila/snapshotserengeti-unzipped/S8/C01/C01_R2/S8_C01_R2_IMAG0508.JPG,Snapshot Serengeti : S8/C01/C01_R2/S8_C01_R2_IMAG0508,Snapshot Serengeti : SER_S8#C01#2#176,Snapshot Serengeti : C01,1,african bush elephant,02-08-2014 22:34:03,9,train
https://storage.googleapis.com/public-datasets-lila/snapshot-safari-2024-expansion/MAD/MAD_S1/MAD03/MAD03_R3/MAD_S1_MAD03_R3_IMAG1306.JPG,Snapshot Safari 2024 Expansion : MAD/MAD_S1/MAD03/MAD03_R3/MAD_S1_MAD03_R3_IMAG1306.JPG,Snapshot Safari 2024 Expansion : MAD_S1#MAD03#3#436,Snapshot Safari 2024 Expansion : MAD_S1_MAD03,0,african bush elephant,,9,train
https://storage.googleapis.com/public-datasets-lila/snapshot-safari-2024-expansion/APN/APN_S4/N1/N1_R13/APN_S4_N1_R13_IMAG0271.JPG,Snapshot Safari 2024 Expansion : APN/APN_S4/N1/N1_R13/APN_S4_N1_R13_IMAG0271.JPG,Snapshot Safari 2024 Expansion : APN_S4#N1#13#119,Snapshot Safari 2024 Expansion : APN_S4_N1,1,african bush elephant,,9,train
https://storage.googleapis.com/public-datasets-lila/snapshot-safari-2024-expansion/MAD/MAD_S2/MAD03/MAD03_R7/MAD_S2_MAD03_R7_IMAG0605.JPG,Snapshot Safari 2024 Expansion : MAD/MAD_S2/MAD03/MAD03_R7/MAD_S2_MAD03_R7_IMAG0605.JPG,Snapshot Safari 2024 Expansion : MAD_S2#MAD03#7#202,Snapshot Safari 2024 Expansion : MAD_S2_MAD03,1,african bush elephant,,9,train
https://storage.googleapis.com/public-datasets-lila/snapshot-safari-2024-expansion/MAD/MAD_S2/MAD06/MAD06_R6/MAD_S2_MAD06_R6_IMAG4340.JPG,Snapshot Safari 2024 Expansion : MAD/MAD_S2/MAD06/MAD06_R6/MAD_S2_MAD06_R6_IMAG4340.JPG,Snapshot Safari 2024 Expansion : MAD_S2#MAD06#6#1447,Snapshot Safari 2024 Expansion : MAD_S2_MAD06,1,african bush elephant,,9,val
https://storage.googleapis.com/public-datasets-lila/snapshot-safari-2024-expansion/Snapshot Cameo/EFA/EFA_S1/EFA07/EFA07_R12/EFA_S1_EFA07_R12_IMAG0967.JPG,Snapshot Safari 2024 Expansion : Snapshot Cameo/EFA/EFA_S1/EFA07/EFA07_R12/EFA_S1_EFA07_R12_IMAG0967.JPG,Snapshot Safari 2024 Expansion : EFA_S1#EFA07#12#248,Snapshot Safari 2024 Expansion : EFA_S1_EFA07,1,african bush elephant,,9,train
https://storage.googleapis.com/public-datasets-lila/snapshotserengeti-unzipped/S4/D09/D09_R2/S4_D09_R2_IMAG1388.JPG,Snapshot Serengeti : S4/D09/D09_R2/S4_D09_R2_IMAG1388,Snapshot Serengeti : SER_S4#D09#2#472,Snapshot Serengeti : D09,3,african bush elephant,04-01-2012 08:37:16,9,train
https://storage.googleapis.com/public-datasets-lila/snapshotserengeti-unzipped/S7/L10/L10_R2/S7_L10_R2_IMAG0462.JPG,Snapshot Serengeti : S7/L10/L10_R2/S7_L10_R2_IMAG0462,Snapshot Serengeti : SER_S7#L10#2#181,Snapshot Serengeti : L10,3,african bush elephant,09-12-2013 00:52:48,9,test
https://storage.googleapis.com/public-datasets-lila/wcs-unzipped/animals/0301/0188.jpg,WCS Camera Traps : 3519c10a-92d5-11e9-babe-000d3a74c7de,WCS Camera Traps : ken-011-d0102-7,WCS Camera Traps : 1564,3,african bush elephant,01-15-2008 00:01:00,9,train
https://storage.googleapis.com/public-datasets-lila/wcs-unzipped/animals/0353/0176.jpg,WCS Camera Traps : 47f74fb6-92d5-11e9-92b5-000d3a74c7de,WCS Camera Traps : ken-016-d0093-144,WCS Camera Traps : 1317,9,african bush elephant,02-20-2013 09:16:37,9,test
https://storage.googleapis.com/public-datasets-lila/snapshot-safari-2024-expansion/APN/APN_S4/U23a/U23a_R13/APN_S4_U23a_R13_IMAG0474.JPG,Snapshot Safari 2024 Expansion : APN/APN_S4/U23a/U23a_R13/APN_S4_U23a_R13_IMAG0474.JPG,Snapshot Safari 2024 Expansion : APN_S4#U23a#13#212,Snapshot Safari 2024 Expansion : APN_S4_U23A,2,african bush elephant,,9,train
https://storage.googleapis.com/public-datasets-lila/snapshot-safari-2024-expansion/KRU/KRU_S2/44/44_R4/KRU_S2_44_R4_IMAG0195.JPG,Snapshot Safari 2024 Expansion : KRU/KRU_S2/44/44_R4/KRU_S2_44_R4_IMAG0195.JPG,Snapshot Safari 2024 Expansion : KRU_S2#44#4#88,Snapshot Safari 2024 Expansion : KRU_S2_44,1,african bush elephant,,9,train
https://storage.googleapis.com/public-datasets-lila/snapshot-safari-2024-expansion/MAD/MAD_S2/MAD03/MAD03_R5/MAD_S2_MAD03_R5_IMAG1119.JPG,Snapshot Safari 2024 Expansion : MAD/MAD_S2/MAD03/MAD03_R5/MAD_S2_MAD03_R5_IMAG1119.JPG,Snapshot Safari 2024 Expansion : MAD_S2#MAD03#5#373,Snapshot Safari 2024 Expansion : MAD_S2_MAD03,2,african bush elephant,,9,train
https://storage.googleapis.com/public-datasets-lila/snapshot-safari-2024-expansion/SER/SER_S12/F05/F05_R2/SER_S12_F05_R2_IMAG0029.JPG,Snapshot Safari 2024 Expansion : SER/SER_S12/F05/F05_R2/SER_S12_F05_R2_IMAG0029.JPG,Snapshot Safari 2024 Expansion : SER_S12#F05#2#12,Snapshot Safari 2024 Expansion : SER_S12_F05,1,african bush elephant,,9,train
https://storage.googleapis.com/public-datasets-lila/snapshotserengeti-unzipped/SER_S11/C02/C02_R2/SER_S11_C02_R2_IMAG0978.JPG,Snapshot Serengeti : SER_S11/C02/C02_R2/SER_S11_C02_R2_IMAG0978,Snapshot Serengeti : SER_S11#C02#2#347,Snapshot Serengeti : C02,1,african bush elephant,12-18-2015 23:22:31,9,val
https://storage.googleapis.com/public-datasets-lila/snapshotserengeti-unzipped/S8/J08/J08_R2/S8_J08_R2_IMAG0061.JPG,Snapshot Serengeti : S8/J08/J08_R2/S8_J08_R2_IMAG0061,Snapshot Serengeti : SER_S8#J08#2#59,Snapshot Serengeti : J08,1,african bush elephant,02-19-2014 12:59:47,9,val
https://storage.googleapis.com/public-datasets-lila/snapshot-safari-2024-expansion/MAD/MAD_S2/MAD04/MAD04_R5/MAD_S2_MAD04_R5_IMAG0023.JPG,Snapshot Safari 2024 Expansion : MAD/MAD_S2/MAD04/MAD04_R5/MAD_S2_MAD04_R5_IMAG0023.JPG,Snapshot Safari 2024 Expansion : MAD_S2#MAD04#5#8,Snapshot Safari 2024 Expansion : MAD_S2_MAD04,1,african bush elephant,,9,train
https://storage.googleapis.com/public-datasets-lila/snapshot-safari-2024-expansion/MAD/MAD_S1/MAD05/MAD05_R4/MAD_S1_MAD05_R4_IMAG0229.JPG,Snapshot Safari 2024 Expansion : MAD/MAD_S1/MAD05/MAD05_R4/MAD_S1_MAD05_R4_IMAG0229.JPG,Snapshot Safari 2024 Expansion : MAD_S1#MAD05#4#77,Snapshot Safari 2024 Expansion : MAD_S1_MAD05,0,african bush elephant,,9,val
https://storage.googleapis.com/public-datasets-lila/snapshot-safari-2024-expansion/APN/APN_S4/13U/13U_R13/APN_S4_13U_R13_IMAG0276.JPG,Snapshot Safari 2024 Expansion : APN/APN_S4/13U/13U_R13/APN_S4_13U_R13_IMAG0276.JPG,Snapshot Safari 2024 Expansion : APN_S4#13U#13#137,Snapshot Safari 2024 Expansion : APN_S4_13U,1,african bush elephant,,9,val
https://storage.googleapis.com/public-datasets-lila/snapshot-safari-2024-expansion/MAD/MAD_S1/B04/B04_R4/MAD_S1_B04_R4_IMAG0019.JPG,Snapshot Safari 2024 Expansion : MAD/MAD_S1/B04/B04_R4/MAD_S1_B04_R4_IMAG0019.JPG,Snapshot Safari 2024 Expansion : MAD_S1#B04#4#7,Snapshot Safari 2024 Expansion : MAD_S1_B04,0,african bush elephant,,9,train
https://storage.googleapis.com/public-datasets-lila/snapshotserengeti-unzipped/S5/I11/I11_R2/S5_I11_R2_IMAG0293.JPG,Snapshot Serengeti : S5/I11/I11_R2/S5_I11_R2_IMAG0293,Snapshot Serengeti : SER_S5#I11#2#133,Snapshot Serengeti : I11,1,african bush elephant,08-08-2012 23:50:08,9,train
https://storage.googleapis.com/public-datasets-lila/snapshotserengeti-unzipped/S5/I12/I12_R1/S5_I12_R1_IMAG0273.JPG,Snapshot Serengeti : S5/I12/I12_R1/S5_I12_R1_IMAG0273,Snapshot Serengeti : SER_S5#I12#1#101,Snapshot Serengeti : I12,2,african bush elephant,06-08-2012 11:20:04,9,train
https://storage.googleapis.com/public-datasets-lila/snapshot-safari-2024-expansion/Snapshot Cameo/EFA/EFA_S1/EFA08/EFA08_R11/EFA_S1_EFA08_R11_IMAG0588.JPG,Snapshot Safari 2024 Expansion : Snapshot Cameo/EFA/EFA_S1/EFA08/EFA08_R11/EFA_S1_EFA08_R11_IMAG0588.JPG,Snapshot Safari 2024 Expansion : EFA_S1#EFA08#11#124,Snapshot Safari 2024 Expansion : EFA_S1_EFA08,0,african bush elephant,,9,test
https://storage.googleapis.com/public-datasets-lila/snapshot-safari-2024-expansion/MAD/MAD_S1/MAD01/MAD01_R3/MAD_S1_MAD01_R3_IMAG1874.JPG,Snapshot Safari 2024 Expansion : MAD/MAD_S1/MAD01/MAD01_R3/MAD_S1_MAD01_R3_IMAG1874.JPG,Snapshot Safari 2024 Expansion : MAD_S1#MAD01#3#625,Snapshot Safari 2024 Expansion : MAD_S1_MAD01,1,african bush elephant,,9,train
https://storage.googleapis.com/public-datasets-lila/snapshot-safari-2024-expansion/APN/APN_S3/WB4/WB4_R1/APN_S3_WB4_R1_IMAG0128.JPG,Snapshot Safari 2024 Expansion : APN/APN_S3/WB4/WB4_R1/APN_S3_WB4_R1_IMAG0128.JPG,Snapshot Safari 2024 Expansion : APN_S3#WB4#1#52,Snapshot Safari 2024 Expansion : APN_S3_WB4,0,african bush elephant,,9,train
https://storage.googleapis.com/public-datasets-lila/snapshotserengeti-unzipped/S8/E06/E06_R3/S8_E06_R3_IMAG3349.JPG,Snapshot Serengeti : S8/E06/E06_R3/S8_E06_R3_IMAG3349,Snapshot Serengeti : SER_S8#E06#3#1148,Snapshot Serengeti : E06,1,african bush elephant,05-12-2014 13:29:15,9,train
https://storage.googleapis.com/public-datasets-lila/snapshotserengeti-unzipped/S8/G12/G12_R1/S8_G12_R1_IMAG0565.JPG,Snapshot Serengeti : S8/G12/G12_R1/S8_G12_R1_IMAG0565,Snapshot Serengeti : SER_S8#G12#1#199,Snapshot Serengeti : G12,3,african bush elephant,05-02-2014 15:30:40,9,train
https://storage.googleapis.com/public-datasets-lila/snapshotserengeti-unzipped/S9/F07/F07_R3/S9_F07_R3_IMAG0058.JPG,Snapshot Serengeti : S9/F07/F07_R3/S9_F07_R3_IMAG0058,Snapshot Serengeti : SER_S9#F07#3#27,Snapshot Serengeti : F07,1,african bush elephant,11-30-2014 13:11:06,9,test
https://storage.googleapis.com/public-datasets-lila/snapshot-safari-2024-expansion/MAD/MAD_S3/MAD01/MAD01_R08/MAD_S3_MAD01_R08_IMAG0100.JPG,Snapshot Safari 2024 Expansion : MAD/MAD_S3/MAD01/MAD01_R08/MAD_S3_MAD01_R08_IMAG0100.JPG,Snapshot Safari 2024 Expansion : MAD_S3#MAD01#08#34,Snapshot Safari 2024 Expansion : MAD_S3_MAD01,0,african bush elephant,,9,train
https://storage.googleapis.com/public-datasets-lila/snapshot-safari-2024-expansion/Snapshot Cameo/EFA/EFA_S1/EFA08/EFA08_R43/EFA_S1_EFA08_R43_IMAG0652.JPG,Snapshot Safari 2024 Expansion : Snapshot Cameo/EFA/EFA_S1/EFA08/EFA08_R43/EFA_S1_EFA08_R43_IMAG0652.JPG,Snapshot Safari 2024 Expansion : EFA_S1#EFA08#43#115,Snapshot Safari 2024 Expansion : EFA_S1_EFA08,1,african bush elephant,,9,test
https://storage.googleapis.com/public-datasets-lila/snapshot-safari-2024-expansion/MAD/MAD_S2/MAD06/MAD06_R5/MAD_S2_MAD06_R5_IMAG0310.JPG,Snapshot Safari 2024 Expansion : MAD/MAD_S2/MAD06/MAD06_R5/MAD_S2_MAD06_R5_IMAG0310.JPG,Snapshot Safari 2024 Expansion : MAD_S2#MAD06#5#104,Snapshot Safari 2024 Expansion : MAD_S2_MAD06,0,african bush elephant,,9,val
https://storage.googleapis.com/public-datasets-lila/snapshot-safari-2024-expansion/Snapshot Cameo/EFA/EFA_S1/EFA07/EFA07_R14/EFA_S1_EFA07_R14_IMAG1150.JPG,Snapshot Safari 2024 Expansion : Snapshot Cameo/EFA/EFA_S1/EFA07/EFA07_R14/EFA_S1_EFA07_R14_IMAG1150.JPG,Snapshot Safari 2024 Expansion : EFA_S1#EFA07#14#275,Snapshot Safari 2024 Expansion : EFA_S1_EFA07,1,african bush elephant,,9,train
https://storage.googleapis.com/public-datasets-lila/snapshot-safari-2024-expansion/MAD/MAD_S3/MAD01/MAD01_R08/MAD_S3_MAD01_R08_IMAG0624.JPG,Snapshot Safari 2024 Expansion : MAD/MAD_S3/MAD01/MAD01_R08/MAD_S3_MAD01_R08_IMAG0624.JPG,Snapshot Safari 2024 Expansion : MAD_S3#MAD01#08#208,Snapshot Safari 2024 Expansion : MAD_S3_MAD01,2,african bush elephant,,9,train
https://storage.googleapis.com/public-datasets-lila/snapshot-safari-2024-expansion/MAD/MAD_S3/MAD05/MAD05_R08/MAD_S3_MAD05_R08_IMAG0503.JPG,Snapshot Safari 2024 Expansion : MAD/MAD_S3/MAD05/MAD05_R08/MAD_S3_MAD05_R08_IMAG0503.JPG,Snapshot Safari 2024 Expansion : MAD_S3#MAD05#08#168,Snapshot Safari 2024 Expansion : MAD_S3_MAD05,1,african bush elephant,,9,train
https://storage.googleapis.com/public-datasets-lila/snapshotserengeti-unzipped/S7/O11/O11_R1/S7_O11_R1_IMAG0609.JPG,Snapshot Serengeti : S7/O11/O11_R1/S7_O11_R1_IMAG0609,Snapshot Serengeti : SER_S7#O11#1#209,Snapshot Serengeti : O11,3,african bush elephant,05-30-2013 12:57:32,9,train
https://storage.googleapis.com/public-datasets-lila/snapshotserengeti-unzipped/S10/L10/L10_R3/S10_L10_R3_IMAG0584.JPG,Snapshot Serengeti : S10/L10/L10_R3/S10_L10_R3_IMAG0584,Snapshot Serengeti : SER_S10#L10#3#228,Snapshot Serengeti : L10,2,african bush elephant,06-04-2015 13:53:03,9,test
https://storage.googleapis.com/public-datasets-lila/snapshot-safari-2024-expansion/MAD/MAD_S2/MAD06/MAD06_R6/MAD_S2_MAD06_R6_IMAG4742.JPG,Snapshot Safari 2024 Expansion : MAD/MAD_S2/MAD06/MAD06_R6/MAD_S2_MAD06_R6_IMAG4742.JPG,Snapshot Safari 2024 Expansion : MAD_S2#MAD06#6#1581,Snapshot Safari 2024 Expansion : MAD_S2_MAD06,1,african bush elephant,,9,val
https://storage.googleapis.com/public-datasets-lila/snapshot-safari-2024-expansion/Snapshot Cameo/EFA/EFA_S1/EFA06/EFA06_R40/EFA_S1_EFA06_R40_IMAG0091.JPG,Snapshot Safari 2024 Expansion : Snapshot Cameo/EFA/EFA_S1/EFA06/EFA06_R40/EFA_S1_EFA06_R40_IMAG0091.JPG,Snapshot Safari 2024 Expansion : EFA_S1#EFA06#40#47,Snapshot Safari 2024 Expansion : EFA_S1_EFA06,2,african bush elephant,,9,train
https://storage.googleapis.com/public-datasets-lila/snapshot-safari-2024-expansion/MAD/MAD_S3/MAD06/MAD06_R08/MAD_S3_MAD06_R08_IMAG0056.JPG,Snapshot Safari 2024 Expansion : MAD/MAD_S3/MAD06/MAD06_R08/MAD_S3_MAD06_R08_IMAG0056.JPG,Snapshot Safari 2024 Expansion : MAD_S3#MAD06#08#19,Snapshot Safari 2024 Expansion : MAD_S3_MAD06,1,african bush elephant,,9,train
https://storage.googleapis.com/public-datasets-lila/snapshot-safari-2024-expansion/MAD/MAD_S3/H06/H06_R10/MAD_S3_H06_R10_IMAG0008.JPG,Snapshot Safari 2024 Expansion : MAD/MAD_S3/H06/H06_R10/MAD_S3_H06_R10_IMAG0008.JPG,Snapshot Safari 2024 Expansion : MAD_S3#H06#10#3,Snapshot Safari 2024 Expansion : MAD_S3_H06,1,african bush elephant,,9,train
https://storage.googleapis.com/public-datasets-lila/wcs-unzipped/animals/0290/0074.jpg,WCS Camera Traps : 31114324-92d5-11e9-8921-000d3a74c7de,WCS Camera Traps : ken-006-d0063-32,WCS Camera Traps : 1464,9,african bush elephant,02-18-2011 02:55:40,9,train
https://storage.googleapis.com/public-datasets-lila/snapshot-safari-2024-expansion/Snapshot Cameo/EFA/EFA_S1/EFA08/EFA08_R2/EFA_S1_EFA08_R2_IMAG1563.JPG,Snapshot Safari 2024 Expansion : Snapshot Cameo/EFA/EFA_S1/EFA08/EFA08_R2/EFA_S1_EFA08_R2_IMAG1563.JPG,Snapshot Safari 2024 Expansion : EFA_S1#EFA08#2#336,Snapshot Safari 2024 Expansion : EFA_S1_EFA08,1,african bush elephant,,9,test
https://storage.googleapis.com/public-datasets-lila/snapshot-safari-2024-expansion/APN/APN_S2/DW/DW_R7/APN_S2_DW_R7_IMAG0483.JPG,Snapshot Safari 2024 Expansion : APN/APN_S2/DW/DW_R7/APN_S2_DW_R7_IMAG0483.JPG,Snapshot Safari 2024 Expansion : APN_S2#DW#7#176,Snapshot Safari 2024 Expansion : APN_S2_DW,0,african bush elephant,,9,train
https://storage.googleapis.com/public-datasets-lila/wcs-unzipped/animals/0309/1353.jpg,WCS Camera Traps : 3838dc0c-92d5-11e9-a689-000d3a74c7de,WCS Camera Traps : ken-015-d0021-74,WCS Camera Traps : 1624,1,african bush elephant,03-15-2010 06:56:19,9,train
https://storage.googleapis.com/public-datasets-lila/snapshot-safari-2024-expansion/RUA/RUA_S1/M46/M46_R1/RUA_S1_M46_R1_IMAG5626.JPG,Snapshot Safari 2024 Expansion : RUA/RUA_S1/M46/M46_R1/RUA_S1_M46_R1_IMAG5626.JPG,Snapshot Safari 2024 Expansion : RUA_S1#M46#1#5626,Snapshot Safari 2024 Expansion : RUA_S1_M46,0,african bush elephant,,9,train
https://storage.googleapis.com/public-datasets-lila/snapshot-safari-2024-expansion/APN/APN_S3/13U/13U_R11/APN_S3_13U_R11_IMAG0779.JPG,Snapshot Safari 2024 Expansion : APN/APN_S3/13U/13U_R11/APN_S3_13U_R11_IMAG0779.JPG,Snapshot Safari 2024 Expansion : APN_S3#13U#11#409,Snapshot Safari 2024 Expansion : APN_S3_13U,0,african bush elephant,,9,test
https://storage.googleapis.com/public-datasets-lila/snapshotserengeti-unzipped/S4/F01/F01_R2/S4_F01_R2_IMAG0731.JPG,Snapshot Serengeti : S4/F01/F01_R2/S4_F01_R2_IMAG0731,Snapshot Serengeti : SER_S4#F01#2#399,Snapshot Serengeti : F01,1,african bush elephant,04-22-2012 17:47:39,9,test
https://storage.googleapis.com/public-datasets-lila/wcs-unzipped/animals/0226/1983.jpg,WCS Camera Traps : 198809b4-92d5-11e9-bcc6-000d3a74c7de,WCS Camera Traps : ken-007-d0093-169,WCS Camera Traps : 1317,8,african bush elephant,02-23-2012 11:56:14,9,test
https://storage.googleapis.com/public-datasets-lila/snapshot-safari-2024-expansion/MAD/MAD_S3/C06/C06_R11/MAD_S3_C06_R11_IMAG0186.JPG,Snapshot Safari 2024 Expansion : MAD/MAD_S3/C06/C06_R11/MAD_S3_C06_R11_IMAG0186.JPG,Snapshot Safari 2024 Expansion : MAD_S3#C06#11#62,Snapshot Safari 2024 Expansion : MAD_S3_C06,2,african bush elephant,,9,train
https://storage.googleapis.com/public-datasets-lila/snapshot-safari-2024-expansion/MAD/MAD_S2/MAD03/MAD03_R6/MAD_S2_MAD03_R6_IMAG0429.JPG,Snapshot Safari 2024 Expansion : MAD/MAD_S2/MAD03/MAD03_R6/MAD_S2_MAD03_R6_IMAG0429.JPG,Snapshot Safari 2024 Expansion : MAD_S2#MAD03#6#143,Snapshot Safari 2024 Expansion : MAD_S2_MAD03,2,african bush elephant,,9,train
https://storage.googleapis.com/public-datasets-lila/snapshot-safari-2024-expansion/MAD/MAD_S2/MAD03/MAD03_R5/MAD_S2_MAD03_R5_IMAG2993.JPG,Snapshot Safari 2024 Expansion : MAD/MAD_S2/MAD03/MAD03_R5/MAD_S2_MAD03_R5_IMAG2993.JPG,Snapshot Safari 2024 Expansion : MAD_S2#MAD03#5#998,Snapshot Safari 2024 Expansion : MAD_S2_MAD03,1,african bush elephant,,9,train
https://storage.googleapis.com/public-datasets-lila/snapshotserengeti-unzipped/S8/E03/E03_R3/S8_E03_R3_IMAG3178.JPG,Snapshot Serengeti : S8/E03/E03_R3/S8_E03_R3_IMAG3178,Snapshot Serengeti : SER_S8#E03#3#1091,Snapshot Serengeti : E03,2,african bush elephant,03-08-2014 11:18:42,9,train
https://storage.googleapis.com/public-datasets-lila/snapshot-safari-2024-expansion/MAD/MAD_S2/MAD03/MAD03_R6/MAD_S2_MAD03_R6_IMAG2979.JPG,Snapshot Safari 2024 Expansion : MAD/MAD_S2/MAD03/MAD03_R6/MAD_S2_MAD03_R6_IMAG2979.JPG,Snapshot Safari 2024 Expansion : MAD_S2#MAD03#6#993,Snapshot Safari 2024 Expansion : MAD_S2_MAD03,2,african bush elephant,,9,train
https://storage.googleapis.com/public-datasets-lila/snapshot-safari-2024-expansion/MAD/MAD_S3/MAD03/MAD03_R08/MAD_S3_MAD03_R08_IMAG5972.JPG,Snapshot Safari 2024 Expansion : MAD/MAD_S3/MAD03/MAD03_R08/MAD_S3_MAD03_R08_IMAG5972.JPG,Snapshot Safari 2024 Expansion : MAD_S3#MAD03#08#1991,Snapshot Safari 2024 Expansion : MAD_S3_MAD03,1,african bush elephant,,9,train
https://storage.googleapis.com/public-datasets-lila/snapshotserengeti-unzipped/S10/J09/J09_R3/S10_J09_R3_IMAG5919.JPG,Snapshot Serengeti : S10/J09/J09_R3/S10_J09_R3_IMAG5919,Snapshot Serengeti : SER_S10#J09#3#2021,Snapshot Serengeti : J09,1,african bush elephant,06-28-2015 13:46:16,9,train
https://storage.googleapis.com/public-datasets-lila/snapshot-safari-2024-expansion/Snapshot Cameo/EFA/EFA_S1/EFA08/EFA08_R33/EFA_S1_EFA08_R33_IMAG0504.JPG,Snapshot Safari 2024 Expansion : Snapshot Cameo/EFA/EFA_S1/EFA08/EFA08_R33/EFA_S1_EFA08_R33_IMAG0504.JPG,Snapshot Safari 2024 Expansion : EFA_S1#EFA08#33#111,Snapshot Safari 2024 Expansion : EFA_S1_EFA08,1,african bush elephant,,9,test
https://storage.googleapis.com/public-datasets-lila/snapshot-safari-2024-expansion/Snapshot Cameo/EFA/EFA_S1/EFA08/EFA08_R41/EFA_S1_EFA08_R41_IMAG0193.JPG,Snapshot Safari 2024 Expansion : Snapshot Cameo/EFA/EFA_S1/EFA08/EFA08_R41/EFA_S1_EFA08_R41_IMAG0193.JPG,Snapshot Safari 2024 Expansion : EFA_S1#EFA08#41#35,Snapshot Safari 2024 Expansion : EFA_S1_EFA08,1,african bush elephant,,9,test
https://storage.googleapis.com/public-datasets-lila/snapshot-safari-2024-expansion/Snapshot Cameo/EFA/EFA_S1/EFA06/EFA06_R31/EFA_S1_EFA06_R31_IMAG0421.JPG,Snapshot Safari 2024 Expansion : Snapshot Cameo/EFA/EFA_S1/EFA06/EFA06_R31/EFA_S1_EFA06_R31_IMAG0421.JPG,Snapshot Safari 2024 Expansion : EFA_S1#EFA06#31#124,Snapshot Safari 2024 Expansion : EFA_S1_EFA06,1,african bush elephant,,9,train
https://storage.googleapis.com/public-datasets-lila/snapshot-safari-2024-expansion/Snapshot Cameo/EFA/EFA_S1/EFA03/EFA03_R16/EFA_S1_EFA03_R16_IMAG0213.JPG,Snapshot Safari 2024 Expansion : Snapshot Cameo/EFA/EFA_S1/EFA03/EFA03_R16/EFA_S1_EFA03_R16_IMAG0213.JPG,Snapshot Safari 2024 Expansion : EFA_S1#EFA03#16#68,Snapshot Safari 2024 Expansion : EFA_S1_EFA03,2,african bush elephant,,9,train
https://storage.googleapis.com/public-datasets-lila/snapshot-safari-2024-expansion/MAD/MAD_S2/MAD06/MAD06_R6/MAD_S2_MAD06_R6_IMAG0137.JPG,Snapshot Safari 2024 Expansion : MAD/MAD_S2/MAD06/MAD06_R6/MAD_S2_MAD06_R6_IMAG0137.JPG,Snapshot Safari 2024 Expansion : MAD_S2#MAD06#6#46,Snapshot Safari 2024 Expansion : MAD_S2_MAD06,1,african bush elephant,,9,val
https://storage.googleapis.com/public-datasets-lila/snapshotserengeti-unzipped/S7/C11/C11_R2/S7_C11_R2_IMAG1293.JPG,Snapshot Serengeti : S7/C11/C11_R2/S7_C11_R2_IMAG1293,Snapshot Serengeti : SER_S7#C11#2#448,Snapshot Serengeti : C11,2,african bush elephant,07-03-2013 09:48:54,9,train
https://storage.googleapis.com/public-datasets-lila/snapshotserengeti-unzipped/S6/B13/B13_R2/S6_B13_R2_IMAG0012.JPG,Snapshot Serengeti : S6/B13/B13_R2/S6_B13_R2_IMAG0012,Snapshot Serengeti : SER_S6#B13#2#5,Snapshot Serengeti : B13,2,african bush elephant,02-12-2013 08:22:25,9,train
https://storage.googleapis.com/public-datasets-lila/snapshot-safari-2024-expansion/MAD/MAD_S1/C04/C04_R3/MAD_S1_C04_R3_IMAG0369.JPG,Snapshot Safari 2024 Expansion : MAD/MAD_S1/C04/C04_R3/MAD_S1_C04_R3_IMAG0369.JPG,Snapshot Safari 2024 Expansion : MAD_S1#C04#3#123,Snapshot Safari 2024 Expansion : MAD_S1_C04,2,african bush elephant,,9,train
https://storage.googleapis.com/public-datasets-lila/snapshot-safari-2024-expansion/Snapshot Cameo/EFA/EFA_S1/EFA06/EFA06_R29/EFA_S1_EFA06_R29_IMAG0080.JPG,Snapshot Safari 2024 Expansion : Snapshot Cameo/EFA/EFA_S1/EFA06/EFA06_R29/EFA_S1_EFA06_R29_IMAG0080.JPG,Snapshot Safari 2024 Expansion : EFA_S1#EFA06#29#20,Snapshot Safari 2024 Expansion : EFA_S1_EFA06,2,african bush elephant,,9,train
https://storage.googleapis.com/public-datasets-lila/snapshot-safari-2024-expansion/MAD/MAD_S1/H06/H06_R3/MAD_S1_H06_R3_IMAG0063.JPG,Snapshot Safari 2024 Expansion : MAD/MAD_S1/H06/H06_R3/MAD_S1_H06_R3_IMAG0063.JPG,Snapshot Safari 2024 Expansion : MAD_S1#H06#3#21,Snapshot Safari 2024 Expansion : MAD_S1_H06,2,african bush elephant,,9,train
https://storage.googleapis.com/public-datasets-lila/snapshotserengeti-unzipped/S3/H04/H04_R11/S3_H04_R11_IMAG1105.JPG,Snapshot Serengeti : S3/H04/H04_R11/S3_H04_R11_IMAG1105,Snapshot Serengeti : SER_S3#H04#11#452,Snapshot Serengeti : H04,2,african bush elephant,11-29-2011 13:21:57,9,train
https://storage.googleapis.com/public-datasets-lila/snapshot-safari-2024-expansion/SER/SER_S12/J05/J05_R2/SER_S12_J05_R2_IMAG0158.JPG,Snapshot Safari 2024 Expansion : SER/SER_S12/J05/J05_R2/SER_S12_J05_R2_IMAG0158.JPG,Snapshot Safari 2024 Expansion : SER_S12#J05#2#76,Snapshot Safari 2024 Expansion : SER_S12_J05,0,african bush elephant,,9,train
https://storage.googleapis.com/public-datasets-lila/snapshotserengeti-unzipped/S10/M09/M09_R3/S10_M09_R3_IMAG0787.JPG,Snapshot Serengeti : S10/M09/M09_R3/S10_M09_R3_IMAG0787,Snapshot Serengeti : SER_S10#M09#3#427,Snapshot Serengeti : M09,1,african bush elephant,06-04-2015 01:45:55,9,train
https://storage.googleapis.com/public-datasets-lila/snapshot-safari-2024-expansion/Snapshot Cameo/EFA/EFA_S1/EFA03/EFA03_R6/EFA_S1_EFA03_R6_IMAG0135.JPG,Snapshot Safari 2024 Expansion : Snapshot Cameo/EFA/EFA_S1/EFA03/EFA03_R6/EFA_S1_EFA03_R6_IMAG0135.JPG,Snapshot Safari 2024 Expansion : EFA_S1#EFA03#6#44,Snapshot Safari 2024 Expansion : EFA_S1_EFA03,0,african bush elephant,,9,train
https://storage.googleapis.com/public-datasets-lila/snapshotserengeti-unzipped/S5/K10/K10_R1/S5_K10_R1_IMAG0615.JPG,Snapshot Serengeti : S5/K10/K10_R1/S5_K10_R1_IMAG0615,Snapshot Serengeti : SER_S5#K10#1#213,Snapshot Serengeti : K10,2,african bush elephant,07-13-2012 16:24:02,9,train
https://storage.googleapis.com/public-datasets-lila/wcs-unzipped/animals/0232/1316.jpg,WCS Camera Traps : 1b98bfe0-92d5-11e9-b1fa-000d3a74c7de,WCS Camera Traps : ken-010-d0010-111,WCS Camera Traps : 1331,3,african bush elephant,07-27-2011 06:16:00,9,train
https://storage.googleapis.com/public-datasets-lila/snapshot-safari-2024-expansion/RUA/RUA_S1/M7/M7_R2/RUA_S1_M7_R2_IMAG3757.JPG,Snapshot Safari 2024 Expansion : RUA/RUA_S1/M7/M7_R2/RUA_S1_M7_R2_IMAG3757.JPG,Snapshot Safari 2024 Expansion : RUA_S1#M7#2#3756,Snapshot Safari 2024 Expansion : RUA_S1_M7,0,african bush elephant,,9,train
https://storage.googleapis.com/public-datasets-lila/wcs-unzipped/animals/0227/1952.jpg,WCS Camera Traps : 19e482a9-92d5-11e9-88e1-000d3a74c7de,WCS Camera Traps : ken-007-d0097-58,WCS Camera Traps : 1321,15,african bush elephant,02-20-2012 21:40:04,9,val
https://storage.googleapis.com/public-datasets-lila/snapshotserengeti-unzipped/S9/O11/O11_R1/S9_O11_R1_IMAG0261.JPG,Snapshot Serengeti : S9/O11/O11_R1/S9_O11_R1_IMAG0261,Snapshot Serengeti : SER_S9#O11#1#102,Snapshot Serengeti : O11,3,african bush elephant,05-10-2014 14:25:03,9,train
https://storage.googleapis.com/public-datasets-lila/snapshotserengeti-unzipped/S7/D07/D07_R1/S7_D07_R1_IMAG0056.JPG,Snapshot Serengeti : S7/D07/D07_R1/S7_D07_R1_IMAG0056,Snapshot Serengeti : SER_S7#D07#1#21,Snapshot Serengeti : D07,2,african bush elephant,04-19-2013 13:48:12,9,train
https://storage.googleapis.com/public-datasets-lila/snapshotserengeti-unzipped/S6/G12/G12_R1/S6_G12_R1_IMAG2364.JPG,Snapshot Serengeti : S6/G12/G12_R1/S6_G12_R1_IMAG2364,Snapshot Serengeti : SER_S6#G12#1#1086,Snapshot Serengeti : G12,1,african bush elephant,02-06-2013 16:38:55,9,train
https://storage.googleapis.com/public-datasets-lila/snapshot-safari-2024-expansion/KRU/KRU_S2/49/49_R3/KRU_S2_49_R3_IMAG0367.JPG,Snapshot Safari 2024 Expansion : KRU/KRU_S2/49/49_R3/KRU_S2_49_R3_IMAG0367.JPG,Snapshot Safari 2024 Expansion : KRU_S2#49#3#135,Snapshot Safari 2024 Expansion : KRU_S2_49,0,african bush elephant,,9,train
https://storage.googleapis.com/public-datasets-lila/snapshot-safari-2024-expansion/MAD/MAD_S1/D03/D03_R4/MAD_S1_D03_R4_IMAG0282.JPG,Snapshot Safari 2024 Expansion : MAD/MAD_S1/D03/D03_R4/MAD_S1_D03_R4_IMAG0282.JPG,Snapshot Safari 2024 Expansion : MAD_S1#D03#4#94,Snapshot Safari 2024 Expansion : MAD_S1_D03,2,african bush elephant,,9,test
https://storage.googleapis.com/public-datasets-lila/snapshotserengeti-unzipped/S6/L04/L04_R1/S6_L04_R1_IMAG0524.JPG,Snapshot Serengeti : S6/L04/L04_R1/S6_L04_R1_IMAG0524,Snapshot Serengeti : SER_S6#L04#1#197,Snapshot Serengeti : L04,2,african bush elephant,01-31-2013 12:23:21,9,val
https://storage.googleapis.com/public-datasets-lila/snapshot-safari-2024-expansion/SER/SER_S12/I04/I04_R1/SER_S12_I04_R1_IMAG0216.JPG,Snapshot Safari 2024 Expansion : SER/SER_S12/I04/I04_R1/SER_S12_I04_R1_IMAG0216.JPG,Snapshot Safari 2024 Expansion : SER_S12#I04#1#113,Snapshot Safari 2024 Expansion : SER_S12_I04,1,african bush elephant,,9,train
https://storage.googleapis.com/public-datasets-lila/snapshot-safari-2024-expansion/MAD/MAD_S3/I08/I08_R10/MAD_S3_I08_R10_IMAG0256.JPG,Snapshot Safari 2024 Expansion : MAD/MAD_S3/I08/I08_R10/MAD_S3_I08_R10_IMAG0256.JPG,Snapshot Safari 2024 Expansion : MAD_S3#I08#10#86,Snapshot Safari 2024 Expansion : MAD_S3_I08,0,african bush elephant,,9,test
https://storage.googleapis.com/public-datasets-lila/snapshot-safari-2024-expansion/MAD/MAD_S3/MAD03/MAD03_R09/MAD_S3_MAD03_R09_IMAG2197.JPG,Snapshot Safari 2024 Expansion : MAD/MAD_S3/MAD03/MAD03_R09/MAD_S3_MAD03_R09_IMAG2197.JPG,Snapshot Safari 2024 Expansion : MAD_S3#MAD03#09#733,Snapshot Safari 2024 Expansion : MAD_S3_MAD03,2,african bush elephant,,9,train
https://storage.googleapis.com/public-datasets-lila/snapshotserengeti-unzipped/S1/K03/K03_R1/S1_K03_R1_PICT0619.JPG,Snapshot Serengeti : S1/K03/K03_R1/S1_K03_R1_PICT0619,Snapshot Serengeti : SER_S1#K03#1#207,Snapshot Serengeti : K03,3,african bush elephant,10-10-2010 11:17:32,9,test
https://storage.googleapis.com/public-datasets-lila/snapshot-safari-2024-expansion/Snapshot Cameo/EFA/EFA_S1/EFA07/EFA07_R36/EFA_S1_EFA07_R36_IMAG0217.JPG,Snapshot Safari 2024 Expansion : Snapshot Cameo/EFA/EFA_S1/EFA07/EFA07_R36/EFA_S1_EFA07_R36_IMAG0217.JPG,Snapshot Safari 2024 Expansion : EFA_S1#EFA07#36#39,Snapshot Safari 2024 Expansion : EFA_S1_EFA07,0,african bush elephant,,9,train
https://storage.googleapis.com/public-datasets-lila/snapshotserengeti-unzipped/SER_S11/D03/D03_R2/SER_S11_D03_R2_IMAG0395.JPG,Snapshot Serengeti : SER_S11/D03/D03_R2/SER_S11_D03_R2_IMAG0395,Snapshot Serengeti : SER_S11#D03#2#160,Snapshot Serengeti : D03,1,african bush elephant,01-04-2016 17:23:22,9,train
https://storage.googleapis.com/public-datasets-lila/snapshot-safari-2024-expansion/SER/SER_S13/M06/M06_R1/SER_S13_M06_R1_IMAG0794.JPG,Snapshot Safari 2024 Expansion : SER/SER_S13/M06/M06_R1/SER_S13_M06_R1_IMAG0794.JPG,Snapshot Safari 2024 Expansion : SER_S13#M06#1#302,Snapshot Safari 2024 Expansion : SER_S13_M06,0,african bush elephant,,9,train
https://storage.googleapis.com/public-datasets-lila/snapshot-safari-2024-expansion/MAD/MAD_S1/MAD06/MAD06_R3/MAD_S1_MAD06_R3_IMAG1268.JPG,Snapshot Safari 2024 Expansion : MAD/MAD_S1/MAD06/MAD06_R3/MAD_S1_MAD06_R3_IMAG1268.JPG,Snapshot Safari 2024 Expansion : MAD_S1#MAD06#3#423,Snapshot Safari 2024 Expansion : MAD_S1_MAD06,1,african bush elephant,,9,test
https://storage.googleapis.com/public-datasets-lila/snapshotserengeti-unzipped/S8/H03/H03_R2/S8_H03_R2_IMAG0098.JPG,Snapshot Serengeti : S8/H03/H03_R2/S8_H03_R2_IMAG0098,Snapshot Serengeti : SER_S8#H03#2#46,Snapshot Serengeti : H03,1,african bush elephant,12-16-2013 03:13:30,9,train
https://storage.googleapis.com/public-datasets-lila/snapshot-safari-2024-expansion/RUA/RUA_S1/M27/M27_R1/RUA_S1_M27_R1_IMAG1013.JPG,Snapshot Safari 2024 Expansion : RUA/RUA_S1/M27/M27_R1/RUA_S1_M27_R1_IMAG1013.JPG,Snapshot Safari 2024 Expansion : RUA_S1#M27#1#1013,Snapshot Safari 2024 Expansion : RUA_S1_M27,0,african bush elephant,,9,train
https://storage.googleapis.com/public-datasets-lila/wcs-unzipped/animals/0288/1938.jpg,WCS Camera Traps : 30ac3f7d-92d5-11e9-af72-000d3a74c7de,WCS Camera Traps : ken-006-d0054-27,WCS Camera Traps : 1455,5,african bush elephant,02-20-2011 01:21:47,9,train
https://storage.googleapis.com/public-datasets-lila/wcs-unzipped/animals/0349/0803.jpg,WCS Camera Traps : 469b42f8-92d5-11e9-a4eb-000d3a74c7de,WCS Camera Traps : ken-016-d0088-3,WCS Camera Traps : 1311,6,african bush elephant,02-20-2013 06:58:25,9,train
https://storage.googleapis.com/public-datasets-lila/snapshotserengeti-unzipped/S7/P04/P04_R2/S7_P04_R2_IMAG0098.JPG,Snapshot Serengeti : S7/P04/P04_R2/S7_P04_R2_IMAG0098,Snapshot Serengeti : SER_S7#P04#2#39,Snapshot Serengeti : P04,1,african bush elephant,07-23-2013 11:49:16,9,train
https://storage.googleapis.com/public-datasets-lila/snapshot-safari-2024-expansion/KRU/KRU_S1/2/2_R1/KRU_S1_2_R1_IMAG0039.JPG,Snapshot Safari 2024 Expansion : KRU/KRU_S1/2/2_R1/KRU_S1_2_R1_IMAG0039.JPG,Snapshot Safari 2024 Expansion : KRU_S1#2#1#17,Snapshot Safari 2024 Expansion : KRU_S1_2,0,african bush elephant,,9,train
https://storage.googleapis.com/public-datasets-lila/snapshot-safari-2024-expansion/MAD/MAD_S2/MAD03/MAD03_R6/MAD_S2_MAD03_R6_IMAG4585.JPG,Snapshot Safari 2024 Expansion : MAD/MAD_S2/MAD03/MAD03_R6/MAD_S2_MAD03_R6_IMAG4585.JPG,Snapshot Safari 2024 Expansion : MAD_S2#MAD03#6#1529,Snapshot Safari 2024 Expansion : MAD_S2_MAD03,0,african bush elephant,,9,train
https://storage.googleapis.com/public-datasets-lila/snapshot-safari-2024-expansion/APN/APN_S4/G3/G3_R8/APN_S4_G3_R8_IMAG0379.JPG,Snapshot Safari 2024 Expansion : APN/APN_S4/G3/G3_R8/APN_S4_G3_R8_IMAG0379.JPG,Snapshot Safari 2024 Expansion : APN_S4#G3#8#159,Snapshot Safari 2024 Expansion : APN_S4_G3,2,african bush elephant,,9,train
https://storage.googleapis.com/public-datasets-lila/snapshot-safari-2024-expansion/MAD/MAD_S3/MAD04/MAD04_R11/MAD_S3_MAD04_R11_IMAG1252.JPG,Snapshot Safari 2024 Expansion : MAD/MAD_S3/MAD04/MAD04_R11/MAD_S3_MAD04_R11_IMAG1252.JPG,Snapshot Safari 2024 Expansion : MAD_S3#MAD04#11#418,Snapshot Safari 2024 Expansion : MAD_S3_MAD04,0,african bush elephant,,9,train
https://storage.googleapis.com/public-datasets-lila/snapshot-safari-2024-expansion/Snapshot Cameo/EFA/EFA_S1/EFA07/EFA07_R38/EFA_S1_EFA07_R38_IMAG0435.JPG,Snapshot Safari 2024 Expansion : Snapshot Cameo/EFA/EFA_S1/EFA07/EFA07_R38/EFA_S1_EFA07_R38_IMAG0435.JPG,Snapshot Safari 2024 Expansion : EFA_S1#EFA07#38#63,Snapshot Safari 2024 Expansion : EFA_S1_EFA07,0,african bush elephant,,9,train
https://storage.googleapis.com/public-datasets-lila/snapshotserengeti-unzipped/S7/J12/J12_R3/S7_J12_R3_IMAG0144.JPG,Snapshot Serengeti : S7/J12/J12_R3/S7_J12_R3_IMAG0144,Snapshot Serengeti : SER_S7#J12#3#77,Snapshot Serengeti : J12,2,african bush elephant,10-20-2013 14:10:47,9,train
https://storage.googleapis.com/public-datasets-lila/snapshot-safari-2024-expansion/Snapshot Cameo/EFA/EFA_S1/EFA07/EFA07_R29/EFA_S1_EFA07_R29_IMAG0255.JPG,Snapshot Safari 2024 Expansion : Snapshot Cameo/EFA/EFA_S1/EFA07/EFA07_R29/EFA_S1_EFA07_R29_IMAG0255.JPG,Snapshot Safari 2024 Expansion : EFA_S1#EFA07#29#75,Snapshot Safari 2024 Expansion : EFA_S1_EFA07,0,african bush elephant,,9,train
https://storage.googleapis.com/public-datasets-lila/snapshotserengeti-unzipped/S8/J08/J08_R1/S8_J08_R1_IMAG0500.JPG,Snapshot Serengeti : S8/J08/J08_R1/S8_J08_R1_IMAG0500,Snapshot Serengeti : SER_S8#J08#1#500,Snapshot Serengeti : J08,1,african bush elephant,01-29-2014 18:26:22,9,val
https://storage.googleapis.com/public-datasets-lila/snapshot-safari-2024-expansion/MAD/MAD_S2/MAD05/MAD05_R5/MAD_S2_MAD05_R5_IMAG1010.JPG,Snapshot Safari 2024 Expansion : MAD/MAD_S2/MAD05/MAD05_R5/MAD_S2_MAD05_R5_IMAG1010.JPG,Snapshot Safari 2024 Expansion : MAD_S2#MAD05#5#337,Snapshot Safari 2024 Expansion : MAD_S2_MAD05,1,african bush elephant,,9,val
https://storage.googleapis.com/public-datasets-lila/snapshotserengeti-unzipped/S6/G12/G12_R1/S6_G12_R1_IMAG3120.JPG,Snapshot Serengeti : S6/G12/G12_R1/S6_G12_R1_IMAG3120,Snapshot Serengeti : SER_S6#G12#1#1442,Snapshot Serengeti : G12,1,african bush elephant,02-08-2013 18:32:01,9,train
https://storage.googleapis.com/public-datasets-lila/snapshotserengeti-unzipped/S4/M06/M06_R1/S4_M06_R1_IMAG0226.JPG,Snapshot Serengeti : S4/M06/M06_R1/S4_M06_R1_IMAG0226,Snapshot Serengeti : SER_S4#M06#1#85,Snapshot Serengeti : M06,2,african bush elephant,02-27-2012 13:18:35,9,test
https://storage.googleapis.com/public-datasets-lila/snapshot-safari-2024-expansion/SER/SER_S12/J10/J10_R1/SER_S12_J10_R1_IMAG0478.JPG,Snapshot Safari 2024 Expansion : SER/SER_S12/J10/J10_R1/SER_S12_J10_R1_IMAG0478.JPG,Snapshot Safari 2024 Expansion : SER_S12#J10#1#169,Snapshot Safari 2024 Expansion : SER_S12_J10,0,african bush elephant,,9,train
https://storage.googleapis.com/public-datasets-lila/snapshot-safari-2024-expansion/MAD/MAD_S3/MAD03/MAD03_R09/MAD_S3_MAD03_R09_IMAG2889.JPG,Snapshot Safari 2024 Expansion : MAD/MAD_S3/MAD03/MAD03_R09/MAD_S3_MAD03_R09_IMAG2889.JPG,Snapshot Safari 2024 Expansion : MAD_S3#MAD03#09#964,Snapshot Safari 2024 Expansion : MAD_S3_MAD03,1,african bush elephant,,9,train
https://storage.googleapis.com/public-datasets-lila/wcs-unzipped/animals/0467/0097.jpg,WCS Camera Traps : 7215241d-92d5-11e9-b5aa-000d3a74c7de,WCS Camera Traps : tza-001-d0018-41,WCS Camera Traps : 3257,1,african bush elephant,09-08-2004 07:52:00,9,train
https://storage.googleapis.com/public-datasets-lila/snapshotserengeti-unzipped/S7/P13/P13_R3/S7_P13_R3_IMAG0117.JPG,Snapshot Serengeti : S7/P13/P13_R3/S7_P13_R3_IMAG0117,Snapshot Serengeti : SER_S7#P13#3#53,Snapshot Serengeti : P13,3,african bush elephant,09-30-2013 12:20:52,9,train
https://storage.googleapis.com/public-datasets-lila/snapshotserengeti-unzipped/S6/K04/K04_R2/S6_K04_R2_IMAG1324.JPG,Snapshot Serengeti : S6/K04/K04_R2/S6_K04_R2_IMAG1324,Snapshot Serengeti : SER_S6#K04#2#760,Snapshot Serengeti : K04,1,african bush elephant,04-07-2013 14:40:29,9,train
https://storage.googleapis.com/public-datasets-lila/wcs-unzipped/animals/0345/0028.jpg,WCS Camera Traps : 4500f497-92d5-11e9-af2b-000d3a74c7de,WCS Camera Traps : ken-016-d0053-52,WCS Camera Traps : 1274,5,african bush elephant,02-28-2013 01:53:19,9,train
https://storage.googleapis.com/public-datasets-lila/snapshot-safari-2024-expansion/MAD/MAD_S1/MAD01/MAD01_R3/MAD_S1_MAD01_R3_IMAG2999.JPG,Snapshot Safari 2024 Expansion : MAD/MAD_S1/MAD01/MAD01_R3/MAD_S1_MAD01_R3_IMAG2999.JPG,Snapshot Safari 2024 Expansion : MAD_S1#MAD01#3#1000,Snapshot Safari 2024 Expansion : MAD_S1_MAD01,1,african bush elephant,,9,train
https://storage.googleapis.com/public-datasets-lila/snapshotserengeti-unzipped/S8/K03/K03_R2/S8_K03_R2_IMAG0007.JPG,Snapshot Serengeti : S8/K03/K03_R2/S8_K03_R2_IMAG0007,Snapshot Serengeti : SER_S8#K03#2#3,Snapshot Serengeti : K03,1,african bush elephant,01-25-2014 18:23:41,9,test
https://storage.googleapis.com/public-datasets-lila/snapshot-safari-2024-expansion/Snapshot Cameo/EFA/EFA_S1/EFA08/EFA08_R12/EFA_S1_EFA08_R12_IMAG0353.JPG,Snapshot Safari 2024 Expansion : Snapshot Cameo/EFA/EFA_S1/EFA08/EFA08_R12/EFA_S1_EFA08_R12_IMAG0353.JPG,Snapshot Safari 2024 Expansion : EFA_S1#EFA08#12#87,Snapshot Safari 2024 Expansion : EFA_S1_EFA08,2,african bush elephant,,9,test
https://storage.googleapis.com/public-datasets-lila/snapshotserengeti-unzipped/S9/F07/F07_R3/S9_F07_R3_IMAG0160.JPG,Snapshot Serengeti : S9/F07/F07_R3/S9_F07_R3_IMAG0160,Snapshot Serengeti : SER_S9#F07#3#91,Snapshot Serengeti : F07,1,african bush elephant,12-25-2014 13:39:40,9,test
https://storage.googleapis.com/public-datasets-lila/snapshotserengeti-unzipped/S7/P13/P13_R1/S7_P13_R1_IMAG1701.JPG,Snapshot Serengeti : S7/P13/P13_R1/S7_P13_R1_IMAG1701,Snapshot Serengeti : SER_S7#P13#1#639,Snapshot Serengeti : P13,1,african bush elephant,06-04-2013 15:37:13,9,train
https://storage.googleapis.com/public-datasets-lila/snapshotserengeti-unzipped/S10/F10/F10_R2/S10_F10_R2_IMAG0151.JPG,Snapshot Serengeti : S10/F10/F10_R2/S10_F10_R2_IMAG0151,Snapshot Serengeti : SER_S10#F10#2#58,Snapshot Serengeti : F10,3,african bush elephant,04-28-2015 18:07:30,9,train
https://storage.googleapis.com/public-datasets-lila/snapshotserengeti-unzipped/S5/I12/I12_R2/S5_I12_R2_IMAG1281.JPG,Snapshot Serengeti : S5/I12/I12_R2/S5_I12_R2_IMAG1281,Snapshot Serengeti : SER_S5#I12#2#443,Snapshot Serengeti : I12,3,african bush elephant,09-28-2012 12:46:54,9,train
https://storage.googleapis.com/public-datasets-lila/snapshot-safari-2024-expansion/APN/APN_S2/U43b/U43b_R3/APN_S2_U43b_R3_IMAG0025.JPG,Snapshot Safari 2024 Expansion : APN/APN_S2/U43b/U43b_R3/APN_S2_U43b_R3_IMAG0025.JPG,Snapshot Safari 2024 Expansion : APN_S2#U43b#3#13,Snapshot Safari 2024 Expansion : APN_S2_U43B,2,african bush elephant,,9,train
https://storage.googleapis.com/public-datasets-lila/snapshot-safari-2024-expansion/APN/APN_S3/DW/DW_R9/APN_S3_DW_R9_IMAG1188.JPG,Snapshot Safari 2024 Expansion : APN/APN_S3/DW/DW_R9/APN_S3_DW_R9_IMAG1188.JPG,Snapshot Safari 2024 Expansion : APN_S3#DW#9#420,Snapshot Safari 2024 Expansion : APN_S3_DW,0,african bush elephant,,9,train
https://storage.googleapis.com/public-datasets-lila/snapshotserengeti-unzipped/S7/P13/P13_R1/S7_P13_R1_IMAG0723.JPG,Snapshot Serengeti : S7/P13/P13_R1/S7_P13_R1_IMAG0723,Snapshot Serengeti : SER_S7#P13#1#276,Snapshot Serengeti : P13,2,african bush elephant,05-31-2013 07:14:32,9,train
https://storage.googleapis.com/public-datasets-lila/snapshotserengeti-unzipped/SER_S11/G07/G07_R2/SER_S11_G07_R2_IMAG2161.JPG,Snapshot Serengeti : SER_S11/G07/G07_R2/SER_S11_G07_R2_IMAG2161,Snapshot Serengeti : SER_S11#G07#2#770,Snapshot Serengeti : G07,1,african bush elephant,12-02-2015 13:14:35,9,train
https://storage.googleapis.com/public-datasets-lila/snapshotserengeti-unzipped/S8/H03/H03_R2/S8_H03_R2_IMAG0444.JPG,Snapshot Serengeti : S8/H03/H03_R2/S8_H03_R2_IMAG0444,Snapshot Serengeti : SER_S8#H03#2#182,Snapshot Serengeti : H03,1,african bush elephant,01-19-2014 16:15:36,9,train
https://storage.googleapis.com/public-datasets-lila/snapshot-safari-2024-expansion/MAD/MAD_S1/MAD01/MAD01_R4/MAD_S1_MAD01_R4_IMAG1643.JPG,Snapshot Safari 2024 Expansion : MAD/MAD_S1/MAD01/MAD01_R4/MAD_S1_MAD01_R4_IMAG1643.JPG,Snapshot Safari 2024 Expansion : MAD_S1#MAD01#4#548,Snapshot Safari 2024 Expansion : MAD_S1_MAD01,1,african bush elephant,,9,train
https://storage.googleapis.com/public-datasets-lila/snapshot-safari-2024-expansion/Snapshot Cameo/EFA/EFA_S1/EFA02/EFA02_R14/EFA_S1_EFA02_R14_IMAG0030.JPG,Snapshot Safari 2024 Expansion : Snapshot Cameo/EFA/EFA_S1/EFA02/EFA02_R14/EFA_S1_EFA02_R14_IMAG0030.JPG,Snapshot Safari 2024 Expansion : EFA_S1#EFA02#14#12,Snapshot Safari 2024 Expansion : EFA_S1_EFA02,0,african bush elephant,,9,train
https://storage.googleapis.com/public-datasets-lila/snapshot-safari-2024-expansion/KRU/KRU_S1/11/11_R1/KRU_S1_11_R1_IMAG0233.JPG,Snapshot Safari 2024 Expansion : KRU/KRU_S1/11/11_R1/KRU_S1_11_R1_IMAG0233.JPG,Snapshot Safari 2024 Expansion : KRU_S1#11#1#133,Snapshot Safari 2024 Expansion : KRU_S1_11,2,african bush elephant,,9,train
https://storage.googleapis.com/public-datasets-lila/wcs-unzipped/animals/0414/1172.jpg,WCS Camera Traps : 5e3ba42b-92d5-11e9-8f12-000d3a74c7de,WCS Camera Traps : ken-017-d0055-88,WCS Camera Traps : 2952,2,african bush elephant,02-15-2015 10:20:10,9,train
https://storage.googleapis.com/public-datasets-lila/snapshot-safari-2024-expansion/APN/APN_S3/DW/DW_R11/APN_S3_DW_R11_IMAG0230.JPG,Snapshot Safari 2024 Expansion : APN/APN_S3/DW/DW_R11/APN_S3_DW_R11_IMAG0230.JPG,Snapshot Safari 2024 Expansion : APN_S3#DW#11#81,Snapshot Safari 2024 Expansion : APN_S3_DW,1,african bush elephant,,9,train
https://storage.googleapis.com/public-datasets-lila/snapshot-safari-2024-expansion/MAD/MAD_S2/MAD03/MAD03_R6/MAD_S2_MAD03_R6_IMAG4778.JPG,Snapshot Safari 2024 Expansion : MAD/MAD_S2/MAD03/MAD03_R6/MAD_S2_MAD03_R6_IMAG4778.JPG,Snapshot Safari 2024 Expansion : MAD_S2#MAD03#6#1593,Snapshot Safari 2024 Expansion : MAD_S2_MAD03,1,african bush elephant,,9,train
https://storage.googleapis.com/public-datasets-lila/snapshot-safari-2024-expansion/Snapshot Cameo/EFA/EFA_S1/EFA07/EFA07_R1/EFA_S1_EFA07_R1_IMAG3590.JPG,Snapshot Safari 2024 Expansion : Snapshot Cameo/EFA/EFA_S1/EFA07/EFA07_R1/EFA_S1_EFA07_R1_IMAG3590.JPG,Snapshot Safari 2024 Expansion : EFA_S1#EFA07#1#830,Snapshot Safari 2024 Expansion : EFA_S1_EFA07,0,african bush elephant,,9,train
https://storage.googleapis.com/public-datasets-lila/snapshot-safari-2024-expansion/MAD/MAD_S2/MAD06/MAD06_R5/MAD_S2_MAD06_R5_IMAG2170.JPG,Snapshot Safari 2024 Expansion : MAD/MAD_S2/MAD06/MAD06_R5/MAD_S2_MAD06_R5_IMAG2170.JPG,Snapshot Safari 2024 Expansion : MAD_S2#MAD06#5#724,Snapshot Safari 2024 Expansion : MAD_S2_MAD06,0,african bush elephant,,9,val
https://storage.googleapis.com/public-datasets-lila/wcs-unzipped/animals/0258/1403.jpg,WCS Camera Traps : 25912344-92d5-11e9-9c68-000d3a74c7de,WCS Camera Traps : ken-010-d0059-11,WCS Camera Traps : 1374,1,african bush elephant,06-30-2011 10:35:17,9,train
https://storage.googleapis.com/public-datasets-lila/wcs-unzipped/animals/0204/1435.jpg,WCS Camera Traps : 115b676f-92d5-11e9-b7ee-000d3a74c7de,WCS Camera Traps : ken-007-d0053-108,WCS Camera Traps : 1274,3,african bush elephant,02-19-2012 01:02:48,9,train
https://storage.googleapis.com/public-datasets-lila/snapshot-safari-2024-expansion/Snapshot Cameo/EFA/EFA_S1/EFA07/EFA07_R51/EFA_S1_EFA07_R51_IMAG0093.JPG,Snapshot Safari 2024 Expansion : Snapshot Cameo/EFA/EFA_S1/EFA07/EFA07_R51/EFA_S1_EFA07_R51_IMAG0093.JPG,Snapshot Safari 2024 Expansion : EFA_S1#EFA07#51#29,Snapshot Safari 2024 Expansion : EFA_S1_EFA07,0,african bush elephant,,9,train
https://storage.googleapis.com/public-datasets-lila/snapshot-safari-2024-expansion/MAD/MAD_S1/MAD03/MAD03_R3/MAD_S1_MAD03_R3_IMAG3290.JPG,Snapshot Safari 2024 Expansion : MAD/MAD_S1/MAD03/MAD03_R3/MAD_S1_MAD03_R3_IMAG3290.JPG,Snapshot Safari 2024 Expansion : MAD_S1#MAD03#3#1097,Snapshot Safari 2024 Expansion : MAD_S1_MAD03,1,african bush elephant,,9,train
https://storage.googleapis.com/public-datasets-lila/snapshot-safari-2024-expansion/MAD/MAD_S2/MAD06/MAD06_R6/MAD_S2_MAD06_R6_IMAG5621.JPG,Snapshot Safari 2024 Expansion : MAD/MAD_S2/MAD06/MAD06_R6/MAD_S2_MAD06_R6_IMAG5621.JPG,Snapshot Safari 2024 Expansion : MAD_S2#MAD06#6#1874,Snapshot Safari 2024 Expansion : MAD_S2_MAD06,1,african bush elephant,,9,val
https://storage.googleapis.com/public-datasets-lila/wcs-unzipped/animals/0348/1745.jpg,WCS Camera Traps : 46684da9-92d5-11e9-9ebb-000d3a74c7de,WCS Camera Traps : ken-016-d0080-6,WCS Camera Traps : 1303,2,african bush elephant,02-19-2009 23:06:40,9,train
https://storage.googleapis.com/public-datasets-lila/snapshot-safari-2024-expansion/RUA/RUA_S1/M2/M2_R1/RUA_S1_M2_R1_IMAG1112.JPG,Snapshot Safari 2024 Expansion : RUA/RUA_S1/M2/M2_R1/RUA_S1_M2_R1_IMAG1112.JPG,Snapshot Safari 2024 Expansion : RUA_S1#M2#1#1112,Snapshot Safari 2024 Expansion : RUA_S1_M2,0,african bush elephant,,9,train
https://storage.googleapis.com/public-datasets-lila/snapshotserengeti-unzipped/S7/O11/O11_R1/S7_O11_R1_IMAG0690.JPG,Snapshot Serengeti : S7/O11/O11_R1/S7_O11_R1_IMAG0690,Snapshot Serengeti : SER_S7#O11#1#236,Snapshot Serengeti : O11,3,african bush elephant,05-30-2013 13:40:21,9,train
https://storage.googleapis.com/public-datasets-lila/snapshot-safari-2024-expansion/PLN/PLN_S2/D05/D05_R4/PLN_S2_D05_R4_IMAG0005.JPG,Snapshot Safari 2024 Expansion : PLN/PLN_S2/D05/D05_R4/PLN_S2_D05_R4_IMAG0005.JPG,Snapshot Safari 2024 Expansion : PLN_S2#D05#4#5,Snapshot Safari 2024 Expansion : PLN_S2_D05,0,african bush elephant,,9,train
https://storage.googleapis.com/public-datasets-lila/snapshot-safari-2024-expansion/SER/SER_S12/F07/F07_R1/SER_S12_F07_R1_IMAG0267.JPG,Snapshot Safari 2024 Expansion : SER/SER_S12/F07/F07_R1/SER_S12_F07_R1_IMAG0267.JPG,Snapshot Safari 2024 Expansion : SER_S12#F07#1#99,Snapshot Safari 2024 Expansion : SER_S12_F07,0,african bush elephant,,9,test
https://storage.googleapis.com/public-datasets-lila/snapshot-safari-2024-expansion/SER/SER_S13/J03/J03_R2/SER_S13_J03_R2_IMAG0879.JPG,Snapshot Safari 2024 Expansion : SER/SER_S13/J03/J03_R2/SER_S13_J03_R2_IMAG0879.JPG,Snapshot Safari 2024 Expansion : SER_S13#J03#2#876,Snapshot Safari 2024 Expansion : SER_S13_J03,0,african bush elephant,,9,train
https://storage.googleapis.com/public-datasets-lila/snapshot-safari-2024-expansion/MAD/MAD_S1/MAD06/MAD06_R3/MAD_S1_MAD06_R3_IMAG0158.JPG,Snapshot Safari 2024 Expansion : MAD/MAD_S1/MAD06/MAD06_R3/MAD_S1_MAD06_R3_IMAG0158.JPG,Snapshot Safari 2024 Expansion : MAD_S1#MAD06#3#53,Snapshot Safari 2024 Expansion : MAD_S1_MAD06,1,african bush elephant,,9,test
https://storage.googleapis.com/public-datasets-lila/snapshot-safari-2024-expansion/Snapshot Cameo/EFA/EFA_S1/EFA07/EFA07_R34/EFA_S1_EFA07_R34_IMAG0105.JPG,Snapshot Safari 2024 Expansion : Snapshot Cameo/EFA/EFA_S1/EFA07/EFA07_R34/EFA_S1_EFA07_R34_IMAG0105.JPG,Snapshot Safari 2024 Expansion : EFA_S1#EFA07#34#36,Snapshot Safari 2024 Expansion : EFA_S1_EFA07,2,african bush elephant,,9,train
https://storage.googleapis.com/public-datasets-lila/snapshot-safari-2024-expansion/APN/APN_S3/U64c/U64c_R12/APN_S3_U64c_R12_IMAG0579.JPG,Snapshot Safari 2024 Expansion : APN/APN_S3/U64c/U64c_R12/APN_S3_U64c_R12_IMAG0579.JPG,Snapshot Safari 2024 Expansion : APN_S3#U64c#12#256,Snapshot Safari 2024 Expansion : APN_S3_U64C,2,african bush elephant,,9,train
https://storage.googleapis.com/public-datasets-lila/snapshotserengeti-unzipped/S4/O10/O10_R2/S4_O10_R2_IMAG0110.JPG,Snapshot Serengeti : S4/O10/O10_R2/S4_O10_R2_IMAG0110,Snapshot Serengeti : SER_S4#O10#2#39,Snapshot Serengeti : O10,3,african bush elephant,02-25-2012 14:24:54,9,train
https://storage.googleapis.com/public-datasets-lila/snapshot-safari-2024-expansion/MAD/MAD_S2/MAD06/MAD06_R6/MAD_S2_MAD06_R6_IMAG1207.JPG,Snapshot Safari 2024 Expansion : MAD/MAD_S2/MAD06/MAD06_R6/MAD_S2_MAD06_R6_IMAG1207.JPG,Snapshot Safari 2024 Expansion : MAD_S2#MAD06#6#403,Snapshot Safari 2024 Expansion : MAD_S2_MAD06,0,african bush elephant,,9,val
https://storage.googleapis.com/public-datasets-lila/snapshotserengeti-unzipped/S5/L01/L01_R2/S5_L01_R2_IMAG0251.JPG,Snapshot Serengeti : S5/L01/L01_R2/S5_L01_R2_IMAG0251,Snapshot Serengeti : SER_S5#L01#2#110,Snapshot Serengeti : L01,2,african bush elephant,09-02-2012 06:41:32,9,train
https://storage.googleapis.com/public-datasets-lila/snapshotserengeti-unzipped/S7/L10/L10_R2/S7_L10_R2_IMAG0608.JPG,Snapshot Serengeti : S7/L10/L10_R2/S7_L10_R2_IMAG0608,Snapshot Serengeti : SER_S7#L10#2#230,Snapshot Serengeti : L10,2,african bush elephant,09-12-2013 02:05:37,9,test
https://storage.googleapis.com/public-datasets-lila/snapshot-safari-2024-expansion/Snapshot Cameo/EFA/EFA_S1/EFA06/EFA06_R3/EFA_S1_EFA06_R3_IMAG0391.JPG,Snapshot Safari 2024 Expansion : Snapshot Cameo/EFA/EFA_S1/EFA06/EFA06_R3/EFA_S1_EFA06_R3_IMAG0391.JPG,Snapshot Safari 2024 Expansion : EFA_S1#EFA06#3#391,Snapshot Safari 2024 Expansion : EFA_S1_EFA06,0,african bush elephant,,9,train
https://storage.googleapis.com/public-datasets-lila/snapshot-safari-2024-expansion/Snapshot Cameo/EFA/EFA_S1/EFA07/EFA07_R25/EFA_S1_EFA07_R25_IMAG0155.JPG,Snapshot Safari 2024 Expansion : Snapshot Cameo/EFA/EFA_S1/EFA07/EFA07_R25/EFA_S1_EFA07_R25_IMAG0155.JPG,Snapshot Safari 2024 Expansion : EFA_S1#EFA07#25#50,Snapshot Safari 2024 Expansion : EFA_S1_EFA07,0,african bush elephant,,9,train
https://storage.googleapis.com/public-datasets-lila/snapshot-safari-2024-expansion/MAD/MAD_S1/MAD06/MAD06_R4/MAD_S1_MAD06_R4_IMAG0607.JPG,Snapshot Safari 2024 Expansion : MAD/MAD_S1/MAD06/MAD06_R4/MAD_S1_MAD06_R4_IMAG0607.JPG,Snapshot Safari 2024 Expansion : MAD_S1#MAD06#4#203,Snapshot Safari 2024 Expansion : MAD_S1_MAD06,0,african bush elephant,,9,test
https://storage.googleapis.com/public-datasets-lila/snapshot-safari-2024-expansion/PLN/PLN_S2/C02/C02_R3/PLN_S2_C02_R3_IMAG0635.JPG,Snapshot Safari 2024 Expansion : PLN/PLN_S2/C02/C02_R3/PLN_S2_C02_R3_IMAG0635.JPG,Snapshot Safari 2024 Expansion : PLN_S2#C02#3#283,Snapshot Safari 2024 Expansion : PLN_S2_C02,0,african bush elephant,,9,train
https://storage.googleapis.com/public-datasets-lila/snapshot-safari-2024-expansion/RUA/RUA_S1/M2/M2_R1/RUA_S1_M2_R1_IMAG0747.JPG,Snapshot Safari 2024 Expansion : RUA/RUA_S1/M2/M2_R1/RUA_S1_M2_R1_IMAG0747.JPG,Snapshot Safari 2024 Expansion : RUA_S1#M2#1#747,Snapshot Safari 2024 Expansion : RUA_S1_M2,0,african bush elephant,,9,train
https://storage.googleapis.com/public-datasets-lila/wcs-unzipped/animals/0292/0937.jpg,WCS Camera Traps : 31f2c94a-92d5-11e9-a792-000d3a74c7de,WCS Camera Traps : ken-006-d0074-24,WCS Camera Traps : 1475,1,african bush elephant,02-15-2011 01:09:46,9,train
https://storage.googleapis.com/public-datasets-lila/snapshot-safari/ENO/ENO_public/ENO_S1/D02/D02_R1/ENO_S1_D02_R1_IMAG0297.JPG,Snapshot Enonkishu : ENO_S1/D02/D02_R1/ENO_S1_D02_R1_IMAG0297,Snapshot Enonkishu : ENO_S1#D02#1#151,Snapshot Enonkishu : D02,1,african bush elephant,12-01-2018 10:23:47,9,train
https://storage.googleapis.com/public-datasets-lila/snapshot-safari-2024-expansion/APN/APN_S2/JJ7/JJ7_R6/APN_S2_JJ7_R6_IMAG0351.JPG,Snapshot Safari 2024 Expansion : APN/APN_S2/JJ7/JJ7_R6/APN_S2_JJ7_R6_IMAG0351.JPG,Snapshot Safari 2024 Expansion : APN_S2#JJ7#6#146,Snapshot Safari 2024 Expansion : APN_S2_JJ7,0,african bush elephant,,9,train
https://storage.googleapis.com/public-datasets-lila/snapshot-safari-2024-expansion/Snapshot Cameo/EFA/EFA_S1/EFA08/EFA08_R14/EFA_S1_EFA08_R14_IMAG1013.JPG,Snapshot Safari 2024 Expansion : Snapshot Cameo/EFA/EFA_S1/EFA08/EFA08_R14/EFA_S1_EFA08_R14_IMAG1013.JPG,Snapshot Safari 2024 Expansion : EFA_S1#EFA08#14#177,Snapshot Safari 2024 Expansion : EFA_S1_EFA08,1,african bush elephant,,9,test
https://storage.googleapis.com/public-datasets-lila/snapshot-safari-2024-expansion/Snapshot Cameo/EFA/EFA_S1/EFA08/EFA08_R16/EFA_S1_EFA08_R16_IMAG0414.JPG,Snapshot Safari 2024 Expansion : Snapshot Cameo/EFA/EFA_S1/EFA08/EFA08_R16/EFA_S1_EFA08_R16_IMAG0414.JPG,Snapshot Safari 2024 Expansion : EFA_S1#EFA08#16#86,Snapshot Safari 2024 Expansion : EFA_S1_EFA08,0,african bush elephant,,9,test
https://storage.googleapis.com/public-datasets-lila/snapshot-safari-2024-expansion/PLN/PLN_S2/E02/E02_R6/PLN_S2_E02_R6_IMAG0075.JPG,Snapshot Safari 2024 Expansion : PLN/PLN_S2/E02/E02_R6/PLN_S2_E02_R6_IMAG0075.JPG,Snapshot Safari 2024 Expansion : PLN_S2#E02#6#27,Snapshot Safari 2024 Expansion : PLN_S2_E02,0,african bush elephant,,9,train
https://storage.googleapis.com/public-datasets-lila/snapshot-safari-2024-expansion/SER/SER_S13/H13/H13_R3/SER_S13_H13_R3_IMAG0460.JPG,Snapshot Safari 2024 Expansion : SER/SER_S13/H13/H13_R3/SER_S13_H13_R3_IMAG0460.JPG,Snapshot Safari 2024 Expansion : SER_S13#H13#3#458,Snapshot Safari 2024 Expansion : SER_S13_H13,0,african bush elephant,,9,test
https://storage.googleapis.com/public-datasets-lila/snapshotserengeti-unzipped/S7/P13/P13_R1/S7_P13_R1_IMAG1477.JPG,Snapshot Serengeti : S7/P13/P13_R1/S7_P13_R1_IMAG1477,Snapshot Serengeti : SER_S7#P13#1#564,Snapshot Serengeti : P13,2,african bush elephant,06-03-2013 16:27:27,9,train
https://storage.googleapis.com/public-datasets-lila/snapshotserengeti-unzipped/S6/H08/H08_R2/S6_H08_R2_IMAG0052.JPG,Snapshot Serengeti : S6/H08/H08_R2/S6_H08_R2_IMAG0052,Snapshot Serengeti : SER_S6#H08#2#20,Snapshot Serengeti : H08,3,african bush elephant,02-26-2013 09:57:24,9,train
https://storage.googleapis.com/public-datasets-lila/snapshot-safari-2024-expansion/MAD/MAD_S2/MAD03/MAD03_R6/MAD_S2_MAD03_R6_IMAG5361.JPG,Snapshot Safari 2024 Expansion : MAD/MAD_S2/MAD03/MAD03_R6/MAD_S2_MAD03_R6_IMAG5361.JPG,Snapshot Safari 2024 Expansion : MAD_S2#MAD03#6#1787,Snapshot Safari 2024 Expansion : MAD_S2_MAD03,2,african bush elephant,,9,train
https://storage.googleapis.com/public-datasets-lila/snapshot-safari-2024-expansion/MAD/MAD_S3/F05/F05_R10/MAD_S3_F05_R10_IMAG0019.JPG,Snapshot Safari 2024 Expansion : MAD/MAD_S3/F05/F05_R10/MAD_S3_F05_R10_IMAG0019.JPG,Snapshot Safari 2024 Expansion : MAD_S3#F05#10#7,Snapshot Safari 2024 Expansion : MAD_S3_F05,0,african bush elephant,,9,test
https://storage.googleapis.com/public-datasets-lila/snapshot-safari-2024-expansion/APN/APN_S3/U24b/U24b_R11/APN_S3_U24b_R11_IMAG0054.JPG,Snapshot Safari 2024 Expansion : APN/APN_S3/U24b/U24b_R11/APN_S3_U24b_R11_IMAG0054.JPG,Snapshot Safari 2024 Expansion : APN_S3#U24b#11#22,Snapshot Safari 2024 Expansion : APN_S3_U24B,0,african bush elephant,,9,train
https://storage.googleapis.com/public-datasets-lila/snapshot-safari-2024-expansion/MAD/MAD_S3/D05/D05_R10/MAD_S3_D05_R10_IMAG0043.JPG,Snapshot Safari 2024 Expansion : MAD/MAD_S3/D05/D05_R10/MAD_S3_D05_R10_IMAG0043.JPG,Snapshot Safari 2024 Expansion : MAD_S3#D05#10#15,Snapshot Safari 2024 Expansion : MAD_S3_D05,0,african bush elephant,,9,test
https://storage.googleapis.com/public-datasets-lila/snapshot-safari-2024-expansion/Snapshot Cameo/EFA/EFA_S1/EFA08/EFA08_R13/EFA_S1_EFA08_R13_IMAG1251.JPG,Snapshot Safari 2024 Expansion : Snapshot Cameo/EFA/EFA_S1/EFA08/EFA08_R13/EFA_S1_EFA08_R13_IMAG1251.JPG,Snapshot Safari 2024 Expansion : EFA_S1#EFA08#13#239,Snapshot Safari 2024 Expansion : EFA_S1_EFA08,0,african bush elephant,,9,test
https://storage.googleapis.com/public-datasets-lila/snapshot-safari-2024-expansion/MAD/MAD_S2/MAD06/MAD06_R6/MAD_S2_MAD06_R6_IMAG0097.JPG,Snapshot Safari 2024 Expansion : MAD/MAD_S2/MAD06/MAD06_R6/MAD_S2_MAD06_R6_IMAG0097.JPG,Snapshot Safari 2024 Expansion : MAD_S2#MAD06#6#33,Snapshot Safari 2024 Expansion : MAD_S2_MAD06,0,african bush elephant,,9,val
https://storage.googleapis.com/public-datasets-lila/snapshotserengeti-unzipped/S7/D11/D11_R1/S7_D11_R1_IMAG0354.JPG,Snapshot Serengeti : S7/D11/D11_R1/S7_D11_R1_IMAG0354,Snapshot Serengeti : SER_S7#D11#1#124,Snapshot Serengeti : D11,1,african bush elephant,04-16-2013 10:51:51,9,train
https://storage.googleapis.com/public-datasets-lila/snapshotserengeti-unzipped/S9/B13/B13_R1/S9_B13_R1_IMAG0182.JPG,Snapshot Serengeti : S9/B13/B13_R1/S9_B13_R1_IMAG0182,Snapshot Serengeti : SER_S9#B13#1#70,Snapshot Serengeti : B13,2,african bush elephant,07-03-2014 12:19:30,9,train
https://storage.googleapis.com/public-datasets-lila/snapshot-safari-2024-expansion/MAD/MAD_S1/MAD04/MAD04_R3/MAD_S1_MAD04_R3_IMAG1760.JPG,Snapshot Safari 2024 Expansion : MAD/MAD_S1/MAD04/MAD04_R3/MAD_S1_MAD04_R3_IMAG1760.JPG,Snapshot Safari 2024 Expansion : MAD_S1#MAD04#3#587,Snapshot Safari 2024 Expansion : MAD_S1_MAD04,1,african bush elephant,,9,val
https://storage.googleapis.com/public-datasets-lila/snapshot-safari-2024-expansion/MAD/MAD_S2/MAD06/MAD06_R6/MAD_S2_MAD06_R6_IMAG3482.JPG,Snapshot Safari 2024 Expansion : MAD/MAD_S2/MAD06/MAD06_R6/MAD_S2_MAD06_R6_IMAG3482.JPG,Snapshot Safari 2024 Expansion : MAD_S2#MAD06#6#1161,Snapshot Safari 2024 Expansion : MAD_S2_MAD06,1,african bush elephant,,9,val
https://storage.googleapis.com/public-datasets-lila/snapshot-safari-2024-expansion/APN/APN_S3/U64c/U64c_R12/APN_S3_U64c_R12_IMAG0448.JPG,Snapshot Safari 2024 Expansion : APN/APN_S3/U64c/U64c_R12/APN_S3_U64c_R12_IMAG0448.JPG,Snapshot Safari 2024 Expansion : APN_S3#U64c#12#191,Snapshot Safari 2024 Expansion : APN_S3_U64C,0,african bush elephant,,9,train
https://storage.googleapis.com/public-datasets-lila/snapshotserengeti-unzipped/S9/E02/E02_R2/S9_E02_R2_IMAG1070.JPG,Snapshot Serengeti : S9/E02/E02_R2/S9_E02_R2_IMAG1070,Snapshot Serengeti : SER_S9#E02#2#423,Snapshot Serengeti : E02,2,african bush elephant,08-26-2014 18:36:55,9,test
https://storage.googleapis.com/public-datasets-lila/snapshotserengeti-unzipped/S2/C03/C03_R3/S2_C03_R3_IMAG1909.JPG,Snapshot Serengeti : S2/C03/C03_R3/S2_C03_R3_IMAG1909,Snapshot Serengeti : SER_S2#C03#3#945,Snapshot Serengeti : C03,1,african bush elephant,07-02-2011 19:59:11,9,train
https://storage.googleapis.com/public-datasets-lila/snapshotserengeti-unzipped/S8/D06/D06_R3/S8_D06_R3_IMAG1380.JPG,Snapshot Serengeti : S8/D06/D06_R3/S8_D06_R3_IMAG1380,Snapshot Serengeti : SER_S8#D06#3#582,Snapshot Serengeti : D06,1,african bush elephant,07-07-2014 13:13:02,9,train
https://storage.googleapis.com/public-datasets-lila/snapshotserengeti-unzipped/S5/O10/O10_R2/S5_O10_R2_IMAG0312.JPG,Snapshot Serengeti : S5/O10/O10_R2/S5_O10_R2_IMAG0312,Snapshot Serengeti : SER_S5#O10#2#112,Snapshot Serengeti : O10,3,african bush elephant,10-18-2012 14:12:20,9,train
https://storage.googleapis.com/public-datasets-lila/snapshot-safari-2024-expansion/APN/APN_S2/DW/DW_R7/APN_S2_DW_R7_IMAG1396.JPG,Snapshot Safari 2024 Expansion : APN/APN_S2/DW/DW_R7/APN_S2_DW_R7_IMAG1396.JPG,Snapshot Safari 2024 Expansion : APN_S2#DW#7#507,Snapshot Safari 2024 Expansion : APN_S2_DW,0,african bush elephant,,9,train
https://storage.googleapis.com/public-datasets-lila/snapshotserengeti-unzipped/S10/L11/L11_R2/S10_L11_R2_IMAG0967.JPG,Snapshot Serengeti : S10/L11/L11_R2/S10_L11_R2_IMAG0967,Snapshot Serengeti : SER_S10#L11#2#456,Snapshot Serengeti : L11,1,african bush elephant,04-26-2015 01:10:36,9,val
https://storage.googleapis.com/public-datasets-lila/snapshotserengeti-unzipped/S5/C04/C04_R3/S5_C04_R3_IMAG0537.JPG,Snapshot Serengeti : S5/C04/C04_R3/S5_C04_R3_IMAG0537,Snapshot Serengeti : SER_S5#C04#3#193,Snapshot Serengeti : C04,1,african bush elephant,10-08-2012 14:59:49,9,train
https://storage.googleapis.com/public-datasets-lila/snapshot-safari-2024-expansion/MAD/MAD_S2/MAD05/MAD05_R6/MAD_S2_MAD05_R6_IMAG0119.JPG,Snapshot Safari 2024 Expansion : MAD/MAD_S2/MAD05/MAD05_R6/MAD_S2_MAD05_R6_IMAG0119.JPG,Snapshot Safari 2024 Expansion : MAD_S2#MAD05#6#40,Snapshot Safari 2024 Expansion : MAD_S2_MAD05,1,african bush elephant,,9,val
https://storage.googleapis.com/public-datasets-lila/snapshot-safari-2024-expansion/SER/SER_S12/K10/K10_R3/SER_S12_K10_R3_IMAG2216.JPG,Snapshot Safari 2024 Expansion : SER/SER_S12/K10/K10_R3/SER_S12_K10_R3_IMAG2216.JPG,Snapshot Safari 2024 Expansion : SER_S12#K10#3#2215,Snapshot Safari 2024 Expansion : SER_S12_K10,0,african bush elephant,,9,val
https://storage.googleapis.com/public-datasets-lila/snapshot-safari-2024-expansion/APN/APN_S3/U64c/U64c_R12/APN_S3_U64c_R12_IMAG0611.JPG,Snapshot Safari 2024 Expansion : APN/APN_S3/U64c/U64c_R12/APN_S3_U64c_R12_IMAG0611.JPG,Snapshot Safari 2024 Expansion : APN_S3#U64c#12#270,Snapshot Safari 2024 Expansion : APN_S3_U64C,0,african bush elephant,,9,train
https://storage.googleapis.com/public-datasets-lila/snapshot-safari-2024-expansion/MAD/MAD_S2/MAD06/MAD06_R6/MAD_S2_MAD06_R6_IMAG5276.JPG,Snapshot Safari 2024 Expansion : MAD/MAD_S2/MAD06/MAD06_R6/MAD_S2_MAD06_R6_IMAG5276.JPG,Snapshot Safari 2024 Expansion : MAD_S2#MAD06#6#1759,Snapshot Safari 2024 Expansion : MAD_S2_MAD06,1,african bush elephant,,9,val
https://storage.googleapis.com/public-datasets-lila/snapshotserengeti-unzipped/S9/F07/F07_R1/S9_F07_R1_IMAG0121.JPG,Snapshot Serengeti : S9/F07/F07_R1/S9_F07_R1_IMAG0121,Snapshot Serengeti : SER_S9#F07#1#55,Snapshot Serengeti : F07,2,african bush elephant,08-04-2014 18:38:27,9,test
https://storage.googleapis.com/public-datasets-lila/snapshot-safari-2024-expansion/MAD/MAD_S2/MAD06/MAD06_R5/MAD_S2_MAD06_R5_IMAG2052.JPG,Snapshot Safari 2024 Expansion : MAD/MAD_S2/MAD06/MAD06_R5/MAD_S2_MAD06_R5_IMAG2052.JPG,Snapshot Safari 2024 Expansion : MAD_S2#MAD06#5#684,Snapshot Safari 2024 Expansion : MAD_S2_MAD06,2,african bush elephant,,9,val
https://storage.googleapis.com/public-datasets-lila/snapshot-safari-2024-expansion/Snapshot Cameo/EFA/EFA_S1/EFA07/EFA07_R6/EFA_S1_EFA07_R6_IMAG2406.JPG,Snapshot Safari 2024 Expansion : Snapshot Cameo/EFA/EFA_S1/EFA07/EFA07_R6/EFA_S1_EFA07_R6_IMAG2406.JPG,Snapshot Safari 2024 Expansion : EFA_S1#EFA07#6#506,Snapshot Safari 2024 Expansion : EFA_S1_EFA07,2,african bush elephant,,9,train
https://storage.googleapis.com/public-datasets-lila/snapshotserengeti-unzipped/S4/F01/F01_R1/S4_F01_R1_IMAG0342.JPG,Snapshot Serengeti : S4/F01/F01_R1/S4_F01_R1_IMAG0342,Snapshot Serengeti : SER_S4#F01#1#227,Snapshot Serengeti : F01,2,african bush elephant,01-26-2012 16:03:09,9,test
https://storage.googleapis.com/public-datasets-lila/snapshot-safari-2024-expansion/APN/APN_S2/DW/DW_R6/APN_S2_DW_R6_IMAG0274.JPG,Snapshot Safari 2024 Expansion : APN/APN_S2/DW/DW_R6/APN_S2_DW_R6_IMAG0274.JPG,Snapshot Safari 2024 Expansion : APN_S2#DW#6#115,Snapshot Safari 2024 Expansion : APN_S2_DW,0,african bush elephant,,9,train
https://storage.googleapis.com/public-datasets-lila/snapshot-safari-2024-expansion/Snapshot Cameo/EFA/EFA_S1/EFA08/EFA08_R1/EFA_S1_EFA08_R1_IMAG0728.JPG,Snapshot Safari 2024 Expansion : Snapshot Cameo/EFA/EFA_S1/EFA08/EFA08_R1/EFA_S1_EFA08_R1_IMAG0728.JPG,Snapshot Safari 2024 Expansion : EFA_S1#EFA08#1#150,Snapshot Safari 2024 Expansion : EFA_S1_EFA08,0,african bush elephant,,9,test
https://storage.googleapis.com/public-datasets-lila/snapshot-safari-2024-expansion/Snapshot Cameo/EFA/EFA_S1/EFA08/EFA08_R25/EFA_S1_EFA08_R25_IMAG8248.JPG,Snapshot Safari 2024 Expansion : Snapshot Cameo/EFA/EFA_S1/EFA08/EFA08_R25/EFA_S1_EFA08_R25_IMAG8248.JPG,Snapshot Safari 2024 Expansion : EFA_S1#EFA08#25#1208,Snapshot Safari 2024 Expansion : EFA_S1_EFA08,0,african bush elephant,,9,test
https://storage.googleapis.com/public-datasets-lila/snapshot-safari-2024-expansion/MAD/MAD_S3/H08/H08_R10/MAD_S3_H08_R10_IMAG0069.JPG,Snapshot Safari 2024 Expansion : MAD/MAD_S3/H08/H08_R10/MAD_S3_H08_R10_IMAG0069.JPG,Snapshot Safari 2024 Expansion : MAD_S3#H08#10#23,Snapshot Safari 2024 Expansion : MAD_S3_H08,2,african bush elephant,,9,train
https://storage.googleapis.com/public-datasets-lila/snapshotserengeti-unzipped/S8/H03/H03_R2/S8_H03_R2_IMAG0227.JPG,Snapshot Serengeti : S8/H03/H03_R2/S8_H03_R2_IMAG0227,Snapshot Serengeti : SER_S8#H03#2#105,Snapshot Serengeti : H03,1,african bush elephant,01-01-2014 14:25:18,9,train
https://storage.googleapis.com/public-datasets-lila/snapshot-safari-2024-expansion/MAD/MAD_S3/MAD06/MAD06_R09/MAD_S3_MAD06_R09_IMAG1309.JPG,Snapshot Safari 2024 Expansion : MAD/MAD_S3/MAD06/MAD06_R09/MAD_S3_MAD06_R09_IMAG1309.JPG,Snapshot Safari 2024 Expansion : MAD_S3#MAD06#09#437,Snapshot Safari 2024 Expansion : MAD_S3_MAD06,0,african bush elephant,,9,train
https://storage.googleapis.com/public-datasets-lila/snapshot-safari-2024-expansion/MAD/MAD_S2/MAD01/MAD01_R7/MAD_S2_MAD01_R7_IMAG0635.JPG,Snapshot Safari 2024 Expansion : MAD/MAD_S2/MAD01/MAD01_R7/MAD_S2_MAD01_R7_IMAG0635.JPG,Snapshot Safari 2024 Expansion : MAD_S2#MAD01#7#212,Snapshot Safari 2024 Expansion : MAD_S2_MAD01,1,african bush elephant,,9,train
https://storage.googleapis.com/public-datasets-lila/snapshot-safari-2024-expansion/Snapshot Cameo/EFA/EFA_S1/EFA08/EFA08_R19/EFA_S1_EFA08_R19_IMAG0509.JPG,Snapshot Safari 2024 Expansion : Snapshot Cameo/EFA/EFA_S1/EFA08/EFA08_R19/EFA_S1_EFA08_R19_IMAG0509.JPG,Snapshot Safari 2024 Expansion : EFA_S1#EFA08#19#94,Snapshot Safari 2024 Expansion : EFA_S1_EFA08,2,african bush elephant,,9,test
https://storage.googleapis.com/public-datasets-lila/snapshot-safari-2024-expansion/MAD/MAD_S1/MAD04/MAD04_R3/MAD_S1_MAD04_R3_IMAG2061.JPG,Snapshot Safari 2024 Expansion : MAD/MAD_S1/MAD04/MAD04_R3/MAD_S1_MAD04_R3_IMAG2061.JPG,Snapshot Safari 2024 Expansion : MAD_S1#MAD04#3#687,Snapshot Safari 2024 Expansion : MAD_S1_MAD04,2,african bush elephant,,9,val
https://storage.googleapis.com/public-datasets-lila/snapshotserengeti-unzipped/S7/L10/L10_R2/S7_L10_R2_IMAG0565.JPG,Snapshot Serengeti : S7/L10/L10_R2/S7_L10_R2_IMAG0565,Snapshot Serengeti : SER_S7#L10#2#216,Snapshot Serengeti : L10,1,african bush elephant,09-12-2013 01:45:03,9,test
https://storage.googleapis.com/public-datasets-lila/snapshot-safari-2024-expansion/MAD/MAD_S1/C04/C04_R3/MAD_S1_C04_R3_IMAG0340.JPG,Snapshot Safari 2024 Expansion : MAD/MAD_S1/C04/C04_R3/MAD_S1_C04_R3_IMAG0340.JPG,Snapshot Safari 2024 Expansion : MAD_S1#C04#3#114,Snapshot Safari 2024 Expansion : MAD_S1_C04,0,african bush elephant,,9,train
https://storage.googleapis.com/public-datasets-lila/snapshotserengeti-unzipped/SER_S11/I01/I01_R1/SER_S11_I01_R1_IMAG0012.JPG,Snapshot Serengeti : SER_S11/I01/I01_R1/SER_S11_I01_R1_IMAG0012,Snapshot Serengeti : SER_S11#I01#1#5,Snapshot Serengeti : I01,1,african bush elephant,08-08-2015 10:05:45,9,train
https://storage.googleapis.com/public-datasets-lila/snapshot-safari-2024-expansion/MAD/MAD_S2/MAD05/MAD05_R6/MAD_S2_MAD05_R6_IMAG0950.JPG,Snapshot Safari 2024 Expansion : MAD/MAD_S2/MAD05/MAD05_R6/MAD_S2_MAD05_R6_IMAG0950.JPG,Snapshot Safari 2024 Expansion : MAD_S2#MAD05#6#317,Snapshot Safari 2024 Expansion : MAD_S2_MAD05,1,african bush elephant,,9,val
https://storage.googleapis.com/public-datasets-lila/snapshot-safari-2024-expansion/APN/APN_S2/JJP/JJP_R4/APN_S2_JJP_R4_IMAG0082.JPG,Snapshot Safari 2024 Expansion : APN/APN_S2/JJP/JJP_R4/APN_S2_JJP_R4_IMAG0082.JPG,Snapshot Safari 2024 Expansion : APN_S2#JJP#4#35,Snapshot Safari 2024 Expansion : APN_S2_JJP,0,african bush elephant,,9,train
https://storage.googleapis.com/public-datasets-lila/snapshot-safari-2024-expansion/Snapshot Cameo/EFA/EFA_S1/EFA06/EFA06_R31/EFA_S1_EFA06_R31_IMAG1250.JPG,Snapshot Safari 2024 Expansion : Snapshot Cameo/EFA/EFA_S1/EFA06/EFA06_R31/EFA_S1_EFA06_R31_IMAG1250.JPG,Snapshot Safari 2024 Expansion : EFA_S1#EFA06#31#380,Snapshot Safari 2024 Expansion : EFA_S1_EFA06,0,african bush elephant,,9,train
https://storage.googleapis.com/public-datasets-lila/snapshot-safari-2024-expansion/Snapshot Cameo/EFA/EFA_S1/EFA07/EFA07_R20/EFA_S1_EFA07_R20_IMAG0657.JPG,Snapshot Safari 2024 Expansion : Snapshot Cameo/EFA/EFA_S1/EFA07/EFA07_R20/EFA_S1_EFA07_R20_IMAG0657.JPG,Snapshot Safari 2024 Expansion : EFA_S1#EFA07#20#193,Snapshot Safari 2024 Expansion : EFA_S1_EFA07,1,african bush elephant,,9,train
https://storage.googleapis.com/public-datasets-lila/snapshot-safari-2024-expansion/MAD/MAD_S3/MAD06/MAD06_R09/MAD_S3_MAD06_R09_IMAG1328.JPG,Snapshot Safari 2024 Expansion : MAD/MAD_S3/MAD06/MAD06_R09/MAD_S3_MAD06_R09_IMAG1328.JPG,Snapshot Safari 2024 Expansion : MAD_S3#MAD06#09#443,Snapshot Safari 2024 Expansion : MAD_S3_MAD06,1,african bush elephant,,9,train
https://storage.googleapis.com/public-datasets-lila/snapshot-safari-2024-expansion/Snapshot Cameo/EFA/EFA_S1/EFA08/EFA08_R33/EFA_S1_EFA08_R33_IMAG0303.JPG,Snapshot Safari 2024 Expansion : Snapshot Cameo/EFA/EFA_S1/EFA08/EFA08_R33/EFA_S1_EFA08_R33_IMAG0303.JPG,Snapshot Safari 2024 Expansion : EFA_S1#EFA08#33#74,Snapshot Safari 2024 Expansion : EFA_S1_EFA08,2,african bush elephant,,9,test
https://storage.googleapis.com/public-datasets-lila/wcs-unzipped/animals/0026/0804.jpg,WCS Camera Traps : d0a2127a-92d4-11e9-b938-000d3a74c7de,WCS Camera Traps : ken-004-d0037-123,WCS Camera Traps : 324,2,african bush elephant,11-28-2010 08:44:57,9,train
https://storage.googleapis.com/public-datasets-lila/snapshotserengeti-unzipped/SER_S11/M07/M07_R2/SER_S11_M07_R2_IMAG0764.JPG,Snapshot Serengeti : SER_S11/M07/M07_R2/SER_S11_M07_R2_IMAG0764,Snapshot Serengeti : SER_S11#M07#2#265,Snapshot Serengeti : M07,3,african bush elephant,10-24-2015 12:13:48,9,train
https://storage.googleapis.com/public-datasets-lila/snapshot-safari-2024-expansion/MAD/MAD_S1/MAD03/MAD03_R3/MAD_S1_MAD03_R3_IMAG1662.JPG,Snapshot Safari 2024 Expansion : MAD/MAD_S1/MAD03/MAD03_R3/MAD_S1_MAD03_R3_IMAG1662.JPG,Snapshot Safari 2024 Expansion : MAD_S1#MAD03#3#554,Snapshot Safari 2024 Expansion : MAD_S1_MAD03,2,african bush elephant,,9,train
https://storage.googleapis.com/public-datasets-lila/snapshot-safari-2024-expansion/SER/SER_S12/I07/I07_R2/SER_S12_I07_R2_IMAG0054.JPG,Snapshot Safari 2024 Expansion : SER/SER_S12/I07/I07_R2/SER_S12_I07_R2_IMAG0054.JPG,Snapshot Safari 2024 Expansion : SER_S12#I07#2#52,Snapshot Safari 2024 Expansion : SER_S12_I07,0,african bush elephant,,9,val
https://storage.googleapis.com/public-datasets-lila/snapshotserengeti-unzipped/S8/F01/F01_R2/S8_F01_R2_IMAG0163.JPG,Snapshot Serengeti : S8/F01/F01_R2/S8_F01_R2_IMAG0163,Snapshot Serengeti : SER_S8#F01#2#62,Snapshot Serengeti : F01,2,african bush elephant,12-28-2013 07:46:41,9,test
https://storage.googleapis.com/public-datasets-lila/snapshot-safari-2024-expansion/Snapshot Cameo/EFA/EFA_S1/EFA03/EFA03_R6/EFA_S1_EFA03_R6_IMAG0376.JPG,Snapshot Safari 2024 Expansion : Snapshot Cameo/EFA/EFA_S1/EFA03/EFA03_R6/EFA_S1_EFA03_R6_IMAG0376.JPG,Snapshot Safari 2024 Expansion : EFA_S1#EFA03#6#91,Snapshot Safari 2024 Expansion : EFA_S1_EFA03,0,african bush elephant,,9,train
https://storage.googleapis.com/public-datasets-lila/snapshot-safari-2024-expansion/KRU/KRU_S2/7/7_R4/KRU_S2_7_R4_IMAG0375.JPG,Snapshot Safari 2024 Expansion : KRU/KRU_S2/7/7_R4/KRU_S2_7_R4_IMAG0375.JPG,Snapshot Safari 2024 Expansion : KRU_S2#7#4#163,Snapshot Safari 2024 Expansion : KRU_S2_7,0,african bush elephant,,9,train
https://storage.googleapis.com/public-datasets-lila/snapshotserengeti-unzipped/SER_S11/I13/I13_R1/SER_S11_I13_R1_IMAG1440.JPG,Snapshot Serengeti : SER_S11/I13/I13_R1/SER_S11_I13_R1_IMAG1440,Snapshot Serengeti : SER_S11#I13#1#495,Snapshot Serengeti : I13,1,african bush elephant,10-13-2015 13:47:26,9,train
https://storage.googleapis.com/public-datasets-lila/wcs-unzipped/animals/0203/1742.jpg,WCS Camera Traps : 110c5ce2-92d5-11e9-a797-000d3a74c7de,WCS Camera Traps : ken-007-d0038-101,WCS Camera Traps : 1257,19,african bush elephant,02-23-2012 00:13:45,9,train
https://storage.googleapis.com/public-datasets-lila/snapshot-safari-2024-expansion/MAD/MAD_S2/MAD06/MAD06_R5/MAD_S2_MAD06_R5_IMAG2471.JPG,Snapshot Safari 2024 Expansion : MAD/MAD_S2/MAD06/MAD06_R5/MAD_S2_MAD06_R5_IMAG2471.JPG,Snapshot Safari 2024 Expansion : MAD_S2#MAD06#5#824,Snapshot Safari 2024 Expansion : MAD_S2_MAD06,1,african bush elephant,,9,val
https://storage.googleapis.com/public-datasets-lila/snapshot-safari-2024-expansion/MAD/MAD_S2/MAD05/MAD05_R5/MAD_S2_MAD05_R5_IMAG1217.JPG,Snapshot Safari 2024 Expansion : MAD/MAD_S2/MAD05/MAD05_R5/MAD_S2_MAD05_R5_IMAG1217.JPG,Snapshot Safari 2024 Expansion : MAD_S2#MAD05#5#406,Snapshot Safari 2024 Expansion : MAD_S2_MAD05,1,african bush elephant,,9,val
https://storage.googleapis.com/public-datasets-lila/snapshotserengeti-unzipped/S6/G12/G12_R1/S6_G12_R1_IMAG3133.JPG,Snapshot Serengeti : S6/G12/G12_R1/S6_G12_R1_IMAG3133,Snapshot Serengeti : SER_S6#G12#1#1446,Snapshot Serengeti : G12,2,african bush elephant,02-08-2013 18:40:21,9,train
https://storage.googleapis.com/public-datasets-lila/snapshot-safari-2024-expansion/MAD/MAD_S2/MAD03/MAD03_R7/MAD_S2_MAD03_R7_IMAG1409.JPG,Snapshot Safari 2024 Expansion : MAD/MAD_S2/MAD03/MAD03_R7/MAD_S2_MAD03_R7_IMAG1409.JPG,Snapshot Safari 2024 Expansion : MAD_S2#MAD03#7#470,Snapshot Safari 2024 Expansion : MAD_S2_MAD03,1,african bush elephant,,9,train
https://storage.googleapis.com/public-datasets-lila/snapshot-safari-2024-expansion/APN/APN_S4/TB14/TB14_R7/APN_S4_TB14_R7_IMAG0433.JPG,Snapshot Safari 2024 Expansion : APN/APN_S4/TB14/TB14_R7/APN_S4_TB14_R7_IMAG0433.JPG,Snapshot Safari 2024 Expansion : APN_S4#TB14#7#180,Snapshot Safari 2024 Expansion : APN_S4_TB14,1,african bush elephant,,9,train
https://storage.googleapis.com/public-datasets-lila/snapshot-safari-2024-expansion/APN/APN_S3/Jack1/Jack1_R6/APN_S3_Jack1_R6_IMAG0078.JPG,Snapshot Safari 2024 Expansion : APN/APN_S3/Jack1/Jack1_R6/APN_S3_Jack1_R6_IMAG0078.JPG,Snapshot Safari 2024 Expansion : APN_S3#Jack1#6#28,Snapshot Safari 2024 Expansion : APN_S3_JACK1,0,african bush elephant,,9,train
https://storage.googleapis.com/public-datasets-lila/snapshot-safari-2024-expansion/PLN/PLN_S3a/C02/C02_R8/PLN_S3a_C02_R8_IMAG0258.JPG,Snapshot Safari 2024 Expansion : PLN/PLN_S3a/C02/C02_R8/PLN_S3a_C02_R8_IMAG0258.JPG,Snapshot Safari 2024 Expansion : PLN_S3a#C02#8#99,Snapshot Safari 2024 Expansion : PLN_S3A_C02,1,african bush elephant,,9,train
https://storage.googleapis.com/public-datasets-lila/snapshotserengeti-unzipped/S6/L10/L10_R1/S6_L10_R1_IMAG0736.JPG,Snapshot Serengeti : S6/L10/L10_R1/S6_L10_R1_IMAG0736,Snapshot Serengeti : SER_S6#L10#1#246,Snapshot Serengeti : L10,2,african bush elephant,02-18-2013 23:20:21,9,test
https://storage.googleapis.com/public-datasets-lila/snapshot-safari-2024-expansion/MAD/MAD_S2/MAD06/MAD06_R6/MAD_S2_MAD06_R6_IMAG2561.JPG,Snapshot Safari 2024 Expansion : MAD/MAD_S2/MAD06/MAD06_R6/MAD_S2_MAD06_R6_IMAG2561.JPG,Snapshot Safari 2024 Expansion : MAD_S2#MAD06#6#854,Snapshot Safari 2024 Expansion : MAD_S2_MAD06,1,african bush elephant,,9,val
https://storage.googleapis.com/public-datasets-lila/snapshotserengeti-unzipped/S7/H11/H11_R1/S7_H11_R1_IMAG0941.JPG,Snapshot Serengeti : S7/H11/H11_R1/S7_H11_R1_IMAG0941,Snapshot Serengeti : SER_S7#H11#1#331,Snapshot Serengeti : H11,1,african bush elephant,06-02-2013 08:07:15,9,val
https://storage.googleapis.com/public-datasets-lila/snapshot-safari-2024-expansion/ENO/ENO_S5/C04/C04_R3/ENO_S5_C04_R3_IMAG0385.JPG,Snapshot Safari 2024 Expansion : ENO/ENO_S5/C04/C04_R3/ENO_S5_C04_R3_IMAG0385.JPG,Snapshot Safari 2024 Expansion : ENO_S5#C04#3#129,Snapshot Safari 2024 Expansion : ENO_S5_C04,0,african bush elephant,,9,train
https://storage.googleapis.com/public-datasets-lila/snapshot-safari-2024-expansion/MAD/MAD_S1/B05/B05_R4/MAD_S1_B05_R4_IMAG0771.JPG,Snapshot Safari 2024 Expansion : MAD/MAD_S1/B05/B05_R4/MAD_S1_B05_R4_IMAG0771.JPG,Snapshot Safari 2024 Expansion : MAD_S1#B05#4#257,Snapshot Safari 2024 Expansion : MAD_S1_B05,2,african bush elephant,,9,train
https://storage.googleapis.com/public-datasets-lila/snapshot-safari-2024-expansion/MAD/MAD_S3/MAD04/MAD04_R11/MAD_S3_MAD04_R11_IMAG1424.JPG,Snapshot Safari 2024 Expansion : MAD/MAD_S3/MAD04/MAD04_R11/MAD_S3_MAD04_R11_IMAG1424.JPG,Snapshot Safari 2024 Expansion : MAD_S3#MAD04#11#475,Snapshot Safari 2024 Expansion : MAD_S3_MAD04,1,african bush elephant,,9,train
https://storage.googleapis.com/public-datasets-lila/snapshot-safari-2024-expansion/Snapshot Cameo/EFA/EFA_S1/EFA07/EFA07_R19/EFA_S1_EFA07_R19_IMAG1480.JPG,Snapshot Safari 2024 Expansion : Snapshot Cameo/EFA/EFA_S1/EFA07/EFA07_R19/EFA_S1_EFA07_R19_IMAG1480.JPG,Snapshot Safari 2024 Expansion : EFA_S1#EFA07#19#349,Snapshot Safari 2024 Expansion : EFA_S1_EFA07,2,african bush elephant,,9,train
https://storage.googleapis.com/public-datasets-lila/snapshotserengeti-unzipped/S8/J08/J08_R2/S8_J08_R2_IMAG0035.JPG,Snapshot Serengeti : S8/J08/J08_R2/S8_J08_R2_IMAG0035,Snapshot Serengeti : SER_S8#J08#2#33,Snapshot Serengeti : J08,1,african bush elephant,02-10-2014 16:08:53,9,val
https://storage.googleapis.com/public-datasets-lila/snapshotserengeti-unzipped/S10/I13/I13_R2/S10_I13_R2_IMAG0436.JPG,Snapshot Serengeti : S10/I13/I13_R2/S10_I13_R2_IMAG0436,Snapshot Serengeti : SER_S10#I13#2#182,Snapshot Serengeti : I13,1,african bush elephant,06-22-2015 12:51:17,9,train
https://storage.googleapis.com/public-datasets-lila/snapshot-safari-2024-expansion/APN/APN_S2/DW/DW_R7/APN_S2_DW_R7_IMAG1235.JPG,Snapshot Safari 2024 Expansion : APN/APN_S2/DW/DW_R7/APN_S2_DW_R7_IMAG1235.JPG,Snapshot Safari 2024 Expansion : APN_S2#DW#7#449,Snapshot Safari 2024 Expansion : APN_S2_DW,2,african bush elephant,,9,train
https://storage.googleapis.com/public-datasets-lila/snapshot-safari-2024-expansion/Snapshot Cameo/EFA/EFA_S1/EFA06/EFA06_R29/EFA_S1_EFA06_R29_IMAG0319.JPG,Snapshot Safari 2024 Expansion : Snapshot Cameo/EFA/EFA_S1/EFA06/EFA06_R29/EFA_S1_EFA06_R29_IMAG0319.JPG,Snapshot Safari 2024 Expansion : EFA_S1#EFA06#29#93,Snapshot Safari 2024 Expansion : EFA_S1_EFA06,0,african bush elephant,,9,train
https://storage.googleapis.com/public-datasets-lila/snapshot-safari-2024-expansion/PLN/PLN_S3a/D05/D05_R8/PLN_S3a_D05_R8_IMAG0156.JPG,Snapshot Safari 2024 Expansion : PLN/PLN_S3a/D05/D05_R8/PLN_S3a_D05_R8_IMAG0156.JPG,Snapshot Safari 2024 Expansion : PLN_S3a#D05#8#54,Snapshot Safari 2024 Expansion : PLN_S3A_D05,0,african bush elephant,,9,train
https://storage.googleapis.com/public-datasets-lila/snapshot-safari-2024-expansion/Snapshot Cameo/EFA/EFA_S1/EFA08/EFA08_R25/EFA_S1_EFA08_R25_IMAG4927.JPG,Snapshot Safari 2024 Expansion : Snapshot Cameo/EFA/EFA_S1/EFA08/EFA08_R25/EFA_S1_EFA08_R25_IMAG4927.JPG,Snapshot Safari 2024 Expansion : EFA_S1#EFA08#25#740,Snapshot Safari 2024 Expansion : EFA_S1_EFA08,1,african bush elephant,,9,test
https://storage.googleapis.com/public-datasets-lila/snapshot-safari-2024-expansion/APN/APN_S2/K062/K062_R7/APN_S2_K062_R7_IMAG0202.JPG,Snapshot Safari 2024 Expansion : APN/APN_S2/K062/K062_R7/APN_S2_K062_R7_IMAG0202.JPG,Snapshot Safari 2024 Expansion : APN_S2#K062#7#79,Snapshot Safari 2024 Expansion : APN_S2_K062,0,african bush elephant,,9,train
https://storage.googleapis.com/public-datasets-lila/snapshot-safari-2024-expansion/MAD/MAD_S1/MAD06/MAD06_R3/MAD_S1_MAD06_R3_IMAG3369.JPG,Snapshot Safari 2024 Expansion : MAD/MAD_S1/MAD06/MAD06_R3/MAD_S1_MAD06_R3_IMAG3369.JPG,Snapshot Safari 2024 Expansion : MAD_S1#MAD06#3#1123,Snapshot Safari 2024 Expansion : MAD_S1_MAD06,2,african bush elephant,,9,test
https://storage.googleapis.com/public-datasets-lila/snapshot-safari-2024-expansion/MAD/MAD_S2/MAD06/MAD06_R5/MAD_S2_MAD06_R5_IMAG2188.JPG,Snapshot Safari 2024 Expansion : MAD/MAD_S2/MAD06/MAD06_R5/MAD_S2_MAD06_R5_IMAG2188.JPG,Snapshot Safari 2024 Expansion : MAD_S2#MAD06#5#730,Snapshot Safari 2024 Expansion : MAD_S2_MAD06,0,african bush elephant,,9,val
https://storage.googleapis.com/public-datasets-lila/snapshotserengeti-unzipped/S9/H08/H08_R2/S9_H08_R2_IMAG0032.JPG,Snapshot Serengeti : S9/H08/H08_R2/S9_H08_R2_IMAG0032,Snapshot Serengeti : SER_S9#H08#2#15,Snapshot Serengeti : H08,1,african bush elephant,09-16-2014 14:37:38,9,train
https://storage.googleapis.com/public-datasets-lila/snapshot-safari-2024-expansion/SER/SER_S12/J10/J10_R2/SER_S12_J10_R2_IMAG0607.JPG,Snapshot Safari 2024 Expansion : SER/SER_S12/J10/J10_R2/SER_S12_J10_R2_IMAG0607.JPG,Snapshot Safari 2024 Expansion : SER_S12#J10#2#256,Snapshot Safari 2024 Expansion : SER_S12_J10,1,african bush elephant,,9,train
https://storage.googleapis.com/public-datasets-lila/wcs-unzipped/animals/0344/1964.jpg,WCS Camera Traps : 44fe0e74-92d5-11e9-a332-000d3a74c7de,WCS Camera Traps : ken-016-d0053-30,WCS Camera Traps : 1274,17,african bush elephant,02-25-2013 22:25:34,9,train
https://storage.googleapis.com/public-datasets-lila/snapshot-safari-2024-expansion/MAD/MAD_S3/MAD06/MAD06_R11/MAD_S3_MAD06_R11_IMAG0720.JPG,Snapshot Safari 2024 Expansion : MAD/MAD_S3/MAD06/MAD06_R11/MAD_S3_MAD06_R11_IMAG0720.JPG,Snapshot Safari 2024 Expansion : MAD_S3#MAD06#11#240,Snapshot Safari 2024 Expansion : MAD_S3_MAD06,2,african bush elephant,,9,train
https://storage.googleapis.com/public-datasets-lila/snapshot-safari-2024-expansion/APN/APN_S4/JJ6/JJ6_R13/APN_S4_JJ6_R13_IMAG0187.JPG,Snapshot Safari 2024 Expansion : APN/APN_S4/JJ6/JJ6_R13/APN_S4_JJ6_R13_IMAG0187.JPG,Snapshot Safari 2024 Expansion : APN_S4#JJ6#13#89,Snapshot Safari 2024 Expansion : APN_S4_JJ6,0,african bush elephant,,9,train
https://storage.googleapis.com/public-datasets-lila/snapshot-safari-2024-expansion/KRU/KRU_S2/46/46_R4/KRU_S2_46_R4_IMAG0009.JPG,Snapshot Safari 2024 Expansion : KRU/KRU_S2/46/46_R4/KRU_S2_46_R4_IMAG0009.JPG,Snapshot Safari 2024 Expansion : KRU_S2#46#4#5,Snapshot Safari 2024 Expansion : KRU_S2_46,2,african bush elephant,,9,train
https://storage.googleapis.com/public-datasets-lila/snapshot-safari-2024-expansion/APN/APN_S3/U64c/U64c_R12/APN_S3_U64c_R12_IMAG0481.JPG,Snapshot Safari 2024 Expansion : APN/APN_S3/U64c/U64c_R12/APN_S3_U64c_R12_IMAG0481.JPG,Snapshot Safari 2024 Expansion : APN_S3#U64c#12#212,Snapshot Safari 2024 Expansion : APN_S3_U64C,0,african bush elephant,,9,train
https://storage.googleapis.com/public-datasets-lila/snapshotserengeti-unzipped/S6/B06/B06_R2/S6_B06_R2_IMAG0149.JPG,Snapshot Serengeti : S6/B06/B06_R2/S6_B06_R2_IMAG0149,Snapshot Serengeti : SER_S6#B06#2#61,Snapshot Serengeti : B06,1,african bush elephant,03-06-2013 14:13:26,9,train
https://storage.googleapis.com/public-datasets-lila/snapshotserengeti-unzipped/S4/F12/F12_R1/S4_F12_R1_IMAG0812.JPG,Snapshot Serengeti : S4/F12/F12_R1/S4_F12_R1_IMAG0812,Snapshot Serengeti : SER_S4#F12#1#384,Snapshot Serengeti : F12,1,african bush elephant,02-07-2012 10:00:32,9,train
https://storage.googleapis.com/public-datasets-lila/snapshot-safari-2024-expansion/MAD/MAD_S1/C06/C06_R1/MAD_S1_C06_R1_IMAG0328.JPG,Snapshot Safari 2024 Expansion : MAD/MAD_S1/C06/C06_R1/MAD_S1_C06_R1_IMAG0328.JPG,Snapshot Safari 2024 Expansion : MAD_S1#C06#1#132,Snapshot Safari 2024 Expansion : MAD_S1_C06,0,african bush elephant,,9,val
https://storage.googleapis.com/public-datasets-lila/snapshot-safari-2024-expansion/MAD/MAD_S1/MAD03/MAD03_R4/MAD_S1_MAD03_R4_IMAG0425.JPG,Snapshot Safari 2024 Expansion : MAD/MAD_S1/MAD03/MAD03_R4/MAD_S1_MAD03_R4_IMAG0425.JPG,Snapshot Safari 2024 Expansion : MAD_S1#MAD03#4#143,Snapshot Safari 2024 Expansion : MAD_S1_MAD03,0,african bush elephant,,9,train
https://storage.googleapis.com/public-datasets-lila/snapshotserengeti-unzipped/S9/G03/G03_R3/S9_G03_R3_IMAG0027.JPG,Snapshot Serengeti : S9/G03/G03_R3/S9_G03_R3_IMAG0027,Snapshot Serengeti : SER_S9#G03#3#13,Snapshot Serengeti : G03,1,african bush elephant,09-22-2014 06:45:08,9,train
https://storage.googleapis.com/public-datasets-lila/snapshot-safari-2024-expansion/APN/APN_S4/DW/DW_R14/APN_S4_DW_R14_IMAG1449.JPG,Snapshot Safari 2024 Expansion : APN/APN_S4/DW/DW_R14/APN_S4_DW_R14_IMAG1449.JPG,Snapshot Safari 2024 Expansion : APN_S4#DW#14#533,Snapshot Safari 2024 Expansion : APN_S4_DW,1,african bush elephant,,9,test
https://storage.googleapis.com/public-datasets-lila/snapshot-safari-2024-expansion/PLN/PLN_S2/C05/C05_R6/PLN_S2_C05_R6_IMAG0075.JPG,Snapshot Safari 2024 Expansion : PLN/PLN_S2/C05/C05_R6/PLN_S2_C05_R6_IMAG0075.JPG,Snapshot Safari 2024 Expansion : PLN_S2#C05#6#31,Snapshot Safari 2024 Expansion : PLN_S2_C05,2,african bush elephant,,9,val
https://storage.googleapis.com/public-datasets-lila/snapshotserengeti-unzipped/SER_S11/D12/D12_R1/SER_S11_D12_R1_IMAG0594.JPG,Snapshot Serengeti : SER_S11/D12/D12_R1/SER_S11_D12_R1_IMAG0594,Snapshot Serengeti : SER_S11#D12#1#211,Snapshot Serengeti : D12,1,african bush elephant,09-21-2015 17:23:04,9,train
https://storage.googleapis.com/public-datasets-lila/snapshot-safari-2024-expansion/MAD/MAD_S3/C05/C05_R11/MAD_S3_C05_R11_IMAG0675.JPG,Snapshot Safari 2024 Expansion : MAD/MAD_S3/C05/C05_R11/MAD_S3_C05_R11_IMAG0675.JPG,Snapshot Safari 2024 Expansion : MAD_S3#C05#11#225,Snapshot Safari 2024 Expansion : MAD_S3_C05,2,african bush elephant,,9,train
https://storage.googleapis.com/public-datasets-lila/snapshot-safari-2024-expansion/APN/APN_S4/U23a/U23a_R13/APN_S4_U23a_R13_IMAG0348.JPG,Snapshot Safari 2024 Expansion : APN/APN_S4/U23a/U23a_R13/APN_S4_U23a_R13_IMAG0348.JPG,Snapshot Safari 2024 Expansion : APN_S4#U23a#13#164,Snapshot Safari 2024 Expansion : APN_S4_U23A,0,african bush elephant,,9,train
https://storage.googleapis.com/public-datasets-lila/snapshot-safari-2024-expansion/MAD/MAD_S3/I07/I07_R10/MAD_S3_I07_R10_IMAG0020.JPG,Snapshot Safari 2024 Expansion : MAD/MAD_S3/I07/I07_R10/MAD_S3_I07_R10_IMAG0020.JPG,Snapshot Safari 2024 Expansion : MAD_S3#I07#10#7,Snapshot Safari 2024 Expansion : MAD_S3_I07,1,african bush elephant,,9,train
https://storage.googleapis.com/public-datasets-lila/wcs-unzipped/animals/0353/0999.jpg,WCS Camera Traps : 481c6400-92d5-11e9-8c53-000d3a74c7de,WCS Camera Traps : ken-016-d0093-99,WCS Camera Traps : 1317,40,african bush elephant,02-19-2013 14:08:37,9,test
https://storage.googleapis.com/public-datasets-lila/snapshotserengeti-unzipped/S10/F08/F08_R2/S10_F08_R2_IMAG0047.JPG,Snapshot Serengeti : S10/F08/F08_R2/S10_F08_R2_IMAG0047,Snapshot Serengeti : SER_S10#F08#2#17,Snapshot Serengeti : F08,2,african bush elephant,05-06-2015 11:22:23,9,val
https://storage.googleapis.com/public-datasets-lila/snapshotserengeti-unzipped/S9/F02/F02_R3/S9_F02_R3_IMAG0109.JPG,Snapshot Serengeti : S9/F02/F02_R3/S9_F02_R3_IMAG0109,Snapshot Serengeti : SER_S9#F02#3#42,Snapshot Serengeti : F02,3,african bush elephant,09-28-2014 13:37:43,9,train
https://storage.googleapis.com/public-datasets-lila/snapshotserengeti-unzipped/S9/I04/I04_R2/S9_I04_R2_IMAG0160.JPG,Snapshot Serengeti : S9/I04/I04_R2/S9_I04_R2_IMAG0160,Snapshot Serengeti : SER_S9#I04#2#99,Snapshot Serengeti : I04,1,african bush elephant,09-19-2014 05:32:17,9,train
https://storage.googleapis.com/public-datasets-lila/snapshot-safari-2024-expansion/MAD/MAD_S3/MAD04/MAD04_R08/MAD_S3_MAD04_R08_IMAG0683.JPG,Snapshot Safari 2024 Expansion : MAD/MAD_S3/MAD04/MAD04_R08/MAD_S3_MAD04_R08_IMAG0683.JPG,Snapshot Safari 2024 Expansion : MAD_S3#MAD04#08#228,Snapshot Safari 2024 Expansion : MAD_S3_MAD04,1,african bush elephant,,9,train
https://storage.googleapis.com/public-datasets-lila/snapshot-safari-2024-expansion/MAD/MAD_S3/MAD03/MAD03_R08/MAD_S3_MAD03_R08_IMAG3324.JPG,Snapshot Safari 2024 Expansion : MAD/MAD_S3/MAD03/MAD03_R08/MAD_S3_MAD03_R08_IMAG3324.JPG,Snapshot Safari 2024 Expansion : MAD_S3#MAD03#08#1108,Snapshot Safari 2024 Expansion : MAD_S3_MAD03,2,african bush elephant,,9,train
https://storage.googleapis.com/public-datasets-lila/snapshot-safari-2024-expansion/Snapshot Cameo/EFA/EFA_S1/EFA06/EFA06_R38/EFA_S1_EFA06_R38_IMAG0153.JPG,Snapshot Safari 2024 Expansion : Snapshot Cameo/EFA/EFA_S1/EFA06/EFA06_R38/EFA_S1_EFA06_R38_IMAG0153.JPG,Snapshot Safari 2024 Expansion : EFA_S1#EFA06#38#56,Snapshot Safari 2024 Expansion : EFA_S1_EFA06,1,african bush elephant,,9,train
https://storage.googleapis.com/public-datasets-lila/snapshot-safari-2024-expansion/APN/APN_S3/DW/DW_R11/APN_S3_DW_R11_IMAG0159.JPG,Snapshot Safari 2024 Expansion : APN/APN_S3/DW/DW_R11/APN_S3_DW_R11_IMAG0159.JPG,Snapshot Safari 2024 Expansion : APN_S3#DW#11#56,Snapshot Safari 2024 Expansion : APN_S3_DW,1,african bush elephant,,9,train
https://storage.googleapis.com/public-datasets-lila/snapshotserengeti-unzipped/S9/K10/K10_R1/S9_K10_R1_IMAG0810.JPG,Snapshot Serengeti : S9/K10/K10_R1/S9_K10_R1_IMAG0810,Snapshot Serengeti : SER_S9#K10#1#302,Snapshot Serengeti : K10,2,african bush elephant,07-16-2014 16:50:27,9,train
https://storage.googleapis.com/public-datasets-lila/snapshot-safari-2024-expansion/MAD/MAD_S3/MAD06/MAD06_R08/MAD_S3_MAD06_R08_IMAG0923.JPG,Snapshot Safari 2024 Expansion : MAD/MAD_S3/MAD06/MAD06_R08/MAD_S3_MAD06_R08_IMAG0923.JPG,Snapshot Safari 2024 Expansion : MAD_S3#MAD06#08#308,Snapshot Safari 2024 Expansion : MAD_S3_MAD06,1,african bush elephant,,9,train
https://storage.googleapis.com/public-datasets-lila/snapshotserengeti-unzipped/S10/G07/G07_R2/S10_G07_R2_IMAG0217.JPG,Snapshot Serengeti : S10/G07/G07_R2/S10_G07_R2_IMAG0217,Snapshot Serengeti : SER_S10#G07#2#79,Snapshot Serengeti : G07,3,african bush elephant,04-27-2015 14:47:35,9,train
https://storage.googleapis.com/public-datasets-lila/snapshot-safari-2024-expansion/MAD/MAD_S2/MAD03/MAD03_R5/MAD_S2_MAD03_R5_IMAG1376.JPG,Snapshot Safari 2024 Expansion : MAD/MAD_S2/MAD03/MAD03_R5/MAD_S2_MAD03_R5_IMAG1376.JPG,Snapshot Safari 2024 Expansion : MAD_S2#MAD03#5#459,Snapshot Safari 2024 Expansion : MAD_S2_MAD03,1,african bush elephant,,9,train
https://storage.googleapis.com/public-datasets-lila/snapshotserengeti-unzipped/S6/I12/I12_R2/S6_I12_R2_IMAG0219.JPG,Snapshot Serengeti : S6/I12/I12_R2/S6_I12_R2_IMAG0219,Snapshot Serengeti : SER_S6#I12#2#89,Snapshot Serengeti : I12,1,african bush elephant,02-11-2013 16:02:11,9,train
https://storage.googleapis.com/public-datasets-lila/snapshot-safari-2024-expansion/APN/APN_S4/TB17/TB17_R8/APN_S4_TB17_R8_IMAG0429.JPG,Snapshot Safari 2024 Expansion : APN/APN_S4/TB17/TB17_R8/APN_S4_TB17_R8_IMAG0429.JPG,Snapshot Safari 2024 Expansion : APN_S4#TB17#8#154,Snapshot Safari 2024 Expansion : APN_S4_TB17,1,african bush elephant,,9,train
https://storage.googleapis.com/public-datasets-lila/snapshot-safari-2024-expansion/MAD/MAD_S3/MAD04/MAD04_R08/MAD_S3_MAD04_R08_IMAG1508.JPG,Snapshot Safari 2024 Expansion : MAD/MAD_S3/MAD04/MAD04_R08/MAD_S3_MAD04_R08_IMAG1508.JPG,Snapshot Safari 2024 Expansion : MAD_S3#MAD04#08#503,Snapshot Safari 2024 Expansion : MAD_S3_MAD04,1,african bush elephant,,9,train
https://storage.googleapis.com/public-datasets-lila/snapshot-safari-2024-expansion/MAD/MAD_S2/MAD03/MAD03_R5/MAD_S2_MAD03_R5_IMAG0493.JPG,Snapshot Safari 2024 Expansion : MAD/MAD_S2/MAD03/MAD03_R5/MAD_S2_MAD03_R5_IMAG0493.JPG,Snapshot Safari 2024 Expansion : MAD_S2#MAD03#5#165,Snapshot Safari 2024 Expansion : MAD_S2_MAD03,0,african bush elephant,,9,train
https://storage.googleapis.com/public-datasets-lila/snapshot-safari-2024-expansion/Snapshot Cameo/EFA/EFA_S1/EFA08/EFA08_R25/EFA_S1_EFA08_R25_IMAG3965.JPG,Snapshot Safari 2024 Expansion : Snapshot Cameo/EFA/EFA_S1/EFA08/EFA08_R25/EFA_S1_EFA08_R25_IMAG3965.JPG,Snapshot Safari 2024 Expansion : EFA_S1#EFA08#25#610,Snapshot Safari 2024 Expansion : EFA_S1_EFA08,2,african bush elephant,,9,test
https://storage.googleapis.com/public-datasets-lila/snapshot-safari-2024-expansion/SER/SER_S12/L11/L11_R2/SER_S12_L11_R2_IMAG0032.JPG,Snapshot Safari 2024 Expansion : SER/SER_S12/L11/L11_R2/SER_S12_L11_R2_IMAG0032.JPG,Snapshot Safari 2024 Expansion : SER_S12#L11#2#30,Snapshot Safari 2024 Expansion : SER_S12_L11,0,african bush elephant,,9,train
https://storage.googleapis.com/public-datasets-lila/snapshot-safari-2024-expansion/Snapshot Cameo/EFA/EFA_S1/EFA08/EFA08_R38/EFA_S1_EFA08_R38_IMAG0858.JPG,Snapshot Safari 2024 Expansion : Snapshot Cameo/EFA/EFA_S1/EFA08/EFA08_R38/EFA_S1_EFA08_R38_IMAG0858.JPG,Snapshot Safari 2024 Expansion : EFA_S1#EFA08#38#146,Snapshot Safari 2024 Expansion : EFA_S1_EFA08,2,african bush elephant,,9,test
https://storage.googleapis.com/public-datasets-lila/wcs-unzipped/animals/0370/1282.jpg,WCS Camera Traps : 4e450f72-92d5-11e9-8631-000d3a74c7de,WCS Camera Traps : ken-014-d0091-267,WCS Camera Traps : 2730,11,african bush elephant,08-15-2009 09:28:09,9,train
https://storage.googleapis.com/public-datasets-lila/snapshotserengeti-unzipped/S9/K10/K10_R1/S9_K10_R1_IMAG0214.JPG,Snapshot Serengeti : S9/K10/K10_R1/S9_K10_R1_IMAG0214,Snapshot Serengeti : SER_S9#K10#1#72,Snapshot Serengeti : K10,3,african bush elephant,07-11-2014 14:20:46,9,train
https://storage.googleapis.com/public-datasets-lila/snapshotserengeti-unzipped/S4/F12/F12_R1/S4_F12_R1_IMAG0696.JPG,Snapshot Serengeti : S4/F12/F12_R1/S4_F12_R1_IMAG0696,Snapshot Serengeti : SER_S4#F12#1#336,Snapshot Serengeti : F12,1,african bush elephant,02-01-2012 07:39:11,9,train
https://storage.googleapis.com/public-datasets-lila/snapshot-safari-2024-expansion/MAD/MAD_S1/MAD03/MAD03_R4/MAD_S1_MAD03_R4_IMAG1093.JPG,Snapshot Safari 2024 Expansion : MAD/MAD_S1/MAD03/MAD03_R4/MAD_S1_MAD03_R4_IMAG1093.JPG,Snapshot Safari 2024 Expansion : MAD_S1#MAD03#4#365,Snapshot Safari 2024 Expansion : MAD_S1_MAD03,2,african bush elephant,,9,train
https://storage.googleapis.com/public-datasets-lila/snapshotserengeti-unzipped/S6/D06/D06_R2/S6_D06_R2_IMAG0109.JPG,Snapshot Serengeti : S6/D06/D06_R2/S6_D06_R2_IMAG0109,Snapshot Serengeti : SER_S6#D06#2#49,Snapshot Serengeti : D06,1,african bush elephant,03-01-2013 20:41:49,9,train
https://storage.googleapis.com/public-datasets-lila/snapshotserengeti-unzipped/S7/F01/F01_R2/S7_F01_R2_IMAG0853.JPG,Snapshot Serengeti : S7/F01/F01_R2/S7_F01_R2_IMAG0853,Snapshot Serengeti : SER_S7#F01#2#341,Snapshot Serengeti : F01,1,african bush elephant,06-29-2013 11:30:48,9,test
https://storage.googleapis.com/public-datasets-lila/snapshot-safari-2024-expansion/MAD/MAD_S2/MAD06/MAD06_R5/MAD_S2_MAD06_R5_IMAG4073.JPG,Snapshot Safari 2024 Expansion : MAD/MAD_S2/MAD06/MAD06_R5/MAD_S2_MAD06_R5_IMAG4073.JPG,Snapshot Safari 2024 Expansion : MAD_S2#MAD06#5#1358,Snapshot Safari 2024 Expansion : MAD_S2_MAD06,1,african bush elephant,,9,val
https://storage.googleapis.com/public-datasets-lila/snapshotserengeti-unzipped/S5/G12/G12_R2/S5_G12_R2_IMAG0032.JPG,Snapshot Serengeti : S5/G12/G12_R2/S5_G12_R2_IMAG0032,Snapshot Serengeti : SER_S5#G12#2#12,Snapshot Serengeti : G12,2,african bush elephant,08-04-2012 16:03:50,9,train
https://storage.googleapis.com/public-datasets-lila/snapshot-safari-2024-expansion/MAD/MAD_S3/MAD03/MAD03_R10/MAD_S3_MAD03_R10_IMAG0148.JPG,Snapshot Safari 2024 Expansion : MAD/MAD_S3/MAD03/MAD03_R10/MAD_S3_MAD03_R10_IMAG0148.JPG,Snapshot Safari 2024 Expansion : MAD_S3#MAD03#10#50,Snapshot Safari 2024 Expansion : MAD_S3_MAD03,0,african bush elephant,,9,train
https://storage.googleapis.com/public-datasets-lila/snapshotserengeti-unzipped/S5/K10/K10_R2/S5_K10_R2_IMAG1265.JPG,Snapshot Serengeti : S5/K10/K10_R2/S5_K10_R2_IMAG1265,Snapshot Serengeti : SER_S5#K10#2#433,Snapshot Serengeti : K10,3,african bush elephant,09-30-2012 13:30:24,9,train
https://storage.googleapis.com/public-datasets-lila/snapshotserengeti-unzipped/S7/P13/P13_R1/S7_P13_R1_IMAG0854.JPG,Snapshot Serengeti : S7/P13/P13_R1/S7_P13_R1_IMAG0854,Snapshot Serengeti : SER_S7#P13#1#356,Snapshot Serengeti : P13,3,african bush elephant,06-02-2013 15:43:14,9,train
https://storage.googleapis.com/public-datasets-lila/snapshot-safari-2024-expansion/Snapshot Cameo/EFA/EFA_S1/EFA07/EFA07_R43/EFA_S1_EFA07_R43_IMAG0843.JPG,Snapshot Safari 2024 Expansion : Snapshot Cameo/EFA/EFA_S1/EFA07/EFA07_R43/EFA_S1_EFA07_R43_IMAG0843.JPG,Snapshot Safari 2024 Expansion : EFA_S1#EFA07#43#260,Snapshot Safari 2024 Expansion : EFA_S1_EFA07,0,african bush elephant,,9,train
https://storage.googleapis.com/public-datasets-lila/snapshotserengeti-unzipped/S6/D02/D02_R2/S6_D02_R2_IMAG0158.JPG,Snapshot Serengeti : S6/D02/D02_R2/S6_D02_R2_IMAG0158,Snapshot Serengeti : SER_S6#D02#2#54,Snapshot Serengeti : D02,3,african bush elephant,02-28-2013 13:41:38,9,train
https://storage.googleapis.com/public-datasets-lila/snapshot-safari-2024-expansion/Snapshot Cameo/EFA/EFA_S1/EFA07/EFA07_R35/EFA_S1_EFA07_R35_IMAG2168.JPG,Snapshot Safari 2024 Expansion : Snapshot Cameo/EFA/EFA_S1/EFA07/EFA07_R35/EFA_S1_EFA07_R35_IMAG2168.JPG,Snapshot Safari 2024 Expansion : EFA_S1#EFA07#35#672,Snapshot Safari 2024 Expansion : EFA_S1_EFA07,0,african bush elephant,,9,train
https://storage.googleapis.com/public-datasets-lila/snapshotserengeti-unzipped/S5/B12/B12_R1/S5_B12_R1_IMAG2804.JPG,Snapshot Serengeti : S5/B12/B12_R1/S5_B12_R1_IMAG2804,Snapshot Serengeti : SER_S5#B12#1#1004,Snapshot Serengeti : B12,2,african bush elephant,07-26-2012 11:17:42,9,train
https://storage.googleapis.com/public-datasets-lila/snapshot-safari-2024-expansion/Snapshot Cameo/EFA/EFA_S1/EFA08/EFA08_R2/EFA_S1_EFA08_R2_IMAG0052.JPG,Snapshot Safari 2024 Expansion : Snapshot Cameo/EFA/EFA_S1/EFA08/EFA08_R2/EFA_S1_EFA08_R2_IMAG0052.JPG,Snapshot Safari 2024 Expansion : EFA_S1#EFA08#2#10,Snapshot Safari 2024 Expansion : EFA_S1_EFA08,1,african bush elephant,,9,test
https://storage.googleapis.com/public-datasets-lila/snapshotserengeti-unzipped/S2/G12/G12_R3/S2_G12_R3_IMAG0387.JPG,Snapshot Serengeti : S2/G12/G12_R3/S2_G12_R3_IMAG0387,Snapshot Serengeti : SER_S2#G12#3#151,Snapshot Serengeti : G12,1,african bush elephant,07-13-2011 14:16:57,9,train
https://storage.googleapis.com/public-datasets-lila/snapshot-safari-2024-expansion/SER/SER_S12/K05/K05_R3/SER_S12_K05_R3_IMAG0521.JPG,Snapshot Safari 2024 Expansion : SER/SER_S12/K05/K05_R3/SER_S12_K05_R3_IMAG0521.JPG,Snapshot Safari 2024 Expansion : SER_S12#K05#3#519,Snapshot Safari 2024 Expansion : SER_S12_K05,0,african bush elephant,,9,test
https://storage.googleapis.com/public-datasets-lila/snapshotserengeti-unzipped/S6/L10/L10_R1/S6_L10_R1_IMAG0638.JPG,Snapshot Serengeti : S6/L10/L10_R1/S6_L10_R1_IMAG0638,Snapshot Serengeti : SER_S6#L10#1#213,Snapshot Serengeti : L10,1,african bush elephant,02-18-2013 21:41:45,9,test
https://storage.googleapis.com/public-datasets-lila/snapshot-safari-2024-expansion/Snapshot Cameo/EFA/EFA_S1/EFA07/EFA07_R44/EFA_S1_EFA07_R44_IMAG1136.JPG,Snapshot Safari 2024 Expansion : Snapshot Cameo/EFA/EFA_S1/EFA07/EFA07_R44/EFA_S1_EFA07_R44_IMAG1136.JPG,Snapshot Safari 2024 Expansion : EFA_S1#EFA07#44#247,Snapshot Safari 2024 Expansion : EFA_S1_EFA07,0,african bush elephant,,9,train
https://storage.googleapis.com/public-datasets-lila/snapshotserengeti-unzipped/SER_S11/K03/K03_R2/SER_S11_K03_R2_IMAG0067.JPG,Snapshot Serengeti : SER_S11/K03/K03_R2/SER_S11_K03_R2_IMAG0067,Snapshot Serengeti : SER_S11#K03#2#28,Snapshot Serengeti : K03,3,african bush elephant,11-05-2015 10:15:03,9,test
https://storage.googleapis.com/public-datasets-lila/snapshotserengeti-unzipped/S5/H01/H01_R2/S5_H01_R2_IMAG0224.JPG,Snapshot Serengeti : S5/H01/H01_R2/S5_H01_R2_IMAG0224,Snapshot Serengeti : SER_S5#H01#2#93,Snapshot Serengeti : H01,2,african bush elephant,09-07-2012 09:24:36,9,train
https://storage.googleapis.com/public-datasets-lila/snapshot-safari-2024-expansion/Snapshot Cameo/EFA/EFA_S1/EFA06/EFA06_R20/EFA_S1_EFA06_R20_IMAG0334.JPG,Snapshot Safari 2024 Expansion : Snapshot Cameo/EFA/EFA_S1/EFA06/EFA06_R20/EFA_S1_EFA06_R20_IMAG0334.JPG,Snapshot Safari 2024 Expansion : EFA_S1#EFA06#20#281,Snapshot Safari 2024 Expansion : EFA_S1_EFA06,0,african bush elephant,,9,train
https://storage.googleapis.com/public-datasets-lila/snapshot-safari-2024-expansion/APN/APN_S3/TB17/TB17_R2/APN_S3_TB17_R2_IMAG1408.JPG,Snapshot Safari 2024 Expansion : APN/APN_S3/TB17/TB17_R2/APN_S3_TB17_R2_IMAG1408.JPG,Snapshot Safari 2024 Expansion : APN_S3#TB17#2#523,Snapshot Safari 2024 Expansion : APN_S3_TB17,1,african bush elephant,,9,train
https://storage.googleapis.com/public-datasets-lila/snapshot-safari-2024-expansion/MAD/MAD_S2/MAD06/MAD06_R6/MAD_S2_MAD06_R6_IMAG4418.JPG,Snapshot Safari 2024 Expansion : MAD/MAD_S2/MAD06/MAD06_R6/MAD_S2_MAD06_R6_IMAG4418.JPG,Snapshot Safari 2024 Expansion : MAD_S2#MAD06#6#1473,Snapshot Safari 2024 Expansion : MAD_S2_MAD06,1,african bush elephant,,9,val
https://storage.googleapis.com/public-datasets-lila/snapshot-safari-2024-expansion/Snapshot Cameo/DEB/DEB_S1/H1/H1_R41/DEB_S1_H1_R41_IMAG0100.JPG,Snapshot Safari 2024 Expansion : Snapshot Cameo/DEB/DEB_S1/H1/H1_R41/DEB_S1_H1_R41_IMAG0100.JPG,Snapshot Safari 2024 Expansion : DEB_S1#H1#41#100,Snapshot Safari 2024 Expansion : DEB_S1_H1,0,african bush elephant,,9,train
https://storage.googleapis.com/public-datasets-lila/snapshotserengeti-unzipped/S4/J09/J09_R1/S4_J09_R1_IMAG0207.JPG,Snapshot Serengeti : S4/J09/J09_R1/S4_J09_R1_IMAG0207,Snapshot Serengeti : SER_S4#J09#1#107,Snapshot Serengeti : J09,1,african bush elephant,02-17-2012 15:12:20,9,train
https://storage.googleapis.com/public-datasets-lila/snapshot-safari-2024-expansion/MAD/MAD_S2/MAD06/MAD06_R6/MAD_S2_MAD06_R6_IMAG3387.JPG,Snapshot Safari 2024 Expansion : MAD/MAD_S2/MAD06/MAD06_R6/MAD_S2_MAD06_R6_IMAG3387.JPG,Snapshot Safari 2024 Expansion : MAD_S2#MAD06#6#1129,Snapshot Safari 2024 Expansion : MAD_S2_MAD06,2,african bush elephant,,9,val
https://storage.googleapis.com/public-datasets-lila/snapshotserengeti-unzipped/S1/I06/I06_R2/S1_I06_R2_PICT0034.JPG,Snapshot Serengeti : S1/I06/I06_R2/S1_I06_R2_PICT0034,Snapshot Serengeti : SER_S1#I06#2#12,Snapshot Serengeti : I06,3,african bush elephant,08-11-2010 20:32:36,9,train
https://storage.googleapis.com/public-datasets-lila/snapshot-safari-2024-expansion/MAD/MAD_S1/MAD01/MAD01_R3/MAD_S1_MAD01_R3_IMAG1060.JPG,Snapshot Safari 2024 Expansion : MAD/MAD_S1/MAD01/MAD01_R3/MAD_S1_MAD01_R3_IMAG1060.JPG,Snapshot Safari 2024 Expansion : MAD_S1#MAD01#3#354,Snapshot Safari 2024 Expansion : MAD_S1_MAD01,0,african bush elephant,,9,train
https://storage.googleapis.com/public-datasets-lila/snapshot-safari-2024-expansion/PLN/PLN_S1/A01/A01_R2/PLN_S1_A01_R2_IMAG0403.JPG,Snapshot Safari 2024 Expansion : PLN/PLN_S1/A01/A01_R2/PLN_S1_A01_R2_IMAG0403.JPG,Snapshot Safari 2024 Expansion : PLN_S1#A01#2#147,Snapshot Safari 2024 Expansion : PLN_S1_A01,0,african bush elephant,,9,val
https://storage.googleapis.com/public-datasets-lila/snapshot-safari-2024-expansion/APN/APN_S4/UMH8/UMH8_R14/APN_S4_UMH8_R14_IMAG0214.JPG,Snapshot Safari 2024 Expansion : APN/APN_S4/UMH8/UMH8_R14/APN_S4_UMH8_R14_IMAG0214.JPG,Snapshot Safari 2024 Expansion : APN_S4#UMH8#14#95,Snapshot Safari 2024 Expansion : APN_S4_UMH8,1,african bush elephant,,9,train
https://storage.googleapis.com/public-datasets-lila/snapshot-safari-2024-expansion/MAD/MAD_S2/G04/G04_R5/MAD_S2_G04_R5_IMAG0190.JPG,Snapshot Safari 2024 Expansion : MAD/MAD_S2/G04/G04_R5/MAD_S2_G04_R5_IMAG0190.JPG,Snapshot Safari 2024 Expansion : MAD_S2#G04#5#64,Snapshot Safari 2024 Expansion : MAD_S2_G04,0,african bush elephant,,9,train
https://storage.googleapis.com/public-datasets-lila/snapshot-safari-2024-expansion/MAD/MAD_S1/MAD03/MAD03_R3/MAD_S1_MAD03_R3_IMAG5018.JPG,Snapshot Safari 2024 Expansion : MAD/MAD_S1/MAD03/MAD03_R3/MAD_S1_MAD03_R3_IMAG5018.JPG,Snapshot Safari 2024 Expansion : MAD_S1#MAD03#3#1672,Snapshot Safari 2024 Expansion : MAD_S1_MAD03,1,african bush elephant,,9,train
https://storage.googleapis.com/public-datasets-lila/snapshotserengeti-unzipped/S7/O11/O11_R1/S7_O11_R1_IMAG0206.JPG,Snapshot Serengeti : S7/O11/O11_R1/S7_O11_R1_IMAG0206,Snapshot Serengeti : SER_S7#O11#1#72,Snapshot Serengeti : O11,1,african bush elephant,05-10-2013 12:47:31,9,train
https://storage.googleapis.com/public-datasets-lila/snapshotserengeti-unzipped/S6/H11/H11_R2/S6_H11_R2_IMAG0042.JPG,Snapshot Serengeti : S6/H11/H11_R2/S6_H11_R2_IMAG0042,Snapshot Serengeti : SER_S6#H11#2#18,Snapshot Serengeti : H11,1,african bush elephant,02-13-2013 13:08:09,9,val
https://storage.googleapis.com/public-datasets-lila/snapshot-safari-2024-expansion/Snapshot Cameo/EFA/EFA_S1/EFA08/EFA08_R2/EFA_S1_EFA08_R2_IMAG2330.JPG,Snapshot Safari 2024 Expansion : Snapshot Cameo/EFA/EFA_S1/EFA08/EFA08_R2/EFA_S1_EFA08_R2_IMAG2330.JPG,Snapshot Safari 2024 Expansion : EFA_S1#EFA08#2#472,Snapshot Safari 2024 Expansion : EFA_S1_EFA08,1,african bush elephant,,9,test
https://storage.googleapis.com/public-datasets-lila/snapshot-safari-2024-expansion/MAD/MAD_S2/MAD06/MAD06_R6/MAD_S2_MAD06_R6_IMAG4135.JPG,Snapshot Safari 2024 Expansion : MAD/MAD_S2/MAD06/MAD06_R6/MAD_S2_MAD06_R6_IMAG4135.JPG,Snapshot Safari 2024 Expansion : MAD_S2#MAD06#6#1379,Snapshot Safari 2024 Expansion : MAD_S2_MAD06,0,african bush elephant,,9,val
https://storage.googleapis.com/public-datasets-lila/snapshotserengeti-unzipped/SER_S11/I06/I06_R1/SER_S11_I06_R1_IMAG0364.JPG,Snapshot Serengeti : SER_S11/I06/I06_R1/SER_S11_I06_R1_IMAG0364,Snapshot Serengeti : SER_S11#I06#1#206,Snapshot Serengeti : I06,2,african bush elephant,09-26-2015 10:23:03,9,train
https://storage.googleapis.com/public-datasets-lila/snapshot-safari-2024-expansion/MAD/MAD_S3/MAD03/MAD03_R11/MAD_S3_MAD03_R11_IMAG1082.JPG,Snapshot Safari 2024 Expansion : MAD/MAD_S3/MAD03/MAD03_R11/MAD_S3_MAD03_R11_IMAG1082.JPG,Snapshot Safari 2024 Expansion : MAD_S3#MAD03#11#361,Snapshot Safari 2024 Expansion : MAD_S3_MAD03,1,african bush elephant,,9,train
https://storage.googleapis.com/public-datasets-lila/wcs-unzipped/animals/0335/1726.jpg,WCS Camera Traps : 41a7941e-92d5-11e9-893f-000d3a74c7de,WCS Camera Traps : ken-016-d0010-63,WCS Camera Traps : 1228,3,african bush elephant,02-07-2013 20:02:04,9,train
https://storage.googleapis.com/public-datasets-lila/snapshot-safari-2024-expansion/PLN/PLN_S3a/B02/B02_R7/PLN_S3a_B02_R7_IMAG0203.JPG,Snapshot Safari 2024 Expansion : PLN/PLN_S3a/B02/B02_R7/PLN_S3a_B02_R7_IMAG0203.JPG,Snapshot Safari 2024 Expansion : PLN_S3a#B02#7#107,Snapshot Safari 2024 Expansion : PLN_S3A_B02,0,african bush elephant,,9,train
https://storage.googleapis.com/public-datasets-lila/snapshot-safari-2024-expansion/Snapshot Cameo/EFA/EFA_S1/EFA07/EFA07_R36/EFA_S1_EFA07_R36_IMAG0744.JPG,Snapshot Safari 2024 Expansion : Snapshot Cameo/EFA/EFA_S1/EFA07/EFA07_R36/EFA_S1_EFA07_R36_IMAG0744.JPG,Snapshot Safari 2024 Expansion : EFA_S1#EFA07#36#119,Snapshot Safari 2024 Expansion : EFA_S1_EFA07,1,african bush elephant,,9,train
https://storage.googleapis.com/public-datasets-lila/snapshot-safari-2024-expansion/ENO/ENO_S4/D05/D05_R1/ENO_S4_D05_R1_IMAG0019.JPG,Snapshot Safari 2024 Expansion : ENO/ENO_S4/D05/D05_R1/ENO_S4_D05_R1_IMAG0019.JPG,Snapshot Safari 2024 Expansion : ENO_S4#D05#1#8,Snapshot Safari 2024 Expansion : ENO_S4_D05,1,african bush elephant,,9,train
https://storage.googleapis.com/public-datasets-lila/snapshot-safari-2024-expansion/MAD/MAD_S2/MAD03/MAD03_R5/MAD_S2_MAD03_R5_IMAG2608.JPG,Snapshot Safari 2024 Expansion : MAD/MAD_S2/MAD03/MAD03_R5/MAD_S2_MAD03_R5_IMAG2608.JPG,Snapshot Safari 2024 Expansion : MAD_S2#MAD03#5#870,Snapshot Safari 2024 Expansion : MAD_S2_MAD03,0,african bush elephant,,9,train
https://storage.googleapis.com/public-datasets-lila/snapshotserengeti-unzipped/S5/D10/D10_R1/S5_D10_R1_IMAG1316.JPG,Snapshot Serengeti : S5/D10/D10_R1/S5_D10_R1_IMAG1316,Snapshot Serengeti : SER_S5#D10#1#450,Snapshot Serengeti : D10,1,african bush elephant,06-01-2012 11:33:01,9,train
https://storage.googleapis.com/public-datasets-lila/snapshot-safari-2024-expansion/MAD/MAD_S3/I08/I08_R08/MAD_S3_I08_R08_IMAG0195.JPG,Snapshot Safari 2024 Expansion : MAD/MAD_S3/I08/I08_R08/MAD_S3_I08_R08_IMAG0195.JPG,Snapshot Safari 2024 Expansion : MAD_S3#I08#08#66,Snapshot Safari 2024 Expansion : MAD_S3_I08,0,african bush elephant,,9,test
https://storage.googleapis.com/public-datasets-lila/snapshot-safari-2024-expansion/MAD/MAD_S2/MAD06/MAD06_R6/MAD_S2_MAD06_R6_IMAG3199.JPG,Snapshot Safari 2024 Expansion : MAD/MAD_S2/MAD06/MAD06_R6/MAD_S2_MAD06_R6_IMAG3199.JPG,Snapshot Safari 2024 Expansion : MAD_S2#MAD06#6#1067,Snapshot Safari 2024 Expansion : MAD_S2_MAD06,0,african bush elephant,,9,val
https://storage.googleapis.com/public-datasets-lila/snapshot-safari-2024-expansion/RUA/RUA_S1/M7/M7_R2/RUA_S1_M7_R2_IMAG3399.JPG,Snapshot Safari 2024 Expansion : RUA/RUA_S1/M7/M7_R2/RUA_S1_M7_R2_IMAG3399.JPG,Snapshot Safari 2024 Expansion : RUA_S1#M7#2#3399,Snapshot Safari 2024 Expansion : RUA_S1_M7,0,african bush elephant,,9,train
https://storage.googleapis.com/public-datasets-lila/snapshot-safari-2024-expansion/APN/APN_S3/K073/K073_R9/APN_S3_K073_R9_IMAG0135.JPG,Snapshot Safari 2024 Expansion : APN/APN_S3/K073/K073_R9/APN_S3_K073_R9_IMAG0135.JPG,Snapshot Safari 2024 Expansion : APN_S3#K073#9#60,Snapshot Safari 2024 Expansion : APN_S3_K073,1,african bush elephant,,9,train
https://storage.googleapis.com/public-datasets-lila/snapshotserengeti-unzipped/S8/L03/L03_R3/S8_L03_R3_IMAG3974.JPG,Snapshot Serengeti : S8/L03/L03_R3/S8_L03_R3_IMAG3974,Snapshot Serengeti : SER_S8#L03#3#1352,Snapshot Serengeti : L03,3,african bush elephant,04-26-2014 16:33:55,9,train
https://storage.googleapis.com/public-datasets-lila/wcs-unzipped/animals/0344/1970.jpg,WCS Camera Traps : 44fe5cb8-92d5-11e9-85c2-000d3a74c7de,WCS Camera Traps : ken-016-d0053-33,WCS Camera Traps : 1274,2,african bush elephant,02-25-2013 23:08:08,9,train
https://storage.googleapis.com/public-datasets-lila/snapshot-safari-2024-expansion/MAD/MAD_S2/MAD03/MAD03_R5/MAD_S2_MAD03_R5_IMAG0242.JPG,Snapshot Safari 2024 Expansion : MAD/MAD_S2/MAD03/MAD03_R5/MAD_S2_MAD03_R5_IMAG0242.JPG,Snapshot Safari 2024 Expansion : MAD_S2#MAD03#5#81,Snapshot Safari 2024 Expansion : MAD_S2_MAD03,1,african bush elephant,,9,train
https://storage.googleapis.com/public-datasets-lila/snapshot-safari-2024-expansion/Snapshot Cameo/EFA/EFA_S1/EFA08/EFA08_R40/EFA_S1_EFA08_R40_IMAG0174.JPG,Snapshot Safari 2024 Expansion : Snapshot Cameo/EFA/EFA_S1/EFA08/EFA08_R40/EFA_S1_EFA08_R40_IMAG0174.JPG,Snapshot Safari 2024 Expansion : EFA_S1#EFA08#40#29,Snapshot Safari 2024 Expansion : EFA_S1_EFA08,1,african bush elephant,,9,test
https://storage.googleapis.com/public-datasets-lila/snapshot-safari-2024-expansion/Snapshot Cameo/EFA/EFA_S1/EFA08/EFA08_R40/EFA_S1_EFA08_R40_IMAG0985.JPG,Snapshot Safari 2024 Expansion : Snapshot Cameo/EFA/EFA_S1/EFA08/EFA08_R40/EFA_S1_EFA08_R40_IMAG0985.JPG,Snapshot Safari 2024 Expansion : EFA_S1#EFA08#40#135,Snapshot Safari 2024 Expansion : EFA_S1_EFA08,0,african bush elephant,,9,test
https://storage.googleapis.com/public-datasets-lila/snapshotserengeti-unzipped/S7/E05/E05_R2/S7_E05_R2_IMAG0170.JPG,Snapshot Serengeti : S7/E05/E05_R2/S7_E05_R2_IMAG0170,Snapshot Serengeti : SER_S7#E05#2#66,Snapshot Serengeti : E05,1,african bush elephant,07-21-2013 00:51:28,9,test
https://storage.googleapis.com/public-datasets-lila/snapshot-safari-2024-expansion/APN/APN_S3/U63c/U63c_R10/APN_S3_U63c_R10_IMAG0006.JPG,Snapshot Safari 2024 Expansion : APN/APN_S3/U63c/U63c_R10/APN_S3_U63c_R10_IMAG0006.JPG,Snapshot Safari 2024 Expansion : APN_S3#U63c#10#2,Snapshot Safari 2024 Expansion : APN_S3_U63C,2,african bush elephant,,9,train
https://storage.googleapis.com/public-datasets-lila/snapshot-safari-2024-expansion/SER/SER_S13/D03/D03_R3/SER_S13_D03_R3_IMAG0005.JPG,Snapshot Safari 2024 Expansion : SER/SER_S13/D03/D03_R3/SER_S13_D03_R3_IMAG0005.JPG,Snapshot Safari 2024 Expansion : SER_S13#D03#3#2,Snapshot Safari 2024 Expansion : SER_S13_D03,1,african bush elephant,,9,train
https://storage.googleapis.com/public-datasets-lila/snapshot-safari-2024-expansion/MAD/MAD_S2/MAD06/MAD06_R6/MAD_S2_MAD06_R6_IMAG4193.JPG,Snapshot Safari 2024 Expansion : MAD/MAD_S2/MAD06/MAD06_R6/MAD_S2_MAD06_R6_IMAG4193.JPG,Snapshot Safari 2024 Expansion : MAD_S2#MAD06#6#1398,Snapshot Safari 2024 Expansion : MAD_S2_MAD06,1,african bush elephant,,9,val
https://storage.googleapis.com/public-datasets-lila/snapshot-safari-2024-expansion/MAD/MAD_S1/MAD06/MAD06_R3/MAD_S1_MAD06_R3_IMAG2527.JPG,Snapshot Safari 2024 Expansion : MAD/MAD_S1/MAD06/MAD06_R3/MAD_S1_MAD06_R3_IMAG2527.JPG,Snapshot Safari 2024 Expansion : MAD_S1#MAD06#3#843,Snapshot Safari 2024 Expansion : MAD_S1_MAD06,0,african bush elephant,,9,test
https://storage.googleapis.com/public-datasets-lila/snapshot-safari-2024-expansion/Snapshot Cameo/EFA/EFA_S1/EFA08/EFA08_R29/EFA_S1_EFA08_R29_IMAG1348.JPG,Snapshot Safari 2024 Expansion : Snapshot Cameo/EFA/EFA_S1/EFA08/EFA08_R29/EFA_S1_EFA08_R29_IMAG1348.JPG,Snapshot Safari 2024 Expansion : EFA_S1#EFA08#29#255,Snapshot Safari 2024 Expansion : EFA_S1_EFA08,0,african bush elephant,,9,test
https://storage.googleapis.com/public-datasets-lila/snapshot-safari-2024-expansion/MAD/MAD_S1/G04/G04_R2/MAD_S1_G04_R2_IMAG0078.JPG,Snapshot Safari 2024 Expansion : MAD/MAD_S1/G04/G04_R2/MAD_S1_G04_R2_IMAG0078.JPG,Snapshot Safari 2024 Expansion : MAD_S1#G04#2#60,Snapshot Safari 2024 Expansion : MAD_S1_G04,2,african bush elephant,,9,train
https://storage.googleapis.com/public-datasets-lila/snapshotserengeti-unzipped/S5/I11/I11_R2/S5_I11_R2_IMAG0173.JPG,Snapshot Serengeti : S5/I11/I11_R2/S5_I11_R2_IMAG0173,Snapshot Serengeti : SER_S5#I11#2#87,Snapshot Serengeti : I11,3,african bush elephant,08-08-2012 14:40:29,9,train
https://storage.googleapis.com/public-datasets-lila/snapshot-safari-2024-expansion/MAD/MAD_S2/MAD06/MAD06_R5/MAD_S2_MAD06_R5_IMAG1086.JPG,Snapshot Safari 2024 Expansion : MAD/MAD_S2/MAD06/MAD06_R5/MAD_S2_MAD06_R5_IMAG1086.JPG,Snapshot Safari 2024 Expansion : MAD_S2#MAD06#5#362,Snapshot Safari 2024 Expansion : MAD_S2_MAD06,2,african bush elephant,,9,val
https://storage.googleapis.com/public-datasets-lila/snapshotserengeti-unzipped/S7/J02/J02_R1/S7_J02_R1_IMAG0196.JPG,Snapshot Serengeti : S7/J02/J02_R1/S7_J02_R1_IMAG0196,Snapshot Serengeti : SER_S7#J02#1#78,Snapshot Serengeti : J02,3,african bush elephant,05-09-2013 09:19:10,9,train
https://storage.googleapis.com/public-datasets-lila/snapshot-safari-2024-expansion/PLN/PLN_S1/B04/B04_R1/PLN_S1_B04_R1_IMAG0463.JPG,Snapshot Safari 2024 Expansion : PLN/PLN_S1/B04/B04_R1/PLN_S1_B04_R1_IMAG0463.JPG,Snapshot Safari 2024 Expansion : PLN_S1#B04#1#228,Snapshot Safari 2024 Expansion : PLN_S1_B04,1,african bush elephant,,9,train
https://storage.googleapis.com/public-datasets-lila/snapshotserengeti-unzipped/S4/N05/N05_R1/S4_N05_R1_IMAG0103.JPG,Snapshot Serengeti : S4/N05/N05_R1/S4_N05_R1_IMAG0103,Snapshot Serengeti : SER_S4#N05#1#39,Snapshot Serengeti : N05,1,african bush elephant,02-25-2012 21:04:29,9,train
https://storage.googleapis.com/public-datasets-lila/snapshot-safari-2024-expansion/Snapshot Cameo/EFA/EFA_S1/EFA08/EFA08_R20/EFA_S1_EFA08_R20_IMAG0923.JPG,Snapshot Safari 2024 Expansion : Snapshot Cameo/EFA/EFA_S1/EFA08/EFA08_R20/EFA_S1_EFA08_R20_IMAG0923.JPG,Snapshot Safari 2024 Expansion : EFA_S1#EFA08#20#175,Snapshot Safari 2024 Expansion : EFA_S1_EFA08,0,african bush elephant,,9,test
https://storage.googleapis.com/public-datasets-lila/snapshotserengeti-unzipped/S3/F07/F07_R11/S3_F07_R11_IMAG0665.JPG,Snapshot Serengeti : S3/F07/F07_R11/S3_F07_R11_IMAG0665,Snapshot Serengeti : SER_S3#F07#11#242,Snapshot Serengeti : F07,3,african bush elephant,10-18-2011 06:02:15,9,test
https://storage.googleapis.com/public-datasets-lila/snapshotserengeti-unzipped/S10/H02/H02_R2/S10_H02_R2_IMAG2970.JPG,Snapshot Serengeti : S10/H02/H02_R2/S10_H02_R2_IMAG2970,Snapshot Serengeti : SER_S10#H02#2#1443,Snapshot Serengeti : H02,2,african bush elephant,04-21-2015 12:04:04,9,train
https://storage.googleapis.com/public-datasets-lila/snapshot-safari-2024-expansion/Snapshot Cameo/EFA/EFA_S1/EFA08/EFA08_R25/EFA_S1_EFA08_R25_IMAG2482.JPG,Snapshot Safari 2024 Expansion : Snapshot Cameo/EFA/EFA_S1/EFA08/EFA08_R25/EFA_S1_EFA08_R25_IMAG2482.JPG,Snapshot Safari 2024 Expansion : EFA_S1#EFA08#25#353,Snapshot Safari 2024 Expansion : EFA_S1_EFA08,2,african bush elephant,,9,test
https://storage.googleapis.com/public-datasets-lila/snapshot-safari-2024-expansion/SER/SER_S12/H06/H06_R2/SER_S12_H06_R2_IMAG0049.JPG,Snapshot Safari 2024 Expansion : SER/SER_S12/H06/H06_R2/SER_S12_H06_R2_IMAG0049.JPG,Snapshot Safari 2024 Expansion : SER_S12#H06#2#29,Snapshot Safari 2024 Expansion : SER_S12_H06,0,african bush elephant,,9,train
https://storage.googleapis.com/public-datasets-lila/snapshot-safari-2024-expansion/MAD/MAD_S3/MAD04/MAD04_R10/MAD_S3_MAD04_R10_IMAG1011.JPG,Snapshot Safari 2024 Expansion : MAD/MAD_S3/MAD04/MAD04_R10/MAD_S3_MAD04_R10_IMAG1011.JPG,Snapshot Safari 2024 Expansion : MAD_S3#MAD04#10#337,Snapshot Safari 2024 Expansion : MAD_S3_MAD04,2,african bush elephant,,9,train
https://storage.googleapis.com/public-datasets-lila/wcs-unzipped/animals/0370/1649.jpg,WCS Camera Traps : 4e55da28-92d5-11e9-bb4e-000d3a74c7de,WCS Camera Traps : ken-014-d0091-376,WCS Camera Traps : 2730,7,african bush elephant,08-18-2009 11:39:57,9,train
https://storage.googleapis.com/public-datasets-lila/wcs-unzipped/animals/0414/0992.jpg,WCS Camera Traps : 5e31e034-92d5-11e9-af56-000d3a74c7de,WCS Camera Traps : ken-017-d0055-46,WCS Camera Traps : 2952,2,african bush elephant,02-06-2015 16:05:01,9,train
https://storage.googleapis.com/public-datasets-lila/snapshotserengeti-unzipped/S7/H13/H13_R3/S7_H13_R3_IMAG2634.JPG,Snapshot Serengeti : S7/H13/H13_R3/S7_H13_R3_IMAG2634,Snapshot Serengeti : SER_S7#H13#3#911,Snapshot Serengeti : H13,1,african bush elephant,10-16-2013 03:58:30,9,train
https://storage.googleapis.com/public-datasets-lila/snapshotserengeti-unzipped/S7/F02/F02_R1/S7_F02_R1_IMAG0170.JPG,Snapshot Serengeti : S7/F02/F02_R1/S7_F02_R1_IMAG0170,Snapshot Serengeti : SER_S7#F02#1#64,Snapshot Serengeti : F02,3,african bush elephant,04-24-2013 10:47:12,9,train
https://storage.googleapis.com/public-datasets-lila/snapshot-safari-2024-expansion/Snapshot Cameo/EFA/EFA_S1/EFA08/EFA08_R49/EFA_S1_EFA08_R49_IMAG0067.JPG,Snapshot Safari 2024 Expansion : Snapshot Cameo/EFA/EFA_S1/EFA08/EFA08_R49/EFA_S1_EFA08_R49_IMAG0067.JPG,Snapshot Safari 2024 Expansion : EFA_S1#EFA08#49#16,Snapshot Safari 2024 Expansion : EFA_S1_EFA08,0,african bush elephant,,9,test
https://storage.googleapis.com/public-datasets-lila/snapshot-safari-2024-expansion/SER/SER_S12/J10/J10_R1/SER_S12_J10_R1_IMAG0497.JPG,Snapshot Safari 2024 Expansion : SER/SER_S12/J10/J10_R1/SER_S12_J10_R1_IMAG0497.JPG,Snapshot Safari 2024 Expansion : SER_S12#J10#1#175,Snapshot Safari 2024 Expansion : SER_S12_J10,1,african bush elephant,,9,train
https://storage.googleapis.com/public-datasets-lila/snapshotserengeti-unzipped/SER_S11/K08/K08_R1/SER_S11_K08_R1_IMAG0737.JPG,Snapshot Serengeti : SER_S11/K08/K08_R1/SER_S11_K08_R1_IMAG0737,Snapshot Serengeti : SER_S11#K08#1#256,Snapshot Serengeti : K08,1,african bush elephant,09-04-2015 15:38:52,9,train
https://storage.googleapis.com/public-datasets-lila/snapshotserengeti-unzipped/S4/D04/D04_R2/S4_D04_R2_IMAG0117.JPG,Snapshot Serengeti : S4/D04/D04_R2/S4_D04_R2_IMAG0117,Snapshot Serengeti : SER_S4#D04#2#64,Snapshot Serengeti : D04,2,african bush elephant,03-19-2012 15:29:31,9,test
https://storage.googleapis.com/public-datasets-lila/snapshotserengeti-unzipped/SER_S11/H02/H02_R2/SER_S11_H02_R2_IMAG0233.JPG,Snapshot Serengeti : SER_S11/H02/H02_R2/SER_S11_H02_R2_IMAG0233,Snapshot Serengeti : SER_S11#H02#2#107,Snapshot Serengeti : H02,2,african bush elephant,10-25-2015 09:42:37,9,train
https://storage.googleapis.com/public-datasets-lila/snapshotserengeti-unzipped/S7/H11/H11_R2/S7_H11_R2_IMAG0093.JPG,Snapshot Serengeti : S7/H11/H11_R2/S7_H11_R2_IMAG0093,Snapshot Serengeti : SER_S7#H11#2#42,Snapshot Serengeti : H11,2,african bush elephant,08-07-2013 07:25:16,9,val
https://storage.googleapis.com/public-datasets-lila/snapshotserengeti-unzipped/S8/G12/G12_R1/S8_G12_R1_IMAG0814.JPG,Snapshot Serengeti : S8/G12/G12_R1/S8_G12_R1_IMAG0814,Snapshot Serengeti : SER_S8#G12#1#301,Snapshot Serengeti : G12,2,african bush elephant,05-21-2014 14:01:53,9,train
https://storage.googleapis.com/public-datasets-lila/snapshot-safari-2024-expansion/Snapshot Cameo/EFA/EFA_S1/EFA04/EFA04_R12/EFA_S1_EFA04_R12_IMAG0006.JPG,Snapshot Safari 2024 Expansion : Snapshot Cameo/EFA/EFA_S1/EFA04/EFA04_R12/EFA_S1_EFA04_R12_IMAG0006.JPG,Snapshot Safari 2024 Expansion : EFA_S1#EFA04#12#4,Snapshot Safari 2024 Expansion : EFA_S1_EFA04,1,african bush elephant,,9,val
https://storage.googleapis.com/public-datasets-lila/snapshot-safari-2024-expansion/PLN/PLN_S2/B02/B02_R4/PLN_S2_B02_R4_IMAG0032.JPG,Snapshot Safari 2024 Expansion : PLN/PLN_S2/B02/B02_R4/PLN_S2_B02_R4_IMAG0032.JPG,Snapshot Safari 2024 Expansion : PLN_S2#B02#4#11,Snapshot Safari 2024 Expansion : PLN_S2_B02,1,african bush elephant,,9,train
https://storage.googleapis.com/public-datasets-lila/snapshot-safari-2024-expansion/Snapshot Cameo/EFA/EFA_S1/EFA07/EFA07_R38/EFA_S1_EFA07_R38_IMAG1202.JPG,Snapshot Safari 2024 Expansion : Snapshot Cameo/EFA/EFA_S1/EFA07/EFA07_R38/EFA_S1_EFA07_R38_IMAG1202.JPG,Snapshot Safari 2024 Expansion : EFA_S1#EFA07#38#215,Snapshot Safari 2024 Expansion : EFA_S1_EFA07,0,african bush elephant,,9,train
https://storage.googleapis.com/public-datasets-lila/snapshot-safari-2024-expansion/APN/APN_S2/DW/DW_R5/APN_S2_DW_R5_IMAG0157.JPG,Snapshot Safari 2024 Expansion : APN/APN_S2/DW/DW_R5/APN_S2_DW_R5_IMAG0157.JPG,Snapshot Safari 2024 Expansion : APN_S2#DW#5#57,Snapshot Safari 2024 Expansion : APN_S2_DW,0,african bush elephant,,9,train
https://storage.googleapis.com/public-datasets-lila/snapshotserengeti-unzipped/S7/C03/C03_R3/S7_C03_R3_IMAG0074.JPG,Snapshot Serengeti : S7/C03/C03_R3/S7_C03_R3_IMAG0074,Snapshot Serengeti : SER_S7#C03#3#26,Snapshot Serengeti : C03,3,african bush elephant,09-05-2013 17:58:39,9,train
https://storage.googleapis.com/public-datasets-lila/snapshot-safari-2024-expansion/APN/APN_S4/TB17/TB17_R7/APN_S4_TB17_R7_IMAG0507.JPG,Snapshot Safari 2024 Expansion : APN/APN_S4/TB17/TB17_R7/APN_S4_TB17_R7_IMAG0507.JPG,Snapshot Safari 2024 Expansion : APN_S4#TB17#7#199,Snapshot Safari 2024 Expansion : APN_S4_TB17,2,african bush elephant,,9,train
https://storage.googleapis.com/public-datasets-lila/snapshot-safari-2024-expansion/MAD/MAD_S3/MAD03/MAD03_R08/MAD_S3_MAD03_R08_IMAG2913.JPG,Snapshot Safari 2024 Expansion : MAD/MAD_S3/MAD03/MAD03_R08/MAD_S3_MAD03_R08_IMAG2913.JPG,Snapshot Safari 2024 Expansion : MAD_S3#MAD03#08#971,Snapshot Safari 2024 Expansion : MAD_S3_MAD03,2,african bush elephant,,9,train
https://storage.googleapis.com/public-datasets-lila/wcs-unzipped/animals/0208/1165.jpg,WCS Camera Traps : 12c24aa3-92d5-11e9-98dc-000d3a74c7de,WCS Camera Traps : ken-007-d0066-97,WCS Camera Traps : 1287,5,african bush elephant,02-20-2012 08:52:38,9,val
https://storage.googleapis.com/public-datasets-lila/snapshotserengeti-unzipped/S10/L10/L10_R3/S10_L10_R3_IMAG0521.JPG,Snapshot Serengeti : S10/L10/L10_R3/S10_L10_R3_IMAG0521,Snapshot Serengeti : SER_S10#L10#3#207,Snapshot Serengeti : L10,2,african bush elephant,06-04-2015 13:29:47,9,test
https://storage.googleapis.com/public-datasets-lila/snapshot-safari-2024-expansion/SER/SER_S13/G03/G03_R1/SER_S13_G03_R1_IMAG0772.JPG,Snapshot Safari 2024 Expansion : SER/SER_S13/G03/G03_R1/SER_S13_G03_R1_IMAG0772.JPG,Snapshot Safari 2024 Expansion : SER_S13#G03#1#308,Snapshot Safari 2024 Expansion : SER_S13_G03,2,african bush elephant,,9,train
https://storage.googleapis.com/public-datasets-lila/snapshot-safari-2024-expansion/Snapshot Cameo/EFA/EFA_S1/EFA06/EFA06_R30/EFA_S1_EFA06_R30_IMAG0983.JPG,Snapshot Safari 2024 Expansion : Snapshot Cameo/EFA/EFA_S1/EFA06/EFA06_R30/EFA_S1_EFA06_R30_IMAG0983.JPG,Snapshot Safari 2024 Expansion : EFA_S1#EFA06#30#281,Snapshot Safari 2024 Expansion : EFA_S1_EFA06,0,african bush elephant,,9,train
https://storage.googleapis.com/public-datasets-lila/wcs-unzipped/animals/0371/0480.jpg,WCS Camera Traps : 4e7dfb14-92d5-11e9-b0cc-000d3a74c7de,WCS Camera Traps : ken-014-d0090-139,WCS Camera Traps : 2730,3,african bush elephant,08-15-2009 10:40:07,9,train
https://storage.googleapis.com/public-datasets-lila/snapshotserengeti-unzipped/S9/C13/C13_R2/S9_C13_R2_IMAG1387.JPG,Snapshot Serengeti : S9/C13/C13_R2/S9_C13_R2_IMAG1387,Snapshot Serengeti : SER_S9#C13#2#559,Snapshot Serengeti : C13,1,african bush elephant,09-10-2014 10:44:20,9,val
https://storage.googleapis.com/public-datasets-lila/snapshot-safari-2024-expansion/MAD/MAD_S3/H07/H07_R10/MAD_S3_H07_R10_IMAG0222.JPG,Snapshot Safari 2024 Expansion : MAD/MAD_S3/H07/H07_R10/MAD_S3_H07_R10_IMAG0222.JPG,Snapshot Safari 2024 Expansion : MAD_S3#H07#10#74,Snapshot Safari 2024 Expansion : MAD_S3_H07,2,african bush elephant,,9,train
https://storage.googleapis.com/public-datasets-lila/snapshot-safari-2024-expansion/APN/APN_S2/WM/WM_R6/APN_S2_WM_R6_IMAG0132.JPG,Snapshot Safari 2024 Expansion : APN/APN_S2/WM/WM_R6/APN_S2_WM_R6_IMAG0132.JPG,Snapshot Safari 2024 Expansion : APN_S2#WM#6#60,Snapshot Safari 2024 Expansion : APN_S2_WM,2,african bush elephant,,9,train
https://storage.googleapis.com/public-datasets-lila/snapshot-safari-2024-expansion/APN/APN_S3/RM4/RM4_R1/APN_S3_RM4_R1_IMAG0141.JPG,Snapshot Safari 2024 Expansion : APN/APN_S3/RM4/RM4_R1/APN_S3_RM4_R1_IMAG0141.JPG,Snapshot Safari 2024 Expansion : APN_S3#RM4#1#74,Snapshot Safari 2024 Expansion : APN_S3_RM4,0,african bush elephant,,9,train
https://storage.googleapis.com/public-datasets-lila/snapshot-safari-2024-expansion/Snapshot Cameo/EFA/EFA_S1/EFA08/EFA08_R25/EFA_S1_EFA08_R25_IMAG2973.JPG,Snapshot Safari 2024 Expansion : Snapshot Cameo/EFA/EFA_S1/EFA08/EFA08_R25/EFA_S1_EFA08_R25_IMAG2973.JPG,Snapshot Safari 2024 Expansion : EFA_S1#EFA08#25#426,Snapshot Safari 2024 Expansion : EFA_S1_EFA08,0,african bush elephant,,9,test
https://storage.googleapis.com/public-datasets-lila/snapshot-safari-2024-expansion/Snapshot Cameo/EFA/EFA_S1/EFA04/EFA04_R14/EFA_S1_EFA04_R14_IMAG0021.JPG,Snapshot Safari 2024 Expansion : Snapshot Cameo/EFA/EFA_S1/EFA04/EFA04_R14/EFA_S1_EFA04_R14_IMAG0021.JPG,Snapshot Safari 2024 Expansion : EFA_S1#EFA04#14#13,Snapshot Safari 2024 Expansion : EFA_S1_EFA04,1,african bush elephant,,9,val
https://storage.googleapis.com/public-datasets-lila/snapshot-safari-2024-expansion/KRU/KRU_S2/10/10_R2/KRU_S2_10_R2_IMAG0233.JPG,Snapshot Safari 2024 Expansion : KRU/KRU_S2/10/10_R2/KRU_S2_10_R2_IMAG0233.JPG,Snapshot Safari 2024 Expansion : KRU_S2#10#2#119,Snapshot Safari 2024 Expansion : KRU_S2_10,2,african bush elephant,,9,val
https://storage.googleapis.com/public-datasets-lila/snapshot-safari-2024-expansion/SER/SER_S13/J09/J09_R3/SER_S13_J09_R3_IMAG1859.JPG,Snapshot Safari 2024 Expansion : SER/SER_S13/J09/J09_R3/SER_S13_J09_R3_IMAG1859.JPG,Snapshot Safari 2024 Expansion : SER_S13#J09#3#1856,Snapshot Safari 2024 Expansion : SER_S13_J09,0,african bush elephant,,9,train
https://storage.googleapis.com/public-datasets-lila/snapshotserengeti-unzipped/S5/H03/H03_R2/S5_H03_R2_IMAG0772.JPG,Snapshot Serengeti : S5/H03/H03_R2/S5_H03_R2_IMAG0772,Snapshot Serengeti : SER_S5#H03#2#348,Snapshot Serengeti : H03,1,african bush elephant,09-16-2012 05:42:12,9,train
https://storage.googleapis.com/public-datasets-lila/snapshot-safari-2024-expansion/MAD/MAD_S1/MAD04/MAD04_R3/MAD_S1_MAD04_R3_IMAG1990.JPG,Snapshot Safari 2024 Expansion : MAD/MAD_S1/MAD04/MAD04_R3/MAD_S1_MAD04_R3_IMAG1990.JPG,Snapshot Safari 2024 Expansion : MAD_S1#MAD04#3#664,Snapshot Safari 2024 Expansion : MAD_S1_MAD04,0,african bush elephant,,9,val
https://storage.googleapis.com/public-datasets-lila/snapshot-safari-2024-expansion/APN/APN_S2/DW/DW_R6/APN_S2_DW_R6_IMAG0516.JPG,Snapshot Safari 2024 Expansion : APN/APN_S2/DW/DW_R6/APN_S2_DW_R6_IMAG0516.JPG,Snapshot Safari 2024 Expansion : APN_S2#DW#6#199,Snapshot Safari 2024 Expansion : APN_S2_DW,2,african bush elephant,,9,train
https://storage.googleapis.com/public-datasets-lila/snapshotserengeti-unzipped/S10/K13/K13_R3/S10_K13_R3_IMAG2948.JPG,Snapshot Serengeti : S10/K13/K13_R3/S10_K13_R3_IMAG2948,Snapshot Serengeti : SER_S10#K13#3#986,Snapshot Serengeti : K13,2,african bush elephant,05-20-2015 13:25:44,9,train
https://storage.googleapis.com/public-datasets-lila/snapshot-safari-2024-expansion/APN/APN_S2/DW/DW_R6/APN_S2_DW_R6_IMAG0201.JPG,Snapshot Safari 2024 Expansion : APN/APN_S2/DW/DW_R6/APN_S2_DW_R6_IMAG0201.JPG,Snapshot Safari 2024 Expansion : APN_S2#DW#6#83,Snapshot Safari 2024 Expansion : APN_S2_DW,0,african bush elephant,,9,train
https://storage.googleapis.com/public-datasets-lila/snapshot-safari-2024-expansion/APN/APN_S3/TB14/TB14_R2/APN_S3_TB14_R2_IMAG0736.JPG,Snapshot Safari 2024 Expansion : APN/APN_S3/TB14/TB14_R2/APN_S3_TB14_R2_IMAG0736.JPG,Snapshot Safari 2024 Expansion : APN_S3#TB14#2#278,Snapshot Safari 2024 Expansion : APN_S3_TB14,2,african bush elephant,,9,train
https://storage.googleapis.com/public-datasets-lila/snapshot-safari-2024-expansion/MAD/MAD_S2/MAD03/MAD03_R5/MAD_S2_MAD03_R5_IMAG3022.JPG,Snapshot Safari 2024 Expansion : MAD/MAD_S2/MAD03/MAD03_R5/MAD_S2_MAD03_R5_IMAG3022.JPG,Snapshot Safari 2024 Expansion : MAD_S2#MAD03#5#1008,Snapshot Safari 2024 Expansion : MAD_S2_MAD03,0,african bush elephant,,9,train
https://storage.googleapis.com/public-datasets-lila/snapshot-safari-2024-expansion/APN/APN_S3/K062/K062_R12/APN_S3_K062_R12_IMAG0236.JPG,Snapshot Safari 2024 Expansion : APN/APN_S3/K062/K062_R12/APN_S3_K062_R12_IMAG0236.JPG,Snapshot Safari 2024 Expansion : APN_S3#K062#12#109,Snapshot Safari 2024 Expansion : APN_S3_K062,1,african bush elephant,,9,train
https://storage.googleapis.com/public-datasets-lila/snapshotserengeti-unzipped/S7/H07/H07_R2/S7_H07_R2_IMAG0810.JPG,Snapshot Serengeti : S7/H07/H07_R2/S7_H07_R2_IMAG0810,Snapshot Serengeti : SER_S7#H07#2#354,Snapshot Serengeti : H07,1,african bush elephant,07-12-2013 18:34:41,9,train
https://storage.googleapis.com/public-datasets-lila/snapshotserengeti-unzipped/S5/D02/D02_R3/S5_D02_R3_IMAG0853.JPG,Snapshot Serengeti : S5/D02/D02_R3/S5_D02_R3_IMAG0853,Snapshot Serengeti : SER_S5#D02#3#312,Snapshot Serengeti : D02,2,african bush elephant,10-26-2012 13:13:37,9,train
https://storage.googleapis.com/public-datasets-lila/snapshot-safari-2024-expansion/MAD/MAD_S2/MAD06/MAD06_R6/MAD_S2_MAD06_R6_IMAG2370.JPG,Snapshot Safari 2024 Expansion : MAD/MAD_S2/MAD06/MAD06_R6/MAD_S2_MAD06_R6_IMAG2370.JPG,Snapshot Safari 2024 Expansion : MAD_S2#MAD06#6#790,Snapshot Safari 2024 Expansion : MAD_S2_MAD06,2,african bush elephant,,9,val
https://storage.googleapis.com/public-datasets-lila/snapshotserengeti-unzipped/S5/O10/O10_R2/S5_O10_R2_IMAG0329.JPG,Snapshot Serengeti : S5/O10/O10_R2/S5_O10_R2_IMAG0329,Snapshot Serengeti : SER_S5#O10#2#118,Snapshot Serengeti : O10,2,african bush elephant,10-18-2012 14:48:29,9,train
https://storage.googleapis.com/public-datasets-lila/snapshot-safari-2024-expansion/MAD/MAD_S2/MAD03/MAD03_R6/MAD_S2_MAD03_R6_IMAG3157.JPG,Snapshot Safari 2024 Expansion : MAD/MAD_S2/MAD03/MAD03_R6/MAD_S2_MAD03_R6_IMAG3157.JPG,Snapshot Safari 2024 Expansion : MAD_S2#MAD03#6#1053,Snapshot Safari 2024 Expansion : MAD_S2_MAD03,0,african bush elephant,,9,train
https://storage.googleapis.com/public-datasets-lila/snapshot-safari-2024-expansion/SER/SER_S12/J10/J10_R1/SER_S12_J10_R1_IMAG0355.JPG,Snapshot Safari 2024 Expansion : SER/SER_S12/J10/J10_R1/SER_S12_J10_R1_IMAG0355.JPG,Snapshot Safari 2024 Expansion : SER_S12#J10#1#127,Snapshot Safari 2024 Expansion : SER_S12_J10,1,african bush elephant,,9,train
https://storage.googleapis.com/public-datasets-lila/snapshotserengeti-unzipped/S8/G02/G02_R1/S8_G02_R1_IMAG0429.JPG,Snapshot Serengeti : S8/G02/G02_R1/S8_G02_R1_IMAG0429,Snapshot Serengeti : SER_S8#G02#1#229,Snapshot Serengeti : G02,1,african bush elephant,11-10-2013 10:07:38,9,train
https://storage.googleapis.com/public-datasets-lila/snapshot-safari-2024-expansion/Snapshot Cameo/EFA/EFA_S1/EFA06/EFA06_R31/EFA_S1_EFA06_R31_IMAG0496.JPG,Snapshot Safari 2024 Expansion : Snapshot Cameo/EFA/EFA_S1/EFA06/EFA06_R31/EFA_S1_EFA06_R31_IMAG0496.JPG,Snapshot Safari 2024 Expansion : EFA_S1#EFA06#31#139,Snapshot Safari 2024 Expansion : EFA_S1_EFA06,0,african bush elephant,,9,train
https://storage.googleapis.com/public-datasets-lila/snapshot-safari-2024-expansion/Snapshot Cameo/EFA/EFA_S1/EFA07/EFA07_R15/EFA_S1_EFA07_R15_IMAG0621.JPG,Snapshot Safari 2024 Expansion : Snapshot Cameo/EFA/EFA_S1/EFA07/EFA07_R15/EFA_S1_EFA07_R15_IMAG0621.JPG,Snapshot Safari 2024 Expansion : EFA_S1#EFA07#15#167,Snapshot Safari 2024 Expansion : EFA_S1_EFA07,1,african bush elephant,,9,train
https://storage.googleapis.com/public-datasets-lila/snapshot-safari-2024-expansion/APN/APN_S3/DW/DW_R11/APN_S3_DW_R11_IMAG0162.JPG,Snapshot Safari 2024 Expansion : APN/APN_S3/DW/DW_R11/APN_S3_DW_R11_IMAG0162.JPG,Snapshot Safari 2024 Expansion : APN_S3#DW#11#57,Snapshot Safari 2024 Expansion : APN_S3_DW,1,african bush elephant,,9,train
https://storage.googleapis.com/public-datasets-lila/snapshot-safari-2024-expansion/APN/APN_S4/13U/13U_R14/APN_S4_13U_R14_IMAG0801.JPG,Snapshot Safari 2024 Expansion : APN/APN_S4/13U/13U_R14/APN_S4_13U_R14_IMAG0801.JPG,Snapshot Safari 2024 Expansion : APN_S4#13U#14#283,Snapshot Safari 2024 Expansion : APN_S4_13U,0,african bush elephant,,9,val
https://storage.googleapis.com/public-datasets-lila/snapshot-safari-2024-expansion/Snapshot Cameo/EFA/EFA_S1/EFA08/EFA08_R14/EFA_S1_EFA08_R14_IMAG1954.JPG,Snapshot Safari 2024 Expansion : Snapshot Cameo/EFA/EFA_S1/EFA08/EFA08_R14/EFA_S1_EFA08_R14_IMAG1954.JPG,Snapshot Safari 2024 Expansion : EFA_S1#EFA08#14#359,Snapshot Safari 2024 Expansion : EFA_S1_EFA08,0,african bush elephant,,9,test
https://storage.googleapis.com/public-datasets-lila/snapshot-safari-2024-expansion/MAD/MAD_S1/MAD06/MAD06_R3/MAD_S1_MAD06_R3_IMAG3794.JPG,Snapshot Safari 2024 Expansion : MAD/MAD_S1/MAD06/MAD06_R3/MAD_S1_MAD06_R3_IMAG3794.JPG,Snapshot Safari 2024 Expansion : MAD_S1#MAD06#3#1265,Snapshot Safari 2024 Expansion : MAD_S1_MAD06,1,african bush elephant,,9,test
https://storage.googleapis.com/public-datasets-lila/snapshot-safari-2024-expansion/APN/APN_S2/K062/K062_R6/APN_S2_K062_R6_IMAG0149.JPG,Snapshot Safari 2024 Expansion : APN/APN_S2/K062/K062_R6/APN_S2_K062_R6_IMAG0149.JPG,Snapshot Safari 2024 Expansion : APN_S2#K062#6#55,Snapshot Safari 2024 Expansion : APN_S2_K062,2,african bush elephant,,9,train
https://storage.googleapis.com/public-datasets-lila/wcs-unzipped/animals/0345/1548.jpg,WCS Camera Traps : 4548ab50-92d5-11e9-a2d1-000d3a74c7de,WCS Camera Traps : ken-016-d0057-97,WCS Camera Traps : 1278,2,african bush elephant,02-27-2013 15:10:55,9,train
https://storage.googleapis.com/public-datasets-lila/snapshot-safari-2024-expansion/MAD/MAD_S2/MAD05/MAD05_R5/MAD_S2_MAD05_R5_IMAG0779.JPG,Snapshot Safari 2024 Expansion : MAD/MAD_S2/MAD05/MAD05_R5/MAD_S2_MAD05_R5_IMAG0779.JPG,Snapshot Safari 2024 Expansion : MAD_S2#MAD05#5#260,Snapshot Safari 2024 Expansion : MAD_S2_MAD05,1,african bush elephant,,9,val
https://storage.googleapis.com/public-datasets-lila/snapshot-safari-2024-expansion/Snapshot Cameo/EFA/EFA_S1/EFA06/EFA06_R20/EFA_S1_EFA06_R20_IMAG0564.JPG,Snapshot Safari 2024 Expansion : Snapshot Cameo/EFA/EFA_S1/EFA06/EFA06_R20/EFA_S1_EFA06_R20_IMAG0564.JPG,Snapshot Safari 2024 Expansion : EFA_S1#EFA06#20#487,Snapshot Safari 2024 Expansion : EFA_S1_EFA06,0,african bush elephant,,9,train
https://storage.googleapis.com/public-datasets-lila/snapshot-safari-2024-expansion/RUA/RUA_S1/M35/M35_R1/RUA_S1_M35_R1_IMAG2938.JPG,Snapshot Safari 2024 Expansion : RUA/RUA_S1/M35/M35_R1/RUA_S1_M35_R1_IMAG2938.JPG,Snapshot Safari 2024 Expansion : RUA_S1#M35#1#2938,Snapshot Safari 2024 Expansion : RUA_S1_M35,0,african bush elephant,,9,train
https://storage.googleapis.com/public-datasets-lila/snapshot-safari-2024-expansion/MAD/MAD_S1/MAD05/MAD05_R3/MAD_S1_MAD05_R3_IMAG0330.JPG,Snapshot Safari 2024 Expansion : MAD/MAD_S1/MAD05/MAD05_R3/MAD_S1_MAD05_R3_IMAG0330.JPG,Snapshot Safari 2024 Expansion : MAD_S1#MAD05#3#110,Snapshot Safari 2024 Expansion : MAD_S1_MAD05,2,african bush elephant,,9,val
https://storage.googleapis.com/public-datasets-lila/wcs-unzipped/animals/0414/0909.jpg,WCS Camera Traps : 5e2e5dc2-92d5-11e9-bd79-000d3a74c7de,WCS Camera Traps : ken-017-d0055-20,WCS Camera Traps : 2952,3,african bush elephant,02-04-2015 14:29:05,9,train
https://storage.googleapis.com/public-datasets-lila/snapshot-safari-2024-expansion/MAD/MAD_S3/I04/I04_R10/MAD_S3_I04_R10_IMAG0084.JPG,Snapshot Safari 2024 Expansion : MAD/MAD_S3/I04/I04_R10/MAD_S3_I04_R10_IMAG0084.JPG,Snapshot Safari 2024 Expansion : MAD_S3#I04#10#28,Snapshot Safari 2024 Expansion : MAD_S3_I04,2,african bush elephant,,9,test
https://storage.googleapis.com/public-datasets-lila/snapshot-safari-2024-expansion/Snapshot Cameo/EFA/EFA_S1/EFA08/EFA08_R25/EFA_S1_EFA08_R25_IMAG0855.JPG,Snapshot Safari 2024 Expansion : Snapshot Cameo/EFA/EFA_S1/EFA08/EFA08_R25/EFA_S1_EFA08_R25_IMAG0855.JPG,Snapshot Safari 2024 Expansion : EFA_S1#EFA08#25#131,Snapshot Safari 2024 Expansion : EFA_S1_EFA08,1,african bush elephant,,9,test
https://storage.googleapis.com/public-datasets-lila/snapshotserengeti-unzipped/S5/K02/K02_R3/S5_K02_R3_IMAG0231.JPG,Snapshot Serengeti : S5/K02/K02_R3/S5_K02_R3_IMAG0231,Snapshot Serengeti : SER_S5#K02#3#83,Snapshot Serengeti : K02,1,african bush elephant,10-21-2012 16:46:30,9,train
https://storage.googleapis.com/public-datasets-lila/snapshot-safari-2024-expansion/MAD/MAD_S3/MAD06/MAD06_R09/MAD_S3_MAD06_R09_IMAG3175.JPG,Snapshot Safari 2024 Expansion : MAD/MAD_S3/MAD06/MAD06_R09/MAD_S3_MAD06_R09_IMAG3175.JPG,Snapshot Safari 2024 Expansion : MAD_S3#MAD06#09#1059,Snapshot Safari 2024 Expansion : MAD_S3_MAD06,1,african bush elephant,,9,train
https://storage.googleapis.com/public-datasets-lila/snapshot-safari-2024-expansion/MAD/MAD_S1/MAD03/MAD03_R3/MAD_S1_MAD03_R3_IMAG1698.JPG,Snapshot Safari 2024 Expansion : MAD/MAD_S1/MAD03/MAD03_R3/MAD_S1_MAD03_R3_IMAG1698.JPG,Snapshot Safari 2024 Expansion : MAD_S1#MAD03#3#566,Snapshot Safari 2024 Expansion : MAD_S1_MAD03,2,african bush elephant,,9,train
https://storage.googleapis.com/public-datasets-lila/snapshot-safari-2024-expansion/MAD/MAD_S1/MAD06/MAD06_R3/MAD_S1_MAD06_R3_IMAG4186.JPG,Snapshot Safari 2024 Expansion : MAD/MAD_S1/MAD06/MAD06_R3/MAD_S1_MAD06_R3_IMAG4186.JPG,Snapshot Safari 2024 Expansion : MAD_S1#MAD06#3#1396,Snapshot Safari 2024 Expansion : MAD_S1_MAD06,0,african bush elephant,,9,test
https://storage.googleapis.com/public-datasets-lila/snapshot-safari-2024-expansion/Snapshot Cameo/EFA/EFA_S1/EFA07/EFA07_R39/EFA_S1_EFA07_R39_IMAG1600.JPG,Snapshot Safari 2024 Expansion : Snapshot Cameo/EFA/EFA_S1/EFA07/EFA07_R39/EFA_S1_EFA07_R39_IMAG1600.JPG,Snapshot Safari 2024 Expansion : EFA_S1#EFA07#39#344,Snapshot Safari 2024 Expansion : EFA_S1_EFA07,0,african bush elephant,,9,train
https://storage.googleapis.com/public-datasets-lila/snapshot-safari-2024-expansion/MAD/MAD_S2/MAD03/MAD03_R5/MAD_S2_MAD03_R5_IMAG3077.JPG,Snapshot Safari 2024 Expansion : MAD/MAD_S2/MAD03/MAD03_R5/MAD_S2_MAD03_R5_IMAG3077.JPG,Snapshot Safari 2024 Expansion : MAD_S2#MAD03#5#1026,Snapshot Safari 2024 Expansion : MAD_S2_MAD03,1,african bush elephant,,9,train
https://storage.googleapis.com/public-datasets-lila/snapshot-safari/KRU/KRU_public/KRU_S1/11/11_R1/KRU_S1_11_R1_IMAG0095.JPG,Snapshot Kruger : KRU_S1/11/11_R1/KRU_S1_11_R1_IMAG0095,Snapshot Kruger : KRU_S1#11#1#55,Snapshot Kruger : 11,3,african bush elephant,06-05-2018 14:40:15,9,test
https://storage.googleapis.com/public-datasets-lila/snapshot-safari-2024-expansion/MAD/MAD_S3/MAD06/MAD06_R09/MAD_S3_MAD06_R09_IMAG2810.JPG,Snapshot Safari 2024 Expansion : MAD/MAD_S3/MAD06/MAD06_R09/MAD_S3_MAD06_R09_IMAG2810.JPG,Snapshot Safari 2024 Expansion : MAD_S3#MAD06#09#937,Snapshot Safari 2024 Expansion : MAD_S3_MAD06,2,african bush elephant,,9,train
https://storage.googleapis.com/public-datasets-lila/snapshotserengeti-unzipped/S5/I11/I11_R3/S5_I11_R3_IMAG0262.JPG,Snapshot Serengeti : S5/I11/I11_R3/S5_I11_R3_IMAG0262,Snapshot Serengeti : SER_S5#I11#3#93,Snapshot Serengeti : I11,2,african bush elephant,11-13-2012 13:03:27,9,train
https://storage.googleapis.com/public-datasets-lila/snapshot-safari-2024-expansion/MAD/MAD_S3/G04/G04_R10/MAD_S3_G04_R10_IMAG0762.JPG,Snapshot Safari 2024 Expansion : MAD/MAD_S3/G04/G04_R10/MAD_S3_G04_R10_IMAG0762.JPG,Snapshot Safari 2024 Expansion : MAD_S3#G04#10#254,Snapshot Safari 2024 Expansion : MAD_S3_G04,2,african bush elephant,,9,train
https://storage.googleapis.com/public-datasets-lila/snapshot-safari-2024-expansion/PLN/PLN_S3a/D04/D04_R8/PLN_S3a_D04_R8_IMAG0050.JPG,Snapshot Safari 2024 Expansion : PLN/PLN_S3a/D04/D04_R8/PLN_S3a_D04_R8_IMAG0050.JPG,Snapshot Safari 2024 Expansion : PLN_S3a#D04#8#20,Snapshot Safari 2024 Expansion : PLN_S3A_D04,2,african bush elephant,,9,val
https://storage.googleapis.com/public-datasets-lila/snapshotserengeti-unzipped/S9/C13/C13_R1/S9_C13_R1_IMAG0915.JPG,Snapshot Serengeti : S9/C13/C13_R1/S9_C13_R1_IMAG0915,Snapshot Serengeti : SER_S9#C13#1#329,Snapshot Serengeti : C13,2,african bush elephant,08-07-2014 12:53:19,9,val
https://storage.googleapis.com/public-datasets-lila/snapshot-safari-2024-expansion/MAD/MAD_S3/MAD04/MAD04_R10/MAD_S3_MAD04_R10_IMAG1046.JPG,Snapshot Safari 2024 Expansion : MAD/MAD_S3/MAD04/MAD04_R10/MAD_S3_MAD04_R10_IMAG1046.JPG,Snapshot Safari 2024 Expansion : MAD_S3#MAD04#10#349,Snapshot Safari 2024 Expansion : MAD_S3_MAD04,1,african bush elephant,,9,train
https://storage.googleapis.com/public-datasets-lila/snapshotserengeti-unzipped/SER_S11/P11/P11_R2/SER_S11_P11_R2_IMAG1170.JPG,Snapshot Serengeti : SER_S11/P11/P11_R2/SER_S11_P11_R2_IMAG1170,Snapshot Serengeti : SER_S11#P11#2#414,Snapshot Serengeti : P11,1,african bush elephant,11-12-2015 17:56:38,9,test
https://storage.googleapis.com/public-datasets-lila/snapshotserengeti-unzipped/SER_S11/C08/C08_R1/SER_S11_C08_R1_IMAG2565.JPG,Snapshot Serengeti : SER_S11/C08/C08_R1/SER_S11_C08_R1_IMAG2565,Snapshot Serengeti : SER_S11#C08#1#858,Snapshot Serengeti : C08,3,african bush elephant,09-30-2015 13:19:23,9,train
https://storage.googleapis.com/public-datasets-lila/snapshot-safari-2024-expansion/Snapshot Cameo/EFA/EFA_S1/EFA06/EFA06_R39/EFA_S1_EFA06_R39_IMAG0038.JPG,Snapshot Safari 2024 Expansion : Snapshot Cameo/EFA/EFA_S1/EFA06/EFA06_R39/EFA_S1_EFA06_R39_IMAG0038.JPG,Snapshot Safari 2024 Expansion : EFA_S1#EFA06#39#12,Snapshot Safari 2024 Expansion : EFA_S1_EFA06,2,african bush elephant,,9,train
https://storage.googleapis.com/public-datasets-lila/snapshot-safari-2024-expansion/MAD/MAD_S1/MAD03/MAD03_R3/MAD_S1_MAD03_R3_IMAG4654.JPG,Snapshot Safari 2024 Expansion : MAD/MAD_S1/MAD03/MAD03_R3/MAD_S1_MAD03_R3_IMAG4654.JPG,Snapshot Safari 2024 Expansion : MAD_S1#MAD03#3#1551,Snapshot Safari 2024 Expansion : MAD_S1_MAD03,0,african bush elephant,,9,train
https://storage.googleapis.com/public-datasets-lila/wcs-unzipped/animals/0353/0483.jpg,WCS Camera Traps : 48050ba1-92d5-11e9-868a-000d3a74c7de,WCS Camera Traps : ken-016-d0093-301,WCS Camera Traps : 1317,38,african bush elephant,02-20-2013 17:36:52,9,test
https://storage.googleapis.com/public-datasets-lila/snapshot-safari-2024-expansion/APN/APN_S3/13U/13U_R10/APN_S3_13U_R10_IMAG0294.JPG,Snapshot Safari 2024 Expansion : APN/APN_S3/13U/13U_R10/APN_S3_13U_R10_IMAG0294.JPG,Snapshot Safari 2024 Expansion : APN_S3#13U#10#105,Snapshot Safari 2024 Expansion : APN_S3_13U,1,african bush elephant,,9,test
https://storage.googleapis.com/public-datasets-lila/wcs-unzipped/animals/0205/0174.jpg,WCS Camera Traps : 117de3dc-92d5-11e9-80bd-000d3a74c7de,WCS Camera Traps : ken-007-d0057-25,WCS Camera Traps : 1278,1,african bush elephant,02-15-2012 17:44:14,9,train
https://storage.googleapis.com/public-datasets-lila/snapshot-safari-2024-expansion/Snapshot Cameo/EFA/EFA_S1/EFA06/EFA06_R25/EFA_S1_EFA06_R25_IMAG0673.JPG,Snapshot Safari 2024 Expansion : Snapshot Cameo/EFA/EFA_S1/EFA06/EFA06_R25/EFA_S1_EFA06_R25_IMAG0673.JPG,Snapshot Safari 2024 Expansion : EFA_S1#EFA06#25#562,Snapshot Safari 2024 Expansion : EFA_S1_EFA06,0,african bush elephant,,9,train
https://storage.googleapis.com/public-datasets-lila/snapshot-safari-2024-expansion/RUA/RUA_S1/M1/M1_R1/RUA_S1_M1_R1_IMAG0107.JPG,Snapshot Safari 2024 Expansion : RUA/RUA_S1/M1/M1_R1/RUA_S1_M1_R1_IMAG0107.JPG,Snapshot Safari 2024 Expansion : RUA_S1#M1#1#107,Snapshot Safari 2024 Expansion : RUA_S1_M1,0,african bush elephant,,9,train
https://storage.googleapis.com/public-datasets-lila/snapshotserengeti-unzipped/S6/F06/F06_R2/S6_F06_R2_IMAG0082.JPG,Snapshot Serengeti : S6/F06/F06_R2/S6_F06_R2_IMAG0082,Snapshot Serengeti : SER_S6#F06#2#29,Snapshot Serengeti : F06,2,african bush elephant,03-03-2013 12:10:47,9,train
https://storage.googleapis.com/public-datasets-lila/snapshot-safari-2024-expansion/MAD/MAD_S2/MAD06/MAD06_R5/MAD_S2_MAD06_R5_IMAG3059.JPG,Snapshot Safari 2024 Expansion : MAD/MAD_S2/MAD06/MAD06_R5/MAD_S2_MAD06_R5_IMAG3059.JPG,Snapshot Safari 2024 Expansion : MAD_S2#MAD06#5#1020,Snapshot Safari 2024 Expansion : MAD_S2_MAD06,1,african bush elephant,,9,val
https://storage.googleapis.com/public-datasets-lila/snapshot-safari-2024-expansion/RUA/RUA_S1/M21/M21_R1/RUA_S1_M21_R1_IMAG2480.JPG,Snapshot Safari 2024 Expansion : RUA/RUA_S1/M21/M21_R1/RUA_S1_M21_R1_IMAG2480.JPG,Snapshot Safari 2024 Expansion : RUA_S1#M21#1#2480,Snapshot Safari 2024 Expansion : RUA_S1_M21,0,african bush elephant,,9,train
https://storage.googleapis.com/public-datasets-lila/snapshotserengeti-unzipped/S10/Q06/Q06_R2/S10_Q06_R2_IMAG2127.JPG,Snapshot Serengeti : S10/Q06/Q06_R2/S10_Q06_R2_IMAG2127,Snapshot Serengeti : SER_S10#Q06#2#836,Snapshot Serengeti : Q06,2,african bush elephant,05-22-2015 16:02:31,9,val
https://storage.googleapis.com/public-datasets-lila/snapshotserengeti-unzipped/S7/L03/L03_R1/S7_L03_R1_IMAG0070.JPG,Snapshot Serengeti : S7/L03/L03_R1/S7_L03_R1_IMAG0070,Snapshot Serengeti : SER_S7#L03#1#27,Snapshot Serengeti : L03,2,african bush elephant,05-06-2013 16:01:26,9,train
https://storage.googleapis.com/public-datasets-lila/snapshotserengeti-unzipped/S7/D07/D07_R1/S7_D07_R1_IMAG0850.JPG,Snapshot Serengeti : S7/D07/D07_R1/S7_D07_R1_IMAG0850,Snapshot Serengeti : SER_S7#D07#1#293,Snapshot Serengeti : D07,2,african bush elephant,04-27-2013 16:10:39,9,train
https://storage.googleapis.com/public-datasets-lila/wcs-unzipped/animals/0290/0485.jpg,WCS Camera Traps : 31243038-92d5-11e9-ac54-000d3a74c7de,WCS Camera Traps : ken-006-d0064-66,WCS Camera Traps : 1465,11,african bush elephant,02-24-2011 15:35:12,9,train
https://storage.googleapis.com/public-datasets-lila/snapshotserengeti-unzipped/S9/E01/E01_R2/S9_E01_R2_IMAG1387.JPG,Snapshot Serengeti : S9/E01/E01_R2/S9_E01_R2_IMAG1387,Snapshot Serengeti : SER_S9#E01#2#568,Snapshot Serengeti : E01,1,african bush elephant,09-18-2014 08:18:57,9,train
https://storage.googleapis.com/public-datasets-lila/snapshot-safari-2024-expansion/Snapshot Cameo/EFA/EFA_S1/EFA08/EFA08_R19/EFA_S1_EFA08_R19_IMAG1664.JPG,Snapshot Safari 2024 Expansion : Snapshot Cameo/EFA/EFA_S1/EFA08/EFA08_R19/EFA_S1_EFA08_R19_IMAG1664.JPG,Snapshot Safari 2024 Expansion : EFA_S1#EFA08#19#299,Snapshot Safari 2024 Expansion : EFA_S1_EFA08,1,african bush elephant,,9,test
https://storage.googleapis.com/public-datasets-lila/snapshot-safari-2024-expansion/MAD/MAD_S2/MAD01/MAD01_R7/MAD_S2_MAD01_R7_IMAG0427.JPG,Snapshot Safari 2024 Expansion : MAD/MAD_S2/MAD01/MAD01_R7/MAD_S2_MAD01_R7_IMAG0427.JPG,Snapshot Safari 2024 Expansion : MAD_S2#MAD01#7#143,Snapshot Safari 2024 Expansion : MAD_S2_MAD01,0,african bush elephant,,9,train
https://storage.googleapis.com/public-datasets-lila/snapshotserengeti-unzipped/S5/L10/L10_R2/S5_L10_R2_IMAG2824.JPG,Snapshot Serengeti : S5/L10/L10_R2/S5_L10_R2_IMAG2824,Snapshot Serengeti : SER_S5#L10#2#1240,Snapshot Serengeti : L10,1,african bush elephant,10-01-2012 14:12:38,9,test
https://storage.googleapis.com/public-datasets-lila/wcs-unzipped/animals/0226/1886.jpg,WCS Camera Traps : 19832764-92d5-11e9-aba2-000d3a74c7de,WCS Camera Traps : ken-007-d0093-146,WCS Camera Traps : 1317,10,african bush elephant,02-22-2012 16:24:56,9,test
https://storage.googleapis.com/public-datasets-lila/snapshotserengeti-unzipped/S3/N06/N06_R12/S3_N06_R12_IMAG1374.JPG,Snapshot Serengeti : S3/N06/N06_R12/S3_N06_R12_IMAG1374,Snapshot Serengeti : SER_S3#N06#12#528,Snapshot Serengeti : N06,3,african bush elephant,01-05-2012 18:34:11,9,train
https://storage.googleapis.com/public-datasets-lila/snapshotserengeti-unzipped/S4/O10/O10_R1/S4_O10_R1_IMAG0458.JPG,Snapshot Serengeti : S4/O10/O10_R1/S4_O10_R1_IMAG0458,Snapshot Serengeti : SER_S4#O10#1#158,Snapshot Serengeti : O10,3,african bush elephant,02-24-2012 13:54:30,9,train
https://storage.googleapis.com/public-datasets-lila/snapshotserengeti-unzipped/S7/H08/H08_R1/S7_H08_R1_IMAG0837.JPG,Snapshot Serengeti : S7/H08/H08_R1/S7_H08_R1_IMAG0837,Snapshot Serengeti : SER_S7#H08#1#312,Snapshot Serengeti : H08,2,african bush elephant,06-15-2013 14:19:52,9,train
https://storage.googleapis.com/public-datasets-lila/snapshot-safari-2024-expansion/MAD/MAD_S2/MAD06/MAD06_R6/MAD_S2_MAD06_R6_IMAG4522.JPG,Snapshot Safari 2024 Expansion : MAD/MAD_S2/MAD06/MAD06_R6/MAD_S2_MAD06_R6_IMAG4522.JPG,Snapshot Safari 2024 Expansion : MAD_S2#MAD06#6#1508,Snapshot Safari 2024 Expansion : MAD_S2_MAD06,0,african bush elephant,,9,val
https://storage.googleapis.com/public-datasets-lila/snapshot-safari-2024-expansion/PLN/PLN_S2/C01/C01_R6/PLN_S2_C01_R6_IMAG0086.JPG,Snapshot Safari 2024 Expansion : PLN/PLN_S2/C01/C01_R6/PLN_S2_C01_R6_IMAG0086.JPG,Snapshot Safari 2024 Expansion : PLN_S2#C01#6#37,Snapshot Safari 2024 Expansion : PLN_S2_C01,1,african bush elephant,,9,test
https://storage.googleapis.com/public-datasets-lila/snapshot-safari-2024-expansion/MAD/MAD_S2/MAD01/MAD01_R7/MAD_S2_MAD01_R7_IMAG0100.JPG,Snapshot Safari 2024 Expansion : MAD/MAD_S2/MAD01/MAD01_R7/MAD_S2_MAD01_R7_IMAG0100.JPG,Snapshot Safari 2024 Expansion : MAD_S2#MAD01#7#34,Snapshot Safari 2024 Expansion : MAD_S2_MAD01,0,african bush elephant,,9,train
https://storage.googleapis.com/public-datasets-lila/snapshotserengeti-unzipped/S2/H07/H07_R1/S2_H07_R1_PICT2228.JPG,Snapshot Serengeti : S2/H07/H07_R1/S2_H07_R1_PICT2228,Snapshot Serengeti : SER_S2#H07#1#744,Snapshot Serengeti : H07,1,african bush elephant,03-01-2011 06:53:26,9,train
https://storage.googleapis.com/public-datasets-lila/snapshot-safari-2024-expansion/MAD/MAD_S2/MAD06/MAD06_R6/MAD_S2_MAD06_R6_IMAG4991.JPG,Snapshot Safari 2024 Expansion : MAD/MAD_S2/MAD06/MAD06_R6/MAD_S2_MAD06_R6_IMAG4991.JPG,Snapshot Safari 2024 Expansion : MAD_S2#MAD06#6#1664,Snapshot Safari 2024 Expansion : MAD_S2_MAD06,1,african bush elephant,,9,val
https://storage.googleapis.com/public-datasets-lila/wcs-unzipped/animals/0196/1005.jpg,WCS Camera Traps : 0e568bf4-92d5-11e9-a777-000d3a74c7de,WCS Camera Traps : ken-007-d0002-82,WCS Camera Traps : 1238,17,african bush elephant,02-14-2012 02:21:45,9,train
https://storage.googleapis.com/public-datasets-lila/snapshot-safari-2024-expansion/MAD/MAD_S2/MAD06/MAD06_R5/MAD_S2_MAD06_R5_IMAG1895.JPG,Snapshot Safari 2024 Expansion : MAD/MAD_S2/MAD06/MAD06_R5/MAD_S2_MAD06_R5_IMAG1895.JPG,Snapshot Safari 2024 Expansion : MAD_S2#MAD06#5#632,Snapshot Safari 2024 Expansion : MAD_S2_MAD06,1,african bush elephant,,9,val
https://storage.googleapis.com/public-datasets-lila/snapshot-safari-2024-expansion/MAD/MAD_S1/MAD01/MAD01_R3/MAD_S1_MAD01_R3_IMAG2631.JPG,Snapshot Safari 2024 Expansion : MAD/MAD_S1/MAD01/MAD01_R3/MAD_S1_MAD01_R3_IMAG2631.JPG,Snapshot Safari 2024 Expansion : MAD_S1#MAD01#3#877,Snapshot Safari 2024 Expansion : MAD_S1_MAD01,2,african bush elephant,,9,train
https://storage.googleapis.com/public-datasets-lila/snapshot-safari-2024-expansion/MAD/MAD_S2/MAD06/MAD06_R6/MAD_S2_MAD06_R6_IMAG2717.JPG,Snapshot Safari 2024 Expansion : MAD/MAD_S2/MAD06/MAD06_R6/MAD_S2_MAD06_R6_IMAG2717.JPG,Snapshot Safari 2024 Expansion : MAD_S2#MAD06#6#906,Snapshot Safari 2024 Expansion : MAD_S2_MAD06,1,african bush elephant,,9,val
https://storage.googleapis.com/public-datasets-lila/snapshot-safari-2024-expansion/Snapshot Cameo/EFA/EFA_S1/EFA08/EFA08_R35/EFA_S1_EFA08_R35_IMAG0251.JPG,Snapshot Safari 2024 Expansion : Snapshot Cameo/EFA/EFA_S1/EFA08/EFA08_R35/EFA_S1_EFA08_R35_IMAG0251.JPG,Snapshot Safari 2024 Expansion : EFA_S1#EFA08#35#54,Snapshot Safari 2024 Expansion : EFA_S1_EFA08,0,african bush elephant,,9,test
https://storage.googleapis.com/public-datasets-lila/snapshot-safari-2024-expansion/MAD/MAD_S2/MAD06/MAD06_R6/MAD_S2_MAD06_R6_IMAG3095.JPG,Snapshot Safari 2024 Expansion : MAD/MAD_S2/MAD06/MAD06_R6/MAD_S2_MAD06_R6_IMAG3095.JPG,Snapshot Safari 2024 Expansion : MAD_S2#MAD06#6#1032,Snapshot Safari 2024 Expansion : MAD_S2_MAD06,1,african bush elephant,,9,val
https://storage.googleapis.com/public-datasets-lila/snapshotserengeti-unzipped/S7/O11/O11_R1/S7_O11_R1_IMAG0319.JPG,Snapshot Serengeti : S7/O11/O11_R1/S7_O11_R1_IMAG0319,Snapshot Serengeti : SER_S7#O11#1#110,Snapshot Serengeti : O11,2,african bush elephant,05-14-2013 11:27:55,9,train
https://storage.googleapis.com/public-datasets-lila/snapshot-safari-2024-expansion/PLN/PLN_S3a/C04/C04_R8/PLN_S3a_C04_R8_IMAG0378.JPG,Snapshot Safari 2024 Expansion : PLN/PLN_S3a/C04/C04_R8/PLN_S3a_C04_R8_IMAG0378.JPG,Snapshot Safari 2024 Expansion : PLN_S3a#C04#8#186,Snapshot Safari 2024 Expansion : PLN_S3A_C04,0,african bush elephant,,9,train
https://storage.googleapis.com/public-datasets-lila/snapshotserengeti-unzipped/S4/H03/H03_R2/S4_H03_R2_IMAG0029.JPG,Snapshot Serengeti : S4/H03/H03_R2/S4_H03_R2_IMAG0029,Snapshot Serengeti : SER_S4#H03#2#11,Snapshot Serengeti : H03,1,african bush elephant,03-11-2012 15:16:12,9,train
https://storage.googleapis.com/public-datasets-lila/snapshotserengeti-unzipped/S7/P04/P04_R2/S7_P04_R2_IMAG0219.JPG,Snapshot Serengeti : S7/P04/P04_R2/S7_P04_R2_IMAG0219,Snapshot Serengeti : SER_S7#P04#2#79,Snapshot Serengeti : P04,2,african bush elephant,07-23-2013 12:46:32,9,train
https://storage.googleapis.com/public-datasets-lila/snapshotserengeti-unzipped/S7/O09/O09_R1/S7_O09_R1_IMAG0754.JPG,Snapshot Serengeti : S7/O09/O09_R1/S7_O09_R1_IMAG0754,Snapshot Serengeti : SER_S7#O09#1#254,Snapshot Serengeti : O09,1,african bush elephant,05-12-2013 05:39:07,9,val
https://storage.googleapis.com/public-datasets-lila/snapshot-safari-2024-expansion/APN/APN_S2/K082/K082_R3/APN_S2_K082_R3_IMAG0081.JPG,Snapshot Safari 2024 Expansion : APN/APN_S2/K082/K082_R3/APN_S2_K082_R3_IMAG0081.JPG,Snapshot Safari 2024 Expansion : APN_S2#K082#3#35,Snapshot Safari 2024 Expansion : APN_S2_K082,2,african bush elephant,,9,train
https://storage.googleapis.com/public-datasets-lila/snapshotserengeti-unzipped/S7/H13/H13_R2/S7_H13_R2_IMAG2895.JPG,Snapshot Serengeti : S7/H13/H13_R2/S7_H13_R2_IMAG2895,Snapshot Serengeti : SER_S7#H13#2#1082,Snapshot Serengeti : H13,1,african bush elephant,08-22-2013 19:19:57,9,train
https://storage.googleapis.com/public-datasets-lila/snapshotserengeti-unzipped/S8/I06/I06_R2/S8_I06_R2_IMAG0258.JPG,Snapshot Serengeti : S8/I06/I06_R2/S8_I06_R2_IMAG0258,Snapshot Serengeti : SER_S8#I06#2#91,Snapshot Serengeti : I06,2,african bush elephant,03-08-2014 16:54:03,9,train
https://storage.googleapis.com/public-datasets-lila/snapshotserengeti-unzipped/S5/C04/C04_R2/S5_C04_R2_IMAG4066.JPG,Snapshot Serengeti : S5/C04/C04_R2/S5_C04_R2_IMAG4066,Snapshot Serengeti : SER_S5#C04#2#1376,Snapshot Serengeti : C04,1,african bush elephant,08-23-2012 19:54:14,9,train
https://storage.googleapis.com/public-datasets-lila/snapshot-safari-2024-expansion/MAD/MAD_S2/MAD01/MAD01_R6/MAD_S2_MAD01_R6_IMAG0056.JPG,Snapshot Safari 2024 Expansion : MAD/MAD_S2/MAD01/MAD01_R6/MAD_S2_MAD01_R6_IMAG0056.JPG,Snapshot Safari 2024 Expansion : MAD_S2#MAD01#6#19,Snapshot Safari 2024 Expansion : MAD_S2_MAD01,1,african bush elephant,,9,train
https://storage.googleapis.com/public-datasets-lila/snapshot-safari-2024-expansion/MAD/MAD_S2/H05/H05_R6/MAD_S2_H05_R6_IMAG0136.JPG,Snapshot Safari 2024 Expansion : MAD/MAD_S2/H05/H05_R6/MAD_S2_H05_R6_IMAG0136.JPG,Snapshot Safari 2024 Expansion : MAD_S2#H05#6#46,Snapshot Safari 2024 Expansion : MAD_S2_H05,0,african bush elephant,,9,train
https://storage.googleapis.com/public-datasets-lila/snapshot-safari-2024-expansion/Snapshot Cameo/EFA/EFA_S1/EFA07/EFA07_R15/EFA_S1_EFA07_R15_IMAG1204.JPG,Snapshot Safari 2024 Expansion : Snapshot Cameo/EFA/EFA_S1/EFA07/EFA07_R15/EFA_S1_EFA07_R15_IMAG1204.JPG,Snapshot Safari 2024 Expansion : EFA_S1#EFA07#15#304,Snapshot Safari 2024 Expansion : EFA_S1_EFA07,2,african bush elephant,,9,train
https://storage.googleapis.com/public-datasets-lila/snapshot-safari-2024-expansion/Snapshot Cameo/NIA/NIA_S1/55A/55A_R1/NIA_S1_55A_R1_IMAG0282.JPG,Snapshot Safari 2024 Expansion : Snapshot Cameo/NIA/NIA_S1/55A/55A_R1/NIA_S1_55A_R1_IMAG0282.JPG,Snapshot Safari 2024 Expansion : NIA_S1#55A#1#282,Snapshot Safari 2024 Expansion : NIA_S1_55A,0,african bush elephant,,9,train
https://storage.googleapis.com/public-datasets-lila/snapshot-safari-2024-expansion/Snapshot Cameo/EFA/EFA_S1/EFA07/EFA07_R15/EFA_S1_EFA07_R15_IMAG0040.JPG,Snapshot Safari 2024 Expansion : Snapshot Cameo/EFA/EFA_S1/EFA07/EFA07_R15/EFA_S1_EFA07_R15_IMAG0040.JPG,Snapshot Safari 2024 Expansion : EFA_S1#EFA07#15#12,Snapshot Safari 2024 Expansion : EFA_S1_EFA07,0,african bush elephant,,9,train
https://storage.googleapis.com/public-datasets-lila/snapshot-safari-2024-expansion/MAD/MAD_S2/MAD06/MAD06_R7/MAD_S2_MAD06_R7_IMAG1981.JPG,Snapshot Safari 2024 Expansion : MAD/MAD_S2/MAD06/MAD06_R7/MAD_S2_MAD06_R7_IMAG1981.JPG,Snapshot Safari 2024 Expansion : MAD_S2#MAD06#7#661,Snapshot Safari 2024 Expansion : MAD_S2_MAD06,0,african bush elephant,,9,val
https://storage.googleapis.com/public-datasets-lila/snapshot-safari-2024-expansion/Snapshot Cameo/EFA/EFA_S1/EFA09/EFA09_R7/EFA_S1_EFA09_R7_IMAG0080.JPG,Snapshot Safari 2024 Expansion : Snapshot Cameo/EFA/EFA_S1/EFA09/EFA09_R7/EFA_S1_EFA09_R7_IMAG0080.JPG,Snapshot Safari 2024 Expansion : EFA_S1#EFA09#7#24,Snapshot Safari 2024 Expansion : EFA_S1_EFA09,0,african bush elephant,,9,train
https://storage.googleapis.com/public-datasets-lila/snapshot-safari-2024-expansion/MAD/MAD_S3/MAD05/MAD05_R10/MAD_S3_MAD05_R10_IMAG0619.JPG,Snapshot Safari 2024 Expansion : MAD/MAD_S3/MAD05/MAD05_R10/MAD_S3_MAD05_R10_IMAG0619.JPG,Snapshot Safari 2024 Expansion : MAD_S3#MAD05#10#207,Snapshot Safari 2024 Expansion : MAD_S3_MAD05,0,african bush elephant,,9,train
https://storage.googleapis.com/public-datasets-lila/snapshot-safari-2024-expansion/APN/APN_S4/DW/DW_R13/APN_S4_DW_R13_IMAG0486.JPG,Snapshot Safari 2024 Expansion : APN/APN_S4/DW/DW_R13/APN_S4_DW_R13_IMAG0486.JPG,Snapshot Safari 2024 Expansion : APN_S4#DW#13#181,Snapshot Safari 2024 Expansion : APN_S4_DW,1,african bush elephant,,9,test
https://storage.googleapis.com/public-datasets-lila/snapshot-safari-2024-expansion/MAD/MAD_S1/MAD01/MAD01_R3/MAD_S1_MAD01_R3_IMAG1922.JPG,Snapshot Safari 2024 Expansion : MAD/MAD_S1/MAD01/MAD01_R3/MAD_S1_MAD01_R3_IMAG1922.JPG,Snapshot Safari 2024 Expansion : MAD_S1#MAD01#3#641,Snapshot Safari 2024 Expansion : MAD_S1_MAD01,1,african bush elephant,,9,train
https://storage.googleapis.com/public-datasets-lila/snapshot-safari-2024-expansion/MAD/MAD_S2/MAD06/MAD06_R6/MAD_S2_MAD06_R6_IMAG5522.JPG,Snapshot Safari 2024 Expansion : MAD/MAD_S2/MAD06/MAD06_R6/MAD_S2_MAD06_R6_IMAG5522.JPG,Snapshot Safari 2024 Expansion : MAD_S2#MAD06#6#1841,Snapshot Safari 2024 Expansion : MAD_S2_MAD06,1,african bush elephant,,9,val
https://storage.googleapis.com/public-datasets-lila/snapshot-safari-2024-expansion/MAD/MAD_S2/MAD03/MAD03_R7/MAD_S2_MAD03_R7_IMAG4144.JPG,Snapshot Safari 2024 Expansion : MAD/MAD_S2/MAD03/MAD03_R7/MAD_S2_MAD03_R7_IMAG4144.JPG,Snapshot Safari 2024 Expansion : MAD_S2#MAD03#7#1382,Snapshot Safari 2024 Expansion : MAD_S2_MAD03,0,african bush elephant,,9,train
https://storage.googleapis.com/public-datasets-lila/snapshot-safari-2024-expansion/MAD/MAD_S1/I08/I08_R1/MAD_S1_I08_R1_IMAG0051.JPG,Snapshot Safari 2024 Expansion : MAD/MAD_S1/I08/I08_R1/MAD_S1_I08_R1_IMAG0051.JPG,Snapshot Safari 2024 Expansion : MAD_S1#I08#1#23,Snapshot Safari 2024 Expansion : MAD_S1_I08,0,african bush elephant,,9,train
https://storage.googleapis.com/public-datasets-lila/snapshot-safari-2024-expansion/MAD/MAD_S2/MAD06/MAD06_R6/MAD_S2_MAD06_R6_IMAG1647.JPG,Snapshot Safari 2024 Expansion : MAD/MAD_S2/MAD06/MAD06_R6/MAD_S2_MAD06_R6_IMAG1647.JPG,Snapshot Safari 2024 Expansion : MAD_S2#MAD06#6#549,Snapshot Safari 2024 Expansion : MAD_S2_MAD06,2,african bush elephant,,9,val
https://storage.googleapis.com/public-datasets-lila/snapshot-safari-2024-expansion/Snapshot Cameo/EFA/EFA_S1/EFA06/EFA06_R36/EFA_S1_EFA06_R36_IMAG0849.JPG,Snapshot Safari 2024 Expansion : Snapshot Cameo/EFA/EFA_S1/EFA06/EFA06_R36/EFA_S1_EFA06_R36_IMAG0849.JPG,Snapshot Safari 2024 Expansion : EFA_S1#EFA06#36#249,Snapshot Safari 2024 Expansion : EFA_S1_EFA06,0,african bush elephant,,9,train
https://storage.googleapis.com/public-datasets-lila/snapshot-safari-2024-expansion/Snapshot Cameo/EFA/EFA_S1/EFA08/EFA08_R18/EFA_S1_EFA08_R18_IMAG1563.JPG,Snapshot Safari 2024 Expansion : Snapshot Cameo/EFA/EFA_S1/EFA08/EFA08_R18/EFA_S1_EFA08_R18_IMAG1563.JPG,Snapshot Safari 2024 Expansion : EFA_S1#EFA08#18#309,Snapshot Safari 2024 Expansion : EFA_S1_EFA08,0,african bush elephant,,9,test
https://storage.googleapis.com/public-datasets-lila/snapshotserengeti-unzipped/SER_S11/G07/G07_R1/SER_S11_G07_R1_IMAG0072.JPG,Snapshot Serengeti : SER_S11/G07/G07_R1/SER_S11_G07_R1_IMAG0072,Snapshot Serengeti : SER_S11#G07#1#25,Snapshot Serengeti : G07,3,african bush elephant,08-27-2015 15:19:00,9,train
https://storage.googleapis.com/public-datasets-lila/snapshotserengeti-unzipped/S5/K10/K10_R2/S5_K10_R2_IMAG0176.JPG,Snapshot Serengeti : S5/K10/K10_R2/S5_K10_R2_IMAG0176,Snapshot Serengeti : SER_S5#K10#2#68,Snapshot Serengeti : K10,1,african bush elephant,09-25-2012 11:23:15,9,train
https://storage.googleapis.com/public-datasets-lila/snapshotserengeti-unzipped/S7/C03/C03_R3/S7_C03_R3_IMAG0075.JPG,Snapshot Serengeti : S7/C03/C03_R3/S7_C03_R3_IMAG0075,Snapshot Serengeti : SER_S7#C03#3#27,Snapshot Serengeti : C03,1,african bush elephant,09-05-2013 18:00:44,9,train
https://storage.googleapis.com/public-datasets-lila/snapshotserengeti-unzipped/S2/E05/E05_R3/S2_E05_R3_IMAG0092.JPG,Snapshot Serengeti : S2/E05/E05_R3/S2_E05_R3_IMAG0092,Snapshot Serengeti : SER_S2#E05#3#34,Snapshot Serengeti : E05,3,african bush elephant,04-29-2011 18:24:03,9,test
https://storage.googleapis.com/public-datasets-lila/snapshot-safari-2024-expansion/MAD/MAD_S3/MAD03/MAD03_R08/MAD_S3_MAD03_R08_IMAG5071.JPG,Snapshot Safari 2024 Expansion : MAD/MAD_S3/MAD03/MAD03_R08/MAD_S3_MAD03_R08_IMAG5071.JPG,Snapshot Safari 2024 Expansion : MAD_S3#MAD03#08#1691,Snapshot Safari 2024 Expansion : MAD_S3_MAD03,0,african bush elephant,,9,train
https://storage.googleapis.com/public-datasets-lila/wcs-unzipped/animals/0373/1276.jpg,WCS Camera Traps : 4f5bd699-92d5-11e9-86a5-000d3a74c7de,WCS Camera Traps : ken-014-d0119-46,WCS Camera Traps : 2743,116,african bush elephant,09-12-2009 18:27:46,9,val
https://storage.googleapis.com/public-datasets-lila/snapshot-safari-2024-expansion/ENO/ENO_S5/E06/E06_R3/ENO_S5_E06_R3_IMAG0148.JPG,Snapshot Safari 2024 Expansion : ENO/ENO_S5/E06/E06_R3/ENO_S5_E06_R3_IMAG0148.JPG,Snapshot Safari 2024 Expansion : ENO_S5#E06#3#70,Snapshot Safari 2024 Expansion : ENO_S5_E06,0,african bush elephant,,9,test
https://storage.googleapis.com/public-datasets-lila/snapshot-safari-2024-expansion/MAD/MAD_S2/H08/H08_R7/MAD_S2_H08_R7_IMAG0562.JPG,Snapshot Safari 2024 Expansion : MAD/MAD_S2/H08/H08_R7/MAD_S2_H08_R7_IMAG0562.JPG,Snapshot Safari 2024 Expansion : MAD_S2#H08#7#188,Snapshot Safari 2024 Expansion : MAD_S2_H08,0,african bush elephant,,9,train
https://storage.googleapis.com/public-datasets-lila/snapshot-safari-2024-expansion/SER/SER_S13/I05/I05_R3/SER_S13_I05_R3_IMAG0009.JPG,Snapshot Safari 2024 Expansion : SER/SER_S13/I05/I05_R3/SER_S13_I05_R3_IMAG0009.JPG,Snapshot Safari 2024 Expansion : SER_S13#I05#3#8,Snapshot Safari 2024 Expansion : SER_S13_I05,0,african bush elephant,,9,train
https://storage.googleapis.com/public-datasets-lila/snapshotserengeti-unzipped/S9/I08/I08_R3/S9_I08_R3_IMAG0631.JPG,Snapshot Serengeti : S9/I08/I08_R3/S9_I08_R3_IMAG0631,Snapshot Serengeti : SER_S9#I08#3#238,Snapshot Serengeti : I08,1,african bush elephant,12-30-2014 15:37:17,9,train
https://storage.googleapis.com/public-datasets-lila/snapshot-safari-2024-expansion/MAD/MAD_S3/H07/H07_R11/MAD_S3_H07_R11_IMAG0202.JPG,Snapshot Safari 2024 Expansion : MAD/MAD_S3/H07/H07_R11/MAD_S3_H07_R11_IMAG0202.JPG,Snapshot Safari 2024 Expansion : MAD_S3#H07#11#68,Snapshot Safari 2024 Expansion : MAD_S3_H07,0,african bush elephant,,9,train
https://storage.googleapis.com/public-datasets-lila/snapshotserengeti-unzipped/S5/D06/D06_R1/S5_D06_R1_IMAG2749.JPG,Snapshot Serengeti : S5/D06/D06_R1/S5_D06_R1_IMAG2749,Snapshot Serengeti : SER_S5#D06#1#1113,Snapshot Serengeti : D06,3,african bush elephant,06-11-2012 12:36:29,9,train
https://storage.googleapis.com/public-datasets-lila/snapshotserengeti-unzipped/S10/B09/B09_R1/S10_B09_R1_IMAG0097.JPG,Snapshot Serengeti : S10/B09/B09_R1/S10_B09_R1_IMAG0097,Snapshot Serengeti : SER_S10#B09#1#33,Snapshot Serengeti : B09,1,african bush elephant,01-19-2015 12:18:07,9,train
https://storage.googleapis.com/public-datasets-lila/snapshot-safari-2024-expansion/RUA/RUA_S1/M9/M9_R2/RUA_S1_M9_R2_IMAG0180.JPG,Snapshot Safari 2024 Expansion : RUA/RUA_S1/M9/M9_R2/RUA_S1_M9_R2_IMAG0180.JPG,Snapshot Safari 2024 Expansion : RUA_S1#M9#2#180,Snapshot Safari 2024 Expansion : RUA_S1_M9,0,african bush elephant,,9,train
https://storage.googleapis.com/public-datasets-lila/snapshot-safari-2024-expansion/Snapshot Cameo/EFA/EFA_S1/EFA06/EFA06_R30/EFA_S1_EFA06_R30_IMAG1288.JPG,Snapshot Safari 2024 Expansion : Snapshot Cameo/EFA/EFA_S1/EFA06/EFA06_R30/EFA_S1_EFA06_R30_IMAG1288.JPG,Snapshot Safari 2024 Expansion : EFA_S1#EFA06#30#368,Snapshot Safari 2024 Expansion : EFA_S1_EFA06,2,african bush elephant,,9,train
https://storage.googleapis.com/public-datasets-lila/snapshot-safari-2024-expansion/MAD/MAD_S2/MAD06/MAD06_R6/MAD_S2_MAD06_R6_IMAG4791.JPG,Snapshot Safari 2024 Expansion : MAD/MAD_S2/MAD06/MAD06_R6/MAD_S2_MAD06_R6_IMAG4791.JPG,Snapshot Safari 2024 Expansion : MAD_S2#MAD06#6#1597,Snapshot Safari 2024 Expansion : MAD_S2_MAD06,2,african bush elephant,,9,val
https://storage.googleapis.com/public-datasets-lila/snapshot-safari-2024-expansion/MAD/MAD_S2/MAD06/MAD06_R5/MAD_S2_MAD06_R5_IMAG2198.JPG,Snapshot Safari 2024 Expansion : MAD/MAD_S2/MAD06/MAD06_R5/MAD_S2_MAD06_R5_IMAG2198.JPG,Snapshot Safari 2024 Expansion : MAD_S2#MAD06#5#733,Snapshot Safari 2024 Expansion : MAD_S2_MAD06,1,african bush elephant,,9,val
https://storage.googleapis.com/public-datasets-lila/snapshot-safari-2024-expansion/MAD/MAD_S3/MAD03/MAD03_R08/MAD_S3_MAD03_R08_IMAG2921.JPG,Snapshot Safari 2024 Expansion : MAD/MAD_S3/MAD03/MAD03_R08/MAD_S3_MAD03_R08_IMAG2921.JPG,Snapshot Safari 2024 Expansion : MAD_S3#MAD03#08#974,Snapshot Safari 2024 Expansion : MAD_S3_MAD03,1,african bush elephant,,9,train
https://storage.googleapis.com/public-datasets-lila/snapshot-safari-2024-expansion/MAD/MAD_S1/MAD01/MAD01_R4/MAD_S1_MAD01_R4_IMAG1862.JPG,Snapshot Safari 2024 Expansion : MAD/MAD_S1/MAD01/MAD01_R4/MAD_S1_MAD01_R4_IMAG1862.JPG,Snapshot Safari 2024 Expansion : MAD_S1#MAD01#4#621,Snapshot Safari 2024 Expansion : MAD_S1_MAD01,1,african bush elephant,,9,train
https://storage.googleapis.com/public-datasets-lila/snapshot-safari-2024-expansion/APN/APN_S3/Jack1/Jack1_R3/APN_S3_Jack1_R3_IMAG0048.JPG,Snapshot Safari 2024 Expansion : APN/APN_S3/Jack1/Jack1_R3/APN_S3_Jack1_R3_IMAG0048.JPG,Snapshot Safari 2024 Expansion : APN_S3#Jack1#3#18,Snapshot Safari 2024 Expansion : APN_S3_JACK1,2,african bush elephant,,9,train
https://storage.googleapis.com/public-datasets-lila/snapshot-safari-2024-expansion/APN/APN_S3/TB26/TB26_R1/APN_S3_TB26_R1_IMAG0152.JPG,Snapshot Safari 2024 Expansion : APN/APN_S3/TB26/TB26_R1/APN_S3_TB26_R1_IMAG0152.JPG,Snapshot Safari 2024 Expansion : APN_S3#TB26#1#64,Snapshot Safari 2024 Expansion : APN_S3_TB26,0,african bush elephant,,9,train
https://storage.googleapis.com/public-datasets-lila/snapshot-safari-2024-expansion/MAD/MAD_S1/MAD03/MAD03_R4/MAD_S1_MAD03_R4_IMAG0399.JPG,Snapshot Safari 2024 Expansion : MAD/MAD_S1/MAD03/MAD03_R4/MAD_S1_MAD03_R4_IMAG0399.JPG,Snapshot Safari 2024 Expansion : MAD_S1#MAD03#4#134,Snapshot Safari 2024 Expansion : MAD_S1_MAD03,1,african bush elephant,,9,train
https://storage.googleapis.com/public-datasets-lila/snapshot-safari-2024-expansion/KRU/KRU_S2/46/46_R4/KRU_S2_46_R4_IMAG0099.JPG,Snapshot Safari 2024 Expansion : KRU/KRU_S2/46/46_R4/KRU_S2_46_R4_IMAG0099.JPG,Snapshot Safari 2024 Expansion : KRU_S2#46#4#55,Snapshot Safari 2024 Expansion : KRU_S2_46,2,african bush elephant,,9,train
https://storage.googleapis.com/public-datasets-lila/snapshot-safari-2024-expansion/Snapshot Cameo/EFA/EFA_S1/EFA08/EFA08_R18/EFA_S1_EFA08_R18_IMAG0591.JPG,Snapshot Safari 2024 Expansion : Snapshot Cameo/EFA/EFA_S1/EFA08/EFA08_R18/EFA_S1_EFA08_R18_IMAG0591.JPG,Snapshot Safari 2024 Expansion : EFA_S1#EFA08#18#109,Snapshot Safari 2024 Expansion : EFA_S1_EFA08,1,african bush elephant,,9,test
https://storage.googleapis.com/public-datasets-lila/snapshot-safari-2024-expansion/SER/SER_S12/E06/E06_R2/SER_S12_E06_R2_IMAG0484.JPG,Snapshot Safari 2024 Expansion : SER/SER_S12/E06/E06_R2/SER_S12_E06_R2_IMAG0484.JPG,Snapshot Safari 2024 Expansion : SER_S12#E06#2#482,Snapshot Safari 2024 Expansion : SER_S12_E06,0,african bush elephant,,9,train
https://storage.googleapis.com/public-datasets-lila/snapshot-safari-2024-expansion/MAD/MAD_S2/MAD06/MAD06_R5/MAD_S2_MAD06_R5_IMAG4044.JPG,Snapshot Safari 2024 Expansion : MAD/MAD_S2/MAD06/MAD06_R5/MAD_S2_MAD06_R5_IMAG4044.JPG,Snapshot Safari 2024 Expansion : MAD_S2#MAD06#5#1348,Snapshot Safari 2024 Expansion : MAD_S2_MAD06,2,african bush elephant,,9,val
https://storage.googleapis.com/public-datasets-lila/snapshotserengeti-unzipped/S8/G02/G02_R3/S8_G02_R3_IMAG0083.JPG,Snapshot Serengeti : S8/G02/G02_R3/S8_G02_R3_IMAG0083,Snapshot Serengeti : SER_S8#G02#3#45,Snapshot Serengeti : G02,1,african bush elephant,03-20-2014 20:25:09,9,train
https://storage.googleapis.com/public-datasets-lila/snapshot-safari-2024-expansion/MAD/MAD_S2/I08/I08_R6/MAD_S2_I08_R6_IMAG0144.JPG,Snapshot Safari 2024 Expansion : MAD/MAD_S2/I08/I08_R6/MAD_S2_I08_R6_IMAG0144.JPG,Snapshot Safari 2024 Expansion : MAD_S2#I08#6#48,Snapshot Safari 2024 Expansion : MAD_S2_I08,2,african bush elephant,,9,train
https://storage.googleapis.com/public-datasets-lila/snapshot-safari-2024-expansion/MAD/MAD_S2/MAD06/MAD06_R7/MAD_S2_MAD06_R7_IMAG1451.JPG,Snapshot Safari 2024 Expansion : MAD/MAD_S2/MAD06/MAD06_R7/MAD_S2_MAD06_R7_IMAG1451.JPG,Snapshot Safari 2024 Expansion : MAD_S2#MAD06#7#484,Snapshot Safari 2024 Expansion : MAD_S2_MAD06,1,african bush elephant,,9,val
https://storage.googleapis.com/public-datasets-lila/snapshotserengeti-unzipped/S5/F03/F03_R1/S5_F03_R1_IMAG1925.JPG,Snapshot Serengeti : S5/F03/F03_R1/S5_F03_R1_IMAG1925,Snapshot Serengeti : SER_S5#F03#1#652,Snapshot Serengeti : F03,2,african bush elephant,06-15-2012 08:21:35,9,train
https://storage.googleapis.com/public-datasets-lila/snapshot-safari-2024-expansion/MAD/MAD_S2/MAD06/MAD06_R6/MAD_S2_MAD06_R6_IMAG1968.JPG,Snapshot Safari 2024 Expansion : MAD/MAD_S2/MAD06/MAD06_R6/MAD_S2_MAD06_R6_IMAG1968.JPG,Snapshot Safari 2024 Expansion : MAD_S2#MAD06#6#656,Snapshot Safari 2024 Expansion : MAD_S2_MAD06,2,african bush elephant,,9,val
https://storage.googleapis.com/public-datasets-lila/snapshot-safari-2024-expansion/APN/APN_S3/TB17/TB17_R5/APN_S3_TB17_R5_IMAG1855.JPG,Snapshot Safari 2024 Expansion : APN/APN_S3/TB17/TB17_R5/APN_S3_TB17_R5_IMAG1855.JPG,Snapshot Safari 2024 Expansion : APN_S3#TB17#5#667,Snapshot Safari 2024 Expansion : APN_S3_TB17,2,african bush elephant,,9,train
https://storage.googleapis.com/public-datasets-lila/snapshot-safari-2024-expansion/Snapshot Cameo/EFA/EFA_S1/EFA07/EFA07_R24/EFA_S1_EFA07_R24_IMAG0034.JPG,Snapshot Safari 2024 Expansion : Snapshot Cameo/EFA/EFA_S1/EFA07/EFA07_R24/EFA_S1_EFA07_R24_IMAG0034.JPG,Snapshot Safari 2024 Expansion : EFA_S1#EFA07#24#14,Snapshot Safari 2024 Expansion : EFA_S1_EFA07,2,african bush elephant,,9,train
https://storage.googleapis.com/public-datasets-lila/snapshot-safari-2024-expansion/ENO/ENO_S4/C06/C06_R1/ENO_S4_C06_R1_IMAG0097.JPG,Snapshot Safari 2024 Expansion : ENO/ENO_S4/C06/C06_R1/ENO_S4_C06_R1_IMAG0097.JPG,Snapshot Safari 2024 Expansion : ENO_S4#C06#1#39,Snapshot Safari 2024 Expansion : ENO_S4_C06,2,african bush elephant,,9,train
https://storage.googleapis.com/public-datasets-lila/snapshotserengeti-unzipped/S7/D12/D12_R3/S7_D12_R3_IMAG0022.JPG,Snapshot Serengeti : S7/D12/D12_R3/S7_D12_R3_IMAG0022,Snapshot Serengeti : SER_S7#D12#3#9,Snapshot Serengeti : D12,2,african bush elephant,09-07-2013 17:46:21,9,train
https://storage.googleapis.com/public-datasets-lila/snapshot-safari-2024-expansion/Snapshot Cameo/NIA/NIA_S1/7B/7B_R1/NIA_S1_7B_R1_IMAG0018.JPG,Snapshot Safari 2024 Expansion : Snapshot Cameo/NIA/NIA_S1/7B/7B_R1/NIA_S1_7B_R1_IMAG0018.JPG,Snapshot Safari 2024 Expansion : NIA_S1#7B#1#18,Snapshot Safari 2024 Expansion : NIA_S1_7B,0,african bush elephant,,9,train
https://storage.googleapis.com/public-datasets-lila/wcs-unzipped/animals/0374/1985.jpg,WCS Camera Traps : 4fd684e3-92d5-11e9-b019-000d3a74c7de,WCS Camera Traps : ken-014-d0141-74,WCS Camera Traps : 2754,12,african bush elephant,09-07-2009 21:16:57,9,train
https://storage.googleapis.com/public-datasets-lila/snapshot-safari-2024-expansion/MAD/MAD_S2/MAD06/MAD06_R5/MAD_S2_MAD06_R5_IMAG0950.JPG,Snapshot Safari 2024 Expansion : MAD/MAD_S2/MAD06/MAD06_R5/MAD_S2_MAD06_R5_IMAG0950.JPG,Snapshot Safari 2024 Expansion : MAD_S2#MAD06#5#317,Snapshot Safari 2024 Expansion : MAD_S2_MAD06,1,african bush elephant,,9,val
https://storage.googleapis.com/public-datasets-lila/snapshotserengeti-unzipped/S6/J12/J12_R1/S6_J12_R1_IMAG0239.JPG,Snapshot Serengeti : S6/J12/J12_R1/S6_J12_R1_IMAG0239,Snapshot Serengeti : SER_S6#J12#1#97,Snapshot Serengeti : J12,1,african bush elephant,01-28-2013 02:55:44,9,train
https://storage.googleapis.com/public-datasets-lila/snapshot-safari-2024-expansion/APN/APN_S4/U24b/U24b_R13/APN_S4_U24b_R13_IMAG0141.JPG,Snapshot Safari 2024 Expansion : APN/APN_S4/U24b/U24b_R13/APN_S4_U24b_R13_IMAG0141.JPG,Snapshot Safari 2024 Expansion : APN_S4#U24b#13#59,Snapshot Safari 2024 Expansion : APN_S4_U24B,0,african bush elephant,,9,test
https://storage.googleapis.com/public-datasets-lila/snapshot-safari-2024-expansion/MAD/MAD_S1/MAD01/MAD01_R3/MAD_S1_MAD01_R3_IMAG1224.JPG,Snapshot Safari 2024 Expansion : MAD/MAD_S1/MAD01/MAD01_R3/MAD_S1_MAD01_R3_IMAG1224.JPG,Snapshot Safari 2024 Expansion : MAD_S1#MAD01#3#408,Snapshot Safari 2024 Expansion : MAD_S1_MAD01,2,african bush elephant,,9,train
https://storage.googleapis.com/public-datasets-lila/snapshot-safari-2024-expansion/MAD/MAD_S2/B03/B03_R6/MAD_S2_B03_R6_IMAG0198.JPG,Snapshot Safari 2024 Expansion : MAD/MAD_S2/B03/B03_R6/MAD_S2_B03_R6_IMAG0198.JPG,Snapshot Safari 2024 Expansion : MAD_S2#B03#6#66,Snapshot Safari 2024 Expansion : MAD_S2_B03,2,african bush elephant,,9,train
https://storage.googleapis.com/public-datasets-lila/snapshot-safari-2024-expansion/Snapshot Cameo/EFA/EFA_S1/EFA08/EFA08_R35/EFA_S1_EFA08_R35_IMAG0179.JPG,Snapshot Safari 2024 Expansion : Snapshot Cameo/EFA/EFA_S1/EFA08/EFA08_R35/EFA_S1_EFA08_R35_IMAG0179.JPG,Snapshot Safari 2024 Expansion : EFA_S1#EFA08#35#41,Snapshot Safari 2024 Expansion : EFA_S1_EFA08,0,african bush elephant,,9,test
https://storage.googleapis.com/public-datasets-lila/snapshotserengeti-unzipped/S10/D07/D07_R1/S10_D07_R1_IMAG1378.JPG,Snapshot Serengeti : S10/D07/D07_R1/S10_D07_R1_IMAG1378,Snapshot Serengeti : SER_S10#D07#1#464,Snapshot Serengeti : D07,2,african bush elephant,01-26-2015 12:49:22,9,train
https://storage.googleapis.com/public-datasets-lila/snapshot-safari-2024-expansion/Snapshot Cameo/EFA/EFA_S1/EFA08/EFA08_R13/EFA_S1_EFA08_R13_IMAG1307.JPG,Snapshot Safari 2024 Expansion : Snapshot Cameo/EFA/EFA_S1/EFA08/EFA08_R13/EFA_S1_EFA08_R13_IMAG1307.JPG,Snapshot Safari 2024 Expansion : EFA_S1#EFA08#13#250,Snapshot Safari 2024 Expansion : EFA_S1_EFA08,0,african bush elephant,,9,test
https://storage.googleapis.com/public-datasets-lila/snapshot-safari-2024-expansion/Snapshot Cameo/DEB/DEB_S1/H8/H8_R63/DEB_S1_H8_R63_IMAG0112.JPG,Snapshot Safari 2024 Expansion : Snapshot Cameo/DEB/DEB_S1/H8/H8_R63/DEB_S1_H8_R63_IMAG0112.JPG,Snapshot Safari 2024 Expansion : DEB_S1#H8#63#112,Snapshot Safari 2024 Expansion : DEB_S1_H8,0,african bush elephant,,9,train
https://storage.googleapis.com/public-datasets-lila/snapshot-safari-2024-expansion/MAD/MAD_S3/I05/I05_R10/MAD_S3_I05_R10_IMAG0296.JPG,Snapshot Safari 2024 Expansion : MAD/MAD_S3/I05/I05_R10/MAD_S3_I05_R10_IMAG0296.JPG,Snapshot Safari 2024 Expansion : MAD_S3#I05#10#99,Snapshot Safari 2024 Expansion : MAD_S3_I05,1,african bush elephant,,9,val
https://storage.googleapis.com/public-datasets-lila/snapshot-safari-2024-expansion/Snapshot Cameo/EFA/EFA_S1/EFA08/EFA08_R13/EFA_S1_EFA08_R13_IMAG0949.JPG,Snapshot Safari 2024 Expansion : Snapshot Cameo/EFA/EFA_S1/EFA08/EFA08_R13/EFA_S1_EFA08_R13_IMAG0949.JPG,Snapshot Safari 2024 Expansion : EFA_S1#EFA08#13#168,Snapshot Safari 2024 Expansion : EFA_S1_EFA08,2,african bush elephant,,9,test
https://storage.googleapis.com/public-datasets-lila/snapshot-safari-2024-expansion/MAD/MAD_S1/MAD05/MAD05_R3/MAD_S1_MAD05_R3_IMAG0942.JPG,Snapshot Safari 2024 Expansion : MAD/MAD_S1/MAD05/MAD05_R3/MAD_S1_MAD05_R3_IMAG0942.JPG,Snapshot Safari 2024 Expansion : MAD_S1#MAD05#3#314,Snapshot Safari 2024 Expansion : MAD_S1_MAD05,2,african bush elephant,,9,val
https://storage.googleapis.com/public-datasets-lila/snapshot-safari-2024-expansion/MAD/MAD_S2/MAD06/MAD06_R5/MAD_S2_MAD06_R5_IMAG2068.JPG,Snapshot Safari 2024 Expansion : MAD/MAD_S2/MAD06/MAD06_R5/MAD_S2_MAD06_R5_IMAG2068.JPG,Snapshot Safari 2024 Expansion : MAD_S2#MAD06#5#690,Snapshot Safari 2024 Expansion : MAD_S2_MAD06,0,african bush elephant,,9,val
https://storage.googleapis.com/public-datasets-lila/snapshotserengeti-unzipped/S10/J12/J12_R2/S10_J12_R2_IMAG1363.JPG,Snapshot Serengeti : S10/J12/J12_R2/S10_J12_R2_IMAG1363,Snapshot Serengeti : SER_S10#J12#2#475,Snapshot Serengeti : J12,3,african bush elephant,06-10-2015 13:38:49,9,train
https://storage.googleapis.com/public-datasets-lila/snapshotserengeti-unzipped/S6/C13/C13_R2/S6_C13_R2_IMAG0091.JPG,Snapshot Serengeti : S6/C13/C13_R2/S6_C13_R2_IMAG0091,Snapshot Serengeti : SER_S6#C13#2#38,Snapshot Serengeti : C13,2,african bush elephant,02-24-2013 16:53:00,9,val
https://storage.googleapis.com/public-datasets-lila/snapshotserengeti-unzipped/S8/I07/I07_R2/S8_I07_R2_IMAG2114.JPG,Snapshot Serengeti : S8/I07/I07_R2/S8_I07_R2_IMAG2114,Snapshot Serengeti : SER_S8#I07#2#726,Snapshot Serengeti : I07,3,african bush elephant,03-09-2014 10:01:11,9,val
https://storage.googleapis.com/public-datasets-lila/snapshot-safari-2024-expansion/RUA/RUA_S1/M2/M2_R2/RUA_S1_M2_R2_IMAG0341.JPG,Snapshot Safari 2024 Expansion : RUA/RUA_S1/M2/M2_R2/RUA_S1_M2_R2_IMAG0341.JPG,Snapshot Safari 2024 Expansion : RUA_S1#M2#2#341,Snapshot Safari 2024 Expansion : RUA_S1_M2,0,african bush elephant,,9,train
https://storage.googleapis.com/public-datasets-lila/wcs-unzipped/animals/0277/1414.jpg,WCS Camera Traps : 2c8c2fe2-92d5-11e9-9590-000d3a74c7de,WCS Camera Traps : ken-006-d0025-9,WCS Camera Traps : 1426,2,african bush elephant,01-21-2011 14:42:24,9,train
https://storage.googleapis.com/public-datasets-lila/snapshot-safari-2024-expansion/Snapshot Cameo/EFA/EFA_S1/EFA07/EFA07_R30/EFA_S1_EFA07_R30_IMAG0620.JPG,Snapshot Safari 2024 Expansion : Snapshot Cameo/EFA/EFA_S1/EFA07/EFA07_R30/EFA_S1_EFA07_R30_IMAG0620.JPG,Snapshot Safari 2024 Expansion : EFA_S1#EFA07#30#164,Snapshot Safari 2024 Expansion : EFA_S1_EFA07,2,african bush elephant,,9,train
https://storage.googleapis.com/public-datasets-lila/snapshot-safari-2024-expansion/Snapshot Cameo/EFA/EFA_S1/EFA08/EFA08_R32/EFA_S1_EFA08_R32_IMAG0417.JPG,Snapshot Safari 2024 Expansion : Snapshot Cameo/EFA/EFA_S1/EFA08/EFA08_R32/EFA_S1_EFA08_R32_IMAG0417.JPG,Snapshot Safari 2024 Expansion : EFA_S1#EFA08#32#88,Snapshot Safari 2024 Expansion : EFA_S1_EFA08,0,african bush elephant,,9,test
https://storage.googleapis.com/public-datasets-lila/snapshot-safari-2024-expansion/MAD/MAD_S3/MAD06/MAD06_R09/MAD_S3_MAD06_R09_IMAG3461.JPG,Snapshot Safari 2024 Expansion : MAD/MAD_S3/MAD06/MAD06_R09/MAD_S3_MAD06_R09_IMAG3461.JPG,Snapshot Safari 2024 Expansion : MAD_S3#MAD06#09#1154,Snapshot Safari 2024 Expansion : MAD_S3_MAD06,2,african bush elephant,,9,train
https://storage.googleapis.com/public-datasets-lila/snapshotserengeti-unzipped/S1/K10/K10_R1/S1_K10_R1_PICT0265.JPG,Snapshot Serengeti : S1/K10/K10_R1/S1_K10_R1_PICT0265,Snapshot Serengeti : SER_S1#K10#1#89,Snapshot Serengeti : K10,3,african bush elephant,10-09-2010 12:41:20,9,train
https://storage.googleapis.com/public-datasets-lila/snapshot-safari-2024-expansion/APN/APN_S3/WS6/WS6_R4/APN_S3_WS6_R4_IMAG0062.JPG,Snapshot Safari 2024 Expansion : APN/APN_S3/WS6/WS6_R4/APN_S3_WS6_R4_IMAG0062.JPG,Snapshot Safari 2024 Expansion : APN_S3#WS6#4#40,Snapshot Safari 2024 Expansion : APN_S3_WS6,0,african bush elephant,,9,train
https://storage.googleapis.com/public-datasets-lila/snapshotserengeti-unzipped/S8/I06/I06_R2/S8_I06_R2_IMAG0029.JPG,Snapshot Serengeti : S8/I06/I06_R2/S8_I06_R2_IMAG0029,Snapshot Serengeti : SER_S8#I06#2#11,Snapshot Serengeti : I06,1,african bush elephant,02-11-2014 11:25:59,9,train
https://storage.googleapis.com/public-datasets-lila/snapshot-safari-2024-expansion/MAD/MAD_S2/MAD03/MAD03_R6/MAD_S2_MAD03_R6_IMAG3165.JPG,Snapshot Safari 2024 Expansion : MAD/MAD_S2/MAD03/MAD03_R6/MAD_S2_MAD03_R6_IMAG3165.JPG,Snapshot Safari 2024 Expansion : MAD_S2#MAD03#6#1055,Snapshot Safari 2024 Expansion : MAD_S2_MAD03,2,african bush elephant,,9,train
https://storage.googleapis.com/public-datasets-lila/snapshot-safari-2024-expansion/MAD/MAD_S2/MAD05/MAD05_R7/MAD_S2_MAD05_R7_IMAG0250.JPG,Snapshot Safari 2024 Expansion : MAD/MAD_S2/MAD05/MAD05_R7/MAD_S2_MAD05_R7_IMAG0250.JPG,Snapshot Safari 2024 Expansion : MAD_S2#MAD05#7#84,Snapshot Safari 2024 Expansion : MAD_S2_MAD05,0,african bush elephant,,9,val
https://storage.googleapis.com/public-datasets-lila/snapshotserengeti-unzipped/S6/D06/D06_R2/S6_D06_R2_IMAG0035.JPG,Snapshot Serengeti : S6/D06/D06_R2/S6_D06_R2_IMAG0035,Snapshot Serengeti : SER_S6#D06#2#14,Snapshot Serengeti : D06,2,african bush elephant,02-06-2013 16:47:00,9,train
https://storage.googleapis.com/public-datasets-lila/snapshot-safari-2024-expansion/Snapshot Cameo/EFA/EFA_S1/EFA08/EFA08_R13/EFA_S1_EFA08_R13_IMAG1058.JPG,Snapshot Safari 2024 Expansion : Snapshot Cameo/EFA/EFA_S1/EFA08/EFA08_R13/EFA_S1_EFA08_R13_IMAG1058.JPG,Snapshot Safari 2024 Expansion : EFA_S1#EFA08#13#185,Snapshot Safari 2024 Expansion : EFA_S1_EFA08,2,african bush elephant,,9,test
https://storage.googleapis.com/public-datasets-lila/snapshotserengeti-unzipped/S9/E01/E01_R1/S9_E01_R1_IMAG0445.JPG,Snapshot Serengeti : S9/E01/E01_R1/S9_E01_R1_IMAG0445,Snapshot Serengeti : SER_S9#E01#1#155,Snapshot Serengeti : E01,2,african bush elephant,06-13-2014 13:21:01,9,train
https://storage.googleapis.com/public-datasets-lila/snapshotserengeti-unzipped/S2/H06/H06_R3/S2_H06_R3_IMAG0247.JPG,Snapshot Serengeti : S2/H06/H06_R3/S2_H06_R3_IMAG0247,Snapshot Serengeti : SER_S2#H06#3#109,Snapshot Serengeti : H06,3,african bush elephant,07-15-2011 13:37:03,9,train
https://storage.googleapis.com/public-datasets-lila/snapshotserengeti-unzipped/S7/R09/R09_R1/S7_R09_R1_IMAG0240.JPG,Snapshot Serengeti : S7/R09/R09_R1/S7_R09_R1_IMAG0240,Snapshot Serengeti : SER_S7#R09#1#84,Snapshot Serengeti : R09,1,african bush elephant,05-03-2013 14:55:53,9,train
https://storage.googleapis.com/public-datasets-lila/snapshotserengeti-unzipped/S5/L02/L02_R3/S5_L02_R3_IMAG0062.JPG,Snapshot Serengeti : S5/L02/L02_R3/S5_L02_R3_IMAG0062,Snapshot Serengeti : SER_S5#L02#3#40,Snapshot Serengeti : L02,1,african bush elephant,10-10-2012 03:59:14,9,train
https://storage.googleapis.com/public-datasets-lila/snapshotserengeti-unzipped/S9/F09/F09_R3/S9_F09_R3_IMAG3257.JPG,Snapshot Serengeti : S9/F09/F09_R3/S9_F09_R3_IMAG3257,Snapshot Serengeti : SER_S9#F09#3#1094,Snapshot Serengeti : F09,2,african bush elephant,12-15-2014 15:16:30,9,train
https://storage.googleapis.com/public-datasets-lila/snapshot-safari-2024-expansion/Snapshot Cameo/EFA/EFA_S1/EFA08/EFA08_R39/EFA_S1_EFA08_R39_IMAG0447.JPG,Snapshot Safari 2024 Expansion : Snapshot Cameo/EFA/EFA_S1/EFA08/EFA08_R39/EFA_S1_EFA08_R39_IMAG0447.JPG,Snapshot Safari 2024 Expansion : EFA_S1#EFA08#39#84,Snapshot Safari 2024 Expansion : EFA_S1_EFA08,0,african bush elephant,,9,test
https://storage.googleapis.com/public-datasets-lila/snapshot-safari-2024-expansion/KRU/KRU_S2/27/27_R3/KRU_S2_27_R3_IMAG0074.JPG,Snapshot Safari 2024 Expansion : KRU/KRU_S2/27/27_R3/KRU_S2_27_R3_IMAG0074.JPG,Snapshot Safari 2024 Expansion : KRU_S2#27#3#41,Snapshot Safari 2024 Expansion : KRU_S2_27,1,african bush elephant,,9,train
https://storage.googleapis.com/public-datasets-lila/snapshotserengeti-unzipped/S8/H05/H05_R2/S8_H05_R2_IMAG4106.JPG,Snapshot Serengeti : S8/H05/H05_R2/S8_H05_R2_IMAG4106,Snapshot Serengeti : SER_S8#H05#2#1386,Snapshot Serengeti : H05,3,african bush elephant,04-14-2014 12:59:46,9,train
https://storage.googleapis.com/public-datasets-lila/snapshotserengeti-unzipped/S8/D12/D12_R2/S8_D12_R2_IMAG0096.JPG,Snapshot Serengeti : S8/D12/D12_R2/S8_D12_R2_IMAG0096,Snapshot Serengeti : SER_S8#D12#2#34,Snapshot Serengeti : D12,3,african bush elephant,02-22-2014 13:57:03,9,train
https://storage.googleapis.com/public-datasets-lila/snapshot-safari-2024-expansion/MAD/MAD_S2/MAD06/MAD06_R6/MAD_S2_MAD06_R6_IMAG4358.JPG,Snapshot Safari 2024 Expansion : MAD/MAD_S2/MAD06/MAD06_R6/MAD_S2_MAD06_R6_IMAG4358.JPG,Snapshot Safari 2024 Expansion : MAD_S2#MAD06#6#1453,Snapshot Safari 2024 Expansion : MAD_S2_MAD06,1,african bush elephant,,9,val
https://storage.googleapis.com/public-datasets-lila/snapshot-safari-2024-expansion/MAD/MAD_S3/MAD06/MAD06_R11/MAD_S3_MAD06_R11_IMAG0896.JPG,Snapshot Safari 2024 Expansion : MAD/MAD_S3/MAD06/MAD06_R11/MAD_S3_MAD06_R11_IMAG0896.JPG,Snapshot Safari 2024 Expansion : MAD_S3#MAD06#11#299,Snapshot Safari 2024 Expansion : MAD_S3_MAD06,1,african bush elephant,,9,train
https://storage.googleapis.com/public-datasets-lila/snapshot-safari-2024-expansion/PLN/PLN_S3a/C04/C04_R8/PLN_S3a_C04_R8_IMAG0329.JPG,Snapshot Safari 2024 Expansion : PLN/PLN_S3a/C04/C04_R8/PLN_S3a_C04_R8_IMAG0329.JPG,Snapshot Safari 2024 Expansion : PLN_S3a#C04#8#167,Snapshot Safari 2024 Expansion : PLN_S3A_C04,2,african bush elephant,,9,train
https://storage.googleapis.com/public-datasets-lila/snapshot-safari-2024-expansion/MAD/MAD_S3/MAD05/MAD05_R08/MAD_S3_MAD05_R08_IMAG0514.JPG,Snapshot Safari 2024 Expansion : MAD/MAD_S3/MAD05/MAD05_R08/MAD_S3_MAD05_R08_IMAG0514.JPG,Snapshot Safari 2024 Expansion : MAD_S3#MAD05#08#172,Snapshot Safari 2024 Expansion : MAD_S3_MAD05,0,african bush elephant,,9,train
https://storage.googleapis.com/public-datasets-lila/snapshot-safari-2024-expansion/MAD/MAD_S2/MAD05/MAD05_R5/MAD_S2_MAD05_R5_IMAG1086.JPG,Snapshot Safari 2024 Expansion : MAD/MAD_S2/MAD05/MAD05_R5/MAD_S2_MAD05_R5_IMAG1086.JPG,Snapshot Safari 2024 Expansion : MAD_S2#MAD05#5#362,Snapshot Safari 2024 Expansion : MAD_S2_MAD05,2,african bush elephant,,9,val
https://storage.googleapis.com/public-datasets-lila/snapshot-safari-2024-expansion/SER/SER_S13/C13/C13_R3/SER_S13_C13_R3_IMAG3821.JPG,Snapshot Safari 2024 Expansion : SER/SER_S13/C13/C13_R3/SER_S13_C13_R3_IMAG3821.JPG,Snapshot Safari 2024 Expansion : SER_S13#C13#3#3821,Snapshot Safari 2024 Expansion : SER_S13_C13,0,african bush elephant,,9,train
https://storage.googleapis.com/public-datasets-lila/wcs-unzipped/animals/0204/1626.jpg,WCS Camera Traps : 11644173-92d5-11e9-b31e-000d3a74c7de,WCS Camera Traps : ken-007-d0054-13,WCS Camera Traps : 1275,2,african bush elephant,02-05-2012 08:39:47,9,test
https://storage.googleapis.com/public-datasets-lila/snapshotserengeti-unzipped/S9/E03/E03_R3/S9_E03_R3_IMAG0678.JPG,Snapshot Serengeti : S9/E03/E03_R3/S9_E03_R3_IMAG0678,Snapshot Serengeti : SER_S9#E03#3#328,Snapshot Serengeti : E03,1,african bush elephant,10-26-2014 18:22:16,9,train
https://storage.googleapis.com/public-datasets-lila/snapshot-safari-2024-expansion/Snapshot Cameo/EFA/EFA_S1/EFA08/EFA08_R43/EFA_S1_EFA08_R43_IMAG0364.JPG,Snapshot Safari 2024 Expansion : Snapshot Cameo/EFA/EFA_S1/EFA08/EFA08_R43/EFA_S1_EFA08_R43_IMAG0364.JPG,Snapshot Safari 2024 Expansion : EFA_S1#EFA08#43#56,Snapshot Safari 2024 Expansion : EFA_S1_EFA08,2,african bush elephant,,9,test
https://storage.googleapis.com/public-datasets-lila/snapshot-safari-2024-expansion/MAD/MAD_S3/MAD06/MAD06_R09/MAD_S3_MAD06_R09_IMAG2659.JPG,Snapshot Safari 2024 Expansion : MAD/MAD_S3/MAD06/MAD06_R09/MAD_S3_MAD06_R09_IMAG2659.JPG,Snapshot Safari 2024 Expansion : MAD_S3#MAD06#09#887,Snapshot Safari 2024 Expansion : MAD_S3_MAD06,1,african bush elephant,,9,train
https://storage.googleapis.com/public-datasets-lila/snapshot-safari-2024-expansion/APN/APN_S3/TB17/TB17_R2/APN_S3_TB17_R2_IMAG1606.JPG,Snapshot Safari 2024 Expansion : APN/APN_S3/TB17/TB17_R2/APN_S3_TB17_R2_IMAG1606.JPG,Snapshot Safari 2024 Expansion : APN_S3#TB17#2#602,Snapshot Safari 2024 Expansion : APN_S3_TB17,0,african bush elephant,,9,train
https://storage.googleapis.com/public-datasets-lila/snapshot-safari-2024-expansion/MAD/MAD_S1/E06/E06_R4/MAD_S1_E06_R4_IMAG0035.JPG,Snapshot Safari 2024 Expansion : MAD/MAD_S1/E06/E06_R4/MAD_S1_E06_R4_IMAG0035.JPG,Snapshot Safari 2024 Expansion : MAD_S1#E06#4#12,Snapshot Safari 2024 Expansion : MAD_S1_E06,1,african bush elephant,,9,train
https://storage.googleapis.com/public-datasets-lila/snapshot-safari-2024-expansion/Snapshot Cameo/EFA/EFA_S1/EFA08/EFA08_R28/EFA_S1_EFA08_R28_IMAG0240.JPG,Snapshot Safari 2024 Expansion : Snapshot Cameo/EFA/EFA_S1/EFA08/EFA08_R28/EFA_S1_EFA08_R28_IMAG0240.JPG,Snapshot Safari 2024 Expansion : EFA_S1#EFA08#28#49,Snapshot Safari 2024 Expansion : EFA_S1_EFA08,2,african bush elephant,,9,test
https://storage.googleapis.com/public-datasets-lila/snapshotserengeti-unzipped/S10/Q05/Q05_R1/S10_Q05_R1_IMAG0022.JPG,Snapshot Serengeti : S10/Q05/Q05_R1/S10_Q05_R1_IMAG0022,Snapshot Serengeti : SER_S10#Q05#1#12,Snapshot Serengeti : Q05,3,african bush elephant,12-01-2014 09:26:09,9,val
https://storage.googleapis.com/public-datasets-lila/snapshot-safari-2024-expansion/Snapshot Cameo/EFA/EFA_S1/EFA07/EFA07_R18/EFA_S1_EFA07_R18_IMAG1191.JPG,Snapshot Safari 2024 Expansion : Snapshot Cameo/EFA/EFA_S1/EFA07/EFA07_R18/EFA_S1_EFA07_R18_IMAG1191.JPG,Snapshot Safari 2024 Expansion : EFA_S1#EFA07#18#228,Snapshot Safari 2024 Expansion : EFA_S1_EFA07,0,african bush elephant,,9,train
https://storage.googleapis.com/public-datasets-lila/snapshot-safari-2024-expansion/Snapshot Cameo/EFA/EFA_S1/EFA06/EFA06_R35/EFA_S1_EFA06_R35_IMAG0138.JPG,Snapshot Safari 2024 Expansion : Snapshot Cameo/EFA/EFA_S1/EFA06/EFA06_R35/EFA_S1_EFA06_R35_IMAG0138.JPG,Snapshot Safari 2024 Expansion : EFA_S1#EFA06#35#64,Snapshot Safari 2024 Expansion : EFA_S1_EFA06,0,african bush elephant,,9,train
https://storage.googleapis.com/public-datasets-lila/wcs-unzipped/animals/0353/0388.jpg,WCS Camera Traps : 480113b6-92d5-11e9-9333-000d3a74c7de,WCS Camera Traps : ken-016-d0093-295,WCS Camera Traps : 1317,14,african bush elephant,02-20-2013 14:35:21,9,test
https://storage.googleapis.com/public-datasets-lila/snapshot-safari-2024-expansion/Snapshot Cameo/EFA/EFA_S1/EFA06/EFA06_R37/EFA_S1_EFA06_R37_IMAG0278.JPG,Snapshot Safari 2024 Expansion : Snapshot Cameo/EFA/EFA_S1/EFA06/EFA06_R37/EFA_S1_EFA06_R37_IMAG0278.JPG,Snapshot Safari 2024 Expansion : EFA_S1#EFA06#37#74,Snapshot Safari 2024 Expansion : EFA_S1_EFA06,0,african bush elephant,,9,train
https://storage.googleapis.com/public-datasets-lila/snapshot-safari-2024-expansion/Snapshot Cameo/EFA/EFA_S1/EFA08/EFA08_R39/EFA_S1_EFA08_R39_IMAG0032.JPG,Snapshot Safari 2024 Expansion : Snapshot Cameo/EFA/EFA_S1/EFA08/EFA08_R39/EFA_S1_EFA08_R39_IMAG0032.JPG,Snapshot Safari 2024 Expansion : EFA_S1#EFA08#39#7,Snapshot Safari 2024 Expansion : EFA_S1_EFA08,2,african bush elephant,,9,test
https://storage.googleapis.com/public-datasets-lila/snapshotserengeti-unzipped/S10/J05/J05_R1/S10_J05_R1_IMAG0010.JPG,Snapshot Serengeti : S10/J05/J05_R1/S10_J05_R1_IMAG0010,Snapshot Serengeti : SER_S10#J05#1#6,Snapshot Serengeti : J05,1,african bush elephant,01-22-2015 09:07:51,9,train
https://storage.googleapis.com/public-datasets-lila/snapshotserengeti-unzipped/S7/J03/J03_R1/S7_J03_R1_IMAG0114.JPG,Snapshot Serengeti : S7/J03/J03_R1/S7_J03_R1_IMAG0114,Snapshot Serengeti : SER_S7#J03#1#46,Snapshot Serengeti : J03,1,african bush elephant,04-24-2013 21:00:29,9,train
https://storage.googleapis.com/public-datasets-lila/snapshot-safari-2024-expansion/RUA/RUA_S1/M27/M27_R1/RUA_S1_M27_R1_IMAG0099.JPG,Snapshot Safari 2024 Expansion : RUA/RUA_S1/M27/M27_R1/RUA_S1_M27_R1_IMAG0099.JPG,Snapshot Safari 2024 Expansion : RUA_S1#M27#1#99,Snapshot Safari 2024 Expansion : RUA_S1_M27,0,african bush elephant,,9,train
https://storage.googleapis.com/public-datasets-lila/snapshot-safari-2024-expansion/MAD/MAD_S1/G04/G04_R2/MAD_S1_G04_R2_IMAG0089.JPG,Snapshot Safari 2024 Expansion : MAD/MAD_S1/G04/G04_R2/MAD_S1_G04_R2_IMAG0089.JPG,Snapshot Safari 2024 Expansion : MAD_S1#G04#2#64,Snapshot Safari 2024 Expansion : MAD_S1_G04,1,african bush elephant,,9,train
https://storage.googleapis.com/public-datasets-lila/snapshot-safari-2024-expansion/MAD/MAD_S2/A04/A04_R5/MAD_S2_A04_R5_IMAG0059.JPG,Snapshot Safari 2024 Expansion : MAD/MAD_S2/A04/A04_R5/MAD_S2_A04_R5_IMAG0059.JPG,Snapshot Safari 2024 Expansion : MAD_S2#A04#5#20,Snapshot Safari 2024 Expansion : MAD_S2_A04,1,african bush elephant,,9,train
https://storage.googleapis.com/public-datasets-lila/snapshot-safari-2024-expansion/Snapshot Cameo/EFA/EFA_S1/EFA07/EFA07_R14/EFA_S1_EFA07_R14_IMAG0912.JPG,Snapshot Safari 2024 Expansion : Snapshot Cameo/EFA/EFA_S1/EFA07/EFA07_R14/EFA_S1_EFA07_R14_IMAG0912.JPG,Snapshot Safari 2024 Expansion : EFA_S1#EFA07#14#224,Snapshot Safari 2024 Expansion : EFA_S1_EFA07,1,african bush elephant,,9,train
https://storage.googleapis.com/public-datasets-lila/snapshot-safari-2024-expansion/ENO/ENO_S4/E06/E06_R2/ENO_S4_E06_R2_IMAG0732.JPG,Snapshot Safari 2024 Expansion : ENO/ENO_S4/E06/E06_R2/ENO_S4_E06_R2_IMAG0732.JPG,Snapshot Safari 2024 Expansion : ENO_S4#E06#2#290,Snapshot Safari 2024 Expansion : ENO_S4_E06,2,african bush elephant,,9,train
https://storage.googleapis.com/public-datasets-lila/snapshot-safari-2024-expansion/KRU/KRU_S1/17/17_R1/KRU_S1_17_R1_IMAG0025.JPG,Snapshot Safari 2024 Expansion : KRU/KRU_S1/17/17_R1/KRU_S1_17_R1_IMAG0025.JPG,Snapshot Safari 2024 Expansion : KRU_S1#17#1#9,Snapshot Safari 2024 Expansion : KRU_S1_17,2,african bush elephant,,9,train
https://storage.googleapis.com/public-datasets-lila/snapshot-safari-2024-expansion/Snapshot Cameo/EFA/EFA_S1/EFA08/EFA08_R1/EFA_S1_EFA08_R1_IMAG1492.JPG,Snapshot Safari 2024 Expansion : Snapshot Cameo/EFA/EFA_S1/EFA08/EFA08_R1/EFA_S1_EFA08_R1_IMAG1492.JPG,Snapshot Safari 2024 Expansion : EFA_S1#EFA08#1#298,Snapshot Safari 2024 Expansion : EFA_S1_EFA08,0,african bush elephant,,9,test
https://storage.googleapis.com/public-datasets-lila/snapshot-safari-2024-expansion/Snapshot Cameo/EFA/EFA_S1/EFA08/EFA08_R17/EFA_S1_EFA08_R17_IMAG0413.JPG,Snapshot Safari 2024 Expansion : Snapshot Cameo/EFA/EFA_S1/EFA08/EFA08_R17/EFA_S1_EFA08_R17_IMAG0413.JPG,Snapshot Safari 2024 Expansion : EFA_S1#EFA08#17#81,Snapshot Safari 2024 Expansion : EFA_S1_EFA08,0,african bush elephant,,9,test
https://storage.googleapis.com/public-datasets-lila/snapshot-safari-2024-expansion/SER/SER_S12/B03/B03_R2/SER_S12_B03_R2_IMAG1128.JPG,Snapshot Safari 2024 Expansion : SER/SER_S12/B03/B03_R2/SER_S12_B03_R2_IMAG1128.JPG,Snapshot Safari 2024 Expansion : SER_S12#B03#2#660,Snapshot Safari 2024 Expansion : SER_S12_B03,2,african bush elephant,,9,val
https://storage.googleapis.com/public-datasets-lila/snapshotserengeti-unzipped/SER_S11/E02/E02_R2/SER_S11_E02_R2_IMAG0630.JPG,Snapshot Serengeti : SER_S11/E02/E02_R2/SER_S11_E02_R2_IMAG0630,Snapshot Serengeti : SER_S11#E02#2#227,Snapshot Serengeti : E02,3,african bush elephant,11-11-2015 15:48:26,9,test
https://storage.googleapis.com/public-datasets-lila/wcs-unzipped/animals/0414/0897.jpg,WCS Camera Traps : 5e2dc190-92d5-11e9-b328-000d3a74c7de,WCS Camera Traps : ken-017-d0055-17,WCS Camera Traps : 2952,3,african bush elephant,02-04-2015 12:45:34,9,train
https://storage.googleapis.com/public-datasets-lila/snapshot-safari-2024-expansion/Snapshot Cameo/EFA/EFA_S1/EFA08/EFA08_R1/EFA_S1_EFA08_R1_IMAG0317.JPG,Snapshot Safari 2024 Expansion : Snapshot Cameo/EFA/EFA_S1/EFA08/EFA08_R1/EFA_S1_EFA08_R1_IMAG0317.JPG,Snapshot Safari 2024 Expansion : EFA_S1#EFA08#1#65,Snapshot Safari 2024 Expansion : EFA_S1_EFA08,1,african bush elephant,,9,test
https://storage.googleapis.com/public-datasets-lila/snapshot-safari-2024-expansion/Snapshot Cameo/EFA/EFA_S1/EFA08/EFA08_R11/EFA_S1_EFA08_R11_IMAG0189.JPG,Snapshot Safari 2024 Expansion : Snapshot Cameo/EFA/EFA_S1/EFA08/EFA08_R11/EFA_S1_EFA08_R11_IMAG0189.JPG,Snapshot Safari 2024 Expansion : EFA_S1#EFA08#11#47,Snapshot Safari 2024 Expansion : EFA_S1_EFA08,2,african bush elephant,,9,test
https://storage.googleapis.com/public-datasets-lila/snapshot-safari-2024-expansion/Snapshot Cameo/EFA/EFA_S1/EFA02/EFA02_R9/EFA_S1_EFA02_R9_IMAG0071.JPG,Snapshot Safari 2024 Expansion : Snapshot Cameo/EFA/EFA_S1/EFA02/EFA02_R9/EFA_S1_EFA02_R9_IMAG0071.JPG,Snapshot Safari 2024 Expansion : EFA_S1#EFA02#9#30,Snapshot Safari 2024 Expansion : EFA_S1_EFA02,1,african bush elephant,,9,train
https://storage.googleapis.com/public-datasets-lila/snapshot-safari-2024-expansion/Snapshot Cameo/EFA/EFA_S1/EFA06/EFA06_R29/EFA_S1_EFA06_R29_IMAG0897.JPG,Snapshot Safari 2024 Expansion : Snapshot Cameo/EFA/EFA_S1/EFA06/EFA06_R29/EFA_S1_EFA06_R29_IMAG0897.JPG,Snapshot Safari 2024 Expansion : EFA_S1#EFA06#29#241,Snapshot Safari 2024 Expansion : EFA_S1_EFA06,2,african bush elephant,,9,train
https://storage.googleapis.com/public-datasets-lila/snapshotserengeti-unzipped/S8/H02/H02_R3/S8_H02_R3_IMAG0940.JPG,Snapshot Serengeti : S8/H02/H02_R3/S8_H02_R3_IMAG0940,Snapshot Serengeti : SER_S8#H02#3#363,Snapshot Serengeti : H02,3,african bush elephant,03-21-2014 13:19:25,9,train
https://storage.googleapis.com/public-datasets-lila/snapshotserengeti-unzipped/S9/C08/C08_R3/S9_C08_R3_IMAG0072.JPG,Snapshot Serengeti : S9/C08/C08_R3/S9_C08_R3_IMAG0072,Snapshot Serengeti : SER_S9#C08#3#26,Snapshot Serengeti : C08,1,african bush elephant,11-01-2014 19:46:39,9,train
https://storage.googleapis.com/public-datasets-lila/wcs-unzipped/animals/0353/0766.jpg,WCS Camera Traps : 4811dcc6-92d5-11e9-8886-000d3a74c7de,WCS Camera Traps : ken-016-d0093-408,WCS Camera Traps : 1317,10,african bush elephant,02-21-2013 11:08:51,9,test
https://storage.googleapis.com/public-datasets-lila/snapshotserengeti-unzipped/S4/R06/R06_R2/S4_R06_R2_IMAG1145.JPG,Snapshot Serengeti : S4/R06/R06_R2/S4_R06_R2_IMAG1145,Snapshot Serengeti : SER_S4#R06#2#432,Snapshot Serengeti : R06,2,african bush elephant,05-18-2012 08:56:27,9,train
https://storage.googleapis.com/public-datasets-lila/snapshotserengeti-unzipped/S6/L10/L10_R1/S6_L10_R1_IMAG0433.JPG,Snapshot Serengeti : S6/L10/L10_R1/S6_L10_R1_IMAG0433,Snapshot Serengeti : SER_S6#L10#1#142,Snapshot Serengeti : L10,1,african bush elephant,02-10-2013 04:45:04,9,test
https://storage.googleapis.com/public-datasets-lila/snapshot-safari-2024-expansion/Snapshot Cameo/EFA/EFA_S1/EFA06/EFA06_R26/EFA_S1_EFA06_R26_IMAG0020.JPG,Snapshot Safari 2024 Expansion : Snapshot Cameo/EFA/EFA_S1/EFA06/EFA06_R26/EFA_S1_EFA06_R26_IMAG0020.JPG,Snapshot Safari 2024 Expansion : EFA_S1#EFA06#26#16,Snapshot Safari 2024 Expansion : EFA_S1_EFA06,0,african bush elephant,,9,train
https://storage.googleapis.com/public-datasets-lila/snapshotserengeti-unzipped/S5/L10/L10_R2/S5_L10_R2_IMAG2576.JPG,Snapshot Serengeti : S5/L10/L10_R2/S5_L10_R2_IMAG2576,Snapshot Serengeti : SER_S5#L10#2#1157,Snapshot Serengeti : L10,2,african bush elephant,10-01-2012 11:32:47,9,test
https://storage.googleapis.com/public-datasets-lila/snapshot-safari-2024-expansion/SER/SER_S13/D04/D04_R1/SER_S13_D04_R1_IMAG0051.JPG,Snapshot Safari 2024 Expansion : SER/SER_S13/D04/D04_R1/SER_S13_D04_R1_IMAG0051.JPG,Snapshot Safari 2024 Expansion : SER_S13#D04#1#19,Snapshot Safari 2024 Expansion : SER_S13_D04,1,african bush elephant,,9,train
https://storage.googleapis.com/public-datasets-lila/snapshot-safari-2024-expansion/MAD/MAD_S2/MAD06/MAD06_R6/MAD_S2_MAD06_R6_IMAG0245.JPG,Snapshot Safari 2024 Expansion : MAD/MAD_S2/MAD06/MAD06_R6/MAD_S2_MAD06_R6_IMAG0245.JPG,Snapshot Safari 2024 Expansion : MAD_S2#MAD06#6#82,Snapshot Safari 2024 Expansion : MAD_S2_MAD06,1,african bush elephant,,9,val
https://storage.googleapis.com/public-datasets-lila/snapshot-safari-2024-expansion/Snapshot Cameo/EFA/EFA_S1/EFA07/EFA07_R6/EFA_S1_EFA07_R6_IMAG0688.JPG,Snapshot Safari 2024 Expansion : Snapshot Cameo/EFA/EFA_S1/EFA07/EFA07_R6/EFA_S1_EFA07_R6_IMAG0688.JPG,Snapshot Safari 2024 Expansion : EFA_S1#EFA07#6#172,Snapshot Safari 2024 Expansion : EFA_S1_EFA07,2,african bush elephant,,9,train
https://storage.googleapis.com/public-datasets-lila/snapshotserengeti-unzipped/S7/B08/B08_R3/S7_B08_R3_IMAG0386.JPG,Snapshot Serengeti : S7/B08/B08_R3/S7_B08_R3_IMAG0386,Snapshot Serengeti : SER_S7#B08#3#138,Snapshot Serengeti : B08,1,african bush elephant,10-19-2013 12:55:00,9,val
https://storage.googleapis.com/public-datasets-lila/snapshot-safari-2024-expansion/MAD/MAD_S2/MAD06/MAD06_R5/MAD_S2_MAD06_R5_IMAG1987.JPG,Snapshot Safari 2024 Expansion : MAD/MAD_S2/MAD06/MAD06_R5/MAD_S2_MAD06_R5_IMAG1987.JPG,Snapshot Safari 2024 Expansion : MAD_S2#MAD06#5#663,Snapshot Safari 2024 Expansion : MAD_S2_MAD06,0,african bush elephant,,9,val
https://storage.googleapis.com/public-datasets-lila/snapshot-safari-2024-expansion/MAD/MAD_S2/MAD06/MAD06_R5/MAD_S2_MAD06_R5_IMAG2485.JPG,Snapshot Safari 2024 Expansion : MAD/MAD_S2/MAD06/MAD06_R5/MAD_S2_MAD06_R5_IMAG2485.JPG,Snapshot Safari 2024 Expansion : MAD_S2#MAD06#5#829,Snapshot Safari 2024 Expansion : MAD_S2_MAD06,0,african bush elephant,,9,val
https://storage.googleapis.com/public-datasets-lila/wcs-unzipped/animals/0411/1348.jpg,WCS Camera Traps : 5d2d6875-92d5-11e9-b9e1-000d3a74c7de,WCS Camera Traps : ken-017-d0035-34,WCS Camera Traps : 2932,22,african bush elephant,02-23-2015 11:25:40,9,train
https://storage.googleapis.com/public-datasets-lila/snapshot-safari-2024-expansion/MAD/MAD_S3/MAD03/MAD03_R08/MAD_S3_MAD03_R08_IMAG2315.JPG,Snapshot Safari 2024 Expansion : MAD/MAD_S3/MAD03/MAD03_R08/MAD_S3_MAD03_R08_IMAG2315.JPG,Snapshot Safari 2024 Expansion : MAD_S3#MAD03#08#772,Snapshot Safari 2024 Expansion : MAD_S3_MAD03,1,african bush elephant,,9,train
https://storage.googleapis.com/public-datasets-lila/snapshotserengeti-unzipped/S6/B12/B12_R1/S6_B12_R1_IMAG0027.JPG,Snapshot Serengeti : S6/B12/B12_R1/S6_B12_R1_IMAG0027,Snapshot Serengeti : SER_S6#B12#1#10,Snapshot Serengeti : B12,2,african bush elephant,12-12-2012 10:04:02,9,train
https://storage.googleapis.com/public-datasets-lila/wcs-unzipped/animals/0370/1633.jpg,WCS Camera Traps : 4e55153a-92d5-11e9-b6a5-000d3a74c7de,WCS Camera Traps : ken-014-d0091-371,WCS Camera Traps : 2730,6,african bush elephant,08-18-2009 11:22:34,9,train
https://storage.googleapis.com/public-datasets-lila/snapshot-safari-2024-expansion/MAD/MAD_S3/D06/D06_R11/MAD_S3_D06_R11_IMAG0208.JPG,Snapshot Safari 2024 Expansion : MAD/MAD_S3/D06/D06_R11/MAD_S3_D06_R11_IMAG0208.JPG,Snapshot Safari 2024 Expansion : MAD_S3#D06#11#70,Snapshot Safari 2024 Expansion : MAD_S3_D06,0,african bush elephant,,9,train
https://storage.googleapis.com/public-datasets-lila/snapshot-safari-2024-expansion/Snapshot Cameo/EFA/EFA_S1/EFA08/EFA08_R40/EFA_S1_EFA08_R40_IMAG0472.JPG,Snapshot Safari 2024 Expansion : Snapshot Cameo/EFA/EFA_S1/EFA08/EFA08_R40/EFA_S1_EFA08_R40_IMAG0472.JPG,Snapshot Safari 2024 Expansion : EFA_S1#EFA08#40#79,Snapshot Safari 2024 Expansion : EFA_S1_EFA08,1,african bush elephant,,9,test
https://storage.googleapis.com/public-datasets-lila/snapshot-safari-2024-expansion/APN/APN_S4/DW/DW_R14/APN_S4_DW_R14_IMAG0490.JPG,Snapshot Safari 2024 Expansion : APN/APN_S4/DW/DW_R14/APN_S4_DW_R14_IMAG0490.JPG,Snapshot Safari 2024 Expansion : APN_S4#DW#14#185,Snapshot Safari 2024 Expansion : APN_S4_DW,2,african bush elephant,,9,test
https://storage.googleapis.com/public-datasets-lila/snapshotserengeti-unzipped/S5/I11/I11_R2/S5_I11_R2_IMAG0054.JPG,Snapshot Serengeti : S5/I11/I11_R2/S5_I11_R2_IMAG0054,Snapshot Serengeti : SER_S5#I11#2#48,Snapshot Serengeti : I11,1,african bush elephant,08-08-2012 13:55:17,9,train
https://storage.googleapis.com/public-datasets-lila/snapshot-safari-2024-expansion/MAD/MAD_S2/MAD06/MAD06_R5/MAD_S2_MAD06_R5_IMAG3010.JPG,Snapshot Safari 2024 Expansion : MAD/MAD_S2/MAD06/MAD06_R5/MAD_S2_MAD06_R5_IMAG3010.JPG,Snapshot Safari 2024 Expansion : MAD_S2#MAD06#5#1004,Snapshot Safari 2024 Expansion : MAD_S2_MAD06,0,african bush elephant,,9,val
https://storage.googleapis.com/public-datasets-lila/snapshot-safari-2024-expansion/RUA/RUA_S1/M1/M1_R1/RUA_S1_M1_R1_IMAG0535.JPG,Snapshot Safari 2024 Expansion : RUA/RUA_S1/M1/M1_R1/RUA_S1_M1_R1_IMAG0535.JPG,Snapshot Safari 2024 Expansion : RUA_S1#M1#1#535,Snapshot Safari 2024 Expansion : RUA_S1_M1,0,african bush elephant,,9,train
https://storage.googleapis.com/public-datasets-lila/snapshot-safari-2024-expansion/Snapshot Cameo/EFA/EFA_S1/EFA08/EFA08_R14/EFA_S1_EFA08_R14_IMAG0227.JPG,Snapshot Safari 2024 Expansion : Snapshot Cameo/EFA/EFA_S1/EFA08/EFA08_R14/EFA_S1_EFA08_R14_IMAG0227.JPG,Snapshot Safari 2024 Expansion : EFA_S1#EFA08#14#45,Snapshot Safari 2024 Expansion : EFA_S1_EFA08,2,african bush elephant,,9,test
https://storage.googleapis.com/public-datasets-lila/snapshot-safari-2024-expansion/MAD/MAD_S1/MAD06/MAD06_R3/MAD_S1_MAD06_R3_IMAG0465.JPG,Snapshot Safari 2024 Expansion : MAD/MAD_S1/MAD06/MAD06_R3/MAD_S1_MAD06_R3_IMAG0465.JPG,Snapshot Safari 2024 Expansion : MAD_S1#MAD06#3#155,Snapshot Safari 2024 Expansion : MAD_S1_MAD06,2,african bush elephant,,9,test
https://storage.googleapis.com/public-datasets-lila/snapshot-safari-2024-expansion/MAD/MAD_S3/MAD06/MAD06_R09/MAD_S3_MAD06_R09_IMAG1177.JPG,Snapshot Safari 2024 Expansion : MAD/MAD_S3/MAD06/MAD06_R09/MAD_S3_MAD06_R09_IMAG1177.JPG,Snapshot Safari 2024 Expansion : MAD_S3#MAD06#09#393,Snapshot Safari 2024 Expansion : MAD_S3_MAD06,0,african bush elephant,,9,train
https://storage.googleapis.com/public-datasets-lila/wcs-unzipped/animals/0204/1420.jpg,WCS Camera Traps : 115aa42a-92d5-11e9-a8a9-000d3a74c7de,WCS Camera Traps : ken-007-d0053-104,WCS Camera Traps : 1274,3,african bush elephant,02-19-2012 00:55:13,9,train
https://storage.googleapis.com/public-datasets-lila/snapshot-safari-2024-expansion/APN/APN_S3/DW/DW_R9/APN_S3_DW_R9_IMAG0638.JPG,Snapshot Safari 2024 Expansion : APN/APN_S3/DW/DW_R9/APN_S3_DW_R9_IMAG0638.JPG,Snapshot Safari 2024 Expansion : APN_S3#DW#9#221,Snapshot Safari 2024 Expansion : APN_S3_DW,1,african bush elephant,,9,train
https://storage.googleapis.com/public-datasets-lila/snapshot-safari-2024-expansion/Snapshot Cameo/EFA/EFA_S1/EFA08/EFA08_R18/EFA_S1_EFA08_R18_IMAG1254.JPG,Snapshot Safari 2024 Expansion : Snapshot Cameo/EFA/EFA_S1/EFA08/EFA08_R18/EFA_S1_EFA08_R18_IMAG1254.JPG,Snapshot Safari 2024 Expansion : EFA_S1#EFA08#18#264,Snapshot Safari 2024 Expansion : EFA_S1_EFA08,0,african bush elephant,,9,test
https://storage.googleapis.com/public-datasets-lila/snapshotserengeti-unzipped/S9/L11/L11_R2/S9_L11_R2_IMAG0125.JPG,Snapshot Serengeti : S9/L11/L11_R2/S9_L11_R2_IMAG0125,Snapshot Serengeti : SER_S9#L11#2#59,Snapshot Serengeti : L11,1,african bush elephant,09-26-2014 13:30:18,9,val
https://storage.googleapis.com/public-datasets-lila/snapshotserengeti-unzipped/S5/D02/D02_R3/S5_D02_R3_IMAG0896.JPG,Snapshot Serengeti : S5/D02/D02_R3/S5_D02_R3_IMAG0896,Snapshot Serengeti : SER_S5#D02#3#326,Snapshot Serengeti : D02,3,african bush elephant,10-26-2012 14:02:11,9,train
https://storage.googleapis.com/public-datasets-lila/snapshot-safari-2024-expansion/APN/APN_S2/DW/DW_R7/APN_S2_DW_R7_IMAG0331.JPG,Snapshot Safari 2024 Expansion : APN/APN_S2/DW/DW_R7/APN_S2_DW_R7_IMAG0331.JPG,Snapshot Safari 2024 Expansion : APN_S2#DW#7#122,Snapshot Safari 2024 Expansion : APN_S2_DW,2,african bush elephant,,9,train
https://storage.googleapis.com/public-datasets-lila/snapshot-safari-2024-expansion/SER/SER_S13/F04/F04_R2/SER_S13_F04_R2_IMAG0783.JPG,Snapshot Safari 2024 Expansion : SER/SER_S13/F04/F04_R2/SER_S13_F04_R2_IMAG0783.JPG,Snapshot Safari 2024 Expansion : SER_S13#F04#2#783,Snapshot Safari 2024 Expansion : SER_S13_F04,0,african bush elephant,,9,test
https://storage.googleapis.com/public-datasets-lila/snapshotserengeti-unzipped/S9/I06/I06_R3/S9_I06_R3_IMAG0217.JPG,Snapshot Serengeti : S9/I06/I06_R3/S9_I06_R3_IMAG0217,Snapshot Serengeti : SER_S9#I06#3#85,Snapshot Serengeti : I06,1,african bush elephant,12-26-2014 13:22:23,9,train
https://storage.googleapis.com/public-datasets-lila/snapshot-safari-2024-expansion/MAD/MAD_S3/I08/I08_R08/MAD_S3_I08_R08_IMAG0007.JPG,Snapshot Safari 2024 Expansion : MAD/MAD_S3/I08/I08_R08/MAD_S3_I08_R08_IMAG0007.JPG,Snapshot Safari 2024 Expansion : MAD_S3#I08#08#3,Snapshot Safari 2024 Expansion : MAD_S3_I08,1,african bush elephant,,9,test
https://storage.googleapis.com/public-datasets-lila/snapshot-safari-2024-expansion/MAD/MAD_S3/I08/I08_R10/MAD_S3_I08_R10_IMAG0247.JPG,Snapshot Safari 2024 Expansion : MAD/MAD_S3/I08/I08_R10/MAD_S3_I08_R10_IMAG0247.JPG,Snapshot Safari 2024 Expansion : MAD_S3#I08#10#83,Snapshot Safari 2024 Expansion : MAD_S3_I08,0,african bush elephant,,9,test
https://storage.googleapis.com/public-datasets-lila/snapshot-safari-2024-expansion/APN/APN_S4/U23a/U23a_R14/APN_S4_U23a_R14_IMAG0339.JPG,Snapshot Safari 2024 Expansion : APN/APN_S4/U23a/U23a_R14/APN_S4_U23a_R14_IMAG0339.JPG,Snapshot Safari 2024 Expansion : APN_S4#U23a#14#174,Snapshot Safari 2024 Expansion : APN_S4_U23A,1,african bush elephant,,9,train
https://storage.googleapis.com/public-datasets-lila/snapshot-safari-2024-expansion/APN/APN_S3/DW/DW_R8/APN_S3_DW_R8_IMAG1023.JPG,Snapshot Safari 2024 Expansion : APN/APN_S3/DW/DW_R8/APN_S3_DW_R8_IMAG1023.JPG,Snapshot Safari 2024 Expansion : APN_S3#DW#8#388,Snapshot Safari 2024 Expansion : APN_S3_DW,0,african bush elephant,,9,train
https://storage.googleapis.com/public-datasets-lila/snapshotserengeti-unzipped/S9/E02/E02_R2/S9_E02_R2_IMAG0993.JPG,Snapshot Serengeti : S9/E02/E02_R2/S9_E02_R2_IMAG0993,Snapshot Serengeti : SER_S9#E02#2#397,Snapshot Serengeti : E02,3,african bush elephant,08-26-2014 17:51:03,9,test
https://storage.googleapis.com/public-datasets-lila/snapshot-safari-2024-expansion/APN/APN_S4/JJ6/JJ6_R14/APN_S4_JJ6_R14_IMAG0469.JPG,Snapshot Safari 2024 Expansion : APN/APN_S4/JJ6/JJ6_R14/APN_S4_JJ6_R14_IMAG0469.JPG,Snapshot Safari 2024 Expansion : APN_S4#JJ6#14#196,Snapshot Safari 2024 Expansion : APN_S4_JJ6,1,african bush elephant,,9,train
https://storage.googleapis.com/public-datasets-lila/snapshot-safari-2024-expansion/PLN/PLN_S2/C02/C02_R5/PLN_S2_C02_R5_IMAG0438.JPG,Snapshot Safari 2024 Expansion : PLN/PLN_S2/C02/C02_R5/PLN_S2_C02_R5_IMAG0438.JPG,Snapshot Safari 2024 Expansion : PLN_S2#C02#5#172,Snapshot Safari 2024 Expansion : PLN_S2_C02,0,african bush elephant,,9,train
https://storage.googleapis.com/public-datasets-lila/snapshot-safari-2024-expansion/KRU/KRU_S2/47/47_R4/KRU_S2_47_R4_IMAG0009.JPG,Snapshot Safari 2024 Expansion : KRU/KRU_S2/47/47_R4/KRU_S2_47_R4_IMAG0009.JPG,Snapshot Safari 2024 Expansion : KRU_S2#47#4#5,Snapshot Safari 2024 Expansion : KRU_S2_47,0,african bush elephant,,9,train
https://storage.googleapis.com/public-datasets-lila/snapshot-safari-2024-expansion/SER/SER_S12/C09/C09_R3/SER_S12_C09_R3_IMAG0064.JPG,Snapshot Safari 2024 Expansion : SER/SER_S12/C09/C09_R3/SER_S12_C09_R3_IMAG0064.JPG,Snapshot Safari 2024 Expansion : SER_S12#C09#3#24,Snapshot Safari 2024 Expansion : SER_S12_C09,1,african bush elephant,,9,train
https://storage.googleapis.com/public-datasets-lila/snapshot-safari-2024-expansion/Snapshot Cameo/EFA/EFA_S1/EFA08/EFA08_R1/EFA_S1_EFA08_R1_IMAG2910.JPG,Snapshot Safari 2024 Expansion : Snapshot Cameo/EFA/EFA_S1/EFA08/EFA08_R1/EFA_S1_EFA08_R1_IMAG2910.JPG,Snapshot Safari 2024 Expansion : EFA_S1#EFA08#1#588,Snapshot Safari 2024 Expansion : EFA_S1_EFA08,0,african bush elephant,,9,test
https://storage.googleapis.com/public-datasets-lila/snapshot-safari-2024-expansion/APN/APN_S2/JJP/JJP_R6/APN_S2_JJP_R6_IMAG0747.JPG,Snapshot Safari 2024 Expansion : APN/APN_S2/JJP/JJP_R6/APN_S2_JJP_R6_IMAG0747.JPG,Snapshot Safari 2024 Expansion : APN_S2#JJP#6#302,Snapshot Safari 2024 Expansion : APN_S2_JJP,0,african bush elephant,,9,train
https://storage.googleapis.com/public-datasets-lila/snapshot-safari-2024-expansion/MAD/MAD_S3/H08/H08_R08/MAD_S3_H08_R08_IMAG0167.JPG,Snapshot Safari 2024 Expansion : MAD/MAD_S3/H08/H08_R08/MAD_S3_H08_R08_IMAG0167.JPG,Snapshot Safari 2024 Expansion : MAD_S3#H08#08#56,Snapshot Safari 2024 Expansion : MAD_S3_H08,1,african bush elephant,,9,train
https://storage.googleapis.com/public-datasets-lila/snapshot-safari-2024-expansion/APN/APN_S4/JJ5/JJ5_R14/APN_S4_JJ5_R14_IMAG0259.JPG,Snapshot Safari 2024 Expansion : APN/APN_S4/JJ5/JJ5_R14/APN_S4_JJ5_R14_IMAG0259.JPG,Snapshot Safari 2024 Expansion : APN_S4#JJ5#14#126,Snapshot Safari 2024 Expansion : APN_S4_JJ5,1,african bush elephant,,9,train
https://storage.googleapis.com/public-datasets-lila/snapshot-safari-2024-expansion/Snapshot Cameo/EFA/EFA_S1/EFA08/EFA08_R25/EFA_S1_EFA08_R25_IMAG3285.JPG,Snapshot Safari 2024 Expansion : Snapshot Cameo/EFA/EFA_S1/EFA08/EFA08_R25/EFA_S1_EFA08_R25_IMAG3285.JPG,Snapshot Safari 2024 Expansion : EFA_S1#EFA08#25#478,Snapshot Safari 2024 Expansion : EFA_S1_EFA08,2,african bush elephant,,9,test
https://storage.googleapis.com/public-datasets-lila/snapshot-safari-2024-expansion/PLN/PLN_S3a/E04/E04_R8/PLN_S3a_E04_R8_IMAG0120.JPG,Snapshot Safari 2024 Expansion : PLN/PLN_S3a/E04/E04_R8/PLN_S3a_E04_R8_IMAG0120.JPG,Snapshot Safari 2024 Expansion : PLN_S3a#E04#8#40,Snapshot Safari 2024 Expansion : PLN_S3A_E04,2,african bush elephant,,9,train
https://storage.googleapis.com/public-datasets-lila/snapshot-safari-2024-expansion/APN/APN_S3/WS6/WS6_R1/APN_S3_WS6_R1_IMAG0271.JPG,Snapshot Safari 2024 Expansion : APN/APN_S3/WS6/WS6_R1/APN_S3_WS6_R1_IMAG0271.JPG,Snapshot Safari 2024 Expansion : APN_S3#WS6#1#152,Snapshot Safari 2024 Expansion : APN_S3_WS6,2,african bush elephant,,9,train
https://storage.googleapis.com/public-datasets-lila/snapshot-safari-2024-expansion/MAD/MAD_S2/MAD03/MAD03_R6/MAD_S2_MAD03_R6_IMAG5187.JPG,Snapshot Safari 2024 Expansion : MAD/MAD_S2/MAD03/MAD03_R6/MAD_S2_MAD03_R6_IMAG5187.JPG,Snapshot Safari 2024 Expansion : MAD_S2#MAD03#6#1729,Snapshot Safari 2024 Expansion : MAD_S2_MAD03,2,african bush elephant,,9,train
https://storage.googleapis.com/public-datasets-lila/wcs-unzipped/animals/0413/1477.jpg,WCS Camera Traps : 5deb1326-92d5-11e9-9fcf-000d3a74c7de,WCS Camera Traps : ken-017-d0043-10,WCS Camera Traps : 2941,4,african bush elephant,02-11-2015 04:14:42,9,train
https://storage.googleapis.com/public-datasets-lila/snapshot-safari-2024-expansion/MAD/MAD_S3/MAD05/MAD05_R08/MAD_S3_MAD05_R08_IMAG0524.JPG,Snapshot Safari 2024 Expansion : MAD/MAD_S3/MAD05/MAD05_R08/MAD_S3_MAD05_R08_IMAG0524.JPG,Snapshot Safari 2024 Expansion : MAD_S3#MAD05#08#175,Snapshot Safari 2024 Expansion : MAD_S3_MAD05,1,african bush elephant,,9,train
https://storage.googleapis.com/public-datasets-lila/wcs-unzipped/animals/0368/1518.jpg,WCS Camera Traps : 4d998d11-92d5-11e9-af17-000d3a74c7de,WCS Camera Traps : ken-014-d0063-12,WCS Camera Traps : 2716,1,african bush elephant,08-21-2009 11:00:34,9,train
https://storage.googleapis.com/public-datasets-lila/snapshot-safari-2024-expansion/RUA/RUA_S1/M45/M45_R1/RUA_S1_M45_R1_IMAG1320.JPG,Snapshot Safari 2024 Expansion : RUA/RUA_S1/M45/M45_R1/RUA_S1_M45_R1_IMAG1320.JPG,Snapshot Safari 2024 Expansion : RUA_S1#M45#1#1320,Snapshot Safari 2024 Expansion : RUA_S1_M45,0,african bush elephant,,9,train
https://storage.googleapis.com/public-datasets-lila/snapshot-safari-2024-expansion/APN/APN_S3/6U/6U_R11/APN_S3_6U_R11_IMAG0192.JPG,Snapshot Safari 2024 Expansion : APN/APN_S3/6U/6U_R11/APN_S3_6U_R11_IMAG0192.JPG,Snapshot Safari 2024 Expansion : APN_S3#6U#11#87,Snapshot Safari 2024 Expansion : APN_S3_6U,1,african bush elephant,,9,train
https://storage.googleapis.com/public-datasets-lila/snapshot-safari-2024-expansion/MAD/MAD_S1/MAD03/MAD03_R4/MAD_S1_MAD03_R4_IMAG1764.JPG,Snapshot Safari 2024 Expansion : MAD/MAD_S1/MAD03/MAD03_R4/MAD_S1_MAD03_R4_IMAG1764.JPG,Snapshot Safari 2024 Expansion : MAD_S1#MAD03#4#589,Snapshot Safari 2024 Expansion : MAD_S1_MAD03,1,african bush elephant,,9,train
https://storage.googleapis.com/public-datasets-lila/snapshot-safari-2024-expansion/Snapshot Cameo/EFA/EFA_S1/EFA07/EFA07_R1/EFA_S1_EFA07_R1_IMAG3437.JPG,Snapshot Safari 2024 Expansion : Snapshot Cameo/EFA/EFA_S1/EFA07/EFA07_R1/EFA_S1_EFA07_R1_IMAG3437.JPG,Snapshot Safari 2024 Expansion : EFA_S1#EFA07#1#807,Snapshot Safari 2024 Expansion : EFA_S1_EFA07,0,african bush elephant,,9,train
https://storage.googleapis.com/public-datasets-lila/snapshot-safari-2024-expansion/PLN/PLN_S2/E03/E03_R6/PLN_S2_E03_R6_IMAG0012.JPG,Snapshot Safari 2024 Expansion : PLN/PLN_S2/E03/E03_R6/PLN_S2_E03_R6_IMAG0012.JPG,Snapshot Safari 2024 Expansion : PLN_S2#E03#6#6,Snapshot Safari 2024 Expansion : PLN_S2_E03,0,african bush elephant,,9,train
https://storage.googleapis.com/public-datasets-lila/snapshot-safari-2024-expansion/MAD/MAD_S2/MAD03/MAD03_R5/MAD_S2_MAD03_R5_IMAG1015.JPG,Snapshot Safari 2024 Expansion : MAD/MAD_S2/MAD03/MAD03_R5/MAD_S2_MAD03_R5_IMAG1015.JPG,Snapshot Safari 2024 Expansion : MAD_S2#MAD03#5#339,Snapshot Safari 2024 Expansion : MAD_S2_MAD03,0,african bush elephant,,9,train
https://storage.googleapis.com/public-datasets-lila/snapshot-safari-2024-expansion/MAD/MAD_S1/I06/I06_R2/MAD_S1_I06_R2_IMAG0324.JPG,Snapshot Safari 2024 Expansion : MAD/MAD_S1/I06/I06_R2/MAD_S1_I06_R2_IMAG0324.JPG,Snapshot Safari 2024 Expansion : MAD_S1#I06#2#132,Snapshot Safari 2024 Expansion : MAD_S1_I06,0,african bush elephant,,9,train
https://storage.googleapis.com/public-datasets-lila/snapshotserengeti-unzipped/S5/K10/K10_R2/S5_K10_R2_IMAG1332.JPG,Snapshot Serengeti : S5/K10/K10_R2/S5_K10_R2_IMAG1332,Snapshot Serengeti : SER_S5#K10#2#456,Snapshot Serengeti : K10,1,african bush elephant,09-30-2012 14:00:08,9,train
https://storage.googleapis.com/public-datasets-lila/snapshot-safari-2024-expansion/Snapshot Cameo/EFA/EFA_S1/EFA06/EFA06_R30/EFA_S1_EFA06_R30_IMAG0474.JPG,Snapshot Safari 2024 Expansion : Snapshot Cameo/EFA/EFA_S1/EFA06/EFA06_R30/EFA_S1_EFA06_R30_IMAG0474.JPG,Snapshot Safari 2024 Expansion : EFA_S1#EFA06#30#129,Snapshot Safari 2024 Expansion : EFA_S1_EFA06,2,african bush elephant,,9,train
https://storage.googleapis.com/public-datasets-lila/snapshot-safari-2024-expansion/MAD/MAD_S1/MAD05/MAD05_R3/MAD_S1_MAD05_R3_IMAG0831.JPG,Snapshot Safari 2024 Expansion : MAD/MAD_S1/MAD05/MAD05_R3/MAD_S1_MAD05_R3_IMAG0831.JPG,Snapshot Safari 2024 Expansion : MAD_S1#MAD05#3#277,Snapshot Safari 2024 Expansion : MAD_S1_MAD05,2,african bush elephant,,9,val
https://storage.googleapis.com/public-datasets-lila/snapshotserengeti-unzipped/S10/H02/H02_R1/S10_H02_R1_IMAG0066.JPG,Snapshot Serengeti : S10/H02/H02_R1/S10_H02_R1_IMAG0066,Snapshot Serengeti : SER_S10#H02#1#26,Snapshot Serengeti : H02,1,african bush elephant,12-01-2014 10:40:48,9,train
https://storage.googleapis.com/public-datasets-lila/snapshot-safari-2024-expansion/SER/SER_S12/C03/C03_R2/SER_S12_C03_R2_IMAG0147.JPG,Snapshot Safari 2024 Expansion : SER/SER_S12/C03/C03_R2/SER_S12_C03_R2_IMAG0147.JPG,Snapshot Safari 2024 Expansion : SER_S12#C03#2#59,Snapshot Safari 2024 Expansion : SER_S12_C03,0,african bush elephant,,9,test
https://storage.googleapis.com/public-datasets-lila/snapshot-safari-2024-expansion/MAD/MAD_S3/MAD03/MAD03_R11/MAD_S3_MAD03_R11_IMAG1838.JPG,Snapshot Safari 2024 Expansion : MAD/MAD_S3/MAD03/MAD03_R11/MAD_S3_MAD03_R11_IMAG1838.JPG,Snapshot Safari 2024 Expansion : MAD_S3#MAD03#11#613,Snapshot Safari 2024 Expansion : MAD_S3_MAD03,1,african bush elephant,,9,train
https://storage.googleapis.com/public-datasets-lila/wcs-unzipped/animals/0413/1364.jpg,WCS Camera Traps : 5de4f8b1-92d5-11e9-a696-000d3a74c7de,WCS Camera Traps : ken-017-d0042-9,WCS Camera Traps : 2940,1,african bush elephant,02-15-2015 07:10:46,9,train
https://storage.googleapis.com/public-datasets-lila/snapshot-safari-2024-expansion/Snapshot Cameo/EFA/EFA_S1/EFA08/EFA08_R49/EFA_S1_EFA08_R49_IMAG0105.JPG,Snapshot Safari 2024 Expansion : Snapshot Cameo/EFA/EFA_S1/EFA08/EFA08_R49/EFA_S1_EFA08_R49_IMAG0105.JPG,Snapshot Safari 2024 Expansion : EFA_S1#EFA08#49#20,Snapshot Safari 2024 Expansion : EFA_S1_EFA08,2,african bush elephant,,9,test
https://storage.googleapis.com/public-datasets-lila/snapshot-safari-2024-expansion/MAD/MAD_S3/MAD01/MAD01_R08/MAD_S3_MAD01_R08_IMAG1324.JPG,Snapshot Safari 2024 Expansion : MAD/MAD_S3/MAD01/MAD01_R08/MAD_S3_MAD01_R08_IMAG1324.JPG,Snapshot Safari 2024 Expansion : MAD_S3#MAD01#08#442,Snapshot Safari 2024 Expansion : MAD_S3_MAD01,0,african bush elephant,,9,train
https://storage.googleapis.com/public-datasets-lila/snapshot-safari-2024-expansion/SER/SER_S12/E09/E09_R1/SER_S12_E09_R1_IMAG0142.JPG,Snapshot Safari 2024 Expansion : SER/SER_S12/E09/E09_R1/SER_S12_E09_R1_IMAG0142.JPG,Snapshot Safari 2024 Expansion : SER_S12#E09#1#140,Snapshot Safari 2024 Expansion : SER_S12_E09,0,african bush elephant,,9,test
https://storage.googleapis.com/public-datasets-lila/snapshotserengeti-unzipped/S4/L11/L11_R2/S4_L11_R2_IMAG0043.JPG,Snapshot Serengeti : S4/L11/L11_R2/S4_L11_R2_IMAG0043,Snapshot Serengeti : SER_S4#L11#2#16,Snapshot Serengeti : L11,2,african bush elephant,03-25-2012 13:41:58,9,val
https://storage.googleapis.com/public-datasets-lila/snapshot-safari-2024-expansion/MAD/MAD_S1/MAD04/MAD04_R4/MAD_S1_MAD04_R4_IMAG0621.JPG,Snapshot Safari 2024 Expansion : MAD/MAD_S1/MAD04/MAD04_R4/MAD_S1_MAD04_R4_IMAG0621.JPG,Snapshot Safari 2024 Expansion : MAD_S1#MAD04#4#207,Snapshot Safari 2024 Expansion : MAD_S1_MAD04,2,african bush elephant,,9,val
https://storage.googleapis.com/public-datasets-lila/snapshotserengeti-unzipped/S10/H02/H02_R2/S10_H02_R2_IMAG2711.JPG,Snapshot Serengeti : S10/H02/H02_R2/S10_H02_R2_IMAG2711,Snapshot Serengeti : SER_S10#H02#2#1340,Snapshot Serengeti : H02,2,african bush elephant,04-06-2015 12:01:13,9,train
https://storage.googleapis.com/public-datasets-lila/snapshot-safari-2024-expansion/MAD/MAD_S3/MAD06/MAD06_R09/MAD_S3_MAD06_R09_IMAG1705.JPG,Snapshot Safari 2024 Expansion : MAD/MAD_S3/MAD06/MAD06_R09/MAD_S3_MAD06_R09_IMAG1705.JPG,Snapshot Safari 2024 Expansion : MAD_S3#MAD06#09#569,Snapshot Safari 2024 Expansion : MAD_S3_MAD06,0,african bush elephant,,9,train
https://storage.googleapis.com/public-datasets-lila/snapshot-safari-2024-expansion/Snapshot Cameo/EFA/EFA_S1/EFA08/EFA08_R26/EFA_S1_EFA08_R26_IMAG0600.JPG,Snapshot Safari 2024 Expansion : Snapshot Cameo/EFA/EFA_S1/EFA08/EFA08_R26/EFA_S1_EFA08_R26_IMAG0600.JPG,Snapshot Safari 2024 Expansion : EFA_S1#EFA08#26#79,Snapshot Safari 2024 Expansion : EFA_S1_EFA08,2,african bush elephant,,9,test
https://storage.googleapis.com/public-datasets-lila/snapshot-safari-2024-expansion/SER/SER_S12/J04/J04_R1/SER_S12_J04_R1_IMAG0020.JPG,Snapshot Safari 2024 Expansion : SER/SER_S12/J04/J04_R1/SER_S12_J04_R1_IMAG0020.JPG,Snapshot Safari 2024 Expansion : SER_S12#J04#1#9,Snapshot Safari 2024 Expansion : SER_S12_J04,1,african bush elephant,,9,train
https://storage.googleapis.com/public-datasets-lila/snapshot-safari-2024-expansion/MAD/MAD_S1/MAD06/MAD06_R3/MAD_S1_MAD06_R3_IMAG2006.JPG,Snapshot Safari 2024 Expansion : MAD/MAD_S1/MAD06/MAD06_R3/MAD_S1_MAD06_R3_IMAG2006.JPG,Snapshot Safari 2024 Expansion : MAD_S1#MAD06#3#669,Snapshot Safari 2024 Expansion : MAD_S1_MAD06,1,african bush elephant,,9,test
https://storage.googleapis.com/public-datasets-lila/snapshotserengeti-unzipped/SER_S11/K10/K10_R1/SER_S11_K10_R1_IMAG0161.JPG,Snapshot Serengeti : SER_S11/K10/K10_R1/SER_S11_K10_R1_IMAG0161,Snapshot Serengeti : SER_S11#K10#1#56,Snapshot Serengeti : K10,3,african bush elephant,07-13-2015 16:25:28,9,train
https://storage.googleapis.com/public-datasets-lila/snapshotserengeti-unzipped/SER_S11/M07/M07_R2/SER_S11_M07_R2_IMAG0816.JPG,Snapshot Serengeti : SER_S11/M07/M07_R2/SER_S11_M07_R2_IMAG0816,Snapshot Serengeti : SER_S11#M07#2#283,Snapshot Serengeti : M07,1,african bush elephant,10-24-2015 12:38:17,9,train
https://storage.googleapis.com/public-datasets-lila/snapshot-safari-2024-expansion/Snapshot Cameo/EFA/EFA_S1/EFA08/EFA08_R14/EFA_S1_EFA08_R14_IMAG0586.JPG,Snapshot Safari 2024 Expansion : Snapshot Cameo/EFA/EFA_S1/EFA08/EFA08_R14/EFA_S1_EFA08_R14_IMAG0586.JPG,Snapshot Safari 2024 Expansion : EFA_S1#EFA08#14#105,Snapshot Safari 2024 Expansion : EFA_S1_EFA08,0,african bush elephant,,9,test
https://storage.googleapis.com/public-datasets-lila/snapshot-safari-2024-expansion/Snapshot Cameo/EFA/EFA_S1/EFA08/EFA08_R29/EFA_S1_EFA08_R29_IMAG1192.JPG,Snapshot Safari 2024 Expansion : Snapshot Cameo/EFA/EFA_S1/EFA08/EFA08_R29/EFA_S1_EFA08_R29_IMAG1192.JPG,Snapshot Safari 2024 Expansion : EFA_S1#EFA08#29#220,Snapshot Safari 2024 Expansion : EFA_S1_EFA08,1,african bush elephant,,9,test
https://storage.googleapis.com/public-datasets-lila/snapshot-safari-2024-expansion/Snapshot Cameo/EFA/EFA_S1/EFA09/EFA09_R7/EFA_S1_EFA09_R7_IMAG0269.JPG,Snapshot Safari 2024 Expansion : Snapshot Cameo/EFA/EFA_S1/EFA09/EFA09_R7/EFA_S1_EFA09_R7_IMAG0269.JPG,Snapshot Safari 2024 Expansion : EFA_S1#EFA09#7#97,Snapshot Safari 2024 Expansion : EFA_S1_EFA09,1,african bush elephant,,9,train
https://storage.googleapis.com/public-datasets-lila/snapshot-safari-2024-expansion/MAD/MAD_S1/MAD06/MAD06_R3/MAD_S1_MAD06_R3_IMAG1256.JPG,Snapshot Safari 2024 Expansion : MAD/MAD_S1/MAD06/MAD06_R3/MAD_S1_MAD06_R3_IMAG1256.JPG,Snapshot Safari 2024 Expansion : MAD_S1#MAD06#3#419,Snapshot Safari 2024 Expansion : MAD_S1_MAD06,1,african bush elephant,,9,test
https://storage.googleapis.com/public-datasets-lila/snapshot-safari-2024-expansion/MAD/MAD_S2/MAD01/MAD01_R6/MAD_S2_MAD01_R6_IMAG1139.JPG,Snapshot Safari 2024 Expansion : MAD/MAD_S2/MAD01/MAD01_R6/MAD_S2_MAD01_R6_IMAG1139.JPG,Snapshot Safari 2024 Expansion : MAD_S2#MAD01#6#380,Snapshot Safari 2024 Expansion : MAD_S2_MAD01,1,african bush elephant,,9,train
https://storage.googleapis.com/public-datasets-lila/snapshot-safari-2024-expansion/MAD/MAD_S1/E04/E04_R4/MAD_S1_E04_R4_IMAG0017.JPG,Snapshot Safari 2024 Expansion : MAD/MAD_S1/E04/E04_R4/MAD_S1_E04_R4_IMAG0017.JPG,Snapshot Safari 2024 Expansion : MAD_S1#E04#4#6,Snapshot Safari 2024 Expansion : MAD_S1_E04,1,african bush elephant,,9,train
https://storage.googleapis.com/public-datasets-lila/wcs-unzipped/animals/0341/1629.jpg,WCS Camera Traps : 43d0b550-92d5-11e9-8d1f-000d3a74c7de,WCS Camera Traps : ken-016-d0035-81,WCS Camera Traps : 1254,13,african bush elephant,02-02-2013 18:46:12,9,train
https://storage.googleapis.com/public-datasets-lila/snapshot-safari-2024-expansion/MAD/MAD_S2/MAD03/MAD03_R6/MAD_S2_MAD03_R6_IMAG2212.JPG,Snapshot Safari 2024 Expansion : MAD/MAD_S2/MAD03/MAD03_R6/MAD_S2_MAD03_R6_IMAG2212.JPG,Snapshot Safari 2024 Expansion : MAD_S2#MAD03#6#738,Snapshot Safari 2024 Expansion : MAD_S2_MAD03,0,african bush elephant,,9,train
https://storage.googleapis.com/public-datasets-lila/snapshotserengeti-unzipped/S2/C03/C03_R3/S2_C03_R3_IMAG3644.JPG,Snapshot Serengeti : S2/C03/C03_R3/S2_C03_R3_IMAG3644,Snapshot Serengeti : SER_S2#C03#3#1742,Snapshot Serengeti : C03,1,african bush elephant,07-18-2011 20:09:37,9,train
https://storage.googleapis.com/public-datasets-lila/snapshot-safari-2024-expansion/MAD/MAD_S1/I04/I04_R1/MAD_S1_I04_R1_IMAG0024.JPG,Snapshot Safari 2024 Expansion : MAD/MAD_S1/I04/I04_R1/MAD_S1_I04_R1_IMAG0024.JPG,Snapshot Safari 2024 Expansion : MAD_S1#I04#1#10,Snapshot Safari 2024 Expansion : MAD_S1_I04,2,african bush elephant,,9,train
https://storage.googleapis.com/public-datasets-lila/snapshot-safari-2024-expansion/Snapshot Cameo/EFA/EFA_S1/EFA08/EFA08_R23/EFA_S1_EFA08_R23_IMAG1132.JPG,Snapshot Safari 2024 Expansion : Snapshot Cameo/EFA/EFA_S1/EFA08/EFA08_R23/EFA_S1_EFA08_R23_IMAG1132.JPG,Snapshot Safari 2024 Expansion : EFA_S1#EFA08#23#209,Snapshot Safari 2024 Expansion : EFA_S1_EFA08,2,african bush elephant,,9,test
https://storage.googleapis.com/public-datasets-lila/snapshot-safari-2024-expansion/MAD/MAD_S3/MAD06/MAD06_R09/MAD_S3_MAD06_R09_IMAG2606.JPG,Snapshot Safari 2024 Expansion : MAD/MAD_S3/MAD06/MAD06_R09/MAD_S3_MAD06_R09_IMAG2606.JPG,Snapshot Safari 2024 Expansion : MAD_S3#MAD06#09#869,Snapshot Safari 2024 Expansion : MAD_S3_MAD06,2,african bush elephant,,9,train
https://storage.googleapis.com/public-datasets-lila/snapshot-safari-2024-expansion/MAD/MAD_S2/MAD06/MAD06_R5/MAD_S2_MAD06_R5_IMAG3151.JPG,Snapshot Safari 2024 Expansion : MAD/MAD_S2/MAD06/MAD06_R5/MAD_S2_MAD06_R5_IMAG3151.JPG,Snapshot Safari 2024 Expansion : MAD_S2#MAD06#5#1051,Snapshot Safari 2024 Expansion : MAD_S2_MAD06,0,african bush elephant,,9,val
https://storage.googleapis.com/public-datasets-lila/snapshot-safari-2024-expansion/MAD/MAD_S2/MAD06/MAD06_R6/MAD_S2_MAD06_R6_IMAG0481.JPG,Snapshot Safari 2024 Expansion : MAD/MAD_S2/MAD06/MAD06_R6/MAD_S2_MAD06_R6_IMAG0481.JPG,Snapshot Safari 2024 Expansion : MAD_S2#MAD06#6#161,Snapshot Safari 2024 Expansion : MAD_S2_MAD06,0,african bush elephant,,9,val
https://storage.googleapis.com/public-datasets-lila/snapshot-safari-2024-expansion/MAD/MAD_S1/MAD06/MAD06_R3/MAD_S1_MAD06_R3_IMAG3015.JPG,Snapshot Safari 2024 Expansion : MAD/MAD_S1/MAD06/MAD06_R3/MAD_S1_MAD06_R3_IMAG3015.JPG,Snapshot Safari 2024 Expansion : MAD_S1#MAD06#3#1005,Snapshot Safari 2024 Expansion : MAD_S1_MAD06,2,african bush elephant,,9,test
https://storage.googleapis.com/public-datasets-lila/snapshot-safari-2024-expansion/APN/APN_S4/TB26/TB26_R8/APN_S4_TB26_R8_IMAG1358.JPG,Snapshot Safari 2024 Expansion : APN/APN_S4/TB26/TB26_R8/APN_S4_TB26_R8_IMAG1358.JPG,Snapshot Safari 2024 Expansion : APN_S4#TB26#8#509,Snapshot Safari 2024 Expansion : APN_S4_TB26,1,african bush elephant,,9,train
https://storage.googleapis.com/public-datasets-lila/wcs-unzipped/animals/0265/0586.jpg,WCS Camera Traps : 27fea244-92d5-11e9-ae6f-000d3a74c7de,WCS Camera Traps : ken-010-d0083-23,WCS Camera Traps : 1397,24,african bush elephant,07-12-2011 21:42:35,9,train
https://storage.googleapis.com/public-datasets-lila/snapshotserengeti-unzipped/S5/L01/L01_R2/S5_L01_R2_IMAG0129.JPG,Snapshot Serengeti : S5/L01/L01_R2/S5_L01_R2_IMAG0129,Snapshot Serengeti : SER_S5#L01#2#58,Snapshot Serengeti : L01,2,african bush elephant,08-26-2012 14:45:39,9,train
https://storage.googleapis.com/public-datasets-lila/wcs-unzipped/animals/0352/1725.jpg,WCS Camera Traps : 47e2ddcc-92d5-11e9-b8dc-000d3a74c7de,WCS Camera Traps : ken-016-d0093-46,WCS Camera Traps : 1317,237,african bush elephant,02-19-2013 11:28:58,9,test
https://storage.googleapis.com/public-datasets-lila/snapshot-safari-2024-expansion/APN/APN_S4/U43b/U43b_R14/APN_S4_U43b_R14_IMAG0304.JPG,Snapshot Safari 2024 Expansion : APN/APN_S4/U43b/U43b_R14/APN_S4_U43b_R14_IMAG0304.JPG,Snapshot Safari 2024 Expansion : APN_S4#U43b#14#104,Snapshot Safari 2024 Expansion : APN_S4_U43B,0,african bush elephant,,9,train
https://storage.googleapis.com/public-datasets-lila/snapshotserengeti-unzipped/S9/G12/G12_R1/S9_G12_R1_IMAG0371.JPG,Snapshot Serengeti : S9/G12/G12_R1/S9_G12_R1_IMAG0371,Snapshot Serengeti : SER_S9#G12#1#136,Snapshot Serengeti : G12,1,african bush elephant,08-06-2014 09:08:45,9,train
https://storage.googleapis.com/public-datasets-lila/snapshot-safari-2024-expansion/KRU/KRU_S2/30/30_R4/KRU_S2_30_R4_IMAG0012.JPG,Snapshot Safari 2024 Expansion : KRU/KRU_S2/30/30_R4/KRU_S2_30_R4_IMAG0012.JPG,Snapshot Safari 2024 Expansion : KRU_S2#30#4#9,Snapshot Safari 2024 Expansion : KRU_S2_30,1,african bush elephant,,9,train
https://storage.googleapis.com/public-datasets-lila/snapshotserengeti-unzipped/S10/L10/L10_R3/S10_L10_R3_IMAG0444.JPG,Snapshot Serengeti : S10/L10/L10_R3/S10_L10_R3_IMAG0444,Snapshot Serengeti : SER_S10#L10#3#181,Snapshot Serengeti : L10,3,african bush elephant,06-04-2015 12:02:39,9,test
https://storage.googleapis.com/public-datasets-lila/snapshotserengeti-unzipped/S5/J02/J02_R3/S5_J02_R3_IMAG0904.JPG,Snapshot Serengeti : S5/J02/J02_R3/S5_J02_R3_IMAG0904,Snapshot Serengeti : SER_S5#J02#3#421,Snapshot Serengeti : J02,1,african bush elephant,10-17-2012 13:18:04,9,train
https://storage.googleapis.com/public-datasets-lila/snapshotserengeti-unzipped/S7/J02/J02_R1/S7_J02_R1_IMAG0073.JPG,Snapshot Serengeti : S7/J02/J02_R1/S7_J02_R1_IMAG0073,Snapshot Serengeti : SER_S7#J02#1#34,Snapshot Serengeti : J02,2,african bush elephant,04-16-2013 17:46:22,9,train
https://storage.googleapis.com/public-datasets-lila/wcs-unzipped/animals/0345/1564.jpg,WCS Camera Traps : 45496f3d-92d5-11e9-85ba-000d3a74c7de,WCS Camera Traps : ken-016-d0057-102,WCS Camera Traps : 1278,15,african bush elephant,03-03-2013 14:29:18,9,train
https://storage.googleapis.com/public-datasets-lila/snapshot-safari-2024-expansion/MAD/MAD_S3/I08/I08_R10/MAD_S3_I08_R10_IMAG0018.JPG,Snapshot Safari 2024 Expansion : MAD/MAD_S3/I08/I08_R10/MAD_S3_I08_R10_IMAG0018.JPG,Snapshot Safari 2024 Expansion : MAD_S3#I08#10#6,Snapshot Safari 2024 Expansion : MAD_S3_I08,2,african bush elephant,,9,test
https://storage.googleapis.com/public-datasets-lila/snapshot-safari-2024-expansion/MAD/MAD_S2/MAD05/MAD05_R5/MAD_S2_MAD05_R5_IMAG1270.JPG,Snapshot Safari 2024 Expansion : MAD/MAD_S2/MAD05/MAD05_R5/MAD_S2_MAD05_R5_IMAG1270.JPG,Snapshot Safari 2024 Expansion : MAD_S2#MAD05#5#424,Snapshot Safari 2024 Expansion : MAD_S2_MAD05,0,african bush elephant,,9,val
https://storage.googleapis.com/public-datasets-lila/snapshotserengeti-unzipped/S8/Q05/Q05_R3/S8_Q05_R3_IMAG07967.JPG,Snapshot Serengeti : S8/Q05/Q05_R3/S8_Q05_R3_IMAG07967,Snapshot Serengeti : SER_S8#Q05#3#2826,Snapshot Serengeti : Q05,2,african bush elephant,05-11-2014 16:19:19,9,val
https://storage.googleapis.com/public-datasets-lila/snapshot-safari-2024-expansion/MAD/MAD_S1/MAD03/MAD03_R4/MAD_S1_MAD03_R4_IMAG1925.JPG,Snapshot Safari 2024 Expansion : MAD/MAD_S1/MAD03/MAD03_R4/MAD_S1_MAD03_R4_IMAG1925.JPG,Snapshot Safari 2024 Expansion : MAD_S1#MAD03#4#643,Snapshot Safari 2024 Expansion : MAD_S1_MAD03,0,african bush elephant,,9,train
https://storage.googleapis.com/public-datasets-lila/snapshot-safari-2024-expansion/Snapshot Cameo/EFA/EFA_S1/EFA08/EFA08_R23/EFA_S1_EFA08_R23_IMAG0416.JPG,Snapshot Safari 2024 Expansion : Snapshot Cameo/EFA/EFA_S1/EFA08/EFA08_R23/EFA_S1_EFA08_R23_IMAG0416.JPG,Snapshot Safari 2024 Expansion : EFA_S1#EFA08#23#78,Snapshot Safari 2024 Expansion : EFA_S1_EFA08,0,african bush elephant,,9,test
https://storage.googleapis.com/public-datasets-lila/snapshot-safari-2024-expansion/MAD/MAD_S3/D05/D05_R10/MAD_S3_D05_R10_IMAG0032.JPG,Snapshot Safari 2024 Expansion : MAD/MAD_S3/D05/D05_R10/MAD_S3_D05_R10_IMAG0032.JPG,Snapshot Safari 2024 Expansion : MAD_S3#D05#10#11,Snapshot Safari 2024 Expansion : MAD_S3_D05,1,african bush elephant,,9,test
https://storage.googleapis.com/public-datasets-lila/snapshot-safari-2024-expansion/MAD/MAD_S3/F05/F05_R08/MAD_S3_F05_R08_IMAG0351.JPG,Snapshot Safari 2024 Expansion : MAD/MAD_S3/F05/F05_R08/MAD_S3_F05_R08_IMAG0351.JPG,Snapshot Safari 2024 Expansion : MAD_S3#F05#08#117,Snapshot Safari 2024 Expansion : MAD_S3_F05,2,african bush elephant,,9,test
https://storage.googleapis.com/public-datasets-lila/snapshot-safari-2024-expansion/MAD/MAD_S2/MAD06/MAD06_R5/MAD_S2_MAD06_R5_IMAG1847.JPG,Snapshot Safari 2024 Expansion : MAD/MAD_S2/MAD06/MAD06_R5/MAD_S2_MAD06_R5_IMAG1847.JPG,Snapshot Safari 2024 Expansion : MAD_S2#MAD06#5#616,Snapshot Safari 2024 Expansion : MAD_S2_MAD06,1,african bush elephant,,9,val
https://storage.googleapis.com/public-datasets-lila/snapshot-safari-2024-expansion/Snapshot Cameo/EFA/EFA_S1/EFA06/EFA06_R31/EFA_S1_EFA06_R31_IMAG0798.JPG,Snapshot Safari 2024 Expansion : Snapshot Cameo/EFA/EFA_S1/EFA06/EFA06_R31/EFA_S1_EFA06_R31_IMAG0798.JPG,Snapshot Safari 2024 Expansion : EFA_S1#EFA06#31#237,Snapshot Safari 2024 Expansion : EFA_S1_EFA06,0,african bush elephant,,9,train
https://storage.googleapis.com/public-datasets-lila/snapshotserengeti-unzipped/S3/F05/F05_R12/S3_F05_R12_IMAG0622.JPG,Snapshot Serengeti : S3/F05/F05_R12/S3_F05_R12_IMAG0622,Snapshot Serengeti : SER_S3#F05#12#269,Snapshot Serengeti : F05,3,african bush elephant,01-02-2012 10:14:14,9,test
https://storage.googleapis.com/public-datasets-lila/snapshot-safari-2024-expansion/MAD/MAD_S3/MAD03/MAD03_R08/MAD_S3_MAD03_R08_IMAG5431.JPG,Snapshot Safari 2024 Expansion : MAD/MAD_S3/MAD03/MAD03_R08/MAD_S3_MAD03_R08_IMAG5431.JPG,Snapshot Safari 2024 Expansion : MAD_S3#MAD03#08#1811,Snapshot Safari 2024 Expansion : MAD_S3_MAD03,0,african bush elephant,,9,train
https://storage.googleapis.com/public-datasets-lila/snapshot-safari-2024-expansion/Snapshot Cameo/EFA/EFA_S1/EFA08/EFA08_R1/EFA_S1_EFA08_R1_IMAG4504.JPG,Snapshot Safari 2024 Expansion : Snapshot Cameo/EFA/EFA_S1/EFA08/EFA08_R1/EFA_S1_EFA08_R1_IMAG4504.JPG,Snapshot Safari 2024 Expansion : EFA_S1#EFA08#1#917,Snapshot Safari 2024 Expansion : EFA_S1_EFA08,0,african bush elephant,,9,test
https://storage.googleapis.com/public-datasets-lila/snapshot-safari-2024-expansion/KRU/KRU_S1/1/1_R1/KRU_S1_1_R1_IMAG0142.JPG,Snapshot Safari 2024 Expansion : KRU/KRU_S1/1/1_R1/KRU_S1_1_R1_IMAG0142.JPG,Snapshot Safari 2024 Expansion : KRU_S1#1#1#65,Snapshot Safari 2024 Expansion : KRU_S1_1,1,african bush elephant,,9,val
https://storage.googleapis.com/public-datasets-lila/snapshot-safari-2024-expansion/APN/APN_S4/TB14/TB14_R8/APN_S4_TB14_R8_IMAG0317.JPG,Snapshot Safari 2024 Expansion : APN/APN_S4/TB14/TB14_R8/APN_S4_TB14_R8_IMAG0317.JPG,Snapshot Safari 2024 Expansion : APN_S4#TB14#8#134,Snapshot Safari 2024 Expansion : APN_S4_TB14,1,african bush elephant,,9,train
https://storage.googleapis.com/public-datasets-lila/snapshot-safari-2024-expansion/KRU/KRU_S2/48/48_R4/KRU_S2_48_R4_IMAG0230.JPG,Snapshot Safari 2024 Expansion : KRU/KRU_S2/48/48_R4/KRU_S2_48_R4_IMAG0230.JPG,Snapshot Safari 2024 Expansion : KRU_S2#48#4#90,Snapshot Safari 2024 Expansion : KRU_S2_48,2,african bush elephant,,9,train
https://storage.googleapis.com/public-datasets-lila/snapshot-safari-2024-expansion/MAD/MAD_S2/MAD06/MAD06_R6/MAD_S2_MAD06_R6_IMAG3214.JPG,Snapshot Safari 2024 Expansion : MAD/MAD_S2/MAD06/MAD06_R6/MAD_S2_MAD06_R6_IMAG3214.JPG,Snapshot Safari 2024 Expansion : MAD_S2#MAD06#6#1072,Snapshot Safari 2024 Expansion : MAD_S2_MAD06,0,african bush elephant,,9,val
https://storage.googleapis.com/public-datasets-lila/snapshot-safari-2024-expansion/MAD/MAD_S2/MAD03/MAD03_R7/MAD_S2_MAD03_R7_IMAG2077.JPG,Snapshot Safari 2024 Expansion : MAD/MAD_S2/MAD03/MAD03_R7/MAD_S2_MAD03_R7_IMAG2077.JPG,Snapshot Safari 2024 Expansion : MAD_S2#MAD03#7#693,Snapshot Safari 2024 Expansion : MAD_S2_MAD03,0,african bush elephant,,9,train
https://storage.googleapis.com/public-datasets-lila/snapshotserengeti-unzipped/S9/G07/G07_R1/S9_G07_R1_IMAG4147.JPG,Snapshot Serengeti : S9/G07/G07_R1/S9_G07_R1_IMAG4147,Snapshot Serengeti : SER_S9#G07#1#1386,Snapshot Serengeti : G07,1,african bush elephant,07-09-2014 17:25:28,9,train
https://storage.googleapis.com/public-datasets-lila/snapshot-safari-2024-expansion/Snapshot Cameo/EFA/EFA_S1/EFA08/EFA08_R2/EFA_S1_EFA08_R2_IMAG2006.JPG,Snapshot Safari 2024 Expansion : Snapshot Cameo/EFA/EFA_S1/EFA08/EFA08_R2/EFA_S1_EFA08_R2_IMAG2006.JPG,Snapshot Safari 2024 Expansion : EFA_S1#EFA08#2#416,Snapshot Safari 2024 Expansion : EFA_S1_EFA08,0,african bush elephant,,9,test
https://storage.googleapis.com/public-datasets-lila/snapshot-safari-2024-expansion/MAD/MAD_S1/B05/B05_R4/MAD_S1_B05_R4_IMAG0092.JPG,Snapshot Safari 2024 Expansion : MAD/MAD_S1/B05/B05_R4/MAD_S1_B05_R4_IMAG0092.JPG,Snapshot Safari 2024 Expansion : MAD_S1#B05#4#31,Snapshot Safari 2024 Expansion : MAD_S1_B05,1,african bush elephant,,9,train
https://storage.googleapis.com/public-datasets-lila/snapshot-safari-2024-expansion/Snapshot Cameo/EFA/EFA_S1/EFA02/EFA02_R10/EFA_S1_EFA02_R10_IMAG0191.JPG,Snapshot Safari 2024 Expansion : Snapshot Cameo/EFA/EFA_S1/EFA02/EFA02_R10/EFA_S1_EFA02_R10_IMAG0191.JPG,Snapshot Safari 2024 Expansion : EFA_S1#EFA02#10#48,Snapshot Safari 2024 Expansion : EFA_S1_EFA02,0,african bush elephant,,9,train
https://storage.googleapis.com/public-datasets-lila/snapshot-safari-2024-expansion/SER/SER_S13/I06/I06_R1/SER_S13_I06_R1_IMAG0010.JPG,Snapshot Safari 2024 Expansion : SER/SER_S13/I06/I06_R1/SER_S13_I06_R1_IMAG0010.JPG,Snapshot Safari 2024 Expansion : SER_S13#I06#1#10,Snapshot Safari 2024 Expansion : SER_S13_I06,0,african bush elephant,,9,val
https://storage.googleapis.com/public-datasets-lila/snapshotserengeti-unzipped/S10/N05/N05_R2/S10_N05_R2_IMAG1455.JPG,Snapshot Serengeti : S10/N05/N05_R2/S10_N05_R2_IMAG1455,Snapshot Serengeti : SER_S10#N05#2#509,Snapshot Serengeti : N05,3,african bush elephant,04-11-2015 13:38:00,9,train
https://storage.googleapis.com/public-datasets-lila/snapshot-safari-2024-expansion/PLN/PLN_S3a/B04/B04_R8/PLN_S3a_B04_R8_IMAG1060.JPG,Snapshot Safari 2024 Expansion : PLN/PLN_S3a/B04/B04_R8/PLN_S3a_B04_R8_IMAG1060.JPG,Snapshot Safari 2024 Expansion : PLN_S3a#B04#8#376,Snapshot Safari 2024 Expansion : PLN_S3A_B04,0,african bush elephant,,9,train
https://storage.googleapis.com/public-datasets-lila/snapshot-safari-2024-expansion/MAD/MAD_S1/MAD04/MAD04_R3/MAD_S1_MAD04_R3_IMAG2195.JPG,Snapshot Safari 2024 Expansion : MAD/MAD_S1/MAD04/MAD04_R3/MAD_S1_MAD04_R3_IMAG2195.JPG,Snapshot Safari 2024 Expansion : MAD_S1#MAD04#3#732,Snapshot Safari 2024 Expansion : MAD_S1_MAD04,1,african bush elephant,,9,val
https://storage.googleapis.com/public-datasets-lila/snapshot-safari-2024-expansion/Snapshot Cameo/EFA/EFA_S1/EFA08/EFA08_R25/EFA_S1_EFA08_R25_IMAG7156.JPG,Snapshot Safari 2024 Expansion : Snapshot Cameo/EFA/EFA_S1/EFA08/EFA08_R25/EFA_S1_EFA08_R25_IMAG7156.JPG,Snapshot Safari 2024 Expansion : EFA_S1#EFA08#25#1053,Snapshot Safari 2024 Expansion : EFA_S1_EFA08,1,african bush elephant,,9,test
https://storage.googleapis.com/public-datasets-lila/snapshotserengeti-unzipped/S2/I06/I06_R2/S2_I06_R2_PICT0071.JPG,Snapshot Serengeti : S2/I06/I06_R2/S2_I06_R2_PICT0071,Snapshot Serengeti : SER_S2#I06#2#24,Snapshot Serengeti : I06,2,african bush elephant,03-03-2011 10:31:33,9,train
https://storage.googleapis.com/public-datasets-lila/snapshot-safari-2024-expansion/Snapshot Cameo/EFA/EFA_S1/EFA07/EFA07_R9/EFA_S1_EFA07_R9_IMAG0021.JPG,Snapshot Safari 2024 Expansion : Snapshot Cameo/EFA/EFA_S1/EFA07/EFA07_R9/EFA_S1_EFA07_R9_IMAG0021.JPG,Snapshot Safari 2024 Expansion : EFA_S1#EFA07#9#8,Snapshot Safari 2024 Expansion : EFA_S1_EFA07,0,african bush elephant,,9,train
https://storage.googleapis.com/public-datasets-lila/snapshot-safari-2024-expansion/PLN/PLN_S2/D01/D01_R6/PLN_S2_D01_R6_IMAG0851.JPG,Snapshot Safari 2024 Expansion : PLN/PLN_S2/D01/D01_R6/PLN_S2_D01_R6_IMAG0851.JPG,Snapshot Safari 2024 Expansion : PLN_S2#D01#6#319,Snapshot Safari 2024 Expansion : PLN_S2_D01,2,african bush elephant,,9,train
https://storage.googleapis.com/public-datasets-lila/wcs-unzipped/animals/0371/0210.jpg,WCS Camera Traps : 4e7176da-92d5-11e9-abd4-000d3a74c7de,WCS Camera Traps : ken-014-d0090-53,WCS Camera Traps : 2730,3,african bush elephant,08-07-2009 21:56:36,9,train
https://storage.googleapis.com/public-datasets-lila/snapshotserengeti-unzipped/S9/L11/L11_R2/S9_L11_R2_IMAG0395.JPG,Snapshot Serengeti : S9/L11/L11_R2/S9_L11_R2_IMAG0395,Snapshot Serengeti : SER_S9#L11#2#151,Snapshot Serengeti : L11,3,african bush elephant,09-29-2014 11:54:53,9,val
https://storage.googleapis.com/public-datasets-lila/snapshot-safari-2024-expansion/Snapshot Cameo/EFA/EFA_S1/EFA08/EFA08_R16/EFA_S1_EFA08_R16_IMAG2067.JPG,Snapshot Safari 2024 Expansion : Snapshot Cameo/EFA/EFA_S1/EFA08/EFA08_R16/EFA_S1_EFA08_R16_IMAG2067.JPG,Snapshot Safari 2024 Expansion : EFA_S1#EFA08#16#433,Snapshot Safari 2024 Expansion : EFA_S1_EFA08,1,african bush elephant,,9,test
https://storage.googleapis.com/public-datasets-lila/wcs-unzipped/animals/0204/1569.jpg,WCS Camera Traps : 11613428-92d5-11e9-b926-000d3a74c7de,WCS Camera Traps : ken-007-d0053-134,WCS Camera Traps : 1274,2,african bush elephant,02-25-2012 01:24:40,9,train
https://storage.googleapis.com/public-datasets-lila/snapshot-safari-2024-expansion/MAD/MAD_S1/MAD03/MAD03_R4/MAD_S1_MAD03_R4_IMAG1094.JPG,Snapshot Safari 2024 Expansion : MAD/MAD_S1/MAD03/MAD03_R4/MAD_S1_MAD03_R4_IMAG1094.JPG,Snapshot Safari 2024 Expansion : MAD_S1#MAD03#4#366,Snapshot Safari 2024 Expansion : MAD_S1_MAD03,0,african bush elephant,,9,train
https://storage.googleapis.com/public-datasets-lila/wcs-unzipped/animals/0352/1798.jpg,WCS Camera Traps : 47e68746-92d5-11e9-ac6a-000d3a74c7de,WCS Camera Traps : ken-016-d0093-57,WCS Camera Traps : 1317,13,african bush elephant,02-19-2013 11:34:33,9,test
https://storage.googleapis.com/public-datasets-lila/snapshot-safari-2024-expansion/MAD/MAD_S1/MAD03/MAD03_R3/MAD_S1_MAD03_R3_IMAG3750.JPG,Snapshot Safari 2024 Expansion : MAD/MAD_S1/MAD03/MAD03_R3/MAD_S1_MAD03_R3_IMAG3750.JPG,Snapshot Safari 2024 Expansion : MAD_S1#MAD03#3#1250,Snapshot Safari 2024 Expansion : MAD_S1_MAD03,2,african bush elephant,,9,train
https://storage.googleapis.com/public-datasets-lila/snapshot-safari-2024-expansion/MAD/MAD_S2/MAD03/MAD03_R6/MAD_S2_MAD03_R6_IMAG2933.JPG,Snapshot Safari 2024 Expansion : MAD/MAD_S2/MAD03/MAD03_R6/MAD_S2_MAD03_R6_IMAG2933.JPG,Snapshot Safari 2024 Expansion : MAD_S2#MAD03#6#978,Snapshot Safari 2024 Expansion : MAD_S2_MAD03,1,african bush elephant,,9,train
https://storage.googleapis.com/public-datasets-lila/snapshot-safari-2024-expansion/Snapshot Cameo/EFA/EFA_S1/EFA07/EFA07_R37/EFA_S1_EFA07_R37_IMAG2059.JPG,Snapshot Safari 2024 Expansion : Snapshot Cameo/EFA/EFA_S1/EFA07/EFA07_R37/EFA_S1_EFA07_R37_IMAG2059.JPG,Snapshot Safari 2024 Expansion : EFA_S1#EFA07#37#384,Snapshot Safari 2024 Expansion : EFA_S1_EFA07,2,african bush elephant,,9,train
https://storage.googleapis.com/public-datasets-lila/snapshotserengeti-unzipped/S4/I13/I13_R1/S4_I13_R1_IMAG0623.JPG,Snapshot Serengeti : S4/I13/I13_R1/S4_I13_R1_IMAG0623,Snapshot Serengeti : SER_S4#I13#1#222,Snapshot Serengeti : I13,2,african bush elephant,02-15-2012 17:43:59,9,train
https://storage.googleapis.com/public-datasets-lila/snapshotserengeti-unzipped/S10/H13/H13_R2/S10_H13_R2_IMAG0874.JPG,Snapshot Serengeti : S10/H13/H13_R2/S10_H13_R2_IMAG0874,Snapshot Serengeti : SER_S10#H13#2#359,Snapshot Serengeti : H13,1,african bush elephant,06-24-2015 04:14:58,9,train
https://storage.googleapis.com/public-datasets-lila/snapshot-safari-2024-expansion/Snapshot Cameo/EFA/EFA_S1/EFA08/EFA08_R23/EFA_S1_EFA08_R23_IMAG0457.JPG,Snapshot Safari 2024 Expansion : Snapshot Cameo/EFA/EFA_S1/EFA08/EFA08_R23/EFA_S1_EFA08_R23_IMAG0457.JPG,Snapshot Safari 2024 Expansion : EFA_S1#EFA08#23#86,Snapshot Safari 2024 Expansion : EFA_S1_EFA08,1,african bush elephant,,9,test
https://storage.googleapis.com/public-datasets-lila/snapshotserengeti-unzipped/S6/E13/E13_R1/S6_E13_R1_IMAG0155.JPG,Snapshot Serengeti : S6/E13/E13_R1/S6_E13_R1_IMAG0155,Snapshot Serengeti : SER_S6#E13#1#72,Snapshot Serengeti : E13,2,african bush elephant,01-28-2013 14:09:04,9,train
https://storage.googleapis.com/public-datasets-lila/snapshotserengeti-unzipped/S6/O06/O06_R2/S6_O06_R2_IMAG0114.JPG,Snapshot Serengeti : S6/O06/O06_R2/S6_O06_R2_IMAG0114,Snapshot Serengeti : SER_S6#O06#2#58,Snapshot Serengeti : O06,3,african bush elephant,04-07-2013 14:23:02,9,train
https://storage.googleapis.com/public-datasets-lila/snapshot-safari-2024-expansion/Snapshot Cameo/EFA/EFA_S1/EFA08/EFA08_R20/EFA_S1_EFA08_R20_IMAG0127.JPG,Snapshot Safari 2024 Expansion : Snapshot Cameo/EFA/EFA_S1/EFA08/EFA08_R20/EFA_S1_EFA08_R20_IMAG0127.JPG,Snapshot Safari 2024 Expansion : EFA_S1#EFA08#20#23,Snapshot Safari 2024 Expansion : EFA_S1_EFA08,2,african bush elephant,,9,test
https://storage.googleapis.com/public-datasets-lila/snapshot-safari-2024-expansion/APN/APN_S3/DW/DW_R12/APN_S3_DW_R12_IMAG0075.JPG,Snapshot Safari 2024 Expansion : APN/APN_S3/DW/DW_R12/APN_S3_DW_R12_IMAG0075.JPG,Snapshot Safari 2024 Expansion : APN_S3#DW#12#27,Snapshot Safari 2024 Expansion : APN_S3_DW,2,african bush elephant,,9,train
https://storage.googleapis.com/public-datasets-lila/snapshot-safari-2024-expansion/MAD/MAD_S3/MAD06/MAD06_R09/MAD_S3_MAD06_R09_IMAG3106.JPG,Snapshot Safari 2024 Expansion : MAD/MAD_S3/MAD06/MAD06_R09/MAD_S3_MAD06_R09_IMAG3106.JPG,Snapshot Safari 2024 Expansion : MAD_S3#MAD06#09#1036,Snapshot Safari 2024 Expansion : MAD_S3_MAD06,1,african bush elephant,,9,train
https://storage.googleapis.com/public-datasets-lila/snapshot-safari-2024-expansion/Snapshot Cameo/EFA/EFA_S1/EFA08/EFA08_R21/EFA_S1_EFA08_R21_IMAG1835.JPG,Snapshot Safari 2024 Expansion : Snapshot Cameo/EFA/EFA_S1/EFA08/EFA08_R21/EFA_S1_EFA08_R21_IMAG1835.JPG,Snapshot Safari 2024 Expansion : EFA_S1#EFA08#21#312,Snapshot Safari 2024 Expansion : EFA_S1_EFA08,1,african bush elephant,,9,test
https://storage.googleapis.com/public-datasets-lila/snapshot-safari-2024-expansion/KRU/KRU_S2/10/10_R4/KRU_S2_10_R4_IMAG0262.JPG,Snapshot Safari 2024 Expansion : KRU/KRU_S2/10/10_R4/KRU_S2_10_R4_IMAG0262.JPG,Snapshot Safari 2024 Expansion : KRU_S2#10#4#134,Snapshot Safari 2024 Expansion : KRU_S2_10,0,african bush elephant,,9,val
https://storage.googleapis.com/public-datasets-lila/snapshotserengeti-unzipped/S6/G07/G07_R1/S6_G07_R1_IMAG0127.JPG,Snapshot Serengeti : S6/G07/G07_R1/S6_G07_R1_IMAG0127,Snapshot Serengeti : SER_S6#G07#1#49,Snapshot Serengeti : G07,1,african bush elephant,01-02-2013 22:32:02,9,train
https://storage.googleapis.com/public-datasets-lila/snapshot-safari-2024-expansion/MAD/MAD_S2/MAD06/MAD06_R6/MAD_S2_MAD06_R6_IMAG2110.JPG,Snapshot Safari 2024 Expansion : MAD/MAD_S2/MAD06/MAD06_R6/MAD_S2_MAD06_R6_IMAG2110.JPG,Snapshot Safari 2024 Expansion : MAD_S2#MAD06#6#704,Snapshot Safari 2024 Expansion : MAD_S2_MAD06,0,african bush elephant,,9,val
https://storage.googleapis.com/public-datasets-lila/snapshotserengeti-unzipped/S6/F07/F07_R2/S6_F07_R2_IMAG0092.JPG,Snapshot Serengeti : S6/F07/F07_R2/S6_F07_R2_IMAG0092,Snapshot Serengeti : SER_S6#F07#2#42,Snapshot Serengeti : F07,1,african bush elephant,02-14-2013 05:27:35,9,test
https://storage.googleapis.com/public-datasets-lila/snapshot-safari-2024-expansion/Snapshot Cameo/EFA/EFA_S1/EFA04/EFA04_R28/EFA_S1_EFA04_R28_IMAG0076.JPG,Snapshot Safari 2024 Expansion : Snapshot Cameo/EFA/EFA_S1/EFA04/EFA04_R28/EFA_S1_EFA04_R28_IMAG0076.JPG,Snapshot Safari 2024 Expansion : EFA_S1#EFA04#28#16,Snapshot Safari 2024 Expansion : EFA_S1_EFA04,0,african bush elephant,,9,val
https://storage.googleapis.com/public-datasets-lila/snapshot-safari-2024-expansion/MAD/MAD_S2/MAD03/MAD03_R7/MAD_S2_MAD03_R7_IMAG2988.JPG,Snapshot Safari 2024 Expansion : MAD/MAD_S2/MAD03/MAD03_R7/MAD_S2_MAD03_R7_IMAG2988.JPG,Snapshot Safari 2024 Expansion : MAD_S2#MAD03#7#996,Snapshot Safari 2024 Expansion : MAD_S2_MAD03,2,african bush elephant,,9,train
https://storage.googleapis.com/public-datasets-lila/snapshot-safari-2024-expansion/SER/SER_S13/E06/E06_R3/SER_S13_E06_R3_IMAG0106.JPG,Snapshot Safari 2024 Expansion : SER/SER_S13/E06/E06_R3/SER_S13_E06_R3_IMAG0106.JPG,Snapshot Safari 2024 Expansion : SER_S13#E06#3#104,Snapshot Safari 2024 Expansion : SER_S13_E06,0,african bush elephant,,9,test
https://storage.googleapis.com/public-datasets-lila/wcs-unzipped/animals/0371/0315.jpg,WCS Camera Traps : 4e7631c6-92d5-11e9-8672-000d3a74c7de,WCS Camera Traps : ken-014-d0090-92,WCS Camera Traps : 2730,1,african bush elephant,08-10-2009 11:17:11,9,train
https://storage.googleapis.com/public-datasets-lila/wcs-unzipped/animals/0308/1944.jpg,WCS Camera Traps : 37f6a2ff-92d5-11e9-b622-000d3a74c7de,WCS Camera Traps : ken-015-d0011-57,WCS Camera Traps : 1614,2,african bush elephant,03-16-2010 23:51:10,9,train
https://storage.googleapis.com/public-datasets-lila/snapshotserengeti-unzipped/S8/C03/C03_R1/S8_C03_R1_IMAG0009.JPG,Snapshot Serengeti : S8/C03/C03_R1/S8_C03_R1_IMAG0009,Snapshot Serengeti : SER_S8#C03#1#3,Snapshot Serengeti : C03,3,african bush elephant,10-17-2013 12:36:57,9,train
https://storage.googleapis.com/public-datasets-lila/snapshot-safari-2024-expansion/Snapshot Cameo/EFA/EFA_S1/EFA08/EFA08_R42/EFA_S1_EFA08_R42_IMAG0123.JPG,Snapshot Safari 2024 Expansion : Snapshot Cameo/EFA/EFA_S1/EFA08/EFA08_R42/EFA_S1_EFA08_R42_IMAG0123.JPG,Snapshot Safari 2024 Expansion : EFA_S1#EFA08#42#24,Snapshot Safari 2024 Expansion : EFA_S1_EFA08,1,african bush elephant,,9,test
https://storage.googleapis.com/public-datasets-lila/snapshot-safari-2024-expansion/MAD/MAD_S3/MAD03/MAD03_R09/MAD_S3_MAD03_R09_IMAG0585.JPG,Snapshot Safari 2024 Expansion : MAD/MAD_S3/MAD03/MAD03_R09/MAD_S3_MAD03_R09_IMAG0585.JPG,Snapshot Safari 2024 Expansion : MAD_S3#MAD03#09#196,Snapshot Safari 2024 Expansion : MAD_S3_MAD03,1,african bush elephant,,9,train
https://storage.googleapis.com/public-datasets-lila/snapshot-safari-2024-expansion/MAD/MAD_S2/MAD03/MAD03_R7/MAD_S2_MAD03_R7_IMAG1019.JPG,Snapshot Safari 2024 Expansion : MAD/MAD_S2/MAD03/MAD03_R7/MAD_S2_MAD03_R7_IMAG1019.JPG,Snapshot Safari 2024 Expansion : MAD_S2#MAD03#7#340,Snapshot Safari 2024 Expansion : MAD_S2_MAD03,1,african bush elephant,,9,train
https://storage.googleapis.com/public-datasets-lila/snapshotserengeti-unzipped/S6/F07/F07_R2/S6_F07_R2_IMAG0221.JPG,Snapshot Serengeti : S6/F07/F07_R2/S6_F07_R2_IMAG0221,Snapshot Serengeti : SER_S6#F07#2#98,Snapshot Serengeti : F07,2,african bush elephant,03-13-2013 12:26:59,9,test
https://storage.googleapis.com/public-datasets-lila/wcs-unzipped/animals/0352/1307.jpg,WCS Camera Traps : 47cf0880-92d5-11e9-b5be-000d3a74c7de,WCS Camera Traps : ken-016-d0093-23,WCS Camera Traps : 1317,4,african bush elephant,02-19-2013 10:31:33,9,test
https://storage.googleapis.com/public-datasets-lila/snapshot-safari-2024-expansion/MAD/MAD_S1/MAD03/MAD03_R4/MAD_S1_MAD03_R4_IMAG5157.JPG,Snapshot Safari 2024 Expansion : MAD/MAD_S1/MAD03/MAD03_R4/MAD_S1_MAD03_R4_IMAG5157.JPG,Snapshot Safari 2024 Expansion : MAD_S1#MAD03#4#1720,Snapshot Safari 2024 Expansion : MAD_S1_MAD03,1,african bush elephant,,9,train
https://storage.googleapis.com/public-datasets-lila/wcs-unzipped/animals/0185/0228.jpg,WCS Camera Traps : 0a343a3f-92d5-11e9-ad35-000d3a74c7de,WCS Camera Traps : ken-002-d0009-59,WCS Camera Traps : 1124,21,african bush elephant,10-17-2011 11:43:39,9,train
https://storage.googleapis.com/public-datasets-lila/snapshot-safari-2024-expansion/MAD/MAD_S2/MAD06/MAD06_R7/MAD_S2_MAD06_R7_IMAG1877.JPG,Snapshot Safari 2024 Expansion : MAD/MAD_S2/MAD06/MAD06_R7/MAD_S2_MAD06_R7_IMAG1877.JPG,Snapshot Safari 2024 Expansion : MAD_S2#MAD06#7#626,Snapshot Safari 2024 Expansion : MAD_S2_MAD06,1,african bush elephant,,9,val
https://storage.googleapis.com/public-datasets-lila/snapshotserengeti-unzipped/S8/H11/H11_R3/S8_H11_R3_IMAG0053.JPG,Snapshot Serengeti : S8/H11/H11_R3/S8_H11_R3_IMAG0053,Snapshot Serengeti : SER_S8#H11#3#21,Snapshot Serengeti : H11,3,african bush elephant,05-03-2014 16:03:19,9,val
https://storage.googleapis.com/public-datasets-lila/snapshot-safari-2024-expansion/MAD/MAD_S2/MAD06/MAD06_R7/MAD_S2_MAD06_R7_IMAG0408.JPG,Snapshot Safari 2024 Expansion : MAD/MAD_S2/MAD06/MAD06_R7/MAD_S2_MAD06_R7_IMAG0408.JPG,Snapshot Safari 2024 Expansion : MAD_S2#MAD06#7#136,Snapshot Safari 2024 Expansion : MAD_S2_MAD06,2,african bush elephant,,9,val
https://storage.googleapis.com/public-datasets-lila/snapshot-safari-2024-expansion/Snapshot Cameo/EFA/EFA_S1/EFA06/EFA06_R40/EFA_S1_EFA06_R40_IMAG0087.JPG,Snapshot Safari 2024 Expansion : Snapshot Cameo/EFA/EFA_S1/EFA06/EFA06_R40/EFA_S1_EFA06_R40_IMAG0087.JPG,Snapshot Safari 2024 Expansion : EFA_S1#EFA06#40#46,Snapshot Safari 2024 Expansion : EFA_S1_EFA06,0,african bush elephant,,9,train
https://storage.googleapis.com/public-datasets-lila/wcs-unzipped/animals/0308/0910.jpg,WCS Camera Traps : 37c83f38-92d5-11e9-a60a-000d3a74c7de,WCS Camera Traps : ken-015-d0004-7,WCS Camera Traps : 1607,1,african bush elephant,03-11-2010 22:38:55,9,train
https://storage.googleapis.com/public-datasets-lila/snapshotserengeti-unzipped/S8/I07/I07_R2/S8_I07_R2_IMAG2380.JPG,Snapshot Serengeti : S8/I07/I07_R2/S8_I07_R2_IMAG2380,Snapshot Serengeti : SER_S8#I07#2#816,Snapshot Serengeti : I07,3,african bush elephant,04-01-2014 14:37:09,9,val
https://storage.googleapis.com/public-datasets-lila/snapshot-safari-2024-expansion/RUA/RUA_S1/M6/M6_R1/RUA_S1_M6_R1_IMAG1238.JPG,Snapshot Safari 2024 Expansion : RUA/RUA_S1/M6/M6_R1/RUA_S1_M6_R1_IMAG1238.JPG,Snapshot Safari 2024 Expansion : RUA_S1#M6#1#1238,Snapshot Safari 2024 Expansion : RUA_S1_M6,0,african bush elephant,,9,train
https://storage.googleapis.com/public-datasets-lila/snapshotserengeti-unzipped/S4/F13/F13_R1/S4_F13_R1_IMAG0028.JPG,Snapshot Serengeti : S4/F13/F13_R1/S4_F13_R1_IMAG0028,Snapshot Serengeti : SER_S4#F13#1#10,Snapshot Serengeti : F13,3,african bush elephant,01-28-2012 18:11:47,9,train
https://storage.googleapis.com/public-datasets-lila/wcs-unzipped/animals/0368/1491.jpg,WCS Camera Traps : 4d987d5c-92d5-11e9-b533-000d3a74c7de,WCS Camera Traps : ken-014-d0063-2,WCS Camera Traps : 2716,4,african bush elephant,08-06-2009 23:44:49,9,train
https://storage.googleapis.com/public-datasets-lila/snapshot-safari-2024-expansion/MAD/MAD_S3/MAD04/MAD04_R08/MAD_S3_MAD04_R08_IMAG1680.JPG,Snapshot Safari 2024 Expansion : MAD/MAD_S3/MAD04/MAD04_R08/MAD_S3_MAD04_R08_IMAG1680.JPG,Snapshot Safari 2024 Expansion : MAD_S3#MAD04#08#560,Snapshot Safari 2024 Expansion : MAD_S3_MAD04,2,african bush elephant,,9,train
https://storage.googleapis.com/public-datasets-lila/snapshot-safari-2024-expansion/APN/APN_S3/N3/N3_R8/APN_S3_N3_R8_IMAG0102.JPG,Snapshot Safari 2024 Expansion : APN/APN_S3/N3/N3_R8/APN_S3_N3_R8_IMAG0102.JPG,Snapshot Safari 2024 Expansion : APN_S3#N3#8#42,Snapshot Safari 2024 Expansion : APN_S3_N3,2,african bush elephant,,9,train
https://storage.googleapis.com/public-datasets-lila/wcs-unzipped/animals/0193/0196.jpg,WCS Camera Traps : 0d188d62-92d5-11e9-9c41-000d3a74c7de,WCS Camera Traps : ken-008-d0018-148,WCS Camera Traps : 1201,13,african bush elephant,10-06-2010 18:26:53,9,train
https://storage.googleapis.com/public-datasets-lila/snapshot-safari-2024-expansion/MAD/MAD_S3/I08/I08_R10/MAD_S3_I08_R10_IMAG0172.JPG,Snapshot Safari 2024 Expansion : MAD/MAD_S3/I08/I08_R10/MAD_S3_I08_R10_IMAG0172.JPG,Snapshot Safari 2024 Expansion : MAD_S3#I08#10#58,Snapshot Safari 2024 Expansion : MAD_S3_I08,0,african bush elephant,,9,test
https://storage.googleapis.com/public-datasets-lila/snapshot-safari-2024-expansion/SER/SER_S13/C11/C11_R3/SER_S13_C11_R3_IMAG0058.JPG,Snapshot Safari 2024 Expansion : SER/SER_S13/C11/C11_R3/SER_S13_C11_R3_IMAG0058.JPG,Snapshot Safari 2024 Expansion : SER_S13#C11#3#56,Snapshot Safari 2024 Expansion : SER_S13_C11,0,african bush elephant,,9,val
https://storage.googleapis.com/public-datasets-lila/snapshot-safari-2024-expansion/MAD/MAD_S2/F04/F04_R6/MAD_S2_F04_R6_IMAG0094.JPG,Snapshot Safari 2024 Expansion : MAD/MAD_S2/F04/F04_R6/MAD_S2_F04_R6_IMAG0094.JPG,Snapshot Safari 2024 Expansion : MAD_S2#F04#6#32,Snapshot Safari 2024 Expansion : MAD_S2_F04,0,african bush elephant,,9,train
https://storage.googleapis.com/public-datasets-lila/snapshot-safari-2024-expansion/Snapshot Cameo/EFA/EFA_S1/EFA06/EFA06_R31/EFA_S1_EFA06_R31_IMAG0151.JPG,Snapshot Safari 2024 Expansion : Snapshot Cameo/EFA/EFA_S1/EFA06/EFA06_R31/EFA_S1_EFA06_R31_IMAG0151.JPG,Snapshot Safari 2024 Expansion : EFA_S1#EFA06#31#49,Snapshot Safari 2024 Expansion : EFA_S1_EFA06,1,african bush elephant,,9,train
https://storage.googleapis.com/public-datasets-lila/snapshot-safari-2024-expansion/Snapshot Cameo/EFA/EFA_S1/EFA08/EFA08_R24/EFA_S1_EFA08_R24_IMAG0363.JPG,Snapshot Safari 2024 Expansion : Snapshot Cameo/EFA/EFA_S1/EFA08/EFA08_R24/EFA_S1_EFA08_R24_IMAG0363.JPG,Snapshot Safari 2024 Expansion : EFA_S1#EFA08#24#49,Snapshot Safari 2024 Expansion : EFA_S1_EFA08,0,african bush elephant,,9,test
https://storage.googleapis.com/public-datasets-lila/wcs-unzipped/animals/0350/1670.jpg,WCS Camera Traps : 4727f43a-92d5-11e9-82ea-000d3a74c7de,WCS Camera Traps : ken-016-d0091-74,WCS Camera Traps : 1315,18,african bush elephant,03-04-2013 00:05:03,9,val
https://storage.googleapis.com/public-datasets-lila/snapshot-safari-2024-expansion/PLN/PLN_S1/B05/B05_R1/PLN_S1_B05_R1_IMAG0020.JPG,Snapshot Safari 2024 Expansion : PLN/PLN_S1/B05/B05_R1/PLN_S1_B05_R1_IMAG0020.JPG,Snapshot Safari 2024 Expansion : PLN_S1#B05#1#8,Snapshot Safari 2024 Expansion : PLN_S1_B05,0,african bush elephant,,9,train
https://storage.googleapis.com/public-datasets-lila/snapshot-safari-2024-expansion/MAD/MAD_S3/MAD03/MAD03_R08/MAD_S3_MAD03_R08_IMAG2856.JPG,Snapshot Safari 2024 Expansion : MAD/MAD_S3/MAD03/MAD03_R08/MAD_S3_MAD03_R08_IMAG2856.JPG,Snapshot Safari 2024 Expansion : MAD_S3#MAD03#08#952,Snapshot Safari 2024 Expansion : MAD_S3_MAD03,2,african bush elephant,,9,train
https://storage.googleapis.com/public-datasets-lila/snapshotserengeti-unzipped/S6/B13/B13_R2/S6_B13_R2_IMAG0209.JPG,Snapshot Serengeti : S6/B13/B13_R2/S6_B13_R2_IMAG0209,Snapshot Serengeti : SER_S6#B13#2#81,Snapshot Serengeti : B13,1,african bush elephant,03-25-2013 08:05:51,9,train
https://storage.googleapis.com/public-datasets-lila/snapshot-safari-2024-expansion/APN/APN_S2/DW/DW_R7/APN_S2_DW_R7_IMAG1345.JPG,Snapshot Safari 2024 Expansion : APN/APN_S2/DW/DW_R7/APN_S2_DW_R7_IMAG1345.JPG,Snapshot Safari 2024 Expansion : APN_S2#DW#7#488,Snapshot Safari 2024 Expansion : APN_S2_DW,2,african bush elephant,,9,train
https://storage.googleapis.com/public-datasets-lila/snapshotserengeti-unzipped/S5/C02/C02_R3/S5_C02_R3_IMAG0814.JPG,Snapshot Serengeti : S5/C02/C02_R3/S5_C02_R3_IMAG0814,Snapshot Serengeti : SER_S5#C02#3#325,Snapshot Serengeti : C02,1,african bush elephant,11-17-2012 10:20:44,9,val
https://storage.googleapis.com/public-datasets-lila/snapshotserengeti-unzipped/S7/H08/H08_R2/S7_H08_R2_IMAG0103.JPG,Snapshot Serengeti : S7/H08/H08_R2/S7_H08_R2_IMAG0103,Snapshot Serengeti : SER_S7#H08#2#39,Snapshot Serengeti : H08,1,african bush elephant,07-18-2013 11:42:09,9,train
https://storage.googleapis.com/public-datasets-lila/snapshotserengeti-unzipped/S5/L10/L10_R2/S5_L10_R2_IMAG3168.JPG,Snapshot Serengeti : S5/L10/L10_R2/S5_L10_R2_IMAG3168,Snapshot Serengeti : SER_S5#L10#2#1402,Snapshot Serengeti : L10,1,african bush elephant,10-22-2012 12:04:28,9,test
https://storage.googleapis.com/public-datasets-lila/snapshot-safari-2024-expansion/MAD/MAD_S2/B05/B05_R7/MAD_S2_B05_R7_IMAG0249.JPG,Snapshot Safari 2024 Expansion : MAD/MAD_S2/B05/B05_R7/MAD_S2_B05_R7_IMAG0249.JPG,Snapshot Safari 2024 Expansion : MAD_S2#B05#7#83,Snapshot Safari 2024 Expansion : MAD_S2_B05,2,african bush elephant,,9,train
https://storage.googleapis.com/public-datasets-lila/snapshot-safari-2024-expansion/ENO/ENO_S2/E06/E06_R3/ENO_S2_E06_R3_IMAG0705.JPG,Snapshot Safari 2024 Expansion : ENO/ENO_S2/E06/E06_R3/ENO_S2_E06_R3_IMAG0705.JPG,Snapshot Safari 2024 Expansion : ENO_S2#E06#3#342,Snapshot Safari 2024 Expansion : ENO_S2_E06,1,african bush elephant,,9,train
https://storage.googleapis.com/public-datasets-lila/snapshot-safari-2024-expansion/APN/APN_S2/U63c/U63c_R6/APN_S2_U63c_R6_IMAG0110.JPG,Snapshot Safari 2024 Expansion : APN/APN_S2/U63c/U63c_R6/APN_S2_U63c_R6_IMAG0110.JPG,Snapshot Safari 2024 Expansion : APN_S2#U63c#6#39,Snapshot Safari 2024 Expansion : APN_S2_U63C,1,african bush elephant,,9,train
https://storage.googleapis.com/public-datasets-lila/snapshotserengeti-unzipped/S9/C03/C03_R2/S9_C03_R2_IMAG0036.JPG,Snapshot Serengeti : S9/C03/C03_R2/S9_C03_R2_IMAG0036,Snapshot Serengeti : SER_S9#C03#2#16,Snapshot Serengeti : C03,1,african bush elephant,09-18-2014 07:55:34,9,train
https://storage.googleapis.com/public-datasets-lila/wcs-unzipped/animals/0204/1969.jpg,WCS Camera Traps : 11749504-92d5-11e9-a9a8-000d3a74c7de,WCS Camera Traps : ken-007-d0054-101,WCS Camera Traps : 1275,24,african bush elephant,02-26-2012 06:53:28,9,test
https://storage.googleapis.com/public-datasets-lila/snapshot-safari-2024-expansion/Snapshot Cameo/EFA/EFA_S1/EFA07/EFA07_R43/EFA_S1_EFA07_R43_IMAG0007.JPG,Snapshot Safari 2024 Expansion : Snapshot Cameo/EFA/EFA_S1/EFA07/EFA07_R43/EFA_S1_EFA07_R43_IMAG0007.JPG,Snapshot Safari 2024 Expansion : EFA_S1#EFA07#43#3,Snapshot Safari 2024 Expansion : EFA_S1_EFA07,1,african bush elephant,,9,train
https://storage.googleapis.com/public-datasets-lila/snapshotserengeti-unzipped/SER_S11/F02/F02_R1/SER_S11_F02_R1_IMAG0341.JPG,Snapshot Serengeti : SER_S11/F02/F02_R1/SER_S11_F02_R1_IMAG0341,Snapshot Serengeti : SER_S11#F02#1#159,Snapshot Serengeti : F02,2,african bush elephant,08-29-2015 17:53:51,9,train
https://storage.googleapis.com/public-datasets-lila/snapshotserengeti-unzipped/SER_S11/H02/H02_R1/SER_S11_H02_R1_IMAG0194.JPG,Snapshot Serengeti : SER_S11/H02/H02_R1/SER_S11_H02_R1_IMAG0194,Snapshot Serengeti : SER_S11#H02#1#79,Snapshot Serengeti : H02,1,african bush elephant,08-07-2015 14:08:54,9,train
https://storage.googleapis.com/public-datasets-lila/snapshot-safari-2024-expansion/MAD/MAD_S1/MAD03/MAD03_R4/MAD_S1_MAD03_R4_IMAG5104.JPG,Snapshot Safari 2024 Expansion : MAD/MAD_S1/MAD03/MAD03_R4/MAD_S1_MAD03_R4_IMAG5104.JPG,Snapshot Safari 2024 Expansion : MAD_S1#MAD03#4#1702,Snapshot Safari 2024 Expansion : MAD_S1_MAD03,2,african bush elephant,,9,train
https://storage.googleapis.com/public-datasets-lila/snapshot-safari-2024-expansion/Snapshot Cameo/EFA/EFA_S1/EFA06/EFA06_R41/EFA_S1_EFA06_R41_IMAG0010.JPG,Snapshot Safari 2024 Expansion : Snapshot Cameo/EFA/EFA_S1/EFA06/EFA06_R41/EFA_S1_EFA06_R41_IMAG0010.JPG,Snapshot Safari 2024 Expansion : EFA_S1#EFA06#41#3,Snapshot Safari 2024 Expansion : EFA_S1_EFA06,0,african bush elephant,,9,train
https://storage.googleapis.com/public-datasets-lila/snapshot-safari-2024-expansion/KRU/KRU_S2/22/22_R3/KRU_S2_22_R3_IMAG0414.JPG,Snapshot Safari 2024 Expansion : KRU/KRU_S2/22/22_R3/KRU_S2_22_R3_IMAG0414.JPG,Snapshot Safari 2024 Expansion : KRU_S2#22#3#191,Snapshot Safari 2024 Expansion : KRU_S2_22,0,african bush elephant,,9,train
https://storage.googleapis.com/public-datasets-lila/snapshot-safari-2024-expansion/MAD/MAD_S2/MAD06/MAD06_R6/MAD_S2_MAD06_R6_IMAG1029.JPG,Snapshot Safari 2024 Expansion : MAD/MAD_S2/MAD06/MAD06_R6/MAD_S2_MAD06_R6_IMAG1029.JPG,Snapshot Safari 2024 Expansion : MAD_S2#MAD06#6#343,Snapshot Safari 2024 Expansion : MAD_S2_MAD06,2,african bush elephant,,9,val
https://storage.googleapis.com/public-datasets-lila/snapshot-safari-2024-expansion/KRU/KRU_S1/11/11_R1/KRU_S1_11_R1_IMAG0061.JPG,Snapshot Safari 2024 Expansion : KRU/KRU_S1/11/11_R1/KRU_S1_11_R1_IMAG0061.JPG,Snapshot Safari 2024 Expansion : KRU_S1#11#1#37,Snapshot Safari 2024 Expansion : KRU_S1_11,0,african bush elephant,,9,train
https://storage.googleapis.com/public-datasets-lila/wcs-unzipped/animals/0372/1755.jpg,WCS Camera Traps : 4f15591e-92d5-11e9-8a86-000d3a74c7de,WCS Camera Traps : ken-014-d0110-7,WCS Camera Traps : 2739,1,african bush elephant,09-10-2009 16:57:15,9,train
https://storage.googleapis.com/public-datasets-lila/snapshot-safari-2024-expansion/RUA/RUA_S1/M21/M21_R1/RUA_S1_M21_R1_IMAG2567.JPG,Snapshot Safari 2024 Expansion : RUA/RUA_S1/M21/M21_R1/RUA_S1_M21_R1_IMAG2567.JPG,Snapshot Safari 2024 Expansion : RUA_S1#M21#1#2567,Snapshot Safari 2024 Expansion : RUA_S1_M21,0,african bush elephant,,9,train
https://storage.googleapis.com/public-datasets-lila/snapshot-safari-2024-expansion/MAD/MAD_S1/MAD04/MAD04_R4/MAD_S1_MAD04_R4_IMAG2611.JPG,Snapshot Safari 2024 Expansion : MAD/MAD_S1/MAD04/MAD04_R4/MAD_S1_MAD04_R4_IMAG2611.JPG,Snapshot Safari 2024 Expansion : MAD_S1#MAD04#4#871,Snapshot Safari 2024 Expansion : MAD_S1_MAD04,0,african bush elephant,,9,val
https://storage.googleapis.com/public-datasets-lila/snapshot-safari-2024-expansion/MAD/MAD_S2/MAD03/MAD03_R6/MAD_S2_MAD03_R6_IMAG4038.JPG,Snapshot Safari 2024 Expansion : MAD/MAD_S2/MAD03/MAD03_R6/MAD_S2_MAD03_R6_IMAG4038.JPG,Snapshot Safari 2024 Expansion : MAD_S2#MAD03#6#1346,Snapshot Safari 2024 Expansion : MAD_S2_MAD03,2,african bush elephant,,9,train
https://storage.googleapis.com/public-datasets-lila/snapshotserengeti-unzipped/S1/J08/J08_R1/S1_J08_R1_PICT0107.JPG,Snapshot Serengeti : S1/J08/J08_R1/S1_J08_R1_PICT0107,Snapshot Serengeti : SER_S1#J08#1#35,Snapshot Serengeti : J08,2,african bush elephant,09-18-2010 15:03:06,9,val
https://storage.googleapis.com/public-datasets-lila/snapshot-safari-2024-expansion/APN/APN_S4/JJ5/JJ5_R14/APN_S4_JJ5_R14_IMAG0545.JPG,Snapshot Safari 2024 Expansion : APN/APN_S4/JJ5/JJ5_R14/APN_S4_JJ5_R14_IMAG0545.JPG,Snapshot Safari 2024 Expansion : APN_S4#JJ5#14#251,Snapshot Safari 2024 Expansion : APN_S4_JJ5,0,african bush elephant,,9,train
https://storage.googleapis.com/public-datasets-lila/snapshotserengeti-unzipped/S3/L11/L11_R12/S3_L11_R12_IMAG0474.JPG,Snapshot Serengeti : S3/L11/L11_R12/S3_L11_R12_IMAG0474,Snapshot Serengeti : SER_S3#L11#12#204,Snapshot Serengeti : L11,1,african bush elephant,12-20-2011 17:44:23,9,val
https://storage.googleapis.com/public-datasets-lila/snapshot-safari-2024-expansion/PLN/PLN_S3a/C05/C05_R8/PLN_S3a_C05_R8_IMAG0073.JPG,Snapshot Safari 2024 Expansion : PLN/PLN_S3a/C05/C05_R8/PLN_S3a_C05_R8_IMAG0073.JPG,Snapshot Safari 2024 Expansion : PLN_S3a#C05#8#30,Snapshot Safari 2024 Expansion : PLN_S3A_C05,1,african bush elephant,,9,val
https://storage.googleapis.com/public-datasets-lila/snapshotserengeti-unzipped/S3/I11/I11_R12/S3_I11_R12_IMAG0540.JPG,Snapshot Serengeti : S3/I11/I11_R12/S3_I11_R12_IMAG0540,Snapshot Serengeti : SER_S3#I11#12#188,Snapshot Serengeti : I11,3,african bush elephant,12-29-2011 13:04:34,9,train
https://storage.googleapis.com/public-datasets-lila/snapshot-safari-2024-expansion/MAD/MAD_S2/MAD03/MAD03_R6/MAD_S2_MAD03_R6_IMAG0997.JPG,Snapshot Safari 2024 Expansion : MAD/MAD_S2/MAD03/MAD03_R6/MAD_S2_MAD03_R6_IMAG0997.JPG,Snapshot Safari 2024 Expansion : MAD_S2#MAD03#6#333,Snapshot Safari 2024 Expansion : MAD_S2_MAD03,0,african bush elephant,,9,train
https://storage.googleapis.com/public-datasets-lila/snapshot-safari-2024-expansion/APN/APN_S4/JJ6/JJ6_R14/APN_S4_JJ6_R14_IMAG0927.JPG,Snapshot Safari 2024 Expansion : APN/APN_S4/JJ6/JJ6_R14/APN_S4_JJ6_R14_IMAG0927.JPG,Snapshot Safari 2024 Expansion : APN_S4#JJ6#14#376,Snapshot Safari 2024 Expansion : APN_S4_JJ6,1,african bush elephant,,9,train
https://storage.googleapis.com/public-datasets-lila/snapshot-safari-2024-expansion/Snapshot Cameo/EFA/EFA_S1/EFA06/EFA06_R22/EFA_S1_EFA06_R22_IMAG0468.JPG,Snapshot Safari 2024 Expansion : Snapshot Cameo/EFA/EFA_S1/EFA06/EFA06_R22/EFA_S1_EFA06_R22_IMAG0468.JPG,Snapshot Safari 2024 Expansion : EFA_S1#EFA06#22#386,Snapshot Safari 2024 Expansion : EFA_S1_EFA06,0,african bush elephant,,9,train
https://storage.googleapis.com/public-datasets-lila/snapshotserengeti-unzipped/S4/R09/R09_R2/S4_R09_R2_IMAG5436.JPG,Snapshot Serengeti : S4/R09/R09_R2/S4_R09_R2_IMAG5436,Snapshot Serengeti : SER_S4#R09#2#2360,Snapshot Serengeti : R09,1,african bush elephant,04-13-2012 16:48:52,9,train
https://storage.googleapis.com/public-datasets-lila/snapshotserengeti-unzipped/S3/F07/F07_R12/S3_F07_R12_IMAG0754.JPG,Snapshot Serengeti : S3/F07/F07_R12/S3_F07_R12_IMAG0754,Snapshot Serengeti : SER_S3#F07#12#288,Snapshot Serengeti : F07,1,african bush elephant,12-14-2011 13:06:08,9,test
https://storage.googleapis.com/public-datasets-lila/snapshot-safari-2024-expansion/APN/APN_S4/U64c/U64c_R13/APN_S4_U64c_R13_IMAG0098.JPG,Snapshot Safari 2024 Expansion : APN/APN_S4/U64c/U64c_R13/APN_S4_U64c_R13_IMAG0098.JPG,Snapshot Safari 2024 Expansion : APN_S4#U64c#13#36,Snapshot Safari 2024 Expansion : APN_S4_U64C,2,african bush elephant,,9,train
https://storage.googleapis.com/public-datasets-lila/snapshot-safari-2024-expansion/MAD/MAD_S3/MAD03/MAD03_R09/MAD_S3_MAD03_R09_IMAG2396.JPG,Snapshot Safari 2024 Expansion : MAD/MAD_S3/MAD03/MAD03_R09/MAD_S3_MAD03_R09_IMAG2396.JPG,Snapshot Safari 2024 Expansion : MAD_S3#MAD03#09#800,Snapshot Safari 2024 Expansion : MAD_S3_MAD03,0,african bush elephant,,9,train
https://storage.googleapis.com/public-datasets-lila/snapshot-safari-2024-expansion/Snapshot Cameo/EFA/EFA_S1/EFA07/EFA07_R37/EFA_S1_EFA07_R37_IMAG1930.JPG,Snapshot Safari 2024 Expansion : Snapshot Cameo/EFA/EFA_S1/EFA07/EFA07_R37/EFA_S1_EFA07_R37_IMAG1930.JPG,Snapshot Safari 2024 Expansion : EFA_S1#EFA07#37#372,Snapshot Safari 2024 Expansion : EFA_S1_EFA07,2,african bush elephant,,9,train
https://storage.googleapis.com/public-datasets-lila/snapshot-safari-2024-expansion/PLN/PLN_S1/B05/B05_R1/PLN_S1_B05_R1_IMAG0052.JPG,Snapshot Safari 2024 Expansion : PLN/PLN_S1/B05/B05_R1/PLN_S1_B05_R1_IMAG0052.JPG,Snapshot Safari 2024 Expansion : PLN_S1#B05#1#20,Snapshot Safari 2024 Expansion : PLN_S1_B05,2,african bush elephant,,9,train
https://storage.googleapis.com/public-datasets-lila/snapshotserengeti-unzipped/S10/G05/G05_R2/S10_G05_R2_IMAG0666.JPG,Snapshot Serengeti : S10/G05/G05_R2/S10_G05_R2_IMAG0666,Snapshot Serengeti : SER_S10#G05#2#234,Snapshot Serengeti : G05,1,african bush elephant,05-08-2015 12:04:29,9,train
https://storage.googleapis.com/public-datasets-lila/snapshot-safari-2024-expansion/Snapshot Cameo/EFA/EFA_S1/EFA04/EFA04_R16/EFA_S1_EFA04_R16_IMAG0092.JPG,Snapshot Safari 2024 Expansion : Snapshot Cameo/EFA/EFA_S1/EFA04/EFA04_R16/EFA_S1_EFA04_R16_IMAG0092.JPG,Snapshot Safari 2024 Expansion : EFA_S1#EFA04#16#37,Snapshot Safari 2024 Expansion : EFA_S1_EFA04,1,african bush elephant,,9,val
https://storage.googleapis.com/public-datasets-lila/snapshotserengeti-unzipped/S10/J09/J09_R1/S10_J09_R1_IMAG0309.JPG,Snapshot Serengeti : S10/J09/J09_R1/S10_J09_R1_IMAG0309,Snapshot Serengeti : SER_S10#J09#1#117,Snapshot Serengeti : J09,3,african bush elephant,01-15-2015 13:47:47,9,train
https://storage.googleapis.com/public-datasets-lila/snapshotserengeti-unzipped/S7/H11/H11_R1/S7_H11_R1_IMAG0925.JPG,Snapshot Serengeti : S7/H11/H11_R1/S7_H11_R1_IMAG0925,Snapshot Serengeti : SER_S7#H11#1#325,Snapshot Serengeti : H11,3,african bush elephant,06-02-2013 07:58:13,9,val
https://storage.googleapis.com/public-datasets-lila/snapshotserengeti-unzipped/S7/O11/O11_R1/S7_O11_R1_IMAG0037.JPG,Snapshot Serengeti : S7/O11/O11_R1/S7_O11_R1_IMAG0037,Snapshot Serengeti : SER_S7#O11#1#15,Snapshot Serengeti : O11,1,african bush elephant,05-04-2013 10:53:11,9,train
https://storage.googleapis.com/public-datasets-lila/snapshot-safari-2024-expansion/MAD/MAD_S3/MAD03/MAD03_R08/MAD_S3_MAD03_R08_IMAG1371.JPG,Snapshot Safari 2024 Expansion : MAD/MAD_S3/MAD03/MAD03_R08/MAD_S3_MAD03_R08_IMAG1371.JPG,Snapshot Safari 2024 Expansion : MAD_S3#MAD03#08#457,Snapshot Safari 2024 Expansion : MAD_S3_MAD03,2,african bush elephant,,9,train
https://storage.googleapis.com/public-datasets-lila/snapshot-safari-2024-expansion/Snapshot Cameo/EFA/EFA_S1/EFA08/EFA08_R13/EFA_S1_EFA08_R13_IMAG1062.JPG,Snapshot Safari 2024 Expansion : Snapshot Cameo/EFA/EFA_S1/EFA08/EFA08_R13/EFA_S1_EFA08_R13_IMAG1062.JPG,Snapshot Safari 2024 Expansion : EFA_S1#EFA08#13#187,Snapshot Safari 2024 Expansion : EFA_S1_EFA08,1,african bush elephant,,9,test
https://storage.googleapis.com/public-datasets-lila/snapshot-safari-2024-expansion/KRU/KRU_S2/7/7_R3/KRU_S2_7_R3_IMAG1434.JPG,Snapshot Safari 2024 Expansion : KRU/KRU_S2/7/7_R3/KRU_S2_7_R3_IMAG1434.JPG,Snapshot Safari 2024 Expansion : KRU_S2#7#3#589,Snapshot Safari 2024 Expansion : KRU_S2_7,0,african bush elephant,,9,train
https://storage.googleapis.com/public-datasets-lila/snapshot-safari-2024-expansion/MAD/MAD_S1/I08/I08_R3/MAD_S1_I08_R3_IMAG0039.JPG,Snapshot Safari 2024 Expansion : MAD/MAD_S1/I08/I08_R3/MAD_S1_I08_R3_IMAG0039.JPG,Snapshot Safari 2024 Expansion : MAD_S1#I08#3#13,Snapshot Safari 2024 Expansion : MAD_S1_I08,2,african bush elephant,,9,train
https://storage.googleapis.com/public-datasets-lila/snapshotserengeti-unzipped/S4/I12/I12_R1/S4_I12_R1_IMAG0047.JPG,Snapshot Serengeti : S4/I12/I12_R1/S4_I12_R1_IMAG0047,Snapshot Serengeti : SER_S4#I12#1#44,Snapshot Serengeti : I12,1,african bush elephant,01-16-2012 20:56:29,9,train
https://storage.googleapis.com/public-datasets-lila/snapshot-safari-2024-expansion/KRU/KRU_S2/44/44_R4/KRU_S2_44_R4_IMAG0392.JPG,Snapshot Safari 2024 Expansion : KRU/KRU_S2/44/44_R4/KRU_S2_44_R4_IMAG0392.JPG,Snapshot Safari 2024 Expansion : KRU_S2#44#4#175,Snapshot Safari 2024 Expansion : KRU_S2_44,1,african bush elephant,,9,train
https://storage.googleapis.com/public-datasets-lila/snapshotserengeti-unzipped/S3/I12/I12_R11/S3_I12_R11_IMAG0078.JPG,Snapshot Serengeti : S3/I12/I12_R11/S3_I12_R11_IMAG0078,Snapshot Serengeti : SER_S3#I12#11#40,Snapshot Serengeti : I12,1,african bush elephant,09-26-2011 09:50:05,9,train
https://storage.googleapis.com/public-datasets-lila/snapshotserengeti-unzipped/S7/P13/P13_R1/S7_P13_R1_IMAG0566.JPG,Snapshot Serengeti : S7/P13/P13_R1/S7_P13_R1_IMAG0566,Snapshot Serengeti : SER_S7#P13#1#217,Snapshot Serengeti : P13,2,african bush elephant,05-20-2013 11:42:23,9,train
https://storage.googleapis.com/public-datasets-lila/snapshot-safari-2024-expansion/Snapshot Cameo/EFA/EFA_S1/EFA06/EFA06_R11/EFA_S1_EFA06_R11_IMAG0574.JPG,Snapshot Safari 2024 Expansion : Snapshot Cameo/EFA/EFA_S1/EFA06/EFA06_R11/EFA_S1_EFA06_R11_IMAG0574.JPG,Snapshot Safari 2024 Expansion : EFA_S1#EFA06#11#574,Snapshot Safari 2024 Expansion : EFA_S1_EFA06,0,african bush elephant,,9,train
https://storage.googleapis.com/public-datasets-lila/snapshot-safari-2024-expansion/MAD/MAD_S3/MAD01/MAD01_R08/MAD_S3_MAD01_R08_IMAG0638.JPG,Snapshot Safari 2024 Expansion : MAD/MAD_S3/MAD01/MAD01_R08/MAD_S3_MAD01_R08_IMAG0638.JPG,Snapshot Safari 2024 Expansion : MAD_S3#MAD01#08#213,Snapshot Safari 2024 Expansion : MAD_S3_MAD01,1,african bush elephant,,9,train
https://storage.googleapis.com/public-datasets-lila/snapshot-safari-2024-expansion/APN/APN_S3/TB17/TB17_R3/APN_S3_TB17_R3_IMAG0271.JPG,Snapshot Safari 2024 Expansion : APN/APN_S3/TB17/TB17_R3/APN_S3_TB17_R3_IMAG0271.JPG,Snapshot Safari 2024 Expansion : APN_S3#TB17#3#109,Snapshot Safari 2024 Expansion : APN_S3_TB17,0,african bush elephant,,9,train
https://storage.googleapis.com/public-datasets-lila/snapshot-safari-2024-expansion/MAD/MAD_S3/MAD03/MAD03_R08/MAD_S3_MAD03_R08_IMAG5655.JPG,Snapshot Safari 2024 Expansion : MAD/MAD_S3/MAD03/MAD03_R08/MAD_S3_MAD03_R08_IMAG5655.JPG,Snapshot Safari 2024 Expansion : MAD_S3#MAD03#08#1885,Snapshot Safari 2024 Expansion : MAD_S3_MAD03,2,african bush elephant,,9,train
https://storage.googleapis.com/public-datasets-lila/snapshotserengeti-unzipped/S9/H13/H13_R1/S9_H13_R1_IMAG2829.JPG,Snapshot Serengeti : S9/H13/H13_R1/S9_H13_R1_IMAG2829,Snapshot Serengeti : SER_S9#H13#1#967,Snapshot Serengeti : H13,2,african bush elephant,08-06-2014 15:43:33,9,train
https://storage.googleapis.com/public-datasets-lila/snapshot-safari-2024-expansion/MAD/MAD_S3/MAD04/MAD04_R10/MAD_S3_MAD04_R10_IMAG1125.JPG,Snapshot Safari 2024 Expansion : MAD/MAD_S3/MAD04/MAD04_R10/MAD_S3_MAD04_R10_IMAG1125.JPG,Snapshot Safari 2024 Expansion : MAD_S3#MAD04#10#375,Snapshot Safari 2024 Expansion : MAD_S3_MAD04,2,african bush elephant,,9,train
https://storage.googleapis.com/public-datasets-lila/snapshotserengeti-unzipped/S5/J12/J12_R3/S5_J12_R3_IMAG0169.JPG,Snapshot Serengeti : S5/J12/J12_R3/S5_J12_R3_IMAG0169,Snapshot Serengeti : SER_S5#J12#3#59,Snapshot Serengeti : J12,1,african bush elephant,10-18-2012 13:39:28,9,train
https://storage.googleapis.com/public-datasets-lila/snapshot-safari-2024-expansion/MAD/MAD_S1/MAD01/MAD01_R4/MAD_S1_MAD01_R4_IMAG2004.JPG,Snapshot Safari 2024 Expansion : MAD/MAD_S1/MAD01/MAD01_R4/MAD_S1_MAD01_R4_IMAG2004.JPG,Snapshot Safari 2024 Expansion : MAD_S1#MAD01#4#668,Snapshot Safari 2024 Expansion : MAD_S1_MAD01,2,african bush elephant,,9,train
https://storage.googleapis.com/public-datasets-lila/snapshot-safari-2024-expansion/MAD/MAD_S2/MAD06/MAD06_R5/MAD_S2_MAD06_R5_IMAG1531.JPG,Snapshot Safari 2024 Expansion : MAD/MAD_S2/MAD06/MAD06_R5/MAD_S2_MAD06_R5_IMAG1531.JPG,Snapshot Safari 2024 Expansion : MAD_S2#MAD06#5#511,Snapshot Safari 2024 Expansion : MAD_S2_MAD06,0,african bush elephant,,9,val
https://storage.googleapis.com/public-datasets-lila/snapshotserengeti-unzipped/S5/P04/P04_R1/S5_P04_R1_IMAG0861.JPG,Snapshot Serengeti : S5/P04/P04_R1/S5_P04_R1_IMAG0861,Snapshot Serengeti : SER_S5#P04#1#368,Snapshot Serengeti : P04,1,african bush elephant,07-16-2012 09:14:11,9,train
https://storage.googleapis.com/public-datasets-lila/snapshotserengeti-unzipped/S4/D07/D07_R1/S4_D07_R1_IMAG0162.JPG,Snapshot Serengeti : S4/D07/D07_R1/S4_D07_R1_IMAG0162,Snapshot Serengeti : SER_S4#D07#1#58,Snapshot Serengeti : D07,2,african bush elephant,01-24-2012 09:56:37,9,train
https://storage.googleapis.com/public-datasets-lila/snapshot-safari-2024-expansion/APN/APN_S3/TB17/TB17_R3/APN_S3_TB17_R3_IMAG0296.JPG,Snapshot Safari 2024 Expansion : APN/APN_S3/TB17/TB17_R3/APN_S3_TB17_R3_IMAG0296.JPG,Snapshot Safari 2024 Expansion : APN_S3#TB17#3#117,Snapshot Safari 2024 Expansion : APN_S3_TB17,1,african bush elephant,,9,train
https://storage.googleapis.com/public-datasets-lila/snapshot-safari-2024-expansion/KRU/KRU_S3/40/40_R5/KRU_S3_40_R5_IMAG0071.JPG,Snapshot Safari 2024 Expansion : KRU/KRU_S3/40/40_R5/KRU_S3_40_R5_IMAG0071.JPG,Snapshot Safari 2024 Expansion : KRU_S3#40#5#58,Snapshot Safari 2024 Expansion : KRU_S3_40,0,african bush elephant,,9,train
https://storage.googleapis.com/public-datasets-lila/snapshot-safari-2024-expansion/APN/APN_S4/N1/N1_R13/APN_S4_N1_R13_IMAG0270.JPG,Snapshot Safari 2024 Expansion : APN/APN_S4/N1/N1_R13/APN_S4_N1_R13_IMAG0270.JPG,Snapshot Safari 2024 Expansion : APN_S4#N1#13#119,Snapshot Safari 2024 Expansion : APN_S4_N1,0,african bush elephant,,9,train
https://storage.googleapis.com/public-datasets-lila/snapshotserengeti-unzipped/S8/B05/B05_R1/S8_B05_R1_IMAG0060.JPG,Snapshot Serengeti : S8/B05/B05_R1/S8_B05_R1_IMAG0060,Snapshot Serengeti : SER_S8#B05#1#25,Snapshot Serengeti : B05,3,african bush elephant,11-01-2013 07:04:30,9,train
https://storage.googleapis.com/public-datasets-lila/snapshot-safari-2024-expansion/SER/SER_S12/C03/C03_R2/SER_S12_C03_R2_IMAG0161.JPG,Snapshot Safari 2024 Expansion : SER/SER_S12/C03/C03_R2/SER_S12_C03_R2_IMAG0161.JPG,Snapshot Safari 2024 Expansion : SER_S12#C03#2#63,Snapshot Safari 2024 Expansion : SER_S12_C03,2,african bush elephant,,9,test
https://storage.googleapis.com/public-datasets-lila/snapshotserengeti-unzipped/SER_S11/K10/K10_R1/SER_S11_K10_R1_IMAG0481.JPG,Snapshot Serengeti : SER_S11/K10/K10_R1/SER_S11_K10_R1_IMAG0481,Snapshot Serengeti : SER_S11#K10#1#163,Snapshot Serengeti : K10,2,african bush elephant,07-17-2015 11:31:14,9,train
https://storage.googleapis.com/public-datasets-lila/snapshot-safari-2024-expansion/APN/APN_S3/U24b/U24b_R10/APN_S3_U24b_R10_IMAG0330.JPG,Snapshot Safari 2024 Expansion : APN/APN_S3/U24b/U24b_R10/APN_S3_U24b_R10_IMAG0330.JPG,Snapshot Safari 2024 Expansion : APN_S3#U24b#10#130,Snapshot Safari 2024 Expansion : APN_S3_U24B,2,african bush elephant,,9,train
https://storage.googleapis.com/public-datasets-lila/snapshot-safari-2024-expansion/PLN/PLN_S2/C05/C05_R5/PLN_S2_C05_R5_IMAG0356.JPG,Snapshot Safari 2024 Expansion : PLN/PLN_S2/C05/C05_R5/PLN_S2_C05_R5_IMAG0356.JPG,Snapshot Safari 2024 Expansion : PLN_S2#C05#5#137,Snapshot Safari 2024 Expansion : PLN_S2_C05,1,african bush elephant,,9,val
https://storage.googleapis.com/public-datasets-lila/snapshotserengeti-unzipped/S8/F01/F01_R2/S8_F01_R2_IMAG0124.JPG,Snapshot Serengeti : S8/F01/F01_R2/S8_F01_R2_IMAG0124,Snapshot Serengeti : SER_S8#F01#2#48,Snapshot Serengeti : F01,1,african bush elephant,12-22-2013 17:53:35,9,test
https://storage.googleapis.com/public-datasets-lila/snapshot-safari-2024-expansion/MAD/MAD_S2/MAD03/MAD03_R7/MAD_S2_MAD03_R7_IMAG0745.JPG,Snapshot Safari 2024 Expansion : MAD/MAD_S2/MAD03/MAD03_R7/MAD_S2_MAD03_R7_IMAG0745.JPG,Snapshot Safari 2024 Expansion : MAD_S2#MAD03#7#249,Snapshot Safari 2024 Expansion : MAD_S2_MAD03,0,african bush elephant,,9,train
https://storage.googleapis.com/public-datasets-lila/snapshotserengeti-unzipped/S9/C03/C03_R2/S9_C03_R2_IMAG0033.JPG,Snapshot Serengeti : S9/C03/C03_R2/S9_C03_R2_IMAG0033,Snapshot Serengeti : SER_S9#C03#2#15,Snapshot Serengeti : C03,1,african bush elephant,09-18-2014 07:53:48,9,train
https://storage.googleapis.com/public-datasets-lila/snapshot-safari-2024-expansion/MAD/MAD_S3/MAD03/MAD03_R10/MAD_S3_MAD03_R10_IMAG0462.JPG,Snapshot Safari 2024 Expansion : MAD/MAD_S3/MAD03/MAD03_R10/MAD_S3_MAD03_R10_IMAG0462.JPG,Snapshot Safari 2024 Expansion : MAD_S3#MAD03#10#154,Snapshot Safari 2024 Expansion : MAD_S3_MAD03,2,african bush elephant,,9,train
https://storage.googleapis.com/public-datasets-lila/snapshotserengeti-unzipped/S5/L01/L01_R3/S5_L01_R3_IMAG0154.JPG,Snapshot Serengeti : S5/L01/L01_R3/S5_L01_R3_IMAG0154,Snapshot Serengeti : SER_S5#L01#3#76,Snapshot Serengeti : L01,3,african bush elephant,11-22-2012 16:36:16,9,train
https://storage.googleapis.com/public-datasets-lila/snapshotserengeti-unzipped/S8/P13/P13_R2/S8_P13_R2_IMAG1031.JPG,Snapshot Serengeti : S8/P13/P13_R2/S8_P13_R2_IMAG1031,Snapshot Serengeti : SER_S8#P13#2#386,Snapshot Serengeti : P13,3,african bush elephant,04-27-2014 17:08:52,9,train
https://storage.googleapis.com/public-datasets-lila/snapshot-safari-2024-expansion/Snapshot Cameo/EFA/EFA_S1/EFA07/EFA07_R3/EFA_S1_EFA07_R3_IMAG0238.JPG,Snapshot Safari 2024 Expansion : Snapshot Cameo/EFA/EFA_S1/EFA07/EFA07_R3/EFA_S1_EFA07_R3_IMAG0238.JPG,Snapshot Safari 2024 Expansion : EFA_S1#EFA07#3#34,Snapshot Safari 2024 Expansion : EFA_S1_EFA07,1,african bush elephant,,9,train
https://storage.googleapis.com/public-datasets-lila/snapshot-safari-2024-expansion/MAD/MAD_S1/MAD06/MAD06_R3/MAD_S1_MAD06_R3_IMAG3725.JPG,Snapshot Safari 2024 Expansion : MAD/MAD_S1/MAD06/MAD06_R3/MAD_S1_MAD06_R3_IMAG3725.JPG,Snapshot Safari 2024 Expansion : MAD_S1#MAD06#3#1242,Snapshot Safari 2024 Expansion : MAD_S1_MAD06,1,african bush elephant,,9,test
https://storage.googleapis.com/public-datasets-lila/snapshot-safari-2024-expansion/MAD/MAD_S2/MAD06/MAD06_R7/MAD_S2_MAD06_R7_IMAG0272.JPG,Snapshot Safari 2024 Expansion : MAD/MAD_S2/MAD06/MAD06_R7/MAD_S2_MAD06_R7_IMAG0272.JPG,Snapshot Safari 2024 Expansion : MAD_S2#MAD06#7#91,Snapshot Safari 2024 Expansion : MAD_S2_MAD06,1,african bush elephant,,9,val
https://storage.googleapis.com/public-datasets-lila/snapshot-safari-2024-expansion/MAD/MAD_S1/MAD03/MAD03_R3/MAD_S1_MAD03_R3_IMAG0413.JPG,Snapshot Safari 2024 Expansion : MAD/MAD_S1/MAD03/MAD03_R3/MAD_S1_MAD03_R3_IMAG0413.JPG,Snapshot Safari 2024 Expansion : MAD_S1#MAD03#3#138,Snapshot Safari 2024 Expansion : MAD_S1_MAD03,1,african bush elephant,,9,train
https://storage.googleapis.com/public-datasets-lila/snapshot-safari-2024-expansion/MAD/MAD_S2/MAD06/MAD06_R6/MAD_S2_MAD06_R6_IMAG2165.JPG,Snapshot Safari 2024 Expansion : MAD/MAD_S2/MAD06/MAD06_R6/MAD_S2_MAD06_R6_IMAG2165.JPG,Snapshot Safari 2024 Expansion : MAD_S2#MAD06#6#722,Snapshot Safari 2024 Expansion : MAD_S2_MAD06,1,african bush elephant,,9,val
https://storage.googleapis.com/public-datasets-lila/snapshotserengeti-unzipped/S5/Q12/Q12_R1/S5_Q12_R1_IMAG1448.JPG,Snapshot Serengeti : S5/Q12/Q12_R1/S5_Q12_R1_IMAG1448,Snapshot Serengeti : SER_S5#Q12#1#577,Snapshot Serengeti : Q12,1,african bush elephant,06-29-2012 18:04:23,9,train
https://storage.googleapis.com/public-datasets-lila/snapshot-safari-2024-expansion/Snapshot Cameo/EFA/EFA_S1/EFA06/EFA06_R39/EFA_S1_EFA06_R39_IMAG0192.JPG,Snapshot Safari 2024 Expansion : Snapshot Cameo/EFA/EFA_S1/EFA06/EFA06_R39/EFA_S1_EFA06_R39_IMAG0192.JPG,Snapshot Safari 2024 Expansion : EFA_S1#EFA06#39#97,Snapshot Safari 2024 Expansion : EFA_S1_EFA06,0,african bush elephant,,9,train
https://storage.googleapis.com/public-datasets-lila/snapshotserengeti-unzipped/S6/K04/K04_R1/S6_K04_R1_IMAG0058.JPG,Snapshot Serengeti : S6/K04/K04_R1/S6_K04_R1_IMAG0058,Snapshot Serengeti : SER_S6#K04#1#30,Snapshot Serengeti : K04,1,african bush elephant,12-24-2012 12:07:55,9,train
https://storage.googleapis.com/public-datasets-lila/snapshot-safari-2024-expansion/PLN/PLN_S3a/E04/E04_R8/PLN_S3a_E04_R8_IMAG0133.JPG,Snapshot Safari 2024 Expansion : PLN/PLN_S3a/E04/E04_R8/PLN_S3a_E04_R8_IMAG0133.JPG,Snapshot Safari 2024 Expansion : PLN_S3a#E04#8#45,Snapshot Safari 2024 Expansion : PLN_S3A_E04,0,african bush elephant,,9,train
https://storage.googleapis.com/public-datasets-lila/snapshot-safari-2024-expansion/Snapshot Cameo/EFA/EFA_S1/EFA08/EFA08_R25/EFA_S1_EFA08_R25_IMAG3872.JPG,Snapshot Safari 2024 Expansion : Snapshot Cameo/EFA/EFA_S1/EFA08/EFA08_R25/EFA_S1_EFA08_R25_IMAG3872.JPG,Snapshot Safari 2024 Expansion : EFA_S1#EFA08#25#587,Snapshot Safari 2024 Expansion : EFA_S1_EFA08,0,african bush elephant,,9,test
https://storage.googleapis.com/public-datasets-lila/snapshotserengeti-unzipped/S5/K10/K10_R2/S5_K10_R2_IMAG1413.JPG,Snapshot Serengeti : S5/K10/K10_R2/S5_K10_R2_IMAG1413,Snapshot Serengeti : SER_S5#K10#2#483,Snapshot Serengeti : K10,1,african bush elephant,09-30-2012 14:49:27,9,train
https://storage.googleapis.com/public-datasets-lila/snapshot-safari-2024-expansion/MAD/MAD_S3/MAD04/MAD04_R08/MAD_S3_MAD04_R08_IMAG0698.JPG,Snapshot Safari 2024 Expansion : MAD/MAD_S3/MAD04/MAD04_R08/MAD_S3_MAD04_R08_IMAG0698.JPG,Snapshot Safari 2024 Expansion : MAD_S3#MAD04#08#233,Snapshot Safari 2024 Expansion : MAD_S3_MAD04,1,african bush elephant,,9,train
https://storage.googleapis.com/public-datasets-lila/snapshot-safari-2024-expansion/Snapshot Cameo/EFA/EFA_S1/EFA07/EFA07_R44/EFA_S1_EFA07_R44_IMAG2108.JPG,Snapshot Safari 2024 Expansion : Snapshot Cameo/EFA/EFA_S1/EFA07/EFA07_R44/EFA_S1_EFA07_R44_IMAG2108.JPG,Snapshot Safari 2024 Expansion : EFA_S1#EFA07#44#437,Snapshot Safari 2024 Expansion : EFA_S1_EFA07,0,african bush elephant,,9,train
https://storage.googleapis.com/public-datasets-lila/snapshotserengeti-unzipped/S5/K10/K10_R2/S5_K10_R2_IMAG1533.JPG,Snapshot Serengeti : S5/K10/K10_R2/S5_K10_R2_IMAG1533,Snapshot Serengeti : SER_S5#K10#2#531,Snapshot Serengeti : K10,1,african bush elephant,10-13-2012 14:02:42,9,train
https://storage.googleapis.com/public-datasets-lila/snapshotserengeti-unzipped/S1/K10/K10_R1/S1_K10_R1_PICT0399.JPG,Snapshot Serengeti : S1/K10/K10_R1/S1_K10_R1_PICT0399,Snapshot Serengeti : SER_S1#K10#1#134,Snapshot Serengeti : K10,2,african bush elephant,10-09-2010 14:06:08,9,train
https://storage.googleapis.com/public-datasets-lila/snapshotserengeti-unzipped/S5/H03/H03_R2/S5_H03_R2_IMAG0732.JPG,Snapshot Serengeti : S5/H03/H03_R2/S5_H03_R2_IMAG0732,Snapshot Serengeti : SER_S5#H03#2#308,Snapshot Serengeti : H03,1,african bush elephant,09-16-2012 01:47:46,9,train
https://storage.googleapis.com/public-datasets-lila/snapshot-safari-2024-expansion/MAD/MAD_S3/MAD04/MAD04_R10/MAD_S3_MAD04_R10_IMAG0437.JPG,Snapshot Safari 2024 Expansion : MAD/MAD_S3/MAD04/MAD04_R10/MAD_S3_MAD04_R10_IMAG0437.JPG,Snapshot Safari 2024 Expansion : MAD_S3#MAD04#10#146,Snapshot Safari 2024 Expansion : MAD_S3_MAD04,1,african bush elephant,,9,train
https://storage.googleapis.com/public-datasets-lila/snapshot-safari-2024-expansion/MAD/MAD_S3/MAD03/MAD03_R08/MAD_S3_MAD03_R08_IMAG1809.JPG,Snapshot Safari 2024 Expansion : MAD/MAD_S3/MAD03/MAD03_R08/MAD_S3_MAD03_R08_IMAG1809.JPG,Snapshot Safari 2024 Expansion : MAD_S3#MAD03#08#603,Snapshot Safari 2024 Expansion : MAD_S3_MAD03,2,african bush elephant,,9,train
https://storage.googleapis.com/public-datasets-lila/snapshotserengeti-unzipped/S5/G07/G07_R4/S5_G07_R4_IMAG0732.JPG,Snapshot Serengeti : S5/G07/G07_R4/S5_G07_R4_IMAG0732,Snapshot Serengeti : SER_S5#G07#4#251,Snapshot Serengeti : G07,2,african bush elephant,12-07-2012 15:44:31,9,train
https://storage.googleapis.com/public-datasets-lila/snapshotserengeti-unzipped/S2/D12/D12_R3/S2_D12_R3_PICT0926.JPG,Snapshot Serengeti : S2/D12/D12_R3/S2_D12_R3_PICT0926,Snapshot Serengeti : SER_S2#D12#3#310,Snapshot Serengeti : D12,1,african bush elephant,07-21-2011 19:39:22,9,train
https://storage.googleapis.com/public-datasets-lila/snapshot-safari-2024-expansion/Snapshot Cameo/EFA/EFA_S1/EFA08/EFA08_R25/EFA_S1_EFA08_R25_IMAG1106.JPG,Snapshot Safari 2024 Expansion : Snapshot Cameo/EFA/EFA_S1/EFA08/EFA08_R25/EFA_S1_EFA08_R25_IMAG1106.JPG,Snapshot Safari 2024 Expansion : EFA_S1#EFA08#25#164,Snapshot Safari 2024 Expansion : EFA_S1_EFA08,1,african bush elephant,,9,test
https://storage.googleapis.com/public-datasets-lila/snapshot-safari-2024-expansion/SER/SER_S13/N05/N05_R1/SER_S13_N05_R1_IMAG0071.JPG,Snapshot Safari 2024 Expansion : SER/SER_S13/N05/N05_R1/SER_S13_N05_R1_IMAG0071.JPG,Snapshot Safari 2024 Expansion : SER_S13#N05#1#26,Snapshot Safari 2024 Expansion : SER_S13_N05,1,african bush elephant,,9,train
https://storage.googleapis.com/public-datasets-lila/snapshot-safari-2024-expansion/MAD/MAD_S2/MAD01/MAD01_R7/MAD_S2_MAD01_R7_IMAG0569.JPG,Snapshot Safari 2024 Expansion : MAD/MAD_S2/MAD01/MAD01_R7/MAD_S2_MAD01_R7_IMAG0569.JPG,Snapshot Safari 2024 Expansion : MAD_S2#MAD01#7#190,Snapshot Safari 2024 Expansion : MAD_S2_MAD01,1,african bush elephant,,9,train
https://storage.googleapis.com/public-datasets-lila/snapshot-safari-2024-expansion/APN/APN_S4/TB14/TB14_R7/APN_S4_TB14_R7_IMAG0129.JPG,Snapshot Safari 2024 Expansion : APN/APN_S4/TB14/TB14_R7/APN_S4_TB14_R7_IMAG0129.JPG,Snapshot Safari 2024 Expansion : APN_S4#TB14#7#47,Snapshot Safari 2024 Expansion : APN_S4_TB14,2,african bush elephant,,9,train
https://storage.googleapis.com/public-datasets-lila/snapshot-safari-2024-expansion/Snapshot Cameo/EFA/EFA_S1/EFA05/EFA05_R26/EFA_S1_EFA05_R26_IMAG0024.JPG,Snapshot Safari 2024 Expansion : Snapshot Cameo/EFA/EFA_S1/EFA05/EFA05_R26/EFA_S1_EFA05_R26_IMAG0024.JPG,Snapshot Safari 2024 Expansion : EFA_S1#EFA05#26#8,Snapshot Safari 2024 Expansion : EFA_S1_EFA05,1,african bush elephant,,9,train
https://storage.googleapis.com/public-datasets-lila/snapshot-safari-2024-expansion/MAD/MAD_S3/MAD06/MAD06_R08/MAD_S3_MAD06_R08_IMAG0943.JPG,Snapshot Safari 2024 Expansion : MAD/MAD_S3/MAD06/MAD06_R08/MAD_S3_MAD06_R08_IMAG0943.JPG,Snapshot Safari 2024 Expansion : MAD_S3#MAD06#08#315,Snapshot Safari 2024 Expansion : MAD_S3_MAD06,0,african bush elephant,,9,train
https://storage.googleapis.com/public-datasets-lila/snapshot-safari-2024-expansion/MAD/MAD_S2/I08/I08_R7/MAD_S2_I08_R7_IMAG0047.JPG,Snapshot Safari 2024 Expansion : MAD/MAD_S2/I08/I08_R7/MAD_S2_I08_R7_IMAG0047.JPG,Snapshot Safari 2024 Expansion : MAD_S2#I08#7#16,Snapshot Safari 2024 Expansion : MAD_S2_I08,1,african bush elephant,,9,train
https://storage.googleapis.com/public-datasets-lila/snapshotserengeti-unzipped/S7/J12/J12_R3/S7_J12_R3_IMAG0046.JPG,Snapshot Serengeti : S7/J12/J12_R3/S7_J12_R3_IMAG0046,Snapshot Serengeti : SER_S7#J12#3#40,Snapshot Serengeti : J12,1,african bush elephant,09-15-2013 06:06:15,9,train
https://storage.googleapis.com/public-datasets-lila/snapshot-safari-2024-expansion/SER/SER_S12/H01/H01_R1/SER_S12_H01_R1_IMAG0172.JPG,Snapshot Safari 2024 Expansion : SER/SER_S12/H01/H01_R1/SER_S12_H01_R1_IMAG0172.JPG,Snapshot Safari 2024 Expansion : SER_S12#H01#1#77,Snapshot Safari 2024 Expansion : SER_S12_H01,1,african bush elephant,,9,train
https://storage.googleapis.com/public-datasets-lila/wcs-unzipped/animals/0226/1553.jpg,WCS Camera Traps : 1973be1d-92d5-11e9-8eb1-000d3a74c7de,WCS Camera Traps : ken-007-d0093-68,WCS Camera Traps : 1317,1,african bush elephant,02-13-2012 14:48:28,9,test
https://storage.googleapis.com/public-datasets-lila/snapshot-safari-2024-expansion/SER/SER_S12/J02/J02_R1/SER_S12_J02_R1_IMAG0072.JPG,Snapshot Safari 2024 Expansion : SER/SER_S12/J02/J02_R1/SER_S12_J02_R1_IMAG0072.JPG,Snapshot Safari 2024 Expansion : SER_S12#J02#1#26,Snapshot Safari 2024 Expansion : SER_S12_J02,2,african bush elephant,,9,train
https://storage.googleapis.com/public-datasets-lila/snapshotserengeti-unzipped/S1/F08/F08_R3/S1_F08_R3_PICT2674.JPG,Snapshot Serengeti : S1/F08/F08_R3/S1_F08_R3_PICT2674,Snapshot Serengeti : SER_S1#F08#3#893,Snapshot Serengeti : F08,3,african bush elephant,09-21-2010 09:32:14,9,val
https://storage.googleapis.com/public-datasets-lila/snapshot-safari-2024-expansion/APN/APN_S3/TB12/TB12_R1/APN_S3_TB12_R1_IMAG0052.JPG,Snapshot Safari 2024 Expansion : APN/APN_S3/TB12/TB12_R1/APN_S3_TB12_R1_IMAG0052.JPG,Snapshot Safari 2024 Expansion : APN_S3#TB12#1#24,Snapshot Safari 2024 Expansion : APN_S3_TB12,2,african bush elephant,,9,train
https://storage.googleapis.com/public-datasets-lila/snapshotserengeti-unzipped/S7/H06/H06_R2/S7_H06_R2_IMAG0585.JPG,Snapshot Serengeti : S7/H06/H06_R2/S7_H06_R2_IMAG0585,Snapshot Serengeti : SER_S7#H06#2#199,Snapshot Serengeti : H06,1,african bush elephant,07-11-2013 20:25:59,9,train
https://storage.googleapis.com/public-datasets-lila/snapshot-safari-2024-expansion/Snapshot Cameo/EFA/EFA_S1/EFA07/EFA07_R19/EFA_S1_EFA07_R19_IMAG1543.JPG,Snapshot Safari 2024 Expansion : Snapshot Cameo/EFA/EFA_S1/EFA07/EFA07_R19/EFA_S1_EFA07_R19_IMAG1543.JPG,Snapshot Safari 2024 Expansion : EFA_S1#EFA07#19#359,Snapshot Safari 2024 Expansion : EFA_S1_EFA07,0,african bush elephant,,9,train
https://storage.googleapis.com/public-datasets-lila/snapshotserengeti-unzipped/S6/L04/L04_R1/S6_L04_R1_IMAG0077.JPG,Snapshot Serengeti : S6/L04/L04_R1/S6_L04_R1_IMAG0077,Snapshot Serengeti : SER_S6#L04#1#30,Snapshot Serengeti : L04,2,african bush elephant,12-30-2012 13:27:04,9,val
https://storage.googleapis.com/public-datasets-lila/snapshot-safari-2024-expansion/KRU/KRU_S2/28/28_R4/KRU_S2_28_R4_IMAG0123.JPG,Snapshot Safari 2024 Expansion : KRU/KRU_S2/28/28_R4/KRU_S2_28_R4_IMAG0123.JPG,Snapshot Safari 2024 Expansion : KRU_S2#28#4#67,Snapshot Safari 2024 Expansion : KRU_S2_28,0,african bush elephant,,9,train
https://storage.googleapis.com/public-datasets-lila/snapshotserengeti-unzipped/S8/F07/F07_R1/S8_F07_R1_IMAG0098.JPG,Snapshot Serengeti : S8/F07/F07_R1/S8_F07_R1_IMAG0098,Snapshot Serengeti : SER_S8#F07#1#44,Snapshot Serengeti : F07,1,african bush elephant,12-15-2013 01:56:05,9,test
https://storage.googleapis.com/public-datasets-lila/snapshot-safari-2024-expansion/MAD/MAD_S2/MAD05/MAD05_R7/MAD_S2_MAD05_R7_IMAG0097.JPG,Snapshot Safari 2024 Expansion : MAD/MAD_S2/MAD05/MAD05_R7/MAD_S2_MAD05_R7_IMAG0097.JPG,Snapshot Safari 2024 Expansion : MAD_S2#MAD05#7#33,Snapshot Safari 2024 Expansion : MAD_S2_MAD05,0,african bush elephant,,9,val
https://storage.googleapis.com/public-datasets-lila/snapshot-safari-2024-expansion/KRU/KRU_S2/29/29_R4/KRU_S2_29_R4_IMAG0055.JPG,Snapshot Safari 2024 Expansion : KRU/KRU_S2/29/29_R4/KRU_S2_29_R4_IMAG0055.JPG,Snapshot Safari 2024 Expansion : KRU_S2#29#4#21,Snapshot Safari 2024 Expansion : KRU_S2_29,0,african bush elephant,,9,train
https://storage.googleapis.com/public-datasets-lila/snapshot-safari-2024-expansion/Snapshot Cameo/EFA/EFA_S1/EFA08/EFA08_R1/EFA_S1_EFA08_R1_IMAG3044.JPG,Snapshot Safari 2024 Expansion : Snapshot Cameo/EFA/EFA_S1/EFA08/EFA08_R1/EFA_S1_EFA08_R1_IMAG3044.JPG,Snapshot Safari 2024 Expansion : EFA_S1#EFA08#1#618,Snapshot Safari 2024 Expansion : EFA_S1_EFA08,0,african bush elephant,,9,test
https://storage.googleapis.com/public-datasets-lila/snapshot-safari-2024-expansion/PLN/PLN_S2/B04/B04_R3/PLN_S2_B04_R3_IMAG0397.JPG,Snapshot Safari 2024 Expansion : PLN/PLN_S2/B04/B04_R3/PLN_S2_B04_R3_IMAG0397.JPG,Snapshot Safari 2024 Expansion : PLN_S2#B04#3#206,Snapshot Safari 2024 Expansion : PLN_S2_B04,1,african bush elephant,,9,train
https://storage.googleapis.com/public-datasets-lila/snapshotserengeti-unzipped/S7/H08/H08_R2/S7_H08_R2_IMAG0199.JPG,Snapshot Serengeti : S7/H08/H08_R2/S7_H08_R2_IMAG0199,Snapshot Serengeti : SER_S7#H08#2#71,Snapshot Serengeti : H08,1,african bush elephant,07-20-2013 15:11:56,9,train
https://storage.googleapis.com/public-datasets-lila/snapshotserengeti-unzipped/S8/F07/F07_R3/S8_F07_R3_IMAG0289.JPG,Snapshot Serengeti : S8/F07/F07_R3/S8_F07_R3_IMAG0289,Snapshot Serengeti : SER_S8#F07#3#126,Snapshot Serengeti : F07,2,african bush elephant,07-01-2014 11:17:50,9,test
https://storage.googleapis.com/public-datasets-lila/snapshot-safari-2024-expansion/APN/APN_S4/TB26/TB26_R7/APN_S4_TB26_R7_IMAG1309.JPG,Snapshot Safari 2024 Expansion : APN/APN_S4/TB26/TB26_R7/APN_S4_TB26_R7_IMAG1309.JPG,Snapshot Safari 2024 Expansion : APN_S4#TB26#7#467,Snapshot Safari 2024 Expansion : APN_S4_TB26,2,african bush elephant,,9,train
https://storage.googleapis.com/public-datasets-lila/snapshot-safari-2024-expansion/MAD/MAD_S3/MAD01/MAD01_R08/MAD_S3_MAD01_R08_IMAG1018.JPG,Snapshot Safari 2024 Expansion : MAD/MAD_S3/MAD01/MAD01_R08/MAD_S3_MAD01_R08_IMAG1018.JPG,Snapshot Safari 2024 Expansion : MAD_S3#MAD01#08#340,Snapshot Safari 2024 Expansion : MAD_S3_MAD01,0,african bush elephant,,9,train
https://storage.googleapis.com/public-datasets-lila/snapshotserengeti-unzipped/S8/F07/F07_R3/S8_F07_R3_IMAG0287.JPG,Snapshot Serengeti : S8/F07/F07_R3/S8_F07_R3_IMAG0287,Snapshot Serengeti : SER_S8#F07#3#125,Snapshot Serengeti : F07,3,african bush elephant,07-01-2014 11:16:39,9,test
https://storage.googleapis.com/public-datasets-lila/snapshot-safari-2024-expansion/APN/APN_S3/DW/DW_R8/APN_S3_DW_R8_IMAG0439.JPG,Snapshot Safari 2024 Expansion : APN/APN_S3/DW/DW_R8/APN_S3_DW_R8_IMAG0439.JPG,Snapshot Safari 2024 Expansion : APN_S3#DW#8#164,Snapshot Safari 2024 Expansion : APN_S3_DW,0,african bush elephant,,9,train
https://storage.googleapis.com/public-datasets-lila/snapshot-safari-2024-expansion/APN/APN_S4/UMH8/UMH8_R14/APN_S4_UMH8_R14_IMAG0339.JPG,Snapshot Safari 2024 Expansion : APN/APN_S4/UMH8/UMH8_R14/APN_S4_UMH8_R14_IMAG0339.JPG,Snapshot Safari 2024 Expansion : APN_S4#UMH8#14#158,Snapshot Safari 2024 Expansion : APN_S4_UMH8,1,african bush elephant,,9,train
https://storage.googleapis.com/public-datasets-lila/snapshot-safari-2024-expansion/APN/APN_S4/JJ6/JJ6_R14/APN_S4_JJ6_R14_IMAG0415.JPG,Snapshot Safari 2024 Expansion : APN/APN_S4/JJ6/JJ6_R14/APN_S4_JJ6_R14_IMAG0415.JPG,Snapshot Safari 2024 Expansion : APN_S4#JJ6#14#167,Snapshot Safari 2024 Expansion : APN_S4_JJ6,0,african bush elephant,,9,train
https://storage.googleapis.com/public-datasets-lila/snapshot-safari-2024-expansion/Snapshot Cameo/EFA/EFA_S1/EFA08/EFA08_R19/EFA_S1_EFA08_R19_IMAG1165.JPG,Snapshot Safari 2024 Expansion : Snapshot Cameo/EFA/EFA_S1/EFA08/EFA08_R19/EFA_S1_EFA08_R19_IMAG1165.JPG,Snapshot Safari 2024 Expansion : EFA_S1#EFA08#19#210,Snapshot Safari 2024 Expansion : EFA_S1_EFA08,1,african bush elephant,,9,test
https://storage.googleapis.com/public-datasets-lila/snapshot-safari-2024-expansion/MAD/MAD_S3/MAD03/MAD03_R08/MAD_S3_MAD03_R08_IMAG0592.JPG,Snapshot Safari 2024 Expansion : MAD/MAD_S3/MAD03/MAD03_R08/MAD_S3_MAD03_R08_IMAG0592.JPG,Snapshot Safari 2024 Expansion : MAD_S3#MAD03#08#198,Snapshot Safari 2024 Expansion : MAD_S3_MAD03,0,african bush elephant,,9,train
https://storage.googleapis.com/public-datasets-lila/snapshot-safari-2024-expansion/MAD/MAD_S1/MAD06/MAD06_R3/MAD_S1_MAD06_R3_IMAG4310.JPG,Snapshot Safari 2024 Expansion : MAD/MAD_S1/MAD06/MAD06_R3/MAD_S1_MAD06_R3_IMAG4310.JPG,Snapshot Safari 2024 Expansion : MAD_S1#MAD06#3#1437,Snapshot Safari 2024 Expansion : MAD_S1_MAD06,1,african bush elephant,,9,test
https://storage.googleapis.com/public-datasets-lila/snapshot-safari-2024-expansion/MAD/MAD_S3/MAD06/MAD06_R08/MAD_S3_MAD06_R08_IMAG0471.JPG,Snapshot Safari 2024 Expansion : MAD/MAD_S3/MAD06/MAD06_R08/MAD_S3_MAD06_R08_IMAG0471.JPG,Snapshot Safari 2024 Expansion : MAD_S3#MAD06#08#157,Snapshot Safari 2024 Expansion : MAD_S3_MAD06,2,african bush elephant,,9,train
https://storage.googleapis.com/public-datasets-lila/snapshot-safari-2024-expansion/Snapshot Cameo/EFA/EFA_S1/EFA07/EFA07_R2/EFA_S1_EFA07_R2_IMAG2985.JPG,Snapshot Safari 2024 Expansion : Snapshot Cameo/EFA/EFA_S1/EFA07/EFA07_R2/EFA_S1_EFA07_R2_IMAG2985.JPG,Snapshot Safari 2024 Expansion : EFA_S1#EFA07#2#721,Snapshot Safari 2024 Expansion : EFA_S1_EFA07,2,african bush elephant,,9,train
https://storage.googleapis.com/public-datasets-lila/snapshot-safari-2024-expansion/SER/SER_S13/E06/E06_R3/SER_S13_E06_R3_IMAG0131.JPG,Snapshot Safari 2024 Expansion : SER/SER_S13/E06/E06_R3/SER_S13_E06_R3_IMAG0131.JPG,Snapshot Safari 2024 Expansion : SER_S13#E06#3#129,Snapshot Safari 2024 Expansion : SER_S13_E06,0,african bush elephant,,9,test
https://storage.googleapis.com/public-datasets-lila/snapshot-safari-2024-expansion/MAD/MAD_S1/MAD03/MAD03_R4/MAD_S1_MAD03_R4_IMAG2425.JPG,Snapshot Safari 2024 Expansion : MAD/MAD_S1/MAD03/MAD03_R4/MAD_S1_MAD03_R4_IMAG2425.JPG,Snapshot Safari 2024 Expansion : MAD_S1#MAD03#4#809,Snapshot Safari 2024 Expansion : MAD_S1_MAD03,2,african bush elephant,,9,train
https://storage.googleapis.com/public-datasets-lila/snapshot-safari-2024-expansion/MAD/MAD_S1/MAD05/MAD05_R4/MAD_S1_MAD05_R4_IMAG0544.JPG,Snapshot Safari 2024 Expansion : MAD/MAD_S1/MAD05/MAD05_R4/MAD_S1_MAD05_R4_IMAG0544.JPG,Snapshot Safari 2024 Expansion : MAD_S1#MAD05#4#182,Snapshot Safari 2024 Expansion : MAD_S1_MAD05,0,african bush elephant,,9,val
https://storage.googleapis.com/public-datasets-lila/snapshotserengeti-unzipped/S6/C03/C03_R2/S6_C03_R2_IMAG0546.JPG,Snapshot Serengeti : S6/C03/C03_R2/S6_C03_R2_IMAG0546,Snapshot Serengeti : SER_S6#C03#2#200,Snapshot Serengeti : C03,3,african bush elephant,02-23-2013 15:27:00,9,train
https://storage.googleapis.com/public-datasets-lila/snapshotserengeti-unzipped/S7/B06/B06_R1/S7_B06_R1_IMAG0190.JPG,Snapshot Serengeti : S7/B06/B06_R1/S7_B06_R1_IMAG0190,Snapshot Serengeti : SER_S7#B06#1#81,Snapshot Serengeti : B06,2,african bush elephant,04-30-2013 15:51:15,9,train
https://storage.googleapis.com/public-datasets-lila/snapshot-safari-2024-expansion/MAD/MAD_S3/MAD01/MAD01_R09/MAD_S3_MAD01_R09_IMAG1109.JPG,Snapshot Safari 2024 Expansion : MAD/MAD_S3/MAD01/MAD01_R09/MAD_S3_MAD01_R09_IMAG1109.JPG,Snapshot Safari 2024 Expansion : MAD_S3#MAD01#09#370,Snapshot Safari 2024 Expansion : MAD_S3_MAD01,1,african bush elephant,,9,train
https://storage.googleapis.com/public-datasets-lila/wcs-unzipped/animals/0263/0367.jpg,WCS Camera Traps : 2737f630-92d5-11e9-b750-000d3a74c7de,WCS Camera Traps : ken-010-d0069-4,WCS Camera Traps : 1384,5,african bush elephant,07-01-2011 10:29:59,9,train
https://storage.googleapis.com/public-datasets-lila/snapshot-safari-2024-expansion/SER/SER_S13/G03/G03_R1/SER_S13_G03_R1_IMAG0593.JPG,Snapshot Safari 2024 Expansion : SER/SER_S13/G03/G03_R1/SER_S13_G03_R1_IMAG0593.JPG,Snapshot Safari 2024 Expansion : SER_S13#G03#1#249,Snapshot Safari 2024 Expansion : SER_S13_G03,0,african bush elephant,,9,train
https://storage.googleapis.com/public-datasets-lila/snapshot-safari-2024-expansion/Snapshot Cameo/EFA/EFA_S1/EFA07/EFA07_R40/EFA_S1_EFA07_R40_IMAG1729.JPG,Snapshot Safari 2024 Expansion : Snapshot Cameo/EFA/EFA_S1/EFA07/EFA07_R40/EFA_S1_EFA07_R40_IMAG1729.JPG,Snapshot Safari 2024 Expansion : EFA_S1#EFA07#40#292,Snapshot Safari 2024 Expansion : EFA_S1_EFA07,0,african bush elephant,,9,train
https://storage.googleapis.com/public-datasets-lila/snapshot-safari-2024-expansion/Snapshot Cameo/EFA/EFA_S1/EFA03/EFA03_R12/EFA_S1_EFA03_R12_IMAG0695.JPG,Snapshot Safari 2024 Expansion : Snapshot Cameo/EFA/EFA_S1/EFA03/EFA03_R12/EFA_S1_EFA03_R12_IMAG0695.JPG,Snapshot Safari 2024 Expansion : EFA_S1#EFA03#12#219,Snapshot Safari 2024 Expansion : EFA_S1_EFA03,1,african bush elephant,,9,train
https://storage.googleapis.com/public-datasets-lila/wcs-unzipped/animals/0226/1889.jpg,WCS Camera Traps : 19834e70-92d5-11e9-a49c-000d3a74c7de,WCS Camera Traps : ken-007-d0093-147,WCS Camera Traps : 1317,1,african bush elephant,02-22-2012 16:40:57,9,test
https://storage.googleapis.com/public-datasets-lila/snapshot-safari-2024-expansion/SER/SER_S13/S09/S09_R1/SER_S13_S09_R1_IMAG0038.JPG,Snapshot Safari 2024 Expansion : SER/SER_S13/S09/S09_R1/SER_S13_S09_R1_IMAG0038.JPG,Snapshot Safari 2024 Expansion : SER_S13#S09#1#37,Snapshot Safari 2024 Expansion : SER_S13_S09,0,african bush elephant,,9,train
https://storage.googleapis.com/public-datasets-lila/snapshotserengeti-unzipped/S9/C09/C09_R1/S9_C09_R1_IMAG0131.JPG,Snapshot Serengeti : S9/C09/C09_R1/S9_C09_R1_IMAG0131,Snapshot Serengeti : SER_S9#C09#1#45,Snapshot Serengeti : C09,2,african bush elephant,08-03-2014 16:21:01,9,test
https://storage.googleapis.com/public-datasets-lila/snapshot-safari-2024-expansion/Snapshot Cameo/EFA/EFA_S1/EFA08/EFA08_R25/EFA_S1_EFA08_R25_IMAG0296.JPG,Snapshot Safari 2024 Expansion : Snapshot Cameo/EFA/EFA_S1/EFA08/EFA08_R25/EFA_S1_EFA08_R25_IMAG0296.JPG,Snapshot Safari 2024 Expansion : EFA_S1#EFA08#25#50,Snapshot Safari 2024 Expansion : EFA_S1_EFA08,2,african bush elephant,,9,test
https://storage.googleapis.com/public-datasets-lila/snapshot-safari-2024-expansion/Snapshot Cameo/EFA/EFA_S1/EFA08/EFA08_R25/EFA_S1_EFA08_R25_IMAG2253.JPG,Snapshot Safari 2024 Expansion : Snapshot Cameo/EFA/EFA_S1/EFA08/EFA08_R25/EFA_S1_EFA08_R25_IMAG2253.JPG,Snapshot Safari 2024 Expansion : EFA_S1#EFA08#25#322,Snapshot Safari 2024 Expansion : EFA_S1_EFA08,1,african bush elephant,,9,test
https://storage.googleapis.com/public-datasets-lila/snapshotserengeti-unzipped/S5/H08/H08_R2/S5_H08_R2_IMAG0171.JPG,Snapshot Serengeti : S5/H08/H08_R2/S5_H08_R2_IMAG0171,Snapshot Serengeti : SER_S5#H08#2#59,Snapshot Serengeti : H08,1,african bush elephant,08-16-2012 13:42:25,9,train
https://storage.googleapis.com/public-datasets-lila/snapshot-safari-2024-expansion/MAD/MAD_S2/MAD06/MAD06_R6/MAD_S2_MAD06_R6_IMAG3763.JPG,Snapshot Safari 2024 Expansion : MAD/MAD_S2/MAD06/MAD06_R6/MAD_S2_MAD06_R6_IMAG3763.JPG,Snapshot Safari 2024 Expansion : MAD_S2#MAD06#6#1255,Snapshot Safari 2024 Expansion : MAD_S2_MAD06,0,african bush elephant,,9,val
https://storage.googleapis.com/public-datasets-lila/snapshot-safari-2024-expansion/MAD/MAD_S3/MAD06/MAD06_R09/MAD_S3_MAD06_R09_IMAG2540.JPG,Snapshot Safari 2024 Expansion : MAD/MAD_S3/MAD06/MAD06_R09/MAD_S3_MAD06_R09_IMAG2540.JPG,Snapshot Safari 2024 Expansion : MAD_S3#MAD06#09#847,Snapshot Safari 2024 Expansion : MAD_S3_MAD06,2,african bush elephant,,9,train
https://storage.googleapis.com/public-datasets-lila/snapshot-safari-2024-expansion/APN/APN_S2/DW/DW_R6/APN_S2_DW_R6_IMAG0533.JPG,Snapshot Safari 2024 Expansion : APN/APN_S2/DW/DW_R6/APN_S2_DW_R6_IMAG0533.JPG,Snapshot Safari 2024 Expansion : APN_S2#DW#6#205,Snapshot Safari 2024 Expansion : APN_S2_DW,1,african bush elephant,,9,train
https://storage.googleapis.com/public-datasets-lila/snapshotserengeti-unzipped/S5/B04/B04_R1/S5_B04_R1_IMAG0098.JPG,Snapshot Serengeti : S5/B04/B04_R1/S5_B04_R1_IMAG0098,Snapshot Serengeti : SER_S5#B04#1#40,Snapshot Serengeti : B04,2,african bush elephant,06-07-2012 10:00:45,9,train
https://storage.googleapis.com/public-datasets-lila/snapshotserengeti-unzipped/S10/J10/J10_R3/S10_J10_R3_IMAG0638.JPG,Snapshot Serengeti : S10/J10/J10_R3/S10_J10_R3_IMAG0638,Snapshot Serengeti : SER_S10#J10#3#220,Snapshot Serengeti : J10,1,african bush elephant,05-28-2015 13:44:49,9,train
https://storage.googleapis.com/public-datasets-lila/snapshotserengeti-unzipped/S4/O10/O10_R1/S4_O10_R1_IMAG0437.JPG,Snapshot Serengeti : S4/O10/O10_R1/S4_O10_R1_IMAG0437,Snapshot Serengeti : SER_S4#O10#1#151,Snapshot Serengeti : O10,3,african bush elephant,02-24-2012 13:44:43,9,train
https://storage.googleapis.com/public-datasets-lila/snapshot-safari-2024-expansion/MAD/MAD_S3/MAD04/MAD04_R08/MAD_S3_MAD04_R08_IMAG1097.JPG,Snapshot Safari 2024 Expansion : MAD/MAD_S3/MAD04/MAD04_R08/MAD_S3_MAD04_R08_IMAG1097.JPG,Snapshot Safari 2024 Expansion : MAD_S3#MAD04#08#366,Snapshot Safari 2024 Expansion : MAD_S3_MAD04,1,african bush elephant,,9,train
https://storage.googleapis.com/public-datasets-lila/snapshot-safari-2024-expansion/Snapshot Cameo/DEB/DEB_S1/F9/F9_R52/DEB_S1_F9_R52_IMAG0446.JPG,Snapshot Safari 2024 Expansion : Snapshot Cameo/DEB/DEB_S1/F9/F9_R52/DEB_S1_F9_R52_IMAG0446.JPG,Snapshot Safari 2024 Expansion : DEB_S1#F9#52#446,Snapshot Safari 2024 Expansion : DEB_S1_F9,0,african bush elephant,,9,train
https://storage.googleapis.com/public-datasets-lila/snapshotserengeti-unzipped/S9/B12/B12_R2/S9_B12_R2_IMAG2362.JPG,Snapshot Serengeti : S9/B12/B12_R2/S9_B12_R2_IMAG2362,Snapshot Serengeti : SER_S9#B12#2#788,Snapshot Serengeti : B12,1,african bush elephant,08-21-2014 10:10:01,9,train
https://storage.googleapis.com/public-datasets-lila/snapshotserengeti-unzipped/S10/I03/I03_R3/S10_I03_R3_IMAG0015.JPG,Snapshot Serengeti : S10/I03/I03_R3/S10_I03_R3_IMAG0015,Snapshot Serengeti : SER_S10#I03#3#5,Snapshot Serengeti : I03,3,african bush elephant,05-01-2015 17:49:33,9,train
https://storage.googleapis.com/public-datasets-lila/snapshotserengeti-unzipped/S7/U10/U10_R2/S7_U10_R2_IMAG0302.JPG,Snapshot Serengeti : S7/U10/U10_R2/S7_U10_R2_IMAG0302,Snapshot Serengeti : SER_S7#U10#2#104,Snapshot Serengeti : U10,1,african bush elephant,08-26-2013 18:10:17,9,train
https://storage.googleapis.com/public-datasets-lila/snapshotserengeti-unzipped/SER_S11/I01/I01_R1/SER_S11_I01_R1_IMAG0061.JPG,Snapshot Serengeti : SER_S11/I01/I01_R1/SER_S11_I01_R1_IMAG0061,Snapshot Serengeti : SER_S11#I01#1#24,Snapshot Serengeti : I01,1,african bush elephant,08-11-2015 16:30:50,9,train
https://storage.googleapis.com/public-datasets-lila/snapshotserengeti-unzipped/SER_S11/C09/C09_R2/SER_S11_C09_R2_IMAG0602.JPG,Snapshot Serengeti : SER_S11/C09/C09_R2/SER_S11_C09_R2_IMAG0602,Snapshot Serengeti : SER_S11#C09#2#232,Snapshot Serengeti : C09,2,african bush elephant,01-01-2016 16:21:14,9,test
https://storage.googleapis.com/public-datasets-lila/wcs-unzipped/animals/0352/1712.jpg,WCS Camera Traps : 47e26868-92d5-11e9-a6d5-000d3a74c7de,WCS Camera Traps : ken-016-d0093-46,WCS Camera Traps : 1317,212,african bush elephant,02-19-2013 11:28:38,9,test
https://storage.googleapis.com/public-datasets-lila/snapshot-safari-2024-expansion/MAD/MAD_S1/MAD04/MAD04_R3/MAD_S1_MAD04_R3_IMAG2650.JPG,Snapshot Safari 2024 Expansion : MAD/MAD_S1/MAD04/MAD04_R3/MAD_S1_MAD04_R3_IMAG2650.JPG,Snapshot Safari 2024 Expansion : MAD_S1#MAD04#3#884,Snapshot Safari 2024 Expansion : MAD_S1_MAD04,0,african bush elephant,,9,val
https://storage.googleapis.com/public-datasets-lila/snapshot-safari-2024-expansion/PLN/PLN_S1/A01/A01_R2/PLN_S1_A01_R2_IMAG0392.JPG,Snapshot Safari 2024 Expansion : PLN/PLN_S1/A01/A01_R2/PLN_S1_A01_R2_IMAG0392.JPG,Snapshot Safari 2024 Expansion : PLN_S1#A01#2#143,Snapshot Safari 2024 Expansion : PLN_S1_A01,1,african bush elephant,,9,val
https://storage.googleapis.com/public-datasets-lila/snapshot-safari-2024-expansion/MAD/MAD_S3/MAD04/MAD04_R10/MAD_S3_MAD04_R10_IMAG0273.JPG,Snapshot Safari 2024 Expansion : MAD/MAD_S3/MAD04/MAD04_R10/MAD_S3_MAD04_R10_IMAG0273.JPG,Snapshot Safari 2024 Expansion : MAD_S3#MAD04#10#91,Snapshot Safari 2024 Expansion : MAD_S3_MAD04,2,african bush elephant,,9,train
https://storage.googleapis.com/public-datasets-lila/snapshot-safari-2024-expansion/MAD/MAD_S2/MAD03/MAD03_R7/MAD_S2_MAD03_R7_IMAG1727.JPG,Snapshot Safari 2024 Expansion : MAD/MAD_S2/MAD03/MAD03_R7/MAD_S2_MAD03_R7_IMAG1727.JPG,Snapshot Safari 2024 Expansion : MAD_S2#MAD03#7#576,Snapshot Safari 2024 Expansion : MAD_S2_MAD03,1,african bush elephant,,9,train
https://storage.googleapis.com/public-datasets-lila/snapshot-safari-2024-expansion/MAD/MAD_S1/MAD05/MAD05_R3/MAD_S1_MAD05_R3_IMAG0794.JPG,Snapshot Safari 2024 Expansion : MAD/MAD_S1/MAD05/MAD05_R3/MAD_S1_MAD05_R3_IMAG0794.JPG,Snapshot Safari 2024 Expansion : MAD_S1#MAD05#3#265,Snapshot Safari 2024 Expansion : MAD_S1_MAD05,1,african bush elephant,,9,val
https://storage.googleapis.com/public-datasets-lila/snapshot-safari-2024-expansion/MAD/MAD_S1/MAD03/MAD03_R3/MAD_S1_MAD03_R3_IMAG3684.JPG,Snapshot Safari 2024 Expansion : MAD/MAD_S1/MAD03/MAD03_R3/MAD_S1_MAD03_R3_IMAG3684.JPG,Snapshot Safari 2024 Expansion : MAD_S1#MAD03#3#1228,Snapshot Safari 2024 Expansion : MAD_S1_MAD03,2,african bush elephant,,9,train
https://storage.googleapis.com/public-datasets-lila/snapshotserengeti-unzipped/S9/O11/O11_R2/S9_O11_R2_IMAG0135.JPG,Snapshot Serengeti : S9/O11/O11_R2/S9_O11_R2_IMAG0135,Snapshot Serengeti : SER_S9#O11#2#50,Snapshot Serengeti : O11,2,african bush elephant,07-29-2014 15:30:26,9,train
https://storage.googleapis.com/public-datasets-lila/snapshotserengeti-unzipped/SER_S11/J09/J09_R1/SER_S11_J09_R1_IMAG4642.JPG,Snapshot Serengeti : SER_S11/J09/J09_R1/SER_S11_J09_R1_IMAG4642,Snapshot Serengeti : SER_S11#J09#1#1719,Snapshot Serengeti : J09,2,african bush elephant,08-06-2015 13:15:08,9,train
https://storage.googleapis.com/public-datasets-lila/snapshot-safari-2024-expansion/MAD/MAD_S2/MAD06/MAD06_R6/MAD_S2_MAD06_R6_IMAG2344.JPG,Snapshot Safari 2024 Expansion : MAD/MAD_S2/MAD06/MAD06_R6/MAD_S2_MAD06_R6_IMAG2344.JPG,Snapshot Safari 2024 Expansion : MAD_S2#MAD06#6#782,Snapshot Safari 2024 Expansion : MAD_S2_MAD06,0,african bush elephant,,9,val
https://storage.googleapis.com/public-datasets-lila/snapshot-safari-2024-expansion/APN/APN_S3/U64c/U64c_R12/APN_S3_U64c_R12_IMAG0719.JPG,Snapshot Safari 2024 Expansion : APN/APN_S3/U64c/U64c_R12/APN_S3_U64c_R12_IMAG0719.JPG,Snapshot Safari 2024 Expansion : APN_S3#U64c#12#318,Snapshot Safari 2024 Expansion : APN_S3_U64C,0,african bush elephant,,9,train
https://storage.googleapis.com/public-datasets-lila/snapshot-safari-2024-expansion/MAD/MAD_S1/MAD06/MAD06_R3/MAD_S1_MAD06_R3_IMAG1496.JPG,Snapshot Safari 2024 Expansion : MAD/MAD_S1/MAD06/MAD06_R3/MAD_S1_MAD06_R3_IMAG1496.JPG,Snapshot Safari 2024 Expansion : MAD_S1#MAD06#3#499,Snapshot Safari 2024 Expansion : MAD_S1_MAD06,1,african bush elephant,,9,test
https://storage.googleapis.com/public-datasets-lila/snapshot-safari-2024-expansion/MAD/MAD_S2/MAD05/MAD05_R6/MAD_S2_MAD05_R6_IMAG0515.JPG,Snapshot Safari 2024 Expansion : MAD/MAD_S2/MAD05/MAD05_R6/MAD_S2_MAD05_R6_IMAG0515.JPG,Snapshot Safari 2024 Expansion : MAD_S2#MAD05#6#172,Snapshot Safari 2024 Expansion : MAD_S2_MAD05,1,african bush elephant,,9,val
https://storage.googleapis.com/public-datasets-lila/snapshot-safari-2024-expansion/MAD/MAD_S2/MAD06/MAD06_R6/MAD_S2_MAD06_R6_IMAG1924.JPG,Snapshot Safari 2024 Expansion : MAD/MAD_S2/MAD06/MAD06_R6/MAD_S2_MAD06_R6_IMAG1924.JPG,Snapshot Safari 2024 Expansion : MAD_S2#MAD06#6#642,Snapshot Safari 2024 Expansion : MAD_S2_MAD06,0,african bush elephant,,9,val
https://storage.googleapis.com/public-datasets-lila/snapshotserengeti-unzipped/S7/J09/J09_R2/S7_J09_R2_IMAG0072.JPG,Snapshot Serengeti : S7/J09/J09_R2/S7_J09_R2_IMAG0072,Snapshot Serengeti : SER_S7#J09#2#36,Snapshot Serengeti : J09,1,african bush elephant,07-23-2013 07:34:17,9,train
https://storage.googleapis.com/public-datasets-lila/snapshotserengeti-unzipped/S4/C13/C13_R2/S4_C13_R2_IMAG1116.JPG,Snapshot Serengeti : S4/C13/C13_R2/S4_C13_R2_IMAG1116,Snapshot Serengeti : SER_S4#C13#2#420,Snapshot Serengeti : C13,1,african bush elephant,05-17-2012 13:11:02,9,val
https://storage.googleapis.com/public-datasets-lila/snapshot-safari-2024-expansion/MAD/MAD_S1/MAD03/MAD03_R4/MAD_S1_MAD03_R4_IMAG1043.JPG,Snapshot Safari 2024 Expansion : MAD/MAD_S1/MAD03/MAD03_R4/MAD_S1_MAD03_R4_IMAG1043.JPG,Snapshot Safari 2024 Expansion : MAD_S1#MAD03#4#349,Snapshot Safari 2024 Expansion : MAD_S1_MAD03,0,african bush elephant,,9,train
https://storage.googleapis.com/public-datasets-lila/snapshot-safari-2024-expansion/MAD/MAD_S2/MAD03/MAD03_R7/MAD_S2_MAD03_R7_IMAG2488.JPG,Snapshot Safari 2024 Expansion : MAD/MAD_S2/MAD03/MAD03_R7/MAD_S2_MAD03_R7_IMAG2488.JPG,Snapshot Safari 2024 Expansion : MAD_S2#MAD03#7#830,Snapshot Safari 2024 Expansion : MAD_S2_MAD03,0,african bush elephant,,9,train
https://storage.googleapis.com/public-datasets-lila/snapshot-safari-2024-expansion/Snapshot Cameo/EFA/EFA_S1/EFA06/EFA06_R11/EFA_S1_EFA06_R11_IMAG0567.JPG,Snapshot Safari 2024 Expansion : Snapshot Cameo/EFA/EFA_S1/EFA06/EFA06_R11/EFA_S1_EFA06_R11_IMAG0567.JPG,Snapshot Safari 2024 Expansion : EFA_S1#EFA06#11#567,Snapshot Safari 2024 Expansion : EFA_S1_EFA06,0,african bush elephant,,9,train
https://storage.googleapis.com/public-datasets-lila/snapshot-safari-2024-expansion/MAD/MAD_S1/D04/D04_R2/MAD_S1_D04_R2_IMAG0157.JPG,Snapshot Safari 2024 Expansion : MAD/MAD_S1/D04/D04_R2/MAD_S1_D04_R2_IMAG0157.JPG,Snapshot Safari 2024 Expansion : MAD_S1#D04#2#69,Snapshot Safari 2024 Expansion : MAD_S1_D04,0,african bush elephant,,9,train
https://storage.googleapis.com/public-datasets-lila/snapshotserengeti-unzipped/S3/F07/F07_R12/S3_F07_R12_IMAG0848.JPG,Snapshot Serengeti : S3/F07/F07_R12/S3_F07_R12_IMAG0848,Snapshot Serengeti : SER_S3#F07#12#321,Snapshot Serengeti : F07,2,african bush elephant,12-26-2011 12:24:19,9,test
https://storage.googleapis.com/public-datasets-lila/snapshot-safari-2024-expansion/MAD/MAD_S2/MAD03/MAD03_R6/MAD_S2_MAD03_R6_IMAG5061.JPG,Snapshot Safari 2024 Expansion : MAD/MAD_S2/MAD03/MAD03_R6/MAD_S2_MAD03_R6_IMAG5061.JPG,Snapshot Safari 2024 Expansion : MAD_S2#MAD03#6#1687,Snapshot Safari 2024 Expansion : MAD_S2_MAD03,2,african bush elephant,,9,train
https://storage.googleapis.com/public-datasets-lila/snapshot-safari-2024-expansion/SER/SER_S12/G07/G07_R3/SER_S12_G07_R3_IMAG0037.JPG,Snapshot Safari 2024 Expansion : SER/SER_S12/G07/G07_R3/SER_S12_G07_R3_IMAG0037.JPG,Snapshot Safari 2024 Expansion : SER_S12#G07#3#35,Snapshot Safari 2024 Expansion : SER_S12_G07,0,african bush elephant,,9,train
https://storage.googleapis.com/public-datasets-lila/snapshotserengeti-unzipped/S9/L11/L11_R2/S9_L11_R2_IMAG0158.JPG,Snapshot Serengeti : S9/L11/L11_R2/S9_L11_R2_IMAG0158,Snapshot Serengeti : SER_S9#L11#2#70,Snapshot Serengeti : L11,1,african bush elephant,09-26-2014 13:44:27,9,val
https://storage.googleapis.com/public-datasets-lila/snapshotserengeti-unzipped/S6/M09/M09_R1/S6_M09_R1_IMAG0110.JPG,Snapshot Serengeti : S6/M09/M09_R1/S6_M09_R1_IMAG0110,Snapshot Serengeti : SER_S6#M09#1#48,Snapshot Serengeti : M09,1,african bush elephant,02-27-2013 14:26:22,9,train
https://storage.googleapis.com/public-datasets-lila/snapshotserengeti-unzipped/S10/H03/H03_R2/S10_H03_R2_IMAG0263.JPG,Snapshot Serengeti : S10/H03/H03_R2/S10_H03_R2_IMAG0263,Snapshot Serengeti : SER_S10#H03#2#120,Snapshot Serengeti : H03,1,african bush elephant,03-24-2015 07:15:02,9,train
https://storage.googleapis.com/public-datasets-lila/snapshot-safari-2024-expansion/MAD/MAD_S2/MAD05/MAD05_R6/MAD_S2_MAD05_R6_IMAG0688.JPG,Snapshot Safari 2024 Expansion : MAD/MAD_S2/MAD05/MAD05_R6/MAD_S2_MAD05_R6_IMAG0688.JPG,Snapshot Safari 2024 Expansion : MAD_S2#MAD05#6#230,Snapshot Safari 2024 Expansion : MAD_S2_MAD05,0,african bush elephant,,9,val
https://storage.googleapis.com/public-datasets-lila/snapshot-safari-2024-expansion/Snapshot Cameo/EFA/EFA_S1/EFA07/EFA07_R46/EFA_S1_EFA07_R46_IMAG0655.JPG,Snapshot Safari 2024 Expansion : Snapshot Cameo/EFA/EFA_S1/EFA07/EFA07_R46/EFA_S1_EFA07_R46_IMAG0655.JPG,Snapshot Safari 2024 Expansion : EFA_S1#EFA07#46#154,Snapshot Safari 2024 Expansion : EFA_S1_EFA07,1,african bush elephant,,9,train
https://storage.googleapis.com/public-datasets-lila/wcs-unzipped/animals/0353/0643.jpg,WCS Camera Traps : 480c5e60-92d5-11e9-a41f-000d3a74c7de,WCS Camera Traps : ken-016-d0093-309,WCS Camera Traps : 1317,1,african bush elephant,02-20-2013 18:45:38,9,test
https://storage.googleapis.com/public-datasets-lila/snapshot-safari-2024-expansion/Snapshot Cameo/EFA/EFA_S1/EFA08/EFA08_R7/EFA_S1_EFA08_R7_IMAG0958.JPG,Snapshot Safari 2024 Expansion : Snapshot Cameo/EFA/EFA_S1/EFA08/EFA08_R7/EFA_S1_EFA08_R7_IMAG0958.JPG,Snapshot Safari 2024 Expansion : EFA_S1#EFA08#7#127,Snapshot Safari 2024 Expansion : EFA_S1_EFA08,0,african bush elephant,,9,test
https://storage.googleapis.com/public-datasets-lila/snapshot-safari-2024-expansion/MAD/MAD_S2/MAD06/MAD06_R6/MAD_S2_MAD06_R6_IMAG0302.JPG,Snapshot Safari 2024 Expansion : MAD/MAD_S2/MAD06/MAD06_R6/MAD_S2_MAD06_R6_IMAG0302.JPG,Snapshot Safari 2024 Expansion : MAD_S2#MAD06#6#101,Snapshot Safari 2024 Expansion : MAD_S2_MAD06,1,african bush elephant,,9,val
https://storage.googleapis.com/public-datasets-lila/wcs-unzipped/animals/0370/1297.jpg,WCS Camera Traps : 4e45c5a7-92d5-11e9-acad-000d3a74c7de,WCS Camera Traps : ken-014-d0091-273,WCS Camera Traps : 2730,8,african bush elephant,08-15-2009 09:38:55,9,train
https://storage.googleapis.com/public-datasets-lila/snapshot-safari-2024-expansion/MAD/MAD_S3/MAD06/MAD06_R09/MAD_S3_MAD06_R09_IMAG3039.JPG,Snapshot Safari 2024 Expansion : MAD/MAD_S3/MAD06/MAD06_R09/MAD_S3_MAD06_R09_IMAG3039.JPG,Snapshot Safari 2024 Expansion : MAD_S3#MAD06#09#1014,Snapshot Safari 2024 Expansion : MAD_S3_MAD06,0,african bush elephant,,9,train
https://storage.googleapis.com/public-datasets-lila/snapshot-safari-2024-expansion/Snapshot Cameo/EFA/EFA_S1/EFA08/EFA08_R16/EFA_S1_EFA08_R16_IMAG1724.JPG,Snapshot Safari 2024 Expansion : Snapshot Cameo/EFA/EFA_S1/EFA08/EFA08_R16/EFA_S1_EFA08_R16_IMAG1724.JPG,Snapshot Safari 2024 Expansion : EFA_S1#EFA08#16#368,Snapshot Safari 2024 Expansion : EFA_S1_EFA08,2,african bush elephant,,9,test
https://storage.googleapis.com/public-datasets-lila/snapshot-safari-2024-expansion/MAD/MAD_S3/MAD06/MAD06_R09/MAD_S3_MAD06_R09_IMAG2964.JPG,Snapshot Safari 2024 Expansion : MAD/MAD_S3/MAD06/MAD06_R09/MAD_S3_MAD06_R09_IMAG2964.JPG,Snapshot Safari 2024 Expansion : MAD_S3#MAD06#09#989,Snapshot Safari 2024 Expansion : MAD_S3_MAD06,0,african bush elephant,,9,train
https://storage.googleapis.com/public-datasets-lila/snapshot-safari-2024-expansion/RUA/RUA_S1/M11/M11_R1/RUA_S1_M11_R1_IMAG2535.JPG,Snapshot Safari 2024 Expansion : RUA/RUA_S1/M11/M11_R1/RUA_S1_M11_R1_IMAG2535.JPG,Snapshot Safari 2024 Expansion : RUA_S1#M11#1#2535,Snapshot Safari 2024 Expansion : RUA_S1_M11,0,african bush elephant,,9,train
https://storage.googleapis.com/public-datasets-lila/snapshotserengeti-unzipped/S8/F07/F07_R1/S8_F07_R1_IMAG0267.JPG,Snapshot Serengeti : S8/F07/F07_R1/S8_F07_R1_IMAG0267,Snapshot Serengeti : SER_S8#F07#1#109,Snapshot Serengeti : F07,3,african bush elephant,01-06-2014 17:34:01,9,test
https://storage.googleapis.com/public-datasets-lila/snapshot-safari-2024-expansion/MAD/MAD_S1/MAD06/MAD06_R3/MAD_S1_MAD06_R3_IMAG1235.JPG,Snapshot Safari 2024 Expansion : MAD/MAD_S1/MAD06/MAD06_R3/MAD_S1_MAD06_R3_IMAG1235.JPG,Snapshot Safari 2024 Expansion : MAD_S1#MAD06#3#412,Snapshot Safari 2024 Expansion : MAD_S1_MAD06,1,african bush elephant,,9,test
https://storage.googleapis.com/public-datasets-lila/snapshotserengeti-unzipped/S5/F02/F02_R1/S5_F02_R1_IMAG1702.JPG,Snapshot Serengeti : S5/F02/F02_R1/S5_F02_R1_IMAG1702,Snapshot Serengeti : SER_S5#F02#1#665,Snapshot Serengeti : F02,3,african bush elephant,07-17-2012 09:24:35,9,train
https://storage.googleapis.com/public-datasets-lila/snapshot-safari-2024-expansion/Snapshot Cameo/DEB/DEB_S1/L1/L1_R71/DEB_S1_L1_R71_IMAG0086.JPG,Snapshot Safari 2024 Expansion : Snapshot Cameo/DEB/DEB_S1/L1/L1_R71/DEB_S1_L1_R71_IMAG0086.JPG,Snapshot Safari 2024 Expansion : DEB_S1#L1#71#86,Snapshot Safari 2024 Expansion : DEB_S1_L1,0,african bush elephant,,9,val
https://storage.googleapis.com/public-datasets-lila/snapshotserengeti-unzipped/S6/L04/L04_R1/S6_L04_R1_IMAG0546.JPG,Snapshot Serengeti : S6/L04/L04_R1/S6_L04_R1_IMAG0546,Snapshot Serengeti : SER_S6#L04#1#204,Snapshot Serengeti : L04,3,african bush elephant,01-31-2013 12:32:15,9,val
https://storage.googleapis.com/public-datasets-lila/snapshot-safari-2024-expansion/MAD/MAD_S1/MAD06/MAD06_R3/MAD_S1_MAD06_R3_IMAG3147.JPG,Snapshot Safari 2024 Expansion : MAD/MAD_S1/MAD06/MAD06_R3/MAD_S1_MAD06_R3_IMAG3147.JPG,Snapshot Safari 2024 Expansion : MAD_S1#MAD06#3#1049,Snapshot Safari 2024 Expansion : MAD_S1_MAD06,2,african bush elephant,,9,test
https://storage.googleapis.com/public-datasets-lila/snapshotserengeti-unzipped/S3/L11/L11_R12/S3_L11_R12_IMAG0485.JPG,Snapshot Serengeti : S3/L11/L11_R12/S3_L11_R12_IMAG0485,Snapshot Serengeti : SER_S3#L11#12#207,Snapshot Serengeti : L11,3,african bush elephant,12-20-2011 17:51:00,9,val
https://storage.googleapis.com/public-datasets-lila/snapshot-safari-2024-expansion/Snapshot Cameo/EFA/EFA_S1/EFA07/EFA07_R41/EFA_S1_EFA07_R41_IMAG1568.JPG,Snapshot Safari 2024 Expansion : Snapshot Cameo/EFA/EFA_S1/EFA07/EFA07_R41/EFA_S1_EFA07_R41_IMAG1568.JPG,Snapshot Safari 2024 Expansion : EFA_S1#EFA07#41#380,Snapshot Safari 2024 Expansion : EFA_S1_EFA07,0,african bush elephant,,9,train
https://storage.googleapis.com/public-datasets-lila/snapshot-safari-2024-expansion/MAD/MAD_S3/G04/G04_R10/MAD_S3_G04_R10_IMAG0930.JPG,Snapshot Safari 2024 Expansion : MAD/MAD_S3/G04/G04_R10/MAD_S3_G04_R10_IMAG0930.JPG,Snapshot Safari 2024 Expansion : MAD_S3#G04#10#310,Snapshot Safari 2024 Expansion : MAD_S3_G04,2,african bush elephant,,9,train
https://storage.googleapis.com/public-datasets-lila/wcs-unzipped/animals/0345/0465.jpg,WCS Camera Traps : 4516501e-92d5-11e9-9d99-000d3a74c7de,WCS Camera Traps : ken-016-d0056-5,WCS Camera Traps : 1277,3,african bush elephant,02-02-2013 17:58:01,9,train
https://storage.googleapis.com/public-datasets-lila/snapshot-safari-2024-expansion/MAD/MAD_S1/I08/I08_R3/MAD_S1_I08_R3_IMAG0205.JPG,Snapshot Safari 2024 Expansion : MAD/MAD_S1/I08/I08_R3/MAD_S1_I08_R3_IMAG0205.JPG,Snapshot Safari 2024 Expansion : MAD_S1#I08#3#69,Snapshot Safari 2024 Expansion : MAD_S1_I08,0,african bush elephant,,9,train
https://storage.googleapis.com/public-datasets-lila/snapshot-safari-2024-expansion/KRU/KRU_S2/28/28_R3/KRU_S2_28_R3_IMAG0162.JPG,Snapshot Safari 2024 Expansion : KRU/KRU_S2/28/28_R3/KRU_S2_28_R3_IMAG0162.JPG,Snapshot Safari 2024 Expansion : KRU_S2#28#3#68,Snapshot Safari 2024 Expansion : KRU_S2_28,0,african bush elephant,,9,train
https://storage.googleapis.com/public-datasets-lila/snapshot-safari-2024-expansion/SER/SER_S13/G03/G03_R1/SER_S13_G03_R1_IMAG1269.JPG,Snapshot Safari 2024 Expansion : SER/SER_S13/G03/G03_R1/SER_S13_G03_R1_IMAG1269.JPG,Snapshot Safari 2024 Expansion : SER_S13#G03#1#513,Snapshot Safari 2024 Expansion : SER_S13_G03,2,african bush elephant,,9,train
https://storage.googleapis.com/public-datasets-lila/snapshotserengeti-unzipped/S10/J09/J09_R1/S10_J09_R1_IMAG0648.JPG,Snapshot Serengeti : S10/J09/J09_R1/S10_J09_R1_IMAG0648,Snapshot Serengeti : SER_S10#J09#1#235,Snapshot Serengeti : J09,2,african bush elephant,01-27-2015 12:28:16,9,train
https://storage.googleapis.com/public-datasets-lila/snapshot-safari-2024-expansion/MAD/MAD_S2/MAD05/MAD05_R5/MAD_S2_MAD05_R5_IMAG0324.JPG,Snapshot Safari 2024 Expansion : MAD/MAD_S2/MAD05/MAD05_R5/MAD_S2_MAD05_R5_IMAG0324.JPG,Snapshot Safari 2024 Expansion : MAD_S2#MAD05#5#108,Snapshot Safari 2024 Expansion : MAD_S2_MAD05,2,african bush elephant,,9,val
https://storage.googleapis.com/public-datasets-lila/snapshot-safari-2024-expansion/ENO/ENO_S5/D06/D06_R5/ENO_S5_D06_R5_IMAG0054.JPG,Snapshot Safari 2024 Expansion : ENO/ENO_S5/D06/D06_R5/ENO_S5_D06_R5_IMAG0054.JPG,Snapshot Safari 2024 Expansion : ENO_S5#D06#5#20,Snapshot Safari 2024 Expansion : ENO_S5_D06,0,african bush elephant,,9,train
https://storage.googleapis.com/public-datasets-lila/snapshotserengeti-unzipped/SER_S11/K10/K10_R1/SER_S11_K10_R1_IMAG0234.JPG,Snapshot Serengeti : SER_S11/K10/K10_R1/SER_S11_K10_R1_IMAG0234,Snapshot Serengeti : SER_S11#K10#1#81,Snapshot Serengeti : K10,1,african bush elephant,07-13-2015 17:00:24,9,train
https://storage.googleapis.com/public-datasets-lila/snapshotserengeti-unzipped/S5/I08/I08_R3/S5_I08_R3_IMAG5298.JPG,Snapshot Serengeti : S5/I08/I08_R3/S5_I08_R3_IMAG5298,Snapshot Serengeti : SER_S5#I08#3#2297,Snapshot Serengeti : I08,2,african bush elephant,12-09-2012 16:56:10,9,train
https://storage.googleapis.com/public-datasets-lila/snapshotserengeti-unzipped/S10/J09/J09_R3/S10_J09_R3_IMAG2520.JPG,Snapshot Serengeti : S10/J09/J09_R3/S10_J09_R3_IMAG2520,Snapshot Serengeti : SER_S10#J09#3#864,Snapshot Serengeti : J09,1,african bush elephant,06-09-2015 15:01:20,9,train
https://storage.googleapis.com/public-datasets-lila/snapshot-safari-2024-expansion/MAD/MAD_S3/MAD06/MAD06_R08/MAD_S3_MAD06_R08_IMAG0547.JPG,Snapshot Safari 2024 Expansion : MAD/MAD_S3/MAD06/MAD06_R08/MAD_S3_MAD06_R08_IMAG0547.JPG,Snapshot Safari 2024 Expansion : MAD_S3#MAD06#08#183,Snapshot Safari 2024 Expansion : MAD_S3_MAD06,0,african bush elephant,,9,train
https://storage.googleapis.com/public-datasets-lila/snapshot-safari-2024-expansion/SER/SER_S13/O11/O11_R3/SER_S13_O11_R3_IMAG1022.JPG,Snapshot Safari 2024 Expansion : SER/SER_S13/O11/O11_R3/SER_S13_O11_R3_IMAG1022.JPG,Snapshot Safari 2024 Expansion : SER_S13#O11#3#1022,Snapshot Safari 2024 Expansion : SER_S13_O11,0,african bush elephant,,9,train
https://storage.googleapis.com/public-datasets-lila/snapshot-safari-2024-expansion/MAD/MAD_S2/MAD06/MAD06_R5/MAD_S2_MAD06_R5_IMAG2589.JPG,Snapshot Safari 2024 Expansion : MAD/MAD_S2/MAD06/MAD06_R5/MAD_S2_MAD06_R5_IMAG2589.JPG,Snapshot Safari 2024 Expansion : MAD_S2#MAD06#5#863,Snapshot Safari 2024 Expansion : MAD_S2_MAD06,2,african bush elephant,,9,val
https://storage.googleapis.com/public-datasets-lila/snapshot-safari-2024-expansion/APN/APN_S2/DW/DW_R6/APN_S2_DW_R6_IMAG0156.JPG,Snapshot Safari 2024 Expansion : APN/APN_S2/DW/DW_R6/APN_S2_DW_R6_IMAG0156.JPG,Snapshot Safari 2024 Expansion : APN_S2#DW#6#62,Snapshot Safari 2024 Expansion : APN_S2_DW,0,african bush elephant,,9,train
https://storage.googleapis.com/public-datasets-lila/snapshot-safari-2024-expansion/MAD/MAD_S3/MAD03/MAD03_R09/MAD_S3_MAD03_R09_IMAG1240.JPG,Snapshot Safari 2024 Expansion : MAD/MAD_S3/MAD03/MAD03_R09/MAD_S3_MAD03_R09_IMAG1240.JPG,Snapshot Safari 2024 Expansion : MAD_S3#MAD03#09#414,Snapshot Safari 2024 Expansion : MAD_S3_MAD03,2,african bush elephant,,9,train
https://storage.googleapis.com/public-datasets-lila/wcs-unzipped/animals/0370/0733.jpg,WCS Camera Traps : 4e2b6d0c-92d5-11e9-9e6d-000d3a74c7de,WCS Camera Traps : ken-014-d0091-53,WCS Camera Traps : 2730,2,african bush elephant,08-07-2009 07:37:39,9,train
https://storage.googleapis.com/public-datasets-lila/snapshot-safari-2024-expansion/Snapshot Cameo/EFA/EFA_S1/EFA08/EFA08_R1/EFA_S1_EFA08_R1_IMAG4663.JPG,Snapshot Safari 2024 Expansion : Snapshot Cameo/EFA/EFA_S1/EFA08/EFA08_R1/EFA_S1_EFA08_R1_IMAG4663.JPG,Snapshot Safari 2024 Expansion : EFA_S1#EFA08#1#953,Snapshot Safari 2024 Expansion : EFA_S1_EFA08,2,african bush elephant,,9,test
https://storage.googleapis.com/public-datasets-lila/snapshot-safari-2024-expansion/APN/APN_S3/WB4/WB4_R4/APN_S3_WB4_R4_IMAG0398.JPG,Snapshot Safari 2024 Expansion : APN/APN_S3/WB4/WB4_R4/APN_S3_WB4_R4_IMAG0398.JPG,Snapshot Safari 2024 Expansion : APN_S3#WB4#4#190,Snapshot Safari 2024 Expansion : APN_S3_WB4,1,african bush elephant,,9,train
https://storage.googleapis.com/public-datasets-lila/snapshot-safari-2024-expansion/MAD/MAD_S3/MAD04/MAD04_R08/MAD_S3_MAD04_R08_IMAG1092.JPG,Snapshot Safari 2024 Expansion : MAD/MAD_S3/MAD04/MAD04_R08/MAD_S3_MAD04_R08_IMAG1092.JPG,Snapshot Safari 2024 Expansion : MAD_S3#MAD04#08#364,Snapshot Safari 2024 Expansion : MAD_S3_MAD04,2,african bush elephant,,9,train
https://storage.googleapis.com/public-datasets-lila/snapshot-safari-2024-expansion/MAD/MAD_S2/MAD03/MAD03_R7/MAD_S2_MAD03_R7_IMAG0569.JPG,Snapshot Safari 2024 Expansion : MAD/MAD_S2/MAD03/MAD03_R7/MAD_S2_MAD03_R7_IMAG0569.JPG,Snapshot Safari 2024 Expansion : MAD_S2#MAD03#7#190,Snapshot Safari 2024 Expansion : MAD_S2_MAD03,1,african bush elephant,,9,train
https://storage.googleapis.com/public-datasets-lila/snapshot-safari-2024-expansion/SER/SER_S12/H08/H08_R2/SER_S12_H08_R2_IMAG2103.JPG,Snapshot Safari 2024 Expansion : SER/SER_S12/H08/H08_R2/SER_S12_H08_R2_IMAG2103.JPG,Snapshot Safari 2024 Expansion : SER_S12#H08#2#2101,Snapshot Safari 2024 Expansion : SER_S12_H08,0,african bush elephant,,9,train
https://storage.googleapis.com/public-datasets-lila/snapshot-safari-2024-expansion/Snapshot Cameo/EFA/EFA_S1/EFA08/EFA08_R45/EFA_S1_EFA08_R45_IMAG0320.JPG,Snapshot Safari 2024 Expansion : Snapshot Cameo/EFA/EFA_S1/EFA08/EFA08_R45/EFA_S1_EFA08_R45_IMAG0320.JPG,Snapshot Safari 2024 Expansion : EFA_S1#EFA08#45#69,Snapshot Safari 2024 Expansion : EFA_S1_EFA08,2,african bush elephant,,9,test
https://storage.googleapis.com/public-datasets-lila/snapshot-safari-2024-expansion/MAD/MAD_S1/MAD01/MAD01_R4/MAD_S1_MAD01_R4_IMAG0229.JPG,Snapshot Safari 2024 Expansion : MAD/MAD_S1/MAD01/MAD01_R4/MAD_S1_MAD01_R4_IMAG0229.JPG,Snapshot Safari 2024 Expansion : MAD_S1#MAD01#4#77,Snapshot Safari 2024 Expansion : MAD_S1_MAD01,0,african bush elephant,,9,train
https://storage.googleapis.com/public-datasets-lila/snapshot-safari-2024-expansion/MAD/MAD_S1/MAD04/MAD04_R4/MAD_S1_MAD04_R4_IMAG2703.JPG,Snapshot Safari 2024 Expansion : MAD/MAD_S1/MAD04/MAD04_R4/MAD_S1_MAD04_R4_IMAG2703.JPG,Snapshot Safari 2024 Expansion : MAD_S1#MAD04#4#901,Snapshot Safari 2024 Expansion : MAD_S1_MAD04,2,african bush elephant,,9,val
https://storage.googleapis.com/public-datasets-lila/snapshotserengeti-unzipped/S7/E05/E05_R1/S7_E05_R1_IMAG0091.JPG,Snapshot Serengeti : S7/E05/E05_R1/S7_E05_R1_IMAG0091,Snapshot Serengeti : SER_S7#E05#1#49,Snapshot Serengeti : E05,1,african bush elephant,05-01-2013 12:05:41,9,test
https://storage.googleapis.com/public-datasets-lila/wcs-unzipped/animals/0352/1857.jpg,WCS Camera Traps : 47e8f7d8-92d5-11e9-8021-000d3a74c7de,WCS Camera Traps : ken-016-d0093-57,WCS Camera Traps : 1317,132,african bush elephant,02-19-2013 11:35:49,9,test
https://storage.googleapis.com/public-datasets-lila/snapshot-safari-2024-expansion/MAD/MAD_S1/MAD04/MAD04_R4/MAD_S1_MAD04_R4_IMAG0545.JPG,Snapshot Safari 2024 Expansion : MAD/MAD_S1/MAD04/MAD04_R4/MAD_S1_MAD04_R4_IMAG0545.JPG,Snapshot Safari 2024 Expansion : MAD_S1#MAD04#4#182,Snapshot Safari 2024 Expansion : MAD_S1_MAD04,1,african bush elephant,,9,val
https://storage.googleapis.com/public-datasets-lila/snapshot-safari-2024-expansion/MAD/MAD_S3/MAD01/MAD01_R08/MAD_S3_MAD01_R08_IMAG1024.JPG,Snapshot Safari 2024 Expansion : MAD/MAD_S3/MAD01/MAD01_R08/MAD_S3_MAD01_R08_IMAG1024.JPG,Snapshot Safari 2024 Expansion : MAD_S3#MAD01#08#342,Snapshot Safari 2024 Expansion : MAD_S3_MAD01,0,african bush elephant,,9,train
https://storage.googleapis.com/public-datasets-lila/snapshot-safari-2024-expansion/Snapshot Cameo/EFA/EFA_S1/EFA07/EFA07_R22/EFA_S1_EFA07_R22_IMAG0220.JPG,Snapshot Safari 2024 Expansion : Snapshot Cameo/EFA/EFA_S1/EFA07/EFA07_R22/EFA_S1_EFA07_R22_IMAG0220.JPG,Snapshot Safari 2024 Expansion : EFA_S1#EFA07#22#71,Snapshot Safari 2024 Expansion : EFA_S1_EFA07,2,african bush elephant,,9,train
https://storage.googleapis.com/public-datasets-lila/snapshot-safari-2024-expansion/Snapshot Cameo/EFA/EFA_S1/EFA07/EFA07_R45/EFA_S1_EFA07_R45_IMAG0814.JPG,Snapshot Safari 2024 Expansion : Snapshot Cameo/EFA/EFA_S1/EFA07/EFA07_R45/EFA_S1_EFA07_R45_IMAG0814.JPG,Snapshot Safari 2024 Expansion : EFA_S1#EFA07#45#148,Snapshot Safari 2024 Expansion : EFA_S1_EFA07,0,african bush elephant,,9,train
https://storage.googleapis.com/public-datasets-lila/snapshotserengeti-unzipped/S8/K09/K09_R2/S8_K09_R2_IMAG0427.JPG,Snapshot Serengeti : S8/K09/K09_R2/S8_K09_R2_IMAG0427,Snapshot Serengeti : SER_S8#K09#2#167,Snapshot Serengeti : K09,3,african bush elephant,03-24-2014 15:15:06,9,train
https://storage.googleapis.com/public-datasets-lila/snapshot-safari-2024-expansion/Snapshot Cameo/EFA/EFA_S1/EFA07/EFA07_R1/EFA_S1_EFA07_R1_IMAG2763.JPG,Snapshot Safari 2024 Expansion : Snapshot Cameo/EFA/EFA_S1/EFA07/EFA07_R1/EFA_S1_EFA07_R1_IMAG2763.JPG,Snapshot Safari 2024 Expansion : EFA_S1#EFA07#1#611,Snapshot Safari 2024 Expansion : EFA_S1_EFA07,2,african bush elephant,,9,train
https://storage.googleapis.com/public-datasets-lila/snapshot-safari-2024-expansion/APN/APN_S3/6U/6U_R11/APN_S3_6U_R11_IMAG0297.JPG,Snapshot Safari 2024 Expansion : APN/APN_S3/6U/6U_R11/APN_S3_6U_R11_IMAG0297.JPG,Snapshot Safari 2024 Expansion : APN_S3#6U#11#131,Snapshot Safari 2024 Expansion : APN_S3_6U,2,african bush elephant,,9,train
https://storage.googleapis.com/public-datasets-lila/snapshotserengeti-unzipped/S9/I08/I08_R1/S9_I08_R1_IMAG0197.JPG,Snapshot Serengeti : S9/I08/I08_R1/S9_I08_R1_IMAG0197,Snapshot Serengeti : SER_S9#I08#1#74,Snapshot Serengeti : I08,2,african bush elephant,07-11-2014 14:07:31,9,train
https://storage.googleapis.com/public-datasets-lila/snapshot-safari-2024-expansion/MAD/MAD_S1/I08/I08_R1/MAD_S1_I08_R1_IMAG0018.JPG,Snapshot Safari 2024 Expansion : MAD/MAD_S1/I08/I08_R1/MAD_S1_I08_R1_IMAG0018.JPG,Snapshot Safari 2024 Expansion : MAD_S1#I08#1#10,Snapshot Safari 2024 Expansion : MAD_S1_I08,0,african bush elephant,,9,train
https://storage.googleapis.com/public-datasets-lila/snapshot-safari-2024-expansion/APN/APN_S3/RM4/RM4_R3/APN_S3_RM4_R3_IMAG0086.JPG,Snapshot Safari 2024 Expansion : APN/APN_S3/RM4/RM4_R3/APN_S3_RM4_R3_IMAG0086.JPG,Snapshot Safari 2024 Expansion : APN_S3#RM4#3#38,Snapshot Safari 2024 Expansion : APN_S3_RM4,0,african bush elephant,,9,train
https://storage.googleapis.com/public-datasets-lila/snapshot-safari-2024-expansion/MAD/MAD_S1/MAD04/MAD04_R3/MAD_S1_MAD04_R3_IMAG2701.JPG,Snapshot Safari 2024 Expansion : MAD/MAD_S1/MAD04/MAD04_R3/MAD_S1_MAD04_R3_IMAG2701.JPG,Snapshot Safari 2024 Expansion : MAD_S1#MAD04#3#901,Snapshot Safari 2024 Expansion : MAD_S1_MAD04,0,african bush elephant,,9,val
https://storage.googleapis.com/public-datasets-lila/snapshotserengeti-unzipped/S9/E02/E02_R2/S9_E02_R2_IMAG0971.JPG,Snapshot Serengeti : S9/E02/E02_R2/S9_E02_R2_IMAG0971,Snapshot Serengeti : SER_S9#E02#2#390,Snapshot Serengeti : E02,2,african bush elephant,08-26-2014 16:48:55,9,test
https://storage.googleapis.com/public-datasets-lila/snapshotserengeti-unzipped/SER_S11/C08/C08_R2/SER_S11_C08_R2_IMAG0547.JPG,Snapshot Serengeti : SER_S11/C08/C08_R2/SER_S11_C08_R2_IMAG0547,Snapshot Serengeti : SER_S11#C08#2#216,Snapshot Serengeti : C08,1,african bush elephant,12-13-2015 22:58:50,9,train
https://storage.googleapis.com/public-datasets-lila/snapshotserengeti-unzipped/SER_S11/H06/H06_R1/SER_S11_H06_R1_IMAG0302.JPG,Snapshot Serengeti : SER_S11/H06/H06_R1/SER_S11_H06_R1_IMAG0302,Snapshot Serengeti : SER_S11#H06#1#119,Snapshot Serengeti : H06,3,african bush elephant,09-23-2015 10:03:38,9,train
https://storage.googleapis.com/public-datasets-lila/snapshot-safari-2024-expansion/MAD/MAD_S2/MAD03/MAD03_R6/MAD_S2_MAD03_R6_IMAG3278.JPG,Snapshot Safari 2024 Expansion : MAD/MAD_S2/MAD03/MAD03_R6/MAD_S2_MAD03_R6_IMAG3278.JPG,Snapshot Safari 2024 Expansion : MAD_S2#MAD03#6#1093,Snapshot Safari 2024 Expansion : MAD_S2_MAD03,1,african bush elephant,,9,train
https://storage.googleapis.com/public-datasets-lila/snapshotserengeti-unzipped/S2/E06/E06_R1/S2_E06_R1_IMAG0606.JPG,Snapshot Serengeti : S2/E06/E06_R1/S2_E06_R1_IMAG0606,Snapshot Serengeti : SER_S2#E06#1#204,Snapshot Serengeti : E06,3,african bush elephant,03-13-2011 10:56:24,9,train
https://storage.googleapis.com/public-datasets-lila/snapshotserengeti-unzipped/S7/M10/M10_R1/S7_M10_R1_IMAG0084.JPG,Snapshot Serengeti : S7/M10/M10_R1/S7_M10_R1_IMAG0084,Snapshot Serengeti : SER_S7#M10#1#38,Snapshot Serengeti : M10,1,african bush elephant,05-20-2013 05:25:59,9,train
https://storage.googleapis.com/public-datasets-lila/snapshot-safari-2024-expansion/PLN/PLN_S2/D05/D05_R5/PLN_S2_D05_R5_IMAG0420.JPG,Snapshot Safari 2024 Expansion : PLN/PLN_S2/D05/D05_R5/PLN_S2_D05_R5_IMAG0420.JPG,Snapshot Safari 2024 Expansion : PLN_S2#D05#5#177,Snapshot Safari 2024 Expansion : PLN_S2_D05,0,african bush elephant,,9,train
https://storage.googleapis.com/public-datasets-lila/snapshot-safari-2024-expansion/Snapshot Cameo/EFA/EFA_S1/EFA07/EFA07_R19/EFA_S1_EFA07_R19_IMAG1463.JPG,Snapshot Safari 2024 Expansion : Snapshot Cameo/EFA/EFA_S1/EFA07/EFA07_R19/EFA_S1_EFA07_R19_IMAG1463.JPG,Snapshot Safari 2024 Expansion : EFA_S1#EFA07#19#345,Snapshot Safari 2024 Expansion : EFA_S1_EFA07,0,african bush elephant,,9,train
https://storage.googleapis.com/public-datasets-lila/snapshot-safari-2024-expansion/MAD/MAD_S3/MAD06/MAD06_R09/MAD_S3_MAD06_R09_IMAG1563.JPG,Snapshot Safari 2024 Expansion : MAD/MAD_S3/MAD06/MAD06_R09/MAD_S3_MAD06_R09_IMAG1563.JPG,Snapshot Safari 2024 Expansion : MAD_S3#MAD06#09#521,Snapshot Safari 2024 Expansion : MAD_S3_MAD06,2,african bush elephant,,9,train
https://storage.googleapis.com/public-datasets-lila/snapshot-safari-2024-expansion/Snapshot Cameo/EFA/EFA_S1/EFA08/EFA08_R25/EFA_S1_EFA08_R25_IMAG2992.JPG,Snapshot Safari 2024 Expansion : Snapshot Cameo/EFA/EFA_S1/EFA08/EFA08_R25/EFA_S1_EFA08_R25_IMAG2992.JPG,Snapshot Safari 2024 Expansion : EFA_S1#EFA08#25#430,Snapshot Safari 2024 Expansion : EFA_S1_EFA08,0,african bush elephant,,9,test
https://storage.googleapis.com/public-datasets-lila/snapshot-safari-2024-expansion/MAD/MAD_S1/MAD06/MAD06_R3/MAD_S1_MAD06_R3_IMAG2018.JPG,Snapshot Safari 2024 Expansion : MAD/MAD_S1/MAD06/MAD06_R3/MAD_S1_MAD06_R3_IMAG2018.JPG,Snapshot Safari 2024 Expansion : MAD_S1#MAD06#3#673,Snapshot Safari 2024 Expansion : MAD_S1_MAD06,1,african bush elephant,,9,test
https://storage.googleapis.com/public-datasets-lila/snapshot-safari-2024-expansion/MAD/MAD_S1/MAD03/MAD03_R3/MAD_S1_MAD03_R3_IMAG2801.JPG,Snapshot Safari 2024 Expansion : MAD/MAD_S1/MAD03/MAD03_R3/MAD_S1_MAD03_R3_IMAG2801.JPG,Snapshot Safari 2024 Expansion : MAD_S1#MAD03#3#934,Snapshot Safari 2024 Expansion : MAD_S1_MAD03,1,african bush elephant,,9,train
https://storage.googleapis.com/public-datasets-lila/snapshotserengeti-unzipped/S5/G07/G07_R2/S5_G07_R2_IMAG0640.JPG,Snapshot Serengeti : S5/G07/G07_R2/S5_G07_R2_IMAG0640,Snapshot Serengeti : SER_S5#G07#2#219,Snapshot Serengeti : G07,3,african bush elephant,09-22-2012 14:52:16,9,train
https://storage.googleapis.com/public-datasets-lila/snapshot-safari-2024-expansion/MAD/MAD_S3/MAD06/MAD06_R09/MAD_S3_MAD06_R09_IMAG1907.JPG,Snapshot Safari 2024 Expansion : MAD/MAD_S3/MAD06/MAD06_R09/MAD_S3_MAD06_R09_IMAG1907.JPG,Snapshot Safari 2024 Expansion : MAD_S3#MAD06#09#636,Snapshot Safari 2024 Expansion : MAD_S3_MAD06,2,african bush elephant,,9,train
https://storage.googleapis.com/public-datasets-lila/snapshot-safari-2024-expansion/Snapshot Cameo/DEB/DEB_S1/H4/H4_R69/DEB_S1_H4_R69_IMAG0150.JPG,Snapshot Safari 2024 Expansion : Snapshot Cameo/DEB/DEB_S1/H4/H4_R69/DEB_S1_H4_R69_IMAG0150.JPG,Snapshot Safari 2024 Expansion : DEB_S1#H4#69#147,Snapshot Safari 2024 Expansion : DEB_S1_H4,0,african bush elephant,,9,val
https://storage.googleapis.com/public-datasets-lila/snapshot-safari-2024-expansion/PLN/PLN_S2/D04/D04_R4/PLN_S2_D04_R4_IMAG0115.JPG,Snapshot Safari 2024 Expansion : PLN/PLN_S2/D04/D04_R4/PLN_S2_D04_R4_IMAG0115.JPG,Snapshot Safari 2024 Expansion : PLN_S2#D04#4#51,Snapshot Safari 2024 Expansion : PLN_S2_D04,0,african bush elephant,,9,train
https://storage.googleapis.com/public-datasets-lila/snapshot-safari-2024-expansion/MAD/MAD_S2/MAD06/MAD06_R6/MAD_S2_MAD06_R6_IMAG3171.JPG,Snapshot Safari 2024 Expansion : MAD/MAD_S2/MAD06/MAD06_R6/MAD_S2_MAD06_R6_IMAG3171.JPG,Snapshot Safari 2024 Expansion : MAD_S2#MAD06#6#1057,Snapshot Safari 2024 Expansion : MAD_S2_MAD06,2,african bush elephant,,9,val
https://storage.googleapis.com/public-datasets-lila/snapshot-safari-2024-expansion/MAD/MAD_S2/MAD03/MAD03_R6/MAD_S2_MAD03_R6_IMAG4963.JPG,Snapshot Safari 2024 Expansion : MAD/MAD_S2/MAD03/MAD03_R6/MAD_S2_MAD03_R6_IMAG4963.JPG,Snapshot Safari 2024 Expansion : MAD_S2#MAD03#6#1655,Snapshot Safari 2024 Expansion : MAD_S2_MAD03,0,african bush elephant,,9,train
https://storage.googleapis.com/public-datasets-lila/snapshot-safari-2024-expansion/Snapshot Cameo/EFA/EFA_S1/EFA08/EFA08_R29/EFA_S1_EFA08_R29_IMAG0526.JPG,Snapshot Safari 2024 Expansion : Snapshot Cameo/EFA/EFA_S1/EFA08/EFA08_R29/EFA_S1_EFA08_R29_IMAG0526.JPG,Snapshot Safari 2024 Expansion : EFA_S1#EFA08#29#93,Snapshot Safari 2024 Expansion : EFA_S1_EFA08,0,african bush elephant,,9,test
https://storage.googleapis.com/public-datasets-lila/wcs-unzipped/animals/0353/1007.jpg,WCS Camera Traps : 481cb28e-92d5-11e9-b6b2-000d3a74c7de,WCS Camera Traps : ken-016-d0093-99,WCS Camera Traps : 1317,48,african bush elephant,02-19-2013 14:08:44,9,test
https://storage.googleapis.com/public-datasets-lila/wcs-unzipped/animals/0196/1379.jpg,WCS Camera Traps : 0e688d18-92d5-11e9-acc9-000d3a74c7de,WCS Camera Traps : ken-007-d0002-159,WCS Camera Traps : 1238,43,african bush elephant,02-19-2012 21:20:52,9,train
https://storage.googleapis.com/public-datasets-lila/snapshotserengeti-unzipped/S8/O04/O04_R3/S8_O04_R3_IMAG0591.JPG,Snapshot Serengeti : S8/O04/O04_R3/S8_O04_R3_IMAG0591,Snapshot Serengeti : SER_S8#O04#3#202,Snapshot Serengeti : O04,3,african bush elephant,05-10-2014 12:27:54,9,train
https://storage.googleapis.com/public-datasets-lila/snapshot-safari-2024-expansion/MAD/MAD_S1/I04/I04_R3/MAD_S1_I04_R3_IMAG0198.JPG,Snapshot Safari 2024 Expansion : MAD/MAD_S1/I04/I04_R3/MAD_S1_I04_R3_IMAG0198.JPG,Snapshot Safari 2024 Expansion : MAD_S1#I04#3#66,Snapshot Safari 2024 Expansion : MAD_S1_I04,2,african bush elephant,,9,train
https://storage.googleapis.com/public-datasets-lila/snapshotserengeti-unzipped/S2/E02/E02_R5/S2_E02_R5_PICT0918.JPG,Snapshot Serengeti : S2/E02/E02_R5/S2_E02_R5_PICT0918,Snapshot Serengeti : SER_S2#E02#5#307,Snapshot Serengeti : E02,2,african bush elephant,07-26-2011 14:36:43,9,test
https://storage.googleapis.com/public-datasets-lila/snapshot-safari-2024-expansion/MAD/MAD_S1/MAD01/MAD01_R4/MAD_S1_MAD01_R4_IMAG2048.JPG,Snapshot Safari 2024 Expansion : MAD/MAD_S1/MAD01/MAD01_R4/MAD_S1_MAD01_R4_IMAG2048.JPG,Snapshot Safari 2024 Expansion : MAD_S1#MAD01#4#683,Snapshot Safari 2024 Expansion : MAD_S1_MAD01,1,african bush elephant,,9,train
https://storage.googleapis.com/public-datasets-lila/snapshotserengeti-unzipped/S9/E06/E06_R1/S9_E06_R1_IMAG2441.JPG,Snapshot Serengeti : S9/E06/E06_R1/S9_E06_R1_IMAG2441,Snapshot Serengeti : SER_S9#E06#1#893,Snapshot Serengeti : E06,3,african bush elephant,08-19-2014 17:20:01,9,train
https://storage.googleapis.com/public-datasets-lila/snapshot-safari-2024-expansion/MAD/MAD_S2/MAD04/MAD04_R6/MAD_S2_MAD04_R6_IMAG1137.JPG,Snapshot Safari 2024 Expansion : MAD/MAD_S2/MAD04/MAD04_R6/MAD_S2_MAD04_R6_IMAG1137.JPG,Snapshot Safari 2024 Expansion : MAD_S2#MAD04#6#379,Snapshot Safari 2024 Expansion : MAD_S2_MAD04,2,african bush elephant,,9,train
https://storage.googleapis.com/public-datasets-lila/snapshotserengeti-unzipped/SER_S11/K03/K03_R1/SER_S11_K03_R1_IMAG1951.JPG,Snapshot Serengeti : SER_S11/K03/K03_R1/SER_S11_K03_R1_IMAG1951,Snapshot Serengeti : SER_S11#K03#1#790,Snapshot Serengeti : K03,3,african bush elephant,10-18-2015 18:21:18,9,test
https://storage.googleapis.com/public-datasets-lila/snapshot-safari-2024-expansion/MAD/MAD_S2/MAD06/MAD06_R6/MAD_S2_MAD06_R6_IMAG4585.JPG,Snapshot Safari 2024 Expansion : MAD/MAD_S2/MAD06/MAD06_R6/MAD_S2_MAD06_R6_IMAG4585.JPG,Snapshot Safari 2024 Expansion : MAD_S2#MAD06#6#1529,Snapshot Safari 2024 Expansion : MAD_S2_MAD06,0,african bush elephant,,9,val
https://storage.googleapis.com/public-datasets-lila/snapshot-safari-2024-expansion/MAD/MAD_S2/MAD04/MAD04_R6/MAD_S2_MAD04_R6_IMAG0935.JPG,Snapshot Safari 2024 Expansion : MAD/MAD_S2/MAD04/MAD04_R6/MAD_S2_MAD04_R6_IMAG0935.JPG,Snapshot Safari 2024 Expansion : MAD_S2#MAD04#6#312,Snapshot Safari 2024 Expansion : MAD_S2_MAD04,1,african bush elephant,,9,train
https://storage.googleapis.com/public-datasets-lila/snapshotserengeti-unzipped/S5/H11/H11_R3/S5_H11_R3_IMAG0600.JPG,Snapshot Serengeti : S5/H11/H11_R3/S5_H11_R3_IMAG0600,Snapshot Serengeti : SER_S5#H11#3#218,Snapshot Serengeti : H11,1,african bush elephant,12-03-2012 21:27:42,9,val
https://storage.googleapis.com/public-datasets-lila/snapshot-safari-2024-expansion/MAD/MAD_S3/H08/H08_R09/MAD_S3_H08_R09_IMAG0038.JPG,Snapshot Safari 2024 Expansion : MAD/MAD_S3/H08/H08_R09/MAD_S3_H08_R09_IMAG0038.JPG,Snapshot Safari 2024 Expansion : MAD_S3#H08#09#13,Snapshot Safari 2024 Expansion : MAD_S3_H08,1,african bush elephant,,9,train
https://storage.googleapis.com/public-datasets-lila/snapshot-safari-2024-expansion/MAD/MAD_S1/MAD01/MAD01_R3/MAD_S1_MAD01_R3_IMAG2978.JPG,Snapshot Safari 2024 Expansion : MAD/MAD_S1/MAD01/MAD01_R3/MAD_S1_MAD01_R3_IMAG2978.JPG,Snapshot Safari 2024 Expansion : MAD_S1#MAD01#3#993,Snapshot Safari 2024 Expansion : MAD_S1_MAD01,1,african bush elephant,,9,train
https://storage.googleapis.com/public-datasets-lila/snapshot-safari-2024-expansion/MAD/MAD_S3/MAD06/MAD06_R09/MAD_S3_MAD06_R09_IMAG0852.JPG,Snapshot Safari 2024 Expansion : MAD/MAD_S3/MAD06/MAD06_R09/MAD_S3_MAD06_R09_IMAG0852.JPG,Snapshot Safari 2024 Expansion : MAD_S3#MAD06#09#284,Snapshot Safari 2024 Expansion : MAD_S3_MAD06,2,african bush elephant,,9,train
https://storage.googleapis.com/public-datasets-lila/snapshotserengeti-unzipped/S10/H03/H03_R2/S10_H03_R2_IMAG2681.JPG,Snapshot Serengeti : S10/H03/H03_R2/S10_H03_R2_IMAG2681,Snapshot Serengeti : SER_S10#H03#2#934,Snapshot Serengeti : H03,3,african bush elephant,05-09-2015 17:37:14,9,train
https://storage.googleapis.com/public-datasets-lila/snapshotserengeti-unzipped/S5/N04/N04_R1/S5_N04_R1_IMAG0821.JPG,Snapshot Serengeti : S5/N04/N04_R1/S5_N04_R1_IMAG0821,Snapshot Serengeti : SER_S5#N04#1#298,Snapshot Serengeti : N04,2,african bush elephant,06-27-2012 09:30:32,9,train
https://storage.googleapis.com/public-datasets-lila/snapshotserengeti-unzipped/S5/G07/G07_R2/S5_G07_R2_IMAG0514.JPG,Snapshot Serengeti : S5/G07/G07_R2/S5_G07_R2_IMAG0514,Snapshot Serengeti : SER_S5#G07#2#177,Snapshot Serengeti : G07,1,african bush elephant,09-17-2012 16:01:50,9,train
https://storage.googleapis.com/public-datasets-lila/snapshot-safari-2024-expansion/MAD/MAD_S2/MAD03/MAD03_R6/MAD_S2_MAD03_R6_IMAG0711.JPG,Snapshot Safari 2024 Expansion : MAD/MAD_S2/MAD03/MAD03_R6/MAD_S2_MAD03_R6_IMAG0711.JPG,Snapshot Safari 2024 Expansion : MAD_S2#MAD03#6#237,Snapshot Safari 2024 Expansion : MAD_S2_MAD03,2,african bush elephant,,9,train
https://storage.googleapis.com/public-datasets-lila/snapshot-safari-2024-expansion/APN/APN_S2/DW/DW_R6/APN_S2_DW_R6_IMAG0143.JPG,Snapshot Safari 2024 Expansion : APN/APN_S2/DW/DW_R6/APN_S2_DW_R6_IMAG0143.JPG,Snapshot Safari 2024 Expansion : APN_S2#DW#6#55,Snapshot Safari 2024 Expansion : APN_S2_DW,0,african bush elephant,,9,train
https://storage.googleapis.com/public-datasets-lila/snapshot-safari-2024-expansion/MAD/MAD_S1/MAD04/MAD04_R3/MAD_S1_MAD04_R3_IMAG1860.JPG,Snapshot Safari 2024 Expansion : MAD/MAD_S1/MAD04/MAD04_R3/MAD_S1_MAD04_R3_IMAG1860.JPG,Snapshot Safari 2024 Expansion : MAD_S1#MAD04#3#620,Snapshot Safari 2024 Expansion : MAD_S1_MAD04,2,african bush elephant,,9,val
https://storage.googleapis.com/public-datasets-lila/snapshot-safari-2024-expansion/Snapshot Cameo/EFA/EFA_S1/EFA08/EFA08_R16/EFA_S1_EFA08_R16_IMAG1309.JPG,Snapshot Safari 2024 Expansion : Snapshot Cameo/EFA/EFA_S1/EFA08/EFA08_R16/EFA_S1_EFA08_R16_IMAG1309.JPG,Snapshot Safari 2024 Expansion : EFA_S1#EFA08#16#286,Snapshot Safari 2024 Expansion : EFA_S1_EFA08,2,african bush elephant,,9,test
https://storage.googleapis.com/public-datasets-lila/snapshotserengeti-unzipped/S7/H08/H08_R2/S7_H08_R2_IMAG0030.JPG,Snapshot Serengeti : S7/H08/H08_R2/S7_H08_R2_IMAG0030,Snapshot Serengeti : SER_S7#H08#2#12,Snapshot Serengeti : H08,3,african bush elephant,07-10-2013 15:12:57,9,train
https://storage.googleapis.com/public-datasets-lila/snapshotserengeti-unzipped/S8/H13/H13_R3/S8_H13_R3_IMAG0062.JPG,Snapshot Serengeti : S8/H13/H13_R3/S8_H13_R3_IMAG0062,Snapshot Serengeti : SER_S8#H13#3#21,Snapshot Serengeti : H13,2,african bush elephant,04-23-2014 11:02:03,9,train
https://storage.googleapis.com/public-datasets-lila/snapshot-safari-2024-expansion/Snapshot Cameo/EFA/EFA_S1/EFA08/EFA08_R19/EFA_S1_EFA08_R19_IMAG0862.JPG,Snapshot Safari 2024 Expansion : Snapshot Cameo/EFA/EFA_S1/EFA08/EFA08_R19/EFA_S1_EFA08_R19_IMAG0862.JPG,Snapshot Safari 2024 Expansion : EFA_S1#EFA08#19#157,Snapshot Safari 2024 Expansion : EFA_S1_EFA08,2,african bush elephant,,9,test
https://storage.googleapis.com/public-datasets-lila/snapshot-safari-2024-expansion/MAD/MAD_S2/MAD03/MAD03_R7/MAD_S2_MAD03_R7_IMAG2083.JPG,Snapshot Safari 2024 Expansion : MAD/MAD_S2/MAD03/MAD03_R7/MAD_S2_MAD03_R7_IMAG2083.JPG,Snapshot Safari 2024 Expansion : MAD_S2#MAD03#7#695,Snapshot Safari 2024 Expansion : MAD_S2_MAD03,0,african bush elephant,,9,train
https://storage.googleapis.com/public-datasets-lila/snapshotserengeti-unzipped/S6/L10/L10_R1/S6_L10_R1_IMAG0429.JPG,Snapshot Serengeti : S6/L10/L10_R1/S6_L10_R1_IMAG0429,Snapshot Serengeti : SER_S6#L10#1#140,Snapshot Serengeti : L10,3,african bush elephant,02-10-2013 04:42:27,9,test
https://storage.googleapis.com/public-datasets-lila/snapshot-safari-2024-expansion/PLN/PLN_S3a/D02/D02_R8/PLN_S3a_D02_R8_IMAG0257.JPG,Snapshot Safari 2024 Expansion : PLN/PLN_S3a/D02/D02_R8/PLN_S3a_D02_R8_IMAG0257.JPG,Snapshot Safari 2024 Expansion : PLN_S3a#D02#8#109,Snapshot Safari 2024 Expansion : PLN_S3A_D02,0,african bush elephant,,9,train
https://storage.googleapis.com/public-datasets-lila/snapshot-safari-2024-expansion/Snapshot Cameo/EFA/EFA_S1/EFA08/EFA08_R1/EFA_S1_EFA08_R1_IMAG3596.JPG,Snapshot Safari 2024 Expansion : Snapshot Cameo/EFA/EFA_S1/EFA08/EFA08_R1/EFA_S1_EFA08_R1_IMAG3596.JPG,Snapshot Safari 2024 Expansion : EFA_S1#EFA08#1#725,Snapshot Safari 2024 Expansion : EFA_S1_EFA08,1,african bush elephant,,9,test
https://storage.googleapis.com/public-datasets-lila/snapshot-safari-2024-expansion/MAD/MAD_S1/C04/C04_R3/MAD_S1_C04_R3_IMAG0530.JPG,Snapshot Safari 2024 Expansion : MAD/MAD_S1/C04/C04_R3/MAD_S1_C04_R3_IMAG0530.JPG,Snapshot Safari 2024 Expansion : MAD_S1#C04#3#177,Snapshot Safari 2024 Expansion : MAD_S1_C04,1,african bush elephant,,9,train
https://storage.googleapis.com/public-datasets-lila/snapshotserengeti-unzipped/S4/F12/F12_R1/S4_F12_R1_IMAG0781.JPG,Snapshot Serengeti : S4/F12/F12_R1/S4_F12_R1_IMAG0781,Snapshot Serengeti : SER_S4#F12#1#371,Snapshot Serengeti : F12,3,african bush elephant,02-06-2012 16:56:37,9,train
https://storage.googleapis.com/public-datasets-lila/snapshot-safari-2024-expansion/MAD/MAD_S2/MAD06/MAD06_R6/MAD_S2_MAD06_R6_IMAG3484.JPG,Snapshot Safari 2024 Expansion : MAD/MAD_S2/MAD06/MAD06_R6/MAD_S2_MAD06_R6_IMAG3484.JPG,Snapshot Safari 2024 Expansion : MAD_S2#MAD06#6#1162,Snapshot Safari 2024 Expansion : MAD_S2_MAD06,0,african bush elephant,,9,val
https://storage.googleapis.com/public-datasets-lila/snapshotserengeti-unzipped/S4/F12/F12_R1/S4_F12_R1_IMAG1119.JPG,Snapshot Serengeti : S4/F12/F12_R1/S4_F12_R1_IMAG1119,Snapshot Serengeti : SER_S4#F12#1#493,Snapshot Serengeti : F12,1,african bush elephant,02-12-2012 15:45:30,9,train
https://storage.googleapis.com/public-datasets-lila/snapshot-safari-2024-expansion/Snapshot Cameo/EFA/EFA_S1/EFA08/EFA08_R21/EFA_S1_EFA08_R21_IMAG0709.JPG,Snapshot Safari 2024 Expansion : Snapshot Cameo/EFA/EFA_S1/EFA08/EFA08_R21/EFA_S1_EFA08_R21_IMAG0709.JPG,Snapshot Safari 2024 Expansion : EFA_S1#EFA08#21#130,Snapshot Safari 2024 Expansion : EFA_S1_EFA08,0,african bush elephant,,9,test
https://storage.googleapis.com/public-datasets-lila/snapshotserengeti-unzipped/S9/D06/D06_R1/S9_D06_R1_IMAG0100.JPG,Snapshot Serengeti : S9/D06/D06_R1/S9_D06_R1_IMAG0100,Snapshot Serengeti : SER_S9#D06#1#39,Snapshot Serengeti : D06,1,african bush elephant,09-01-2014 13:43:02,9,train
https://storage.googleapis.com/public-datasets-lila/snapshotserengeti-unzipped/S5/G05/G05_R1/S5_G05_R1_IMAG0053.JPG,Snapshot Serengeti : S5/G05/G05_R1/S5_G05_R1_IMAG0053,Snapshot Serengeti : SER_S5#G05#1#22,Snapshot Serengeti : G05,3,african bush elephant,05-11-2012 16:46:25,9,train
https://storage.googleapis.com/public-datasets-lila/snapshot-safari-2024-expansion/MAD/MAD_S2/MAD06/MAD06_R6/MAD_S2_MAD06_R6_IMAG1847.JPG,Snapshot Safari 2024 Expansion : MAD/MAD_S2/MAD06/MAD06_R6/MAD_S2_MAD06_R6_IMAG1847.JPG,Snapshot Safari 2024 Expansion : MAD_S2#MAD06#6#616,Snapshot Safari 2024 Expansion : MAD_S2_MAD06,1,african bush elephant,,9,val
https://storage.googleapis.com/public-datasets-lila/snapshotserengeti-unzipped/S5/I12/I12_R1/S5_I12_R1_IMAG0312.JPG,Snapshot Serengeti : S5/I12/I12_R1/S5_I12_R1_IMAG0312,Snapshot Serengeti : SER_S5#I12#1#115,Snapshot Serengeti : I12,1,african bush elephant,06-08-2012 11:38:38,9,train
https://storage.googleapis.com/public-datasets-lila/snapshot-safari-2024-expansion/ENO/ENO_S5/C07/C07_R3/ENO_S5_C07_R3_IMAG0068.JPG,Snapshot Safari 2024 Expansion : ENO/ENO_S5/C07/C07_R3/ENO_S5_C07_R3_IMAG0068.JPG,Snapshot Safari 2024 Expansion : ENO_S5#C07#3#38,Snapshot Safari 2024 Expansion : ENO_S5_C07,0,african bush elephant,,9,train
https://storage.googleapis.com/public-datasets-lila/snapshot-safari-2024-expansion/MAD/MAD_S2/MAD03/MAD03_R7/MAD_S2_MAD03_R7_IMAG0744.JPG,Snapshot Safari 2024 Expansion : MAD/MAD_S2/MAD03/MAD03_R7/MAD_S2_MAD03_R7_IMAG0744.JPG,Snapshot Safari 2024 Expansion : MAD_S2#MAD03#7#248,Snapshot Safari 2024 Expansion : MAD_S2_MAD03,2,african bush elephant,,9,train
https://storage.googleapis.com/public-datasets-lila/snapshot-safari-2024-expansion/Snapshot Cameo/EFA/EFA_S1/EFA09/EFA09_R5/EFA_S1_EFA09_R5_IMAG0039.JPG,Snapshot Safari 2024 Expansion : Snapshot Cameo/EFA/EFA_S1/EFA09/EFA09_R5/EFA_S1_EFA09_R5_IMAG0039.JPG,Snapshot Safari 2024 Expansion : EFA_S1#EFA09#5#18,Snapshot Safari 2024 Expansion : EFA_S1_EFA09,1,african bush elephant,,9,train
https://storage.googleapis.com/public-datasets-lila/snapshot-safari-2024-expansion/APN/APN_S3/DW/DW_R9/APN_S3_DW_R9_IMAG0103.JPG,Snapshot Safari 2024 Expansion : APN/APN_S3/DW/DW_R9/APN_S3_DW_R9_IMAG0103.JPG,Snapshot Safari 2024 Expansion : APN_S3#DW#9#37,Snapshot Safari 2024 Expansion : APN_S3_DW,0,african bush elephant,,9,train
https://storage.googleapis.com/public-datasets-lila/snapshot-safari-2024-expansion/MAD/MAD_S3/MAD03/MAD03_R08/MAD_S3_MAD03_R08_IMAG4175.JPG,Snapshot Safari 2024 Expansion : MAD/MAD_S3/MAD03/MAD03_R08/MAD_S3_MAD03_R08_IMAG4175.JPG,Snapshot Safari 2024 Expansion : MAD_S3#MAD03#08#1392,Snapshot Safari 2024 Expansion : MAD_S3_MAD03,1,african bush elephant,,9,train
https://storage.googleapis.com/public-datasets-lila/snapshotserengeti-unzipped/S4/C13/C13_R2/S4_C13_R2_IMAG0983.JPG,Snapshot Serengeti : S4/C13/C13_R2/S4_C13_R2_IMAG0983,Snapshot Serengeti : SER_S4#C13#2#371,Snapshot Serengeti : C13,3,african bush elephant,05-16-2012 16:41:32,9,val
https://storage.googleapis.com/public-datasets-lila/snapshot-safari-2024-expansion/Snapshot Cameo/EFA/EFA_S1/EFA08/EFA08_R7/EFA_S1_EFA08_R7_IMAG1633.JPG,Snapshot Safari 2024 Expansion : Snapshot Cameo/EFA/EFA_S1/EFA08/EFA08_R7/EFA_S1_EFA08_R7_IMAG1633.JPG,Snapshot Safari 2024 Expansion : EFA_S1#EFA08#7#204,Snapshot Safari 2024 Expansion : EFA_S1_EFA08,1,african bush elephant,,9,test
https://storage.googleapis.com/public-datasets-lila/snapshot-safari-2024-expansion/SER/SER_S13/P04/P04_R3/SER_S13_P04_R3_IMAG0008.JPG,Snapshot Safari 2024 Expansion : SER/SER_S13/P04/P04_R3/SER_S13_P04_R3_IMAG0008.JPG,Snapshot Safari 2024 Expansion : SER_S13#P04#3#8,Snapshot Safari 2024 Expansion : SER_S13_P04,0,african bush elephant,,9,train
https://storage.googleapis.com/public-datasets-lila/snapshot-safari-2024-expansion/MAD/MAD_S3/MAD03/MAD03_R08/MAD_S3_MAD03_R08_IMAG1530.JPG,Snapshot Safari 2024 Expansion : MAD/MAD_S3/MAD03/MAD03_R08/MAD_S3_MAD03_R08_IMAG1530.JPG,Snapshot Safari 2024 Expansion : MAD_S3#MAD03#08#510,Snapshot Safari 2024 Expansion : MAD_S3_MAD03,2,african bush elephant,,9,train
https://storage.googleapis.com/public-datasets-lila/snapshot-safari-2024-expansion/Snapshot Cameo/EFA/EFA_S1/EFA08/EFA08_R2/EFA_S1_EFA08_R2_IMAG1723.JPG,Snapshot Safari 2024 Expansion : Snapshot Cameo/EFA/EFA_S1/EFA08/EFA08_R2/EFA_S1_EFA08_R2_IMAG1723.JPG,Snapshot Safari 2024 Expansion : EFA_S1#EFA08#2#365,Snapshot Safari 2024 Expansion : EFA_S1_EFA08,0,african bush elephant,,9,test
https://storage.googleapis.com/public-datasets-lila/snapshot-safari-2024-expansion/Snapshot Cameo/NIA/NIA_S1/18A/18A_R1/NIA_S1_18A_R1_IMAG0049.JPG,Snapshot Safari 2024 Expansion : Snapshot Cameo/NIA/NIA_S1/18A/18A_R1/NIA_S1_18A_R1_IMAG0049.JPG,Snapshot Safari 2024 Expansion : NIA_S1#18A#1#49,Snapshot Safari 2024 Expansion : NIA_S1_18A,0,african bush elephant,,9,train
https://storage.googleapis.com/public-datasets-lila/snapshotserengeti-unzipped/S7/O11/O11_R1/S7_O11_R1_IMAG0138.JPG,Snapshot Serengeti : S7/O11/O11_R1/S7_O11_R1_IMAG0138,Snapshot Serengeti : SER_S7#O11#1#49,Snapshot Serengeti : O11,2,african bush elephant,05-09-2013 12:00:34,9,train
https://storage.googleapis.com/public-datasets-lila/wcs-unzipped/animals/0414/0974.jpg,WCS Camera Traps : 5e3143ec-92d5-11e9-b442-000d3a74c7de,WCS Camera Traps : ken-017-d0055-41,WCS Camera Traps : 2952,2,african bush elephant,02-06-2015 15:28:39,9,train
https://storage.googleapis.com/public-datasets-lila/snapshot-safari-2024-expansion/KRU/KRU_S3/35/35_R5/KRU_S3_35_R5_IMAG0010.JPG,Snapshot Safari 2024 Expansion : KRU/KRU_S3/35/35_R5/KRU_S3_35_R5_IMAG0010.JPG,Snapshot Safari 2024 Expansion : KRU_S3#35#5#4,Snapshot Safari 2024 Expansion : KRU_S3_35,0,african bush elephant,,9,train
https://storage.googleapis.com/public-datasets-lila/snapshot-safari-2024-expansion/Snapshot Cameo/EFA/EFA_S1/EFA08/EFA08_R25/EFA_S1_EFA08_R25_IMAG5281.JPG,Snapshot Safari 2024 Expansion : Snapshot Cameo/EFA/EFA_S1/EFA08/EFA08_R25/EFA_S1_EFA08_R25_IMAG5281.JPG,Snapshot Safari 2024 Expansion : EFA_S1#EFA08#25#801,Snapshot Safari 2024 Expansion : EFA_S1_EFA08,0,african bush elephant,,9,test
https://storage.googleapis.com/public-datasets-lila/wcs-unzipped/animals/0416/1234.jpg,WCS Camera Traps : 5ef81692-92d5-11e9-967a-000d3a74c7de,WCS Camera Traps : ken-017-d0065-51,WCS Camera Traps : 2963,2,african bush elephant,02-05-2015 17:23:37,9,train
https://storage.googleapis.com/public-datasets-lila/snapshot-safari-2024-expansion/Snapshot Cameo/EFA/EFA_S1/EFA08/EFA08_R18/EFA_S1_EFA08_R18_IMAG0799.JPG,Snapshot Safari 2024 Expansion : Snapshot Cameo/EFA/EFA_S1/EFA08/EFA08_R18/EFA_S1_EFA08_R18_IMAG0799.JPG,Snapshot Safari 2024 Expansion : EFA_S1#EFA08#18#154,Snapshot Safari 2024 Expansion : EFA_S1_EFA08,0,african bush elephant,,9,test
https://storage.googleapis.com/public-datasets-lila/snapshot-safari-2024-expansion/KRU/KRU_S2/27/27_R3/KRU_S2_27_R3_IMAG0110.JPG,Snapshot Safari 2024 Expansion : KRU/KRU_S2/27/27_R3/KRU_S2_27_R3_IMAG0110.JPG,Snapshot Safari 2024 Expansion : KRU_S2#27#3#64,Snapshot Safari 2024 Expansion : KRU_S2_27,0,african bush elephant,,9,train
https://storage.googleapis.com/public-datasets-lila/snapshotserengeti-unzipped/S10/B13/B13_R1/S10_B13_R1_IMAG5573.JPG,Snapshot Serengeti : S10/B13/B13_R1/S10_B13_R1_IMAG5573,Snapshot Serengeti : SER_S10#B13#1#1996,Snapshot Serengeti : B13,2,african bush elephant,03-16-2015 16:26:29,9,train
https://storage.googleapis.com/public-datasets-lila/snapshotserengeti-unzipped/S5/I11/I11_R2/S5_I11_R2_IMAG0538.JPG,Snapshot Serengeti : S5/I11/I11_R2/S5_I11_R2_IMAG0538,Snapshot Serengeti : SER_S5#I11#2#256,Snapshot Serengeti : I11,3,african bush elephant,09-28-2012 15:49:19,9,train
https://storage.googleapis.com/public-datasets-lila/snapshot-safari-2024-expansion/Snapshot Cameo/EFA/EFA_S1/EFA08/EFA08_R19/EFA_S1_EFA08_R19_IMAG1118.JPG,Snapshot Safari 2024 Expansion : Snapshot Cameo/EFA/EFA_S1/EFA08/EFA08_R19/EFA_S1_EFA08_R19_IMAG1118.JPG,Snapshot Safari 2024 Expansion : EFA_S1#EFA08#19#196,Snapshot Safari 2024 Expansion : EFA_S1_EFA08,0,african bush elephant,,9,test
https://storage.googleapis.com/public-datasets-lila/snapshotserengeti-unzipped/S9/H07/H07_R1/S9_H07_R1_IMAG3499.JPG,Snapshot Serengeti : S9/H07/H07_R1/S9_H07_R1_IMAG3499,Snapshot Serengeti : SER_S9#H07#1#1656,Snapshot Serengeti : H07,1,african bush elephant,08-12-2014 08:39:02,9,train
https://storage.googleapis.com/public-datasets-lila/snapshot-safari-2024-expansion/Snapshot Cameo/DEB/DEB_S1/F13/F13_R78/DEB_S1_F13_R78_IMAG0085.JPG,Snapshot Safari 2024 Expansion : Snapshot Cameo/DEB/DEB_S1/F13/F13_R78/DEB_S1_F13_R78_IMAG0085.JPG,Snapshot Safari 2024 Expansion : DEB_S1#F13#78#85,Snapshot Safari 2024 Expansion : DEB_S1_F13,0,african bush elephant,,9,train
https://storage.googleapis.com/public-datasets-lila/snapshotserengeti-unzipped/S4/O10/O10_R1/S4_O10_R1_IMAG0241.JPG,Snapshot Serengeti : S4/O10/O10_R1/S4_O10_R1_IMAG0241,Snapshot Serengeti : SER_S4#O10#1#85,Snapshot Serengeti : O10,3,african bush elephant,02-22-2012 14:14:58,9,train
https://storage.googleapis.com/public-datasets-lila/snapshot-safari-2024-expansion/Snapshot Cameo/NIA/NIA_S1/18A/18A_R1/NIA_S1_18A_R1_IMAG0041.JPG,Snapshot Safari 2024 Expansion : Snapshot Cameo/NIA/NIA_S1/18A/18A_R1/NIA_S1_18A_R1_IMAG0041.JPG,Snapshot Safari 2024 Expansion : NIA_S1#18A#1#41,Snapshot Safari 2024 Expansion : NIA_S1_18A,0,african bush elephant,,9,train
https://storage.googleapis.com/public-datasets-lila/snapshot-safari-2024-expansion/MAD/MAD_S1/MAD03/MAD03_R4/MAD_S1_MAD03_R4_IMAG1943.JPG,Snapshot Safari 2024 Expansion : MAD/MAD_S1/MAD03/MAD03_R4/MAD_S1_MAD03_R4_IMAG1943.JPG,Snapshot Safari 2024 Expansion : MAD_S1#MAD03#4#649,Snapshot Safari 2024 Expansion : MAD_S1_MAD03,0,african bush elephant,,9,train
https://storage.googleapis.com/public-datasets-lila/snapshotserengeti-unzipped/S9/J09/J09_R1/S9_J09_R1_IMAG1840.JPG,Snapshot Serengeti : S9/J09/J09_R1/S9_J09_R1_IMAG1840,Snapshot Serengeti : SER_S9#J09#1#646,Snapshot Serengeti : J09,3,african bush elephant,09-11-2014 15:59:19,9,train
https://storage.googleapis.com/public-datasets-lila/snapshotserengeti-unzipped/S5/C13/C13_R3/S5_C13_R3_IMAG2486.JPG,Snapshot Serengeti : S5/C13/C13_R3/S5_C13_R3_IMAG2486,Snapshot Serengeti : SER_S5#C13#3#883,Snapshot Serengeti : C13,2,african bush elephant,12-09-2012 15:24:57,9,val
https://storage.googleapis.com/public-datasets-lila/snapshotserengeti-unzipped/S4/B10/B10_R1/S4_B10_R1_IMAG0309.JPG,Snapshot Serengeti : S4/B10/B10_R1/S4_B10_R1_IMAG0309,Snapshot Serengeti : SER_S4#B10#1#169,Snapshot Serengeti : B10,1,african bush elephant,03-12-2012 14:14:54,9,test
https://storage.googleapis.com/public-datasets-lila/wcs-unzipped/animals/0370/1292.jpg,WCS Camera Traps : 4e45848b-92d5-11e9-a48f-000d3a74c7de,WCS Camera Traps : ken-014-d0091-273,WCS Camera Traps : 2730,3,african bush elephant,08-15-2009 09:38:02,9,train
https://storage.googleapis.com/public-datasets-lila/snapshot-safari-2024-expansion/MAD/MAD_S3/MAD04/MAD04_R11/MAD_S3_MAD04_R11_IMAG0938.JPG,Snapshot Safari 2024 Expansion : MAD/MAD_S3/MAD04/MAD04_R11/MAD_S3_MAD04_R11_IMAG0938.JPG,Snapshot Safari 2024 Expansion : MAD_S3#MAD04#11#313,Snapshot Safari 2024 Expansion : MAD_S3_MAD04,1,african bush elephant,,9,train
https://storage.googleapis.com/public-datasets-lila/snapshot-safari-2024-expansion/MAD/MAD_S1/G08/G08_R2/MAD_S1_G08_R2_IMAG0439.JPG,Snapshot Safari 2024 Expansion : MAD/MAD_S1/G08/G08_R2/MAD_S1_G08_R2_IMAG0439.JPG,Snapshot Safari 2024 Expansion : MAD_S1#G08#2#172,Snapshot Safari 2024 Expansion : MAD_S1_G08,1,african bush elephant,,9,train
https://storage.googleapis.com/public-datasets-lila/wcs-unzipped/animals/0218/1426.jpg,WCS Camera Traps : 16866691-92d5-11e9-91bf-000d3a74c7de,WCS Camera Traps : ken-007-d0072-12,WCS Camera Traps : 1294,15,african bush elephant,02-13-2012 02:31:18,9,train
https://storage.googleapis.com/public-datasets-lila/snapshotserengeti-unzipped/S3/L03/L03_R11/S3_L03_R11_IMAG0166.JPG,Snapshot Serengeti : S3/L03/L03_R11/S3_L03_R11_IMAG0166,Snapshot Serengeti : SER_S3#L03#11#56,Snapshot Serengeti : L03,1,african bush elephant,10-21-2011 12:05:19,9,train
https://storage.googleapis.com/public-datasets-lila/snapshot-safari-2024-expansion/MAD/MAD_S2/MAD03/MAD03_R6/MAD_S2_MAD03_R6_IMAG4305.JPG,Snapshot Safari 2024 Expansion : MAD/MAD_S2/MAD03/MAD03_R6/MAD_S2_MAD03_R6_IMAG4305.JPG,Snapshot Safari 2024 Expansion : MAD_S2#MAD03#6#1435,Snapshot Safari 2024 Expansion : MAD_S2_MAD03,2,african bush elephant,,9,train
https://storage.googleapis.com/public-datasets-lila/snapshot-safari-2024-expansion/Snapshot Cameo/EFA/EFA_S1/EFA03/EFA03_R12/EFA_S1_EFA03_R12_IMAG0246.JPG,Snapshot Safari 2024 Expansion : Snapshot Cameo/EFA/EFA_S1/EFA03/EFA03_R12/EFA_S1_EFA03_R12_IMAG0246.JPG,Snapshot Safari 2024 Expansion : EFA_S1#EFA03#12#79,Snapshot Safari 2024 Expansion : EFA_S1_EFA03,1,african bush elephant,,9,train
https://storage.googleapis.com/public-datasets-lila/snapshot-safari-2024-expansion/APN/APN_S4/DW/DW_R13/APN_S4_DW_R13_IMAG0426.JPG,Snapshot Safari 2024 Expansion : APN/APN_S4/DW/DW_R13/APN_S4_DW_R13_IMAG0426.JPG,Snapshot Safari 2024 Expansion : APN_S4#DW#13#160,Snapshot Safari 2024 Expansion : APN_S4_DW,0,african bush elephant,,9,test
https://storage.googleapis.com/public-datasets-lila/snapshotserengeti-unzipped/S5/N05/N05_R1/S5_N05_R1_IMAG0033.JPG,Snapshot Serengeti : S5/N05/N05_R1/S5_N05_R1_IMAG0033,Snapshot Serengeti : SER_S5#N05#1#14,Snapshot Serengeti : N05,2,african bush elephant,06-03-2012 10:12:52,9,train
https://storage.googleapis.com/public-datasets-lila/snapshot-safari-2024-expansion/Snapshot Cameo/EFA/EFA_S1/EFA08/EFA08_R19/EFA_S1_EFA08_R19_IMAG1416.JPG,Snapshot Safari 2024 Expansion : Snapshot Cameo/EFA/EFA_S1/EFA08/EFA08_R19/EFA_S1_EFA08_R19_IMAG1416.JPG,Snapshot Safari 2024 Expansion : EFA_S1#EFA08#19#256,Snapshot Safari 2024 Expansion : EFA_S1_EFA08,1,african bush elephant,,9,test
https://storage.googleapis.com/public-datasets-lila/snapshot-safari-2024-expansion/MAD/MAD_S3/MAD03/MAD03_R08/MAD_S3_MAD03_R08_IMAG5686.JPG,Snapshot Safari 2024 Expansion : MAD/MAD_S3/MAD03/MAD03_R08/MAD_S3_MAD03_R08_IMAG5686.JPG,Snapshot Safari 2024 Expansion : MAD_S3#MAD03#08#1896,Snapshot Safari 2024 Expansion : MAD_S3_MAD03,0,african bush elephant,,9,train
https://storage.googleapis.com/public-datasets-lila/snapshot-safari-2024-expansion/APN/APN_S3/TB17/TB17_R5/APN_S3_TB17_R5_IMAG0062.JPG,Snapshot Safari 2024 Expansion : APN/APN_S3/TB17/TB17_R5/APN_S3_TB17_R5_IMAG0062.JPG,Snapshot Safari 2024 Expansion : APN_S3#TB17#5#23,Snapshot Safari 2024 Expansion : APN_S3_TB17,1,african bush elephant,,9,train
https://storage.googleapis.com/public-datasets-lila/snapshotserengeti-unzipped/S4/C03/C03_R1/S4_C03_R1_IMAG0053.JPG,Snapshot Serengeti : S4/C03/C03_R1/S4_C03_R1_IMAG0053,Snapshot Serengeti : SER_S4#C03#1#21,Snapshot Serengeti : C03,1,african bush elephant,01-18-2012 11:10:43,9,train
https://storage.googleapis.com/public-datasets-lila/wcs-unzipped/animals/0288/1895.jpg,WCS Camera Traps : 30aa43be-92d5-11e9-af8c-000d3a74c7de,WCS Camera Traps : ken-006-d0054-18,WCS Camera Traps : 1455,1,african bush elephant,02-14-2011 22:02:54,9,train
https://storage.googleapis.com/public-datasets-lila/wcs-unzipped/animals/0370/1402.jpg,WCS Camera Traps : 4e4b02e0-92d5-11e9-a4dc-000d3a74c7de,WCS Camera Traps : ken-014-d0091-303,WCS Camera Traps : 2730,4,african bush elephant,08-16-2009 11:31:48,9,train
https://storage.googleapis.com/public-datasets-lila/wcs-unzipped/animals/0334/1794.jpg,WCS Camera Traps : 414f6252-92d5-11e9-9ae4-000d3a74c7de,WCS Camera Traps : ken-016-d0002-7,WCS Camera Traps : 1238,2,african bush elephant,01-26-2013 19:49:55,9,train
https://storage.googleapis.com/public-datasets-lila/snapshot-safari-2024-expansion/APN/APN_S2/WM/WM_R3/APN_S2_WM_R3_IMAG0050.JPG,Snapshot Safari 2024 Expansion : APN/APN_S2/WM/WM_R3/APN_S2_WM_R3_IMAG0050.JPG,Snapshot Safari 2024 Expansion : APN_S2#WM#3#18,Snapshot Safari 2024 Expansion : APN_S2_WM,2,african bush elephant,,9,train
https://storage.googleapis.com/public-datasets-lila/snapshotserengeti-unzipped/S7/J09/J09_R3/S7_J09_R3_IMAG1231.JPG,Snapshot Serengeti : S7/J09/J09_R3/S7_J09_R3_IMAG1231,Snapshot Serengeti : SER_S7#J09#3#432,Snapshot Serengeti : J09,2,african bush elephant,10-19-2013 15:20:32,9,train
https://storage.googleapis.com/public-datasets-lila/snapshot-safari-2024-expansion/MAD/MAD_S1/MAD06/MAD06_R3/MAD_S1_MAD06_R3_IMAG2007.JPG,Snapshot Safari 2024 Expansion : MAD/MAD_S1/MAD06/MAD06_R3/MAD_S1_MAD06_R3_IMAG2007.JPG,Snapshot Safari 2024 Expansion : MAD_S1#MAD06#3#669,Snapshot Safari 2024 Expansion : MAD_S1_MAD06,2,african bush elephant,,9,test
https://storage.googleapis.com/public-datasets-lila/snapshot-safari-2024-expansion/APN/APN_S4/DW/DW_R13/APN_S4_DW_R13_IMAG0153.JPG,Snapshot Safari 2024 Expansion : APN/APN_S4/DW/DW_R13/APN_S4_DW_R13_IMAG0153.JPG,Snapshot Safari 2024 Expansion : APN_S4#DW#13#59,Snapshot Safari 2024 Expansion : APN_S4_DW,0,african bush elephant,,9,test
https://storage.googleapis.com/public-datasets-lila/snapshot-safari-2024-expansion/MAD/MAD_S1/MAD03/MAD03_R3/MAD_S1_MAD03_R3_IMAG5609.JPG,Snapshot Safari 2024 Expansion : MAD/MAD_S1/MAD03/MAD03_R3/MAD_S1_MAD03_R3_IMAG5609.JPG,Snapshot Safari 2024 Expansion : MAD_S1#MAD03#3#1869,Snapshot Safari 2024 Expansion : MAD_S1_MAD03,1,african bush elephant,,9,train
https://storage.googleapis.com/public-datasets-lila/snapshot-safari-2024-expansion/Snapshot Cameo/EFA/EFA_S1/EFA03/EFA03_R12/EFA_S1_EFA03_R12_IMAG0261.JPG,Snapshot Safari 2024 Expansion : Snapshot Cameo/EFA/EFA_S1/EFA03/EFA03_R12/EFA_S1_EFA03_R12_IMAG0261.JPG,Snapshot Safari 2024 Expansion : EFA_S1#EFA03#12#85,Snapshot Safari 2024 Expansion : EFA_S1_EFA03,1,african bush elephant,,9,train
https://storage.googleapis.com/public-datasets-lila/snapshotserengeti-unzipped/S5/E02/E02_R1/S5_E02_R1_IMAG1598.JPG,Snapshot Serengeti : S5/E02/E02_R1/S5_E02_R1_IMAG1598,Snapshot Serengeti : SER_S5#E02#1#541,Snapshot Serengeti : E02,2,african bush elephant,05-27-2012 15:36:14,9,test
https://storage.googleapis.com/public-datasets-lila/snapshot-safari-2024-expansion/APN/APN_S4/DW/DW_R14/APN_S4_DW_R14_IMAG0909.JPG,Snapshot Safari 2024 Expansion : APN/APN_S4/DW/DW_R14/APN_S4_DW_R14_IMAG0909.JPG,Snapshot Safari 2024 Expansion : APN_S4#DW#14#342,Snapshot Safari 2024 Expansion : APN_S4_DW,2,african bush elephant,,9,test
https://storage.googleapis.com/public-datasets-lila/snapshot-safari-2024-expansion/MAD/MAD_S1/MAD03/MAD03_R3/MAD_S1_MAD03_R3_IMAG0141.JPG,Snapshot Safari 2024 Expansion : MAD/MAD_S1/MAD03/MAD03_R3/MAD_S1_MAD03_R3_IMAG0141.JPG,Snapshot Safari 2024 Expansion : MAD_S1#MAD03#3#47,Snapshot Safari 2024 Expansion : MAD_S1_MAD03,2,african bush elephant,,9,train
https://storage.googleapis.com/public-datasets-lila/snapshotserengeti-unzipped/S1/J13/J13_R1/S1_J13_R1_PICT0524.JPG,Snapshot Serengeti : S1/J13/J13_R1/S1_J13_R1_PICT0524,Snapshot Serengeti : SER_S1#J13#1#175,Snapshot Serengeti : J13,1,african bush elephant,09-16-2010 19:59:26,9,train
https://storage.googleapis.com/public-datasets-lila/snapshot-safari-2024-expansion/APN/APN_S2/WM/WM_R7/APN_S2_WM_R7_IMAG0354.JPG,Snapshot Safari 2024 Expansion : APN/APN_S2/WM/WM_R7/APN_S2_WM_R7_IMAG0354.JPG,Snapshot Safari 2024 Expansion : APN_S2#WM#7#146,Snapshot Safari 2024 Expansion : APN_S2_WM,0,african bush elephant,,9,train
https://storage.googleapis.com/public-datasets-lila/snapshot-safari-2024-expansion/Snapshot Cameo/EFA/EFA_S1/EFA07/EFA07_R42/EFA_S1_EFA07_R42_IMAG0535.JPG,Snapshot Safari 2024 Expansion : Snapshot Cameo/EFA/EFA_S1/EFA07/EFA07_R42/EFA_S1_EFA07_R42_IMAG0535.JPG,Snapshot Safari 2024 Expansion : EFA_S1#EFA07#42#116,Snapshot Safari 2024 Expansion : EFA_S1_EFA07,2,african bush elephant,,9,train
https://storage.googleapis.com/public-datasets-lila/snapshot-safari-2024-expansion/APN/APN_S2/U43b/U43b_R3/APN_S2_U43b_R3_IMAG0114.JPG,Snapshot Safari 2024 Expansion : APN/APN_S2/U43b/U43b_R3/APN_S2_U43b_R3_IMAG0114.JPG,Snapshot Safari 2024 Expansion : APN_S2#U43b#3#50,Snapshot Safari 2024 Expansion : APN_S2_U43B,2,african bush elephant,,9,train
https://storage.googleapis.com/public-datasets-lila/snapshot-safari-2024-expansion/MAD/MAD_S2/MAD06/MAD06_R5/MAD_S2_MAD06_R5_IMAG0337.JPG,Snapshot Safari 2024 Expansion : MAD/MAD_S2/MAD06/MAD06_R5/MAD_S2_MAD06_R5_IMAG0337.JPG,Snapshot Safari 2024 Expansion : MAD_S2#MAD06#5#113,Snapshot Safari 2024 Expansion : MAD_S2_MAD06,0,african bush elephant,,9,val
https://storage.googleapis.com/public-datasets-lila/snapshot-safari-2024-expansion/MAD/MAD_S2/MAD06/MAD06_R6/MAD_S2_MAD06_R6_IMAG4392.JPG,Snapshot Safari 2024 Expansion : MAD/MAD_S2/MAD06/MAD06_R6/MAD_S2_MAD06_R6_IMAG4392.JPG,Snapshot Safari 2024 Expansion : MAD_S2#MAD06#6#1464,Snapshot Safari 2024 Expansion : MAD_S2_MAD06,2,african bush elephant,,9,val
https://storage.googleapis.com/public-datasets-lila/snapshot-safari-2024-expansion/Snapshot Cameo/EFA/EFA_S1/EFA08/EFA08_R39/EFA_S1_EFA08_R39_IMAG1096.JPG,Snapshot Safari 2024 Expansion : Snapshot Cameo/EFA/EFA_S1/EFA08/EFA08_R39/EFA_S1_EFA08_R39_IMAG1096.JPG,Snapshot Safari 2024 Expansion : EFA_S1#EFA08#39#187,Snapshot Safari 2024 Expansion : EFA_S1_EFA08,2,african bush elephant,,9,test
https://storage.googleapis.com/public-datasets-lila/snapshotserengeti-unzipped/S10/H03/H03_R2/S10_H03_R2_IMAG0965.JPG,Snapshot Serengeti : S10/H03/H03_R2/S10_H03_R2_IMAG0965,Snapshot Serengeti : SER_S10#H03#2#360,Snapshot Serengeti : H03,3,african bush elephant,04-25-2015 15:05:04,9,train
https://storage.googleapis.com/public-datasets-lila/snapshot-safari-2024-expansion/PLN/PLN_S2/C02/C02_R4/PLN_S2_C02_R4_IMAG0302.JPG,Snapshot Safari 2024 Expansion : PLN/PLN_S2/C02/C02_R4/PLN_S2_C02_R4_IMAG0302.JPG,Snapshot Safari 2024 Expansion : PLN_S2#C02#4#150,Snapshot Safari 2024 Expansion : PLN_S2_C02,0,african bush elephant,,9,train
https://storage.googleapis.com/public-datasets-lila/snapshotserengeti-unzipped/S9/F02/F02_R3/S9_F02_R3_IMAG0990.JPG,Snapshot Serengeti : S9/F02/F02_R3/S9_F02_R3_IMAG0990,Snapshot Serengeti : SER_S9#F02#3#367,Snapshot Serengeti : F02,3,african bush elephant,11-24-2014 11:45:09,9,train
https://storage.googleapis.com/public-datasets-lila/snapshot-safari-2024-expansion/APN/APN_S3/13U/13U_R12/APN_S3_13U_R12_IMAG0166.JPG,Snapshot Safari 2024 Expansion : APN/APN_S3/13U/13U_R12/APN_S3_13U_R12_IMAG0166.JPG,Snapshot Safari 2024 Expansion : APN_S3#13U#12#91,Snapshot Safari 2024 Expansion : APN_S3_13U,1,african bush elephant,,9,test
https://storage.googleapis.com/public-datasets-lila/snapshot-safari-2024-expansion/Snapshot Cameo/EFA/EFA_S1/EFA07/EFA07_R24/EFA_S1_EFA07_R24_IMAG0465.JPG,Snapshot Safari 2024 Expansion : Snapshot Cameo/EFA/EFA_S1/EFA07/EFA07_R24/EFA_S1_EFA07_R24_IMAG0465.JPG,Snapshot Safari 2024 Expansion : EFA_S1#EFA07#24#128,Snapshot Safari 2024 Expansion : EFA_S1_EFA07,1,african bush elephant,,9,train
https://storage.googleapis.com/public-datasets-lila/snapshotserengeti-unzipped/S6/I12/I12_R2/S6_I12_R2_IMAG0103.JPG,Snapshot Serengeti : S6/I12/I12_R2/S6_I12_R2_IMAG0103,Snapshot Serengeti : SER_S6#I12#2#50,Snapshot Serengeti : I12,2,african bush elephant,02-11-2013 09:54:42,9,train
https://storage.googleapis.com/public-datasets-lila/snapshotserengeti-unzipped/S5/O09/O09_R2/S5_O09_R2_IMAG2176.JPG,Snapshot Serengeti : S5/O09/O09_R2/S5_O09_R2_IMAG2176,Snapshot Serengeti : SER_S5#O09#2#783,Snapshot Serengeti : O09,2,african bush elephant,10-17-2012 18:25:29,9,val
https://storage.googleapis.com/public-datasets-lila/snapshotserengeti-unzipped/S9/I06/I06_R1/S9_I06_R1_IMAG0273.JPG,Snapshot Serengeti : S9/I06/I06_R1/S9_I06_R1_IMAG0273,Snapshot Serengeti : SER_S9#I06#1#142,Snapshot Serengeti : I06,1,african bush elephant,08-19-2014 10:09:46,9,train
https://storage.googleapis.com/public-datasets-lila/snapshotserengeti-unzipped/S7/F10/F10_R2/S7_F10_R2_IMAG0288.JPG,Snapshot Serengeti : S7/F10/F10_R2/S7_F10_R2_IMAG0288,Snapshot Serengeti : SER_S7#F10#2#115,Snapshot Serengeti : F10,1,african bush elephant,08-11-2013 10:21:08,9,train
https://storage.googleapis.com/public-datasets-lila/snapshot-safari-2024-expansion/MAD/MAD_S2/MAD03/MAD03_R7/MAD_S2_MAD03_R7_IMAG2011.JPG,Snapshot Safari 2024 Expansion : MAD/MAD_S2/MAD03/MAD03_R7/MAD_S2_MAD03_R7_IMAG2011.JPG,Snapshot Safari 2024 Expansion : MAD_S2#MAD03#7#671,Snapshot Safari 2024 Expansion : MAD_S2_MAD03,0,african bush elephant,,9,train
https://storage.googleapis.com/public-datasets-lila/snapshot-safari-2024-expansion/Snapshot Cameo/EFA/EFA_S1/EFA08/EFA08_R26/EFA_S1_EFA08_R26_IMAG1425.JPG,Snapshot Safari 2024 Expansion : Snapshot Cameo/EFA/EFA_S1/EFA08/EFA08_R26/EFA_S1_EFA08_R26_IMAG1425.JPG,Snapshot Safari 2024 Expansion : EFA_S1#EFA08#26#250,Snapshot Safari 2024 Expansion : EFA_S1_EFA08,2,african bush elephant,,9,test
https://storage.googleapis.com/public-datasets-lila/snapshot-safari-2024-expansion/MAD/MAD_S2/MAD06/MAD06_R5/MAD_S2_MAD06_R5_IMAG0455.JPG,Snapshot Safari 2024 Expansion : MAD/MAD_S2/MAD06/MAD06_R5/MAD_S2_MAD06_R5_IMAG0455.JPG,Snapshot Safari 2024 Expansion : MAD_S2#MAD06#5#152,Snapshot Safari 2024 Expansion : MAD_S2_MAD06,1,african bush elephant,,9,val
https://storage.googleapis.com/public-datasets-lila/snapshotserengeti-unzipped/S3/Q06/Q06_R12/S3_Q06_R12_IMAG0658.JPG,Snapshot Serengeti : S3/Q06/Q06_R12/S3_Q06_R12_IMAG0658,Snapshot Serengeti : SER_S3#Q06#12#244,Snapshot Serengeti : Q06,3,african bush elephant,12-11-2011 08:03:28,9,val
https://storage.googleapis.com/public-datasets-lila/snapshot-safari-2024-expansion/Snapshot Cameo/EFA/EFA_S1/EFA07/EFA07_R17/EFA_S1_EFA07_R17_IMAG0336.JPG,Snapshot Safari 2024 Expansion : Snapshot Cameo/EFA/EFA_S1/EFA07/EFA07_R17/EFA_S1_EFA07_R17_IMAG0336.JPG,Snapshot Safari 2024 Expansion : EFA_S1#EFA07#17#60,Snapshot Safari 2024 Expansion : EFA_S1_EFA07,1,african bush elephant,,9,train
https://storage.googleapis.com/public-datasets-lila/snapshot-safari-2024-expansion/Snapshot Cameo/EFA/EFA_S1/EFA08/EFA08_R16/EFA_S1_EFA08_R16_IMAG1752.JPG,Snapshot Safari 2024 Expansion : Snapshot Cameo/EFA/EFA_S1/EFA08/EFA08_R16/EFA_S1_EFA08_R16_IMAG1752.JPG,Snapshot Safari 2024 Expansion : EFA_S1#EFA08#16#375,Snapshot Safari 2024 Expansion : EFA_S1_EFA08,2,african bush elephant,,9,test
https://storage.googleapis.com/public-datasets-lila/snapshot-safari-2024-expansion/MAD/MAD_S2/MAD06/MAD06_R6/MAD_S2_MAD06_R6_IMAG2755.JPG,Snapshot Safari 2024 Expansion : MAD/MAD_S2/MAD06/MAD06_R6/MAD_S2_MAD06_R6_IMAG2755.JPG,Snapshot Safari 2024 Expansion : MAD_S2#MAD06#6#919,Snapshot Safari 2024 Expansion : MAD_S2_MAD06,0,african bush elephant,,9,val
https://storage.googleapis.com/public-datasets-lila/snapshot-safari-2024-expansion/Snapshot Cameo/DEB/DEB_S1/F6/F6_R44/DEB_S1_F6_R44_IMAG0270.JPG,Snapshot Safari 2024 Expansion : Snapshot Cameo/DEB/DEB_S1/F6/F6_R44/DEB_S1_F6_R44_IMAG0270.JPG,Snapshot Safari 2024 Expansion : DEB_S1#F6#44#270,Snapshot Safari 2024 Expansion : DEB_S1_F6,0,african bush elephant,,9,val
https://storage.googleapis.com/public-datasets-lila/snapshot-safari-2024-expansion/MAD/MAD_S2/MAD06/MAD06_R5/MAD_S2_MAD06_R5_IMAG0303.JPG,Snapshot Safari 2024 Expansion : MAD/MAD_S2/MAD06/MAD06_R5/MAD_S2_MAD06_R5_IMAG0303.JPG,Snapshot Safari 2024 Expansion : MAD_S2#MAD06#5#101,Snapshot Safari 2024 Expansion : MAD_S2_MAD06,2,african bush elephant,,9,val
https://storage.googleapis.com/public-datasets-lila/snapshotserengeti-unzipped/S9/H03/H03_R3/S9_H03_R3_IMAG0056.JPG,Snapshot Serengeti : S9/H03/H03_R3/S9_H03_R3_IMAG0056,Snapshot Serengeti : SER_S9#H03#3#24,Snapshot Serengeti : H03,1,african bush elephant,09-28-2014 09:07:44,9,train
https://storage.googleapis.com/public-datasets-lila/snapshotserengeti-unzipped/S9/D03/D03_R3/S9_D03_R3_IMAG0400.JPG,Snapshot Serengeti : S9/D03/D03_R3/S9_D03_R3_IMAG0400,Snapshot Serengeti : SER_S9#D03#3#197,Snapshot Serengeti : D03,1,african bush elephant,12-13-2014 12:58:09,9,train
https://storage.googleapis.com/public-datasets-lila/snapshot-safari-2024-expansion/RUA/RUA_S1/M44/M44_R1/RUA_S1_M44_R1_IMAG2141.JPG,Snapshot Safari 2024 Expansion : RUA/RUA_S1/M44/M44_R1/RUA_S1_M44_R1_IMAG2141.JPG,Snapshot Safari 2024 Expansion : RUA_S1#M44#1#2141,Snapshot Safari 2024 Expansion : RUA_S1_M44,0,african bush elephant,,9,train
https://storage.googleapis.com/public-datasets-lila/snapshot-safari-2024-expansion/APN/APN_S4/TB17/TB17_R8/APN_S4_TB17_R8_IMAG0336.JPG,Snapshot Safari 2024 Expansion : APN/APN_S4/TB17/TB17_R8/APN_S4_TB17_R8_IMAG0336.JPG,Snapshot Safari 2024 Expansion : APN_S4#TB17#8#120,Snapshot Safari 2024 Expansion : APN_S4_TB17,2,african bush elephant,,9,train
https://storage.googleapis.com/public-datasets-lila/snapshot-safari-2024-expansion/MAD/MAD_S1/MAD03/MAD03_R3/MAD_S1_MAD03_R3_IMAG6090.JPG,Snapshot Safari 2024 Expansion : MAD/MAD_S1/MAD03/MAD03_R3/MAD_S1_MAD03_R3_IMAG6090.JPG,Snapshot Safari 2024 Expansion : MAD_S1#MAD03#3#2029,Snapshot Safari 2024 Expansion : MAD_S1_MAD03,2,african bush elephant,,9,train
https://storage.googleapis.com/public-datasets-lila/snapshot-safari-2024-expansion/Snapshot Cameo/EFA/EFA_S1/EFA08/EFA08_R28/EFA_S1_EFA08_R28_IMAG0889.JPG,Snapshot Safari 2024 Expansion : Snapshot Cameo/EFA/EFA_S1/EFA08/EFA08_R28/EFA_S1_EFA08_R28_IMAG0889.JPG,Snapshot Safari 2024 Expansion : EFA_S1#EFA08#28#127,Snapshot Safari 2024 Expansion : EFA_S1_EFA08,1,african bush elephant,,9,test
https://storage.googleapis.com/public-datasets-lila/wcs-unzipped/animals/0373/1242.jpg,WCS Camera Traps : 4f5a4ff4-92d5-11e9-a28b-000d3a74c7de,WCS Camera Traps : ken-014-d0119-46,WCS Camera Traps : 2743,82,african bush elephant,09-12-2009 18:26:56,9,val
https://storage.googleapis.com/public-datasets-lila/snapshotserengeti-unzipped/S10/D13/D13_R2/S10_D13_R2_IMAG1025.JPG,Snapshot Serengeti : S10/D13/D13_R2/S10_D13_R2_IMAG1025,Snapshot Serengeti : SER_S10#D13#2#374,Snapshot Serengeti : D13,2,african bush elephant,05-03-2015 11:46:00,9,train
https://storage.googleapis.com/public-datasets-lila/snapshot-safari-2024-expansion/MAD/MAD_S3/H07/H07_R08/MAD_S3_H07_R08_IMAG0035.JPG,Snapshot Safari 2024 Expansion : MAD/MAD_S3/H07/H07_R08/MAD_S3_H07_R08_IMAG0035.JPG,Snapshot Safari 2024 Expansion : MAD_S3#H07#08#12,Snapshot Safari 2024 Expansion : MAD_S3_H07,1,african bush elephant,,9,train
https://storage.googleapis.com/public-datasets-lila/wcs-unzipped/animals/0353/0476.jpg,WCS Camera Traps : 4804bd8e-92d5-11e9-8be2-000d3a74c7de,WCS Camera Traps : ken-016-d0093-301,WCS Camera Traps : 1317,31,african bush elephant,02-20-2013 17:36:30,9,test
https://storage.googleapis.com/public-datasets-lila/snapshot-safari-2024-expansion/Snapshot Cameo/EFA/EFA_S1/EFA07/EFA07_R18/EFA_S1_EFA07_R18_IMAG0172.JPG,Snapshot Safari 2024 Expansion : Snapshot Cameo/EFA/EFA_S1/EFA07/EFA07_R18/EFA_S1_EFA07_R18_IMAG0172.JPG,Snapshot Safari 2024 Expansion : EFA_S1#EFA07#18#31,Snapshot Safari 2024 Expansion : EFA_S1_EFA07,1,african bush elephant,,9,train
https://storage.googleapis.com/public-datasets-lila/snapshot-safari-2024-expansion/MAD/MAD_S2/MAD05/MAD05_R5/MAD_S2_MAD05_R5_IMAG1335.JPG,Snapshot Safari 2024 Expansion : MAD/MAD_S2/MAD05/MAD05_R5/MAD_S2_MAD05_R5_IMAG1335.JPG,Snapshot Safari 2024 Expansion : MAD_S2#MAD05#5#445,Snapshot Safari 2024 Expansion : MAD_S2_MAD05,2,african bush elephant,,9,val
https://storage.googleapis.com/public-datasets-lila/snapshot-safari-2024-expansion/MAD/MAD_S3/MAD06/MAD06_R09/MAD_S3_MAD06_R09_IMAG1326.JPG,Snapshot Safari 2024 Expansion : MAD/MAD_S3/MAD06/MAD06_R09/MAD_S3_MAD06_R09_IMAG1326.JPG,Snapshot Safari 2024 Expansion : MAD_S3#MAD06#09#442,Snapshot Safari 2024 Expansion : MAD_S3_MAD06,2,african bush elephant,,9,train
https://storage.googleapis.com/public-datasets-lila/snapshot-safari-2024-expansion/APN/APN_S3/TB12/TB12_R6/APN_S3_TB12_R6_IMAG0206.JPG,Snapshot Safari 2024 Expansion : APN/APN_S3/TB12/TB12_R6/APN_S3_TB12_R6_IMAG0206.JPG,Snapshot Safari 2024 Expansion : APN_S3#TB12#6#72,Snapshot Safari 2024 Expansion : APN_S3_TB12,0,african bush elephant,,9,train
https://storage.googleapis.com/public-datasets-lila/snapshot-safari-2024-expansion/MAD/MAD_S1/MAD03/MAD03_R4/MAD_S1_MAD03_R4_IMAG0104.JPG,Snapshot Safari 2024 Expansion : MAD/MAD_S1/MAD03/MAD03_R4/MAD_S1_MAD03_R4_IMAG0104.JPG,Snapshot Safari 2024 Expansion : MAD_S1#MAD03#4#36,Snapshot Safari 2024 Expansion : MAD_S1_MAD03,0,african bush elephant,,9,train
https://storage.googleapis.com/public-datasets-lila/wcs-unzipped/animals/0185/0313.jpg,WCS Camera Traps : 0a380aaa-92d5-11e9-b41b-000d3a74c7de,WCS Camera Traps : ken-002-d0009-59,WCS Camera Traps : 1124,106,african bush elephant,10-17-2011 11:56:46,9,train
https://storage.googleapis.com/public-datasets-lila/snapshotserengeti-unzipped/S3/L11/L11_R12/S3_L11_R12_IMAG0443.JPG,Snapshot Serengeti : S3/L11/L11_R12/S3_L11_R12_IMAG0443,Snapshot Serengeti : SER_S3#L11#12#193,Snapshot Serengeti : L11,3,african bush elephant,12-20-2011 15:17:50,9,val
https://storage.googleapis.com/public-datasets-lila/wcs-unzipped/animals/0226/1455.jpg,WCS Camera Traps : 196f78bc-92d5-11e9-be76-000d3a74c7de,WCS Camera Traps : ken-007-d0093-46,WCS Camera Traps : 1317,2,african bush elephant,02-11-2012 13:38:14,9,test
https://storage.googleapis.com/public-datasets-lila/snapshot-safari-2024-expansion/MAD/MAD_S1/MAD03/MAD03_R3/MAD_S1_MAD03_R3_IMAG3275.JPG,Snapshot Safari 2024 Expansion : MAD/MAD_S1/MAD03/MAD03_R3/MAD_S1_MAD03_R3_IMAG3275.JPG,Snapshot Safari 2024 Expansion : MAD_S1#MAD03#3#1092,Snapshot Safari 2024 Expansion : MAD_S1_MAD03,1,african bush elephant,,9,train
https://storage.googleapis.com/public-datasets-lila/snapshot-safari-2024-expansion/MAD/MAD_S1/MAD03/MAD03_R4/MAD_S1_MAD03_R4_IMAG1070.JPG,Snapshot Safari 2024 Expansion : MAD/MAD_S1/MAD03/MAD03_R4/MAD_S1_MAD03_R4_IMAG1070.JPG,Snapshot Safari 2024 Expansion : MAD_S1#MAD03#4#358,Snapshot Safari 2024 Expansion : MAD_S1_MAD03,0,african bush elephant,,9,train
https://storage.googleapis.com/public-datasets-lila/snapshot-safari-2024-expansion/Snapshot Cameo/EFA/EFA_S1/EFA05/EFA05_R10/EFA_S1_EFA05_R10_IMAG0069.JPG,Snapshot Safari 2024 Expansion : Snapshot Cameo/EFA/EFA_S1/EFA05/EFA05_R10/EFA_S1_EFA05_R10_IMAG0069.JPG,Snapshot Safari 2024 Expansion : EFA_S1#EFA05#10#19,Snapshot Safari 2024 Expansion : EFA_S1_EFA05,0,african bush elephant,,9,train
https://storage.googleapis.com/public-datasets-lila/snapshotserengeti-unzipped/S3/G12/G12_R11/S3_G12_R11_IMAG0019.JPG,Snapshot Serengeti : S3/G12/G12_R11/S3_G12_R11_IMAG0019,Snapshot Serengeti : SER_S3#G12#11#7,Snapshot Serengeti : G12,1,african bush elephant,09-09-2011 17:23:02,9,train
https://storage.googleapis.com/public-datasets-lila/snapshotserengeti-unzipped/S5/H09/H09_R1/S5_H09_R1_IMAG0018.JPG,Snapshot Serengeti : S5/H09/H09_R1/S5_H09_R1_IMAG0018,Snapshot Serengeti : SER_S5#H09#1#10,Snapshot Serengeti : H09,1,african bush elephant,06-07-2012 19:28:49,9,train
https://storage.googleapis.com/public-datasets-lila/snapshot-safari-2024-expansion/Snapshot Cameo/EFA/EFA_S1/EFA08/EFA08_R40/EFA_S1_EFA08_R40_IMAG0963.JPG,Snapshot Safari 2024 Expansion : Snapshot Cameo/EFA/EFA_S1/EFA08/EFA08_R40/EFA_S1_EFA08_R40_IMAG0963.JPG,Snapshot Safari 2024 Expansion : EFA_S1#EFA08#40#132,Snapshot Safari 2024 Expansion : EFA_S1_EFA08,1,african bush elephant,,9,test
https://storage.googleapis.com/public-datasets-lila/snapshot-safari-2024-expansion/APN/APN_S3/N5/N5_R12/APN_S3_N5_R12_IMAG0021.JPG,Snapshot Safari 2024 Expansion : APN/APN_S3/N5/N5_R12/APN_S3_N5_R12_IMAG0021.JPG,Snapshot Safari 2024 Expansion : APN_S3#N5#12#9,Snapshot Safari 2024 Expansion : APN_S3_N5,2,african bush elephant,,9,train
https://storage.googleapis.com/public-datasets-lila/snapshot-safari-2024-expansion/APN/APN_S4/13U/13U_R14/APN_S4_13U_R14_IMAG1009.JPG,Snapshot Safari 2024 Expansion : APN/APN_S4/13U/13U_R14/APN_S4_13U_R14_IMAG1009.JPG,Snapshot Safari 2024 Expansion : APN_S4#13U#14#367,Snapshot Safari 2024 Expansion : APN_S4_13U,0,african bush elephant,,9,val
https://storage.googleapis.com/public-datasets-lila/snapshot-safari-2024-expansion/Snapshot Cameo/EFA/EFA_S1/EFA08/EFA08_R25/EFA_S1_EFA08_R25_IMAG1541.JPG,Snapshot Safari 2024 Expansion : Snapshot Cameo/EFA/EFA_S1/EFA08/EFA08_R25/EFA_S1_EFA08_R25_IMAG1541.JPG,Snapshot Safari 2024 Expansion : EFA_S1#EFA08#25#226,Snapshot Safari 2024 Expansion : EFA_S1_EFA08,0,african bush elephant,,9,test
https://storage.googleapis.com/public-datasets-lila/snapshot-safari-2024-expansion/MAD/MAD_S2/MAD03/MAD03_R5/MAD_S2_MAD03_R5_IMAG0064.JPG,Snapshot Safari 2024 Expansion : MAD/MAD_S2/MAD03/MAD03_R5/MAD_S2_MAD03_R5_IMAG0064.JPG,Snapshot Safari 2024 Expansion : MAD_S2#MAD03#5#22,Snapshot Safari 2024 Expansion : MAD_S2_MAD03,0,african bush elephant,,9,train
https://storage.googleapis.com/public-datasets-lila/snapshotserengeti-unzipped/S7/P05/P05_R1/S7_P05_R1_IMAG0205.JPG,Snapshot Serengeti : S7/P05/P05_R1/S7_P05_R1_IMAG0205,Snapshot Serengeti : SER_S7#P05#1#91,Snapshot Serengeti : P05,3,african bush elephant,06-04-2013 12:35:17,9,train
https://storage.googleapis.com/public-datasets-lila/snapshot-safari-2024-expansion/Snapshot Cameo/EFA/EFA_S1/EFA07/EFA07_R43/EFA_S1_EFA07_R43_IMAG0379.JPG,Snapshot Safari 2024 Expansion : Snapshot Cameo/EFA/EFA_S1/EFA07/EFA07_R43/EFA_S1_EFA07_R43_IMAG0379.JPG,Snapshot Safari 2024 Expansion : EFA_S1#EFA07#43#96,Snapshot Safari 2024 Expansion : EFA_S1_EFA07,1,african bush elephant,,9,train
https://storage.googleapis.com/public-datasets-lila/snapshot-safari-2024-expansion/MAD/MAD_S3/F04/F04_R08/MAD_S3_F04_R08_IMAG0127.JPG,Snapshot Safari 2024 Expansion : MAD/MAD_S3/F04/F04_R08/MAD_S3_F04_R08_IMAG0127.JPG,Snapshot Safari 2024 Expansion : MAD_S3#F04#08#43,Snapshot Safari 2024 Expansion : MAD_S3_F04,0,african bush elephant,,9,train
https://storage.googleapis.com/public-datasets-lila/snapshot-safari-2024-expansion/MAD/MAD_S1/MAD03/MAD03_R4/MAD_S1_MAD03_R4_IMAG0483.JPG,Snapshot Safari 2024 Expansion : MAD/MAD_S1/MAD03/MAD03_R4/MAD_S1_MAD03_R4_IMAG0483.JPG,Snapshot Safari 2024 Expansion : MAD_S1#MAD03#4#162,Snapshot Safari 2024 Expansion : MAD_S1_MAD03,1,african bush elephant,,9,train
https://storage.googleapis.com/public-datasets-lila/snapshot-safari-2024-expansion/Snapshot Cameo/EFA/EFA_S1/EFA08/EFA08_R25/EFA_S1_EFA08_R25_IMAG7345.JPG,Snapshot Safari 2024 Expansion : Snapshot Cameo/EFA/EFA_S1/EFA08/EFA08_R25/EFA_S1_EFA08_R25_IMAG7345.JPG,Snapshot Safari 2024 Expansion : EFA_S1#EFA08#25#1086,Snapshot Safari 2024 Expansion : EFA_S1_EFA08,0,african bush elephant,,9,test
https://storage.googleapis.com/public-datasets-lila/snapshot-safari-2024-expansion/PLN/PLN_S3a/D02/D02_R8/PLN_S3a_D02_R8_IMAG0079.JPG,Snapshot Safari 2024 Expansion : PLN/PLN_S3a/D02/D02_R8/PLN_S3a_D02_R8_IMAG0079.JPG,Snapshot Safari 2024 Expansion : PLN_S3a#D02#8#37,Snapshot Safari 2024 Expansion : PLN_S3A_D02,0,african bush elephant,,9,train
https://storage.googleapis.com/public-datasets-lila/snapshot-safari-2024-expansion/Snapshot Cameo/EFA/EFA_S1/EFA08/EFA08_R13/EFA_S1_EFA08_R13_IMAG0932.JPG,Snapshot Safari 2024 Expansion : Snapshot Cameo/EFA/EFA_S1/EFA08/EFA08_R13/EFA_S1_EFA08_R13_IMAG0932.JPG,Snapshot Safari 2024 Expansion : EFA_S1#EFA08#13#165,Snapshot Safari 2024 Expansion : EFA_S1_EFA08,2,african bush elephant,,9,test
https://storage.googleapis.com/public-datasets-lila/snapshot-safari-2024-expansion/PLN/PLN_S2/C02/C02_R5/PLN_S2_C02_R5_IMAG0167.JPG,Snapshot Safari 2024 Expansion : PLN/PLN_S2/C02/C02_R5/PLN_S2_C02_R5_IMAG0167.JPG,Snapshot Safari 2024 Expansion : PLN_S2#C02#5#71,Snapshot Safari 2024 Expansion : PLN_S2_C02,0,african bush elephant,,9,train
https://storage.googleapis.com/public-datasets-lila/snapshot-safari-2024-expansion/MAD/MAD_S3/G04/G04_R09/MAD_S3_G04_R09_IMAG0177.JPG,Snapshot Safari 2024 Expansion : MAD/MAD_S3/G04/G04_R09/MAD_S3_G04_R09_IMAG0177.JPG,Snapshot Safari 2024 Expansion : MAD_S3#G04#09#59,Snapshot Safari 2024 Expansion : MAD_S3_G04,2,african bush elephant,,9,train
https://storage.googleapis.com/public-datasets-lila/snapshot-safari-2024-expansion/MAD/MAD_S2/MAD03/MAD03_R7/MAD_S2_MAD03_R7_IMAG2027.JPG,Snapshot Safari 2024 Expansion : MAD/MAD_S2/MAD03/MAD03_R7/MAD_S2_MAD03_R7_IMAG2027.JPG,Snapshot Safari 2024 Expansion : MAD_S2#MAD03#7#676,Snapshot Safari 2024 Expansion : MAD_S2_MAD03,1,african bush elephant,,9,train
https://storage.googleapis.com/public-datasets-lila/snapshotserengeti-unzipped/S7/O11/O11_R1/S7_O11_R1_IMAG0247.JPG,Snapshot Serengeti : S7/O11/O11_R1/S7_O11_R1_IMAG0247,Snapshot Serengeti : SER_S7#O11#1#85,Snapshot Serengeti : O11,3,african bush elephant,05-10-2013 13:02:31,9,train
https://storage.googleapis.com/public-datasets-lila/snapshot-safari-2024-expansion/MAD/MAD_S3/MAD05/MAD05_R10/MAD_S3_MAD05_R10_IMAG0206.JPG,Snapshot Safari 2024 Expansion : MAD/MAD_S3/MAD05/MAD05_R10/MAD_S3_MAD05_R10_IMAG0206.JPG,Snapshot Safari 2024 Expansion : MAD_S3#MAD05#10#69,Snapshot Safari 2024 Expansion : MAD_S3_MAD05,1,african bush elephant,,9,train
https://storage.googleapis.com/public-datasets-lila/snapshot-safari-2024-expansion/MAD/MAD_S1/MAD01/MAD01_R3/MAD_S1_MAD01_R3_IMAG2451.JPG,Snapshot Safari 2024 Expansion : MAD/MAD_S1/MAD01/MAD01_R3/MAD_S1_MAD01_R3_IMAG2451.JPG,Snapshot Safari 2024 Expansion : MAD_S1#MAD01#3#817,Snapshot Safari 2024 Expansion : MAD_S1_MAD01,2,african bush elephant,,9,train
https://storage.googleapis.com/public-datasets-lila/snapshotserengeti-unzipped/S7/O10/O10_R1/S7_O10_R1_IMAG0122.JPG,Snapshot Serengeti : S7/O10/O10_R1/S7_O10_R1_IMAG0122,Snapshot Serengeti : SER_S7#O10#1#48,Snapshot Serengeti : O10,1,african bush elephant,06-17-2013 18:24:09,9,train
https://storage.googleapis.com/public-datasets-lila/wcs-unzipped/animals/0370/0159.jpg,WCS Camera Traps : 4e11071b-92d5-11e9-9ee4-000d3a74c7de,WCS Camera Traps : ken-014-d0084-5,WCS Camera Traps : 2727,6,african bush elephant,08-10-2009 06:52:27,9,train
https://storage.googleapis.com/public-datasets-lila/snapshot-safari-2024-expansion/Snapshot Cameo/EFA/EFA_S1/EFA08/EFA08_R25/EFA_S1_EFA08_R25_IMAG5690.JPG,Snapshot Safari 2024 Expansion : Snapshot Cameo/EFA/EFA_S1/EFA08/EFA08_R25/EFA_S1_EFA08_R25_IMAG5690.JPG,Snapshot Safari 2024 Expansion : EFA_S1#EFA08#25#860,Snapshot Safari 2024 Expansion : EFA_S1_EFA08,1,african bush elephant,,9,test
https://storage.googleapis.com/public-datasets-lila/wcs-unzipped/animals/0298/1453.jpg,WCS Camera Traps : 343c5aec-92d5-11e9-85d1-000d3a74c7de,WCS Camera Traps : ken-006-d0095-126,WCS Camera Traps : 1495,1,african bush elephant,02-21-2011 01:05:12,9,train
https://storage.googleapis.com/public-datasets-lila/snapshot-safari-2024-expansion/PLN/PLN_S2/B04/B04_R6/PLN_S2_B04_R6_IMAG0845.JPG,Snapshot Safari 2024 Expansion : PLN/PLN_S2/B04/B04_R6/PLN_S2_B04_R6_IMAG0845.JPG,Snapshot Safari 2024 Expansion : PLN_S2#B04#6#331,Snapshot Safari 2024 Expansion : PLN_S2_B04,0,african bush elephant,,9,train
https://storage.googleapis.com/public-datasets-lila/snapshot-safari-2024-expansion/MAD/MAD_S2/MAD03/MAD03_R7/MAD_S2_MAD03_R7_IMAG0557.JPG,Snapshot Safari 2024 Expansion : MAD/MAD_S2/MAD03/MAD03_R7/MAD_S2_MAD03_R7_IMAG0557.JPG,Snapshot Safari 2024 Expansion : MAD_S2#MAD03#7#186,Snapshot Safari 2024 Expansion : MAD_S2_MAD03,1,african bush elephant,,9,train
https://storage.googleapis.com/public-datasets-lila/snapshot-safari-2024-expansion/Snapshot Cameo/EFA/EFA_S1/EFA08/EFA08_R25/EFA_S1_EFA08_R25_IMAG3528.JPG,Snapshot Safari 2024 Expansion : Snapshot Cameo/EFA/EFA_S1/EFA08/EFA08_R25/EFA_S1_EFA08_R25_IMAG3528.JPG,Snapshot Safari 2024 Expansion : EFA_S1#EFA08#25#523,Snapshot Safari 2024 Expansion : EFA_S1_EFA08,0,african bush elephant,,9,test
https://storage.googleapis.com/public-datasets-lila/snapshot-safari-2024-expansion/MAD/MAD_S2/MAD01/MAD01_R7/MAD_S2_MAD01_R7_IMAG0581.JPG,Snapshot Safari 2024 Expansion : MAD/MAD_S2/MAD01/MAD01_R7/MAD_S2_MAD01_R7_IMAG0581.JPG,Snapshot Safari 2024 Expansion : MAD_S2#MAD01#7#194,Snapshot Safari 2024 Expansion : MAD_S2_MAD01,1,african bush elephant,,9,train
https://storage.googleapis.com/public-datasets-lila/snapshot-safari-2024-expansion/APN/APN_S2/DW/DW_R6/APN_S2_DW_R6_IMAG0572.JPG,Snapshot Safari 2024 Expansion : APN/APN_S2/DW/DW_R6/APN_S2_DW_R6_IMAG0572.JPG,Snapshot Safari 2024 Expansion : APN_S2#DW#6#218,Snapshot Safari 2024 Expansion : APN_S2_DW,0,african bush elephant,,9,train
https://storage.googleapis.com/public-datasets-lila/snapshotserengeti-unzipped/S5/C06/C06_R1/S5_C06_R1_IMAG0054.JPG,Snapshot Serengeti : S5/C06/C06_R1/S5_C06_R1_IMAG0054,Snapshot Serengeti : SER_S5#C06#1#21,Snapshot Serengeti : C06,1,african bush elephant,05-05-2012 09:18:12,9,val
https://storage.googleapis.com/public-datasets-lila/snapshot-safari-2024-expansion/Snapshot Cameo/EFA/EFA_S1/EFA08/EFA08_R1/EFA_S1_EFA08_R1_IMAG0204.JPG,Snapshot Safari 2024 Expansion : Snapshot Cameo/EFA/EFA_S1/EFA08/EFA08_R1/EFA_S1_EFA08_R1_IMAG0204.JPG,Snapshot Safari 2024 Expansion : EFA_S1#EFA08#1#40,Snapshot Safari 2024 Expansion : EFA_S1_EFA08,2,african bush elephant,,9,test
https://storage.googleapis.com/public-datasets-lila/snapshotserengeti-unzipped/SER_S11/D04/D04_R1/SER_S11_D04_R1_IMAG0311.JPG,Snapshot Serengeti : SER_S11/D04/D04_R1/SER_S11_D04_R1_IMAG0311,Snapshot Serengeti : SER_S11#D04#1#153,Snapshot Serengeti : D04,2,african bush elephant,10-14-2015 07:30:26,9,test
https://storage.googleapis.com/public-datasets-lila/snapshot-safari-2024-expansion/MAD/MAD_S2/MAD03/MAD03_R7/MAD_S2_MAD03_R7_IMAG1391.JPG,Snapshot Safari 2024 Expansion : MAD/MAD_S2/MAD03/MAD03_R7/MAD_S2_MAD03_R7_IMAG1391.JPG,Snapshot Safari 2024 Expansion : MAD_S2#MAD03#7#464,Snapshot Safari 2024 Expansion : MAD_S2_MAD03,1,african bush elephant,,9,train
https://storage.googleapis.com/public-datasets-lila/snapshot-safari-2024-expansion/Snapshot Cameo/EFA/EFA_S1/EFA08/EFA08_R31/EFA_S1_EFA08_R31_IMAG0159.JPG,Snapshot Safari 2024 Expansion : Snapshot Cameo/EFA/EFA_S1/EFA08/EFA08_R31/EFA_S1_EFA08_R31_IMAG0159.JPG,Snapshot Safari 2024 Expansion : EFA_S1#EFA08#31#43,Snapshot Safari 2024 Expansion : EFA_S1_EFA08,0,african bush elephant,,9,test
https://storage.googleapis.com/public-datasets-lila/snapshot-safari-2024-expansion/PLN/PLN_S3a/D04/D04_R7/PLN_S3a_D04_R7_IMAG0048.JPG,Snapshot Safari 2024 Expansion : PLN/PLN_S3a/D04/D04_R7/PLN_S3a_D04_R7_IMAG0048.JPG,Snapshot Safari 2024 Expansion : PLN_S3a#D04#7#22,Snapshot Safari 2024 Expansion : PLN_S3A_D04,2,african bush elephant,,9,val
https://storage.googleapis.com/public-datasets-lila/snapshot-safari-2024-expansion/MAD/MAD_S1/MAD06/MAD06_R3/MAD_S1_MAD06_R3_IMAG1696.JPG,Snapshot Safari 2024 Expansion : MAD/MAD_S1/MAD06/MAD06_R3/MAD_S1_MAD06_R3_IMAG1696.JPG,Snapshot Safari 2024 Expansion : MAD_S1#MAD06#3#566,Snapshot Safari 2024 Expansion : MAD_S1_MAD06,0,african bush elephant,,9,test
https://storage.googleapis.com/public-datasets-lila/snapshot-safari-2024-expansion/MAD/MAD_S3/MAD04/MAD04_R11/MAD_S3_MAD04_R11_IMAG0095.JPG,Snapshot Safari 2024 Expansion : MAD/MAD_S3/MAD04/MAD04_R11/MAD_S3_MAD04_R11_IMAG0095.JPG,Snapshot Safari 2024 Expansion : MAD_S3#MAD04#11#32,Snapshot Safari 2024 Expansion : MAD_S3_MAD04,1,african bush elephant,,9,train
https://storage.googleapis.com/public-datasets-lila/snapshot-safari-2024-expansion/MAD/MAD_S3/MAD06/MAD06_R08/MAD_S3_MAD06_R08_IMAG1235.JPG,Snapshot Safari 2024 Expansion : MAD/MAD_S3/MAD06/MAD06_R08/MAD_S3_MAD06_R08_IMAG1235.JPG,Snapshot Safari 2024 Expansion : MAD_S3#MAD06#08#412,Snapshot Safari 2024 Expansion : MAD_S3_MAD06,1,african bush elephant,,9,train
https://storage.googleapis.com/public-datasets-lila/snapshotserengeti-unzipped/S1/G11/G11_R1/S1_G11_R1_PICT6000.JPG,Snapshot Serengeti : S1/G11/G11_R1/S1_G11_R1_PICT6000,Snapshot Serengeti : SER_S1#G11#1#2001,Snapshot Serengeti : G11,2,african bush elephant,10-07-2010 17:28:50,9,train
https://storage.googleapis.com/public-datasets-lila/wcs-unzipped/animals/0414/0949.jpg,WCS Camera Traps : 5e300b6c-92d5-11e9-80ac-000d3a74c7de,WCS Camera Traps : ken-017-d0055-32,WCS Camera Traps : 2952,1,african bush elephant,02-05-2015 23:51:45,9,train
https://storage.googleapis.com/public-datasets-lila/snapshot-safari-2024-expansion/MAD/MAD_S3/MAD06/MAD06_R09/MAD_S3_MAD06_R09_IMAG1546.JPG,Snapshot Safari 2024 Expansion : MAD/MAD_S3/MAD06/MAD06_R09/MAD_S3_MAD06_R09_IMAG1546.JPG,Snapshot Safari 2024 Expansion : MAD_S3#MAD06#09#516,Snapshot Safari 2024 Expansion : MAD_S3_MAD06,0,african bush elephant,,9,train
https://storage.googleapis.com/public-datasets-lila/snapshot-safari-2024-expansion/Snapshot Cameo/EFA/EFA_S1/EFA07/EFA07_R44/EFA_S1_EFA07_R44_IMAG0053.JPG,Snapshot Safari 2024 Expansion : Snapshot Cameo/EFA/EFA_S1/EFA07/EFA07_R44/EFA_S1_EFA07_R44_IMAG0053.JPG,Snapshot Safari 2024 Expansion : EFA_S1#EFA07#44#21,Snapshot Safari 2024 Expansion : EFA_S1_EFA07,1,african bush elephant,,9,train
https://storage.googleapis.com/public-datasets-lila/snapshot-safari-2024-expansion/MAD/MAD_S2/MAD03/MAD03_R6/MAD_S2_MAD03_R6_IMAG3781.JPG,Snapshot Safari 2024 Expansion : MAD/MAD_S2/MAD03/MAD03_R6/MAD_S2_MAD03_R6_IMAG3781.JPG,Snapshot Safari 2024 Expansion : MAD_S2#MAD03#6#1261,Snapshot Safari 2024 Expansion : MAD_S2_MAD03,0,african bush elephant,,9,train
https://storage.googleapis.com/public-datasets-lila/snapshot-safari-2024-expansion/MAD/MAD_S2/MAD03/MAD03_R7/MAD_S2_MAD03_R7_IMAG2643.JPG,Snapshot Safari 2024 Expansion : MAD/MAD_S2/MAD03/MAD03_R7/MAD_S2_MAD03_R7_IMAG2643.JPG,Snapshot Safari 2024 Expansion : MAD_S2#MAD03#7#881,Snapshot Safari 2024 Expansion : MAD_S2_MAD03,2,african bush elephant,,9,train
https://storage.googleapis.com/public-datasets-lila/snapshotserengeti-unzipped/S8/H06/H06_R2/S8_H06_R2_IMAG0104.JPG,Snapshot Serengeti : S8/H06/H06_R2/S8_H06_R2_IMAG0104,Snapshot Serengeti : SER_S8#H06#2#64,Snapshot Serengeti : H06,1,african bush elephant,03-08-2014 19:55:37,9,train
https://storage.googleapis.com/public-datasets-lila/snapshot-safari-2024-expansion/MAD/MAD_S1/MAD03/MAD03_R4/MAD_S1_MAD03_R4_IMAG2989.JPG,Snapshot Safari 2024 Expansion : MAD/MAD_S1/MAD03/MAD03_R4/MAD_S1_MAD03_R4_IMAG2989.JPG,Snapshot Safari 2024 Expansion : MAD_S1#MAD03#4#997,Snapshot Safari 2024 Expansion : MAD_S1_MAD03,2,african bush elephant,,9,train
https://storage.googleapis.com/public-datasets-lila/snapshot-safari-2024-expansion/RUA/RUA_S1/M45/M45_R1/RUA_S1_M45_R1_IMAG1438.JPG,Snapshot Safari 2024 Expansion : RUA/RUA_S1/M45/M45_R1/RUA_S1_M45_R1_IMAG1438.JPG,Snapshot Safari 2024 Expansion : RUA_S1#M45#1#1438,Snapshot Safari 2024 Expansion : RUA_S1_M45,0,african bush elephant,,9,train
https://storage.googleapis.com/public-datasets-lila/snapshot-safari-2024-expansion/Snapshot Cameo/EFA/EFA_S1/EFA08/EFA08_R7/EFA_S1_EFA08_R7_IMAG1343.JPG,Snapshot Safari 2024 Expansion : Snapshot Cameo/EFA/EFA_S1/EFA08/EFA08_R7/EFA_S1_EFA08_R7_IMAG1343.JPG,Snapshot Safari 2024 Expansion : EFA_S1#EFA08#7#170,Snapshot Safari 2024 Expansion : EFA_S1_EFA08,2,african bush elephant,,9,test
https://storage.googleapis.com/public-datasets-lila/snapshot-safari-2024-expansion/SER/SER_S12/H06/H06_R2/SER_S12_H06_R2_IMAG0102.JPG,Snapshot Safari 2024 Expansion : SER/SER_S12/H06/H06_R2/SER_S12_H06_R2_IMAG0102.JPG,Snapshot Safari 2024 Expansion : SER_S12#H06#2#49,Snapshot Safari 2024 Expansion : SER_S12_H06,1,african bush elephant,,9,train
https://storage.googleapis.com/public-datasets-lila/snapshotserengeti-unzipped/SER_S11/F02/F02_R1/SER_S11_F02_R1_IMAG0339.JPG,Snapshot Serengeti : SER_S11/F02/F02_R1/SER_S11_F02_R1_IMAG0339,Snapshot Serengeti : SER_S11#F02#1#158,Snapshot Serengeti : F02,3,african bush elephant,08-29-2015 17:51:21,9,train
https://storage.googleapis.com/public-datasets-lila/snapshot-safari-2024-expansion/RUA/RUA_S1/M44/M44_R1/RUA_S1_M44_R1_IMAG2258.JPG,Snapshot Safari 2024 Expansion : RUA/RUA_S1/M44/M44_R1/RUA_S1_M44_R1_IMAG2258.JPG,Snapshot Safari 2024 Expansion : RUA_S1#M44#1#2258,Snapshot Safari 2024 Expansion : RUA_S1_M44,0,african bush elephant,,9,train
https://storage.googleapis.com/public-datasets-lila/snapshot-safari-2024-expansion/SER/SER_S12/K08/K08_R2/SER_S12_K08_R2_IMAG1505.JPG,Snapshot Safari 2024 Expansion : SER/SER_S12/K08/K08_R2/SER_S12_K08_R2_IMAG1505.JPG,Snapshot Safari 2024 Expansion : SER_S12#K08#2#525,Snapshot Safari 2024 Expansion : SER_S12_K08,0,african bush elephant,,9,train
https://storage.googleapis.com/public-datasets-lila/snapshotserengeti-unzipped/S1/F11/F11_R1/S1_F11_R1_PICT0067.JPG,Snapshot Serengeti : S1/F11/F11_R1/S1_F11_R1_PICT0067,Snapshot Serengeti : SER_S1#F11#1#23,Snapshot Serengeti : F11,3,african bush elephant,10-05-2010 18:49:02,9,test
https://storage.googleapis.com/public-datasets-lila/snapshotserengeti-unzipped/S9/F07/F07_R3/S9_F07_R3_IMAG0024.JPG,Snapshot Serengeti : S9/F07/F07_R3/S9_F07_R3_IMAG0024,Snapshot Serengeti : SER_S9#F07#3#15,Snapshot Serengeti : F07,3,african bush elephant,11-24-2014 10:46:37,9,test
https://storage.googleapis.com/public-datasets-lila/snapshot-safari-2024-expansion/Snapshot Cameo/EFA/EFA_S1/EFA06/EFA06_R40/EFA_S1_EFA06_R40_IMAG0075.JPG,Snapshot Safari 2024 Expansion : Snapshot Cameo/EFA/EFA_S1/EFA06/EFA06_R40/EFA_S1_EFA06_R40_IMAG0075.JPG,Snapshot Safari 2024 Expansion : EFA_S1#EFA06#40#43,Snapshot Safari 2024 Expansion : EFA_S1_EFA06,1,african bush elephant,,9,train
https://storage.googleapis.com/public-datasets-lila/snapshot-safari-2024-expansion/PLN/PLN_S2/C02/C02_R5/PLN_S2_C02_R5_IMAG0479.JPG,Snapshot Safari 2024 Expansion : PLN/PLN_S2/C02/C02_R5/PLN_S2_C02_R5_IMAG0479.JPG,Snapshot Safari 2024 Expansion : PLN_S2#C02#5#185,Snapshot Safari 2024 Expansion : PLN_S2_C02,2,african bush elephant,,9,train
https://storage.googleapis.com/public-datasets-lila/snapshot-safari-2024-expansion/MAD/MAD_S3/MAD03/MAD03_R08/MAD_S3_MAD03_R08_IMAG3714.JPG,Snapshot Safari 2024 Expansion : MAD/MAD_S3/MAD03/MAD03_R08/MAD_S3_MAD03_R08_IMAG3714.JPG,Snapshot Safari 2024 Expansion : MAD_S3#MAD03#08#1238,Snapshot Safari 2024 Expansion : MAD_S3_MAD03,2,african bush elephant,,9,train
https://storage.googleapis.com/public-datasets-lila/snapshot-safari-2024-expansion/KRU/KRU_S2/44/44_R2/KRU_S2_44_R2_IMAG0066.JPG,Snapshot Safari 2024 Expansion : KRU/KRU_S2/44/44_R2/KRU_S2_44_R2_IMAG0066.JPG,Snapshot Safari 2024 Expansion : KRU_S2#44#2#45,Snapshot Safari 2024 Expansion : KRU_S2_44,0,african bush elephant,,9,train
https://storage.googleapis.com/public-datasets-lila/snapshot-safari-2024-expansion/MAD/MAD_S2/MAD05/MAD05_R5/MAD_S2_MAD05_R5_IMAG0951.JPG,Snapshot Safari 2024 Expansion : MAD/MAD_S2/MAD05/MAD05_R5/MAD_S2_MAD05_R5_IMAG0951.JPG,Snapshot Safari 2024 Expansion : MAD_S2#MAD05#5#317,Snapshot Safari 2024 Expansion : MAD_S2_MAD05,2,african bush elephant,,9,val
https://storage.googleapis.com/public-datasets-lila/snapshot-safari-2024-expansion/MAD/MAD_S3/MAD06/MAD06_R09/MAD_S3_MAD06_R09_IMAG3337.JPG,Snapshot Safari 2024 Expansion : MAD/MAD_S3/MAD06/MAD06_R09/MAD_S3_MAD06_R09_IMAG3337.JPG,Snapshot Safari 2024 Expansion : MAD_S3#MAD06#09#1113,Snapshot Safari 2024 Expansion : MAD_S3_MAD06,1,african bush elephant,,9,train
https://storage.googleapis.com/public-datasets-lila/snapshot-safari-2024-expansion/MAD/MAD_S2/MAD06/MAD06_R5/MAD_S2_MAD06_R5_IMAG2509.JPG,Snapshot Safari 2024 Expansion : MAD/MAD_S2/MAD06/MAD06_R5/MAD_S2_MAD06_R5_IMAG2509.JPG,Snapshot Safari 2024 Expansion : MAD_S2#MAD06#5#837,Snapshot Safari 2024 Expansion : MAD_S2_MAD06,0,african bush elephant,,9,val
https://storage.googleapis.com/public-datasets-lila/snapshot-safari-2024-expansion/MAD/MAD_S2/MAD06/MAD06_R5/MAD_S2_MAD06_R5_IMAG0584.JPG,Snapshot Safari 2024 Expansion : MAD/MAD_S2/MAD06/MAD06_R5/MAD_S2_MAD06_R5_IMAG0584.JPG,Snapshot Safari 2024 Expansion : MAD_S2#MAD06#5#195,Snapshot Safari 2024 Expansion : MAD_S2_MAD06,1,african bush elephant,,9,val
https://storage.googleapis.com/public-datasets-lila/snapshot-safari-2024-expansion/APN/APN_S2/K044/K044_R4/APN_S2_K044_R4_IMAG0159.JPG,Snapshot Safari 2024 Expansion : APN/APN_S2/K044/K044_R4/APN_S2_K044_R4_IMAG0159.JPG,Snapshot Safari 2024 Expansion : APN_S2#K044#4#60,Snapshot Safari 2024 Expansion : APN_S2_K044,1,african bush elephant,,9,train
https://storage.googleapis.com/public-datasets-lila/snapshot-safari-2024-expansion/Snapshot Cameo/EFA/EFA_S1/EFA07/EFA07_R43/EFA_S1_EFA07_R43_IMAG1129.JPG,Snapshot Safari 2024 Expansion : Snapshot Cameo/EFA/EFA_S1/EFA07/EFA07_R43/EFA_S1_EFA07_R43_IMAG1129.JPG,Snapshot Safari 2024 Expansion : EFA_S1#EFA07#43#335,Snapshot Safari 2024 Expansion : EFA_S1_EFA07,0,african bush elephant,,9,train
https://storage.googleapis.com/public-datasets-lila/snapshot-safari-2024-expansion/APN/APN_S2/DW/DW_R7/APN_S2_DW_R7_IMAG0043.JPG,Snapshot Safari 2024 Expansion : APN/APN_S2/DW/DW_R7/APN_S2_DW_R7_IMAG0043.JPG,Snapshot Safari 2024 Expansion : APN_S2#DW#7#22,Snapshot Safari 2024 Expansion : APN_S2_DW,1,african bush elephant,,9,train
https://storage.googleapis.com/public-datasets-lila/snapshot-safari-2024-expansion/KRU/KRU_S3/17/17_R5/KRU_S3_17_R5_IMAG0102.JPG,Snapshot Safari 2024 Expansion : KRU/KRU_S3/17/17_R5/KRU_S3_17_R5_IMAG0102.JPG,Snapshot Safari 2024 Expansion : KRU_S3#17#5#45,Snapshot Safari 2024 Expansion : KRU_S3_17,1,african bush elephant,,9,val
https://storage.googleapis.com/public-datasets-lila/snapshot-safari-2024-expansion/KRU/KRU_S2/48/48_R4/KRU_S2_48_R4_IMAG0007.JPG,Snapshot Safari 2024 Expansion : KRU/KRU_S2/48/48_R4/KRU_S2_48_R4_IMAG0007.JPG,Snapshot Safari 2024 Expansion : KRU_S2#48#4#3,Snapshot Safari 2024 Expansion : KRU_S2_48,2,african bush elephant,,9,train
https://storage.googleapis.com/public-datasets-lila/snapshot-safari-2024-expansion/Snapshot Cameo/EFA/EFA_S1/EFA08/EFA08_R12/EFA_S1_EFA08_R12_IMAG0616.JPG,Snapshot Safari 2024 Expansion : Snapshot Cameo/EFA/EFA_S1/EFA08/EFA08_R12/EFA_S1_EFA08_R12_IMAG0616.JPG,Snapshot Safari 2024 Expansion : EFA_S1#EFA08#12#159,Snapshot Safari 2024 Expansion : EFA_S1_EFA08,0,african bush elephant,,9,test
https://storage.googleapis.com/public-datasets-lila/snapshotserengeti-unzipped/S7/F01/F01_R1/S7_F01_R1_IMAG0646.JPG,Snapshot Serengeti : S7/F01/F01_R1/S7_F01_R1_IMAG0646,Snapshot Serengeti : SER_S7#F01#1#228,Snapshot Serengeti : F01,3,african bush elephant,05-17-2013 16:02:07,9,test
https://storage.googleapis.com/public-datasets-lila/snapshotserengeti-unzipped/S5/E05/E05_R1/S5_E05_R1_IMAG0084.JPG,Snapshot Serengeti : S5/E05/E05_R1/S5_E05_R1_IMAG0084,Snapshot Serengeti : SER_S5#E05#1#32,Snapshot Serengeti : E05,1,african bush elephant,05-10-2012 14:01:56,9,test
https://storage.googleapis.com/public-datasets-lila/snapshot-safari-2024-expansion/Snapshot Cameo/EFA/EFA_S1/EFA07/EFA07_R35/EFA_S1_EFA07_R35_IMAG1961.JPG,Snapshot Safari 2024 Expansion : Snapshot Cameo/EFA/EFA_S1/EFA07/EFA07_R35/EFA_S1_EFA07_R35_IMAG1961.JPG,Snapshot Safari 2024 Expansion : EFA_S1#EFA07#35#628,Snapshot Safari 2024 Expansion : EFA_S1_EFA07,0,african bush elephant,,9,train
https://storage.googleapis.com/public-datasets-lila/snapshotserengeti-unzipped/S5/L01/L01_R2/S5_L01_R2_IMAG0179.JPG,Snapshot Serengeti : S5/L01/L01_R2/S5_L01_R2_IMAG0179,Snapshot Serengeti : SER_S5#L01#2#86,Snapshot Serengeti : L01,2,african bush elephant,08-31-2012 17:06:59,9,train
https://storage.googleapis.com/public-datasets-lila/snapshot-safari-2024-expansion/APN/APN_S2/JJP/JJP_R3/APN_S2_JJP_R3_IMAG0462.JPG,Snapshot Safari 2024 Expansion : APN/APN_S2/JJP/JJP_R3/APN_S2_JJP_R3_IMAG0462.JPG,Snapshot Safari 2024 Expansion : APN_S2#JJP#3#202,Snapshot Safari 2024 Expansion : APN_S2_JJP,2,african bush elephant,,9,train
https://storage.googleapis.com/public-datasets-lila/wcs-unzipped/animals/0194/1447.jpg,WCS Camera Traps : 0daf76bd-92d5-11e9-bebd-000d3a74c7de,WCS Camera Traps : ken-008-d0032-72,WCS Camera Traps : 1214,9,african bush elephant,10-01-2010 01:30:00,9,train
https://storage.googleapis.com/public-datasets-lila/snapshotserengeti-unzipped/S8/F07/F07_R1/S8_F07_R1_IMAG0247.JPG,Snapshot Serengeti : S8/F07/F07_R1/S8_F07_R1_IMAG0247,Snapshot Serengeti : SER_S8#F07#1#103,Snapshot Serengeti : F07,1,african bush elephant,01-05-2014 12:41:50,9,test
https://storage.googleapis.com/public-datasets-lila/snapshot-safari-2024-expansion/Snapshot Cameo/EFA/EFA_S1/EFA08/EFA08_R16/EFA_S1_EFA08_R16_IMAG1362.JPG,Snapshot Safari 2024 Expansion : Snapshot Cameo/EFA/EFA_S1/EFA08/EFA08_R16/EFA_S1_EFA08_R16_IMAG1362.JPG,Snapshot Safari 2024 Expansion : EFA_S1#EFA08#16#292,Snapshot Safari 2024 Expansion : EFA_S1_EFA08,0,african bush elephant,,9,test
https://storage.googleapis.com/public-datasets-lila/snapshotserengeti-unzipped/S7/D04/D04_R1/S7_D04_R1_IMAG0091.JPG,Snapshot Serengeti : S7/D04/D04_R1/S7_D04_R1_IMAG0091,Snapshot Serengeti : SER_S7#D04#1#54,Snapshot Serengeti : D04,2,african bush elephant,05-03-2013 14:55:42,9,test
https://storage.googleapis.com/public-datasets-lila/snapshot-safari-2024-expansion/MAD/MAD_S1/C05/C05_R3/MAD_S1_C05_R3_IMAG0197.JPG,Snapshot Safari 2024 Expansion : MAD/MAD_S1/C05/C05_R3/MAD_S1_C05_R3_IMAG0197.JPG,Snapshot Safari 2024 Expansion : MAD_S1#C05#3#66,Snapshot Safari 2024 Expansion : MAD_S1_C05,1,african bush elephant,,9,train
https://storage.googleapis.com/public-datasets-lila/wcs-unzipped/animals/0370/0882.jpg,WCS Camera Traps : 4e32e862-92d5-11e9-9000-000d3a74c7de,WCS Camera Traps : ken-014-d0091-116,WCS Camera Traps : 2730,1,african bush elephant,08-10-2009 10:33:20,9,train
https://storage.googleapis.com/public-datasets-lila/snapshot-safari-2024-expansion/APN/APN_S4/JJ8/JJ8_R14/APN_S4_JJ8_R14_IMAG0262.JPG,Snapshot Safari 2024 Expansion : APN/APN_S4/JJ8/JJ8_R14/APN_S4_JJ8_R14_IMAG0262.JPG,Snapshot Safari 2024 Expansion : APN_S4#JJ8#14#108,Snapshot Safari 2024 Expansion : APN_S4_JJ8,2,african bush elephant,,9,train
https://storage.googleapis.com/public-datasets-lila/snapshot-safari-2024-expansion/MAD/MAD_S3/MAD01/MAD01_R08/MAD_S3_MAD01_R08_IMAG1034.JPG,Snapshot Safari 2024 Expansion : MAD/MAD_S3/MAD01/MAD01_R08/MAD_S3_MAD01_R08_IMAG1034.JPG,Snapshot Safari 2024 Expansion : MAD_S3#MAD01#08#345,Snapshot Safari 2024 Expansion : MAD_S3_MAD01,1,african bush elephant,,9,train
https://storage.googleapis.com/public-datasets-lila/snapshotserengeti-unzipped/S6/J09/J09_R2/S6_J09_R2_IMAG0147.JPG,Snapshot Serengeti : S6/J09/J09_R2/S6_J09_R2_IMAG0147,Snapshot Serengeti : SER_S6#J09#2#51,Snapshot Serengeti : J09,3,african bush elephant,02-15-2013 11:53:50,9,train
https://storage.googleapis.com/public-datasets-lila/snapshot-safari-2024-expansion/Snapshot Cameo/EFA/EFA_S1/EFA09/EFA09_R23/EFA_S1_EFA09_R23_IMAG0221.JPG,Snapshot Safari 2024 Expansion : Snapshot Cameo/EFA/EFA_S1/EFA09/EFA09_R23/EFA_S1_EFA09_R23_IMAG0221.JPG,Snapshot Safari 2024 Expansion : EFA_S1#EFA09#23#98,Snapshot Safari 2024 Expansion : EFA_S1_EFA09,2,african bush elephant,,9,train
https://storage.googleapis.com/public-datasets-lila/snapshot-safari-2024-expansion/MAD/MAD_S2/G05/G05_R5/MAD_S2_G05_R5_IMAG0011.JPG,Snapshot Safari 2024 Expansion : MAD/MAD_S2/G05/G05_R5/MAD_S2_G05_R5_IMAG0011.JPG,Snapshot Safari 2024 Expansion : MAD_S2#G05#5#4,Snapshot Safari 2024 Expansion : MAD_S2_G05,1,african bush elephant,,9,train
https://storage.googleapis.com/public-datasets-lila/snapshot-safari-2024-expansion/APN/APN_S3/TB17/TB17_R1/APN_S3_TB17_R1_IMAG0158.JPG,Snapshot Safari 2024 Expansion : APN/APN_S3/TB17/TB17_R1/APN_S3_TB17_R1_IMAG0158.JPG,Snapshot Safari 2024 Expansion : APN_S3#TB17#1#57,Snapshot Safari 2024 Expansion : APN_S3_TB17,1,african bush elephant,,9,train
https://storage.googleapis.com/public-datasets-lila/snapshot-safari-2024-expansion/Snapshot Cameo/EFA/EFA_S1/EFA07/EFA07_R44/EFA_S1_EFA07_R44_IMAG2407.JPG,Snapshot Safari 2024 Expansion : Snapshot Cameo/EFA/EFA_S1/EFA07/EFA07_R44/EFA_S1_EFA07_R44_IMAG2407.JPG,Snapshot Safari 2024 Expansion : EFA_S1#EFA07#44#503,Snapshot Safari 2024 Expansion : EFA_S1_EFA07,1,african bush elephant,,9,train
https://storage.googleapis.com/public-datasets-lila/snapshot-safari-2024-expansion/MAD/MAD_S2/MAD05/MAD05_R5/MAD_S2_MAD05_R5_IMAG0164.JPG,Snapshot Safari 2024 Expansion : MAD/MAD_S2/MAD05/MAD05_R5/MAD_S2_MAD05_R5_IMAG0164.JPG,Snapshot Safari 2024 Expansion : MAD_S2#MAD05#5#55,Snapshot Safari 2024 Expansion : MAD_S2_MAD05,1,african bush elephant,,9,val
https://storage.googleapis.com/public-datasets-lila/snapshot-safari-2024-expansion/SER/SER_S13/F06/F06_R1/SER_S13_F06_R1_IMAG0701.JPG,Snapshot Safari 2024 Expansion : SER/SER_S13/F06/F06_R1/SER_S13_F06_R1_IMAG0701.JPG,Snapshot Safari 2024 Expansion : SER_S13#F06#1#699,Snapshot Safari 2024 Expansion : SER_S13_F06,0,african bush elephant,,9,train
https://storage.googleapis.com/public-datasets-lila/snapshot-safari-2024-expansion/Snapshot Cameo/EFA/EFA_S1/EFA08/EFA08_R44/EFA_S1_EFA08_R44_IMAG0226.JPG,Snapshot Safari 2024 Expansion : Snapshot Cameo/EFA/EFA_S1/EFA08/EFA08_R44/EFA_S1_EFA08_R44_IMAG0226.JPG,Snapshot Safari 2024 Expansion : EFA_S1#EFA08#44#66,Snapshot Safari 2024 Expansion : EFA_S1_EFA08,0,african bush elephant,,9,test
https://storage.googleapis.com/public-datasets-lila/wcs-unzipped/animals/0369/1272.jpg,WCS Camera Traps : 4de8720b-92d5-11e9-9603-000d3a74c7de,WCS Camera Traps : ken-014-d0071-3,WCS Camera Traps : 2720,5,african bush elephant,08-06-2009 17:15:13,9,train
https://storage.googleapis.com/public-datasets-lila/snapshot-safari-2024-expansion/MAD/MAD_S2/MAD06/MAD06_R7/MAD_S2_MAD06_R7_IMAG1638.JPG,Snapshot Safari 2024 Expansion : MAD/MAD_S2/MAD06/MAD06_R7/MAD_S2_MAD06_R7_IMAG1638.JPG,Snapshot Safari 2024 Expansion : MAD_S2#MAD06#7#546,Snapshot Safari 2024 Expansion : MAD_S2_MAD06,2,african bush elephant,,9,val
https://storage.googleapis.com/public-datasets-lila/snapshotserengeti-unzipped/S9/O11/O11_R2/S9_O11_R2_IMAG0089.JPG,Snapshot Serengeti : S9/O11/O11_R2/S9_O11_R2_IMAG0089,Snapshot Serengeti : SER_S9#O11#2#35,Snapshot Serengeti : O11,1,african bush elephant,07-29-2014 14:47:01,9,train
https://storage.googleapis.com/public-datasets-lila/snapshot-safari-2024-expansion/APN/APN_S3/N1/N1_R9/APN_S3_N1_R9_IMAG0356.JPG,Snapshot Safari 2024 Expansion : APN/APN_S3/N1/N1_R9/APN_S3_N1_R9_IMAG0356.JPG,Snapshot Safari 2024 Expansion : APN_S3#N1#9#156,Snapshot Safari 2024 Expansion : APN_S3_N1,1,african bush elephant,,9,val
https://storage.googleapis.com/public-datasets-lila/snapshotserengeti-unzipped/S3/S09/S09_R12/S3_S09_R12_IMAG1450.JPG,Snapshot Serengeti : S3/S09/S09_R12/S3_S09_R12_IMAG1450,Snapshot Serengeti : SER_S3#S09#12#483,Snapshot Serengeti : S09,2,african bush elephant,12-15-2011 15:57:00,9,train
https://storage.googleapis.com/public-datasets-lila/snapshotserengeti-unzipped/S5/E05/E05_R3/S5_E05_R3_IMAG0379.JPG,Snapshot Serengeti : S5/E05/E05_R3/S5_E05_R3_IMAG0379,Snapshot Serengeti : SER_S5#E05#3#165,Snapshot Serengeti : E05,1,african bush elephant,10-01-2012 16:08:10,9,test
https://storage.googleapis.com/public-datasets-lila/snapshot-safari-2024-expansion/MAD/MAD_S2/MAD06/MAD06_R6/MAD_S2_MAD06_R6_IMAG1939.JPG,Snapshot Safari 2024 Expansion : MAD/MAD_S2/MAD06/MAD06_R6/MAD_S2_MAD06_R6_IMAG1939.JPG,Snapshot Safari 2024 Expansion : MAD_S2#MAD06#6#647,Snapshot Safari 2024 Expansion : MAD_S2_MAD06,0,african bush elephant,,9,val
https://storage.googleapis.com/public-datasets-lila/snapshot-safari-2024-expansion/MAD/MAD_S3/MAD03/MAD03_R08/MAD_S3_MAD03_R08_IMAG4462.JPG,Snapshot Safari 2024 Expansion : MAD/MAD_S3/MAD03/MAD03_R08/MAD_S3_MAD03_R08_IMAG4462.JPG,Snapshot Safari 2024 Expansion : MAD_S3#MAD03#08#1488,Snapshot Safari 2024 Expansion : MAD_S3_MAD03,0,african bush elephant,,9,train
https://storage.googleapis.com/public-datasets-lila/snapshot-safari-2024-expansion/APN/APN_S3/U23a/U23a_R12/APN_S3_U23a_R12_IMAG0068.JPG,Snapshot Safari 2024 Expansion : APN/APN_S3/U23a/U23a_R12/APN_S3_U23a_R12_IMAG0068.JPG,Snapshot Safari 2024 Expansion : APN_S3#U23a#12#36,Snapshot Safari 2024 Expansion : APN_S3_U23A,0,african bush elephant,,9,train
https://storage.googleapis.com/public-datasets-lila/snapshot-safari-2024-expansion/Snapshot Cameo/EFA/EFA_S1/EFA08/EFA08_R23/EFA_S1_EFA08_R23_IMAG0965.JPG,Snapshot Safari 2024 Expansion : Snapshot Cameo/EFA/EFA_S1/EFA08/EFA08_R23/EFA_S1_EFA08_R23_IMAG0965.JPG,Snapshot Safari 2024 Expansion : EFA_S1#EFA08#23#176,Snapshot Safari 2024 Expansion : EFA_S1_EFA08,1,african bush elephant,,9,test
https://storage.googleapis.com/public-datasets-lila/snapshot-safari-2024-expansion/Snapshot Cameo/EFA/EFA_S1/EFA03/EFA03_R11/EFA_S1_EFA03_R11_IMAG0054.JPG,Snapshot Safari 2024 Expansion : Snapshot Cameo/EFA/EFA_S1/EFA03/EFA03_R11/EFA_S1_EFA03_R11_IMAG0054.JPG,Snapshot Safari 2024 Expansion : EFA_S1#EFA03#11#11,Snapshot Safari 2024 Expansion : EFA_S1_EFA03,0,african bush elephant,,9,train
https://storage.googleapis.com/public-datasets-lila/snapshot-safari-2024-expansion/MAD/MAD_S2/MAD03/MAD03_R5/MAD_S2_MAD03_R5_IMAG3334.JPG,Snapshot Safari 2024 Expansion : MAD/MAD_S2/MAD03/MAD03_R5/MAD_S2_MAD03_R5_IMAG3334.JPG,Snapshot Safari 2024 Expansion : MAD_S2#MAD03#5#1112,Snapshot Safari 2024 Expansion : MAD_S2_MAD03,0,african bush elephant,,9,train
https://storage.googleapis.com/public-datasets-lila/snapshotserengeti-unzipped/S6/B03/B03_R2/S6_B03_R2_IMAG0324.JPG,Snapshot Serengeti : S6/B03/B03_R2/S6_B03_R2_IMAG0324,Snapshot Serengeti : SER_S6#B03#2#172,Snapshot Serengeti : B03,1,african bush elephant,02-18-2013 06:39:09,9,train
https://storage.googleapis.com/public-datasets-lila/snapshot-safari-2024-expansion/APN/APN_S3/DW/DW_R9/APN_S3_DW_R9_IMAG0026.JPG,Snapshot Safari 2024 Expansion : APN/APN_S3/DW/DW_R9/APN_S3_DW_R9_IMAG0026.JPG,Snapshot Safari 2024 Expansion : APN_S3#DW#9#11,Snapshot Safari 2024 Expansion : APN_S3_DW,1,african bush elephant,,9,train
https://storage.googleapis.com/public-datasets-lila/snapshot-safari-2024-expansion/Snapshot Cameo/EFA/EFA_S1/EFA08/EFA08_R21/EFA_S1_EFA08_R21_IMAG1975.JPG,Snapshot Safari 2024 Expansion : Snapshot Cameo/EFA/EFA_S1/EFA08/EFA08_R21/EFA_S1_EFA08_R21_IMAG1975.JPG,Snapshot Safari 2024 Expansion : EFA_S1#EFA08#21#336,Snapshot Safari 2024 Expansion : EFA_S1_EFA08,0,african bush elephant,,9,test
https://storage.googleapis.com/public-datasets-lila/snapshotserengeti-unzipped/SER_S11/I06/I06_R1/SER_S11_I06_R1_IMAG0240.JPG,Snapshot Serengeti : SER_S11/I06/I06_R1/SER_S11_I06_R1_IMAG0240,Snapshot Serengeti : SER_S11#I06#1#151,Snapshot Serengeti : I06,3,african bush elephant,09-13-2015 08:16:11,9,train
https://storage.googleapis.com/public-datasets-lila/snapshot-safari-2024-expansion/APN/APN_S4/U23a/U23a_R13/APN_S4_U23a_R13_IMAG0111.JPG,Snapshot Safari 2024 Expansion : APN/APN_S4/U23a/U23a_R13/APN_S4_U23a_R13_IMAG0111.JPG,Snapshot Safari 2024 Expansion : APN_S4#U23a#13#51,Snapshot Safari 2024 Expansion : APN_S4_U23A,2,african bush elephant,,9,train
https://storage.googleapis.com/public-datasets-lila/snapshot-safari-2024-expansion/Snapshot Cameo/EFA/EFA_S1/EFA03/EFA03_R12/EFA_S1_EFA03_R12_IMAG0407.JPG,Snapshot Safari 2024 Expansion : Snapshot Cameo/EFA/EFA_S1/EFA03/EFA03_R12/EFA_S1_EFA03_R12_IMAG0407.JPG,Snapshot Safari 2024 Expansion : EFA_S1#EFA03#12#128,Snapshot Safari 2024 Expansion : EFA_S1_EFA03,0,african bush elephant,,9,train
https://storage.googleapis.com/public-datasets-lila/snapshot-safari-2024-expansion/APN/APN_S2/DW/DW_R7/APN_S2_DW_R7_IMAG0309.JPG,Snapshot Safari 2024 Expansion : APN/APN_S2/DW/DW_R7/APN_S2_DW_R7_IMAG0309.JPG,Snapshot Safari 2024 Expansion : APN_S2#DW#7#114,Snapshot Safari 2024 Expansion : APN_S2_DW,2,african bush elephant,,9,train
https://storage.googleapis.com/public-datasets-lila/snapshot-safari-2024-expansion/MAD/MAD_S1/MAD04/MAD04_R3/MAD_S1_MAD04_R3_IMAG0142.JPG,Snapshot Safari 2024 Expansion : MAD/MAD_S1/MAD04/MAD04_R3/MAD_S1_MAD04_R3_IMAG0142.JPG,Snapshot Safari 2024 Expansion : MAD_S1#MAD04#3#48,Snapshot Safari 2024 Expansion : MAD_S1_MAD04,0,african bush elephant,,9,val
https://storage.googleapis.com/public-datasets-lila/snapshotserengeti-unzipped/SER_S11/C13/C13_R2/SER_S11_C13_R2_IMAG2867.JPG,Snapshot Serengeti : SER_S11/C13/C13_R2/SER_S11_C13_R2_IMAG2867,Snapshot Serengeti : SER_S11#C13#2#1256,Snapshot Serengeti : C13,1,african bush elephant,01-05-2016 18:52:50,9,val
https://storage.googleapis.com/public-datasets-lila/snapshot-safari-2024-expansion/Snapshot Cameo/EFA/EFA_S1/EFA02/EFA02_R29/EFA_S1_EFA02_R29_IMAG0068.JPG,Snapshot Safari 2024 Expansion : Snapshot Cameo/EFA/EFA_S1/EFA02/EFA02_R29/EFA_S1_EFA02_R29_IMAG0068.JPG,Snapshot Safari 2024 Expansion : EFA_S1#EFA02#29#26,Snapshot Safari 2024 Expansion : EFA_S1_EFA02,1,african bush elephant,,9,train
https://storage.googleapis.com/public-datasets-lila/snapshot-safari-2024-expansion/Snapshot Cameo/EFA/EFA_S1/EFA03/EFA03_R12/EFA_S1_EFA03_R12_IMAG0297.JPG,Snapshot Safari 2024 Expansion : Snapshot Cameo/EFA/EFA_S1/EFA03/EFA03_R12/EFA_S1_EFA03_R12_IMAG0297.JPG,Snapshot Safari 2024 Expansion : EFA_S1#EFA03#12#96,Snapshot Safari 2024 Expansion : EFA_S1_EFA03,2,african bush elephant,,9,train
https://storage.googleapis.com/public-datasets-lila/snapshot-safari-2024-expansion/MAD/MAD_S1/MAD03/MAD03_R3/MAD_S1_MAD03_R3_IMAG5387.JPG,Snapshot Safari 2024 Expansion : MAD/MAD_S1/MAD03/MAD03_R3/MAD_S1_MAD03_R3_IMAG5387.JPG,Snapshot Safari 2024 Expansion : MAD_S1#MAD03#3#1795,Snapshot Safari 2024 Expansion : MAD_S1_MAD03,1,african bush elephant,,9,train
https://storage.googleapis.com/public-datasets-lila/snapshotserengeti-unzipped/S5/D03/D03_R3/S5_D03_R3_IMAG0127.JPG,Snapshot Serengeti : S5/D03/D03_R3/S5_D03_R3_IMAG0127,Snapshot Serengeti : SER_S5#D03#3#59,Snapshot Serengeti : D03,3,african bush elephant,09-26-2012 17:59:52,9,train
https://storage.googleapis.com/public-datasets-lila/snapshotserengeti-unzipped/S5/G12/G12_R1/S5_G12_R1_IMAG0070.JPG,Snapshot Serengeti : S5/G12/G12_R1/S5_G12_R1_IMAG0070,Snapshot Serengeti : SER_S5#G12#1#29,Snapshot Serengeti : G12,1,african bush elephant,06-05-2012 20:41:05,9,train
https://storage.googleapis.com/public-datasets-lila/snapshot-safari-2024-expansion/MAD/MAD_S1/A05/A05_R4/MAD_S1_A05_R4_IMAG3950.JPG,Snapshot Safari 2024 Expansion : MAD/MAD_S1/A05/A05_R4/MAD_S1_A05_R4_IMAG3950.JPG,Snapshot Safari 2024 Expansion : MAD_S1#A05#4#1317,Snapshot Safari 2024 Expansion : MAD_S1_A05,1,african bush elephant,,9,train
https://storage.googleapis.com/public-datasets-lila/snapshot-safari-2024-expansion/MAD/MAD_S3/MAD06/MAD06_R09/MAD_S3_MAD06_R09_IMAG3458.JPG,Snapshot Safari 2024 Expansion : MAD/MAD_S3/MAD06/MAD06_R09/MAD_S3_MAD06_R09_IMAG3458.JPG,Snapshot Safari 2024 Expansion : MAD_S3#MAD06#09#1153,Snapshot Safari 2024 Expansion : MAD_S3_MAD06,2,african bush elephant,,9,train
https://storage.googleapis.com/public-datasets-lila/snapshotserengeti-unzipped/S2/G12/G12_R1/S2_G12_R1_IMAG0048.JPG,Snapshot Serengeti : S2/G12/G12_R1/S2_G12_R1_IMAG0048,Snapshot Serengeti : SER_S2#G12#1#22,Snapshot Serengeti : G12,3,african bush elephant,03-12-2011 10:18:49,9,train
https://storage.googleapis.com/public-datasets-lila/snapshotserengeti-unzipped/S6/C03/C03_R2/S6_C03_R2_IMAG0558.JPG,Snapshot Serengeti : S6/C03/C03_R2/S6_C03_R2_IMAG0558,Snapshot Serengeti : SER_S6#C03#2#206,Snapshot Serengeti : C03,1,african bush elephant,02-28-2013 16:00:24,9,train
https://storage.googleapis.com/public-datasets-lila/snapshotserengeti-unzipped/S6/L06/L06_R2/S6_L06_R2_IMAG0051.JPG,Snapshot Serengeti : S6/L06/L06_R2/S6_L06_R2_IMAG0051,Snapshot Serengeti : SER_S6#L06#2#19,Snapshot Serengeti : L06,1,african bush elephant,02-22-2013 21:58:37,9,train
https://storage.googleapis.com/public-datasets-lila/snapshot-safari-2024-expansion/SER/SER_S12/H13/H13_R2/SER_S12_H13_R2_IMAG0295.JPG,Snapshot Safari 2024 Expansion : SER/SER_S12/H13/H13_R2/SER_S12_H13_R2_IMAG0295.JPG,Snapshot Safari 2024 Expansion : SER_S12#H13#2#162,Snapshot Safari 2024 Expansion : SER_S12_H13,2,african bush elephant,,9,val
https://storage.googleapis.com/public-datasets-lila/snapshot-safari-2024-expansion/KRU/KRU_S2/6/6_R4/KRU_S2_6_R4_IMAG0088.JPG,Snapshot Safari 2024 Expansion : KRU/KRU_S2/6/6_R4/KRU_S2_6_R4_IMAG0088.JPG,Snapshot Safari 2024 Expansion : KRU_S2#6#4#42,Snapshot Safari 2024 Expansion : KRU_S2_6,0,african bush elephant,,9,test
https://storage.googleapis.com/public-datasets-lila/snapshotserengeti-unzipped/S5/N08/N08_R2/S5_N08_R2_IMAG0298.JPG,Snapshot Serengeti : S5/N08/N08_R2/S5_N08_R2_IMAG0298,Snapshot Serengeti : SER_S5#N08#2#121,Snapshot Serengeti : N08,1,african bush elephant,10-24-2012 02:53:45,9,train
https://storage.googleapis.com/public-datasets-lila/snapshot-safari-2024-expansion/APN/APN_S3/DW/DW_R9/APN_S3_DW_R9_IMAG0894.JPG,Snapshot Safari 2024 Expansion : APN/APN_S3/DW/DW_R9/APN_S3_DW_R9_IMAG0894.JPG,Snapshot Safari 2024 Expansion : APN_S3#DW#9#313,Snapshot Safari 2024 Expansion : APN_S3_DW,1,african bush elephant,,9,train
https://storage.googleapis.com/public-datasets-lila/snapshot-safari-2024-expansion/MAD/MAD_S1/MAD03/MAD03_R3/MAD_S1_MAD03_R3_IMAG5950.JPG,Snapshot Safari 2024 Expansion : MAD/MAD_S1/MAD03/MAD03_R3/MAD_S1_MAD03_R3_IMAG5950.JPG,Snapshot Safari 2024 Expansion : MAD_S1#MAD03#3#1983,Snapshot Safari 2024 Expansion : MAD_S1_MAD03,0,african bush elephant,,9,train
https://storage.googleapis.com/public-datasets-lila/snapshot-safari/ENO/ENO_public/ENO_S1/D05/D05_R1/ENO_S1_D05_R1_IMAG0027.JPG,Snapshot Enonkishu : ENO_S1/D05/D05_R1/ENO_S1_D05_R1_IMAG0027,Snapshot Enonkishu : ENO_S1#D05#1#11,Snapshot Enonkishu : D05,1,african bush elephant,10-27-2018 08:27:22,9,train
https://storage.googleapis.com/public-datasets-lila/snapshotserengeti-unzipped/S9/C13/C13_R1/S9_C13_R1_IMAG1005.JPG,Snapshot Serengeti : S9/C13/C13_R1/S9_C13_R1_IMAG1005,Snapshot Serengeti : SER_S9#C13#1#359,Snapshot Serengeti : C13,2,african bush elephant,08-07-2014 16:09:10,9,val
https://storage.googleapis.com/public-datasets-lila/snapshot-safari-2024-expansion/MAD/MAD_S1/MAD06/MAD06_R3/MAD_S1_MAD06_R3_IMAG3336.JPG,Snapshot Safari 2024 Expansion : MAD/MAD_S1/MAD06/MAD06_R3/MAD_S1_MAD06_R3_IMAG3336.JPG,Snapshot Safari 2024 Expansion : MAD_S1#MAD06#3#1112,Snapshot Safari 2024 Expansion : MAD_S1_MAD06,2,african bush elephant,,9,test
https://storage.googleapis.com/public-datasets-lila/wcs-unzipped/animals/0378/1564.jpg,WCS Camera Traps : 5132413b-92d5-11e9-a4e8-000d3a74c7de,WCS Camera Traps : ken-014-d0203-10,WCS Camera Traps : 2783,33,african bush elephant,10-22-2009 01:03:28,9,test
https://storage.googleapis.com/public-datasets-lila/snapshot-safari-2024-expansion/MAD/MAD_S3/I06/I06_R10/MAD_S3_I06_R10_IMAG0071.JPG,Snapshot Safari 2024 Expansion : MAD/MAD_S3/I06/I06_R10/MAD_S3_I06_R10_IMAG0071.JPG,Snapshot Safari 2024 Expansion : MAD_S3#I06#10#24,Snapshot Safari 2024 Expansion : MAD_S3_I06,1,african bush elephant,,9,train
https://storage.googleapis.com/public-datasets-lila/snapshot-safari-2024-expansion/Snapshot Cameo/EFA/EFA_S1/EFA06/EFA06_R22/EFA_S1_EFA06_R22_IMAG0948.JPG,Snapshot Safari 2024 Expansion : Snapshot Cameo/EFA/EFA_S1/EFA06/EFA06_R22/EFA_S1_EFA06_R22_IMAG0948.JPG,Snapshot Safari 2024 Expansion : EFA_S1#EFA06#22#783,Snapshot Safari 2024 Expansion : EFA_S1_EFA06,0,african bush elephant,,9,train
https://storage.googleapis.com/public-datasets-lila/snapshot-safari-2024-expansion/APN/APN_S3/K082/K082_R8/APN_S3_K082_R8_IMAG0118.JPG,Snapshot Safari 2024 Expansion : APN/APN_S3/K082/K082_R8/APN_S3_K082_R8_IMAG0118.JPG,Snapshot Safari 2024 Expansion : APN_S3#K082#8#52,Snapshot Safari 2024 Expansion : APN_S3_K082,2,african bush elephant,,9,val
https://storage.googleapis.com/public-datasets-lila/snapshotserengeti-unzipped/S10/K13/K13_R3/S10_K13_R3_IMAG2955.JPG,Snapshot Serengeti : S10/K13/K13_R3/S10_K13_R3_IMAG2955,Snapshot Serengeti : SER_S10#K13#3#988,Snapshot Serengeti : K13,3,african bush elephant,05-20-2015 13:28:28,9,train
https://storage.googleapis.com/public-datasets-lila/snapshot-safari-2024-expansion/SER/SER_S13/G02/G02_R1/SER_S13_G02_R1_IMAG1075.JPG,Snapshot Safari 2024 Expansion : SER/SER_S13/G02/G02_R1/SER_S13_G02_R1_IMAG1075.JPG,Snapshot Safari 2024 Expansion : SER_S13#G02#1#1073,Snapshot Safari 2024 Expansion : SER_S13_G02,0,african bush elephant,,9,train
https://storage.googleapis.com/public-datasets-lila/snapshot-safari-2024-expansion/Snapshot Cameo/EFA/EFA_S1/EFA08/EFA08_R42/EFA_S1_EFA08_R42_IMAG0257.JPG,Snapshot Safari 2024 Expansion : Snapshot Cameo/EFA/EFA_S1/EFA08/EFA08_R42/EFA_S1_EFA08_R42_IMAG0257.JPG,Snapshot Safari 2024 Expansion : EFA_S1#EFA08#42#49,Snapshot Safari 2024 Expansion : EFA_S1_EFA08,2,african bush elephant,,9,test
https://storage.googleapis.com/public-datasets-lila/snapshot-safari-2024-expansion/APN/APN_S3/6U/6U_R9/APN_S3_6U_R9_IMAG0082.JPG,Snapshot Safari 2024 Expansion : APN/APN_S3/6U/6U_R9/APN_S3_6U_R9_IMAG0082.JPG,Snapshot Safari 2024 Expansion : APN_S3#6U#9#34,Snapshot Safari 2024 Expansion : APN_S3_6U,2,african bush elephant,,9,train
https://storage.googleapis.com/public-datasets-lila/snapshot-safari-2024-expansion/MAD/MAD_S2/MAD06/MAD06_R6/MAD_S2_MAD06_R6_IMAG2904.JPG,Snapshot Safari 2024 Expansion : MAD/MAD_S2/MAD06/MAD06_R6/MAD_S2_MAD06_R6_IMAG2904.JPG,Snapshot Safari 2024 Expansion : MAD_S2#MAD06#6#968,Snapshot Safari 2024 Expansion : MAD_S2_MAD06,2,african bush elephant,,9,val
https://storage.googleapis.com/public-datasets-lila/snapshotserengeti-unzipped/S5/P05/P05_R2/S5_P05_R2_IMAG0173.JPG,Snapshot Serengeti : S5/P05/P05_R2/S5_P05_R2_IMAG0173,Snapshot Serengeti : SER_S5#P05#2#60,Snapshot Serengeti : P05,2,african bush elephant,10-10-2012 10:50:08,9,train
https://storage.googleapis.com/public-datasets-lila/snapshot-safari-2024-expansion/APN/APN_S3/U24b/U24b_R12/APN_S3_U24b_R12_IMAG0043.JPG,Snapshot Safari 2024 Expansion : APN/APN_S3/U24b/U24b_R12/APN_S3_U24b_R12_IMAG0043.JPG,Snapshot Safari 2024 Expansion : APN_S3#U24b#12#18,Snapshot Safari 2024 Expansion : APN_S3_U24B,0,african bush elephant,,9,train
https://storage.googleapis.com/public-datasets-lila/snapshotserengeti-unzipped/S5/K02/K02_R2/S5_K02_R2_IMAG0158.JPG,Snapshot Serengeti : S5/K02/K02_R2/S5_K02_R2_IMAG0158,Snapshot Serengeti : SER_S5#K02#2#60,Snapshot Serengeti : K02,3,african bush elephant,08-16-2012 08:38:40,9,train
https://storage.googleapis.com/public-datasets-lila/snapshot-safari-2024-expansion/Snapshot Cameo/EFA/EFA_S1/EFA03/EFA03_R16/EFA_S1_EFA03_R16_IMAG0172.JPG,Snapshot Safari 2024 Expansion : Snapshot Cameo/EFA/EFA_S1/EFA03/EFA03_R16/EFA_S1_EFA03_R16_IMAG0172.JPG,Snapshot Safari 2024 Expansion : EFA_S1#EFA03#16#55,Snapshot Safari 2024 Expansion : EFA_S1_EFA03,0,african bush elephant,,9,train
https://storage.googleapis.com/public-datasets-lila/snapshot-safari-2024-expansion/MAD/MAD_S3/MAD03/MAD03_R09/MAD_S3_MAD03_R09_IMAG1763.JPG,Snapshot Safari 2024 Expansion : MAD/MAD_S3/MAD03/MAD03_R09/MAD_S3_MAD03_R09_IMAG1763.JPG,Snapshot Safari 2024 Expansion : MAD_S3#MAD03#09#589,Snapshot Safari 2024 Expansion : MAD_S3_MAD03,0,african bush elephant,,9,train
https://storage.googleapis.com/public-datasets-lila/snapshot-safari-2024-expansion/SER/SER_S13/K06/K06_R3/SER_S13_K06_R3_IMAG1551.JPG,Snapshot Safari 2024 Expansion : SER/SER_S13/K06/K06_R3/SER_S13_K06_R3_IMAG1551.JPG,Snapshot Safari 2024 Expansion : SER_S13#K06#3#623,Snapshot Safari 2024 Expansion : SER_S13_K06,2,african bush elephant,,9,train
https://storage.googleapis.com/public-datasets-lila/snapshot-safari-2024-expansion/MAD/MAD_S1/MAD06/MAD06_R3/MAD_S1_MAD06_R3_IMAG5353.JPG,Snapshot Safari 2024 Expansion : MAD/MAD_S1/MAD06/MAD06_R3/MAD_S1_MAD06_R3_IMAG5353.JPG,Snapshot Safari 2024 Expansion : MAD_S1#MAD06#3#1785,Snapshot Safari 2024 Expansion : MAD_S1_MAD06,0,african bush elephant,,9,test
https://storage.googleapis.com/public-datasets-lila/snapshot-safari-2024-expansion/MAD/MAD_S3/MAD06/MAD06_R11/MAD_S3_MAD06_R11_IMAG0149.JPG,Snapshot Safari 2024 Expansion : MAD/MAD_S3/MAD06/MAD06_R11/MAD_S3_MAD06_R11_IMAG0149.JPG,Snapshot Safari 2024 Expansion : MAD_S3#MAD06#11#50,Snapshot Safari 2024 Expansion : MAD_S3_MAD06,1,african bush elephant,,9,train
https://storage.googleapis.com/public-datasets-lila/snapshotserengeti-unzipped/SER_S11/H01/H01_R1/SER_S11_H01_R1_IMAG0055.JPG,Snapshot Serengeti : SER_S11/H01/H01_R1/SER_S11_H01_R1_IMAG0055,Snapshot Serengeti : SER_S11#H01#1#21,Snapshot Serengeti : H01,2,african bush elephant,08-05-2015 15:59:44,9,train
https://storage.googleapis.com/public-datasets-lila/snapshot-safari-2024-expansion/APN/APN_S4/TB14/TB14_R8/APN_S4_TB14_R8_IMAG0324.JPG,Snapshot Safari 2024 Expansion : APN/APN_S4/TB14/TB14_R8/APN_S4_TB14_R8_IMAG0324.JPG,Snapshot Safari 2024 Expansion : APN_S4#TB14#8#136,Snapshot Safari 2024 Expansion : APN_S4_TB14,2,african bush elephant,,9,train
https://storage.googleapis.com/public-datasets-lila/snapshotserengeti-unzipped/SER_S11/J09/J09_R2/SER_S11_J09_R2_IMAG0753.JPG,Snapshot Serengeti : SER_S11/J09/J09_R2/SER_S11_J09_R2_IMAG0753,Snapshot Serengeti : SER_S11#J09#2#267,Snapshot Serengeti : J09,2,african bush elephant,09-30-2015 13:29:49,9,train
https://storage.googleapis.com/public-datasets-lila/snapshot-safari-2024-expansion/MAD/MAD_S1/B04/B04_R3/MAD_S1_B04_R3_IMAG0193.JPG,Snapshot Safari 2024 Expansion : MAD/MAD_S1/B04/B04_R3/MAD_S1_B04_R3_IMAG0193.JPG,Snapshot Safari 2024 Expansion : MAD_S1#B04#3#65,Snapshot Safari 2024 Expansion : MAD_S1_B04,0,african bush elephant,,9,train
https://storage.googleapis.com/public-datasets-lila/snapshot-safari-2024-expansion/APN/APN_S3/6U/6U_R9/APN_S3_6U_R9_IMAG0076.JPG,Snapshot Safari 2024 Expansion : APN/APN_S3/6U/6U_R9/APN_S3_6U_R9_IMAG0076.JPG,Snapshot Safari 2024 Expansion : APN_S3#6U#9#32,Snapshot Safari 2024 Expansion : APN_S3_6U,2,african bush elephant,,9,train
https://storage.googleapis.com/public-datasets-lila/snapshotserengeti-unzipped/S5/F02/F02_R1/S5_F02_R1_IMAG1752.JPG,Snapshot Serengeti : S5/F02/F02_R1/S5_F02_R1_IMAG1752,Snapshot Serengeti : SER_S5#F02#1#682,Snapshot Serengeti : F02,2,african bush elephant,07-17-2012 09:50:06,9,train
https://storage.googleapis.com/public-datasets-lila/snapshotserengeti-unzipped/S6/E13/E13_R1/S6_E13_R1_IMAG0206.JPG,Snapshot Serengeti : S6/E13/E13_R1/S6_E13_R1_IMAG0206,Snapshot Serengeti : SER_S6#E13#1#90,Snapshot Serengeti : E13,3,african bush elephant,02-08-2013 15:37:25,9,train
https://storage.googleapis.com/public-datasets-lila/snapshotserengeti-unzipped/S8/L11/L11_R2/S8_L11_R2_IMAG0028.JPG,Snapshot Serengeti : S8/L11/L11_R2/S8_L11_R2_IMAG0028,Snapshot Serengeti : SER_S8#L11#2#10,Snapshot Serengeti : L11,2,african bush elephant,03-19-2014 07:20:53,9,val
https://storage.googleapis.com/public-datasets-lila/snapshot-safari-2024-expansion/APN/APN_S3/WM/WM_R9/APN_S3_WM_R9_IMAG0092.JPG,Snapshot Safari 2024 Expansion : APN/APN_S3/WM/WM_R9/APN_S3_WM_R9_IMAG0092.JPG,Snapshot Safari 2024 Expansion : APN_S3#WM#9#36,Snapshot Safari 2024 Expansion : APN_S3_WM,2,african bush elephant,,9,train
https://storage.googleapis.com/public-datasets-lila/snapshot-safari-2024-expansion/Snapshot Cameo/EFA/EFA_S1/EFA08/EFA08_R14/EFA_S1_EFA08_R14_IMAG0086.JPG,Snapshot Safari 2024 Expansion : Snapshot Cameo/EFA/EFA_S1/EFA08/EFA08_R14/EFA_S1_EFA08_R14_IMAG0086.JPG,Snapshot Safari 2024 Expansion : EFA_S1#EFA08#14#18,Snapshot Safari 2024 Expansion : EFA_S1_EFA08,2,african bush elephant,,9,test
https://storage.googleapis.com/public-datasets-lila/snapshotserengeti-unzipped/SER_S11/I06/I06_R1/SER_S11_I06_R1_IMAG0334.JPG,Snapshot Serengeti : SER_S11/I06/I06_R1/SER_S11_I06_R1_IMAG0334,Snapshot Serengeti : SER_S11#I06#1#196,Snapshot Serengeti : I06,2,african bush elephant,09-26-2015 08:46:14,9,train
https://storage.googleapis.com/public-datasets-lila/snapshot-safari-2024-expansion/MAD/MAD_S3/MAD06/MAD06_R09/MAD_S3_MAD06_R09_IMAG0379.JPG,Snapshot Safari 2024 Expansion : MAD/MAD_S3/MAD06/MAD06_R09/MAD_S3_MAD06_R09_IMAG0379.JPG,Snapshot Safari 2024 Expansion : MAD_S3#MAD06#09#127,Snapshot Safari 2024 Expansion : MAD_S3_MAD06,0,african bush elephant,,9,train
https://storage.googleapis.com/public-datasets-lila/snapshot-safari-2024-expansion/MAD/MAD_S3/MAD01/MAD01_R09/MAD_S3_MAD01_R09_IMAG0436.JPG,Snapshot Safari 2024 Expansion : MAD/MAD_S3/MAD01/MAD01_R09/MAD_S3_MAD01_R09_IMAG0436.JPG,Snapshot Safari 2024 Expansion : MAD_S3#MAD01#09#146,Snapshot Safari 2024 Expansion : MAD_S3_MAD01,0,african bush elephant,,9,train
https://storage.googleapis.com/public-datasets-lila/snapshot-safari-2024-expansion/MAD/MAD_S1/MAD01/MAD01_R4/MAD_S1_MAD01_R4_IMAG0944.JPG,Snapshot Safari 2024 Expansion : MAD/MAD_S1/MAD01/MAD01_R4/MAD_S1_MAD01_R4_IMAG0944.JPG,Snapshot Safari 2024 Expansion : MAD_S1#MAD01#4#315,Snapshot Safari 2024 Expansion : MAD_S1_MAD01,1,african bush elephant,,9,train
https://storage.googleapis.com/public-datasets-lila/snapshot-safari-2024-expansion/APN/APN_S4/K044/K044_R13/APN_S4_K044_R13_IMAG0393.JPG,Snapshot Safari 2024 Expansion : APN/APN_S4/K044/K044_R13/APN_S4_K044_R13_IMAG0393.JPG,Snapshot Safari 2024 Expansion : APN_S4#K044#13#165,Snapshot Safari 2024 Expansion : APN_S4_K044,2,african bush elephant,,9,train
https://storage.googleapis.com/public-datasets-lila/snapshot-safari-2024-expansion/Snapshot Cameo/EFA/EFA_S1/EFA04/EFA04_R15/EFA_S1_EFA04_R15_IMAG0007.JPG,Snapshot Safari 2024 Expansion : Snapshot Cameo/EFA/EFA_S1/EFA04/EFA04_R15/EFA_S1_EFA04_R15_IMAG0007.JPG,Snapshot Safari 2024 Expansion : EFA_S1#EFA04#15#5,Snapshot Safari 2024 Expansion : EFA_S1_EFA04,1,african bush elephant,,9,val
https://storage.googleapis.com/public-datasets-lila/snapshotserengeti-unzipped/S6/C13/C13_R2/S6_C13_R2_IMAG0875.JPG,Snapshot Serengeti : S6/C13/C13_R2/S6_C13_R2_IMAG0875,Snapshot Serengeti : SER_S6#C13#2#329,Snapshot Serengeti : C13,3,african bush elephant,04-07-2013 12:27:22,9,val
https://storage.googleapis.com/public-datasets-lila/snapshot-safari-2024-expansion/Snapshot Cameo/EFA/EFA_S1/EFA06/EFA06_R36/EFA_S1_EFA06_R36_IMAG0400.JPG,Snapshot Safari 2024 Expansion : Snapshot Cameo/EFA/EFA_S1/EFA06/EFA06_R36/EFA_S1_EFA06_R36_IMAG0400.JPG,Snapshot Safari 2024 Expansion : EFA_S1#EFA06#36#100,Snapshot Safari 2024 Expansion : EFA_S1_EFA06,0,african bush elephant,,9,train
https://storage.googleapis.com/public-datasets-lila/wcs-unzipped/animals/0370/1268.jpg,WCS Camera Traps : 4e447485-92d5-11e9-939e-000d3a74c7de,WCS Camera Traps : ken-014-d0091-265,WCS Camera Traps : 2730,2,african bush elephant,08-15-2009 09:22:53,9,train
https://storage.googleapis.com/public-datasets-lila/snapshot-safari-2024-expansion/MAD/MAD_S2/MAD06/MAD06_R6/MAD_S2_MAD06_R6_IMAG2628.JPG,Snapshot Safari 2024 Expansion : MAD/MAD_S2/MAD06/MAD06_R6/MAD_S2_MAD06_R6_IMAG2628.JPG,Snapshot Safari 2024 Expansion : MAD_S2#MAD06#6#876,Snapshot Safari 2024 Expansion : MAD_S2_MAD06,2,african bush elephant,,9,val
https://storage.googleapis.com/public-datasets-lila/snapshotserengeti-unzipped/S2/H06/H06_R3/S2_H06_R3_IMAG0246.JPG,Snapshot Serengeti : S2/H06/H06_R3/S2_H06_R3_IMAG0246,Snapshot Serengeti : SER_S2#H06#3#109,Snapshot Serengeti : H06,2,african bush elephant,07-15-2011 13:37:03,9,train
https://storage.googleapis.com/public-datasets-lila/snapshotserengeti-unzipped/S9/C13/C13_R1/S9_C13_R1_IMAG0985.JPG,Snapshot Serengeti : S9/C13/C13_R1/S9_C13_R1_IMAG0985,Snapshot Serengeti : SER_S9#C13#1#352,Snapshot Serengeti : C13,3,african bush elephant,08-07-2014 15:58:48,9,val
https://storage.googleapis.com/public-datasets-lila/snapshot-safari-2024-expansion/Snapshot Cameo/EFA/EFA_S1/EFA06/EFA06_R35/EFA_S1_EFA06_R35_IMAG0278.JPG,Snapshot Safari 2024 Expansion : Snapshot Cameo/EFA/EFA_S1/EFA06/EFA06_R35/EFA_S1_EFA06_R35_IMAG0278.JPG,Snapshot Safari 2024 Expansion : EFA_S1#EFA06#35#128,Snapshot Safari 2024 Expansion : EFA_S1_EFA06,1,african bush elephant,,9,train
https://storage.googleapis.com/public-datasets-lila/snapshot-safari-2024-expansion/Snapshot Cameo/EFA/EFA_S1/EFA08/EFA08_R27/EFA_S1_EFA08_R27_IMAG0105.JPG,Snapshot Safari 2024 Expansion : Snapshot Cameo/EFA/EFA_S1/EFA08/EFA08_R27/EFA_S1_EFA08_R27_IMAG0105.JPG,Snapshot Safari 2024 Expansion : EFA_S1#EFA08#27#21,Snapshot Safari 2024 Expansion : EFA_S1_EFA08,0,african bush elephant,,9,test
https://storage.googleapis.com/public-datasets-lila/snapshot-safari-2024-expansion/MAD/MAD_S3/H07/H07_R10/MAD_S3_H07_R10_IMAG0270.JPG,Snapshot Safari 2024 Expansion : MAD/MAD_S3/H07/H07_R10/MAD_S3_H07_R10_IMAG0270.JPG,Snapshot Safari 2024 Expansion : MAD_S3#H07#10#90,Snapshot Safari 2024 Expansion : MAD_S3_H07,2,african bush elephant,,9,train
https://storage.googleapis.com/public-datasets-lila/snapshot-safari-2024-expansion/Snapshot Cameo/EFA/EFA_S1/EFA08/EFA08_R2/EFA_S1_EFA08_R2_IMAG2064.JPG,Snapshot Safari 2024 Expansion : Snapshot Cameo/EFA/EFA_S1/EFA08/EFA08_R2/EFA_S1_EFA08_R2_IMAG2064.JPG,Snapshot Safari 2024 Expansion : EFA_S1#EFA08#2#428,Snapshot Safari 2024 Expansion : EFA_S1_EFA08,1,african bush elephant,,9,test
https://storage.googleapis.com/public-datasets-lila/snapshot-safari-2024-expansion/Snapshot Cameo/EFA/EFA_S1/EFA03/EFA03_R10/EFA_S1_EFA03_R10_IMAG0676.JPG,Snapshot Safari 2024 Expansion : Snapshot Cameo/EFA/EFA_S1/EFA03/EFA03_R10/EFA_S1_EFA03_R10_IMAG0676.JPG,Snapshot Safari 2024 Expansion : EFA_S1#EFA03#10#163,Snapshot Safari 2024 Expansion : EFA_S1_EFA03,0,african bush elephant,,9,train
https://storage.googleapis.com/public-datasets-lila/snapshot-safari-2024-expansion/KRU/KRU_S2/46/46_R4/KRU_S2_46_R4_IMAG0066.JPG,Snapshot Safari 2024 Expansion : KRU/KRU_S2/46/46_R4/KRU_S2_46_R4_IMAG0066.JPG,Snapshot Safari 2024 Expansion : KRU_S2#46#4#40,Snapshot Safari 2024 Expansion : KRU_S2_46,0,african bush elephant,,9,train
https://storage.googleapis.com/public-datasets-lila/snapshotserengeti-unzipped/S2/L04/L04_R4/S2_L04_R4_IMAG0061.JPG,Snapshot Serengeti : S2/L04/L04_R4/S2_L04_R4_IMAG0061,Snapshot Serengeti : SER_S2#L04#4#25,Snapshot Serengeti : L04,3,african bush elephant,05-05-2011 15:52:46,9,val
https://storage.googleapis.com/public-datasets-lila/snapshotserengeti-unzipped/S2/D12/D12_R3/S2_D12_R3_PICT0746.JPG,Snapshot Serengeti : S2/D12/D12_R3/S2_D12_R3_PICT0746,Snapshot Serengeti : SER_S2#D12#3#250,Snapshot Serengeti : D12,1,african bush elephant,07-20-2011 09:24:11,9,train
https://storage.googleapis.com/public-datasets-lila/snapshotserengeti-unzipped/S10/J09/J09_R1/S10_J09_R1_IMAG0320.JPG,Snapshot Serengeti : S10/J09/J09_R1/S10_J09_R1_IMAG0320,Snapshot Serengeti : SER_S10#J09#1#121,Snapshot Serengeti : J09,2,african bush elephant,01-15-2015 13:53:19,9,train
https://storage.googleapis.com/public-datasets-lila/snapshot-safari-2024-expansion/APN/APN_S3/DW/DW_R11/APN_S3_DW_R11_IMAG0139.JPG,Snapshot Safari 2024 Expansion : APN/APN_S3/DW/DW_R11/APN_S3_DW_R11_IMAG0139.JPG,Snapshot Safari 2024 Expansion : APN_S3#DW#11#49,Snapshot Safari 2024 Expansion : APN_S3_DW,2,african bush elephant,,9,train
https://storage.googleapis.com/public-datasets-lila/snapshot-safari-2024-expansion/APN/APN_S3/DW/DW_R9/APN_S3_DW_R9_IMAG0033.JPG,Snapshot Safari 2024 Expansion : APN/APN_S3/DW/DW_R9/APN_S3_DW_R9_IMAG0033.JPG,Snapshot Safari 2024 Expansion : APN_S3#DW#9#13,Snapshot Safari 2024 Expansion : APN_S3_DW,2,african bush elephant,,9,train
https://storage.googleapis.com/public-datasets-lila/snapshot-safari-2024-expansion/MAD/MAD_S1/MAD05/MAD05_R4/MAD_S1_MAD05_R4_IMAG0812.JPG,Snapshot Safari 2024 Expansion : MAD/MAD_S1/MAD05/MAD05_R4/MAD_S1_MAD05_R4_IMAG0812.JPG,Snapshot Safari 2024 Expansion : MAD_S1#MAD05#4#271,Snapshot Safari 2024 Expansion : MAD_S1_MAD05,1,african bush elephant,,9,val
https://storage.googleapis.com/public-datasets-lila/wcs-unzipped/animals/0352/1507.jpg,WCS Camera Traps : 47d856a1-92d5-11e9-8423-000d3a74c7de,WCS Camera Traps : ken-016-d0093-36,WCS Camera Traps : 1317,128,african bush elephant,02-19-2013 11:11:58,9,test
https://storage.googleapis.com/public-datasets-lila/snapshot-safari-2024-expansion/ENO/ENO_S5/E06/E06_R4/ENO_S5_E06_R4_IMAG0296.JPG,Snapshot Safari 2024 Expansion : ENO/ENO_S5/E06/E06_R4/ENO_S5_E06_R4_IMAG0296.JPG,Snapshot Safari 2024 Expansion : ENO_S5#E06#4#144,Snapshot Safari 2024 Expansion : ENO_S5_E06,2,african bush elephant,,9,test
https://storage.googleapis.com/public-datasets-lila/snapshot-safari-2024-expansion/Snapshot Cameo/EFA/EFA_S1/EFA08/EFA08_R1/EFA_S1_EFA08_R1_IMAG0637.JPG,Snapshot Safari 2024 Expansion : Snapshot Cameo/EFA/EFA_S1/EFA08/EFA08_R1/EFA_S1_EFA08_R1_IMAG0637.JPG,Snapshot Safari 2024 Expansion : EFA_S1#EFA08#1#132,Snapshot Safari 2024 Expansion : EFA_S1_EFA08,0,african bush elephant,,9,test
https://storage.googleapis.com/public-datasets-lila/snapshotserengeti-unzipped/S5/I12/I12_R1/S5_I12_R1_IMAG0080.JPG,Snapshot Serengeti : S5/I12/I12_R1/S5_I12_R1_IMAG0080,Snapshot Serengeti : SER_S5#I12#1#25,Snapshot Serengeti : I12,3,african bush elephant,06-01-2012 13:02:25,9,train
https://storage.googleapis.com/public-datasets-lila/snapshot-safari-2024-expansion/APN/APN_S3/DW/DW_R8/APN_S3_DW_R8_IMAG0052.JPG,Snapshot Safari 2024 Expansion : APN/APN_S3/DW/DW_R8/APN_S3_DW_R8_IMAG0052.JPG,Snapshot Safari 2024 Expansion : APN_S3#DW#8#19,Snapshot Safari 2024 Expansion : APN_S3_DW,0,african bush elephant,,9,train
https://storage.googleapis.com/public-datasets-lila/snapshotserengeti-unzipped/S1/L03/L03_R1/S1_L03_R1_PICT0384.JPG,Snapshot Serengeti : S1/L03/L03_R1/S1_L03_R1_PICT0384,Snapshot Serengeti : SER_S1#L03#1#129,Snapshot Serengeti : L03,2,african bush elephant,10-09-2010 16:34:52,9,train
https://storage.googleapis.com/public-datasets-lila/snapshot-safari-2024-expansion/MAD/MAD_S1/MAD06/MAD06_R3/MAD_S1_MAD06_R3_IMAG3410.JPG,Snapshot Safari 2024 Expansion : MAD/MAD_S1/MAD06/MAD06_R3/MAD_S1_MAD06_R3_IMAG3410.JPG,Snapshot Safari 2024 Expansion : MAD_S1#MAD06#3#1137,Snapshot Safari 2024 Expansion : MAD_S1_MAD06,1,african bush elephant,,9,test
https://storage.googleapis.com/public-datasets-lila/snapshot-safari-2024-expansion/Snapshot Cameo/EFA/EFA_S1/EFA07/EFA07_R12/EFA_S1_EFA07_R12_IMAG1355.JPG,Snapshot Safari 2024 Expansion : Snapshot Cameo/EFA/EFA_S1/EFA07/EFA07_R12/EFA_S1_EFA07_R12_IMAG1355.JPG,Snapshot Safari 2024 Expansion : EFA_S1#EFA07#12#362,Snapshot Safari 2024 Expansion : EFA_S1_EFA07,0,african bush elephant,,9,train
https://storage.googleapis.com/public-datasets-lila/wcs-unzipped/animals/0308/0870.jpg,WCS Camera Traps : 37c66a5e-92d5-11e9-bdbb-000d3a74c7de,WCS Camera Traps : ken-015-d0003-72,WCS Camera Traps : 1606,1,african bush elephant,03-12-2010 12:17:56,9,test
https://storage.googleapis.com/public-datasets-lila/snapshot-safari-2024-expansion/PLN/PLN_S2/B04/B04_R3/PLN_S2_B04_R3_IMAG0437.JPG,Snapshot Safari 2024 Expansion : PLN/PLN_S2/B04/B04_R3/PLN_S2_B04_R3_IMAG0437.JPG,Snapshot Safari 2024 Expansion : PLN_S2#B04#3#219,Snapshot Safari 2024 Expansion : PLN_S2_B04,2,african bush elephant,,9,train
https://storage.googleapis.com/public-datasets-lila/snapshot-safari-2024-expansion/Snapshot Cameo/EFA/EFA_S1/EFA03/EFA03_R6/EFA_S1_EFA03_R6_IMAG0438.JPG,Snapshot Safari 2024 Expansion : Snapshot Cameo/EFA/EFA_S1/EFA03/EFA03_R6/EFA_S1_EFA03_R6_IMAG0438.JPG,Snapshot Safari 2024 Expansion : EFA_S1#EFA03#6#109,Snapshot Safari 2024 Expansion : EFA_S1_EFA03,1,african bush elephant,,9,train
https://storage.googleapis.com/public-datasets-lila/snapshot-safari-2024-expansion/MAD/MAD_S2/MAD03/MAD03_R6/MAD_S2_MAD03_R6_IMAG2568.JPG,Snapshot Safari 2024 Expansion : MAD/MAD_S2/MAD03/MAD03_R6/MAD_S2_MAD03_R6_IMAG2568.JPG,Snapshot Safari 2024 Expansion : MAD_S2#MAD03#6#856,Snapshot Safari 2024 Expansion : MAD_S2_MAD03,2,african bush elephant,,9,train
https://storage.googleapis.com/public-datasets-lila/snapshot-safari-2024-expansion/MAD/MAD_S1/MAD06/MAD06_R3/MAD_S1_MAD06_R3_IMAG0651.JPG,Snapshot Safari 2024 Expansion : MAD/MAD_S1/MAD06/MAD06_R3/MAD_S1_MAD06_R3_IMAG0651.JPG,Snapshot Safari 2024 Expansion : MAD_S1#MAD06#3#217,Snapshot Safari 2024 Expansion : MAD_S1_MAD06,2,african bush elephant,,9,test
https://storage.googleapis.com/public-datasets-lila/snapshot-safari-2024-expansion/Snapshot Cameo/EFA/EFA_S1/EFA07/EFA07_R16/EFA_S1_EFA07_R16_IMAG1693.JPG,Snapshot Safari 2024 Expansion : Snapshot Cameo/EFA/EFA_S1/EFA07/EFA07_R16/EFA_S1_EFA07_R16_IMAG1693.JPG,Snapshot Safari 2024 Expansion : EFA_S1#EFA07#16#333,Snapshot Safari 2024 Expansion : EFA_S1_EFA07,0,african bush elephant,,9,train
https://storage.googleapis.com/public-datasets-lila/snapshot-safari-2024-expansion/APN/APN_S2/DW/DW_R6/APN_S2_DW_R6_IMAG0255.JPG,Snapshot Safari 2024 Expansion : APN/APN_S2/DW/DW_R6/APN_S2_DW_R6_IMAG0255.JPG,Snapshot Safari 2024 Expansion : APN_S2#DW#6#108,Snapshot Safari 2024 Expansion : APN_S2_DW,1,african bush elephant,,9,train
https://storage.googleapis.com/public-datasets-lila/snapshotserengeti-unzipped/S8/J09/J09_R3/S8_J09_R3_IMAG0881.JPG,Snapshot Serengeti : S8/J09/J09_R3/S8_J09_R3_IMAG0881,Snapshot Serengeti : SER_S8#J09#3#307,Snapshot Serengeti : J09,2,african bush elephant,06-14-2014 12:33:49,9,train
https://storage.googleapis.com/public-datasets-lila/snapshotserengeti-unzipped/S5/L10/L10_R2/S5_L10_R2_IMAG2859.JPG,Snapshot Serengeti : S5/L10/L10_R2/S5_L10_R2_IMAG2859,Snapshot Serengeti : SER_S5#L10#2#1251,Snapshot Serengeti : L10,3,african bush elephant,10-01-2012 14:29:27,9,test
https://storage.googleapis.com/public-datasets-lila/snapshot-safari-2024-expansion/Snapshot Cameo/EFA/EFA_S1/EFA06/EFA06_R35/EFA_S1_EFA06_R35_IMAG0139.JPG,Snapshot Safari 2024 Expansion : Snapshot Cameo/EFA/EFA_S1/EFA06/EFA06_R35/EFA_S1_EFA06_R35_IMAG0139.JPG,Snapshot Safari 2024 Expansion : EFA_S1#EFA06#35#64,Snapshot Safari 2024 Expansion : EFA_S1_EFA06,1,african bush elephant,,9,train
https://storage.googleapis.com/public-datasets-lila/snapshot-safari-2024-expansion/APN/APN_S2/DW/DW_R7/APN_S2_DW_R7_IMAG1333.JPG,Snapshot Safari 2024 Expansion : APN/APN_S2/DW/DW_R7/APN_S2_DW_R7_IMAG1333.JPG,Snapshot Safari 2024 Expansion : APN_S2#DW#7#484,Snapshot Safari 2024 Expansion : APN_S2_DW,0,african bush elephant,,9,train
https://storage.googleapis.com/public-datasets-lila/snapshot-safari-2024-expansion/APN/APN_S4/U63c/U63c_R14/APN_S4_U63c_R14_IMAG0127.JPG,Snapshot Safari 2024 Expansion : APN/APN_S4/U63c/U63c_R14/APN_S4_U63c_R14_IMAG0127.JPG,Snapshot Safari 2024 Expansion : APN_S4#U63c#14#49,Snapshot Safari 2024 Expansion : APN_S4_U63C,2,african bush elephant,,9,train
https://storage.googleapis.com/public-datasets-lila/snapshotserengeti-unzipped/S8/M04/M04_R2/S8_M04_R2_IMAG6227.JPG,Snapshot Serengeti : S8/M04/M04_R2/S8_M04_R2_IMAG6227,Snapshot Serengeti : SER_S8#M04#2#2142,Snapshot Serengeti : M04,2,african bush elephant,02-01-2014 13:48:15,9,train
https://storage.googleapis.com/public-datasets-lila/snapshot-safari-2024-expansion/MAD/MAD_S3/MAD03/MAD03_R09/MAD_S3_MAD03_R09_IMAG3591.JPG,Snapshot Safari 2024 Expansion : MAD/MAD_S3/MAD03/MAD03_R09/MAD_S3_MAD03_R09_IMAG3591.JPG,Snapshot Safari 2024 Expansion : MAD_S3#MAD03#09#1198,Snapshot Safari 2024 Expansion : MAD_S3_MAD03,1,african bush elephant,,9,train
https://storage.googleapis.com/public-datasets-lila/snapshotserengeti-unzipped/S2/O09/O09_R1/S2_O09_R1_IMAG0050.JPG,Snapshot Serengeti : S2/O09/O09_R1/S2_O09_R1_IMAG0050,Snapshot Serengeti : SER_S2#O09#1#18,Snapshot Serengeti : O09,3,african bush elephant,03-22-2011 18:43:02,9,val
https://storage.googleapis.com/public-datasets-lila/snapshot-safari-2024-expansion/MAD/MAD_S2/MAD01/MAD01_R6/MAD_S2_MAD01_R6_IMAG0843.JPG,Snapshot Safari 2024 Expansion : MAD/MAD_S2/MAD01/MAD01_R6/MAD_S2_MAD01_R6_IMAG0843.JPG,Snapshot Safari 2024 Expansion : MAD_S2#MAD01#6#281,Snapshot Safari 2024 Expansion : MAD_S2_MAD01,2,african bush elephant,,9,train
https://storage.googleapis.com/public-datasets-lila/snapshot-safari-2024-expansion/Snapshot Cameo/EFA/EFA_S1/EFA08/EFA08_R25/EFA_S1_EFA08_R25_IMAG7329.JPG,Snapshot Safari 2024 Expansion : Snapshot Cameo/EFA/EFA_S1/EFA08/EFA08_R25/EFA_S1_EFA08_R25_IMAG7329.JPG,Snapshot Safari 2024 Expansion : EFA_S1#EFA08#25#1082,Snapshot Safari 2024 Expansion : EFA_S1_EFA08,2,african bush elephant,,9,test
https://storage.googleapis.com/public-datasets-lila/snapshot-safari-2024-expansion/MAD/MAD_S2/MAD04/MAD04_R6/MAD_S2_MAD04_R6_IMAG1138.JPG,Snapshot Safari 2024 Expansion : MAD/MAD_S2/MAD04/MAD04_R6/MAD_S2_MAD04_R6_IMAG1138.JPG,Snapshot Safari 2024 Expansion : MAD_S2#MAD04#6#380,Snapshot Safari 2024 Expansion : MAD_S2_MAD04,0,african bush elephant,,9,train
https://storage.googleapis.com/public-datasets-lila/wcs-unzipped/animals/0416/0571.jpg,WCS Camera Traps : 5ed96c3e-92d5-11e9-996b-000d3a74c7de,WCS Camera Traps : ken-017-d0064-35,WCS Camera Traps : 2962,2,african bush elephant,02-11-2015 23:05:48,9,train
https://storage.googleapis.com/public-datasets-lila/snapshotserengeti-unzipped/S5/B13/B13_R3/S5_B13_R3_IMAG3801.JPG,Snapshot Serengeti : S5/B13/B13_R3/S5_B13_R3_IMAG3801,Snapshot Serengeti : SER_S5#B13#3#1300,Snapshot Serengeti : B13,2,african bush elephant,12-05-2012 16:46:58,9,train
https://storage.googleapis.com/public-datasets-lila/snapshot-safari-2024-expansion/MAD/MAD_S3/MAD06/MAD06_R09/MAD_S3_MAD06_R09_IMAG1741.JPG,Snapshot Safari 2024 Expansion : MAD/MAD_S3/MAD06/MAD06_R09/MAD_S3_MAD06_R09_IMAG1741.JPG,Snapshot Safari 2024 Expansion : MAD_S3#MAD06#09#581,Snapshot Safari 2024 Expansion : MAD_S3_MAD06,0,african bush elephant,,9,train
https://storage.googleapis.com/public-datasets-lila/snapshot-safari-2024-expansion/MAD/MAD_S1/MAD03/MAD03_R3/MAD_S1_MAD03_R3_IMAG5413.JPG,Snapshot Safari 2024 Expansion : MAD/MAD_S1/MAD03/MAD03_R3/MAD_S1_MAD03_R3_IMAG5413.JPG,Snapshot Safari 2024 Expansion : MAD_S1#MAD03#3#1804,Snapshot Safari 2024 Expansion : MAD_S1_MAD03,0,african bush elephant,,9,train
https://storage.googleapis.com/public-datasets-lila/snapshot-safari-2024-expansion/MAD/MAD_S3/E04/E04_R10/MAD_S3_E04_R10_IMAG0015.JPG,Snapshot Safari 2024 Expansion : MAD/MAD_S3/E04/E04_R10/MAD_S3_E04_R10_IMAG0015.JPG,Snapshot Safari 2024 Expansion : MAD_S3#E04#10#5,Snapshot Safari 2024 Expansion : MAD_S3_E04,2,african bush elephant,,9,train
https://storage.googleapis.com/public-datasets-lila/snapshotserengeti-unzipped/S10/B03/B03_R1/S10_B03_R1_IMAG0106.JPG,Snapshot Serengeti : S10/B03/B03_R1/S10_B03_R1_IMAG0106,Snapshot Serengeti : SER_S10#B03#1#38,Snapshot Serengeti : B03,1,african bush elephant,01-23-2015 22:43:59,9,train
https://storage.googleapis.com/public-datasets-lila/snapshot-safari-2024-expansion/MAD/MAD_S1/MAD06/MAD06_R3/MAD_S1_MAD06_R3_IMAG3240.JPG,Snapshot Safari 2024 Expansion : MAD/MAD_S1/MAD06/MAD06_R3/MAD_S1_MAD06_R3_IMAG3240.JPG,Snapshot Safari 2024 Expansion : MAD_S1#MAD06#3#1080,Snapshot Safari 2024 Expansion : MAD_S1_MAD06,2,african bush elephant,,9,test
https://storage.googleapis.com/public-datasets-lila/snapshotserengeti-unzipped/SER_S11/J04/J04_R2/SER_S11_J04_R2_IMAG1100.JPG,Snapshot Serengeti : SER_S11/J04/J04_R2/SER_S11_J04_R2_IMAG1100,Snapshot Serengeti : SER_S11#J04#2#377,Snapshot Serengeti : J04,1,african bush elephant,12-31-2015 09:20:37,9,train
https://storage.googleapis.com/public-datasets-lila/snapshot-safari-2024-expansion/APN/APN_S4/U43b/U43b_R13/APN_S4_U43b_R13_IMAG0019.JPG,Snapshot Safari 2024 Expansion : APN/APN_S4/U43b/U43b_R13/APN_S4_U43b_R13_IMAG0019.JPG,Snapshot Safari 2024 Expansion : APN_S4#U43b#13#7,Snapshot Safari 2024 Expansion : APN_S4_U43B,2,african bush elephant,,9,train
https://storage.googleapis.com/public-datasets-lila/snapshot-safari-2024-expansion/APN/APN_S4/JJ8/JJ8_R14/APN_S4_JJ8_R14_IMAG0289.JPG,Snapshot Safari 2024 Expansion : APN/APN_S4/JJ8/JJ8_R14/APN_S4_JJ8_R14_IMAG0289.JPG,Snapshot Safari 2024 Expansion : APN_S4#JJ8#14#117,Snapshot Safari 2024 Expansion : APN_S4_JJ8,2,african bush elephant,,9,train
https://storage.googleapis.com/public-datasets-lila/snapshot-safari-2024-expansion/Snapshot Cameo/NIA/NIA_S1/18A/18A_R1/NIA_S1_18A_R1_IMAG0084.JPG,Snapshot Safari 2024 Expansion : Snapshot Cameo/NIA/NIA_S1/18A/18A_R1/NIA_S1_18A_R1_IMAG0084.JPG,Snapshot Safari 2024 Expansion : NIA_S1#18A#1#84,Snapshot Safari 2024 Expansion : NIA_S1_18A,0,african bush elephant,,9,train
https://storage.googleapis.com/public-datasets-lila/snapshot-safari-2024-expansion/MAD/MAD_S2/MAD06/MAD06_R6/MAD_S2_MAD06_R6_IMAG2381.JPG,Snapshot Safari 2024 Expansion : MAD/MAD_S2/MAD06/MAD06_R6/MAD_S2_MAD06_R6_IMAG2381.JPG,Snapshot Safari 2024 Expansion : MAD_S2#MAD06#6#794,Snapshot Safari 2024 Expansion : MAD_S2_MAD06,1,african bush elephant,,9,val
https://storage.googleapis.com/public-datasets-lila/snapshot-safari-2024-expansion/APN/APN_S2/WM/WM_R7/APN_S2_WM_R7_IMAG0313.JPG,Snapshot Safari 2024 Expansion : APN/APN_S2/WM/WM_R7/APN_S2_WM_R7_IMAG0313.JPG,Snapshot Safari 2024 Expansion : APN_S2#WM#7#130,Snapshot Safari 2024 Expansion : APN_S2_WM,1,african bush elephant,,9,train
https://storage.googleapis.com/public-datasets-lila/wcs-unzipped/animals/0352/1792.jpg,WCS Camera Traps : 47e63930-92d5-11e9-9acb-000d3a74c7de,WCS Camera Traps : ken-016-d0093-57,WCS Camera Traps : 1317,1,african bush elephant,02-19-2013 11:34:12,9,test
https://storage.googleapis.com/public-datasets-lila/snapshotserengeti-unzipped/S5/C13/C13_R2/S5_C13_R2_IMAG0791.JPG,Snapshot Serengeti : S5/C13/C13_R2/S5_C13_R2_IMAG0791,Snapshot Serengeti : SER_S5#C13#2#285,Snapshot Serengeti : C13,3,african bush elephant,09-14-2012 14:07:51,9,val
https://storage.googleapis.com/public-datasets-lila/snapshot-safari-2024-expansion/MAD/MAD_S1/MAD06/MAD06_R3/MAD_S1_MAD06_R3_IMAG1842.JPG,Snapshot Safari 2024 Expansion : MAD/MAD_S1/MAD06/MAD06_R3/MAD_S1_MAD06_R3_IMAG1842.JPG,Snapshot Safari 2024 Expansion : MAD_S1#MAD06#3#614,Snapshot Safari 2024 Expansion : MAD_S1_MAD06,2,african bush elephant,,9,test
https://storage.googleapis.com/public-datasets-lila/snapshotserengeti-unzipped/S7/P13/P13_R1/S7_P13_R1_IMAG0635.JPG,Snapshot Serengeti : S7/P13/P13_R1/S7_P13_R1_IMAG0635,Snapshot Serengeti : SER_S7#P13#1#240,Snapshot Serengeti : P13,2,african bush elephant,05-21-2013 16:05:24,9,train
https://storage.googleapis.com/public-datasets-lila/snapshot-safari-2024-expansion/Snapshot Cameo/EFA/EFA_S1/EFA07/EFA07_R39/EFA_S1_EFA07_R39_IMAG1619.JPG,Snapshot Safari 2024 Expansion : Snapshot Cameo/EFA/EFA_S1/EFA07/EFA07_R39/EFA_S1_EFA07_R39_IMAG1619.JPG,Snapshot Safari 2024 Expansion : EFA_S1#EFA07#39#347,Snapshot Safari 2024 Expansion : EFA_S1_EFA07,1,african bush elephant,,9,train
https://storage.googleapis.com/public-datasets-lila/snapshot-safari-2024-expansion/Snapshot Cameo/EFA/EFA_S1/EFA06/EFA06_R37/EFA_S1_EFA06_R37_IMAG0669.JPG,Snapshot Safari 2024 Expansion : Snapshot Cameo/EFA/EFA_S1/EFA06/EFA06_R37/EFA_S1_EFA06_R37_IMAG0669.JPG,Snapshot Safari 2024 Expansion : EFA_S1#EFA06#37#185,Snapshot Safari 2024 Expansion : EFA_S1_EFA06,0,african bush elephant,,9,train
https://storage.googleapis.com/public-datasets-lila/snapshotserengeti-unzipped/S6/J09/J09_R2/S6_J09_R2_IMAG0190.JPG,Snapshot Serengeti : S6/J09/J09_R2/S6_J09_R2_IMAG0190,Snapshot Serengeti : SER_S6#J09#2#66,Snapshot Serengeti : J09,1,african bush elephant,02-15-2013 12:15:17,9,train
https://storage.googleapis.com/public-datasets-lila/wcs-unzipped/animals/0414/0985.jpg,WCS Camera Traps : 5e31b91d-92d5-11e9-88da-000d3a74c7de,WCS Camera Traps : ken-017-d0055-44,WCS Camera Traps : 2952,4,african bush elephant,02-06-2015 15:43:54,9,train
https://storage.googleapis.com/public-datasets-lila/snapshot-safari-2024-expansion/MAD/MAD_S1/MAD03/MAD03_R3/MAD_S1_MAD03_R3_IMAG3589.JPG,Snapshot Safari 2024 Expansion : MAD/MAD_S1/MAD03/MAD03_R3/MAD_S1_MAD03_R3_IMAG3589.JPG,Snapshot Safari 2024 Expansion : MAD_S1#MAD03#3#1197,Snapshot Safari 2024 Expansion : MAD_S1_MAD03,0,african bush elephant,,9,train
https://storage.googleapis.com/public-datasets-lila/snapshot-safari-2024-expansion/Snapshot Cameo/EFA/EFA_S1/EFA07/EFA07_R21/EFA_S1_EFA07_R21_IMAG0994.JPG,Snapshot Safari 2024 Expansion : Snapshot Cameo/EFA/EFA_S1/EFA07/EFA07_R21/EFA_S1_EFA07_R21_IMAG0994.JPG,Snapshot Safari 2024 Expansion : EFA_S1#EFA07#21#336,Snapshot Safari 2024 Expansion : EFA_S1_EFA07,2,african bush elephant,,9,train
https://storage.googleapis.com/public-datasets-lila/snapshot-safari-2024-expansion/Snapshot Cameo/EFA/EFA_S1/EFA08/EFA08_R25/EFA_S1_EFA08_R25_IMAG0032.JPG,Snapshot Safari 2024 Expansion : Snapshot Cameo/EFA/EFA_S1/EFA08/EFA08_R25/EFA_S1_EFA08_R25_IMAG0032.JPG,Snapshot Safari 2024 Expansion : EFA_S1#EFA08#25#6,Snapshot Safari 2024 Expansion : EFA_S1_EFA08,2,african bush elephant,,9,test
https://storage.googleapis.com/public-datasets-lila/snapshot-safari-2024-expansion/APN/APN_S2/WM/WM_R6/APN_S2_WM_R6_IMAG0128.JPG,Snapshot Safari 2024 Expansion : APN/APN_S2/WM/WM_R6/APN_S2_WM_R6_IMAG0128.JPG,Snapshot Safari 2024 Expansion : APN_S2#WM#6#59,Snapshot Safari 2024 Expansion : APN_S2_WM,1,african bush elephant,,9,train
https://storage.googleapis.com/public-datasets-lila/snapshot-safari-2024-expansion/APN/APN_S2/DW/DW_R6/APN_S2_DW_R6_IMAG0333.JPG,Snapshot Safari 2024 Expansion : APN/APN_S2/DW/DW_R6/APN_S2_DW_R6_IMAG0333.JPG,Snapshot Safari 2024 Expansion : APN_S2#DW#6#134,Snapshot Safari 2024 Expansion : APN_S2_DW,2,african bush elephant,,9,train
https://storage.googleapis.com/public-datasets-lila/snapshot-safari-2024-expansion/MAD/MAD_S2/MAD03/MAD03_R5/MAD_S2_MAD03_R5_IMAG3265.JPG,Snapshot Safari 2024 Expansion : MAD/MAD_S2/MAD03/MAD03_R5/MAD_S2_MAD03_R5_IMAG3265.JPG,Snapshot Safari 2024 Expansion : MAD_S2#MAD03#5#1089,Snapshot Safari 2024 Expansion : MAD_S2_MAD03,0,african bush elephant,,9,train
https://storage.googleapis.com/public-datasets-lila/snapshotserengeti-unzipped/S10/H02/H02_R2/S10_H02_R2_IMAG3339.JPG,Snapshot Serengeti : S10/H02/H02_R2/S10_H02_R2_IMAG3339,Snapshot Serengeti : SER_S10#H02#2#1596,Snapshot Serengeti : H02,2,african bush elephant,05-05-2015 15:23:35,9,train
https://storage.googleapis.com/public-datasets-lila/snapshotserengeti-unzipped/S5/I11/I11_R3/S5_I11_R3_IMAG0129.JPG,Snapshot Serengeti : S5/I11/I11_R3/S5_I11_R3_IMAG0129,Snapshot Serengeti : SER_S5#I11#3#48,Snapshot Serengeti : I11,2,african bush elephant,11-13-2012 12:11:36,9,train
https://storage.googleapis.com/public-datasets-lila/snapshotserengeti-unzipped/SER_S11/I06/I06_R1/SER_S11_I06_R1_IMAG0233.JPG,Snapshot Serengeti : SER_S11/I06/I06_R1/SER_S11_I06_R1_IMAG0233,Snapshot Serengeti : SER_S11#I06#1#149,Snapshot Serengeti : I06,2,african bush elephant,09-13-2015 08:13:37,9,train
https://storage.googleapis.com/public-datasets-lila/snapshot-safari-2024-expansion/MAD/MAD_S1/MAD04/MAD04_R3/MAD_S1_MAD04_R3_IMAG2722.JPG,Snapshot Safari 2024 Expansion : MAD/MAD_S1/MAD04/MAD04_R3/MAD_S1_MAD04_R3_IMAG2722.JPG,Snapshot Safari 2024 Expansion : MAD_S1#MAD04#3#908,Snapshot Safari 2024 Expansion : MAD_S1_MAD04,0,african bush elephant,,9,val
https://storage.googleapis.com/public-datasets-lila/snapshot-safari-2024-expansion/APN/APN_S2/WM/WM_R6/APN_S2_WM_R6_IMAG0050.JPG,Snapshot Safari 2024 Expansion : APN/APN_S2/WM/WM_R6/APN_S2_WM_R6_IMAG0050.JPG,Snapshot Safari 2024 Expansion : APN_S2#WM#6#22,Snapshot Safari 2024 Expansion : APN_S2_WM,0,african bush elephant,,9,train
https://storage.googleapis.com/public-datasets-lila/snapshot-safari-2024-expansion/APN/APN_S3/DW/DW_R11/APN_S3_DW_R11_IMAG0246.JPG,Snapshot Safari 2024 Expansion : APN/APN_S3/DW/DW_R11/APN_S3_DW_R11_IMAG0246.JPG,Snapshot Safari 2024 Expansion : APN_S3#DW#11#86,Snapshot Safari 2024 Expansion : APN_S3_DW,2,african bush elephant,,9,train
https://storage.googleapis.com/public-datasets-lila/snapshot-safari-2024-expansion/Snapshot Cameo/EFA/EFA_S1/EFA07/EFA07_R11/EFA_S1_EFA07_R11_IMAG0279.JPG,Snapshot Safari 2024 Expansion : Snapshot Cameo/EFA/EFA_S1/EFA07/EFA07_R11/EFA_S1_EFA07_R11_IMAG0279.JPG,Snapshot Safari 2024 Expansion : EFA_S1#EFA07#11#77,Snapshot Safari 2024 Expansion : EFA_S1_EFA07,1,african bush elephant,,9,train
https://storage.googleapis.com/public-datasets-lila/snapshotserengeti-unzipped/S9/L11/L11_R2/S9_L11_R2_IMAG0214.JPG,Snapshot Serengeti : S9/L11/L11_R2/S9_L11_R2_IMAG0214,Snapshot Serengeti : SER_S9#L11#2#88,Snapshot Serengeti : L11,3,african bush elephant,09-26-2014 14:09:39,9,val
https://storage.googleapis.com/public-datasets-lila/snapshot-safari-2024-expansion/MAD/MAD_S1/G06/G06_R3/MAD_S1_G06_R3_IMAG0021.JPG,Snapshot Safari 2024 Expansion : MAD/MAD_S1/G06/G06_R3/MAD_S1_G06_R3_IMAG0021.JPG,Snapshot Safari 2024 Expansion : MAD_S1#G06#3#7,Snapshot Safari 2024 Expansion : MAD_S1_G06,2,african bush elephant,,9,val
https://storage.googleapis.com/public-datasets-lila/snapshot-safari-2024-expansion/MAD/MAD_S2/MAD06/MAD06_R6/MAD_S2_MAD06_R6_IMAG3732.JPG,Snapshot Safari 2024 Expansion : MAD/MAD_S2/MAD06/MAD06_R6/MAD_S2_MAD06_R6_IMAG3732.JPG,Snapshot Safari 2024 Expansion : MAD_S2#MAD06#6#1244,Snapshot Safari 2024 Expansion : MAD_S2_MAD06,2,african bush elephant,,9,val
https://storage.googleapis.com/public-datasets-lila/snapshotserengeti-unzipped/S5/L10/L10_R2/S5_L10_R2_IMAG2597.JPG,Snapshot Serengeti : S5/L10/L10_R2/S5_L10_R2_IMAG2597,Snapshot Serengeti : SER_S5#L10#2#1164,Snapshot Serengeti : L10,2,african bush elephant,10-01-2012 11:49:35,9,test
https://storage.googleapis.com/public-datasets-lila/snapshot-safari-2024-expansion/APN/APN_S2/K073/K073_R3/APN_S2_K073_R3_IMAG0132.JPG,Snapshot Safari 2024 Expansion : APN/APN_S2/K073/K073_R3/APN_S2_K073_R3_IMAG0132.JPG,Snapshot Safari 2024 Expansion : APN_S2#K073#3#48,Snapshot Safari 2024 Expansion : APN_S2_K073,0,african bush elephant,,9,test
https://storage.googleapis.com/public-datasets-lila/snapshotserengeti-unzipped/S6/C03/C03_R2/S6_C03_R2_IMAG0273.JPG,Snapshot Serengeti : S6/C03/C03_R2/S6_C03_R2_IMAG0273,Snapshot Serengeti : SER_S6#C03#2#108,Snapshot Serengeti : C03,2,african bush elephant,02-10-2013 11:39:23,9,train
https://storage.googleapis.com/public-datasets-lila/wcs-unzipped/animals/0310/0258.jpg,WCS Camera Traps : 38625e4c-92d5-11e9-b313-000d3a74c7de,WCS Camera Traps : ken-015-d0025-142,WCS Camera Traps : 1628,3,african bush elephant,03-14-2010 19:54:49,9,val
https://storage.googleapis.com/public-datasets-lila/wcs-unzipped/animals/0302/1444.jpg,WCS Camera Traps : 35b2578b-92d5-11e9-9646-000d3a74c7de,WCS Camera Traps : ken-011-d0219-14,WCS Camera Traps : 1459,2,african bush elephant,03-05-2008 01:08:00,9,test
https://storage.googleapis.com/public-datasets-lila/snapshot-safari-2024-expansion/Snapshot Cameo/EFA/EFA_S1/EFA08/EFA08_R29/EFA_S1_EFA08_R29_IMAG0097.JPG,Snapshot Safari 2024 Expansion : Snapshot Cameo/EFA/EFA_S1/EFA08/EFA08_R29/EFA_S1_EFA08_R29_IMAG0097.JPG,Snapshot Safari 2024 Expansion : EFA_S1#EFA08#29#16,Snapshot Safari 2024 Expansion : EFA_S1_EFA08,0,african bush elephant,,9,test
https://storage.googleapis.com/public-datasets-lila/snapshot-safari-2024-expansion/MAD/MAD_S1/MAD03/MAD03_R4/MAD_S1_MAD03_R4_IMAG0487.JPG,Snapshot Safari 2024 Expansion : MAD/MAD_S1/MAD03/MAD03_R4/MAD_S1_MAD03_R4_IMAG0487.JPG,Snapshot Safari 2024 Expansion : MAD_S1#MAD03#4#163,Snapshot Safari 2024 Expansion : MAD_S1_MAD03,2,african bush elephant,,9,train
https://storage.googleapis.com/public-datasets-lila/snapshot-safari-2024-expansion/Snapshot Cameo/EFA/EFA_S1/EFA08/EFA08_R1/EFA_S1_EFA08_R1_IMAG1318.JPG,Snapshot Safari 2024 Expansion : Snapshot Cameo/EFA/EFA_S1/EFA08/EFA08_R1/EFA_S1_EFA08_R1_IMAG1318.JPG,Snapshot Safari 2024 Expansion : EFA_S1#EFA08#1#265,Snapshot Safari 2024 Expansion : EFA_S1_EFA08,1,african bush elephant,,9,test
https://storage.googleapis.com/public-datasets-lila/snapshot-safari-2024-expansion/APN/APN_S4/JJ6/JJ6_R13/APN_S4_JJ6_R13_IMAG0189.JPG,Snapshot Safari 2024 Expansion : APN/APN_S4/JJ6/JJ6_R13/APN_S4_JJ6_R13_IMAG0189.JPG,Snapshot Safari 2024 Expansion : APN_S4#JJ6#13#89,Snapshot Safari 2024 Expansion : APN_S4_JJ6,2,african bush elephant,,9,train
https://storage.googleapis.com/public-datasets-lila/snapshot-safari-2024-expansion/MAD/MAD_S3/MAD06/MAD06_R11/MAD_S3_MAD06_R11_IMAG0244.JPG,Snapshot Safari 2024 Expansion : MAD/MAD_S3/MAD06/MAD06_R11/MAD_S3_MAD06_R11_IMAG0244.JPG,Snapshot Safari 2024 Expansion : MAD_S3#MAD06#11#82,Snapshot Safari 2024 Expansion : MAD_S3_MAD06,0,african bush elephant,,9,train
https://storage.googleapis.com/public-datasets-lila/snapshot-safari-2024-expansion/Snapshot Cameo/EFA/EFA_S1/EFA08/EFA08_R1/EFA_S1_EFA08_R1_IMAG4628.JPG,Snapshot Safari 2024 Expansion : Snapshot Cameo/EFA/EFA_S1/EFA08/EFA08_R1/EFA_S1_EFA08_R1_IMAG4628.JPG,Snapshot Safari 2024 Expansion : EFA_S1#EFA08#1#945,Snapshot Safari 2024 Expansion : EFA_S1_EFA08,1,african bush elephant,,9,test
https://storage.googleapis.com/public-datasets-lila/snapshot-safari-2024-expansion/Snapshot Cameo/EFA/EFA_S1/EFA08/EFA08_R1/EFA_S1_EFA08_R1_IMAG2864.JPG,Snapshot Safari 2024 Expansion : Snapshot Cameo/EFA/EFA_S1/EFA08/EFA08_R1/EFA_S1_EFA08_R1_IMAG2864.JPG,Snapshot Safari 2024 Expansion : EFA_S1#EFA08#1#578,Snapshot Safari 2024 Expansion : EFA_S1_EFA08,1,african bush elephant,,9,test
https://storage.googleapis.com/public-datasets-lila/snapshot-safari-2024-expansion/MAD/MAD_S2/MAD03/MAD03_R5/MAD_S2_MAD03_R5_IMAG1387.JPG,Snapshot Safari 2024 Expansion : MAD/MAD_S2/MAD03/MAD03_R5/MAD_S2_MAD03_R5_IMAG1387.JPG,Snapshot Safari 2024 Expansion : MAD_S2#MAD03#5#463,Snapshot Safari 2024 Expansion : MAD_S2_MAD03,0,african bush elephant,,9,train
https://storage.googleapis.com/public-datasets-lila/snapshot-safari-2024-expansion/KRU/KRU_S2/45/45_R4/KRU_S2_45_R4_IMAG0107.JPG,Snapshot Safari 2024 Expansion : KRU/KRU_S2/45/45_R4/KRU_S2_45_R4_IMAG0107.JPG,Snapshot Safari 2024 Expansion : KRU_S2#45#4#74,Snapshot Safari 2024 Expansion : KRU_S2_45,2,african bush elephant,,9,train
https://storage.googleapis.com/public-datasets-lila/snapshot-safari-2024-expansion/Snapshot Cameo/EFA/EFA_S1/EFA08/EFA08_R25/EFA_S1_EFA08_R25_IMAG2612.JPG,Snapshot Safari 2024 Expansion : Snapshot Cameo/EFA/EFA_S1/EFA08/EFA08_R25/EFA_S1_EFA08_R25_IMAG2612.JPG,Snapshot Safari 2024 Expansion : EFA_S1#EFA08#25#379,Snapshot Safari 2024 Expansion : EFA_S1_EFA08,2,african bush elephant,,9,test
https://storage.googleapis.com/public-datasets-lila/snapshot-safari-2024-expansion/MAD/MAD_S2/MAD04/MAD04_R7/MAD_S2_MAD04_R7_IMAG1122.JPG,Snapshot Safari 2024 Expansion : MAD/MAD_S2/MAD04/MAD04_R7/MAD_S2_MAD04_R7_IMAG1122.JPG,Snapshot Safari 2024 Expansion : MAD_S2#MAD04#7#374,Snapshot Safari 2024 Expansion : MAD_S2_MAD04,2,african bush elephant,,9,train
https://storage.googleapis.com/public-datasets-lila/snapshot-safari-2024-expansion/KRU/KRU_S2/30/30_R4/KRU_S2_30_R4_IMAG0065.JPG,Snapshot Safari 2024 Expansion : KRU/KRU_S2/30/30_R4/KRU_S2_30_R4_IMAG0065.JPG,Snapshot Safari 2024 Expansion : KRU_S2#30#4#35,Snapshot Safari 2024 Expansion : KRU_S2_30,0,african bush elephant,,9,train
https://storage.googleapis.com/public-datasets-lila/snapshotserengeti-unzipped/S9/J09/J09_R2/S9_J09_R2_IMAG0655.JPG,Snapshot Serengeti : S9/J09/J09_R2/S9_J09_R2_IMAG0655,Snapshot Serengeti : SER_S9#J09#2#267,Snapshot Serengeti : J09,3,african bush elephant,11-06-2014 11:30:30,9,train
https://storage.googleapis.com/public-datasets-lila/snapshotserengeti-unzipped/S6/G12/G12_R1/S6_G12_R1_IMAG2271.JPG,Snapshot Serengeti : S6/G12/G12_R1/S6_G12_R1_IMAG2271,Snapshot Serengeti : SER_S6#G12#1#1055,Snapshot Serengeti : G12,1,african bush elephant,02-06-2013 12:15:04,9,train
https://storage.googleapis.com/public-datasets-lila/wcs-unzipped/animals/0345/0020.jpg,WCS Camera Traps : 4500a628-92d5-11e9-bc4c-000d3a74c7de,WCS Camera Traps : ken-016-d0053-50,WCS Camera Traps : 1274,5,african bush elephant,02-27-2013 23:45:08,9,train
https://storage.googleapis.com/public-datasets-lila/snapshotserengeti-unzipped/SER_S11/E05/E05_R1/SER_S11_E05_R1_IMAG0396.JPG,Snapshot Serengeti : SER_S11/E05/E05_R1/SER_S11_E05_R1_IMAG0396,Snapshot Serengeti : SER_S11#E05#1#161,Snapshot Serengeti : E05,1,african bush elephant,09-12-2015 12:18:02,9,test
https://storage.googleapis.com/public-datasets-lila/snapshot-safari-2024-expansion/APN/APN_S3/DW/DW_R8/APN_S3_DW_R8_IMAG0182.JPG,Snapshot Safari 2024 Expansion : APN/APN_S3/DW/DW_R8/APN_S3_DW_R8_IMAG0182.JPG,Snapshot Safari 2024 Expansion : APN_S3#DW#8#63,Snapshot Safari 2024 Expansion : APN_S3_DW,0,african bush elephant,,9,train
https://storage.googleapis.com/public-datasets-lila/snapshot-safari-2024-expansion/APN/APN_S3/U64c/U64c_R12/APN_S3_U64c_R12_IMAG0685.JPG,Snapshot Safari 2024 Expansion : APN/APN_S3/U64c/U64c_R12/APN_S3_U64c_R12_IMAG0685.JPG,Snapshot Safari 2024 Expansion : APN_S3#U64c#12#302,Snapshot Safari 2024 Expansion : APN_S3_U64C,2,african bush elephant,,9,train
https://storage.googleapis.com/public-datasets-lila/snapshotserengeti-unzipped/S5/H08/H08_R2/S5_H08_R2_IMAG0374.JPG,Snapshot Serengeti : S5/H08/H08_R2/S5_H08_R2_IMAG0374,Snapshot Serengeti : SER_S5#H08#2#138,Snapshot Serengeti : H08,3,african bush elephant,10-04-2012 11:40:37,9,train
https://storage.googleapis.com/public-datasets-lila/wcs-unzipped/animals/0203/0974.jpg,WCS Camera Traps : 10e72222-92d5-11e9-bc7e-000d3a74c7de,WCS Camera Traps : ken-007-d0038-11,WCS Camera Traps : 1257,7,african bush elephant,02-06-2012 04:41:54,9,train
https://storage.googleapis.com/public-datasets-lila/snapshot-safari-2024-expansion/Snapshot Cameo/EFA/EFA_S1/EFA06/EFA06_R16/EFA_S1_EFA06_R16_IMAG0660.JPG,Snapshot Safari 2024 Expansion : Snapshot Cameo/EFA/EFA_S1/EFA06/EFA06_R16/EFA_S1_EFA06_R16_IMAG0660.JPG,Snapshot Safari 2024 Expansion : EFA_S1#EFA06#16#605,Snapshot Safari 2024 Expansion : EFA_S1_EFA06,0,african bush elephant,,9,train
https://storage.googleapis.com/public-datasets-lila/wcs-unzipped/animals/0298/1137.jpg,WCS Camera Traps : 342c7d64-92d5-11e9-b15a-000d3a74c7de,WCS Camera Traps : ken-006-d0095-35,WCS Camera Traps : 1495,3,african bush elephant,02-09-2011 03:50:17,9,train
https://storage.googleapis.com/public-datasets-lila/wcs-unzipped/animals/0349/0385.jpg,WCS Camera Traps : 46865c55-92d5-11e9-b8be-000d3a74c7de,WCS Camera Traps : ken-016-d0085-14,WCS Camera Traps : 1308,1,african bush elephant,02-25-2013 07:20:40,9,train
https://storage.googleapis.com/public-datasets-lila/snapshotserengeti-unzipped/S1/L03/L03_R1/S1_L03_R1_PICT0337.JPG,Snapshot Serengeti : S1/L03/L03_R1/S1_L03_R1_PICT0337,Snapshot Serengeti : SER_S1#L03#1#113,Snapshot Serengeti : L03,3,african bush elephant,10-05-2010 18:58:56,9,train
https://storage.googleapis.com/public-datasets-lila/snapshotserengeti-unzipped/S9/F07/F07_R1/S9_F07_R1_IMAG0027.JPG,Snapshot Serengeti : S9/F07/F07_R1/S9_F07_R1_IMAG0027,Snapshot Serengeti : SER_S9#F07#1#13,Snapshot Serengeti : F07,2,african bush elephant,07-17-2014 13:58:15,9,test
https://storage.googleapis.com/public-datasets-lila/snapshotserengeti-unzipped/S6/K04/K04_R2/S6_K04_R2_IMAG1323.JPG,Snapshot Serengeti : S6/K04/K04_R2/S6_K04_R2_IMAG1323,Snapshot Serengeti : SER_S6#K04#2#759,Snapshot Serengeti : K04,3,african bush elephant,04-07-2013 14:39:17,9,train
https://storage.googleapis.com/public-datasets-lila/snapshot-safari-2024-expansion/ENO/ENO_S5/E06/E06_R4/ENO_S5_E06_R4_IMAG0145.JPG,Snapshot Safari 2024 Expansion : ENO/ENO_S5/E06/E06_R4/ENO_S5_E06_R4_IMAG0145.JPG,Snapshot Safari 2024 Expansion : ENO_S5#E06#4#59,Snapshot Safari 2024 Expansion : ENO_S5_E06,2,african bush elephant,,9,test
https://storage.googleapis.com/public-datasets-lila/snapshot-safari-2024-expansion/MAD/MAD_S2/MAD04/MAD04_R6/MAD_S2_MAD04_R6_IMAG0124.JPG,Snapshot Safari 2024 Expansion : MAD/MAD_S2/MAD04/MAD04_R6/MAD_S2_MAD04_R6_IMAG0124.JPG,Snapshot Safari 2024 Expansion : MAD_S2#MAD04#6#42,Snapshot Safari 2024 Expansion : MAD_S2_MAD04,0,african bush elephant,,9,train
https://storage.googleapis.com/public-datasets-lila/snapshot-safari-2024-expansion/MAD/MAD_S1/MAD06/MAD06_R4/MAD_S1_MAD06_R4_IMAG1992.JPG,Snapshot Safari 2024 Expansion : MAD/MAD_S1/MAD06/MAD06_R4/MAD_S1_MAD06_R4_IMAG1992.JPG,Snapshot Safari 2024 Expansion : MAD_S1#MAD06#4#664,Snapshot Safari 2024 Expansion : MAD_S1_MAD06,2,african bush elephant,,9,test
https://storage.googleapis.com/public-datasets-lila/snapshot-safari-2024-expansion/PLN/PLN_S3a/C01/C01_R7/PLN_S3a_C01_R7_IMAG0016.JPG,Snapshot Safari 2024 Expansion : PLN/PLN_S3a/C01/C01_R7/PLN_S3a_C01_R7_IMAG0016.JPG,Snapshot Safari 2024 Expansion : PLN_S3a#C01#7#6,Snapshot Safari 2024 Expansion : PLN_S3A_C01,0,african bush elephant,,9,test
https://storage.googleapis.com/public-datasets-lila/snapshotserengeti-unzipped/S7/C03/C03_R1/S7_C03_R1_IMAG0309.JPG,Snapshot Serengeti : S7/C03/C03_R1/S7_C03_R1_IMAG0309,Snapshot Serengeti : SER_S7#C03#1#110,Snapshot Serengeti : C03,2,african bush elephant,05-20-2013 15:12:54,9,train
https://storage.googleapis.com/public-datasets-lila/snapshot-safari-2024-expansion/MAD/MAD_S2/MAD06/MAD06_R5/MAD_S2_MAD06_R5_IMAG2615.JPG,Snapshot Safari 2024 Expansion : MAD/MAD_S2/MAD06/MAD06_R5/MAD_S2_MAD06_R5_IMAG2615.JPG,Snapshot Safari 2024 Expansion : MAD_S2#MAD06#5#872,Snapshot Safari 2024 Expansion : MAD_S2_MAD06,1,african bush elephant,,9,val
https://storage.googleapis.com/public-datasets-lila/snapshotserengeti-unzipped/S10/J09/J09_R1/S10_J09_R1_IMAG0981.JPG,Snapshot Serengeti : S10/J09/J09_R1/S10_J09_R1_IMAG0981,Snapshot Serengeti : SER_S10#J09#1#352,Snapshot Serengeti : J09,2,african bush elephant,01-29-2015 12:11:31,9,train
https://storage.googleapis.com/public-datasets-lila/snapshotserengeti-unzipped/S2/F01/F01_R3/S2_F01_R3_IMAG0391.JPG,Snapshot Serengeti : S2/F01/F01_R3/S2_F01_R3_IMAG0391,Snapshot Serengeti : SER_S2#F01#3#231,Snapshot Serengeti : F01,1,african bush elephant,07-20-2011 23:38:53,9,test
https://storage.googleapis.com/public-datasets-lila/snapshot-safari-2024-expansion/APN/APN_S3/WB4/WB4_R5/APN_S3_WB4_R5_IMAG0200.JPG,Snapshot Safari 2024 Expansion : APN/APN_S3/WB4/WB4_R5/APN_S3_WB4_R5_IMAG0200.JPG,Snapshot Safari 2024 Expansion : APN_S3#WB4#5#88,Snapshot Safari 2024 Expansion : APN_S3_WB4,2,african bush elephant,,9,train
https://storage.googleapis.com/public-datasets-lila/snapshot-safari-2024-expansion/MAD/MAD_S3/MAD01/MAD01_R08/MAD_S3_MAD01_R08_IMAG0936.JPG,Snapshot Safari 2024 Expansion : MAD/MAD_S3/MAD01/MAD01_R08/MAD_S3_MAD01_R08_IMAG0936.JPG,Snapshot Safari 2024 Expansion : MAD_S3#MAD01#08#312,Snapshot Safari 2024 Expansion : MAD_S3_MAD01,2,african bush elephant,,9,train
https://storage.googleapis.com/public-datasets-lila/snapshot-safari-2024-expansion/Snapshot Cameo/EFA/EFA_S1/EFA09/EFA09_R9/EFA_S1_EFA09_R9_IMAG0177.JPG,Snapshot Safari 2024 Expansion : Snapshot Cameo/EFA/EFA_S1/EFA09/EFA09_R9/EFA_S1_EFA09_R9_IMAG0177.JPG,Snapshot Safari 2024 Expansion : EFA_S1#EFA09#9#70,Snapshot Safari 2024 Expansion : EFA_S1_EFA09,0,african bush elephant,,9,train
https://storage.googleapis.com/public-datasets-lila/snapshot-safari-2024-expansion/MAD/MAD_S2/MAD03/MAD03_R5/MAD_S2_MAD03_R5_IMAG5422.JPG,Snapshot Safari 2024 Expansion : MAD/MAD_S2/MAD03/MAD03_R5/MAD_S2_MAD03_R5_IMAG5422.JPG,Snapshot Safari 2024 Expansion : MAD_S2#MAD03#5#1808,Snapshot Safari 2024 Expansion : MAD_S2_MAD03,0,african bush elephant,,9,train
https://storage.googleapis.com/public-datasets-lila/snapshot-safari-2024-expansion/APN/APN_S3/TB26/TB26_R6/APN_S3_TB26_R6_IMAG0107.JPG,Snapshot Safari 2024 Expansion : APN/APN_S3/TB26/TB26_R6/APN_S3_TB26_R6_IMAG0107.JPG,Snapshot Safari 2024 Expansion : APN_S3#TB26#6#49,Snapshot Safari 2024 Expansion : APN_S3_TB26,2,african bush elephant,,9,train
https://storage.googleapis.com/public-datasets-lila/snapshot-safari-2024-expansion/APN/APN_S3/WM/WM_R9/APN_S3_WM_R9_IMAG0077.JPG,Snapshot Safari 2024 Expansion : APN/APN_S3/WM/WM_R9/APN_S3_WM_R9_IMAG0077.JPG,Snapshot Safari 2024 Expansion : APN_S3#WM#9#31,Snapshot Safari 2024 Expansion : APN_S3_WM,0,african bush elephant,,9,train
https://storage.googleapis.com/public-datasets-lila/wcs-unzipped/animals/0226/1335.jpg,WCS Camera Traps : 196a4832-92d5-11e9-8b3a-000d3a74c7de,WCS Camera Traps : ken-007-d0093-18,WCS Camera Traps : 1317,5,african bush elephant,02-06-2012 14:25:03,9,test
https://storage.googleapis.com/public-datasets-lila/snapshot-safari-2024-expansion/Snapshot Cameo/EFA/EFA_S1/EFA08/EFA08_R18/EFA_S1_EFA08_R18_IMAG0032.JPG,Snapshot Safari 2024 Expansion : Snapshot Cameo/EFA/EFA_S1/EFA08/EFA08_R18/EFA_S1_EFA08_R18_IMAG0032.JPG,Snapshot Safari 2024 Expansion : EFA_S1#EFA08#18#6,Snapshot Safari 2024 Expansion : EFA_S1_EFA08,2,african bush elephant,,9,test
https://storage.googleapis.com/public-datasets-lila/snapshot-safari-2024-expansion/Snapshot Cameo/EFA/EFA_S1/EFA07/EFA07_R14/EFA_S1_EFA07_R14_IMAG0235.JPG,Snapshot Safari 2024 Expansion : Snapshot Cameo/EFA/EFA_S1/EFA07/EFA07_R14/EFA_S1_EFA07_R14_IMAG0235.JPG,Snapshot Safari 2024 Expansion : EFA_S1#EFA07#14#50,Snapshot Safari 2024 Expansion : EFA_S1_EFA07,1,african bush elephant,,9,train
https://storage.googleapis.com/public-datasets-lila/snapshot-safari-2024-expansion/APN/APN_S2/K024/K024_R6/APN_S2_K024_R6_IMAG0438.JPG,Snapshot Safari 2024 Expansion : APN/APN_S2/K024/K024_R6/APN_S2_K024_R6_IMAG0438.JPG,Snapshot Safari 2024 Expansion : APN_S2#K024#6#177,Snapshot Safari 2024 Expansion : APN_S2_K024,2,african bush elephant,,9,train
https://storage.googleapis.com/public-datasets-lila/snapshot-safari-2024-expansion/Snapshot Cameo/EFA/EFA_S1/EFA08/EFA08_R28/EFA_S1_EFA08_R28_IMAG0618.JPG,Snapshot Safari 2024 Expansion : Snapshot Cameo/EFA/EFA_S1/EFA08/EFA08_R28/EFA_S1_EFA08_R28_IMAG0618.JPG,Snapshot Safari 2024 Expansion : EFA_S1#EFA08#28#99,Snapshot Safari 2024 Expansion : EFA_S1_EFA08,0,african bush elephant,,9,test
https://storage.googleapis.com/public-datasets-lila/snapshot-safari-2024-expansion/Snapshot Cameo/EFA/EFA_S1/EFA03/EFA03_R5/EFA_S1_EFA03_R5_IMAG0307.JPG,Snapshot Safari 2024 Expansion : Snapshot Cameo/EFA/EFA_S1/EFA03/EFA03_R5/EFA_S1_EFA03_R5_IMAG0307.JPG,Snapshot Safari 2024 Expansion : EFA_S1#EFA03#5#70,Snapshot Safari 2024 Expansion : EFA_S1_EFA03,2,african bush elephant,,9,train
https://storage.googleapis.com/public-datasets-lila/snapshotserengeti-unzipped/S5/I12/I12_R1/S5_I12_R1_IMAG0329.JPG,Snapshot Serengeti : S5/I12/I12_R1/S5_I12_R1_IMAG0329,Snapshot Serengeti : SER_S5#I12#1#120,Snapshot Serengeti : I12,3,african bush elephant,06-08-2012 11:45:28,9,train
https://storage.googleapis.com/public-datasets-lila/snapshotserengeti-unzipped/S5/I03/I03_R1/S5_I03_R1_IMAG0210.JPG,Snapshot Serengeti : S5/I03/I03_R1/S5_I03_R1_IMAG0210,Snapshot Serengeti : SER_S5#I03#1#84,Snapshot Serengeti : I03,2,african bush elephant,05-04-2012 16:23:49,9,train
https://storage.googleapis.com/public-datasets-lila/snapshotserengeti-unzipped/S3/C03/C03_R11/S3_C03_R11_IMAG0506.JPG,Snapshot Serengeti : S3/C03/C03_R11/S3_C03_R11_IMAG0506,Snapshot Serengeti : SER_S3#C03#11#274,Snapshot Serengeti : C03,1,african bush elephant,10-27-2011 15:39:45,9,train
https://storage.googleapis.com/public-datasets-lila/snapshot-safari-2024-expansion/APN/APN_S3/JJ7/JJ7_R11/APN_S3_JJ7_R11_IMAG0262.JPG,Snapshot Safari 2024 Expansion : APN/APN_S3/JJ7/JJ7_R11/APN_S3_JJ7_R11_IMAG0262.JPG,Snapshot Safari 2024 Expansion : APN_S3#JJ7#11#122,Snapshot Safari 2024 Expansion : APN_S3_JJ7,0,african bush elephant,,9,train
https://storage.googleapis.com/public-datasets-lila/snapshotserengeti-unzipped/S4/J13/J13_R1/S4_J13_R1_IMAG0010.JPG,Snapshot Serengeti : S4/J13/J13_R1/S4_J13_R1_IMAG0010,Snapshot Serengeti : SER_S4#J13#1#4,Snapshot Serengeti : J13,2,african bush elephant,01-16-2012 14:38:45,9,train
https://storage.googleapis.com/public-datasets-lila/snapshot-safari-2024-expansion/MAD/MAD_S2/MAD06/MAD06_R5/MAD_S2_MAD06_R5_IMAG0392.JPG,Snapshot Safari 2024 Expansion : MAD/MAD_S2/MAD06/MAD06_R5/MAD_S2_MAD06_R5_IMAG0392.JPG,Snapshot Safari 2024 Expansion : MAD_S2#MAD06#5#131,Snapshot Safari 2024 Expansion : MAD_S2_MAD06,1,african bush elephant,,9,val
https://storage.googleapis.com/public-datasets-lila/snapshot-safari-2024-expansion/APN/APN_S2/WM/WM_R7/APN_S2_WM_R7_IMAG0290.JPG,Snapshot Safari 2024 Expansion : APN/APN_S2/WM/WM_R7/APN_S2_WM_R7_IMAG0290.JPG,Snapshot Safari 2024 Expansion : APN_S2#WM#7#115,Snapshot Safari 2024 Expansion : APN_S2_WM,1,african bush elephant,,9,train
https://storage.googleapis.com/public-datasets-lila/snapshotserengeti-unzipped/S8/F01/F01_R2/S8_F01_R2_IMAG0554.JPG,Snapshot Serengeti : S8/F01/F01_R2/S8_F01_R2_IMAG0554,Snapshot Serengeti : SER_S8#F01#2#226,Snapshot Serengeti : F01,1,african bush elephant,01-26-2014 12:58:18,9,test
https://storage.googleapis.com/public-datasets-lila/snapshotserengeti-unzipped/S2/E13/E13_R1/S2_E13_R1_IMAG0255.JPG,Snapshot Serengeti : S2/E13/E13_R1/S2_E13_R1_IMAG0255,Snapshot Serengeti : SER_S2#E13#1#107,Snapshot Serengeti : E13,3,african bush elephant,04-19-2011 16:32:08,9,train
https://storage.googleapis.com/public-datasets-lila/snapshot-safari-2024-expansion/MAD/MAD_S1/MAD05/MAD05_R4/MAD_S1_MAD05_R4_IMAG0076.JPG,Snapshot Safari 2024 Expansion : MAD/MAD_S1/MAD05/MAD05_R4/MAD_S1_MAD05_R4_IMAG0076.JPG,Snapshot Safari 2024 Expansion : MAD_S1#MAD05#4#26,Snapshot Safari 2024 Expansion : MAD_S1_MAD05,0,african bush elephant,,9,val
https://storage.googleapis.com/public-datasets-lila/snapshot-safari-2024-expansion/MAD/MAD_S1/MAD03/MAD03_R3/MAD_S1_MAD03_R3_IMAG2842.JPG,Snapshot Safari 2024 Expansion : MAD/MAD_S1/MAD03/MAD03_R3/MAD_S1_MAD03_R3_IMAG2842.JPG,Snapshot Safari 2024 Expansion : MAD_S1#MAD03#3#948,Snapshot Safari 2024 Expansion : MAD_S1_MAD03,0,african bush elephant,,9,train
https://storage.googleapis.com/public-datasets-lila/snapshot-safari/KRU/KRU_public/KRU_S1/46/46_R1/KRU_S1_46_R1_IMAG0008.JPG,Snapshot Kruger : KRU_S1/46/46_R1/KRU_S1_46_R1_IMAG0008,Snapshot Kruger : KRU_S1#46#1#6,Snapshot Kruger : 46,1,african bush elephant,06-01-2018 18:26:25,9,train
https://storage.googleapis.com/public-datasets-lila/snapshot-safari-2024-expansion/Snapshot Cameo/EFA/EFA_S1/EFA08/EFA08_R25/EFA_S1_EFA08_R25_IMAG1549.JPG,Snapshot Safari 2024 Expansion : Snapshot Cameo/EFA/EFA_S1/EFA08/EFA08_R25/EFA_S1_EFA08_R25_IMAG1549.JPG,Snapshot Safari 2024 Expansion : EFA_S1#EFA08#25#228,Snapshot Safari 2024 Expansion : EFA_S1_EFA08,0,african bush elephant,,9,test
https://storage.googleapis.com/public-datasets-lila/snapshot-safari-2024-expansion/MAD/MAD_S2/MAD03/MAD03_R7/MAD_S2_MAD03_R7_IMAG0558.JPG,Snapshot Safari 2024 Expansion : MAD/MAD_S2/MAD03/MAD03_R7/MAD_S2_MAD03_R7_IMAG0558.JPG,Snapshot Safari 2024 Expansion : MAD_S2#MAD03#7#186,Snapshot Safari 2024 Expansion : MAD_S2_MAD03,2,african bush elephant,,9,train
https://storage.googleapis.com/public-datasets-lila/snapshot-safari-2024-expansion/MAD/MAD_S2/D06/D06_R5/MAD_S2_D06_R5_IMAG0014.JPG,Snapshot Safari 2024 Expansion : MAD/MAD_S2/D06/D06_R5/MAD_S2_D06_R5_IMAG0014.JPG,Snapshot Safari 2024 Expansion : MAD_S2#D06#5#5,Snapshot Safari 2024 Expansion : MAD_S2_D06,1,african bush elephant,,9,train
https://storage.googleapis.com/public-datasets-lila/wcs-unzipped/animals/0353/0044.jpg,WCS Camera Traps : 47f1ab2a-92d5-11e9-b0c0-000d3a74c7de,WCS Camera Traps : ken-016-d0093-137,WCS Camera Traps : 1317,1,african bush elephant,02-20-2013 09:07:21,9,test
https://storage.googleapis.com/public-datasets-lila/snapshot-safari-2024-expansion/Snapshot Cameo/EFA/EFA_S1/EFA07/EFA07_R36/EFA_S1_EFA07_R36_IMAG1128.JPG,Snapshot Safari 2024 Expansion : Snapshot Cameo/EFA/EFA_S1/EFA07/EFA07_R36/EFA_S1_EFA07_R36_IMAG1128.JPG,Snapshot Safari 2024 Expansion : EFA_S1#EFA07#36#210,Snapshot Safari 2024 Expansion : EFA_S1_EFA07,1,african bush elephant,,9,train
https://storage.googleapis.com/public-datasets-lila/snapshotserengeti-unzipped/S5/E05/E05_R1/S5_E05_R1_IMAG0291.JPG,Snapshot Serengeti : S5/E05/E05_R1/S5_E05_R1_IMAG0291,Snapshot Serengeti : SER_S5#E05#1#138,Snapshot Serengeti : E05,2,african bush elephant,05-31-2012 17:04:40,9,test
https://storage.googleapis.com/public-datasets-lila/snapshotserengeti-unzipped/S7/P13/P13_R1/S7_P13_R1_IMAG0951.JPG,Snapshot Serengeti : S7/P13/P13_R1/S7_P13_R1_IMAG0951,Snapshot Serengeti : SER_S7#P13#1#389,Snapshot Serengeti : P13,1,african bush elephant,06-02-2013 16:24:51,9,train
https://storage.googleapis.com/public-datasets-lila/snapshot-safari-2024-expansion/MAD/MAD_S2/MAD06/MAD06_R7/MAD_S2_MAD06_R7_IMAG1631.JPG,Snapshot Safari 2024 Expansion : MAD/MAD_S2/MAD06/MAD06_R7/MAD_S2_MAD06_R7_IMAG1631.JPG,Snapshot Safari 2024 Expansion : MAD_S2#MAD06#7#544,Snapshot Safari 2024 Expansion : MAD_S2_MAD06,1,african bush elephant,,9,val
https://storage.googleapis.com/public-datasets-lila/snapshot-safari-2024-expansion/MAD/MAD_S3/MAD06/MAD06_R09/MAD_S3_MAD06_R09_IMAG2108.JPG,Snapshot Safari 2024 Expansion : MAD/MAD_S3/MAD06/MAD06_R09/MAD_S3_MAD06_R09_IMAG2108.JPG,Snapshot Safari 2024 Expansion : MAD_S3#MAD06#09#703,Snapshot Safari 2024 Expansion : MAD_S3_MAD06,2,african bush elephant,,9,train
https://storage.googleapis.com/public-datasets-lila/snapshotserengeti-unzipped/S10/H02/H02_R1/S10_H02_R1_IMAG0223.JPG,Snapshot Serengeti : S10/H02/H02_R1/S10_H02_R1_IMAG0223,Snapshot Serengeti : SER_S10#H02#1#86,Snapshot Serengeti : H02,2,african bush elephant,12-05-2014 12:34:46,9,train
https://storage.googleapis.com/public-datasets-lila/snapshot-safari-2024-expansion/Snapshot Cameo/EFA/EFA_S1/EFA07/EFA07_R6/EFA_S1_EFA07_R6_IMAG1823.JPG,Snapshot Safari 2024 Expansion : Snapshot Cameo/EFA/EFA_S1/EFA07/EFA07_R6/EFA_S1_EFA07_R6_IMAG1823.JPG,Snapshot Safari 2024 Expansion : EFA_S1#EFA07#6#365,Snapshot Safari 2024 Expansion : EFA_S1_EFA07,0,african bush elephant,,9,train
https://storage.googleapis.com/public-datasets-lila/snapshot-safari-2024-expansion/MAD/MAD_S1/B03/B03_R3/MAD_S1_B03_R3_IMAG0163.JPG,Snapshot Safari 2024 Expansion : MAD/MAD_S1/B03/B03_R3/MAD_S1_B03_R3_IMAG0163.JPG,Snapshot Safari 2024 Expansion : MAD_S1#B03#3#55,Snapshot Safari 2024 Expansion : MAD_S1_B03,0,african bush elephant,,9,train
https://storage.googleapis.com/public-datasets-lila/snapshot-safari-2024-expansion/Snapshot Cameo/EFA/EFA_S1/EFA07/EFA07_R22/EFA_S1_EFA07_R22_IMAG1660.JPG,Snapshot Safari 2024 Expansion : Snapshot Cameo/EFA/EFA_S1/EFA07/EFA07_R22/EFA_S1_EFA07_R22_IMAG1660.JPG,Snapshot Safari 2024 Expansion : EFA_S1#EFA07#22#486,Snapshot Safari 2024 Expansion : EFA_S1_EFA07,1,african bush elephant,,9,train
https://storage.googleapis.com/public-datasets-lila/snapshot-safari-2024-expansion/MAD/MAD_S3/MAD06/MAD06_R09/MAD_S3_MAD06_R09_IMAG1855.JPG,Snapshot Safari 2024 Expansion : MAD/MAD_S3/MAD06/MAD06_R09/MAD_S3_MAD06_R09_IMAG1855.JPG,Snapshot Safari 2024 Expansion : MAD_S3#MAD06#09#619,Snapshot Safari 2024 Expansion : MAD_S3_MAD06,0,african bush elephant,,9,train
https://storage.googleapis.com/public-datasets-lila/snapshot-safari-2024-expansion/MAD/MAD_S1/MAD04/MAD04_R4/MAD_S1_MAD04_R4_IMAG2324.JPG,Snapshot Safari 2024 Expansion : MAD/MAD_S1/MAD04/MAD04_R4/MAD_S1_MAD04_R4_IMAG2324.JPG,Snapshot Safari 2024 Expansion : MAD_S1#MAD04#4#775,Snapshot Safari 2024 Expansion : MAD_S1_MAD04,1,african bush elephant,,9,val
https://storage.googleapis.com/public-datasets-lila/snapshotserengeti-unzipped/S10/H08/H08_R1/S10_H08_R1_IMAG0214.JPG,Snapshot Serengeti : S10/H08/H08_R1/S10_H08_R1_IMAG0214,Snapshot Serengeti : SER_S10#H08#1#72,Snapshot Serengeti : H08,1,african bush elephant,02-03-2015 16:16:59,9,train
https://storage.googleapis.com/public-datasets-lila/snapshot-safari-2024-expansion/RUA/RUA_S1/M27/M27_R1/RUA_S1_M27_R1_IMAG0243.JPG,Snapshot Safari 2024 Expansion : RUA/RUA_S1/M27/M27_R1/RUA_S1_M27_R1_IMAG0243.JPG,Snapshot Safari 2024 Expansion : RUA_S1#M27#1#243,Snapshot Safari 2024 Expansion : RUA_S1_M27,0,african bush elephant,,9,train
https://storage.googleapis.com/public-datasets-lila/snapshot-safari-2024-expansion/Snapshot Cameo/EFA/EFA_S1/EFA09/EFA09_R22/EFA_S1_EFA09_R22_IMAG0189.JPG,Snapshot Safari 2024 Expansion : Snapshot Cameo/EFA/EFA_S1/EFA09/EFA09_R22/EFA_S1_EFA09_R22_IMAG0189.JPG,Snapshot Safari 2024 Expansion : EFA_S1#EFA09#22#71,Snapshot Safari 2024 Expansion : EFA_S1_EFA09,0,african bush elephant,,9,train
https://storage.googleapis.com/public-datasets-lila/snapshot-safari-2024-expansion/Snapshot Cameo/EFA/EFA_S1/EFA08/EFA08_R20/EFA_S1_EFA08_R20_IMAG1544.JPG,Snapshot Safari 2024 Expansion : Snapshot Cameo/EFA/EFA_S1/EFA08/EFA08_R20/EFA_S1_EFA08_R20_IMAG1544.JPG,Snapshot Safari 2024 Expansion : EFA_S1#EFA08#20#281,Snapshot Safari 2024 Expansion : EFA_S1_EFA08,0,african bush elephant,,9,test
https://storage.googleapis.com/public-datasets-lila/snapshot-safari-2024-expansion/SER/SER_S12/J10/J10_R2/SER_S12_J10_R2_IMAG0583.JPG,Snapshot Safari 2024 Expansion : SER/SER_S12/J10/J10_R2/SER_S12_J10_R2_IMAG0583.JPG,Snapshot Safari 2024 Expansion : SER_S12#J10#2#248,Snapshot Safari 2024 Expansion : SER_S12_J10,1,african bush elephant,,9,train
https://storage.googleapis.com/public-datasets-lila/snapshot-safari-2024-expansion/MAD/MAD_S3/MAD03/MAD03_R09/MAD_S3_MAD03_R09_IMAG2367.JPG,Snapshot Safari 2024 Expansion : MAD/MAD_S3/MAD03/MAD03_R09/MAD_S3_MAD03_R09_IMAG2367.JPG,Snapshot Safari 2024 Expansion : MAD_S3#MAD03#09#790,Snapshot Safari 2024 Expansion : MAD_S3_MAD03,1,african bush elephant,,9,train
https://storage.googleapis.com/public-datasets-lila/snapshot-safari-2024-expansion/MAD/MAD_S1/MAD03/MAD03_R3/MAD_S1_MAD03_R3_IMAG5412.JPG,Snapshot Safari 2024 Expansion : MAD/MAD_S1/MAD03/MAD03_R3/MAD_S1_MAD03_R3_IMAG5412.JPG,Snapshot Safari 2024 Expansion : MAD_S1#MAD03#3#1803,Snapshot Safari 2024 Expansion : MAD_S1_MAD03,2,african bush elephant,,9,train
https://storage.googleapis.com/public-datasets-lila/snapshotserengeti-unzipped/S1/F11/F11_R1/S1_F11_R1_PICT0047.JPG,Snapshot Serengeti : S1/F11/F11_R1/S1_F11_R1_PICT0047,Snapshot Serengeti : SER_S1#F11#1#17,Snapshot Serengeti : F11,1,african bush elephant,10-05-2010 18:33:58,9,test
https://storage.googleapis.com/public-datasets-lila/snapshot-safari-2024-expansion/MAD/MAD_S3/MAD04/MAD04_R11/MAD_S3_MAD04_R11_IMAG1110.JPG,Snapshot Safari 2024 Expansion : MAD/MAD_S3/MAD04/MAD04_R11/MAD_S3_MAD04_R11_IMAG1110.JPG,Snapshot Safari 2024 Expansion : MAD_S3#MAD04#11#370,Snapshot Safari 2024 Expansion : MAD_S3_MAD04,2,african bush elephant,,9,train
https://storage.googleapis.com/public-datasets-lila/snapshot-safari-2024-expansion/MAD/MAD_S2/MAD03/MAD03_R7/MAD_S2_MAD03_R7_IMAG0792.JPG,Snapshot Safari 2024 Expansion : MAD/MAD_S2/MAD03/MAD03_R7/MAD_S2_MAD03_R7_IMAG0792.JPG,Snapshot Safari 2024 Expansion : MAD_S2#MAD03#7#264,Snapshot Safari 2024 Expansion : MAD_S2_MAD03,2,african bush elephant,,9,train
https://storage.googleapis.com/public-datasets-lila/snapshot-safari-2024-expansion/MAD/MAD_S2/MAD03/MAD03_R6/MAD_S2_MAD03_R6_IMAG5316.JPG,Snapshot Safari 2024 Expansion : MAD/MAD_S2/MAD03/MAD03_R6/MAD_S2_MAD03_R6_IMAG5316.JPG,Snapshot Safari 2024 Expansion : MAD_S2#MAD03#6#1772,Snapshot Safari 2024 Expansion : MAD_S2_MAD03,2,african bush elephant,,9,train
https://storage.googleapis.com/public-datasets-lila/snapshot-safari-2024-expansion/APN/APN_S4/U23a/U23a_R14/APN_S4_U23a_R14_IMAG0171.JPG,Snapshot Safari 2024 Expansion : APN/APN_S4/U23a/U23a_R14/APN_S4_U23a_R14_IMAG0171.JPG,Snapshot Safari 2024 Expansion : APN_S4#U23a#14#87,Snapshot Safari 2024 Expansion : APN_S4_U23A,0,african bush elephant,,9,train
https://storage.googleapis.com/public-datasets-lila/snapshotserengeti-unzipped/SER_S11/F08/F08_R1/SER_S11_F08_R1_IMAG2878.JPG,Snapshot Serengeti : SER_S11/F08/F08_R1/SER_S11_F08_R1_IMAG2878,Snapshot Serengeti : SER_S11#F08#1#982,Snapshot Serengeti : F08,1,african bush elephant,09-02-2015 07:38:54,9,val
https://storage.googleapis.com/public-datasets-lila/snapshot-safari-2024-expansion/MAD/MAD_S1/MAD03/MAD03_R3/MAD_S1_MAD03_R3_IMAG2696.JPG,Snapshot Safari 2024 Expansion : MAD/MAD_S1/MAD03/MAD03_R3/MAD_S1_MAD03_R3_IMAG2696.JPG,Snapshot Safari 2024 Expansion : MAD_S1#MAD03#3#899,Snapshot Safari 2024 Expansion : MAD_S1_MAD03,1,african bush elephant,,9,train
https://storage.googleapis.com/public-datasets-lila/snapshot-safari-2024-expansion/APN/APN_S3/TB26/TB26_R4/APN_S3_TB26_R4_IMAG0506.JPG,Snapshot Safari 2024 Expansion : APN/APN_S3/TB26/TB26_R4/APN_S3_TB26_R4_IMAG0506.JPG,Snapshot Safari 2024 Expansion : APN_S3#TB26#4#214,Snapshot Safari 2024 Expansion : APN_S3_TB26,0,african bush elephant,,9,train
https://storage.googleapis.com/public-datasets-lila/snapshot-safari-2024-expansion/MAD/MAD_S1/MAD06/MAD06_R3/MAD_S1_MAD06_R3_IMAG3753.JPG,Snapshot Safari 2024 Expansion : MAD/MAD_S1/MAD06/MAD06_R3/MAD_S1_MAD06_R3_IMAG3753.JPG,Snapshot Safari 2024 Expansion : MAD_S1#MAD06#3#1251,Snapshot Safari 2024 Expansion : MAD_S1_MAD06,2,african bush elephant,,9,test
https://storage.googleapis.com/public-datasets-lila/snapshot-safari-2024-expansion/MAD/MAD_S2/MAD06/MAD06_R6/MAD_S2_MAD06_R6_IMAG4900.JPG,Snapshot Safari 2024 Expansion : MAD/MAD_S2/MAD06/MAD06_R6/MAD_S2_MAD06_R6_IMAG4900.JPG,Snapshot Safari 2024 Expansion : MAD_S2#MAD06#6#1634,Snapshot Safari 2024 Expansion : MAD_S2_MAD06,0,african bush elephant,,9,val
https://storage.googleapis.com/public-datasets-lila/snapshot-safari-2024-expansion/MAD/MAD_S2/MAD06/MAD06_R6/MAD_S2_MAD06_R6_IMAG1601.JPG,Snapshot Safari 2024 Expansion : MAD/MAD_S2/MAD06/MAD06_R6/MAD_S2_MAD06_R6_IMAG1601.JPG,Snapshot Safari 2024 Expansion : MAD_S2#MAD06#6#534,Snapshot Safari 2024 Expansion : MAD_S2_MAD06,1,african bush elephant,,9,val
https://storage.googleapis.com/public-datasets-lila/snapshot-safari-2024-expansion/MAD/MAD_S2/MAD03/MAD03_R7/MAD_S2_MAD03_R7_IMAG0768.JPG,Snapshot Safari 2024 Expansion : MAD/MAD_S2/MAD03/MAD03_R7/MAD_S2_MAD03_R7_IMAG0768.JPG,Snapshot Safari 2024 Expansion : MAD_S2#MAD03#7#256,Snapshot Safari 2024 Expansion : MAD_S2_MAD03,2,african bush elephant,,9,train
https://storage.googleapis.com/public-datasets-lila/snapshot-safari-2024-expansion/APN/APN_S4/G3/G3_R8/APN_S4_G3_R8_IMAG0085.JPG,Snapshot Safari 2024 Expansion : APN/APN_S4/G3/G3_R8/APN_S4_G3_R8_IMAG0085.JPG,Snapshot Safari 2024 Expansion : APN_S4#G3#8#35,Snapshot Safari 2024 Expansion : APN_S4_G3,0,african bush elephant,,9,train
https://storage.googleapis.com/public-datasets-lila/snapshot-safari-2024-expansion/MAD/MAD_S1/MAD06/MAD06_R3/MAD_S1_MAD06_R3_IMAG1258.JPG,Snapshot Safari 2024 Expansion : MAD/MAD_S1/MAD06/MAD06_R3/MAD_S1_MAD06_R3_IMAG1258.JPG,Snapshot Safari 2024 Expansion : MAD_S1#MAD06#3#420,Snapshot Safari 2024 Expansion : MAD_S1_MAD06,0,african bush elephant,,9,test
https://storage.googleapis.com/public-datasets-lila/snapshotserengeti-unzipped/S10/J09/J09_R1/S10_J09_R1_IMAG0187.JPG,Snapshot Serengeti : S10/J09/J09_R1/S10_J09_R1_IMAG0187,Snapshot Serengeti : SER_S10#J09#1#76,Snapshot Serengeti : J09,2,african bush elephant,12-30-2014 09:07:25,9,train
https://storage.googleapis.com/public-datasets-lila/snapshot-safari-2024-expansion/Snapshot Cameo/EFA/EFA_S1/EFA08/EFA08_R25/EFA_S1_EFA08_R25_IMAG2950.JPG,Snapshot Safari 2024 Expansion : Snapshot Cameo/EFA/EFA_S1/EFA08/EFA08_R25/EFA_S1_EFA08_R25_IMAG2950.JPG,Snapshot Safari 2024 Expansion : EFA_S1#EFA08#25#420,Snapshot Safari 2024 Expansion : EFA_S1_EFA08,0,african bush elephant,,9,test
https://storage.googleapis.com/public-datasets-lila/snapshot-safari-2024-expansion/MAD/MAD_S1/MAD03/MAD03_R3/MAD_S1_MAD03_R3_IMAG2708.JPG,Snapshot Safari 2024 Expansion : MAD/MAD_S1/MAD03/MAD03_R3/MAD_S1_MAD03_R3_IMAG2708.JPG,Snapshot Safari 2024 Expansion : MAD_S1#MAD03#3#903,Snapshot Safari 2024 Expansion : MAD_S1_MAD03,1,african bush elephant,,9,train
https://storage.googleapis.com/public-datasets-lila/snapshot-safari-2024-expansion/Snapshot Cameo/EFA/EFA_S1/EFA08/EFA08_R25/EFA_S1_EFA08_R25_IMAG0836.JPG,Snapshot Safari 2024 Expansion : Snapshot Cameo/EFA/EFA_S1/EFA08/EFA08_R25/EFA_S1_EFA08_R25_IMAG0836.JPG,Snapshot Safari 2024 Expansion : EFA_S1#EFA08#25#129,Snapshot Safari 2024 Expansion : EFA_S1_EFA08,1,african bush elephant,,9,test
https://storage.googleapis.com/public-datasets-lila/snapshot-safari-2024-expansion/Snapshot Cameo/EFA/EFA_S1/EFA08/EFA08_R23/EFA_S1_EFA08_R23_IMAG0446.JPG,Snapshot Safari 2024 Expansion : Snapshot Cameo/EFA/EFA_S1/EFA08/EFA08_R23/EFA_S1_EFA08_R23_IMAG0446.JPG,Snapshot Safari 2024 Expansion : EFA_S1#EFA08#23#83,Snapshot Safari 2024 Expansion : EFA_S1_EFA08,1,african bush elephant,,9,test
https://storage.googleapis.com/public-datasets-lila/snapshotserengeti-unzipped/S2/F12/F12_R1/S2_F12_R1_IMAG0312.JPG,Snapshot Serengeti : S2/F12/F12_R1/S2_F12_R1_IMAG0312,Snapshot Serengeti : SER_S2#F12#1#135,Snapshot Serengeti : F12,2,african bush elephant,03-12-2011 12:30:45,9,train
https://storage.googleapis.com/public-datasets-lila/snapshotserengeti-unzipped/S5/D03/D03_R1/S5_D03_R1_IMAG1261.JPG,Snapshot Serengeti : S5/D03/D03_R1/S5_D03_R1_IMAG1261,Snapshot Serengeti : SER_S5#D03#1#477,Snapshot Serengeti : D03,1,african bush elephant,07-13-2012 08:42:17,9,train
https://storage.googleapis.com/public-datasets-lila/snapshotserengeti-unzipped/S2/G10/G10_R2/S2_G10_R2_IMAG0085.JPG,Snapshot Serengeti : S2/G10/G10_R2/S2_G10_R2_IMAG0085,Snapshot Serengeti : SER_S2#G10#2#31,Snapshot Serengeti : G10,1,african bush elephant,04-23-2011 17:06:10,9,train
https://storage.googleapis.com/public-datasets-lila/snapshot-safari-2024-expansion/PLN/PLN_S3a/A02/A02_R8/PLN_S3a_A02_R8_IMAG0070.JPG,Snapshot Safari 2024 Expansion : PLN/PLN_S3a/A02/A02_R8/PLN_S3a_A02_R8_IMAG0070.JPG,Snapshot Safari 2024 Expansion : PLN_S3a#A02#8#38,Snapshot Safari 2024 Expansion : PLN_S3A_A02,0,african bush elephant,,9,val
https://storage.googleapis.com/public-datasets-lila/snapshotserengeti-unzipped/S9/D06/D06_R1/S9_D06_R1_IMAG0145.JPG,Snapshot Serengeti : S9/D06/D06_R1/S9_D06_R1_IMAG0145,Snapshot Serengeti : SER_S9#D06#1#54,Snapshot Serengeti : D06,1,african bush elephant,09-01-2014 14:06:32,9,train
https://storage.googleapis.com/public-datasets-lila/snapshotserengeti-unzipped/SER_S11/I02/I02_R1/SER_S11_I02_R1_IMAG0641.JPG,Snapshot Serengeti : SER_S11/I02/I02_R1/SER_S11_I02_R1_IMAG0641,Snapshot Serengeti : SER_S11#I02#1#252,Snapshot Serengeti : I02,1,african bush elephant,08-27-2015 03:28:34,9,test
https://storage.googleapis.com/public-datasets-lila/snapshotserengeti-unzipped/S7/P13/P13_R1/S7_P13_R1_IMAG0620.JPG,Snapshot Serengeti : S7/P13/P13_R1/S7_P13_R1_IMAG0620,Snapshot Serengeti : SER_S7#P13#1#235,Snapshot Serengeti : P13,2,african bush elephant,05-21-2013 15:59:13,9,train
https://storage.googleapis.com/public-datasets-lila/snapshot-safari-2024-expansion/MAD/MAD_S1/G04/G04_R2/MAD_S1_G04_R2_IMAG0079.JPG,Snapshot Safari 2024 Expansion : MAD/MAD_S1/G04/G04_R2/MAD_S1_G04_R2_IMAG0079.JPG,Snapshot Safari 2024 Expansion : MAD_S1#G04#2#61,Snapshot Safari 2024 Expansion : MAD_S1_G04,0,african bush elephant,,9,train
https://storage.googleapis.com/public-datasets-lila/wcs-unzipped/animals/0340/0961.jpg,WCS Camera Traps : 4352fa4e-92d5-11e9-8a3c-000d3a74c7de,WCS Camera Traps : ken-016-d0034-181,WCS Camera Traps : 1253,9,african bush elephant,01-23-2013 17:37:09,9,train
https://storage.googleapis.com/public-datasets-lila/snapshot-safari-2024-expansion/MAD/MAD_S3/MAD06/MAD06_R09/MAD_S3_MAD06_R09_IMAG1631.JPG,Snapshot Safari 2024 Expansion : MAD/MAD_S3/MAD06/MAD06_R09/MAD_S3_MAD06_R09_IMAG1631.JPG,Snapshot Safari 2024 Expansion : MAD_S3#MAD06#09#544,Snapshot Safari 2024 Expansion : MAD_S3_MAD06,1,african bush elephant,,9,train
https://storage.googleapis.com/public-datasets-lila/snapshot-safari-2024-expansion/SER/SER_S13/H08/H08_R1/SER_S13_H08_R1_IMAG1164.JPG,Snapshot Safari 2024 Expansion : SER/SER_S13/H08/H08_R1/SER_S13_H08_R1_IMAG1164.JPG,Snapshot Safari 2024 Expansion : SER_S13#H08#1#1163,Snapshot Safari 2024 Expansion : SER_S13_H08,0,african bush elephant,,9,train
https://storage.googleapis.com/public-datasets-lila/snapshotserengeti-unzipped/S10/I12/I12_R1/S10_I12_R1_IMAG0043.JPG,Snapshot Serengeti : S10/I12/I12_R1/S10_I12_R1_IMAG0043,Snapshot Serengeti : SER_S10#I12#1#20,Snapshot Serengeti : I12,3,african bush elephant,02-07-2015 07:02:48,9,train
https://storage.googleapis.com/public-datasets-lila/snapshotserengeti-unzipped/S5/C12/C12_R2/S5_C12_R2_IMAG0690.JPG,Snapshot Serengeti : S5/C12/C12_R2/S5_C12_R2_IMAG0690,Snapshot Serengeti : SER_S5#C12#2#257,Snapshot Serengeti : C12,2,african bush elephant,09-30-2012 16:09:17,9,train
https://storage.googleapis.com/public-datasets-lila/snapshot-safari-2024-expansion/MAD/MAD_S3/MAD04/MAD04_R08/MAD_S3_MAD04_R08_IMAG1335.JPG,Snapshot Safari 2024 Expansion : MAD/MAD_S3/MAD04/MAD04_R08/MAD_S3_MAD04_R08_IMAG1335.JPG,Snapshot Safari 2024 Expansion : MAD_S3#MAD04#08#445,Snapshot Safari 2024 Expansion : MAD_S3_MAD04,2,african bush elephant,,9,train
https://storage.googleapis.com/public-datasets-lila/snapshot-safari-2024-expansion/Snapshot Cameo/EFA/EFA_S1/EFA08/EFA08_R40/EFA_S1_EFA08_R40_IMAG0765.JPG,Snapshot Safari 2024 Expansion : Snapshot Cameo/EFA/EFA_S1/EFA08/EFA08_R40/EFA_S1_EFA08_R40_IMAG0765.JPG,Snapshot Safari 2024 Expansion : EFA_S1#EFA08#40#111,Snapshot Safari 2024 Expansion : EFA_S1_EFA08,0,african bush elephant,,9,test
https://storage.googleapis.com/public-datasets-lila/snapshot-safari-2024-expansion/MAD/MAD_S1/MAD01/MAD01_R3/MAD_S1_MAD01_R3_IMAG3112.JPG,Snapshot Safari 2024 Expansion : MAD/MAD_S1/MAD01/MAD01_R3/MAD_S1_MAD01_R3_IMAG3112.JPG,Snapshot Safari 2024 Expansion : MAD_S1#MAD01#3#1038,Snapshot Safari 2024 Expansion : MAD_S1_MAD01,0,african bush elephant,,9,train
https://storage.googleapis.com/public-datasets-lila/snapshotserengeti-unzipped/S3/F01/F01_R11/S3_F01_R11_IMAG0103.JPG,Snapshot Serengeti : S3/F01/F01_R11/S3_F01_R11_IMAG0103,Snapshot Serengeti : SER_S3#F01#11#41,Snapshot Serengeti : F01,1,african bush elephant,11-09-2011 11:03:42,9,test
https://storage.googleapis.com/public-datasets-lila/snapshot-safari-2024-expansion/MAD/MAD_S1/MAD01/MAD01_R4/MAD_S1_MAD01_R4_IMAG1755.JPG,Snapshot Safari 2024 Expansion : MAD/MAD_S1/MAD01/MAD01_R4/MAD_S1_MAD01_R4_IMAG1755.JPG,Snapshot Safari 2024 Expansion : MAD_S1#MAD01#4#585,Snapshot Safari 2024 Expansion : MAD_S1_MAD01,2,african bush elephant,,9,train
https://storage.googleapis.com/public-datasets-lila/snapshotserengeti-unzipped/S7/O11/O11_R1/S7_O11_R1_IMAG0213.JPG,Snapshot Serengeti : S7/O11/O11_R1/S7_O11_R1_IMAG0213,Snapshot Serengeti : SER_S7#O11#1#74,Snapshot Serengeti : O11,2,african bush elephant,05-10-2013 12:49:48,9,train
https://storage.googleapis.com/public-datasets-lila/snapshot-safari-2024-expansion/MAD/MAD_S1/MAD03/MAD03_R4/MAD_S1_MAD03_R4_IMAG1200.JPG,Snapshot Safari 2024 Expansion : MAD/MAD_S1/MAD03/MAD03_R4/MAD_S1_MAD03_R4_IMAG1200.JPG,Snapshot Safari 2024 Expansion : MAD_S1#MAD03#4#401,Snapshot Safari 2024 Expansion : MAD_S1_MAD03,1,african bush elephant,,9,train
https://storage.googleapis.com/public-datasets-lila/snapshot-safari-2024-expansion/Snapshot Cameo/EFA/EFA_S1/EFA07/EFA07_R42/EFA_S1_EFA07_R42_IMAG0322.JPG,Snapshot Safari 2024 Expansion : Snapshot Cameo/EFA/EFA_S1/EFA07/EFA07_R42/EFA_S1_EFA07_R42_IMAG0322.JPG,Snapshot Safari 2024 Expansion : EFA_S1#EFA07#42#73,Snapshot Safari 2024 Expansion : EFA_S1_EFA07,1,african bush elephant,,9,train
https://storage.googleapis.com/public-datasets-lila/snapshot-safari-2024-expansion/Snapshot Cameo/DEB/DEB_S1/F11/F11_R60/DEB_S1_F11_R60_IMAG0986.JPG,Snapshot Safari 2024 Expansion : Snapshot Cameo/DEB/DEB_S1/F11/F11_R60/DEB_S1_F11_R60_IMAG0986.JPG,Snapshot Safari 2024 Expansion : DEB_S1#F11#60#947,Snapshot Safari 2024 Expansion : DEB_S1_F11,0,african bush elephant,,9,train
https://storage.googleapis.com/public-datasets-lila/snapshotserengeti-unzipped/S7/C02/C02_R1/S7_C02_R1_IMAG0093.JPG,Snapshot Serengeti : S7/C02/C02_R1/S7_C02_R1_IMAG0093,Snapshot Serengeti : SER_S7#C02#1#36,Snapshot Serengeti : C02,2,african bush elephant,04-26-2013 16:43:17,9,val
https://storage.googleapis.com/public-datasets-lila/wcs-unzipped/animals/0353/0078.jpg,WCS Camera Traps : 47f33102-92d5-11e9-8e29-000d3a74c7de,WCS Camera Traps : ken-016-d0093-138,WCS Camera Traps : 1317,23,african bush elephant,02-20-2013 09:09:17,9,test
https://storage.googleapis.com/public-datasets-lila/snapshot-safari-2024-expansion/MAD/MAD_S2/MAD06/MAD06_R5/MAD_S2_MAD06_R5_IMAG1802.JPG,Snapshot Safari 2024 Expansion : MAD/MAD_S2/MAD06/MAD06_R5/MAD_S2_MAD06_R5_IMAG1802.JPG,Snapshot Safari 2024 Expansion : MAD_S2#MAD06#5#601,Snapshot Safari 2024 Expansion : MAD_S2_MAD06,1,african bush elephant,,9,val
https://storage.googleapis.com/public-datasets-lila/snapshotserengeti-unzipped/S5/G02/G02_R2/S5_G02_R2_IMAG0607.JPG,Snapshot Serengeti : S5/G02/G02_R2/S5_G02_R2_IMAG0607,Snapshot Serengeti : SER_S5#G02#2#253,Snapshot Serengeti : G02,1,african bush elephant,09-02-2012 16:27:56,9,train
https://storage.googleapis.com/public-datasets-lila/snapshot-safari-2024-expansion/Snapshot Cameo/EFA/EFA_S1/EFA08/EFA08_R33/EFA_S1_EFA08_R33_IMAG0396.JPG,Snapshot Safari 2024 Expansion : Snapshot Cameo/EFA/EFA_S1/EFA08/EFA08_R33/EFA_S1_EFA08_R33_IMAG0396.JPG,Snapshot Safari 2024 Expansion : EFA_S1#EFA08#33#92,Snapshot Safari 2024 Expansion : EFA_S1_EFA08,2,african bush elephant,,9,test
https://storage.googleapis.com/public-datasets-lila/snapshotserengeti-unzipped/S2/C03/C03_R2/S2_C03_R2_IMAG0113.JPG,Snapshot Serengeti : S2/C03/C03_R2/S2_C03_R2_IMAG0113,Snapshot Serengeti : SER_S2#C03#2#61,Snapshot Serengeti : C03,1,african bush elephant,04-12-2011 08:30:24,9,train
https://storage.googleapis.com/public-datasets-lila/snapshot-safari-2024-expansion/APN/APN_S3/TB17/TB17_R1/APN_S3_TB17_R1_IMAG0990.JPG,Snapshot Safari 2024 Expansion : APN/APN_S3/TB17/TB17_R1/APN_S3_TB17_R1_IMAG0990.JPG,Snapshot Safari 2024 Expansion : APN_S3#TB17#1#370,Snapshot Safari 2024 Expansion : APN_S3_TB17,0,african bush elephant,,9,train
https://storage.googleapis.com/public-datasets-lila/snapshotserengeti-unzipped/S3/J09/J09_R12/S3_J09_R12_IMAG0634.JPG,Snapshot Serengeti : S3/J09/J09_R12/S3_J09_R12_IMAG0634,Snapshot Serengeti : SER_S3#J09#12#240,Snapshot Serengeti : J09,1,african bush elephant,12-17-2011 08:19:32,9,train
https://storage.googleapis.com/public-datasets-lila/snapshot-safari-2024-expansion/ENO/ENO_S2/E06/E06_R1/ENO_S2_E06_R1_IMAG0908.JPG,Snapshot Safari 2024 Expansion : ENO/ENO_S2/E06/E06_R1/ENO_S2_E06_R1_IMAG0908.JPG,Snapshot Safari 2024 Expansion : ENO_S2#E06#1#368,Snapshot Safari 2024 Expansion : ENO_S2_E06,0,african bush elephant,,9,train
https://storage.googleapis.com/public-datasets-lila/snapshot-safari-2024-expansion/MAD/MAD_S3/MAD04/MAD04_R11/MAD_S3_MAD04_R11_IMAG1232.JPG,Snapshot Safari 2024 Expansion : MAD/MAD_S3/MAD04/MAD04_R11/MAD_S3_MAD04_R11_IMAG1232.JPG,Snapshot Safari 2024 Expansion : MAD_S3#MAD04#11#411,Snapshot Safari 2024 Expansion : MAD_S3_MAD04,1,african bush elephant,,9,train
https://storage.googleapis.com/public-datasets-lila/snapshot-safari-2024-expansion/MAD/MAD_S2/MAD05/MAD05_R5/MAD_S2_MAD05_R5_IMAG0635.JPG,Snapshot Safari 2024 Expansion : MAD/MAD_S2/MAD05/MAD05_R5/MAD_S2_MAD05_R5_IMAG0635.JPG,Snapshot Safari 2024 Expansion : MAD_S2#MAD05#5#212,Snapshot Safari 2024 Expansion : MAD_S2_MAD05,1,african bush elephant,,9,val
https://storage.googleapis.com/public-datasets-lila/snapshotserengeti-unzipped/S10/M06/M06_R2/S10_M06_R2_IMAG1651.JPG,Snapshot Serengeti : S10/M06/M06_R2/S10_M06_R2_IMAG1651,Snapshot Serengeti : SER_S10#M06#2#663,Snapshot Serengeti : M06,1,african bush elephant,06-10-2015 00:07:08,9,test
https://storage.googleapis.com/public-datasets-lila/snapshotserengeti-unzipped/S6/P04/P04_R1/S6_P04_R1_IMAG0394.JPG,Snapshot Serengeti : S6/P04/P04_R1/S6_P04_R1_IMAG0394,Snapshot Serengeti : SER_S6#P04#1#240,Snapshot Serengeti : P04,3,african bush elephant,01-21-2013 11:42:38,9,train
https://storage.googleapis.com/public-datasets-lila/snapshot-safari-2024-expansion/Snapshot Cameo/EFA/EFA_S1/EFA07/EFA07_R1/EFA_S1_EFA07_R1_IMAG2462.JPG,Snapshot Safari 2024 Expansion : Snapshot Cameo/EFA/EFA_S1/EFA07/EFA07_R1/EFA_S1_EFA07_R1_IMAG2462.JPG,Snapshot Safari 2024 Expansion : EFA_S1#EFA07#1#541,Snapshot Safari 2024 Expansion : EFA_S1_EFA07,1,african bush elephant,,9,train
https://storage.googleapis.com/public-datasets-lila/snapshotserengeti-unzipped/S10/I07/I07_R1/S10_I07_R1_IMAG0176.JPG,Snapshot Serengeti : S10/I07/I07_R1/S10_I07_R1_IMAG0176,Snapshot Serengeti : SER_S10#I07#1#71,Snapshot Serengeti : I07,3,african bush elephant,02-27-2015 14:46:51,9,val
https://storage.googleapis.com/public-datasets-lila/snapshot-safari-2024-expansion/KRU/KRU_S2/25/25_R3/KRU_S2_25_R3_IMAG0098.JPG,Snapshot Safari 2024 Expansion : KRU/KRU_S2/25/25_R3/KRU_S2_25_R3_IMAG0098.JPG,Snapshot Safari 2024 Expansion : KRU_S2#25#3#46,Snapshot Safari 2024 Expansion : KRU_S2_25,0,african bush elephant,,9,train
https://storage.googleapis.com/public-datasets-lila/snapshot-safari-2024-expansion/MAD/MAD_S3/H07/H07_R10/MAD_S3_H07_R10_IMAG0331.JPG,Snapshot Safari 2024 Expansion : MAD/MAD_S3/H07/H07_R10/MAD_S3_H07_R10_IMAG0331.JPG,Snapshot Safari 2024 Expansion : MAD_S3#H07#10#111,Snapshot Safari 2024 Expansion : MAD_S3_H07,0,african bush elephant,,9,train
https://storage.googleapis.com/public-datasets-lila/snapshotserengeti-unzipped/S2/I10/I10_R3/S2_I10_R3_IMAG0090.JPG,Snapshot Serengeti : S2/I10/I10_R3/S2_I10_R3_IMAG0090,Snapshot Serengeti : SER_S2#I10#3#32,Snapshot Serengeti : I10,3,african bush elephant,04-27-2011 14:36:55,9,train
https://storage.googleapis.com/public-datasets-lila/snapshot-safari-2024-expansion/MAD/MAD_S1/MAD06/MAD06_R3/MAD_S1_MAD06_R3_IMAG0924.JPG,Snapshot Safari 2024 Expansion : MAD/MAD_S1/MAD06/MAD06_R3/MAD_S1_MAD06_R3_IMAG0924.JPG,Snapshot Safari 2024 Expansion : MAD_S1#MAD06#3#308,Snapshot Safari 2024 Expansion : MAD_S1_MAD06,2,african bush elephant,,9,test
https://storage.googleapis.com/public-datasets-lila/snapshot-safari-2024-expansion/MAD/MAD_S1/MAD03/MAD03_R3/MAD_S1_MAD03_R3_IMAG1956.JPG,Snapshot Safari 2024 Expansion : MAD/MAD_S1/MAD03/MAD03_R3/MAD_S1_MAD03_R3_IMAG1956.JPG,Snapshot Safari 2024 Expansion : MAD_S1#MAD03#3#652,Snapshot Safari 2024 Expansion : MAD_S1_MAD03,2,african bush elephant,,9,train
https://storage.googleapis.com/public-datasets-lila/snapshot-safari-2024-expansion/MAD/MAD_S1/MAD03/MAD03_R3/MAD_S1_MAD03_R3_IMAG0302.JPG,Snapshot Safari 2024 Expansion : MAD/MAD_S1/MAD03/MAD03_R3/MAD_S1_MAD03_R3_IMAG0302.JPG,Snapshot Safari 2024 Expansion : MAD_S1#MAD03#3#101,Snapshot Safari 2024 Expansion : MAD_S1_MAD03,1,african bush elephant,,9,train
https://storage.googleapis.com/public-datasets-lila/snapshotserengeti-unzipped/S9/B08/B08_R2/S9_B08_R2_IMAG0072.JPG,Snapshot Serengeti : S9/B08/B08_R2/S9_B08_R2_IMAG0072,Snapshot Serengeti : SER_S9#B08#2#27,Snapshot Serengeti : B08,3,african bush elephant,08-26-2014 15:45:36,9,val
https://storage.googleapis.com/public-datasets-lila/snapshotserengeti-unzipped/S6/B03/B03_R2/S6_B03_R2_IMAG0167.JPG,Snapshot Serengeti : S6/B03/B03_R2/S6_B03_R2_IMAG0167,Snapshot Serengeti : SER_S6#B03#2#110,Snapshot Serengeti : B03,2,african bush elephant,02-13-2013 14:30:58,9,train
https://storage.googleapis.com/public-datasets-lila/snapshot-safari-2024-expansion/MAD/MAD_S1/MAD03/MAD03_R3/MAD_S1_MAD03_R3_IMAG2321.JPG,Snapshot Safari 2024 Expansion : MAD/MAD_S1/MAD03/MAD03_R3/MAD_S1_MAD03_R3_IMAG2321.JPG,Snapshot Safari 2024 Expansion : MAD_S1#MAD03#3#774,Snapshot Safari 2024 Expansion : MAD_S1_MAD03,1,african bush elephant,,9,train
https://storage.googleapis.com/public-datasets-lila/snapshotserengeti-unzipped/S7/C07/C07_R1/S7_C07_R1_IMAG0974.JPG,Snapshot Serengeti : S7/C07/C07_R1/S7_C07_R1_IMAG0974,Snapshot Serengeti : SER_S7#C07#1#328,Snapshot Serengeti : C07,1,african bush elephant,05-02-2013 10:49:15,9,train
https://storage.googleapis.com/public-datasets-lila/snapshotserengeti-unzipped/SER_S11/K10/K10_R1/SER_S11_K10_R1_IMAG2433.JPG,Snapshot Serengeti : SER_S11/K10/K10_R1/SER_S11_K10_R1_IMAG2433,Snapshot Serengeti : SER_S11#K10#1#815,Snapshot Serengeti : K10,2,african bush elephant,08-06-2015 16:11:40,9,train
https://storage.googleapis.com/public-datasets-lila/snapshot-safari-2024-expansion/MAD/MAD_S1/MAD01/MAD01_R4/MAD_S1_MAD01_R4_IMAG2210.JPG,Snapshot Safari 2024 Expansion : MAD/MAD_S1/MAD01/MAD01_R4/MAD_S1_MAD01_R4_IMAG2210.JPG,Snapshot Safari 2024 Expansion : MAD_S1#MAD01#4#737,Snapshot Safari 2024 Expansion : MAD_S1_MAD01,1,african bush elephant,,9,train
https://storage.googleapis.com/public-datasets-lila/snapshot-safari-2024-expansion/Snapshot Cameo/EFA/EFA_S1/EFA03/EFA03_R26/EFA_S1_EFA03_R26_IMAG0037.JPG,Snapshot Safari 2024 Expansion : Snapshot Cameo/EFA/EFA_S1/EFA03/EFA03_R26/EFA_S1_EFA03_R26_IMAG0037.JPG,Snapshot Safari 2024 Expansion : EFA_S1#EFA03#26#13,Snapshot Safari 2024 Expansion : EFA_S1_EFA03,2,african bush elephant,,9,train
https://storage.googleapis.com/public-datasets-lila/snapshot-safari-2024-expansion/Snapshot Cameo/EFA/EFA_S1/EFA07/EFA07_R14/EFA_S1_EFA07_R14_IMAG0492.JPG,Snapshot Safari 2024 Expansion : Snapshot Cameo/EFA/EFA_S1/EFA07/EFA07_R14/EFA_S1_EFA07_R14_IMAG0492.JPG,Snapshot Safari 2024 Expansion : EFA_S1#EFA07#14#111,Snapshot Safari 2024 Expansion : EFA_S1_EFA07,0,african bush elephant,,9,train
https://storage.googleapis.com/public-datasets-lila/snapshot-safari-2024-expansion/Snapshot Cameo/EFA/EFA_S1/EFA07/EFA07_R22/EFA_S1_EFA07_R22_IMAG2289.JPG,Snapshot Safari 2024 Expansion : Snapshot Cameo/EFA/EFA_S1/EFA07/EFA07_R22/EFA_S1_EFA07_R22_IMAG2289.JPG,Snapshot Safari 2024 Expansion : EFA_S1#EFA07#22#679,Snapshot Safari 2024 Expansion : EFA_S1_EFA07,0,african bush elephant,,9,train
https://storage.googleapis.com/public-datasets-lila/snapshotserengeti-unzipped/S7/I01/I01_R1/S7_I01_R1_IMAG0043.JPG,Snapshot Serengeti : S7/I01/I01_R1/S7_I01_R1_IMAG0043,Snapshot Serengeti : SER_S7#I01#1#15,Snapshot Serengeti : I01,3,african bush elephant,04-07-2013 12:36:29,9,train
https://storage.googleapis.com/public-datasets-lila/snapshot-safari-2024-expansion/MAD/MAD_S2/MAD06/MAD06_R6/MAD_S2_MAD06_R6_IMAG1666.JPG,Snapshot Safari 2024 Expansion : MAD/MAD_S2/MAD06/MAD06_R6/MAD_S2_MAD06_R6_IMAG1666.JPG,Snapshot Safari 2024 Expansion : MAD_S2#MAD06#6#556,Snapshot Safari 2024 Expansion : MAD_S2_MAD06,0,african bush elephant,,9,val
https://storage.googleapis.com/public-datasets-lila/snapshotserengeti-unzipped/SER_S11/M07/M07_R2/SER_S11_M07_R2_IMAG0704.JPG,Snapshot Serengeti : SER_S11/M07/M07_R2/SER_S11_M07_R2_IMAG0704,Snapshot Serengeti : SER_S11#M07#2#245,Snapshot Serengeti : M07,3,african bush elephant,10-24-2015 11:49:53,9,train
https://storage.googleapis.com/public-datasets-lila/snapshot-safari-2024-expansion/APN/APN_S3/N3/N3_R8/APN_S3_N3_R8_IMAG0153.JPG,Snapshot Safari 2024 Expansion : APN/APN_S3/N3/N3_R8/APN_S3_N3_R8_IMAG0153.JPG,Snapshot Safari 2024 Expansion : APN_S3#N3#8#62,Snapshot Safari 2024 Expansion : APN_S3_N3,1,african bush elephant,,9,train
https://storage.googleapis.com/public-datasets-lila/snapshotserengeti-unzipped/S10/D11/D11_R1/S10_D11_R1_IMAG0039.JPG,Snapshot Serengeti : S10/D11/D11_R1/S10_D11_R1_IMAG0039,Snapshot Serengeti : SER_S10#D11#1#15,Snapshot Serengeti : D11,3,african bush elephant,01-20-2015 18:20:51,9,train
https://storage.googleapis.com/public-datasets-lila/snapshotserengeti-unzipped/S1/D07/D07_R2/S1_D07_R2_PICT0026.JPG,Snapshot Serengeti : S1/D07/D07_R2/S1_D07_R2_PICT0026,Snapshot Serengeti : SER_S1#D07#2#10,Snapshot Serengeti : D07,1,african bush elephant,08-09-2010 00:34:32,9,train
https://storage.googleapis.com/public-datasets-lila/wcs-unzipped/animals/0229/0654.jpg,WCS Camera Traps : 1a626404-92d5-11e9-bfa2-000d3a74c7de,WCS Camera Traps : ken-010-d0003-6,WCS Camera Traps : 1324,4,african bush elephant,07-26-2011 12:22:47,9,train
https://storage.googleapis.com/public-datasets-lila/snapshot-safari-2024-expansion/KRU/KRU_S3/18/18_R5/KRU_S3_18_R5_IMAG0025.JPG,Snapshot Safari 2024 Expansion : KRU/KRU_S3/18/18_R5/KRU_S3_18_R5_IMAG0025.JPG,Snapshot Safari 2024 Expansion : KRU_S3#18#5#9,Snapshot Safari 2024 Expansion : KRU_S3_18,0,african bush elephant,,9,train
https://storage.googleapis.com/public-datasets-lila/snapshot-safari-2024-expansion/APN/APN_S3/U63c/U63c_R11/APN_S3_U63c_R11_IMAG0084.JPG,Snapshot Safari 2024 Expansion : APN/APN_S3/U63c/U63c_R11/APN_S3_U63c_R11_IMAG0084.JPG,Snapshot Safari 2024 Expansion : APN_S3#U63c#11#30,Snapshot Safari 2024 Expansion : APN_S3_U63C,0,african bush elephant,,9,train
https://storage.googleapis.com/public-datasets-lila/snapshotserengeti-unzipped/S4/L01/L01_R1/S4_L01_R1_IMAG0030.JPG,Snapshot Serengeti : S4/L01/L01_R1/S4_L01_R1_IMAG0030,Snapshot Serengeti : SER_S4#L01#1#11,Snapshot Serengeti : L01,2,african bush elephant,02-27-2012 10:56:02,9,train
https://storage.googleapis.com/public-datasets-lila/snapshotserengeti-unzipped/S5/G12/G12_R3/S5_G12_R3_IMAG2076.JPG,Snapshot Serengeti : S5/G12/G12_R3/S5_G12_R3_IMAG2076,Snapshot Serengeti : SER_S5#G12#3#1030,Snapshot Serengeti : G12,3,african bush elephant,10-25-2012 14:48:03,9,train
https://storage.googleapis.com/public-datasets-lila/snapshotserengeti-unzipped/SER_S11/B13/B13_R1/SER_S11_B13_R1_IMAG5658.JPG,Snapshot Serengeti : SER_S11/B13/B13_R1/SER_S11_B13_R1_IMAG5658,Snapshot Serengeti : SER_S11#B13#1#2047,Snapshot Serengeti : B13,1,african bush elephant,08-24-2015 16:56:54,9,train
https://storage.googleapis.com/public-datasets-lila/snapshot-safari-2024-expansion/Snapshot Cameo/EFA/EFA_S1/EFA07/EFA07_R1/EFA_S1_EFA07_R1_IMAG4701.JPG,Snapshot Safari 2024 Expansion : Snapshot Cameo/EFA/EFA_S1/EFA07/EFA07_R1/EFA_S1_EFA07_R1_IMAG4701.JPG,Snapshot Safari 2024 Expansion : EFA_S1#EFA07#1#1072,Snapshot Safari 2024 Expansion : EFA_S1_EFA07,2,african bush elephant,,9,train
https://storage.googleapis.com/public-datasets-lila/snapshotserengeti-unzipped/S7/C03/C03_R2/S7_C03_R2_IMAG0052.JPG,Snapshot Serengeti : S7/C03/C03_R2/S7_C03_R2_IMAG0052,Snapshot Serengeti : SER_S7#C03#2#25,Snapshot Serengeti : C03,1,african bush elephant,06-06-2013 09:40:50,9,train
https://storage.googleapis.com/public-datasets-lila/snapshotserengeti-unzipped/S7/P13/P13_R1/S7_P13_R1_IMAG0174.JPG,Snapshot Serengeti : S7/P13/P13_R1/S7_P13_R1_IMAG0174,Snapshot Serengeti : SER_S7#P13#1#62,Snapshot Serengeti : P13,3,african bush elephant,05-02-2013 12:23:08,9,train
https://storage.googleapis.com/public-datasets-lila/snapshot-safari-2024-expansion/MAD/MAD_S2/MAD06/MAD06_R5/MAD_S2_MAD06_R5_IMAG2319.JPG,Snapshot Safari 2024 Expansion : MAD/MAD_S2/MAD06/MAD06_R5/MAD_S2_MAD06_R5_IMAG2319.JPG,Snapshot Safari 2024 Expansion : MAD_S2#MAD06#5#773,Snapshot Safari 2024 Expansion : MAD_S2_MAD06,2,african bush elephant,,9,val
https://storage.googleapis.com/public-datasets-lila/snapshot-safari-2024-expansion/Snapshot Cameo/EFA/EFA_S1/EFA06/EFA06_R22/EFA_S1_EFA06_R22_IMAG0117.JPG,Snapshot Safari 2024 Expansion : Snapshot Cameo/EFA/EFA_S1/EFA06/EFA06_R22/EFA_S1_EFA06_R22_IMAG0117.JPG,Snapshot Safari 2024 Expansion : EFA_S1#EFA06#22#94,Snapshot Safari 2024 Expansion : EFA_S1_EFA06,0,african bush elephant,,9,train
https://storage.googleapis.com/public-datasets-lila/snapshot-safari-2024-expansion/Snapshot Cameo/EFA/EFA_S1/EFA07/EFA07_R31/EFA_S1_EFA07_R31_IMAG0105.JPG,Snapshot Safari 2024 Expansion : Snapshot Cameo/EFA/EFA_S1/EFA07/EFA07_R31/EFA_S1_EFA07_R31_IMAG0105.JPG,Snapshot Safari 2024 Expansion : EFA_S1#EFA07#31#26,Snapshot Safari 2024 Expansion : EFA_S1_EFA07,2,african bush elephant,,9,train
https://storage.googleapis.com/public-datasets-lila/snapshot-safari-2024-expansion/MAD/MAD_S1/MAD03/MAD03_R3/MAD_S1_MAD03_R3_IMAG4243.JPG,Snapshot Safari 2024 Expansion : MAD/MAD_S1/MAD03/MAD03_R3/MAD_S1_MAD03_R3_IMAG4243.JPG,Snapshot Safari 2024 Expansion : MAD_S1#MAD03#3#1414,Snapshot Safari 2024 Expansion : MAD_S1_MAD03,0,african bush elephant,,9,train
https://storage.googleapis.com/public-datasets-lila/snapshotserengeti-unzipped/S6/I12/I12_R2/S6_I12_R2_IMAG0263.JPG,Snapshot Serengeti : S6/I12/I12_R2/S6_I12_R2_IMAG0263,Snapshot Serengeti : SER_S6#I12#2#103,Snapshot Serengeti : I12,3,african bush elephant,02-11-2013 16:27:11,9,train
https://storage.googleapis.com/public-datasets-lila/snapshotserengeti-unzipped/S8/G12/G12_R1/S8_G12_R1_IMAG0561.JPG,Snapshot Serengeti : S8/G12/G12_R1/S8_G12_R1_IMAG0561,Snapshot Serengeti : SER_S8#G12#1#198,Snapshot Serengeti : G12,2,african bush elephant,05-02-2014 15:29:23,9,train
https://storage.googleapis.com/public-datasets-lila/snapshot-safari-2024-expansion/Snapshot Cameo/EFA/EFA_S1/EFA08/EFA08_R20/EFA_S1_EFA08_R20_IMAG0368.JPG,Snapshot Safari 2024 Expansion : Snapshot Cameo/EFA/EFA_S1/EFA08/EFA08_R20/EFA_S1_EFA08_R20_IMAG0368.JPG,Snapshot Safari 2024 Expansion : EFA_S1#EFA08#20#65,Snapshot Safari 2024 Expansion : EFA_S1_EFA08,1,african bush elephant,,9,test
https://storage.googleapis.com/public-datasets-lila/snapshot-safari-2024-expansion/KRU/KRU_S2/18/18_R3/KRU_S2_18_R3_IMAG0029.JPG,Snapshot Safari 2024 Expansion : KRU/KRU_S2/18/18_R3/KRU_S2_18_R3_IMAG0029.JPG,Snapshot Safari 2024 Expansion : KRU_S2#18#3#10,Snapshot Safari 2024 Expansion : KRU_S2_18,2,african bush elephant,,9,train
https://storage.googleapis.com/public-datasets-lila/snapshotserengeti-unzipped/S9/M10/M10_R1/S9_M10_R1_IMAG0088.JPG,Snapshot Serengeti : S9/M10/M10_R1/S9_M10_R1_IMAG0088,Snapshot Serengeti : SER_S9#M10#1#41,Snapshot Serengeti : M10,1,african bush elephant,08-07-2014 12:16:15,9,train
https://storage.googleapis.com/public-datasets-lila/snapshot-safari-2024-expansion/Snapshot Cameo/DEB/DEB_S1/H4/H4_R69/DEB_S1_H4_R69_IMAG0117.JPG,Snapshot Safari 2024 Expansion : Snapshot Cameo/DEB/DEB_S1/H4/H4_R69/DEB_S1_H4_R69_IMAG0117.JPG,Snapshot Safari 2024 Expansion : DEB_S1#H4#69#115,Snapshot Safari 2024 Expansion : DEB_S1_H4,0,african bush elephant,,9,val
https://storage.googleapis.com/public-datasets-lila/snapshotserengeti-unzipped/S7/T08/T08_R3/S7_T08_R3_IMAG0084.JPG,Snapshot Serengeti : S7/T08/T08_R3/S7_T08_R3_IMAG0084,Snapshot Serengeti : SER_S7#T08#3#28,Snapshot Serengeti : T08,3,african bush elephant,10-11-2013 12:06:23,9,train
https://storage.googleapis.com/public-datasets-lila/snapshotserengeti-unzipped/S3/I08/I08_R11/S3_I08_R11_IMAG0026.JPG,Snapshot Serengeti : S3/I08/I08_R11/S3_I08_R11_IMAG0026,Snapshot Serengeti : SER_S3#I08#11#12,Snapshot Serengeti : I08,3,african bush elephant,09-22-2011 18:02:11,9,train
https://storage.googleapis.com/public-datasets-lila/snapshot-safari-2024-expansion/Snapshot Cameo/EFA/EFA_S1/EFA08/EFA08_R14/EFA_S1_EFA08_R14_IMAG1215.JPG,Snapshot Safari 2024 Expansion : Snapshot Cameo/EFA/EFA_S1/EFA08/EFA08_R14/EFA_S1_EFA08_R14_IMAG1215.JPG,Snapshot Safari 2024 Expansion : EFA_S1#EFA08#14#208,Snapshot Safari 2024 Expansion : EFA_S1_EFA08,2,african bush elephant,,9,test
https://storage.googleapis.com/public-datasets-lila/snapshot-safari-2024-expansion/MAD/MAD_S3/MAD01/MAD01_R11/MAD_S3_MAD01_R11_IMAG0477.JPG,Snapshot Safari 2024 Expansion : MAD/MAD_S3/MAD01/MAD01_R11/MAD_S3_MAD01_R11_IMAG0477.JPG,Snapshot Safari 2024 Expansion : MAD_S3#MAD01#11#159,Snapshot Safari 2024 Expansion : MAD_S3_MAD01,2,african bush elephant,,9,train
https://storage.googleapis.com/public-datasets-lila/wcs-unzipped/animals/0288/1961.jpg,WCS Camera Traps : 30ad5166-92d5-11e9-93d6-000d3a74c7de,WCS Camera Traps : ken-006-d0054-33,WCS Camera Traps : 1455,1,african bush elephant,02-20-2011 02:21:32,9,train
https://storage.googleapis.com/public-datasets-lila/snapshotserengeti-unzipped/S5/L01/L01_R2/S5_L01_R2_IMAG0348.JPG,Snapshot Serengeti : S5/L01/L01_R2/S5_L01_R2_IMAG0348,Snapshot Serengeti : SER_S5#L01#2#150,Snapshot Serengeti : L01,1,african bush elephant,09-22-2012 16:25:34,9,train
https://storage.googleapis.com/public-datasets-lila/snapshotserengeti-unzipped/S6/D11/D11_R1/S6_D11_R1_IMAG0209.JPG,Snapshot Serengeti : S6/D11/D11_R1/S6_D11_R1_IMAG0209,Snapshot Serengeti : SER_S6#D11#1#72,Snapshot Serengeti : D11,2,african bush elephant,01-19-2013 08:10:19,9,train
https://storage.googleapis.com/public-datasets-lila/snapshot-safari-2024-expansion/MAD/MAD_S2/MAD03/MAD03_R6/MAD_S2_MAD03_R6_IMAG1703.JPG,Snapshot Safari 2024 Expansion : MAD/MAD_S2/MAD03/MAD03_R6/MAD_S2_MAD03_R6_IMAG1703.JPG,Snapshot Safari 2024 Expansion : MAD_S2#MAD03#6#568,Snapshot Safari 2024 Expansion : MAD_S2_MAD03,1,african bush elephant,,9,train
https://storage.googleapis.com/public-datasets-lila/snapshot-safari-2024-expansion/Snapshot Cameo/EFA/EFA_S1/EFA07/EFA07_R1/EFA_S1_EFA07_R1_IMAG4302.JPG,Snapshot Safari 2024 Expansion : Snapshot Cameo/EFA/EFA_S1/EFA07/EFA07_R1/EFA_S1_EFA07_R1_IMAG4302.JPG,Snapshot Safari 2024 Expansion : EFA_S1#EFA07#1#971,Snapshot Safari 2024 Expansion : EFA_S1_EFA07,1,african bush elephant,,9,train
https://storage.googleapis.com/public-datasets-lila/snapshotserengeti-unzipped/S9/O11/O11_R2/S9_O11_R2_IMAG0124.JPG,Snapshot Serengeti : S9/O11/O11_R2/S9_O11_R2_IMAG0124,Snapshot Serengeti : SER_S9#O11#2#46,Snapshot Serengeti : O11,3,african bush elephant,07-29-2014 15:19:56,9,train
https://storage.googleapis.com/public-datasets-lila/snapshot-safari-2024-expansion/MAD/MAD_S1/I08/I08_R2/MAD_S1_I08_R2_IMAG0029.JPG,Snapshot Safari 2024 Expansion : MAD/MAD_S1/I08/I08_R2/MAD_S1_I08_R2_IMAG0029.JPG,Snapshot Safari 2024 Expansion : MAD_S1#I08#2#13,Snapshot Safari 2024 Expansion : MAD_S1_I08,0,african bush elephant,,9,train
https://storage.googleapis.com/public-datasets-lila/snapshot-safari-2024-expansion/Snapshot Cameo/EFA/EFA_S1/EFA08/EFA08_R25/EFA_S1_EFA08_R25_IMAG3187.JPG,Snapshot Safari 2024 Expansion : Snapshot Cameo/EFA/EFA_S1/EFA08/EFA08_R25/EFA_S1_EFA08_R25_IMAG3187.JPG,Snapshot Safari 2024 Expansion : EFA_S1#EFA08#25#464,Snapshot Safari 2024 Expansion : EFA_S1_EFA08,0,african bush elephant,,9,test
https://storage.googleapis.com/public-datasets-lila/snapshot-safari-2024-expansion/APN/APN_S3/U23a/U23a_R10/APN_S3_U23a_R10_IMAG0209.JPG,Snapshot Safari 2024 Expansion : APN/APN_S3/U23a/U23a_R10/APN_S3_U23a_R10_IMAG0209.JPG,Snapshot Safari 2024 Expansion : APN_S3#U23a#10#114,Snapshot Safari 2024 Expansion : APN_S3_U23A,1,african bush elephant,,9,train
https://storage.googleapis.com/public-datasets-lila/snapshotserengeti-unzipped/S10/O05/O05_R1/S10_O05_R1_IMAG0082.JPG,Snapshot Serengeti : S10/O05/O05_R1/S10_O05_R1_IMAG0082,Snapshot Serengeti : SER_S10#O05#1#33,Snapshot Serengeti : O05,1,african bush elephant,12-10-2014 23:08:44,9,test
https://storage.googleapis.com/public-datasets-lila/snapshot-safari-2024-expansion/APN/APN_S3/DW/DW_R11/APN_S3_DW_R11_IMAG0752.JPG,Snapshot Safari 2024 Expansion : APN/APN_S3/DW/DW_R11/APN_S3_DW_R11_IMAG0752.JPG,Snapshot Safari 2024 Expansion : APN_S3#DW#11#263,Snapshot Safari 2024 Expansion : APN_S3_DW,1,african bush elephant,,9,train
https://storage.googleapis.com/public-datasets-lila/snapshotserengeti-unzipped/S8/F01/F01_R3/S8_F01_R3_IMAG0137.JPG,Snapshot Serengeti : S8/F01/F01_R3/S8_F01_R3_IMAG0137,Snapshot Serengeti : SER_S8#F01#3#56,Snapshot Serengeti : F01,3,african bush elephant,03-27-2014 16:16:43,9,test
https://storage.googleapis.com/public-datasets-lila/snapshotserengeti-unzipped/S6/E13/E13_R1/S6_E13_R1_IMAG0211.JPG,Snapshot Serengeti : S6/E13/E13_R1/S6_E13_R1_IMAG0211,Snapshot Serengeti : SER_S6#E13#1#92,Snapshot Serengeti : E13,2,african bush elephant,02-08-2013 15:47:50,9,train
https://storage.googleapis.com/public-datasets-lila/snapshotserengeti-unzipped/S2/O12/O12_R1/S2_O12_R1_PICT1979.JPG,Snapshot Serengeti : S2/O12/O12_R1/S2_O12_R1_PICT1979,Snapshot Serengeti : SER_S2#O12#1#661,Snapshot Serengeti : O12,1,african bush elephant,02-20-2011 16:35:24,9,train
https://storage.googleapis.com/public-datasets-lila/snapshotserengeti-unzipped/S6/G07/G07_R1/S6_G07_R1_IMAG0141.JPG,Snapshot Serengeti : S6/G07/G07_R1/S6_G07_R1_IMAG0141,Snapshot Serengeti : SER_S6#G07#1#55,Snapshot Serengeti : G07,1,african bush elephant,01-03-2013 13:29:33,9,train
https://storage.googleapis.com/public-datasets-lila/snapshot-safari-2024-expansion/MAD/MAD_S3/MAD01/MAD01_R08/MAD_S3_MAD01_R08_IMAG1594.JPG,Snapshot Safari 2024 Expansion : MAD/MAD_S3/MAD01/MAD01_R08/MAD_S3_MAD01_R08_IMAG1594.JPG,Snapshot Safari 2024 Expansion : MAD_S3#MAD01#08#532,Snapshot Safari 2024 Expansion : MAD_S3_MAD01,0,african bush elephant,,9,train
https://storage.googleapis.com/public-datasets-lila/wcs-unzipped/animals/0207/0738.jpg,WCS Camera Traps : 1251601f-92d5-11e9-adfa-000d3a74c7de,WCS Camera Traps : ken-007-d0064-529,WCS Camera Traps : 1285,1,african bush elephant,02-19-2012 16:26:12,9,train
https://storage.googleapis.com/public-datasets-lila/snapshot-safari-2024-expansion/Snapshot Cameo/EFA/EFA_S1/EFA07/EFA07_R40/EFA_S1_EFA07_R40_IMAG1024.JPG,Snapshot Safari 2024 Expansion : Snapshot Cameo/EFA/EFA_S1/EFA07/EFA07_R40/EFA_S1_EFA07_R40_IMAG1024.JPG,Snapshot Safari 2024 Expansion : EFA_S1#EFA07#40#163,Snapshot Safari 2024 Expansion : EFA_S1_EFA07,0,african bush elephant,,9,train
https://storage.googleapis.com/public-datasets-lila/snapshot-safari-2024-expansion/APN/APN_S3/RM4/RM4_R6/APN_S3_RM4_R6_IMAG0118.JPG,Snapshot Safari 2024 Expansion : APN/APN_S3/RM4/RM4_R6/APN_S3_RM4_R6_IMAG0118.JPG,Snapshot Safari 2024 Expansion : APN_S3#RM4#6#87,Snapshot Safari 2024 Expansion : APN_S3_RM4,1,african bush elephant,,9,train
https://storage.googleapis.com/public-datasets-lila/snapshot-safari-2024-expansion/APN/APN_S2/K062/K062_R7/APN_S2_K062_R7_IMAG0073.JPG,Snapshot Safari 2024 Expansion : APN/APN_S2/K062/K062_R7/APN_S2_K062_R7_IMAG0073.JPG,Snapshot Safari 2024 Expansion : APN_S2#K062#7#28,Snapshot Safari 2024 Expansion : APN_S2_K062,0,african bush elephant,,9,train
https://storage.googleapis.com/public-datasets-lila/snapshot-safari-2024-expansion/MAD/MAD_S3/MAD03/MAD03_R08/MAD_S3_MAD03_R08_IMAG5452.JPG,Snapshot Safari 2024 Expansion : MAD/MAD_S3/MAD03/MAD03_R08/MAD_S3_MAD03_R08_IMAG5452.JPG,Snapshot Safari 2024 Expansion : MAD_S3#MAD03#08#1818,Snapshot Safari 2024 Expansion : MAD_S3_MAD03,0,african bush elephant,,9,train
https://storage.googleapis.com/public-datasets-lila/wcs-unzipped/animals/0205/0510.jpg,WCS Camera Traps : 118de9e2-92d5-11e9-8e6c-000d3a74c7de,WCS Camera Traps : ken-007-d0058-27,WCS Camera Traps : 1279,1,african bush elephant,02-23-2012 02:47:20,9,train
https://storage.googleapis.com/public-datasets-lila/snapshotserengeti-unzipped/S7/F08/F08_R1/S7_F08_R1_IMAG0031.JPG,Snapshot Serengeti : S7/F08/F08_R1/S7_F08_R1_IMAG0031,Snapshot Serengeti : SER_S7#F08#1#11,Snapshot Serengeti : F08,3,african bush elephant,04-28-2013 11:32:17,9,val
https://storage.googleapis.com/public-datasets-lila/snapshotserengeti-unzipped/S8/C13/C13_R1/S8_C13_R1_IMAG0283.JPG,Snapshot Serengeti : S8/C13/C13_R1/S8_C13_R1_IMAG0283,Snapshot Serengeti : SER_S8#C13#1#101,Snapshot Serengeti : C13,1,african bush elephant,11-18-2013 13:09:23,9,val
https://storage.googleapis.com/public-datasets-lila/snapshot-safari-2024-expansion/Snapshot Cameo/EFA/EFA_S1/EFA07/EFA07_R13/EFA_S1_EFA07_R13_IMAG0768.JPG,Snapshot Safari 2024 Expansion : Snapshot Cameo/EFA/EFA_S1/EFA07/EFA07_R13/EFA_S1_EFA07_R13_IMAG0768.JPG,Snapshot Safari 2024 Expansion : EFA_S1#EFA07#13#214,Snapshot Safari 2024 Expansion : EFA_S1_EFA07,2,african bush elephant,,9,train
https://storage.googleapis.com/public-datasets-lila/snapshot-safari-2024-expansion/SER/SER_S13/C03/C03_R1/SER_S13_C03_R1_IMAG0014.JPG,Snapshot Safari 2024 Expansion : SER/SER_S13/C03/C03_R1/SER_S13_C03_R1_IMAG0014.JPG,Snapshot Safari 2024 Expansion : SER_S13#C03#1#8,Snapshot Safari 2024 Expansion : SER_S13_C03,1,african bush elephant,,9,train
https://storage.googleapis.com/public-datasets-lila/snapshot-safari-2024-expansion/MAD/MAD_S3/MAD06/MAD06_R08/MAD_S3_MAD06_R08_IMAG0575.JPG,Snapshot Safari 2024 Expansion : MAD/MAD_S3/MAD06/MAD06_R08/MAD_S3_MAD06_R08_IMAG0575.JPG,Snapshot Safari 2024 Expansion : MAD_S3#MAD06#08#192,Snapshot Safari 2024 Expansion : MAD_S3_MAD06,1,african bush elephant,,9,train
https://storage.googleapis.com/public-datasets-lila/snapshot-safari-2024-expansion/MAD/MAD_S3/MAD01/MAD01_R08/MAD_S3_MAD01_R08_IMAG1060.JPG,Snapshot Safari 2024 Expansion : MAD/MAD_S3/MAD01/MAD01_R08/MAD_S3_MAD01_R08_IMAG1060.JPG,Snapshot Safari 2024 Expansion : MAD_S3#MAD01#08#354,Snapshot Safari 2024 Expansion : MAD_S3_MAD01,0,african bush elephant,,9,train
https://storage.googleapis.com/public-datasets-lila/snapshotserengeti-unzipped/S8/D03/D03_R1/S8_D03_R1_IMAG0957.JPG,Snapshot Serengeti : S8/D03/D03_R1/S8_D03_R1_IMAG0957,Snapshot Serengeti : SER_S8#D03#1#331,Snapshot Serengeti : D03,1,african bush elephant,10-29-2013 18:12:14,9,train
https://storage.googleapis.com/public-datasets-lila/snapshot-safari-2024-expansion/MAD/MAD_S3/MAD01/MAD01_R11/MAD_S3_MAD01_R11_IMAG0435.JPG,Snapshot Safari 2024 Expansion : MAD/MAD_S3/MAD01/MAD01_R11/MAD_S3_MAD01_R11_IMAG0435.JPG,Snapshot Safari 2024 Expansion : MAD_S3#MAD01#11#145,Snapshot Safari 2024 Expansion : MAD_S3_MAD01,2,african bush elephant,,9,train
https://storage.googleapis.com/public-datasets-lila/snapshot-safari-2024-expansion/MAD/MAD_S3/MAD05/MAD05_R08/MAD_S3_MAD05_R08_IMAG0376.JPG,Snapshot Safari 2024 Expansion : MAD/MAD_S3/MAD05/MAD05_R08/MAD_S3_MAD05_R08_IMAG0376.JPG,Snapshot Safari 2024 Expansion : MAD_S3#MAD05#08#126,Snapshot Safari 2024 Expansion : MAD_S3_MAD05,0,african bush elephant,,9,train
https://storage.googleapis.com/public-datasets-lila/snapshotserengeti-unzipped/S5/D02/D02_R3/S5_D02_R3_IMAG0870.JPG,Snapshot Serengeti : S5/D02/D02_R3/S5_D02_R3_IMAG0870,Snapshot Serengeti : SER_S5#D02#3#318,Snapshot Serengeti : D02,1,african bush elephant,10-26-2012 13:39:06,9,train
https://storage.googleapis.com/public-datasets-lila/snapshot-safari-2024-expansion/Snapshot Cameo/EFA/EFA_S1/EFA08/EFA08_R24/EFA_S1_EFA08_R24_IMAG1219.JPG,Snapshot Safari 2024 Expansion : Snapshot Cameo/EFA/EFA_S1/EFA08/EFA08_R24/EFA_S1_EFA08_R24_IMAG1219.JPG,Snapshot Safari 2024 Expansion : EFA_S1#EFA08#24#183,Snapshot Safari 2024 Expansion : EFA_S1_EFA08,2,african bush elephant,,9,test
https://storage.googleapis.com/public-datasets-lila/snapshot-safari-2024-expansion/KRU/KRU_S2/48/48_R2/KRU_S2_48_R2_IMAG0199.JPG,Snapshot Safari 2024 Expansion : KRU/KRU_S2/48/48_R2/KRU_S2_48_R2_IMAG0199.JPG,Snapshot Safari 2024 Expansion : KRU_S2#48#2#78,Snapshot Safari 2024 Expansion : KRU_S2_48,2,african bush elephant,,9,train
https://storage.googleapis.com/public-datasets-lila/snapshot-safari-2024-expansion/RUA/RUA_S1/M6/M6_R1/RUA_S1_M6_R1_IMAG0233.JPG,Snapshot Safari 2024 Expansion : RUA/RUA_S1/M6/M6_R1/RUA_S1_M6_R1_IMAG0233.JPG,Snapshot Safari 2024 Expansion : RUA_S1#M6#1#233,Snapshot Safari 2024 Expansion : RUA_S1_M6,0,african bush elephant,,9,train
https://storage.googleapis.com/public-datasets-lila/snapshot-safari-2024-expansion/MAD/MAD_S2/MAD03/MAD03_R5/MAD_S2_MAD03_R5_IMAG0134.JPG,Snapshot Safari 2024 Expansion : MAD/MAD_S2/MAD03/MAD03_R5/MAD_S2_MAD03_R5_IMAG0134.JPG,Snapshot Safari 2024 Expansion : MAD_S2#MAD03#5#45,Snapshot Safari 2024 Expansion : MAD_S2_MAD03,1,african bush elephant,,9,train
https://storage.googleapis.com/public-datasets-lila/snapshotserengeti-unzipped/SER_S11/G07/G07_R1/SER_S11_G07_R1_IMAG0075.JPG,Snapshot Serengeti : SER_S11/G07/G07_R1/SER_S11_G07_R1_IMAG0075,Snapshot Serengeti : SER_S11#G07#1#26,Snapshot Serengeti : G07,3,african bush elephant,08-27-2015 15:20:16,9,train
https://storage.googleapis.com/public-datasets-lila/snapshotserengeti-unzipped/S5/B09/B09_R2/S5_B09_R2_IMAG0159.JPG,Snapshot Serengeti : S5/B09/B09_R2/S5_B09_R2_IMAG0159,Snapshot Serengeti : SER_S5#B09#2#57,Snapshot Serengeti : B09,3,african bush elephant,09-16-2012 07:50:49,9,train
https://storage.googleapis.com/public-datasets-lila/snapshot-safari-2024-expansion/MAD/MAD_S2/MAD05/MAD05_R5/MAD_S2_MAD05_R5_IMAG1345.JPG,Snapshot Safari 2024 Expansion : MAD/MAD_S2/MAD05/MAD05_R5/MAD_S2_MAD05_R5_IMAG1345.JPG,Snapshot Safari 2024 Expansion : MAD_S2#MAD05#5#449,Snapshot Safari 2024 Expansion : MAD_S2_MAD05,0,african bush elephant,,9,val
https://storage.googleapis.com/public-datasets-lila/snapshot-safari-2024-expansion/MAD/MAD_S2/MAD01/MAD01_R6/MAD_S2_MAD01_R6_IMAG0649.JPG,Snapshot Safari 2024 Expansion : MAD/MAD_S2/MAD01/MAD01_R6/MAD_S2_MAD01_R6_IMAG0649.JPG,Snapshot Safari 2024 Expansion : MAD_S2#MAD01#6#217,Snapshot Safari 2024 Expansion : MAD_S2_MAD01,0,african bush elephant,,9,train
https://storage.googleapis.com/public-datasets-lila/snapshot-safari-2024-expansion/Snapshot Cameo/EFA/EFA_S1/EFA07/EFA07_R2/EFA_S1_EFA07_R2_IMAG3363.JPG,Snapshot Safari 2024 Expansion : Snapshot Cameo/EFA/EFA_S1/EFA07/EFA07_R2/EFA_S1_EFA07_R2_IMAG3363.JPG,Snapshot Safari 2024 Expansion : EFA_S1#EFA07#2#812,Snapshot Safari 2024 Expansion : EFA_S1_EFA07,1,african bush elephant,,9,train
https://storage.googleapis.com/public-datasets-lila/snapshot-safari-2024-expansion/ENO/ENO_S3/D05/D05_R3/ENO_S3_D05_R3_IMAG0080.JPG,Snapshot Safari 2024 Expansion : ENO/ENO_S3/D05/D05_R3/ENO_S3_D05_R3_IMAG0080.JPG,Snapshot Safari 2024 Expansion : ENO_S3#D05#3#30,Snapshot Safari 2024 Expansion : ENO_S3_D05,0,african bush elephant,,9,train
https://storage.googleapis.com/public-datasets-lila/snapshotserengeti-unzipped/S1/K10/K10_R1/S1_K10_R1_PICT0411.JPG,Snapshot Serengeti : S1/K10/K10_R1/S1_K10_R1_PICT0411,Snapshot Serengeti : SER_S1#K10#1#138,Snapshot Serengeti : K10,2,african bush elephant,10-09-2010 14:13:20,9,train
https://storage.googleapis.com/public-datasets-lila/snapshot-safari-2024-expansion/MAD/MAD_S2/MAD05/MAD05_R5/MAD_S2_MAD05_R5_IMAG1051.JPG,Snapshot Safari 2024 Expansion : MAD/MAD_S2/MAD05/MAD05_R5/MAD_S2_MAD05_R5_IMAG1051.JPG,Snapshot Safari 2024 Expansion : MAD_S2#MAD05#5#351,Snapshot Safari 2024 Expansion : MAD_S2_MAD05,0,african bush elephant,,9,val
https://storage.googleapis.com/public-datasets-lila/snapshot-safari-2024-expansion/Snapshot Cameo/EFA/EFA_S1/EFA08/EFA08_R25/EFA_S1_EFA08_R25_IMAG6434.JPG,Snapshot Safari 2024 Expansion : Snapshot Cameo/EFA/EFA_S1/EFA08/EFA08_R25/EFA_S1_EFA08_R25_IMAG6434.JPG,Snapshot Safari 2024 Expansion : EFA_S1#EFA08#25#966,Snapshot Safari 2024 Expansion : EFA_S1_EFA08,1,african bush elephant,,9,test
https://storage.googleapis.com/public-datasets-lila/snapshot-safari-2024-expansion/MAD/MAD_S3/MAD03/MAD03_R09/MAD_S3_MAD03_R09_IMAG2940.JPG,Snapshot Safari 2024 Expansion : MAD/MAD_S3/MAD03/MAD03_R09/MAD_S3_MAD03_R09_IMAG2940.JPG,Snapshot Safari 2024 Expansion : MAD_S3#MAD03#09#981,Snapshot Safari 2024 Expansion : MAD_S3_MAD03,1,african bush elephant,,9,train
https://storage.googleapis.com/public-datasets-lila/snapshot-safari-2024-expansion/PLN/PLN_S3a/E04/E04_R8/PLN_S3a_E04_R8_IMAG0186.JPG,Snapshot Safari 2024 Expansion : PLN/PLN_S3a/E04/E04_R8/PLN_S3a_E04_R8_IMAG0186.JPG,Snapshot Safari 2024 Expansion : PLN_S3a#E04#8#62,Snapshot Safari 2024 Expansion : PLN_S3A_E04,2,african bush elephant,,9,train
https://storage.googleapis.com/public-datasets-lila/snapshot-safari-2024-expansion/Snapshot Cameo/EFA/EFA_S1/EFA07/EFA07_R15/EFA_S1_EFA07_R15_IMAG0406.JPG,Snapshot Safari 2024 Expansion : Snapshot Cameo/EFA/EFA_S1/EFA07/EFA07_R15/EFA_S1_EFA07_R15_IMAG0406.JPG,Snapshot Safari 2024 Expansion : EFA_S1#EFA07#15#91,Snapshot Safari 2024 Expansion : EFA_S1_EFA07,0,african bush elephant,,9,train
https://storage.googleapis.com/public-datasets-lila/snapshot-safari-2024-expansion/APN/APN_S4/DW/DW_R13/APN_S4_DW_R13_IMAG0044.JPG,Snapshot Safari 2024 Expansion : APN/APN_S4/DW/DW_R13/APN_S4_DW_R13_IMAG0044.JPG,Snapshot Safari 2024 Expansion : APN_S4#DW#13#18,Snapshot Safari 2024 Expansion : APN_S4_DW,2,african bush elephant,,9,test
https://storage.googleapis.com/public-datasets-lila/snapshot-safari-2024-expansion/MAD/MAD_S1/MAD03/MAD03_R4/MAD_S1_MAD03_R4_IMAG2018.JPG,Snapshot Safari 2024 Expansion : MAD/MAD_S1/MAD03/MAD03_R4/MAD_S1_MAD03_R4_IMAG2018.JPG,Snapshot Safari 2024 Expansion : MAD_S1#MAD03#4#674,Snapshot Safari 2024 Expansion : MAD_S1_MAD03,0,african bush elephant,,9,train
https://storage.googleapis.com/public-datasets-lila/snapshotserengeti-unzipped/S7/P13/P13_R3/S7_P13_R3_IMAG0125.JPG,Snapshot Serengeti : S7/P13/P13_R3/S7_P13_R3_IMAG0125,Snapshot Serengeti : SER_S7#P13#3#56,Snapshot Serengeti : P13,2,african bush elephant,09-30-2013 12:24:18,9,train
https://storage.googleapis.com/public-datasets-lila/snapshotserengeti-unzipped/S7/C12/C12_R2/S7_C12_R2_IMAG0246.JPG,Snapshot Serengeti : S7/C12/C12_R2/S7_C12_R2_IMAG0246,Snapshot Serengeti : SER_S7#C12#2#95,Snapshot Serengeti : C12,2,african bush elephant,08-17-2013 17:17:05,9,train
https://storage.googleapis.com/public-datasets-lila/snapshot-safari-2024-expansion/MAD/MAD_S3/MAD01/MAD01_R08/MAD_S3_MAD01_R08_IMAG0643.JPG,Snapshot Safari 2024 Expansion : MAD/MAD_S3/MAD01/MAD01_R08/MAD_S3_MAD01_R08_IMAG0643.JPG,Snapshot Safari 2024 Expansion : MAD_S3#MAD01#08#215,Snapshot Safari 2024 Expansion : MAD_S3_MAD01,0,african bush elephant,,9,train
https://storage.googleapis.com/public-datasets-lila/snapshot-safari-2024-expansion/MAD/MAD_S2/MAD03/MAD03_R5/MAD_S2_MAD03_R5_IMAG3036.JPG,Snapshot Safari 2024 Expansion : MAD/MAD_S2/MAD03/MAD03_R5/MAD_S2_MAD03_R5_IMAG3036.JPG,Snapshot Safari 2024 Expansion : MAD_S2#MAD03#5#1012,Snapshot Safari 2024 Expansion : MAD_S2_MAD03,2,african bush elephant,,9,train
https://storage.googleapis.com/public-datasets-lila/snapshot-safari-2024-expansion/Snapshot Cameo/EFA/EFA_S1/EFA04/EFA04_R15/EFA_S1_EFA04_R15_IMAG0043.JPG,Snapshot Safari 2024 Expansion : Snapshot Cameo/EFA/EFA_S1/EFA04/EFA04_R15/EFA_S1_EFA04_R15_IMAG0043.JPG,Snapshot Safari 2024 Expansion : EFA_S1#EFA04#15#19,Snapshot Safari 2024 Expansion : EFA_S1_EFA04,1,african bush elephant,,9,val
https://storage.googleapis.com/public-datasets-lila/snapshot-safari-2024-expansion/Snapshot Cameo/EFA/EFA_S1/EFA08/EFA08_R24/EFA_S1_EFA08_R24_IMAG0062.JPG,Snapshot Safari 2024 Expansion : Snapshot Cameo/EFA/EFA_S1/EFA08/EFA08_R24/EFA_S1_EFA08_R24_IMAG0062.JPG,Snapshot Safari 2024 Expansion : EFA_S1#EFA08#24#9,Snapshot Safari 2024 Expansion : EFA_S1_EFA08,2,african bush elephant,,9,test
https://storage.googleapis.com/public-datasets-lila/snapshotserengeti-unzipped/S6/B09/B09_R2/S6_B09_R2_IMAG0268.JPG,Snapshot Serengeti : S6/B09/B09_R2/S6_B09_R2_IMAG0268,Snapshot Serengeti : SER_S6#B09#2#98,Snapshot Serengeti : B09,2,african bush elephant,02-26-2013 12:30:35,9,train
https://storage.googleapis.com/public-datasets-lila/snapshotserengeti-unzipped/S2/F12/F12_R2/S2_F12_R2_IMAG0196.JPG,Snapshot Serengeti : S2/F12/F12_R2/S2_F12_R2_IMAG0196,Snapshot Serengeti : SER_S2#F12#2#74,Snapshot Serengeti : F12,3,african bush elephant,04-10-2011 17:33:08,9,train
https://storage.googleapis.com/public-datasets-lila/snapshot-safari-2024-expansion/MAD/MAD_S1/MAD03/MAD03_R3/MAD_S1_MAD03_R3_IMAG2286.JPG,Snapshot Safari 2024 Expansion : MAD/MAD_S1/MAD03/MAD03_R3/MAD_S1_MAD03_R3_IMAG2286.JPG,Snapshot Safari 2024 Expansion : MAD_S1#MAD03#3#762,Snapshot Safari 2024 Expansion : MAD_S1_MAD03,2,african bush elephant,,9,train
https://storage.googleapis.com/public-datasets-lila/wcs-unzipped/animals/0341/1718.jpg,WCS Camera Traps : 43d4861c-92d5-11e9-b848-000d3a74c7de,WCS Camera Traps : ken-016-d0035-91,WCS Camera Traps : 1254,3,african bush elephant,02-02-2013 19:22:02,9,train
https://storage.googleapis.com/public-datasets-lila/snapshotserengeti-unzipped/S3/D10/D10_R11/S3_D10_R11_IMAG0016.JPG,Snapshot Serengeti : S3/D10/D10_R11/S3_D10_R11_IMAG0016,Snapshot Serengeti : SER_S3#D10#11#6,Snapshot Serengeti : D10,1,african bush elephant,10-29-2011 19:14:00,9,train
https://storage.googleapis.com/public-datasets-lila/snapshotserengeti-unzipped/S8/I07/I07_R2/S8_I07_R2_IMAG2404.JPG,Snapshot Serengeti : S8/I07/I07_R2/S8_I07_R2_IMAG2404,Snapshot Serengeti : SER_S8#I07#2#824,Snapshot Serengeti : I07,3,african bush elephant,04-01-2014 17:22:09,9,val
https://storage.googleapis.com/public-datasets-lila/snapshot-safari-2024-expansion/Snapshot Cameo/EFA/EFA_S1/EFA07/EFA07_R2/EFA_S1_EFA07_R2_IMAG0743.JPG,Snapshot Safari 2024 Expansion : Snapshot Cameo/EFA/EFA_S1/EFA07/EFA07_R2/EFA_S1_EFA07_R2_IMAG0743.JPG,Snapshot Safari 2024 Expansion : EFA_S1#EFA07#2#149,Snapshot Safari 2024 Expansion : EFA_S1_EFA07,0,african bush elephant,,9,train
https://storage.googleapis.com/public-datasets-lila/snapshot-safari-2024-expansion/Snapshot Cameo/EFA/EFA_S1/EFA08/EFA08_R28/EFA_S1_EFA08_R28_IMAG1080.JPG,Snapshot Safari 2024 Expansion : Snapshot Cameo/EFA/EFA_S1/EFA08/EFA08_R28/EFA_S1_EFA08_R28_IMAG1080.JPG,Snapshot Safari 2024 Expansion : EFA_S1#EFA08#28#155,Snapshot Safari 2024 Expansion : EFA_S1_EFA08,0,african bush elephant,,9,test
https://storage.googleapis.com/public-datasets-lila/snapshot-safari-2024-expansion/Snapshot Cameo/DEB/DEB_S1/F13/F13_R63/DEB_S1_F13_R63_IMAG0274.JPG,Snapshot Safari 2024 Expansion : Snapshot Cameo/DEB/DEB_S1/F13/F13_R63/DEB_S1_F13_R63_IMAG0274.JPG,Snapshot Safari 2024 Expansion : DEB_S1#F13#63#274,Snapshot Safari 2024 Expansion : DEB_S1_F13,0,african bush elephant,,9,train
https://storage.googleapis.com/public-datasets-lila/snapshot-safari-2024-expansion/Snapshot Cameo/EFA/EFA_S1/EFA06/EFA06_R38/EFA_S1_EFA06_R38_IMAG0012.JPG,Snapshot Safari 2024 Expansion : Snapshot Cameo/EFA/EFA_S1/EFA06/EFA06_R38/EFA_S1_EFA06_R38_IMAG0012.JPG,Snapshot Safari 2024 Expansion : EFA_S1#EFA06#38#6,Snapshot Safari 2024 Expansion : EFA_S1_EFA06,0,african bush elephant,,9,train
https://storage.googleapis.com/public-datasets-lila/snapshot-safari-2024-expansion/MAD/MAD_S3/MAD05/MAD05_R09/MAD_S3_MAD05_R09_IMAG0047.JPG,Snapshot Safari 2024 Expansion : MAD/MAD_S3/MAD05/MAD05_R09/MAD_S3_MAD05_R09_IMAG0047.JPG,Snapshot Safari 2024 Expansion : MAD_S3#MAD05#09#16,Snapshot Safari 2024 Expansion : MAD_S3_MAD05,1,african bush elephant,,9,train
https://storage.googleapis.com/public-datasets-lila/snapshot-safari-2024-expansion/KRU/KRU_S3/23/23_R5/KRU_S3_23_R5_IMAG0273.JPG,Snapshot Safari 2024 Expansion : KRU/KRU_S3/23/23_R5/KRU_S3_23_R5_IMAG0273.JPG,Snapshot Safari 2024 Expansion : KRU_S3#23#5#118,Snapshot Safari 2024 Expansion : KRU_S3_23,1,african bush elephant,,9,train
https://storage.googleapis.com/public-datasets-lila/wcs-unzipped/animals/0353/0899.jpg,WCS Camera Traps : 481781de-92d5-11e9-af5a-000d3a74c7de,WCS Camera Traps : ken-016-d0093-433,WCS Camera Traps : 1317,24,african bush elephant,02-21-2013 12:27:44,9,test
https://storage.googleapis.com/public-datasets-lila/snapshot-safari-2024-expansion/APN/APN_S4/DW/DW_R14/APN_S4_DW_R14_IMAG0585.JPG,Snapshot Safari 2024 Expansion : APN/APN_S4/DW/DW_R14/APN_S4_DW_R14_IMAG0585.JPG,Snapshot Safari 2024 Expansion : APN_S4#DW#14#226,Snapshot Safari 2024 Expansion : APN_S4_DW,0,african bush elephant,,9,test
https://storage.googleapis.com/public-datasets-lila/snapshot-safari-2024-expansion/KRU/KRU_S2/24/24_R3/KRU_S2_24_R3_IMAG0044.JPG,Snapshot Safari 2024 Expansion : KRU/KRU_S2/24/24_R3/KRU_S2_24_R3_IMAG0044.JPG,Snapshot Safari 2024 Expansion : KRU_S2#24#3#29,Snapshot Safari 2024 Expansion : KRU_S2_24,1,african bush elephant,,9,train
https://storage.googleapis.com/public-datasets-lila/snapshot-safari-2024-expansion/MAD/MAD_S2/MAD03/MAD03_R7/MAD_S2_MAD03_R7_IMAG3215.JPG,Snapshot Safari 2024 Expansion : MAD/MAD_S2/MAD03/MAD03_R7/MAD_S2_MAD03_R7_IMAG3215.JPG,Snapshot Safari 2024 Expansion : MAD_S2#MAD03#7#1072,Snapshot Safari 2024 Expansion : MAD_S2_MAD03,1,african bush elephant,,9,train
https://storage.googleapis.com/public-datasets-lila/snapshot-safari-2024-expansion/Snapshot Cameo/EFA/EFA_S1/EFA08/EFA08_R25/EFA_S1_EFA08_R25_IMAG2555.JPG,Snapshot Safari 2024 Expansion : Snapshot Cameo/EFA/EFA_S1/EFA08/EFA08_R25/EFA_S1_EFA08_R25_IMAG2555.JPG,Snapshot Safari 2024 Expansion : EFA_S1#EFA08#25#367,Snapshot Safari 2024 Expansion : EFA_S1_EFA08,0,african bush elephant,,9,test
https://storage.googleapis.com/public-datasets-lila/snapshotserengeti-unzipped/S4/L11/L11_R2/S4_L11_R2_IMAG0393.JPG,Snapshot Serengeti : S4/L11/L11_R2/S4_L11_R2_IMAG0393,Snapshot Serengeti : SER_S4#L11#2#151,Snapshot Serengeti : L11,1,african bush elephant,06-10-2012 09:18:01,9,val
https://storage.googleapis.com/public-datasets-lila/wcs-unzipped/animals/0414/1399.jpg,WCS Camera Traps : 5e462baa-92d5-11e9-9232-000d3a74c7de,WCS Camera Traps : ken-017-d0056-36,WCS Camera Traps : 2953,1,african bush elephant,02-04-2015 08:36:32,9,train
https://storage.googleapis.com/public-datasets-lila/snapshotserengeti-unzipped/S5/I11/I11_R2/S5_I11_R2_IMAG0297.JPG,Snapshot Serengeti : S5/I11/I11_R2/S5_I11_R2_IMAG0297,Snapshot Serengeti : SER_S5#I11#2#137,Snapshot Serengeti : I11,1,african bush elephant,08-09-2012 00:00:07,9,train
https://storage.googleapis.com/public-datasets-lila/snapshotserengeti-unzipped/S6/F07/F07_R2/S6_F07_R2_IMAG0086.JPG,Snapshot Serengeti : S6/F07/F07_R2/S6_F07_R2_IMAG0086,Snapshot Serengeti : SER_S6#F07#2#38,Snapshot Serengeti : F07,3,african bush elephant,02-08-2013 08:02:09,9,test
https://storage.googleapis.com/public-datasets-lila/snapshotserengeti-unzipped/S10/B09/B09_R1/S10_B09_R1_IMAG0433.JPG,Snapshot Serengeti : S10/B09/B09_R1/S10_B09_R1_IMAG0433,Snapshot Serengeti : SER_S10#B09#1#154,Snapshot Serengeti : B09,2,african bush elephant,02-12-2015 15:52:12,9,train
https://storage.googleapis.com/public-datasets-lila/snapshot-safari-2024-expansion/MAD/MAD_S2/MAD03/MAD03_R7/MAD_S2_MAD03_R7_IMAG5456.JPG,Snapshot Safari 2024 Expansion : MAD/MAD_S2/MAD03/MAD03_R7/MAD_S2_MAD03_R7_IMAG5456.JPG,Snapshot Safari 2024 Expansion : MAD_S2#MAD03#7#1819,Snapshot Safari 2024 Expansion : MAD_S2_MAD03,1,african bush elephant,,9,train
https://storage.googleapis.com/public-datasets-lila/snapshot-safari-2024-expansion/MAD/MAD_S3/MAD03/MAD03_R10/MAD_S3_MAD03_R10_IMAG0026.JPG,Snapshot Safari 2024 Expansion : MAD/MAD_S3/MAD03/MAD03_R10/MAD_S3_MAD03_R10_IMAG0026.JPG,Snapshot Safari 2024 Expansion : MAD_S3#MAD03#10#9,Snapshot Safari 2024 Expansion : MAD_S3_MAD03,1,african bush elephant,,9,train
https://storage.googleapis.com/public-datasets-lila/snapshot-safari-2024-expansion/MAD/MAD_S2/MAD06/MAD06_R6/MAD_S2_MAD06_R6_IMAG0206.JPG,Snapshot Safari 2024 Expansion : MAD/MAD_S2/MAD06/MAD06_R6/MAD_S2_MAD06_R6_IMAG0206.JPG,Snapshot Safari 2024 Expansion : MAD_S2#MAD06#6#69,Snapshot Safari 2024 Expansion : MAD_S2_MAD06,1,african bush elephant,,9,val
https://storage.googleapis.com/public-datasets-lila/snapshotserengeti-unzipped/S5/H08/H08_R2/S5_H08_R2_IMAG0335.JPG,Snapshot Serengeti : S5/H08/H08_R2/S5_H08_R2_IMAG0335,Snapshot Serengeti : SER_S5#H08#2#123,Snapshot Serengeti : H08,3,african bush elephant,09-28-2012 15:23:10,9,train
https://storage.googleapis.com/public-datasets-lila/snapshotserengeti-unzipped/S8/F02/F02_R2/S8_F02_R2_IMAG0403.JPG,Snapshot Serengeti : S8/F02/F02_R2/S8_F02_R2_IMAG0403,Snapshot Serengeti : SER_S8#F02#2#139,Snapshot Serengeti : F02,3,african bush elephant,01-27-2014 12:13:24,9,train
https://storage.googleapis.com/public-datasets-lila/snapshot-safari-2024-expansion/Snapshot Cameo/EFA/EFA_S1/EFA08/EFA08_R38/EFA_S1_EFA08_R38_IMAG0566.JPG,Snapshot Safari 2024 Expansion : Snapshot Cameo/EFA/EFA_S1/EFA08/EFA08_R38/EFA_S1_EFA08_R38_IMAG0566.JPG,Snapshot Safari 2024 Expansion : EFA_S1#EFA08#38#92,Snapshot Safari 2024 Expansion : EFA_S1_EFA08,2,african bush elephant,,9,test
https://storage.googleapis.com/public-datasets-lila/snapshot-safari-2024-expansion/MAD/MAD_S2/MAD06/MAD06_R5/MAD_S2_MAD06_R5_IMAG0513.JPG,Snapshot Safari 2024 Expansion : MAD/MAD_S2/MAD06/MAD06_R5/MAD_S2_MAD06_R5_IMAG0513.JPG,Snapshot Safari 2024 Expansion : MAD_S2#MAD06#5#171,Snapshot Safari 2024 Expansion : MAD_S2_MAD06,2,african bush elephant,,9,val
https://storage.googleapis.com/public-datasets-lila/wcs-unzipped/animals/0353/0322.jpg,WCS Camera Traps : 47fe2e55-92d5-11e9-abc3-000d3a74c7de,WCS Camera Traps : ken-016-d0093-184,WCS Camera Traps : 1317,17,african bush elephant,02-20-2013 11:00:18,9,test
https://storage.googleapis.com/public-datasets-lila/snapshot-safari-2024-expansion/APN/APN_S2/WM/WM_R7/APN_S2_WM_R7_IMAG0357.JPG,Snapshot Safari 2024 Expansion : APN/APN_S2/WM/WM_R7/APN_S2_WM_R7_IMAG0357.JPG,Snapshot Safari 2024 Expansion : APN_S2#WM#7#149,Snapshot Safari 2024 Expansion : APN_S2_WM,0,african bush elephant,,9,train
https://storage.googleapis.com/public-datasets-lila/snapshot-safari-2024-expansion/LEC/LEC_S1/H25/H25_R2/LEC_S1_H25_R2_IMAG0294.JPG,Snapshot Safari 2024 Expansion : LEC/LEC_S1/H25/H25_R2/LEC_S1_H25_R2_IMAG0294.JPG,Snapshot Safari 2024 Expansion : LEC_S1#H25#2#101,Snapshot Safari 2024 Expansion : LEC_S1_H25,1,african bush elephant,,9,train
https://storage.googleapis.com/public-datasets-lila/snapshot-safari-2024-expansion/MAD/MAD_S1/MAD01/MAD01_R3/MAD_S1_MAD01_R3_IMAG3231.JPG,Snapshot Safari 2024 Expansion : MAD/MAD_S1/MAD01/MAD01_R3/MAD_S1_MAD01_R3_IMAG3231.JPG,Snapshot Safari 2024 Expansion : MAD_S1#MAD01#3#1077,Snapshot Safari 2024 Expansion : MAD_S1_MAD01,2,african bush elephant,,9,train
https://storage.googleapis.com/public-datasets-lila/snapshotserengeti-unzipped/S7/H03/H03_R3/S7_H03_R3_IMAG0039.JPG,Snapshot Serengeti : S7/H03/H03_R3/S7_H03_R3_IMAG0039,Snapshot Serengeti : SER_S7#H03#3#20,Snapshot Serengeti : H03,2,african bush elephant,08-17-2013 12:31:48,9,train
https://storage.googleapis.com/public-datasets-lila/snapshotserengeti-unzipped/S5/M02/M02_R3/S5_M02_R3_IMAG0051.JPG,Snapshot Serengeti : S5/M02/M02_R3/S5_M02_R3_IMAG0051,Snapshot Serengeti : SER_S5#M02#3#27,Snapshot Serengeti : M02,1,african bush elephant,10-09-2012 20:27:31,9,test
https://storage.googleapis.com/public-datasets-lila/snapshot-safari-2024-expansion/MAD/MAD_S1/MAD04/MAD04_R4/MAD_S1_MAD04_R4_IMAG0005.JPG,Snapshot Safari 2024 Expansion : MAD/MAD_S1/MAD04/MAD04_R4/MAD_S1_MAD04_R4_IMAG0005.JPG,Snapshot Safari 2024 Expansion : MAD_S1#MAD04#4#2,Snapshot Safari 2024 Expansion : MAD_S1_MAD04,1,african bush elephant,,9,val
https://storage.googleapis.com/public-datasets-lila/snapshot-safari-2024-expansion/Snapshot Cameo/EFA/EFA_S1/EFA07/EFA07_R6/EFA_S1_EFA07_R6_IMAG0189.JPG,Snapshot Safari 2024 Expansion : Snapshot Cameo/EFA/EFA_S1/EFA07/EFA07_R6/EFA_S1_EFA07_R6_IMAG0189.JPG,Snapshot Safari 2024 Expansion : EFA_S1#EFA07#6#51,Snapshot Safari 2024 Expansion : EFA_S1_EFA07,1,african bush elephant,,9,train
https://storage.googleapis.com/public-datasets-lila/snapshot-safari-2024-expansion/MAD/MAD_S2/MAD06/MAD06_R5/MAD_S2_MAD06_R5_IMAG0993.JPG,Snapshot Safari 2024 Expansion : MAD/MAD_S2/MAD06/MAD06_R5/MAD_S2_MAD06_R5_IMAG0993.JPG,Snapshot Safari 2024 Expansion : MAD_S2#MAD06#5#331,Snapshot Safari 2024 Expansion : MAD_S2_MAD06,2,african bush elephant,,9,val
https://storage.googleapis.com/public-datasets-lila/snapshot-safari-2024-expansion/MAD/MAD_S3/A06/A06_R08/MAD_S3_A06_R08_IMAG0162.JPG,Snapshot Safari 2024 Expansion : MAD/MAD_S3/A06/A06_R08/MAD_S3_A06_R08_IMAG0162.JPG,Snapshot Safari 2024 Expansion : MAD_S3#A06#08#54,Snapshot Safari 2024 Expansion : MAD_S3_A06,2,african bush elephant,,9,train
https://storage.googleapis.com/public-datasets-lila/snapshot-safari-2024-expansion/Snapshot Cameo/EFA/EFA_S1/EFA07/EFA07_R3/EFA_S1_EFA07_R3_IMAG0092.JPG,Snapshot Safari 2024 Expansion : Snapshot Cameo/EFA/EFA_S1/EFA07/EFA07_R3/EFA_S1_EFA07_R3_IMAG0092.JPG,Snapshot Safari 2024 Expansion : EFA_S1#EFA07#3#18,Snapshot Safari 2024 Expansion : EFA_S1_EFA07,0,african bush elephant,,9,train
https://storage.googleapis.com/public-datasets-lila/snapshot-safari-2024-expansion/MAD/MAD_S2/MAD05/MAD05_R5/MAD_S2_MAD05_R5_IMAG0590.JPG,Snapshot Safari 2024 Expansion : MAD/MAD_S2/MAD05/MAD05_R5/MAD_S2_MAD05_R5_IMAG0590.JPG,Snapshot Safari 2024 Expansion : MAD_S2#MAD05#5#197,Snapshot Safari 2024 Expansion : MAD_S2_MAD05,1,african bush elephant,,9,val
https://storage.googleapis.com/public-datasets-lila/snapshot-safari-2024-expansion/APN/APN_S2/DW/DW_R6/APN_S2_DW_R6_IMAG0192.JPG,Snapshot Safari 2024 Expansion : APN/APN_S2/DW/DW_R6/APN_S2_DW_R6_IMAG0192.JPG,Snapshot Safari 2024 Expansion : APN_S2#DW#6#80,Snapshot Safari 2024 Expansion : APN_S2_DW,0,african bush elephant,,9,train
https://storage.googleapis.com/public-datasets-lila/snapshot-safari-2024-expansion/MAD/MAD_S2/F04/F04_R5/MAD_S2_F04_R5_IMAG0050.JPG,Snapshot Safari 2024 Expansion : MAD/MAD_S2/F04/F04_R5/MAD_S2_F04_R5_IMAG0050.JPG,Snapshot Safari 2024 Expansion : MAD_S2#F04#5#17,Snapshot Safari 2024 Expansion : MAD_S2_F04,1,african bush elephant,,9,train
https://storage.googleapis.com/public-datasets-lila/snapshot-safari-2024-expansion/Snapshot Cameo/EFA/EFA_S1/EFA07/EFA07_R16/EFA_S1_EFA07_R16_IMAG1224.JPG,Snapshot Safari 2024 Expansion : Snapshot Cameo/EFA/EFA_S1/EFA07/EFA07_R16/EFA_S1_EFA07_R16_IMAG1224.JPG,Snapshot Safari 2024 Expansion : EFA_S1#EFA07#16#231,Snapshot Safari 2024 Expansion : EFA_S1_EFA07,1,african bush elephant,,9,train
https://storage.googleapis.com/public-datasets-lila/snapshotserengeti-unzipped/S7/P13/P13_R1/S7_P13_R1_IMAG1345.JPG,Snapshot Serengeti : S7/P13/P13_R1/S7_P13_R1_IMAG1345,Snapshot Serengeti : SER_S7#P13#1#520,Snapshot Serengeti : P13,2,african bush elephant,06-03-2013 15:34:42,9,train
https://storage.googleapis.com/public-datasets-lila/snapshot-safari-2024-expansion/MAD/MAD_S1/H08/H08_R4/MAD_S1_H08_R4_IMAG0791.JPG,Snapshot Safari 2024 Expansion : MAD/MAD_S1/H08/H08_R4/MAD_S1_H08_R4_IMAG0791.JPG,Snapshot Safari 2024 Expansion : MAD_S1#H08#4#264,Snapshot Safari 2024 Expansion : MAD_S1_H08,1,african bush elephant,,9,train
https://storage.googleapis.com/public-datasets-lila/snapshot-safari-2024-expansion/KRU/KRU_S2/47/47_R4/KRU_S2_47_R4_IMAG0117.JPG,Snapshot Safari 2024 Expansion : KRU/KRU_S2/47/47_R4/KRU_S2_47_R4_IMAG0117.JPG,Snapshot Safari 2024 Expansion : KRU_S2#47#4#64,Snapshot Safari 2024 Expansion : KRU_S2_47,1,african bush elephant,,9,train
https://storage.googleapis.com/public-datasets-lila/snapshotserengeti-unzipped/S8/E09/E09_R3/S8_E09_R3_IMAG3748.JPG,Snapshot Serengeti : S8/E09/E09_R3/S8_E09_R3_IMAG3748,Snapshot Serengeti : SER_S8#E09#3#1272,Snapshot Serengeti : E09,3,african bush elephant,05-10-2014 12:52:23,9,val
https://storage.googleapis.com/public-datasets-lila/snapshotserengeti-unzipped/S9/I12/I12_R1/S9_I12_R1_IMAG0567.JPG,Snapshot Serengeti : S9/I12/I12_R1/S9_I12_R1_IMAG0567,Snapshot Serengeti : SER_S9#I12#1#233,Snapshot Serengeti : I12,3,african bush elephant,09-01-2014 14:00:39,9,train
https://storage.googleapis.com/public-datasets-lila/snapshotserengeti-unzipped/S9/L11/L11_R2/S9_L11_R2_IMAG0664.JPG,Snapshot Serengeti : S9/L11/L11_R2/S9_L11_R2_IMAG0664,Snapshot Serengeti : SER_S9#L11#2#252,Snapshot Serengeti : L11,3,african bush elephant,10-01-2014 10:32:37,9,val
https://storage.googleapis.com/public-datasets-lila/wcs-unzipped/animals/0368/0479.jpg,WCS Camera Traps : 4d6891f6-92d5-11e9-a21c-000d3a74c7de,WCS Camera Traps : ken-014-d0054-7,WCS Camera Traps : 2712,1,african bush elephant,07-12-2009 13:09:03,9,train
https://storage.googleapis.com/public-datasets-lila/snapshot-safari-2024-expansion/KRU/KRU_S2/44/44_R4/KRU_S2_44_R4_IMAG0407.JPG,Snapshot Safari 2024 Expansion : KRU/KRU_S2/44/44_R4/KRU_S2_44_R4_IMAG0407.JPG,Snapshot Safari 2024 Expansion : KRU_S2#44#4#182,Snapshot Safari 2024 Expansion : KRU_S2_44,1,african bush elephant,,9,train
https://storage.googleapis.com/public-datasets-lila/snapshot-safari-2024-expansion/KRU/KRU_S2/49/49_R3/KRU_S2_49_R3_IMAG0085.JPG,Snapshot Safari 2024 Expansion : KRU/KRU_S2/49/49_R3/KRU_S2_49_R3_IMAG0085.JPG,Snapshot Safari 2024 Expansion : KRU_S2#49#3#35,Snapshot Safari 2024 Expansion : KRU_S2_49,0,african bush elephant,,9,train
https://storage.googleapis.com/public-datasets-lila/snapshotserengeti-unzipped/S6/J04/J04_R1/S6_J04_R1_IMAG0216.JPG,Snapshot Serengeti : S6/J04/J04_R1/S6_J04_R1_IMAG0216,Snapshot Serengeti : SER_S6#J04#1#78,Snapshot Serengeti : J04,3,african bush elephant,01-16-2013 18:41:22,9,train
https://storage.googleapis.com/public-datasets-lila/snapshotserengeti-unzipped/S5/K02/K02_R2/S5_K02_R2_IMAG0284.JPG,Snapshot Serengeti : S5/K02/K02_R2/S5_K02_R2_IMAG0284,Snapshot Serengeti : SER_S5#K02#2#118,Snapshot Serengeti : K02,1,african bush elephant,09-12-2012 14:33:56,9,train
https://storage.googleapis.com/public-datasets-lila/snapshot-safari-2024-expansion/APN/APN_S3/K051/K051_R9/APN_S3_K051_R9_IMAG0317.JPG,Snapshot Safari 2024 Expansion : APN/APN_S3/K051/K051_R9/APN_S3_K051_R9_IMAG0317.JPG,Snapshot Safari 2024 Expansion : APN_S3#K051#9#121,Snapshot Safari 2024 Expansion : APN_S3_K051,0,african bush elephant,,9,val
https://storage.googleapis.com/public-datasets-lila/snapshot-safari-2024-expansion/MAD/MAD_S2/MAD06/MAD06_R5/MAD_S2_MAD06_R5_IMAG0425.JPG,Snapshot Safari 2024 Expansion : MAD/MAD_S2/MAD06/MAD06_R5/MAD_S2_MAD06_R5_IMAG0425.JPG,Snapshot Safari 2024 Expansion : MAD_S2#MAD06#5#142,Snapshot Safari 2024 Expansion : MAD_S2_MAD06,1,african bush elephant,,9,val
https://storage.googleapis.com/public-datasets-lila/snapshot-safari-2024-expansion/APN/APN_S4/DW/DW_R14/APN_S4_DW_R14_IMAG4154.JPG,Snapshot Safari 2024 Expansion : APN/APN_S4/DW/DW_R14/APN_S4_DW_R14_IMAG4154.JPG,Snapshot Safari 2024 Expansion : APN_S4#DW#14#1446,Snapshot Safari 2024 Expansion : APN_S4_DW,1,african bush elephant,,9,test
https://storage.googleapis.com/public-datasets-lila/snapshotserengeti-unzipped/S9/L11/L11_R2/S9_L11_R2_IMAG0172.JPG,Snapshot Serengeti : S9/L11/L11_R2/S9_L11_R2_IMAG0172,Snapshot Serengeti : SER_S9#L11#2#74,Snapshot Serengeti : L11,3,african bush elephant,09-26-2014 13:49:50,9,val
https://storage.googleapis.com/public-datasets-lila/snapshot-safari-2024-expansion/SER/SER_S12/P13/P13_R1/SER_S12_P13_R1_IMAG0233.JPG,Snapshot Safari 2024 Expansion : SER/SER_S12/P13/P13_R1/SER_S12_P13_R1_IMAG0233.JPG,Snapshot Safari 2024 Expansion : SER_S12#P13#1#97,Snapshot Safari 2024 Expansion : SER_S12_P13,2,african bush elephant,,9,train
https://storage.googleapis.com/public-datasets-lila/snapshot-safari-2024-expansion/MAD/MAD_S3/MAD06/MAD06_R08/MAD_S3_MAD06_R08_IMAG0921.JPG,Snapshot Safari 2024 Expansion : MAD/MAD_S3/MAD06/MAD06_R08/MAD_S3_MAD06_R08_IMAG0921.JPG,Snapshot Safari 2024 Expansion : MAD_S3#MAD06#08#307,Snapshot Safari 2024 Expansion : MAD_S3_MAD06,2,african bush elephant,,9,train
https://storage.googleapis.com/public-datasets-lila/snapshot-safari-2024-expansion/KRU/KRU_S2/46/46_R4/KRU_S2_46_R4_IMAG0127.JPG,Snapshot Safari 2024 Expansion : KRU/KRU_S2/46/46_R4/KRU_S2_46_R4_IMAG0127.JPG,Snapshot Safari 2024 Expansion : KRU_S2#46#4#71,Snapshot Safari 2024 Expansion : KRU_S2_46,0,african bush elephant,,9,train
https://storage.googleapis.com/public-datasets-lila/snapshot-safari-2024-expansion/SER/SER_S13/C06/C06_R1/SER_S13_C06_R1_IMAG0576.JPG,Snapshot Safari 2024 Expansion : SER/SER_S13/C06/C06_R1/SER_S13_C06_R1_IMAG0576.JPG,Snapshot Safari 2024 Expansion : SER_S13#C06#1#574,Snapshot Safari 2024 Expansion : SER_S13_C06,0,african bush elephant,,9,train
https://storage.googleapis.com/public-datasets-lila/snapshotserengeti-unzipped/S6/B03/B03_R2/S6_B03_R2_IMAG0423.JPG,Snapshot Serengeti : S6/B03/B03_R2/S6_B03_R2_IMAG0423,Snapshot Serengeti : SER_S6#B03#2#220,Snapshot Serengeti : B03,2,african bush elephant,02-20-2013 09:03:30,9,train
https://storage.googleapis.com/public-datasets-lila/snapshotserengeti-unzipped/S5/I11/I11_R2/S5_I11_R2_IMAG0149.JPG,Snapshot Serengeti : S5/I11/I11_R2/S5_I11_R2_IMAG0149,Snapshot Serengeti : SER_S5#I11#2#79,Snapshot Serengeti : I11,3,african bush elephant,08-08-2012 14:31:07,9,train
https://storage.googleapis.com/public-datasets-lila/snapshotserengeti-unzipped/SER_S11/K10/K10_R1/SER_S11_K10_R1_IMAG0163.JPG,Snapshot Serengeti : SER_S11/K10/K10_R1/SER_S11_K10_R1_IMAG0163,Snapshot Serengeti : SER_S11#K10#1#57,Snapshot Serengeti : K10,2,african bush elephant,07-13-2015 16:26:58,9,train
https://storage.googleapis.com/public-datasets-lila/snapshot-safari-2024-expansion/Snapshot Cameo/EFA/EFA_S1/EFA08/EFA08_R25/EFA_S1_EFA08_R25_IMAG6937.JPG,Snapshot Safari 2024 Expansion : Snapshot Cameo/EFA/EFA_S1/EFA08/EFA08_R25/EFA_S1_EFA08_R25_IMAG6937.JPG,Snapshot Safari 2024 Expansion : EFA_S1#EFA08#25#1022,Snapshot Safari 2024 Expansion : EFA_S1_EFA08,1,african bush elephant,,9,test
https://storage.googleapis.com/public-datasets-lila/snapshotserengeti-unzipped/S9/O11/O11_R2/S9_O11_R2_IMAG0084.JPG,Snapshot Serengeti : S9/O11/O11_R2/S9_O11_R2_IMAG0084,Snapshot Serengeti : SER_S9#O11#2#33,Snapshot Serengeti : O11,2,african bush elephant,07-29-2014 14:39:53,9,train
https://storage.googleapis.com/public-datasets-lila/snapshot-safari-2024-expansion/MAD/MAD_S2/MAD05/MAD05_R5/MAD_S2_MAD05_R5_IMAG1024.JPG,Snapshot Safari 2024 Expansion : MAD/MAD_S2/MAD05/MAD05_R5/MAD_S2_MAD05_R5_IMAG1024.JPG,Snapshot Safari 2024 Expansion : MAD_S2#MAD05#5#342,Snapshot Safari 2024 Expansion : MAD_S2_MAD05,0,african bush elephant,,9,val
https://storage.googleapis.com/public-datasets-lila/snapshot-safari-2024-expansion/SER/SER_S13/G07/G07_R2/SER_S13_G07_R2_IMAG1464.JPG,Snapshot Safari 2024 Expansion : SER/SER_S13/G07/G07_R2/SER_S13_G07_R2_IMAG1464.JPG,Snapshot Safari 2024 Expansion : SER_S13#G07#2#1462,Snapshot Safari 2024 Expansion : SER_S13_G07,0,african bush elephant,,9,train
https://storage.googleapis.com/public-datasets-lila/snapshotserengeti-unzipped/S10/G07/G07_R1/S10_G07_R1_IMAG0361.JPG,Snapshot Serengeti : S10/G07/G07_R1/S10_G07_R1_IMAG0361,Snapshot Serengeti : SER_S10#G07#1#126,Snapshot Serengeti : G07,1,african bush elephant,02-28-2015 19:14:05,9,train
https://storage.googleapis.com/public-datasets-lila/snapshot-safari-2024-expansion/Snapshot Cameo/EFA/EFA_S1/EFA07/EFA07_R42/EFA_S1_EFA07_R42_IMAG1204.JPG,Snapshot Safari 2024 Expansion : Snapshot Cameo/EFA/EFA_S1/EFA07/EFA07_R42/EFA_S1_EFA07_R42_IMAG1204.JPG,Snapshot Safari 2024 Expansion : EFA_S1#EFA07#42#262,Snapshot Safari 2024 Expansion : EFA_S1_EFA07,2,african bush elephant,,9,train
https://storage.googleapis.com/public-datasets-lila/snapshot-safari-2024-expansion/Snapshot Cameo/EFA/EFA_S1/EFA08/EFA08_R24/EFA_S1_EFA08_R24_IMAG0478.JPG,Snapshot Safari 2024 Expansion : Snapshot Cameo/EFA/EFA_S1/EFA08/EFA08_R24/EFA_S1_EFA08_R24_IMAG0478.JPG,Snapshot Safari 2024 Expansion : EFA_S1#EFA08#24#73,Snapshot Safari 2024 Expansion : EFA_S1_EFA08,1,african bush elephant,,9,test
https://storage.googleapis.com/public-datasets-lila/snapshotserengeti-unzipped/S5/B06/B06_R3/S5_B06_R3_IMAG0026.JPG,Snapshot Serengeti : S5/B06/B06_R3/S5_B06_R3_IMAG0026,Snapshot Serengeti : SER_S5#B06#3#13,Snapshot Serengeti : B06,3,african bush elephant,10-11-2012 15:55:59,9,train
https://storage.googleapis.com/public-datasets-lila/snapshot-safari-2024-expansion/KRU/KRU_S1/2/2_R1/KRU_S1_2_R1_IMAG0120.JPG,Snapshot Safari 2024 Expansion : KRU/KRU_S1/2/2_R1/KRU_S1_2_R1_IMAG0120.JPG,Snapshot Safari 2024 Expansion : KRU_S1#2#1#60,Snapshot Safari 2024 Expansion : KRU_S1_2,0,african bush elephant,,9,train
https://storage.googleapis.com/public-datasets-lila/snapshot-safari-2024-expansion/Snapshot Cameo/EFA/EFA_S1/EFA08/EFA08_R19/EFA_S1_EFA08_R19_IMAG0010.JPG,Snapshot Safari 2024 Expansion : Snapshot Cameo/EFA/EFA_S1/EFA08/EFA08_R19/EFA_S1_EFA08_R19_IMAG0010.JPG,Snapshot Safari 2024 Expansion : EFA_S1#EFA08#19#4,Snapshot Safari 2024 Expansion : EFA_S1_EFA08,2,african bush elephant,,9,test
https://storage.googleapis.com/public-datasets-lila/snapshot-safari-2024-expansion/SER/SER_S12/J09/J09_R3/SER_S12_J09_R3_IMAG2285.JPG,Snapshot Safari 2024 Expansion : SER/SER_S12/J09/J09_R3/SER_S12_J09_R3_IMAG2285.JPG,Snapshot Safari 2024 Expansion : SER_S12#J09#3#1224,Snapshot Safari 2024 Expansion : SER_S12_J09,1,african bush elephant,,9,train
https://storage.googleapis.com/public-datasets-lila/snapshot-safari-2024-expansion/MAD/MAD_S1/MAD04/MAD04_R3/MAD_S1_MAD04_R3_IMAG0113.JPG,Snapshot Safari 2024 Expansion : MAD/MAD_S1/MAD04/MAD04_R3/MAD_S1_MAD04_R3_IMAG0113.JPG,Snapshot Safari 2024 Expansion : MAD_S1#MAD04#3#38,Snapshot Safari 2024 Expansion : MAD_S1_MAD04,1,african bush elephant,,9,val
https://storage.googleapis.com/public-datasets-lila/snapshot-safari-2024-expansion/Snapshot Cameo/EFA/EFA_S1/EFA09/EFA09_R11/EFA_S1_EFA09_R11_IMAG0084.JPG,Snapshot Safari 2024 Expansion : Snapshot Cameo/EFA/EFA_S1/EFA09/EFA09_R11/EFA_S1_EFA09_R11_IMAG0084.JPG,Snapshot Safari 2024 Expansion : EFA_S1#EFA09#11#36,Snapshot Safari 2024 Expansion : EFA_S1_EFA09,2,african bush elephant,,9,train
https://storage.googleapis.com/public-datasets-lila/snapshotserengeti-unzipped/S7/H11/H11_R3/S7_H11_R3_IMAG0066.JPG,Snapshot Serengeti : S7/H11/H11_R3/S7_H11_R3_IMAG0066,Snapshot Serengeti : SER_S7#H11#3#41,Snapshot Serengeti : H11,2,african bush elephant,09-18-2013 08:58:48,9,val
https://storage.googleapis.com/public-datasets-lila/snapshotserengeti-unzipped/SER_S11/K10/K10_R1/SER_S11_K10_R1_IMAG0225.JPG,Snapshot Serengeti : SER_S11/K10/K10_R1/SER_S11_K10_R1_IMAG0225,Snapshot Serengeti : SER_S11#K10#1#78,Snapshot Serengeti : K10,1,african bush elephant,07-13-2015 16:56:40,9,train
https://storage.googleapis.com/public-datasets-lila/snapshotserengeti-unzipped/SER_S11/M07/M07_R2/SER_S11_M07_R2_IMAG0709.JPG,Snapshot Serengeti : SER_S11/M07/M07_R2/SER_S11_M07_R2_IMAG0709,Snapshot Serengeti : SER_S11#M07#2#247,Snapshot Serengeti : M07,2,african bush elephant,10-24-2015 11:52:32,9,train
https://storage.googleapis.com/public-datasets-lila/snapshot-safari-2024-expansion/Snapshot Cameo/EFA/EFA_S1/EFA07/EFA07_R18/EFA_S1_EFA07_R18_IMAG0155.JPG,Snapshot Safari 2024 Expansion : Snapshot Cameo/EFA/EFA_S1/EFA07/EFA07_R18/EFA_S1_EFA07_R18_IMAG0155.JPG,Snapshot Safari 2024 Expansion : EFA_S1#EFA07#18#27,Snapshot Safari 2024 Expansion : EFA_S1_EFA07,1,african bush elephant,,9,train
https://storage.googleapis.com/public-datasets-lila/snapshot-safari-2024-expansion/SER/SER_S13/J10/J10_R2/SER_S13_J10_R2_IMAG0744.JPG,Snapshot Safari 2024 Expansion : SER/SER_S13/J10/J10_R2/SER_S13_J10_R2_IMAG0744.JPG,Snapshot Safari 2024 Expansion : SER_S13#J10#2#280,Snapshot Safari 2024 Expansion : SER_S13_J10,1,african bush elephant,,9,test
https://storage.googleapis.com/public-datasets-lila/snapshot-safari-2024-expansion/MAD/MAD_S2/MAD05/MAD05_R5/MAD_S2_MAD05_R5_IMAG1322.JPG,Snapshot Safari 2024 Expansion : MAD/MAD_S2/MAD05/MAD05_R5/MAD_S2_MAD05_R5_IMAG1322.JPG,Snapshot Safari 2024 Expansion : MAD_S2#MAD05#5#441,Snapshot Safari 2024 Expansion : MAD_S2_MAD05,1,african bush elephant,,9,val
https://storage.googleapis.com/public-datasets-lila/snapshotserengeti-unzipped/S4/L01/L01_R1/S4_L01_R1_IMAG0614.JPG,Snapshot Serengeti : S4/L01/L01_R1/S4_L01_R1_IMAG0614,Snapshot Serengeti : SER_S4#L01#1#276,Snapshot Serengeti : L01,3,african bush elephant,04-26-2012 14:20:51,9,train
https://storage.googleapis.com/public-datasets-lila/snapshot-safari-2024-expansion/MAD/MAD_S2/MAD03/MAD03_R5/MAD_S2_MAD03_R5_IMAG2572.JPG,Snapshot Safari 2024 Expansion : MAD/MAD_S2/MAD03/MAD03_R5/MAD_S2_MAD03_R5_IMAG2572.JPG,Snapshot Safari 2024 Expansion : MAD_S2#MAD03#5#858,Snapshot Safari 2024 Expansion : MAD_S2_MAD03,0,african bush elephant,,9,train
https://storage.googleapis.com/public-datasets-lila/snapshot-safari-2024-expansion/MAD/MAD_S1/MAD01/MAD01_R4/MAD_S1_MAD01_R4_IMAG1956.JPG,Snapshot Safari 2024 Expansion : MAD/MAD_S1/MAD01/MAD01_R4/MAD_S1_MAD01_R4_IMAG1956.JPG,Snapshot Safari 2024 Expansion : MAD_S1#MAD01#4#652,Snapshot Safari 2024 Expansion : MAD_S1_MAD01,2,african bush elephant,,9,train
https://storage.googleapis.com/public-datasets-lila/snapshot-safari-2024-expansion/MAD/MAD_S3/MAD04/MAD04_R08/MAD_S3_MAD04_R08_IMAG1978.JPG,Snapshot Safari 2024 Expansion : MAD/MAD_S3/MAD04/MAD04_R08/MAD_S3_MAD04_R08_IMAG1978.JPG,Snapshot Safari 2024 Expansion : MAD_S3#MAD04#08#660,Snapshot Safari 2024 Expansion : MAD_S3_MAD04,0,african bush elephant,,9,train
https://storage.googleapis.com/public-datasets-lila/snapshot-safari-2024-expansion/SER/SER_S12/F07/F07_R1/SER_S12_F07_R1_IMAG0234.JPG,Snapshot Safari 2024 Expansion : SER/SER_S12/F07/F07_R1/SER_S12_F07_R1_IMAG0234.JPG,Snapshot Safari 2024 Expansion : SER_S12#F07#1#86,Snapshot Safari 2024 Expansion : SER_S12_F07,0,african bush elephant,,9,test
https://storage.googleapis.com/public-datasets-lila/snapshot-safari-2024-expansion/APN/APN_S4/DW/DW_R14/APN_S4_DW_R14_IMAG0397.JPG,Snapshot Safari 2024 Expansion : APN/APN_S4/DW/DW_R14/APN_S4_DW_R14_IMAG0397.JPG,Snapshot Safari 2024 Expansion : APN_S4#DW#14#149,Snapshot Safari 2024 Expansion : APN_S4_DW,1,african bush elephant,,9,test
https://storage.googleapis.com/public-datasets-lila/snapshot-safari-2024-expansion/APN/APN_S3/DW/DW_R8/APN_S3_DW_R8_IMAG0646.JPG,Snapshot Safari 2024 Expansion : APN/APN_S3/DW/DW_R8/APN_S3_DW_R8_IMAG0646.JPG,Snapshot Safari 2024 Expansion : APN_S3#DW#8#239,Snapshot Safari 2024 Expansion : APN_S3_DW,2,african bush elephant,,9,train
https://storage.googleapis.com/public-datasets-lila/snapshot-safari-2024-expansion/MAD/MAD_S2/MAD01/MAD01_R6/MAD_S2_MAD01_R6_IMAG0132.JPG,Snapshot Safari 2024 Expansion : MAD/MAD_S2/MAD01/MAD01_R6/MAD_S2_MAD01_R6_IMAG0132.JPG,Snapshot Safari 2024 Expansion : MAD_S2#MAD01#6#44,Snapshot Safari 2024 Expansion : MAD_S2_MAD01,2,african bush elephant,,9,train
https://storage.googleapis.com/public-datasets-lila/wcs-unzipped/animals/0187/0158.jpg,WCS Camera Traps : 0ae84065-92d5-11e9-b728-000d3a74c7de,WCS Camera Traps : ken-002-d0016-7,WCS Camera Traps : 1131,1,african bush elephant,09-25-2011 14:57:38,9,train
https://storage.googleapis.com/public-datasets-lila/snapshot-safari-2024-expansion/MAD/MAD_S1/MAD06/MAD06_R4/MAD_S1_MAD06_R4_IMAG1223.JPG,Snapshot Safari 2024 Expansion : MAD/MAD_S1/MAD06/MAD06_R4/MAD_S1_MAD06_R4_IMAG1223.JPG,Snapshot Safari 2024 Expansion : MAD_S1#MAD06#4#408,Snapshot Safari 2024 Expansion : MAD_S1_MAD06,1,african bush elephant,,9,test
https://storage.googleapis.com/public-datasets-lila/snapshotserengeti-unzipped/S9/C03/C03_R3/S9_C03_R3_IMAG0145.JPG,Snapshot Serengeti : S9/C03/C03_R3/S9_C03_R3_IMAG0145,Snapshot Serengeti : SER_S9#C03#3#72,Snapshot Serengeti : C03,2,african bush elephant,12-12-2014 14:29:52,9,train
https://storage.googleapis.com/public-datasets-lila/snapshot-safari-2024-expansion/MAD/MAD_S3/MAD06/MAD06_R08/MAD_S3_MAD06_R08_IMAG0318.JPG,Snapshot Safari 2024 Expansion : MAD/MAD_S3/MAD06/MAD06_R08/MAD_S3_MAD06_R08_IMAG0318.JPG,Snapshot Safari 2024 Expansion : MAD_S3#MAD06#08#106,Snapshot Safari 2024 Expansion : MAD_S3_MAD06,2,african bush elephant,,9,train
https://storage.googleapis.com/public-datasets-lila/snapshotserengeti-unzipped/S7/H06/H06_R2/S7_H06_R2_IMAG1040.JPG,Snapshot Serengeti : S7/H06/H06_R2/S7_H06_R2_IMAG1040,Snapshot Serengeti : SER_S7#H06#2#370,Snapshot Serengeti : H06,1,african bush elephant,07-27-2013 20:03:47,9,train
https://storage.googleapis.com/public-datasets-lila/snapshot-safari-2024-expansion/Snapshot Cameo/DEB/DEB_S1/M3/M3_R42/DEB_S1_M3_R42_IMAG0325.JPG,Snapshot Safari 2024 Expansion : Snapshot Cameo/DEB/DEB_S1/M3/M3_R42/DEB_S1_M3_R42_IMAG0325.JPG,Snapshot Safari 2024 Expansion : DEB_S1#M3#42#325,Snapshot Safari 2024 Expansion : DEB_S1_M3,0,african bush elephant,,9,train
https://storage.googleapis.com/public-datasets-lila/snapshot-safari-2024-expansion/MAD/MAD_S2/MAD05/MAD05_R6/MAD_S2_MAD05_R6_IMAG0939.JPG,Snapshot Safari 2024 Expansion : MAD/MAD_S2/MAD05/MAD05_R6/MAD_S2_MAD05_R6_IMAG0939.JPG,Snapshot Safari 2024 Expansion : MAD_S2#MAD05#6#313,Snapshot Safari 2024 Expansion : MAD_S2_MAD05,2,african bush elephant,,9,val
https://storage.googleapis.com/public-datasets-lila/snapshot-safari-2024-expansion/SER/SER_S12/F07/F07_R1/SER_S12_F07_R1_IMAG0284.JPG,Snapshot Safari 2024 Expansion : SER/SER_S12/F07/F07_R1/SER_S12_F07_R1_IMAG0284.JPG,Snapshot Safari 2024 Expansion : SER_S12#F07#1#104,Snapshot Safari 2024 Expansion : SER_S12_F07,2,african bush elephant,,9,test
https://storage.googleapis.com/public-datasets-lila/snapshot-safari-2024-expansion/MAD/MAD_S2/MAD03/MAD03_R6/MAD_S2_MAD03_R6_IMAG4080.JPG,Snapshot Safari 2024 Expansion : MAD/MAD_S2/MAD03/MAD03_R6/MAD_S2_MAD03_R6_IMAG4080.JPG,Snapshot Safari 2024 Expansion : MAD_S2#MAD03#6#1360,Snapshot Safari 2024 Expansion : MAD_S2_MAD03,2,african bush elephant,,9,train
https://storage.googleapis.com/public-datasets-lila/snapshot-safari-2024-expansion/Snapshot Cameo/EFA/EFA_S1/EFA06/EFA06_R31/EFA_S1_EFA06_R31_IMAG0839.JPG,Snapshot Safari 2024 Expansion : Snapshot Cameo/EFA/EFA_S1/EFA06/EFA06_R31/EFA_S1_EFA06_R31_IMAG0839.JPG,Snapshot Safari 2024 Expansion : EFA_S1#EFA06#31#256,Snapshot Safari 2024 Expansion : EFA_S1_EFA06,0,african bush elephant,,9,train
https://storage.googleapis.com/public-datasets-lila/snapshot-safari-2024-expansion/MAD/MAD_S2/MAD03/MAD03_R7/MAD_S2_MAD03_R7_IMAG1332.JPG,Snapshot Safari 2024 Expansion : MAD/MAD_S2/MAD03/MAD03_R7/MAD_S2_MAD03_R7_IMAG1332.JPG,Snapshot Safari 2024 Expansion : MAD_S2#MAD03#7#444,Snapshot Safari 2024 Expansion : MAD_S2_MAD03,2,african bush elephant,,9,train
https://storage.googleapis.com/public-datasets-lila/snapshot-safari-2024-expansion/MAD/MAD_S3/H08/H08_R08/MAD_S3_H08_R08_IMAG0077.JPG,Snapshot Safari 2024 Expansion : MAD/MAD_S3/H08/H08_R08/MAD_S3_H08_R08_IMAG0077.JPG,Snapshot Safari 2024 Expansion : MAD_S3#H08#08#26,Snapshot Safari 2024 Expansion : MAD_S3_H08,1,african bush elephant,,9,train
https://storage.googleapis.com/public-datasets-lila/snapshot-safari-2024-expansion/SER/SER_S12/P13/P13_R2/SER_S12_P13_R2_IMAG0172.JPG,Snapshot Safari 2024 Expansion : SER/SER_S12/P13/P13_R2/SER_S12_P13_R2_IMAG0172.JPG,Snapshot Safari 2024 Expansion : SER_S12#P13#2#170,Snapshot Safari 2024 Expansion : SER_S12_P13,0,african bush elephant,,9,train
https://storage.googleapis.com/public-datasets-lila/wcs-unzipped/animals/0344/1945.jpg,WCS Camera Traps : 44fd251f-92d5-11e9-b4e7-000d3a74c7de,WCS Camera Traps : ken-016-d0053-13,WCS Camera Traps : 1274,4,african bush elephant,02-23-2013 04:08:13,9,train
https://storage.googleapis.com/public-datasets-lila/snapshot-safari-2024-expansion/MAD/MAD_S1/D04/D04_R2/MAD_S1_D04_R2_IMAG0082.JPG,Snapshot Safari 2024 Expansion : MAD/MAD_S1/D04/D04_R2/MAD_S1_D04_R2_IMAG0082.JPG,Snapshot Safari 2024 Expansion : MAD_S1#D04#2#30,Snapshot Safari 2024 Expansion : MAD_S1_D04,0,african bush elephant,,9,train
https://storage.googleapis.com/public-datasets-lila/snapshotserengeti-unzipped/S9/L11/L11_R2/S9_L11_R2_IMAG0191.JPG,Snapshot Serengeti : S9/L11/L11_R2/S9_L11_R2_IMAG0191,Snapshot Serengeti : SER_S9#L11#2#81,Snapshot Serengeti : L11,1,african bush elephant,09-26-2014 13:59:32,9,val
https://storage.googleapis.com/public-datasets-lila/snapshotserengeti-unzipped/S3/I12/I12_R11/S3_I12_R11_IMAG0071.JPG,Snapshot Serengeti : S3/I12/I12_R11/S3_I12_R11_IMAG0071,Snapshot Serengeti : SER_S3#I12#11#37,Snapshot Serengeti : I12,3,african bush elephant,09-26-2011 09:46:10,9,train
https://storage.googleapis.com/public-datasets-lila/snapshotserengeti-unzipped/S1/H08/H08_R1/S1_H08_R1_PICT0365.JPG,Snapshot Serengeti : S1/H08/H08_R1/S1_H08_R1_PICT0365,Snapshot Serengeti : SER_S1#H08#1#123,Snapshot Serengeti : H08,1,african bush elephant,10-08-2010 11:26:30,9,train
https://storage.googleapis.com/public-datasets-lila/snapshotserengeti-unzipped/S5/H07/H07_R1/S5_H07_R1_IMAG2073.JPG,Snapshot Serengeti : S5/H07/H07_R1/S5_H07_R1_IMAG2073,Snapshot Serengeti : SER_S5#H07#1#966,Snapshot Serengeti : H07,1,african bush elephant,06-14-2012 13:31:46,9,train
https://storage.googleapis.com/public-datasets-lila/snapshot-safari-2024-expansion/MAD/MAD_S1/A04/A04_R2/MAD_S1_A04_R2_IMAG0088.JPG,Snapshot Safari 2024 Expansion : MAD/MAD_S1/A04/A04_R2/MAD_S1_A04_R2_IMAG0088.JPG,Snapshot Safari 2024 Expansion : MAD_S1#A04#2#31,Snapshot Safari 2024 Expansion : MAD_S1_A04,1,african bush elephant,,9,val
https://storage.googleapis.com/public-datasets-lila/snapshotserengeti-unzipped/S9/P11/P11_R1/S9_P11_R1_IMAG0395.JPG,Snapshot Serengeti : S9/P11/P11_R1/S9_P11_R1_IMAG0395,Snapshot Serengeti : SER_S9#P11#1#150,Snapshot Serengeti : P11,2,african bush elephant,07-28-2014 11:09:18,9,test
https://storage.googleapis.com/public-datasets-lila/snapshot-safari-2024-expansion/Snapshot Cameo/EFA/EFA_S1/EFA07/EFA07_R21/EFA_S1_EFA07_R21_IMAG0133.JPG,Snapshot Safari 2024 Expansion : Snapshot Cameo/EFA/EFA_S1/EFA07/EFA07_R21/EFA_S1_EFA07_R21_IMAG0133.JPG,Snapshot Safari 2024 Expansion : EFA_S1#EFA07#21#35,Snapshot Safari 2024 Expansion : EFA_S1_EFA07,1,african bush elephant,,9,train
https://storage.googleapis.com/public-datasets-lila/snapshot-safari-2024-expansion/MAD/MAD_S3/MAD05/MAD05_R10/MAD_S3_MAD05_R10_IMAG0270.JPG,Snapshot Safari 2024 Expansion : MAD/MAD_S3/MAD05/MAD05_R10/MAD_S3_MAD05_R10_IMAG0270.JPG,Snapshot Safari 2024 Expansion : MAD_S3#MAD05#10#90,Snapshot Safari 2024 Expansion : MAD_S3_MAD05,2,african bush elephant,,9,train
https://storage.googleapis.com/public-datasets-lila/snapshotserengeti-unzipped/S5/J01/J01_R2/S5_J01_R2_IMAG0623.JPG,Snapshot Serengeti : S5/J01/J01_R2/S5_J01_R2_IMAG0623,Snapshot Serengeti : SER_S5#J01#2#255,Snapshot Serengeti : J01,2,african bush elephant,09-17-2012 14:41:57,9,val
https://storage.googleapis.com/public-datasets-lila/snapshot-safari-2024-expansion/Snapshot Cameo/EFA/EFA_S1/EFA08/EFA08_R2/EFA_S1_EFA08_R2_IMAG1305.JPG,Snapshot Safari 2024 Expansion : Snapshot Cameo/EFA/EFA_S1/EFA08/EFA08_R2/EFA_S1_EFA08_R2_IMAG1305.JPG,Snapshot Safari 2024 Expansion : EFA_S1#EFA08#2#290,Snapshot Safari 2024 Expansion : EFA_S1_EFA08,1,african bush elephant,,9,test
https://storage.googleapis.com/public-datasets-lila/snapshot-safari-2024-expansion/Snapshot Cameo/EFA/EFA_S1/EFA02/EFA02_R5/EFA_S1_EFA02_R5_IMAG0022.jpg,Snapshot Safari 2024 Expansion : Snapshot Cameo/EFA/EFA_S1/EFA02/EFA02_R5/EFA_S1_EFA02_R5_IMAG0022.jpg,Snapshot Safari 2024 Expansion : EFA_S1#EFA02#5#9,Snapshot Safari 2024 Expansion : EFA_S1_EFA02,0,african bush elephant,,9,train
https://storage.googleapis.com/public-datasets-lila/snapshotserengeti-unzipped/S1/B06/B06_R1/S1_B06_R1_PICT0039.JPG,Snapshot Serengeti : S1/B06/B06_R1/S1_B06_R1_PICT0039,Snapshot Serengeti : SER_S1#B06#1#39,Snapshot Serengeti : B06,1,african bush elephant,07-31-2010 12:19:46,9,train
https://storage.googleapis.com/public-datasets-lila/snapshot-safari-2024-expansion/MAD/MAD_S2/MAD06/MAD06_R6/MAD_S2_MAD06_R6_IMAG3994.JPG,Snapshot Safari 2024 Expansion : MAD/MAD_S2/MAD06/MAD06_R6/MAD_S2_MAD06_R6_IMAG3994.JPG,Snapshot Safari 2024 Expansion : MAD_S2#MAD06#6#1332,Snapshot Safari 2024 Expansion : MAD_S2_MAD06,0,african bush elephant,,9,val
https://storage.googleapis.com/public-datasets-lila/snapshot-safari-2024-expansion/KRU/KRU_S3/1/1_R5/KRU_S3_1_R5_IMAG0118.JPG,Snapshot Safari 2024 Expansion : KRU/KRU_S3/1/1_R5/KRU_S3_1_R5_IMAG0118.JPG,Snapshot Safari 2024 Expansion : KRU_S3#1#5#42,Snapshot Safari 2024 Expansion : KRU_S3_1,0,african bush elephant,,9,train
https://storage.googleapis.com/public-datasets-lila/wcs-unzipped/animals/0226/1717.jpg,WCS Camera Traps : 197bad5e-92d5-11e9-bed6-000d3a74c7de,WCS Camera Traps : ken-007-d0093-105,WCS Camera Traps : 1317,21,african bush elephant,02-18-2012 10:48:42,9,test
https://storage.googleapis.com/public-datasets-lila/snapshotserengeti-unzipped/S9/B13/B13_R2/S9_B13_R2_IMAG0629.JPG,Snapshot Serengeti : S9/B13/B13_R2/S9_B13_R2_IMAG0629,Snapshot Serengeti : SER_S9#B13#2#240,Snapshot Serengeti : B13,3,african bush elephant,09-24-2014 11:37:27,9,train
https://storage.googleapis.com/public-datasets-lila/snapshot-safari-2024-expansion/MAD/MAD_S2/MAD05/MAD05_R7/MAD_S2_MAD05_R7_IMAG0057.JPG,Snapshot Safari 2024 Expansion : MAD/MAD_S2/MAD05/MAD05_R7/MAD_S2_MAD05_R7_IMAG0057.JPG,Snapshot Safari 2024 Expansion : MAD_S2#MAD05#7#19,Snapshot Safari 2024 Expansion : MAD_S2_MAD05,2,african bush elephant,,9,val
https://storage.googleapis.com/public-datasets-lila/snapshotserengeti-unzipped/S7/F08/F08_R2/S7_F08_R2_IMAG0606.JPG,Snapshot Serengeti : S7/F08/F08_R2/S7_F08_R2_IMAG0606,Snapshot Serengeti : SER_S7#F08#2#224,Snapshot Serengeti : F08,2,african bush elephant,08-24-2013 18:52:09,9,val
https://storage.googleapis.com/public-datasets-lila/snapshotserengeti-unzipped/S2/I07/I07_R5/S2_I07_R5_PICT0099.JPG,Snapshot Serengeti : S2/I07/I07_R5/S2_I07_R5_PICT0099,Snapshot Serengeti : SER_S2#I07#5#34,Snapshot Serengeti : I07,2,african bush elephant,06-24-2011 20:20:24,9,val
https://storage.googleapis.com/public-datasets-lila/snapshotserengeti-unzipped/S7/N06/N06_R1/S7_N06_R1_IMAG0162.JPG,Snapshot Serengeti : S7/N06/N06_R1/S7_N06_R1_IMAG0162,Snapshot Serengeti : SER_S7#N06#1#58,Snapshot Serengeti : N06,3,african bush elephant,05-21-2013 15:01:32,9,train
https://storage.googleapis.com/public-datasets-lila/snapshotserengeti-unzipped/S1/K10/K10_R1/S1_K10_R1_PICT0353.JPG,Snapshot Serengeti : S1/K10/K10_R1/S1_K10_R1_PICT0353,Snapshot Serengeti : SER_S1#K10#1#119,Snapshot Serengeti : K10,1,african bush elephant,10-09-2010 13:34:50,9,train
https://storage.googleapis.com/public-datasets-lila/snapshot-safari-2024-expansion/MAD/MAD_S1/MAD04/MAD04_R3/MAD_S1_MAD04_R3_IMAG3078.JPG,Snapshot Safari 2024 Expansion : MAD/MAD_S1/MAD04/MAD04_R3/MAD_S1_MAD04_R3_IMAG3078.JPG,Snapshot Safari 2024 Expansion : MAD_S1#MAD04#3#1026,Snapshot Safari 2024 Expansion : MAD_S1_MAD04,2,african bush elephant,,9,val
https://storage.googleapis.com/public-datasets-lila/snapshot-safari-2024-expansion/SER/SER_S12/C03/C03_R2/SER_S12_C03_R2_IMAG0605.JPG,Snapshot Safari 2024 Expansion : SER/SER_S12/C03/C03_R2/SER_S12_C03_R2_IMAG0605.JPG,Snapshot Safari 2024 Expansion : SER_S12#C03#2#235,Snapshot Safari 2024 Expansion : SER_S12_C03,2,african bush elephant,,9,test
https://storage.googleapis.com/public-datasets-lila/snapshot-safari-2024-expansion/APN/APN_S3/DW/DW_R10/APN_S3_DW_R10_IMAG0510.JPG,Snapshot Safari 2024 Expansion : APN/APN_S3/DW/DW_R10/APN_S3_DW_R10_IMAG0510.JPG,Snapshot Safari 2024 Expansion : APN_S3#DW#10#204,Snapshot Safari 2024 Expansion : APN_S3_DW,2,african bush elephant,,9,train
https://storage.googleapis.com/public-datasets-lila/snapshotserengeti-unzipped/S3/B05/B05_R12/S3_B05_R12_IMAG0172.JPG,Snapshot Serengeti : S3/B05/B05_R12/S3_B05_R12_IMAG0172,Snapshot Serengeti : SER_S3#B05#12#65,Snapshot Serengeti : B05,2,african bush elephant,11-09-2011 10:26:17,9,train
https://storage.googleapis.com/public-datasets-lila/snapshotserengeti-unzipped/S3/F07/F07_R12/S3_F07_R12_IMAG0739.JPG,Snapshot Serengeti : S3/F07/F07_R12/S3_F07_R12_IMAG0739,Snapshot Serengeti : SER_S3#F07#12#283,Snapshot Serengeti : F07,1,african bush elephant,12-14-2011 08:29:55,9,test
https://storage.googleapis.com/public-datasets-lila/snapshot-safari-2024-expansion/MAD/MAD_S1/MAD06/MAD06_R3/MAD_S1_MAD06_R3_IMAG1686.JPG,Snapshot Safari 2024 Expansion : MAD/MAD_S1/MAD06/MAD06_R3/MAD_S1_MAD06_R3_IMAG1686.JPG,Snapshot Safari 2024 Expansion : MAD_S1#MAD06#3#562,Snapshot Safari 2024 Expansion : MAD_S1_MAD06,2,african bush elephant,,9,test
https://storage.googleapis.com/public-datasets-lila/snapshot-safari-2024-expansion/APN/APN_S4/WB4/WB4_R8/APN_S4_WB4_R8_IMAG1004.JPG,Snapshot Safari 2024 Expansion : APN/APN_S4/WB4/WB4_R8/APN_S4_WB4_R8_IMAG1004.JPG,Snapshot Safari 2024 Expansion : APN_S4#WB4#8#471,Snapshot Safari 2024 Expansion : APN_S4_WB4,1,african bush elephant,,9,train
https://storage.googleapis.com/public-datasets-lila/snapshotserengeti-unzipped/S4/O10/O10_R1/S4_O10_R1_IMAG0064.JPG,Snapshot Serengeti : S4/O10/O10_R1/S4_O10_R1_IMAG0064,Snapshot Serengeti : SER_S4#O10#1#23,Snapshot Serengeti : O10,2,african bush elephant,02-08-2012 16:03:02,9,train
https://storage.googleapis.com/public-datasets-lila/snapshot-safari-2024-expansion/APN/APN_S4/U23a/U23a_R13/APN_S4_U23a_R13_IMAG0277.JPG,Snapshot Safari 2024 Expansion : APN/APN_S4/U23a/U23a_R13/APN_S4_U23a_R13_IMAG0277.JPG,Snapshot Safari 2024 Expansion : APN_S4#U23a#13#133,Snapshot Safari 2024 Expansion : APN_S4_U23A,2,african bush elephant,,9,train
https://storage.googleapis.com/public-datasets-lila/snapshotserengeti-unzipped/S8/I07/I07_R2/S8_I07_R2_IMAG2140.JPG,Snapshot Serengeti : S8/I07/I07_R2/S8_I07_R2_IMAG2140,Snapshot Serengeti : SER_S8#I07#2#735,Snapshot Serengeti : I07,2,african bush elephant,03-09-2014 13:27:06,9,val
https://storage.googleapis.com/public-datasets-lila/snapshotserengeti-unzipped/S1/H13/H13_R1/S1_H13_R1_PICT0110.JPG,Snapshot Serengeti : S1/H13/H13_R1/S1_H13_R1_PICT0110,Snapshot Serengeti : SER_S1#H13#1#38,Snapshot Serengeti : H13,1,african bush elephant,10-05-2010 11:01:02,9,train
https://storage.googleapis.com/public-datasets-lila/snapshotserengeti-unzipped/S4/I12/I12_R1/S4_I12_R1_IMAG0544.JPG,Snapshot Serengeti : S4/I12/I12_R1/S4_I12_R1_IMAG0544,Snapshot Serengeti : SER_S4#I12#1#227,Snapshot Serengeti : I12,1,african bush elephant,02-19-2012 08:52:11,9,train
https://storage.googleapis.com/public-datasets-lila/snapshot-safari-2024-expansion/Snapshot Cameo/EFA/EFA_S1/EFA07/EFA07_R20/EFA_S1_EFA07_R20_IMAG0674.JPG,Snapshot Safari 2024 Expansion : Snapshot Cameo/EFA/EFA_S1/EFA07/EFA07_R20/EFA_S1_EFA07_R20_IMAG0674.JPG,Snapshot Safari 2024 Expansion : EFA_S1#EFA07#20#197,Snapshot Safari 2024 Expansion : EFA_S1_EFA07,2,african bush elephant,,9,train
https://storage.googleapis.com/public-datasets-lila/snapshot-safari-2024-expansion/SER/SER_S13/S09/S09_R3/SER_S13_S09_R3_IMAG0020.JPG,Snapshot Safari 2024 Expansion : SER/SER_S13/S09/S09_R3/SER_S13_S09_R3_IMAG0020.JPG,Snapshot Safari 2024 Expansion : SER_S13#S09#3#18,Snapshot Safari 2024 Expansion : SER_S13_S09,0,african bush elephant,,9,train
https://storage.googleapis.com/public-datasets-lila/snapshotserengeti-unzipped/S10/D04/D04_R1/S10_D04_R1_IMAG0211.JPG,Snapshot Serengeti : S10/D04/D04_R1/S10_D04_R1_IMAG0211,Snapshot Serengeti : SER_S10#D04#1#93,Snapshot Serengeti : D04,1,african bush elephant,02-28-2015 07:48:34,9,test
https://storage.googleapis.com/public-datasets-lila/snapshotserengeti-unzipped/S5/K10/K10_R2/S5_K10_R2_IMAG1369.JPG,Snapshot Serengeti : S5/K10/K10_R2/S5_K10_R2_IMAG1369,Snapshot Serengeti : SER_S5#K10#2#468,Snapshot Serengeti : K10,2,african bush elephant,09-30-2012 14:23:22,9,train
https://storage.googleapis.com/public-datasets-lila/snapshotserengeti-unzipped/S5/K10/K10_R1/S5_K10_R1_IMAG0590.JPG,Snapshot Serengeti : S5/K10/K10_R1/S5_K10_R1_IMAG0590,Snapshot Serengeti : SER_S5#K10#1#205,Snapshot Serengeti : K10,1,african bush elephant,07-13-2012 16:11:11,9,train
https://storage.googleapis.com/public-datasets-lila/snapshot-safari-2024-expansion/MAD/MAD_S2/G08/G08_R5/MAD_S2_G08_R5_IMAG0263.JPG,Snapshot Safari 2024 Expansion : MAD/MAD_S2/G08/G08_R5/MAD_S2_G08_R5_IMAG0263.JPG,Snapshot Safari 2024 Expansion : MAD_S2#G08#5#88,Snapshot Safari 2024 Expansion : MAD_S2_G08,1,african bush elephant,,9,train
https://storage.googleapis.com/public-datasets-lila/snapshotserengeti-unzipped/S7/T09/T09_R2/S7_T09_R2_IMAG0236.JPG,Snapshot Serengeti : S7/T09/T09_R2/S7_T09_R2_IMAG0236,Snapshot Serengeti : SER_S7#T09#2#124,Snapshot Serengeti : T09,1,african bush elephant,09-16-2013 14:09:48,9,train
https://storage.googleapis.com/public-datasets-lila/snapshotserengeti-unzipped/S5/G02/G02_R3/S5_G02_R3_IMAG0697.JPG,Snapshot Serengeti : S5/G02/G02_R3/S5_G02_R3_IMAG0697,Snapshot Serengeti : SER_S5#G02#3#341,Snapshot Serengeti : G02,1,african bush elephant,10-29-2012 17:36:06,9,train
https://storage.googleapis.com/public-datasets-lila/snapshot-safari-2024-expansion/MAD/MAD_S1/MAD04/MAD04_R3/MAD_S1_MAD04_R3_IMAG1583.JPG,Snapshot Safari 2024 Expansion : MAD/MAD_S1/MAD04/MAD04_R3/MAD_S1_MAD04_R3_IMAG1583.JPG,Snapshot Safari 2024 Expansion : MAD_S1#MAD04#3#528,Snapshot Safari 2024 Expansion : MAD_S1_MAD04,1,african bush elephant,,9,val
https://storage.googleapis.com/public-datasets-lila/snapshot-safari-2024-expansion/Snapshot Cameo/EFA/EFA_S1/EFA06/EFA06_R22/EFA_S1_EFA06_R22_IMAG0373.JPG,Snapshot Safari 2024 Expansion : Snapshot Cameo/EFA/EFA_S1/EFA06/EFA06_R22/EFA_S1_EFA06_R22_IMAG0373.JPG,Snapshot Safari 2024 Expansion : EFA_S1#EFA06#22#316,Snapshot Safari 2024 Expansion : EFA_S1_EFA06,1,african bush elephant,,9,train
https://storage.googleapis.com/public-datasets-lila/snapshot-safari-2024-expansion/MAD/MAD_S3/MAD01/MAD01_R08/MAD_S3_MAD01_R08_IMAG1338.JPG,Snapshot Safari 2024 Expansion : MAD/MAD_S3/MAD01/MAD01_R08/MAD_S3_MAD01_R08_IMAG1338.JPG,Snapshot Safari 2024 Expansion : MAD_S3#MAD01#08#446,Snapshot Safari 2024 Expansion : MAD_S3_MAD01,2,african bush elephant,,9,train
https://storage.googleapis.com/public-datasets-lila/snapshot-safari-2024-expansion/Snapshot Cameo/EFA/EFA_S1/EFA06/EFA06_R31/EFA_S1_EFA06_R31_IMAG0031.JPG,Snapshot Safari 2024 Expansion : Snapshot Cameo/EFA/EFA_S1/EFA06/EFA06_R31/EFA_S1_EFA06_R31_IMAG0031.JPG,Snapshot Safari 2024 Expansion : EFA_S1#EFA06#31#14,Snapshot Safari 2024 Expansion : EFA_S1_EFA06,1,african bush elephant,,9,train
https://storage.googleapis.com/public-datasets-lila/snapshot-safari-2024-expansion/Snapshot Cameo/EFA/EFA_S1/EFA08/EFA08_R32/EFA_S1_EFA08_R32_IMAG0192.JPG,Snapshot Safari 2024 Expansion : Snapshot Cameo/EFA/EFA_S1/EFA08/EFA08_R32/EFA_S1_EFA08_R32_IMAG0192.JPG,Snapshot Safari 2024 Expansion : EFA_S1#EFA08#32#49,Snapshot Safari 2024 Expansion : EFA_S1_EFA08,0,african bush elephant,,9,test
https://storage.googleapis.com/public-datasets-lila/snapshotserengeti-unzipped/S5/E05/E05_R1/S5_E05_R1_IMAG0287.JPG,Snapshot Serengeti : S5/E05/E05_R1/S5_E05_R1_IMAG0287,Snapshot Serengeti : SER_S5#E05#1#137,Snapshot Serengeti : E05,1,african bush elephant,05-31-2012 17:02:55,9,test
https://storage.googleapis.com/public-datasets-lila/snapshot-safari-2024-expansion/KRU/KRU_S1/30/30_R1/KRU_S1_30_R1_IMAG0023.JPG,Snapshot Safari 2024 Expansion : KRU/KRU_S1/30/30_R1/KRU_S1_30_R1_IMAG0023.JPG,Snapshot Safari 2024 Expansion : KRU_S1#30#1#11,Snapshot Safari 2024 Expansion : KRU_S1_30,0,african bush elephant,,9,test
https://storage.googleapis.com/public-datasets-lila/snapshot-safari-2024-expansion/RUA/RUA_S1/M2/M2_R2/RUA_S1_M2_R2_IMAG0413.JPG,Snapshot Safari 2024 Expansion : RUA/RUA_S1/M2/M2_R2/RUA_S1_M2_R2_IMAG0413.JPG,Snapshot Safari 2024 Expansion : RUA_S1#M2#2#413,Snapshot Safari 2024 Expansion : RUA_S1_M2,0,african bush elephant,,9,train
https://storage.googleapis.com/public-datasets-lila/snapshot-safari-2024-expansion/APN/APN_S4/LL5/LL5_R8/APN_S4_LL5_R8_IMAG0903.JPG,Snapshot Safari 2024 Expansion : APN/APN_S4/LL5/LL5_R8/APN_S4_LL5_R8_IMAG0903.JPG,Snapshot Safari 2024 Expansion : APN_S4#LL5#8#393,Snapshot Safari 2024 Expansion : APN_S4_LL5,0,african bush elephant,,9,train
https://storage.googleapis.com/public-datasets-lila/snapshot-safari-2024-expansion/Snapshot Cameo/EFA/EFA_S1/EFA07/EFA07_R45/EFA_S1_EFA07_R45_IMAG0806.JPG,Snapshot Safari 2024 Expansion : Snapshot Cameo/EFA/EFA_S1/EFA07/EFA07_R45/EFA_S1_EFA07_R45_IMAG0806.JPG,Snapshot Safari 2024 Expansion : EFA_S1#EFA07#45#146,Snapshot Safari 2024 Expansion : EFA_S1_EFA07,0,african bush elephant,,9,train
https://storage.googleapis.com/public-datasets-lila/snapshot-safari-2024-expansion/MAD/MAD_S3/H08/H08_R09/MAD_S3_H08_R09_IMAG0213.JPG,Snapshot Safari 2024 Expansion : MAD/MAD_S3/H08/H08_R09/MAD_S3_H08_R09_IMAG0213.JPG,Snapshot Safari 2024 Expansion : MAD_S3#H08#09#71,Snapshot Safari 2024 Expansion : MAD_S3_H08,2,african bush elephant,,9,train
https://storage.googleapis.com/public-datasets-lila/snapshot-safari-2024-expansion/APN/APN_S3/K024/K024_R8/APN_S3_K024_R8_IMAG0434.JPG,Snapshot Safari 2024 Expansion : APN/APN_S3/K024/K024_R8/APN_S3_K024_R8_IMAG0434.JPG,Snapshot Safari 2024 Expansion : APN_S3#K024#8#182,Snapshot Safari 2024 Expansion : APN_S3_K024,0,african bush elephant,,9,train
https://storage.googleapis.com/public-datasets-lila/snapshot-safari-2024-expansion/MAD/MAD_S1/G05/G05_R2/MAD_S1_G05_R2_IMAG0099.JPG,Snapshot Safari 2024 Expansion : MAD/MAD_S1/G05/G05_R2/MAD_S1_G05_R2_IMAG0099.JPG,Snapshot Safari 2024 Expansion : MAD_S1#G05#2#50,Snapshot Safari 2024 Expansion : MAD_S1_G05,1,african bush elephant,,9,train
https://storage.googleapis.com/public-datasets-lila/snapshot-safari-2024-expansion/KRU/KRU_S2/41/41_R4/KRU_S2_41_R4_IMAG0042.JPG,Snapshot Safari 2024 Expansion : KRU/KRU_S2/41/41_R4/KRU_S2_41_R4_IMAG0042.JPG,Snapshot Safari 2024 Expansion : KRU_S2#41#4#15,Snapshot Safari 2024 Expansion : KRU_S2_41,1,african bush elephant,,9,train
https://storage.googleapis.com/public-datasets-lila/snapshot-safari-2024-expansion/APN/APN_S3/WM/WM_R9/APN_S3_WM_R9_IMAG0056.JPG,Snapshot Safari 2024 Expansion : APN/APN_S3/WM/WM_R9/APN_S3_WM_R9_IMAG0056.JPG,Snapshot Safari 2024 Expansion : APN_S3#WM#9#22,Snapshot Safari 2024 Expansion : APN_S3_WM,2,african bush elephant,,9,train
https://storage.googleapis.com/public-datasets-lila/snapshotserengeti-unzipped/S7/C03/C03_R1/S7_C03_R1_IMAG0306.JPG,Snapshot Serengeti : S7/C03/C03_R1/S7_C03_R1_IMAG0306,Snapshot Serengeti : SER_S7#C03#1#109,Snapshot Serengeti : C03,2,african bush elephant,05-20-2013 14:43:27,9,train
https://storage.googleapis.com/public-datasets-lila/snapshot-safari-2024-expansion/APN/APN_S3/RM4/RM4_R1/APN_S3_RM4_R1_IMAG0071.JPG,Snapshot Safari 2024 Expansion : APN/APN_S3/RM4/RM4_R1/APN_S3_RM4_R1_IMAG0071.JPG,Snapshot Safari 2024 Expansion : APN_S3#RM4#1#41,Snapshot Safari 2024 Expansion : APN_S3_RM4,1,african bush elephant,,9,train
https://storage.googleapis.com/public-datasets-lila/snapshot-safari-2024-expansion/MAD/MAD_S1/MAD04/MAD04_R4/MAD_S1_MAD04_R4_IMAG2714.JPG,Snapshot Safari 2024 Expansion : MAD/MAD_S1/MAD04/MAD04_R4/MAD_S1_MAD04_R4_IMAG2714.JPG,Snapshot Safari 2024 Expansion : MAD_S1#MAD04#4#905,Snapshot Safari 2024 Expansion : MAD_S1_MAD04,1,african bush elephant,,9,val
https://storage.googleapis.com/public-datasets-lila/snapshotserengeti-unzipped/S7/H13/H13_R2/S7_H13_R2_IMAG2910.JPG,Snapshot Serengeti : S7/H13/H13_R2/S7_H13_R2_IMAG2910,Snapshot Serengeti : SER_S7#H13#2#1097,Snapshot Serengeti : H13,1,african bush elephant,08-22-2013 22:18:03,9,train
https://storage.googleapis.com/public-datasets-lila/snapshot-safari-2024-expansion/MAD/MAD_S2/MAD05/MAD05_R7/MAD_S2_MAD05_R7_IMAG0127.JPG,Snapshot Safari 2024 Expansion : MAD/MAD_S2/MAD05/MAD05_R7/MAD_S2_MAD05_R7_IMAG0127.JPG,Snapshot Safari 2024 Expansion : MAD_S2#MAD05#7#43,Snapshot Safari 2024 Expansion : MAD_S2_MAD05,0,african bush elephant,,9,val
https://storage.googleapis.com/public-datasets-lila/snapshot-safari-2024-expansion/Snapshot Cameo/EFA/EFA_S1/EFA08/EFA08_R23/EFA_S1_EFA08_R23_IMAG0403.JPG,Snapshot Safari 2024 Expansion : Snapshot Cameo/EFA/EFA_S1/EFA08/EFA08_R23/EFA_S1_EFA08_R23_IMAG0403.JPG,Snapshot Safari 2024 Expansion : EFA_S1#EFA08#23#75,Snapshot Safari 2024 Expansion : EFA_S1_EFA08,0,african bush elephant,,9,test
https://storage.googleapis.com/public-datasets-lila/snapshot-safari-2024-expansion/MAD/MAD_S3/MAD04/MAD04_R10/MAD_S3_MAD04_R10_IMAG1377.JPG,Snapshot Safari 2024 Expansion : MAD/MAD_S3/MAD04/MAD04_R10/MAD_S3_MAD04_R10_IMAG1377.JPG,Snapshot Safari 2024 Expansion : MAD_S3#MAD04#10#459,Snapshot Safari 2024 Expansion : MAD_S3_MAD04,2,african bush elephant,,9,train
https://storage.googleapis.com/public-datasets-lila/wcs-unzipped/animals/0345/0119.jpg,WCS Camera Traps : 45067176-92d5-11e9-9b76-000d3a74c7de,WCS Camera Traps : ken-016-d0053-84,WCS Camera Traps : 1274,1,african bush elephant,03-10-2013 03:23:28,9,train
https://storage.googleapis.com/public-datasets-lila/snapshot-safari-2024-expansion/MAD/MAD_S2/MAD06/MAD06_R7/MAD_S2_MAD06_R7_IMAG0452.JPG,Snapshot Safari 2024 Expansion : MAD/MAD_S2/MAD06/MAD06_R7/MAD_S2_MAD06_R7_IMAG0452.JPG,Snapshot Safari 2024 Expansion : MAD_S2#MAD06#7#151,Snapshot Safari 2024 Expansion : MAD_S2_MAD06,1,african bush elephant,,9,val
