url_gcp,image_id,sequence_id,location_id,frame_num,common_name,datetime,class_number,subset
https://storage.googleapis.com/public-datasets-lila/nacti-unzipped/part0/sub089/CA-35_08_04_2015_CA-35_0002488.jpg,NACTI : CA-35_08_04_2015_CA-35_0002488.jpg,NACTI : unknown,NACTI : lebec_CA-35,-1,wild boar,,6,train
https://storage.googleapis.com/public-datasets-lila/nacti-unzipped/part0/sub088/CA-34_11_08_2016_CA-34_0031634.JPG,NACTI : CA-34_11_08_2016_CA-34_0031634.JPG,NACTI : unknown,NACTI : lebec_CA-34,-1,wild boar,,6,train
https://storage.googleapis.com/public-datasets-lila/nacti-unzipped/part2/sub230/FL-22_09_03_2015_FL-22_0072317.jpg,NACTI : FL-22_09_03_2015_FL-22_0072317.jpg,NACTI : unknown,NACTI : archbold_FL-22,-1,wild boar,,6,train
https://storage.googleapis.com/public-datasets-lila/nacti-unzipped/part1/sub171/FL-11_11_02_2015_FL-11_0013407.jpg,NACTI : FL-11_11_02_2015_FL-11_0013407.jpg,NACTI : unknown,NACTI : archbold_FL-11,-1,wild boar,,6,train
https://storage.googleapis.com/public-datasets-lila/nacti-unzipped/part0/sub058/CA-18_10_15_2015_CA-18_0020708.jpg,NACTI : CA-18_10_15_2015_CA-18_0020708.jpg,NACTI : unknown,NACTI : lebec_CA-18,-1,wild boar,,6,val
https://storage.googleapis.com/public-datasets-lila/nacti-unzipped/part0/sub092/CA-37_10_16_2015_CA-37_0020459.jpg,NACTI : CA-37_10_16_2015_CA-37_0020459.jpg,NACTI : unknown,NACTI : lebec_CA-37,-1,wild boar,,6,train
https://storage.googleapis.com/public-datasets-lila/nacti-unzipped/part1/sub128/FL-03_12_07_2015_FL-03_0046631.jpg,NACTI : FL-03_12_07_2015_FL-03_0046631.jpg,NACTI : unknown,NACTI : archbold_FL-03,-1,wild boar,,6,train
https://storage.googleapis.com/public-datasets-lila/nacti-unzipped/part0/sub077/CA-29_10_16_2015_CA-29_0028448.jpg,NACTI : CA-29_10_16_2015_CA-29_0028448.jpg,NACTI : unknown,NACTI : lebec_CA-29,-1,wild boar,,6,train
https://storage.googleapis.com/public-datasets-lila/nacti-unzipped/part2/sub276/FL-36_08_15_2016_FL-36_0022067.JPG,NACTI : FL-36_08_15_2016_FL-36_0022067.JPG,NACTI : unknown,NACTI : archbold_FL-36,-1,wild boar,,6,train
https://storage.googleapis.com/public-datasets-lila/nacti-unzipped/part2/sub239/FL-26_03_07_2016_FL-26_0025438.JPG,NACTI : FL-26_03_07_2016_FL-26_0025438.JPG,NACTI : unknown,NACTI : archbold_FL-26,-1,wild boar,,6,train
https://storage.googleapis.com/public-datasets-lila/nacti-unzipped/part1/sub106/CA-44_08_12_2015_CA-44_0002246.jpg,NACTI : CA-44_08_12_2015_CA-44_0002246.jpg,NACTI : unknown,NACTI : lebec_CA-44,-1,wild boar,,6,val
https://storage.googleapis.com/public-datasets-lila/nacti-unzipped/part1/sub106/CA-44_08_12_2015_CA-44_0003822.jpg,NACTI : CA-44_08_12_2015_CA-44_0003822.jpg,NACTI : unknown,NACTI : lebec_CA-44,-1,wild boar,,6,val
https://storage.googleapis.com/public-datasets-lila/nacti-unzipped/part0/sub088/CA-34_09_02_2016_CA-34_0029928.JPG,NACTI : CA-34_09_02_2016_CA-34_0029928.JPG,NACTI : unknown,NACTI : lebec_CA-34,-1,wild boar,,6,train
https://storage.googleapis.com/public-datasets-lila/nacti-unzipped/part1/sub193/FL-16_06_02_2015_FL-16_0032178.jpg,NACTI : FL-16_06_02_2015_FL-16_0032178.jpg,NACTI : unknown,NACTI : archbold_FL-16,-1,wild boar,,6,train
https://storage.googleapis.com/public-datasets-lila/nacti-unzipped/part0/sub055/CA-18_03_04_2016_CA-18_0021446.JPG,NACTI : CA-18_03_04_2016_CA-18_0021446.JPG,NACTI : unknown,NACTI : lebec_CA-18,-1,wild boar,,6,val
https://storage.googleapis.com/public-datasets-lila/nacti-unzipped/part1/sub132/FL-05_05_02_2016_FL-05_0037937.JPG,NACTI : FL-05_05_02_2016_FL-05_0037937.JPG,NACTI : unknown,NACTI : archbold_FL-05,-1,wild boar,,6,train
https://storage.googleapis.com/public-datasets-lila/nacti-unzipped/part1/sub170/FL-10_12_08_2015_FL-10_0010842.jpg,NACTI : FL-10_12_08_2015_FL-10_0010842.jpg,NACTI : unknown,NACTI : archbold_FL-10,-1,wild boar,,6,train
https://storage.googleapis.com/public-datasets-lila/nacti-unzipped/part0/sub041/CA-08_08_04_2015_CA-08_0001716.jpg,NACTI : CA-08_08_04_2015_CA-08_0001716.jpg,NACTI : unknown,NACTI : lebec_CA-08,-1,wild boar,,6,train
https://storage.googleapis.com/public-datasets-lila/nacti-unzipped/part0/sub038/CA-06_03_09_2015_CA-06_0000175.jpg,NACTI : CA-06_03_09_2015_CA-06_0000175.jpg,NACTI : unknown,NACTI : lebec_CA-06,-1,wild boar,,6,val
https://storage.googleapis.com/public-datasets-lila/nacti-unzipped/part2/sub279/FL-37_11_03_2015_FL-37_0000723.jpg,NACTI : FL-37_11_03_2015_FL-37_0000723.jpg,NACTI : unknown,NACTI : archbold_FL-37,-1,wild boar,,6,train
https://storage.googleapis.com/public-datasets-lila/nacti-unzipped/part1/sub171/FL-11_07_28_2015_FL-11_0011496.jpg,NACTI : FL-11_07_28_2015_FL-11_0011496.jpg,NACTI : unknown,NACTI : archbold_FL-11,-1,wild boar,,6,train
https://storage.googleapis.com/public-datasets-lila/nacti-unzipped/part0/sub081/CA-30_08_03_2015_CA-30_0017142.jpg,NACTI : CA-30_08_03_2015_CA-30_0017142.jpg,NACTI : unknown,NACTI : lebec_CA-30,-1,wild boar,,6,test
https://storage.googleapis.com/public-datasets-lila/nacti-unzipped/part2/sub208/FL-19_04_04_2016_FL-19_0048472.JPG,NACTI : FL-19_04_04_2016_FL-19_0048472.JPG,NACTI : unknown,NACTI : archbold_FL-19,-1,wild boar,,6,train
https://storage.googleapis.com/public-datasets-lila/nacti-unzipped/part1/sub109/CA-46_11_02_2015_CA-46_0010075.jpg,NACTI : CA-46_11_02_2015_CA-46_0010075.jpg,NACTI : unknown,NACTI : lebec_CA-46,-1,wild boar,,6,train
https://storage.googleapis.com/public-datasets-lila/nacti-unzipped/part1/sub189/FL-15_10_01_2015_FL-15_0009315.jpg,NACTI : FL-15_10_01_2015_FL-15_0009315.jpg,NACTI : unknown,NACTI : archbold_FL-15,-1,wild boar,,6,test
https://storage.googleapis.com/public-datasets-lila/nacti-unzipped/part1/sub174/FL-12_06_29_2015_FL-12_0000191.jpg,NACTI : FL-12_06_29_2015_FL-12_0000191.jpg,NACTI : unknown,NACTI : archbold_FL-12,-1,wild boar,,6,val
https://storage.googleapis.com/public-datasets-lila/nacti-unzipped/part1/sub102/CA-42_10_14_2015_CA-42_0011847.jpg,NACTI : CA-42_10_14_2015_CA-42_0011847.jpg,NACTI : unknown,NACTI : lebec_CA-42,-1,wild boar,,6,train
https://storage.googleapis.com/public-datasets-lila/nacti-unzipped/part1/sub122/FL-02_07_28_2015_FL-02_0038244.jpg,NACTI : FL-02_07_28_2015_FL-02_0038244.jpg,NACTI : unknown,NACTI : archbold_FL-02,-1,wild boar,,6,train
https://storage.googleapis.com/public-datasets-lila/nacti-unzipped/part1/sub116/FL-01_12_08_2015_FL-01_0038783.jpg,NACTI : FL-01_12_08_2015_FL-01_0038783.jpg,NACTI : unknown,NACTI : archbold_FL-01,-1,wild boar,,6,train
https://storage.googleapis.com/public-datasets-lila/nacti-unzipped/part1/sub101/CA-42_08_04_2015_CA-42_0008559.jpg,NACTI : CA-42_08_04_2015_CA-42_0008559.jpg,NACTI : unknown,NACTI : lebec_CA-42,-1,wild boar,,6,train
https://storage.googleapis.com/public-datasets-lila/nacti-unzipped/part1/sub109/CA-46_09_11_2015_CA-46_0008180.jpg,NACTI : CA-46_09_11_2015_CA-46_0008180.jpg,NACTI : unknown,NACTI : lebec_CA-46,-1,wild boar,,6,train
https://storage.googleapis.com/public-datasets-lila/nacti-unzipped/part2/sub208/FL-18_08_04_2016_FL-18_0026924.JPG,NACTI : FL-18_08_04_2016_FL-18_0026924.JPG,NACTI : unknown,NACTI : archbold_FL-18,-1,wild boar,,6,test
https://storage.googleapis.com/public-datasets-lila/nacti-unzipped/part2/sub251/FL-28_12_07_2015_FL-28_0042961.jpg,NACTI : FL-28_12_07_2015_FL-28_0042961.jpg,NACTI : unknown,NACTI : archbold_FL-28,-1,wild boar,,6,train
https://storage.googleapis.com/public-datasets-lila/nacti-unzipped/part1/sub104/CA-44_01_27_2016_CA-44_0008417.jpg,NACTI : CA-44_01_27_2016_CA-44_0008417.jpg,NACTI : unknown,NACTI : lebec_CA-44,-1,wild boar,,6,val
https://storage.googleapis.com/public-datasets-lila/nacti-unzipped/part2/sub232/FL-23_12_08_2015_FL-23_0017712.jpg,NACTI : FL-23_12_08_2015_FL-23_0017712.jpg,NACTI : unknown,NACTI : archbold_FL-23,-1,wild boar,,6,train
https://storage.googleapis.com/public-datasets-lila/nacti-unzipped/part1/sub108/CA-46_01_21_2016_CA-46_0011038.jpg,NACTI : CA-46_01_21_2016_CA-46_0011038.jpg,NACTI : unknown,NACTI : lebec_CA-46,-1,wild boar,,6,train
https://storage.googleapis.com/public-datasets-lila/nacti-unzipped/part0/sub051/CA-16_11_13_2015_CA-16_0002407.jpg,NACTI : CA-16_11_13_2015_CA-16_0002407.jpg,NACTI : unknown,NACTI : lebec_CA-16,-1,wild boar,,6,train
https://storage.googleapis.com/public-datasets-lila/nacti-unzipped/part2/sub230/FL-23_01_20_2016_FL-23_0018389.jpg,NACTI : FL-23_01_20_2016_FL-23_0018389.jpg,NACTI : unknown,NACTI : archbold_FL-23,-1,wild boar,,6,train
https://storage.googleapis.com/public-datasets-lila/nacti-unzipped/part2/sub285/FL-40_09_09_2016_FL-40_0026994.JPG,NACTI : FL-40_09_09_2016_FL-40_0026994.JPG,NACTI : unknown,NACTI : archbold_FL-40,-1,wild boar,,6,train
https://storage.googleapis.com/public-datasets-lila/nacti-unzipped/part2/sub278/FL-37_07_08_2016_FL-37_0020280.JPG,NACTI : FL-37_07_08_2016_FL-37_0020280.JPG,NACTI : unknown,NACTI : archbold_FL-37,-1,wild boar,,6,train
https://storage.googleapis.com/public-datasets-lila/nacti-unzipped/part1/sub106/CA-44_08_12_2015_CA-44_0002147.jpg,NACTI : CA-44_08_12_2015_CA-44_0002147.jpg,NACTI : unknown,NACTI : lebec_CA-44,-1,wild boar,,6,val
https://storage.googleapis.com/public-datasets-lila/nacti-unzipped/part0/sub062/CA-20_09_15_2015_CA-20_0011884.jpg,NACTI : CA-20_09_15_2015_CA-20_0011884.jpg,NACTI : unknown,NACTI : lebec_CA-20,-1,wild boar,,6,train
https://storage.googleapis.com/public-datasets-lila/nacti-unzipped/part2/sub283/FL-39_12_07_2015_FL-39_0001711.jpg,NACTI : FL-39_12_07_2015_FL-39_0001711.jpg,NACTI : unknown,NACTI : archbold_FL-39,-1,wild boar,,6,test
https://storage.googleapis.com/public-datasets-lila/nacti-unzipped/part2/sub206/FL-17_08_04_2016_FL-17_0085142.JPG,NACTI : FL-17_08_04_2016_FL-17_0085142.JPG,NACTI : unknown,NACTI : archbold_FL-17,-1,wild boar,,6,train
https://storage.googleapis.com/public-datasets-lila/nacti-unzipped/part1/sub108/CA-46_03_30_2015_CA-46_0000592.jpg,NACTI : CA-46_03_30_2015_CA-46_0000592.jpg,NACTI : unknown,NACTI : lebec_CA-46,-1,wild boar,,6,train
https://storage.googleapis.com/public-datasets-lila/nacti-unzipped/part2/sub288/FL-42_05_03_2016_FL-42_0009641.JPG,NACTI : FL-42_05_03_2016_FL-42_0009641.JPG,NACTI : unknown,NACTI : archbold_FL-42,-1,wild boar,,6,train
https://storage.googleapis.com/public-datasets-lila/nacti-unzipped/part2/sub266/FL-31_09_03_2015_FL-31_0022708.jpg,NACTI : FL-31_09_03_2015_FL-31_0022708.jpg,NACTI : unknown,NACTI : archbold_FL-31,-1,wild boar,,6,test
https://storage.googleapis.com/public-datasets-lila/nacti-unzipped/part2/sub213/FL-19_09_01_2016_FL-19_0066086.JPG,NACTI : FL-19_09_01_2016_FL-19_0066086.JPG,NACTI : unknown,NACTI : archbold_FL-19,-1,wild boar,,6,train
https://storage.googleapis.com/public-datasets-lila/nacti-unzipped/part2/sub226/FL-22_06_02_2016_FL-22_0110099.JPG,NACTI : FL-22_06_02_2016_FL-22_0110099.JPG,NACTI : unknown,NACTI : archbold_FL-22,-1,wild boar,,6,train
https://storage.googleapis.com/public-datasets-lila/nacti-unzipped/part0/sub065/CA-23_11_05_2015_CA-23_0020080.jpg,NACTI : CA-23_11_05_2015_CA-23_0020080.jpg,NACTI : unknown,NACTI : lebec_CA-23,-1,wild boar,,6,train
https://storage.googleapis.com/public-datasets-lila/nacti-unzipped/part2/sub242/FL-27_06_02_2016_FL-27_0058378.JPG,NACTI : FL-27_06_02_2016_FL-27_0058378.JPG,NACTI : unknown,NACTI : archbold_FL-27,-1,wild boar,,6,train
https://storage.googleapis.com/public-datasets-lila/nacti-unzipped/part2/sub241/FL-27_06_02_2015_FL-27_0003393.jpg,NACTI : FL-27_06_02_2015_FL-27_0003393.jpg,NACTI : unknown,NACTI : archbold_FL-27,-1,wild boar,,6,train
https://storage.googleapis.com/public-datasets-lila/wcs-unzipped/animals/0408/1716.jpg,WCS Camera Traps : 5c23e7c0-92d5-11e9-a7d6-000d3a74c7de,WCS Camera Traps : idn-003-d0155-7,WCS Camera Traps : 2887,1,wild boar,08-16-2010 09:07:33,6,test
https://storage.googleapis.com/public-datasets-lila/nacti-unzipped/part0/sub059/CA-20_02_11_2016_CA-20_0012937.jpg,NACTI : CA-20_02_11_2016_CA-20_0012937.jpg,NACTI : unknown,NACTI : lebec_CA-20,-1,wild boar,,6,train
https://storage.googleapis.com/public-datasets-lila/nacti-unzipped/part2/sub287/FL-41_07_06_2016_FL-41_0036134.JPG,NACTI : FL-41_07_06_2016_FL-41_0036134.JPG,NACTI : unknown,NACTI : archbold_FL-41,-1,wild boar,,6,train
https://storage.googleapis.com/public-datasets-lila/nacti-unzipped/part1/sub104/CA-43_10_16_2015_CA-43_0005530.jpg,NACTI : CA-43_10_16_2015_CA-43_0005530.jpg,NACTI : unknown,NACTI : lebec_CA-43,-1,wild boar,,6,val
https://storage.googleapis.com/public-datasets-lila/nacti-unzipped/part0/sub041/CA-07_10_11_2016_CA-07_0014417.JPG,NACTI : CA-07_10_11_2016_CA-07_0014417.JPG,NACTI : unknown,NACTI : lebec_CA-07,-1,wild boar,,6,test
https://storage.googleapis.com/public-datasets-lila/nacti-unzipped/part1/sub193/FL-16_06_02_2015_FL-16_0038728.jpg,NACTI : FL-16_06_02_2015_FL-16_0038728.jpg,NACTI : unknown,NACTI : archbold_FL-16,-1,wild boar,,6,train
https://storage.googleapis.com/public-datasets-lila/nacti-unzipped/part0/sub061/CA-20_08_13_2015_CA-20_0009104.jpg,NACTI : CA-20_08_13_2015_CA-20_0009104.jpg,NACTI : unknown,NACTI : lebec_CA-20,-1,wild boar,,6,train
https://storage.googleapis.com/public-datasets-lila/nacti-unzipped/part0/sub058/CA-18_11_08_2016_CA-18_0042215.JPG,NACTI : CA-18_11_08_2016_CA-18_0042215.JPG,NACTI : unknown,NACTI : lebec_CA-18,-1,wild boar,,6,val
https://storage.googleapis.com/public-datasets-lila/nacti-unzipped/part0/sub058/CA-18_10_06_2016_CA-18_0039861.JPG,NACTI : CA-18_10_06_2016_CA-18_0039861.JPG,NACTI : unknown,NACTI : lebec_CA-18,-1,wild boar,,6,val
https://storage.googleapis.com/public-datasets-lila/nacti-unzipped/part2/sub272/FL-35_01_12_2016_FL-35_0017323.JPG,NACTI : FL-35_01_12_2016_FL-35_0017323.JPG,NACTI : unknown,NACTI : archbold_FL-35,-1,wild boar,,6,val
https://storage.googleapis.com/public-datasets-lila/nacti-unzipped/part1/sub192/FL-16_06_02_2015_FL-16_0015758.jpg,NACTI : FL-16_06_02_2015_FL-16_0015758.jpg,NACTI : unknown,NACTI : archbold_FL-16,-1,wild boar,,6,train
https://storage.googleapis.com/public-datasets-lila/missouricameratraps/images/Set1/1.59-Wild_Boar/SEQ76695/SEQ76695_IMG_0003.JPG,Missouri Camera Traps : 97e75740-5c15-11ee-8d73-04421a1b1283,Missouri Camera Traps : SEQ76695,Missouri Camera Traps : missouri_camera_traps,10,wild boar,,6,train
https://storage.googleapis.com/public-datasets-lila/nacti-unzipped/part0/sub099/CA-41_08_05_2016_CA-41_0026132.JPG,NACTI : CA-41_08_05_2016_CA-41_0026132.JPG,NACTI : unknown,NACTI : lebec_CA-41,-1,wild boar,,6,train
https://storage.googleapis.com/public-datasets-lila/nacti-unzipped/part2/sub222/FL-22_06_02_2015_FL-22_0009999.jpg,NACTI : FL-22_06_02_2015_FL-22_0009999.jpg,NACTI : unknown,NACTI : archbold_FL-22,-1,wild boar,,6,train
https://storage.googleapis.com/public-datasets-lila/nacti-unzipped/part0/sub082/CA-30_10_31_2016_CA-30_0061362.JPG,NACTI : CA-30_10_31_2016_CA-30_0061362.JPG,NACTI : unknown,NACTI : lebec_CA-30,-1,wild boar,,6,test
https://storage.googleapis.com/public-datasets-lila/nacti-unzipped/part0/sub099/CA-41_09_02_2016_CA-41_0026613.JPG,NACTI : CA-41_09_02_2016_CA-41_0026613.JPG,NACTI : unknown,NACTI : lebec_CA-41,-1,wild boar,,6,train
https://storage.googleapis.com/public-datasets-lila/nacti-unzipped/part2/sub231/FL-23_06_02_2016_FL-23_0022032.JPG,NACTI : FL-23_06_02_2016_FL-23_0022032.JPG,NACTI : unknown,NACTI : archbold_FL-23,-1,wild boar,,6,train
https://storage.googleapis.com/public-datasets-lila/nacti-unzipped/part0/sub042/CA-10_02_11_2016_CA-10_0017686.jpg,NACTI : CA-10_02_11_2016_CA-10_0017686.jpg,NACTI : unknown,NACTI : lebec_CA-10,-1,wild boar,,6,train
https://storage.googleapis.com/public-datasets-lila/nacti-unzipped/part2/sub240/FL-26_12_08_2015_FL-26_0023101.jpg,NACTI : FL-26_12_08_2015_FL-26_0023101.jpg,NACTI : unknown,NACTI : archbold_FL-26,-1,wild boar,,6,train
https://storage.googleapis.com/public-datasets-lila/nacti-unzipped/part0/sub092/CA-37_08_03_2015_CA-37_0018946.jpg,NACTI : CA-37_08_03_2015_CA-37_0018946.jpg,NACTI : unknown,NACTI : lebec_CA-37,-1,wild boar,,6,train
https://storage.googleapis.com/public-datasets-lila/nacti-unzipped/part2/sub219/FL-21_09_03_2015_FL-21_0015339.jpg,NACTI : FL-21_09_03_2015_FL-21_0015339.jpg,NACTI : unknown,NACTI : archbold_FL-21,-1,wild boar,,6,test
https://storage.googleapis.com/public-datasets-lila/wcs-unzipped/animals/0477/0243.jpg,WCS Camera Traps : 75c752c8-92d5-11e9-a30f-000d3a74c7de,WCS Camera Traps : lao-001-d0277-4,WCS Camera Traps : 3582,1,wild boar,11-17-2004 16:30:00,6,train
https://storage.googleapis.com/public-datasets-lila/nacti-unzipped/part2/sub290/FL-44_01_23_2016_FL-44_0001761.jpg,NACTI : FL-44_01_23_2016_FL-44_0001761.jpg,NACTI : unknown,NACTI : archbold_FL-44,-1,wild boar,,6,train
https://storage.googleapis.com/public-datasets-lila/nacti-unzipped/part1/sub190/FL-16_04_05_2016_FL-16_0118648.JPG,NACTI : FL-16_04_05_2016_FL-16_0118648.JPG,NACTI : unknown,NACTI : archbold_FL-16,-1,wild boar,,6,train
https://storage.googleapis.com/public-datasets-lila/nacti-unzipped/part2/sub205/FL-17_07_28_2015_FL-17_0046922.jpg,NACTI : FL-17_07_28_2015_FL-17_0046922.jpg,NACTI : unknown,NACTI : archbold_FL-17,-1,wild boar,,6,train
https://storage.googleapis.com/public-datasets-lila/nacti-unzipped/part0/sub058/CA-18_11_08_2016_CA-18_0041853.JPG,NACTI : CA-18_11_08_2016_CA-18_0041853.JPG,NACTI : unknown,NACTI : lebec_CA-18,-1,wild boar,,6,val
https://storage.googleapis.com/public-datasets-lila/nacti-unzipped/part2/sub284/FL-40_07_06_2016_FL-40_0021649.JPG,NACTI : FL-40_07_06_2016_FL-40_0021649.JPG,NACTI : unknown,NACTI : archbold_FL-40,-1,wild boar,,6,train
https://storage.googleapis.com/public-datasets-lila/nacti-unzipped/part2/sub246/FL-27_10_01_2015_FL-27_0038456.jpg,NACTI : FL-27_10_01_2015_FL-27_0038456.jpg,NACTI : unknown,NACTI : archbold_FL-27,-1,wild boar,,6,train
https://storage.googleapis.com/public-datasets-lila/nacti-unzipped/part1/sub100/CA-41_10_06_2016_CA-41_0027068.JPG,NACTI : CA-41_10_06_2016_CA-41_0027068.JPG,NACTI : unknown,NACTI : lebec_CA-41,-1,wild boar,,6,train
https://storage.googleapis.com/public-datasets-lila/nacti-unzipped/part2/sub290/FL-43_12_07_2015_FL-43_0002937.jpg,NACTI : FL-43_12_07_2015_FL-43_0002937.jpg,NACTI : unknown,NACTI : archbold_FL-43,-1,wild boar,,6,train
https://storage.googleapis.com/public-datasets-lila/nacti-unzipped/part2/sub271/FL-34_11_03_2015_FL-34_0000200.jpg,NACTI : FL-34_11_03_2015_FL-34_0000200.jpg,NACTI : unknown,NACTI : archbold_FL-34,-1,wild boar,,6,test
https://storage.googleapis.com/public-datasets-lila/nacti-unzipped/part0/sub057/CA-18_08_03_2015_CA-18_0014087.jpg,NACTI : CA-18_08_03_2015_CA-18_0014087.jpg,NACTI : unknown,NACTI : lebec_CA-18,-1,wild boar,,6,val
https://storage.googleapis.com/public-datasets-lila/nacti-unzipped/part2/sub217/FL-21_06_30_2015_FL-21_0005417.jpg,NACTI : FL-21_06_30_2015_FL-21_0005417.jpg,NACTI : unknown,NACTI : archbold_FL-21,-1,wild boar,,6,test
https://storage.googleapis.com/public-datasets-lila/nacti-unzipped/part1/sub193/FL-16_06_02_2015_FL-16_0032278.jpg,NACTI : FL-16_06_02_2015_FL-16_0032278.jpg,NACTI : unknown,NACTI : archbold_FL-16,-1,wild boar,,6,train
https://storage.googleapis.com/public-datasets-lila/nacti-unzipped/part1/sub134/FL-05_07_28_2015_FL-05_0022584.jpg,NACTI : FL-05_07_28_2015_FL-05_0022584.jpg,NACTI : unknown,NACTI : archbold_FL-05,-1,wild boar,,6,train
https://storage.googleapis.com/public-datasets-lila/nacti-unzipped/part2/sub280/FL-38_03_07_2016_FL-38_0028760.JPG,NACTI : FL-38_03_07_2016_FL-38_0028760.JPG,NACTI : unknown,NACTI : archbold_FL-38,-1,wild boar,,6,train
https://storage.googleapis.com/public-datasets-lila/nacti-unzipped/part1/sub129/FL-04_06_30_2015_FL-04_0005948.jpg,NACTI : FL-04_06_30_2015_FL-04_0005948.jpg,NACTI : unknown,NACTI : archbold_FL-04,-1,wild boar,,6,test
https://storage.googleapis.com/public-datasets-lila/nacti-unzipped/part0/sub087/CA-34_08_04_2015_CA-34_0001380.jpg,NACTI : CA-34_08_04_2015_CA-34_0001380.jpg,NACTI : unknown,NACTI : lebec_CA-34,-1,wild boar,,6,train
https://storage.googleapis.com/public-datasets-lila/nacti-unzipped/part2/sub288/FL-42_05_03_2016_FL-42_0009140.JPG,NACTI : FL-42_05_03_2016_FL-42_0009140.JPG,NACTI : unknown,NACTI : archbold_FL-42,-1,wild boar,,6,train
https://storage.googleapis.com/public-datasets-lila/nacti-unzipped/part1/sub113/FL-01_06_29_2015_FL-01_0010895.jpg,NACTI : FL-01_06_29_2015_FL-01_0010895.jpg,NACTI : unknown,NACTI : archbold_FL-01,-1,wild boar,,6,train
https://storage.googleapis.com/public-datasets-lila/nacti-unzipped/part2/sub241/FL-27_06_02_2015_FL-27_0002681.jpg,NACTI : FL-27_06_02_2015_FL-27_0002681.jpg,NACTI : unknown,NACTI : archbold_FL-27,-1,wild boar,,6,train
https://storage.googleapis.com/public-datasets-lila/nacti-unzipped/part0/sub048/CA-13_08_12_2015_CA-13_0003690.jpg,NACTI : CA-13_08_12_2015_CA-13_0003690.jpg,NACTI : unknown,NACTI : lebec_CA-13,-1,wild boar,,6,val
https://storage.googleapis.com/public-datasets-lila/nacti-unzipped/part0/sub042/CA-08_10_14_2015_CA-08_0005987.jpg,NACTI : CA-08_10_14_2015_CA-08_0005987.jpg,NACTI : unknown,NACTI : lebec_CA-08,-1,wild boar,,6,train
https://storage.googleapis.com/public-datasets-lila/missouricameratraps/images/Set1/1.59-Wild_Boar/SEQ77098/SEQ77098_IMG_0024.JPG,Missouri Camera Traps : 97e0902c-5c15-11ee-8d73-04421a1b1283,Missouri Camera Traps : SEQ77098,Missouri Camera Traps : missouri_camera_traps,32,wild boar,,6,train
https://storage.googleapis.com/public-datasets-lila/nacti-unzipped/part1/sub193/FL-16_06_02_2015_FL-16_0032213.jpg,NACTI : FL-16_06_02_2015_FL-16_0032213.jpg,NACTI : unknown,NACTI : archbold_FL-16,-1,wild boar,,6,train
https://storage.googleapis.com/public-datasets-lila/nacti-unzipped/part1/sub172/FL-11_12_08_2015_FL-11_0014712.jpg,NACTI : FL-11_12_08_2015_FL-11_0014712.jpg,NACTI : unknown,NACTI : archbold_FL-11,-1,wild boar,,6,train
https://storage.googleapis.com/public-datasets-lila/nacti-unzipped/part2/sub231/FL-23_06_02_2016_FL-23_0022031.JPG,NACTI : FL-23_06_02_2016_FL-23_0022031.JPG,NACTI : unknown,NACTI : archbold_FL-23,-1,wild boar,,6,train
https://storage.googleapis.com/public-datasets-lila/nacti-unzipped/part1/sub190/FL-16_03_07_2016_FL-16_0113574.JPG,NACTI : FL-16_03_07_2016_FL-16_0113574.JPG,NACTI : unknown,NACTI : archbold_FL-16,-1,wild boar,,6,train
https://storage.googleapis.com/public-datasets-lila/nacti-unzipped/part2/sub279/FL-38_01_08_2016_FL-38_0018253.JPG,NACTI : FL-38_01_08_2016_FL-38_0018253.JPG,NACTI : unknown,NACTI : archbold_FL-38,-1,wild boar,,6,train
https://storage.googleapis.com/public-datasets-lila/nacti-unzipped/part1/sub189/FL-16_01_21_2016_FL-16_0101556.jpg,NACTI : FL-16_01_21_2016_FL-16_0101556.jpg,NACTI : unknown,NACTI : archbold_FL-16,-1,wild boar,,6,train
https://storage.googleapis.com/public-datasets-lila/nacti-unzipped/part1/sub101/CA-42_08_05_2016_CA-42_0019727.JPG,NACTI : CA-42_08_05_2016_CA-42_0019727.JPG,NACTI : unknown,NACTI : lebec_CA-42,-1,wild boar,,6,train
https://storage.googleapis.com/public-datasets-lila/nacti-unzipped/part2/sub247/FL-28_06_02_2016_FL-28_0052670.JPG,NACTI : FL-28_06_02_2016_FL-28_0052670.JPG,NACTI : unknown,NACTI : archbold_FL-28,-1,wild boar,,6,train
https://storage.googleapis.com/public-datasets-lila/nacti-unzipped/part0/sub040/CA-06_12_03_2015_CA-06_0009218.jpg,NACTI : CA-06_12_03_2015_CA-06_0009218.jpg,NACTI : unknown,NACTI : lebec_CA-06,-1,wild boar,,6,val
https://storage.googleapis.com/public-datasets-lila/nacti-unzipped/part0/sub088/CA-34_08_05_2016_CA-34_0029350.JPG,NACTI : CA-34_08_05_2016_CA-34_0029350.JPG,NACTI : unknown,NACTI : lebec_CA-34,-1,wild boar,,6,train
https://storage.googleapis.com/public-datasets-lila/nacti-unzipped/part2/sub267/FL-31_12_06_2015_FL-31_0029740.jpg,NACTI : FL-31_12_06_2015_FL-31_0029740.jpg,NACTI : unknown,NACTI : archbold_FL-31,-1,wild boar,,6,test
https://storage.googleapis.com/public-datasets-lila/nacti-unzipped/part1/sub189/FL-15_07_29_2015_FL-15_0007977.jpg,NACTI : FL-15_07_29_2015_FL-15_0007977.jpg,NACTI : unknown,NACTI : archbold_FL-15,-1,wild boar,,6,test
https://storage.googleapis.com/public-datasets-lila/nacti-unzipped/part2/sub240/FL-26_12_08_2015_FL-26_0022202.jpg,NACTI : FL-26_12_08_2015_FL-26_0022202.jpg,NACTI : unknown,NACTI : archbold_FL-26,-1,wild boar,,6,train
https://storage.googleapis.com/public-datasets-lila/nacti-unzipped/part0/sub084/CA-32_04_02_2015_CA-32_0000298.jpg,NACTI : CA-32_04_02_2015_CA-32_0000298.jpg,NACTI : unknown,NACTI : lebec_CA-32,-1,wild boar,,6,train
https://storage.googleapis.com/public-datasets-lila/nacti-unzipped/part2/sub232/FL-23_12_08_2015_FL-23_0017355.jpg,NACTI : FL-23_12_08_2015_FL-23_0017355.jpg,NACTI : unknown,NACTI : archbold_FL-23,-1,wild boar,,6,train
https://storage.googleapis.com/public-datasets-lila/nacti-unzipped/part1/sub190/FL-16_05_02_2016_FL-16_0122743.JPG,NACTI : FL-16_05_02_2016_FL-16_0122743.JPG,NACTI : unknown,NACTI : archbold_FL-16,-1,wild boar,,6,train
https://storage.googleapis.com/public-datasets-lila/nacti-unzipped/part0/sub085/CA-33_08_05_2016_CA-33_0026996.JPG,NACTI : CA-33_08_05_2016_CA-33_0026996.JPG,NACTI : unknown,NACTI : lebec_CA-33,-1,wild boar,,6,train
https://storage.googleapis.com/public-datasets-lila/nacti-unzipped/part1/sub189/FL-15_07_29_2015_FL-15_0007693.jpg,NACTI : FL-15_07_29_2015_FL-15_0007693.jpg,NACTI : unknown,NACTI : archbold_FL-15,-1,wild boar,,6,test
https://storage.googleapis.com/public-datasets-lila/nacti-unzipped/part0/sub043/CA-10_08_10_2016_CA-10_0025212.JPG,NACTI : CA-10_08_10_2016_CA-10_0025212.JPG,NACTI : unknown,NACTI : lebec_CA-10,-1,wild boar,,6,train
https://storage.googleapis.com/public-datasets-lila/nacti-unzipped/part1/sub191/FL-16_05_02_2016_FL-16_0126429.JPG,NACTI : FL-16_05_02_2016_FL-16_0126429.JPG,NACTI : unknown,NACTI : archbold_FL-16,-1,wild boar,,6,train
https://storage.googleapis.com/public-datasets-lila/nacti-unzipped/part2/sub232/FL-23_12_08_2015_FL-23_0017619.jpg,NACTI : FL-23_12_08_2015_FL-23_0017619.jpg,NACTI : unknown,NACTI : archbold_FL-23,-1,wild boar,,6,train
https://storage.googleapis.com/public-datasets-lila/nacti-unzipped/part1/sub189/FL-16_01_21_2016_FL-16_0104195.jpg,NACTI : FL-16_01_21_2016_FL-16_0104195.jpg,NACTI : unknown,NACTI : archbold_FL-16,-1,wild boar,,6,train
https://storage.googleapis.com/public-datasets-lila/nacti-unzipped/part1/sub162/FL-08_10_01_2015_FL-08_0010932.jpg,NACTI : FL-08_10_01_2015_FL-08_0010932.jpg,NACTI : unknown,NACTI : archbold_FL-08,-1,wild boar,,6,test
https://storage.googleapis.com/public-datasets-lila/nacti-unzipped/part2/sub232/FL-23_11_02_2015_FL-23_0015246.jpg,NACTI : FL-23_11_02_2015_FL-23_0015246.jpg,NACTI : unknown,NACTI : archbold_FL-23,-1,wild boar,,6,train
https://storage.googleapis.com/public-datasets-lila/nacti-unzipped/part2/sub241/FL-27_06_02_2015_FL-27_0001071.jpg,NACTI : FL-27_06_02_2015_FL-27_0001071.jpg,NACTI : unknown,NACTI : archbold_FL-27,-1,wild boar,,6,train
https://storage.googleapis.com/public-datasets-lila/nacti-unzipped/part0/sub041/CA-08_03_09_2015_CA-08_0000579.jpg,NACTI : CA-08_03_09_2015_CA-08_0000579.jpg,NACTI : unknown,NACTI : lebec_CA-08,-1,wild boar,,6,train
https://storage.googleapis.com/public-datasets-lila/nacti-unzipped/part0/sub039/CA-06_08_04_2015_CA-06_0006841.jpg,NACTI : CA-06_08_04_2015_CA-06_0006841.jpg,NACTI : unknown,NACTI : lebec_CA-06,-1,wild boar,,6,val
https://storage.googleapis.com/public-datasets-lila/nacti-unzipped/part1/sub134/FL-05_07_28_2015_FL-05_0022594.jpg,NACTI : FL-05_07_28_2015_FL-05_0022594.jpg,NACTI : unknown,NACTI : archbold_FL-05,-1,wild boar,,6,train
https://storage.googleapis.com/public-datasets-lila/nacti-unzipped/part1/sub106/CA-44_08_12_2015_CA-44_0003922.jpg,NACTI : CA-44_08_12_2015_CA-44_0003922.jpg,NACTI : unknown,NACTI : lebec_CA-44,-1,wild boar,,6,val
https://storage.googleapis.com/public-datasets-lila/nacti-unzipped/part2/sub288/FL-41_12_07_2015_FL-41_0006256.jpg,NACTI : FL-41_12_07_2015_FL-41_0006256.jpg,NACTI : unknown,NACTI : archbold_FL-41,-1,wild boar,,6,train
https://storage.googleapis.com/public-datasets-lila/nacti-unzipped/part1/sub126/FL-03_06_30_2015_FL-03_0019805.jpg,NACTI : FL-03_06_30_2015_FL-03_0019805.jpg,NACTI : unknown,NACTI : archbold_FL-03,-1,wild boar,,6,train
https://storage.googleapis.com/public-datasets-lila/nacti-unzipped/part0/sub042/CA-08_12_08_2015_CA-08_0007403.jpg,NACTI : CA-08_12_08_2015_CA-08_0007403.jpg,NACTI : unknown,NACTI : lebec_CA-08,-1,wild boar,,6,train
https://storage.googleapis.com/public-datasets-lila/missouricameratraps/images/Set1/1.59-Wild_Boar/SEQ79476/SEQ79476_IMG_0003.JPG,Missouri Camera Traps : 97ca05f0-5c15-11ee-8d73-04421a1b1283,Missouri Camera Traps : SEQ79476,Missouri Camera Traps : missouri_camera_traps,20,wild boar,,6,train
https://storage.googleapis.com/public-datasets-lila/nacti-unzipped/part0/sub055/CA-17_11_08_2016_CA-17_0049632.JPG,NACTI : CA-17_11_08_2016_CA-17_0049632.JPG,NACTI : unknown,NACTI : lebec_CA-17,-1,wild boar,,6,train
https://storage.googleapis.com/public-datasets-lila/nacti-unzipped/part0/sub038/CA-06_04_01_2015_CA-06_0000527.jpg,NACTI : CA-06_04_01_2015_CA-06_0000527.jpg,NACTI : unknown,NACTI : lebec_CA-06,-1,wild boar,,6,val
https://storage.googleapis.com/public-datasets-lila/nacti-unzipped/part2/sub278/FL-37_07_08_2016_FL-37_0017639.JPG,NACTI : FL-37_07_08_2016_FL-37_0017639.JPG,NACTI : unknown,NACTI : archbold_FL-37,-1,wild boar,,6,train
https://storage.googleapis.com/public-datasets-lila/nacti-unzipped/part0/sub041/CA-08_04_01_2015_CA-08_0000789.jpg,NACTI : CA-08_04_01_2015_CA-08_0000789.jpg,NACTI : unknown,NACTI : lebec_CA-08,-1,wild boar,,6,train
https://storage.googleapis.com/public-datasets-lila/nacti-unzipped/part2/sub211/FL-19_07_05_2016_FL-19_0056980.JPG,NACTI : FL-19_07_05_2016_FL-19_0056980.JPG,NACTI : unknown,NACTI : archbold_FL-19,-1,wild boar,,6,train
https://storage.googleapis.com/public-datasets-lila/nacti-unzipped/part1/sub172/FL-11_12_08_2015_FL-11_0015126.jpg,NACTI : FL-11_12_08_2015_FL-11_0015126.jpg,NACTI : unknown,NACTI : archbold_FL-11,-1,wild boar,,6,train
https://storage.googleapis.com/public-datasets-lila/nacti-unzipped/part1/sub106/CA-44_08_12_2015_CA-44_0003430.jpg,NACTI : CA-44_08_12_2015_CA-44_0003430.jpg,NACTI : unknown,NACTI : lebec_CA-44,-1,wild boar,,6,val
https://storage.googleapis.com/public-datasets-lila/nacti-unzipped/part1/sub189/FL-16_01_21_2016_FL-16_0104115.jpg,NACTI : FL-16_01_21_2016_FL-16_0104115.jpg,NACTI : unknown,NACTI : archbold_FL-16,-1,wild boar,,6,train
https://storage.googleapis.com/public-datasets-lila/nacti-unzipped/part2/sub267/FL-32_03_08_2016_FL-32_0006795.JPG,NACTI : FL-32_03_08_2016_FL-32_0006795.JPG,NACTI : unknown,NACTI : archbold_FL-32,-1,wild boar,,6,train
https://storage.googleapis.com/public-datasets-lila/nacti-unzipped/part1/sub193/FL-16_06_02_2015_FL-16_0032120.jpg,NACTI : FL-16_06_02_2015_FL-16_0032120.jpg,NACTI : unknown,NACTI : archbold_FL-16,-1,wild boar,,6,train
https://storage.googleapis.com/public-datasets-lila/nacti-unzipped/part2/sub231/FL-23_06_02_2016_FL-23_0022092.JPG,NACTI : FL-23_06_02_2016_FL-23_0022092.JPG,NACTI : unknown,NACTI : archbold_FL-23,-1,wild boar,,6,train
https://storage.googleapis.com/public-datasets-lila/nacti-unzipped/part0/sub042/CA-08_12_08_2015_CA-08_0006762.jpg,NACTI : CA-08_12_08_2015_CA-08_0006762.jpg,NACTI : unknown,NACTI : lebec_CA-08,-1,wild boar,,6,train
https://storage.googleapis.com/public-datasets-lila/nacti-unzipped/part1/sub185/FL-14_01_21_2016_FL-14_0014394.jpg,NACTI : FL-14_01_21_2016_FL-14_0014394.jpg,NACTI : unknown,NACTI : archbold_FL-14,-1,wild boar,,6,val
https://storage.googleapis.com/public-datasets-lila/nacti-unzipped/part2/sub207/FL-18_01_20_2016_FL-18_0017213.jpg,NACTI : FL-18_01_20_2016_FL-18_0017213.jpg,NACTI : unknown,NACTI : archbold_FL-18,-1,wild boar,,6,test
https://storage.googleapis.com/public-datasets-lila/nacti-unzipped/part0/sub039/CA-06_08_04_2015_CA-06_0005908.jpg,NACTI : CA-06_08_04_2015_CA-06_0005908.jpg,NACTI : unknown,NACTI : lebec_CA-06,-1,wild boar,,6,val
https://storage.googleapis.com/public-datasets-lila/nacti-unzipped/part0/sub077/CA-30_04_02_2015_CA-30_0003624.jpg,NACTI : CA-30_04_02_2015_CA-30_0003624.jpg,NACTI : unknown,NACTI : lebec_CA-30,-1,wild boar,,6,test
https://storage.googleapis.com/public-datasets-lila/nacti-unzipped/part0/sub063/CA-23_08_13_2015_CA-23_0000726.jpg,NACTI : CA-23_08_13_2015_CA-23_0000726.jpg,NACTI : unknown,NACTI : lebec_CA-23,-1,wild boar,,6,train
https://storage.googleapis.com/public-datasets-lila/nacti-unzipped/part0/sub045/CA-11_08_13_2015_CA-11_0001407.jpg,NACTI : CA-11_08_13_2015_CA-11_0001407.jpg,NACTI : unknown,NACTI : lebec_CA-11,-1,wild boar,,6,train
https://storage.googleapis.com/public-datasets-lila/nacti-unzipped/part2/sub282/FL-38_10_01_2015_FL-38_0000321.jpg,NACTI : FL-38_10_01_2015_FL-38_0000321.jpg,NACTI : unknown,NACTI : archbold_FL-38,-1,wild boar,,6,train
https://storage.googleapis.com/public-datasets-lila/nacti-unzipped/part0/sub049/CA-14_09_11_2015_CA-14_0006833.jpg,NACTI : CA-14_09_11_2015_CA-14_0006833.jpg,NACTI : unknown,NACTI : lebec_CA-14,-1,wild boar,,6,train
https://storage.googleapis.com/public-datasets-lila/nacti-unzipped/part2/sub276/FL-36_06_03_2016_FL-36_0021155.JPG,NACTI : FL-36_06_03_2016_FL-36_0021155.JPG,NACTI : unknown,NACTI : archbold_FL-36,-1,wild boar,,6,train
https://storage.googleapis.com/public-datasets-lila/nacti-unzipped/part2/sub240/FL-26_12_08_2015_FL-26_0022898.jpg,NACTI : FL-26_12_08_2015_FL-26_0022898.jpg,NACTI : unknown,NACTI : archbold_FL-26,-1,wild boar,,6,train
https://storage.googleapis.com/public-datasets-lila/nacti-unzipped/part0/sub035/CA-03_07_08_2016_CA-03_0024572.JPG,NACTI : CA-03_07_08_2016_CA-03_0024572.JPG,NACTI : unknown,NACTI : lebec_CA-03,-1,wild boar,,6,train
https://storage.googleapis.com/public-datasets-lila/nacti-unzipped/part0/sub088/CA-34_08_05_2016_CA-34_0028993.JPG,NACTI : CA-34_08_05_2016_CA-34_0028993.JPG,NACTI : unknown,NACTI : lebec_CA-34,-1,wild boar,,6,train
https://storage.googleapis.com/public-datasets-lila/nacti-unzipped/part2/sub279/FL-37_08_15_2016_FL-37_0027687.JPG,NACTI : FL-37_08_15_2016_FL-37_0027687.JPG,NACTI : unknown,NACTI : archbold_FL-37,-1,wild boar,,6,train
https://storage.googleapis.com/public-datasets-lila/nacti-unzipped/part0/sub081/CA-30_08_03_2015_CA-30_0018175.jpg,NACTI : CA-30_08_03_2015_CA-30_0018175.jpg,NACTI : unknown,NACTI : lebec_CA-30,-1,wild boar,,6,test
https://storage.googleapis.com/public-datasets-lila/nacti-unzipped/part2/sub289/FL-42_12_08_2015_FL-42_0004942.jpg,NACTI : FL-42_12_08_2015_FL-42_0004942.jpg,NACTI : unknown,NACTI : archbold_FL-42,-1,wild boar,,6,train
https://storage.googleapis.com/public-datasets-lila/nacti-unzipped/part1/sub170/FL-11_06_01_2015_FL-11_0000175.jpg,NACTI : FL-11_06_01_2015_FL-11_0000175.jpg,NACTI : unknown,NACTI : archbold_FL-11,-1,wild boar,,6,train
https://storage.googleapis.com/public-datasets-lila/nacti-unzipped/part2/sub232/FL-23_12_08_2015_FL-23_0016343.jpg,NACTI : FL-23_12_08_2015_FL-23_0016343.jpg,NACTI : unknown,NACTI : archbold_FL-23,-1,wild boar,,6,train
https://storage.googleapis.com/public-datasets-lila/nacti-unzipped/part1/sub170/FL-11_03_04_2016_FL-11_0017785.JPG,NACTI : FL-11_03_04_2016_FL-11_0017785.JPG,NACTI : unknown,NACTI : archbold_FL-11,-1,wild boar,,6,train
https://storage.googleapis.com/public-datasets-lila/nacti-unzipped/part2/sub278/FL-37_07_08_2016_FL-37_0017386.JPG,NACTI : FL-37_07_08_2016_FL-37_0017386.JPG,NACTI : unknown,NACTI : archbold_FL-37,-1,wild boar,,6,train
https://storage.googleapis.com/public-datasets-lila/nacti-unzipped/part0/sub039/CA-06_09_14_2015_CA-06_0007303.jpg,NACTI : CA-06_09_14_2015_CA-06_0007303.jpg,NACTI : unknown,NACTI : lebec_CA-06,-1,wild boar,,6,val
https://storage.googleapis.com/public-datasets-lila/nacti-unzipped/part2/sub289/FL-42_11_03_2015_FL-42_0001942.jpg,NACTI : FL-42_11_03_2015_FL-42_0001942.jpg,NACTI : unknown,NACTI : archbold_FL-42,-1,wild boar,,6,train
https://storage.googleapis.com/public-datasets-lila/nacti-unzipped/part0/sub038/CA-05_09_09_2016_CA-05_0005628.JPG,NACTI : CA-05_09_09_2016_CA-05_0005628.JPG,NACTI : unknown,NACTI : lebec_CA-05,-1,wild boar,,6,train
https://storage.googleapis.com/public-datasets-lila/nacti-unzipped/part1/sub112/FL-01_06_02_2016_FL-01_0058729.JPG,NACTI : FL-01_06_02_2016_FL-01_0058729.JPG,NACTI : unknown,NACTI : archbold_FL-01,-1,wild boar,,6,train
https://storage.googleapis.com/public-datasets-lila/nacti-unzipped/part1/sub138/FL-06_12_06_2015_FL-06_0012850.jpg,NACTI : FL-06_12_06_2015_FL-06_0012850.jpg,NACTI : unknown,NACTI : archbold_FL-06,-1,wild boar,,6,val
https://storage.googleapis.com/public-datasets-lila/nacti-unzipped/part2/sub289/FL-42_11_03_2015_FL-42_0001203.jpg,NACTI : FL-42_11_03_2015_FL-42_0001203.jpg,NACTI : unknown,NACTI : archbold_FL-42,-1,wild boar,,6,train
https://storage.googleapis.com/public-datasets-lila/nacti-unzipped/part2/sub281/FL-38_05_03_2016_FL-38_0036677.JPG,NACTI : FL-38_05_03_2016_FL-38_0036677.JPG,NACTI : unknown,NACTI : archbold_FL-38,-1,wild boar,,6,train
https://storage.googleapis.com/public-datasets-lila/nacti-unzipped/part1/sub106/CA-44_08_12_2015_CA-44_0002734.jpg,NACTI : CA-44_08_12_2015_CA-44_0002734.jpg,NACTI : unknown,NACTI : lebec_CA-44,-1,wild boar,,6,val
https://storage.googleapis.com/public-datasets-lila/nacti-unzipped/part2/sub242/FL-27_06_30_2015_FL-27_0011745.jpg,NACTI : FL-27_06_30_2015_FL-27_0011745.jpg,NACTI : unknown,NACTI : archbold_FL-27,-1,wild boar,,6,train
https://storage.googleapis.com/public-datasets-lila/nacti-unzipped/part1/sub193/FL-16_06_02_2015_FL-16_0019812.jpg,NACTI : FL-16_06_02_2015_FL-16_0019812.jpg,NACTI : unknown,NACTI : archbold_FL-16,-1,wild boar,,6,train
https://storage.googleapis.com/public-datasets-lila/nacti-unzipped/part2/sub226/FL-22_06_02_2016_FL-22_0107068.JPG,NACTI : FL-22_06_02_2016_FL-22_0107068.JPG,NACTI : unknown,NACTI : archbold_FL-22,-1,wild boar,,6,train
https://storage.googleapis.com/public-datasets-lila/nacti-unzipped/part2/sub274/FL-35_07_06_2016_FL-35_0048220.JPG,NACTI : FL-35_07_06_2016_FL-35_0048220.JPG,NACTI : unknown,NACTI : archbold_FL-35,-1,wild boar,,6,val
https://storage.googleapis.com/public-datasets-lila/nacti-unzipped/part0/sub067/CA-25_04_05_2016_CA-25_0015237.JPG,NACTI : CA-25_04_05_2016_CA-25_0015237.JPG,NACTI : unknown,NACTI : lebec_CA-25,-1,wild boar,,6,train
https://storage.googleapis.com/public-datasets-lila/nacti-unzipped/part1/sub185/FL-14_03_07_2016_FL-14_0015251.JPG,NACTI : FL-14_03_07_2016_FL-14_0015251.JPG,NACTI : unknown,NACTI : archbold_FL-14,-1,wild boar,,6,val
https://storage.googleapis.com/public-datasets-lila/nacti-unzipped/part2/sub283/FL-39_04_05_2016_FL-39_0008225.JPG,NACTI : FL-39_04_05_2016_FL-39_0008225.JPG,NACTI : unknown,NACTI : archbold_FL-39,-1,wild boar,,6,test
https://storage.googleapis.com/public-datasets-lila/nacti-unzipped/part1/sub104/CA-43_09_16_2015_CA-43_0005002.jpg,NACTI : CA-43_09_16_2015_CA-43_0005002.jpg,NACTI : unknown,NACTI : lebec_CA-43,-1,wild boar,,6,val
https://storage.googleapis.com/public-datasets-lila/nacti-unzipped/part0/sub042/CA-08_12_08_2015_CA-08_0007542.jpg,NACTI : CA-08_12_08_2015_CA-08_0007542.jpg,NACTI : unknown,NACTI : lebec_CA-08,-1,wild boar,,6,train
https://storage.googleapis.com/public-datasets-lila/nacti-unzipped/part1/sub129/FL-04_06_02_2016_FL-04_0021421.JPG,NACTI : FL-04_06_02_2016_FL-04_0021421.JPG,NACTI : unknown,NACTI : archbold_FL-04,-1,wild boar,,6,test
https://storage.googleapis.com/public-datasets-lila/nacti-unzipped/part1/sub131/FL-05_04_04_2016_FL-05_0034000.JPG,NACTI : FL-05_04_04_2016_FL-05_0034000.JPG,NACTI : unknown,NACTI : archbold_FL-05,-1,wild boar,,6,train
https://storage.googleapis.com/public-datasets-lila/nacti-unzipped/part2/sub232/FL-23_11_02_2015_FL-23_0012824.jpg,NACTI : FL-23_11_02_2015_FL-23_0012824.jpg,NACTI : unknown,NACTI : archbold_FL-23,-1,wild boar,,6,train
https://storage.googleapis.com/public-datasets-lila/nacti-unzipped/part1/sub169/FL-10_08_05_2016_FL-10_0021572.JPG,NACTI : FL-10_08_05_2016_FL-10_0021572.JPG,NACTI : unknown,NACTI : archbold_FL-10,-1,wild boar,,6,train
https://storage.googleapis.com/public-datasets-lila/nacti-unzipped/part1/sub131/FL-05_01_20_2016_FL-05_0030645.jpg,NACTI : FL-05_01_20_2016_FL-05_0030645.jpg,NACTI : unknown,NACTI : archbold_FL-05,-1,wild boar,,6,train
https://storage.googleapis.com/public-datasets-lila/nacti-unzipped/part2/sub219/FL-21_10_01_2015_FL-21_0017908.jpg,NACTI : FL-21_10_01_2015_FL-21_0017908.jpg,NACTI : unknown,NACTI : archbold_FL-21,-1,wild boar,,6,test
https://storage.googleapis.com/public-datasets-lila/nacti-unzipped/part0/sub095/CA-38_09_10_2015_CA-38_0022181.jpg,NACTI : CA-38_09_10_2015_CA-38_0022181.jpg,NACTI : unknown,NACTI : lebec_CA-38,-1,wild boar,,6,val
https://storage.googleapis.com/public-datasets-lila/nacti-unzipped/part1/sub134/FL-05_08_02_2016_FL-05_0043175.JPG,NACTI : FL-05_08_02_2016_FL-05_0043175.JPG,NACTI : unknown,NACTI : archbold_FL-05,-1,wild boar,,6,train
https://storage.googleapis.com/public-datasets-lila/nacti-unzipped/part2/sub240/FL-26_08_05_2016_FL-26_0031301.JPG,NACTI : FL-26_08_05_2016_FL-26_0031301.JPG,NACTI : unknown,NACTI : archbold_FL-26,-1,wild boar,,6,train
https://storage.googleapis.com/public-datasets-lila/nacti-unzipped/part0/sub049/CA-14_08_12_2015_CA-14_0006195.jpg,NACTI : CA-14_08_12_2015_CA-14_0006195.jpg,NACTI : unknown,NACTI : lebec_CA-14,-1,wild boar,,6,train
https://storage.googleapis.com/public-datasets-lila/nacti-unzipped/part2/sub234/FL-24_06_01_2015_FL-24_0013265.jpg,NACTI : FL-24_06_01_2015_FL-24_0013265.jpg,NACTI : unknown,NACTI : archbold_FL-24,-1,wild boar,,6,train
https://storage.googleapis.com/public-datasets-lila/nacti-unzipped/part0/sub086/CA-34_03_04_2016_CA-34_0019866.JPG,NACTI : CA-34_03_04_2016_CA-34_0019866.JPG,NACTI : unknown,NACTI : lebec_CA-34,-1,wild boar,,6,train
https://storage.googleapis.com/public-datasets-lila/nacti-unzipped/part0/sub069/CA-26_08_17_2015_CA-26_0002935.jpg,NACTI : CA-26_08_17_2015_CA-26_0002935.jpg,NACTI : unknown,NACTI : lebec_CA-26,-1,wild boar,,6,test
https://storage.googleapis.com/public-datasets-lila/nacti-unzipped/part2/sub215/FL-20_06_30_2015_FL-20_0017758.jpg,NACTI : FL-20_06_30_2015_FL-20_0017758.jpg,NACTI : unknown,NACTI : archbold_FL-20,-1,wild boar,,6,train
https://storage.googleapis.com/public-datasets-lila/nacti-unzipped/part1/sub133/FL-05_06_02_2016_FL-05_0038842.JPG,NACTI : FL-05_06_02_2016_FL-05_0038842.JPG,NACTI : unknown,NACTI : archbold_FL-05,-1,wild boar,,6,train
https://storage.googleapis.com/public-datasets-lila/nacti-unzipped/part1/sub189/FL-16_01_21_2016_FL-16_0102285.jpg,NACTI : FL-16_01_21_2016_FL-16_0102285.jpg,NACTI : unknown,NACTI : archbold_FL-16,-1,wild boar,,6,train
https://storage.googleapis.com/public-datasets-lila/nacti-unzipped/part2/sub208/FL-18_08_04_2016_FL-18_0026969.JPG,NACTI : FL-18_08_04_2016_FL-18_0026969.JPG,NACTI : unknown,NACTI : archbold_FL-18,-1,wild boar,,6,test
https://storage.googleapis.com/public-datasets-lila/nacti-unzipped/part0/sub067/CA-25_07_06_2016_CA-25_0018139.JPG,NACTI : CA-25_07_06_2016_CA-25_0018139.JPG,NACTI : unknown,NACTI : lebec_CA-25,-1,wild boar,,6,train
https://storage.googleapis.com/public-datasets-lila/nacti-unzipped/part1/sub192/FL-16_06_02_2015_FL-16_0013307.jpg,NACTI : FL-16_06_02_2015_FL-16_0013307.jpg,NACTI : unknown,NACTI : archbold_FL-16,-1,wild boar,,6,train
https://storage.googleapis.com/public-datasets-lila/nacti-unzipped/part2/sub290/FL-44_01_23_2016_FL-44_0001472.jpg,NACTI : FL-44_01_23_2016_FL-44_0001472.jpg,NACTI : unknown,NACTI : archbold_FL-44,-1,wild boar,,6,train
https://storage.googleapis.com/public-datasets-lila/nacti-unzipped/part2/sub219/FL-21_09_03_2015_FL-21_0016637.jpg,NACTI : FL-21_09_03_2015_FL-21_0016637.jpg,NACTI : unknown,NACTI : archbold_FL-21,-1,wild boar,,6,test
https://storage.googleapis.com/public-datasets-lila/nacti-unzipped/part2/sub232/FL-23_11_02_2015_FL-23_0013508.jpg,NACTI : FL-23_11_02_2015_FL-23_0013508.jpg,NACTI : unknown,NACTI : archbold_FL-23,-1,wild boar,,6,train
https://storage.googleapis.com/public-datasets-lila/nacti-unzipped/part2/sub239/FL-26_07_29_2015_FL-26_0010998.jpg,NACTI : FL-26_07_29_2015_FL-26_0010998.jpg,NACTI : unknown,NACTI : archbold_FL-26,-1,wild boar,,6,train
https://storage.googleapis.com/public-datasets-lila/nacti-unzipped/part1/sub184/FL-13_07_28_2015_FL-13_0052487.jpg,NACTI : FL-13_07_28_2015_FL-13_0052487.jpg,NACTI : unknown,NACTI : archbold_FL-13,-1,wild boar,,6,val
https://storage.googleapis.com/public-datasets-lila/nacti-unzipped/part0/sub055/CA-17_09_18_2015_CA-17_0025168.jpg,NACTI : CA-17_09_18_2015_CA-17_0025168.jpg,NACTI : unknown,NACTI : lebec_CA-17,-1,wild boar,,6,train
https://storage.googleapis.com/public-datasets-lila/nacti-unzipped/part2/sub245/FL-27_09_03_2015_FL-27_0035114.jpg,NACTI : FL-27_09_03_2015_FL-27_0035114.jpg,NACTI : unknown,NACTI : archbold_FL-27,-1,wild boar,,6,train
https://storage.googleapis.com/public-datasets-lila/nacti-unzipped/part1/sub109/CA-46_09_11_2015_CA-46_0008461.jpg,NACTI : CA-46_09_11_2015_CA-46_0008461.jpg,NACTI : unknown,NACTI : lebec_CA-46,-1,wild boar,,6,train
https://storage.googleapis.com/public-datasets-lila/nacti-unzipped/part0/sub066/CA-24_08_12_2015_CA-24_0009031.jpg,NACTI : CA-24_08_12_2015_CA-24_0009031.jpg,NACTI : unknown,NACTI : lebec_CA-24,-1,wild boar,,6,train
https://storage.googleapis.com/public-datasets-lila/nacti-unzipped/part1/sub134/FL-05_07_05_2016_FL-05_0042939.JPG,NACTI : FL-05_07_05_2016_FL-05_0042939.JPG,NACTI : unknown,NACTI : archbold_FL-05,-1,wild boar,,6,train
https://storage.googleapis.com/public-datasets-lila/nacti-unzipped/part0/sub038/CA-04_09_11_2015_CA-04_0009451.jpg,NACTI : CA-04_09_11_2015_CA-04_0009451.jpg,NACTI : unknown,NACTI : lebec_CA-04,-1,wild boar,,6,train
https://storage.googleapis.com/public-datasets-lila/nacti-unzipped/part1/sub123/FL-02_10_05_2016_FL-02_0066950.JPG,NACTI : FL-02_10_05_2016_FL-02_0066950.JPG,NACTI : unknown,NACTI : archbold_FL-02,-1,wild boar,,6,train
https://storage.googleapis.com/public-datasets-lila/nacti-unzipped/part2/sub216/FL-20_07_29_2015_FL-20_0018243.jpg,NACTI : FL-20_07_29_2015_FL-20_0018243.jpg,NACTI : unknown,NACTI : archbold_FL-20,-1,wild boar,,6,train
https://storage.googleapis.com/public-datasets-lila/missouricameratraps/images/Set1/1.59-Wild_Boar/SEQ77098/SEQ77098_IMG_0031.JPG,Missouri Camera Traps : 97e05a4e-5c15-11ee-8d73-04421a1b1283,Missouri Camera Traps : SEQ77098,Missouri Camera Traps : missouri_camera_traps,21,wild boar,,6,train
https://storage.googleapis.com/public-datasets-lila/nacti-unzipped/part2/sub232/FL-23_11_02_2015_FL-23_0012923.jpg,NACTI : FL-23_11_02_2015_FL-23_0012923.jpg,NACTI : unknown,NACTI : archbold_FL-23,-1,wild boar,,6,train
https://storage.googleapis.com/public-datasets-lila/nacti-unzipped/part2/sub261/FL-30_11_03_2015_FL-30_0040401.jpg,NACTI : FL-30_11_03_2015_FL-30_0040401.jpg,NACTI : unknown,NACTI : archbold_FL-30,-1,wild boar,,6,train
https://storage.googleapis.com/public-datasets-lila/nacti-unzipped/part1/sub189/FL-15_09_03_2015_FL-15_0008398.jpg,NACTI : FL-15_09_03_2015_FL-15_0008398.jpg,NACTI : unknown,NACTI : archbold_FL-15,-1,wild boar,,6,test
https://storage.googleapis.com/public-datasets-lila/nacti-unzipped/part1/sub192/FL-16_06_02_2015_FL-16_0015702.jpg,NACTI : FL-16_06_02_2015_FL-16_0015702.jpg,NACTI : unknown,NACTI : archbold_FL-16,-1,wild boar,,6,train
https://storage.googleapis.com/public-datasets-lila/nacti-unzipped/part0/sub063/CA-22_08_10_2016_CA-22_0020560.JPG,NACTI : CA-22_08_10_2016_CA-22_0020560.JPG,NACTI : unknown,NACTI : lebec_CA-22,-1,wild boar,,6,train
https://storage.googleapis.com/public-datasets-lila/nacti-unzipped/part0/sub082/CA-30_10_03_2016_CA-30_0060545.JPG,NACTI : CA-30_10_03_2016_CA-30_0060545.JPG,NACTI : unknown,NACTI : lebec_CA-30,-1,wild boar,,6,test
https://storage.googleapis.com/public-datasets-lila/nacti-unzipped/part2/sub283/FL-39_11_03_2015_FL-39_0001188.jpg,NACTI : FL-39_11_03_2015_FL-39_0001188.jpg,NACTI : unknown,NACTI : archbold_FL-39,-1,wild boar,,6,test
https://storage.googleapis.com/public-datasets-lila/nacti-unzipped/part1/sub134/FL-05_07_05_2016_FL-05_0041637.JPG,NACTI : FL-05_07_05_2016_FL-05_0041637.JPG,NACTI : unknown,NACTI : archbold_FL-05,-1,wild boar,,6,train
https://storage.googleapis.com/public-datasets-lila/nacti-unzipped/part2/sub245/FL-27_09_02_2016_FL-27_0072244.JPG,NACTI : FL-27_09_02_2016_FL-27_0072244.JPG,NACTI : unknown,NACTI : archbold_FL-27,-1,wild boar,,6,train
https://storage.googleapis.com/public-datasets-lila/nacti-unzipped/part2/sub242/FL-27_06_02_2015_FL-27_0008322.jpg,NACTI : FL-27_06_02_2015_FL-27_0008322.jpg,NACTI : unknown,NACTI : archbold_FL-27,-1,wild boar,,6,train
https://storage.googleapis.com/public-datasets-lila/nacti-unzipped/part1/sub134/FL-05_07_05_2016_FL-05_0042371.JPG,NACTI : FL-05_07_05_2016_FL-05_0042371.JPG,NACTI : unknown,NACTI : archbold_FL-05,-1,wild boar,,6,train
https://storage.googleapis.com/public-datasets-lila/nacti-unzipped/part0/sub063/CA-22_06_13_2015_CA-22_0004770.jpg,NACTI : CA-22_06_13_2015_CA-22_0004770.jpg,NACTI : unknown,NACTI : lebec_CA-22,-1,wild boar,,6,train
https://storage.googleapis.com/public-datasets-lila/nacti-unzipped/part0/sub089/CA-36_04_04_2015_CA-36_0000355.jpg,NACTI : CA-36_04_04_2015_CA-36_0000355.jpg,NACTI : unknown,NACTI : lebec_CA-36,-1,wild boar,,6,test
https://storage.googleapis.com/public-datasets-lila/nacti-unzipped/part2/sub290/FL-44_12_07_2015_FL-44_0000807.jpg,NACTI : FL-44_12_07_2015_FL-44_0000807.jpg,NACTI : unknown,NACTI : archbold_FL-44,-1,wild boar,,6,train
https://storage.googleapis.com/public-datasets-lila/nacti-unzipped/part1/sub138/FL-06_12_06_2015_FL-06_0012847.jpg,NACTI : FL-06_12_06_2015_FL-06_0012847.jpg,NACTI : unknown,NACTI : archbold_FL-06,-1,wild boar,,6,val
https://storage.googleapis.com/public-datasets-lila/nacti-unzipped/part1/sub106/CA-44_08_12_2015_CA-44_0002784.jpg,NACTI : CA-44_08_12_2015_CA-44_0002784.jpg,NACTI : unknown,NACTI : lebec_CA-44,-1,wild boar,,6,val
https://storage.googleapis.com/public-datasets-lila/nacti-unzipped/part1/sub108/CA-45_10_07_2015_CA-45_0011879.jpg,NACTI : CA-45_10_07_2015_CA-45_0011879.jpg,NACTI : unknown,NACTI : lebec_CA-45,-1,wild boar,,6,train
https://storage.googleapis.com/public-datasets-lila/nacti-unzipped/part0/sub061/CA-20_08_13_2015_CA-20_0011174.jpg,NACTI : CA-20_08_13_2015_CA-20_0011174.jpg,NACTI : unknown,NACTI : lebec_CA-20,-1,wild boar,,6,train
https://storage.googleapis.com/public-datasets-lila/nacti-unzipped/part1/sub189/FL-16_01_21_2016_FL-16_0101406.jpg,NACTI : FL-16_01_21_2016_FL-16_0101406.jpg,NACTI : unknown,NACTI : archbold_FL-16,-1,wild boar,,6,train
https://storage.googleapis.com/public-datasets-lila/nacti-unzipped/part2/sub258/FL-29_10_01_2015_FL-29_0048100.jpg,NACTI : FL-29_10_01_2015_FL-29_0048100.jpg,NACTI : unknown,NACTI : archbold_FL-29,-1,wild boar,,6,train
https://storage.googleapis.com/public-datasets-lila/nacti-unzipped/part0/sub088/CA-35_08_04_2015_CA-35_0000774.jpg,NACTI : CA-35_08_04_2015_CA-35_0000774.jpg,NACTI : unknown,NACTI : lebec_CA-35,-1,wild boar,,6,train
https://storage.googleapis.com/public-datasets-lila/nacti-unzipped/part0/sub054/CA-17_08_03_2015_CA-17_0023987.jpg,NACTI : CA-17_08_03_2015_CA-17_0023987.jpg,NACTI : unknown,NACTI : lebec_CA-17,-1,wild boar,,6,train
https://storage.googleapis.com/public-datasets-lila/nacti-unzipped/part0/sub062/CA-21_04_06_2015_CA-21_0000896.jpg,NACTI : CA-21_04_06_2015_CA-21_0000896.jpg,NACTI : unknown,NACTI : lebec_CA-21,-1,wild boar,,6,train
https://storage.googleapis.com/public-datasets-lila/nacti-unzipped/part2/sub284/FL-40_03_07_2016_FL-40_0010170.JPG,NACTI : FL-40_03_07_2016_FL-40_0010170.JPG,NACTI : unknown,NACTI : archbold_FL-40,-1,wild boar,,6,train
https://storage.googleapis.com/public-datasets-lila/nacti-unzipped/part0/sub039/CA-06_09_08_2016_CA-06_0017815.JPG,NACTI : CA-06_09_08_2016_CA-06_0017815.JPG,NACTI : unknown,NACTI : lebec_CA-06,-1,wild boar,,6,val
https://storage.googleapis.com/public-datasets-lila/nacti-unzipped/part0/sub058/CA-18_10_15_2015_CA-18_0020920.jpg,NACTI : CA-18_10_15_2015_CA-18_0020920.jpg,NACTI : unknown,NACTI : lebec_CA-18,-1,wild boar,,6,val
https://storage.googleapis.com/public-datasets-lila/nacti-unzipped/part0/sub058/CA-18_11_08_2016_CA-18_0041357.JPG,NACTI : CA-18_11_08_2016_CA-18_0041357.JPG,NACTI : unknown,NACTI : lebec_CA-18,-1,wild boar,,6,val
https://storage.googleapis.com/public-datasets-lila/nacti-unzipped/part2/sub290/TAG-LF11_07_28_2016_TAG-LF11_0001060.JPG,NACTI : TAG-LF11_07_28_2016_TAG-LF11_0001060.JPG,NACTI : unknown,NACTI : lebec_TAG-LF11,-1,wild boar,,6,train
https://storage.googleapis.com/public-datasets-lila/nacti-unzipped/part1/sub106/CA-44_08_12_2015_CA-44_0002203.jpg,NACTI : CA-44_08_12_2015_CA-44_0002203.jpg,NACTI : unknown,NACTI : lebec_CA-44,-1,wild boar,,6,val
https://storage.googleapis.com/public-datasets-lila/nacti-unzipped/part0/sub080/CA-30_08_03_2015_CA-30_0011513.jpg,NACTI : CA-30_08_03_2015_CA-30_0011513.jpg,NACTI : unknown,NACTI : lebec_CA-30,-1,wild boar,,6,test
https://storage.googleapis.com/public-datasets-lila/nacti-unzipped/part2/sub240/FL-26_12_08_2015_FL-26_0022443.jpg,NACTI : FL-26_12_08_2015_FL-26_0022443.jpg,NACTI : unknown,NACTI : archbold_FL-26,-1,wild boar,,6,train
https://storage.googleapis.com/public-datasets-lila/nacti-unzipped/part2/sub284/FL-40_06_03_2016_FL-40_0020223.JPG,NACTI : FL-40_06_03_2016_FL-40_0020223.JPG,NACTI : unknown,NACTI : archbold_FL-40,-1,wild boar,,6,train
https://storage.googleapis.com/public-datasets-lila/nacti-unzipped/part1/sub179/FL-13_05_02_2016_FL-13_0076494.JPG,NACTI : FL-13_05_02_2016_FL-13_0076494.JPG,NACTI : unknown,NACTI : archbold_FL-13,-1,wild boar,,6,val
https://storage.googleapis.com/public-datasets-lila/nacti-unzipped/part2/sub251/FL-28_12_07_2015_FL-28_0042920.jpg,NACTI : FL-28_12_07_2015_FL-28_0042920.jpg,NACTI : unknown,NACTI : archbold_FL-28,-1,wild boar,,6,train
https://storage.googleapis.com/public-datasets-lila/missouricameratraps/images/Set1/1.59-Wild_Boar/SEQ80611/SEQ80611_IMG_0014.JPG,Missouri Camera Traps : 97d38cba-5c15-11ee-8d73-04421a1b1283,Missouri Camera Traps : SEQ80611,Missouri Camera Traps : missouri_camera_traps,10,wild boar,,6,train
https://storage.googleapis.com/public-datasets-lila/nacti-unzipped/part0/sub058/CA-18_08_08_2016_CA-18_0037444.JPG,NACTI : CA-18_08_08_2016_CA-18_0037444.JPG,NACTI : unknown,NACTI : lebec_CA-18,-1,wild boar,,6,val
https://storage.googleapis.com/public-datasets-lila/nacti-unzipped/part1/sub117/FL-02_04_04_2016_FL-02_0059999.JPG,NACTI : FL-02_04_04_2016_FL-02_0059999.JPG,NACTI : unknown,NACTI : archbold_FL-02,-1,wild boar,,6,train
https://storage.googleapis.com/public-datasets-lila/nacti-unzipped/part1/sub162/FL-08_09_01_2016_FL-08_0025817.JPG,NACTI : FL-08_09_01_2016_FL-08_0025817.JPG,NACTI : unknown,NACTI : archbold_FL-08,-1,wild boar,,6,test
https://storage.googleapis.com/public-datasets-lila/nacti-unzipped/part2/sub271/FL-34_05_03_2016_FL-34_0013162.JPG,NACTI : FL-34_05_03_2016_FL-34_0013162.JPG,NACTI : unknown,NACTI : archbold_FL-34,-1,wild boar,,6,test
https://storage.googleapis.com/public-datasets-lila/nacti-unzipped/part0/sub042/CA-09_05_11_2016_CA-09_0007684.JPG,NACTI : CA-09_05_11_2016_CA-09_0007684.JPG,NACTI : unknown,NACTI : lebec_CA-09,-1,wild boar,,6,train
https://storage.googleapis.com/public-datasets-lila/nacti-unzipped/part0/sub061/CA-20_08_13_2015_CA-20_0003873.jpg,NACTI : CA-20_08_13_2015_CA-20_0003873.jpg,NACTI : unknown,NACTI : lebec_CA-20,-1,wild boar,,6,train
https://storage.googleapis.com/public-datasets-lila/nacti-unzipped/part0/sub088/CA-34_09_02_2016_CA-34_0029856.JPG,NACTI : CA-34_09_02_2016_CA-34_0029856.JPG,NACTI : unknown,NACTI : lebec_CA-34,-1,wild boar,,6,train
https://storage.googleapis.com/public-datasets-lila/nacti-unzipped/part0/sub086/CA-34_04_05_2016_CA-34_0019999.JPG,NACTI : CA-34_04_05_2016_CA-34_0019999.JPG,NACTI : unknown,NACTI : lebec_CA-34,-1,wild boar,,6,train
https://storage.googleapis.com/public-datasets-lila/nacti-unzipped/part2/sub290/TAG-LF11_07_28_2016_TAG-LF11_0001975.JPG,NACTI : TAG-LF11_07_28_2016_TAG-LF11_0001975.JPG,NACTI : unknown,NACTI : lebec_TAG-LF11,-1,wild boar,,6,train
https://storage.googleapis.com/public-datasets-lila/nacti-unzipped/part1/sub109/CA-46_08_12_2015_CA-46_0002139.jpg,NACTI : CA-46_08_12_2015_CA-46_0002139.jpg,NACTI : unknown,NACTI : lebec_CA-46,-1,wild boar,,6,train
https://storage.googleapis.com/public-datasets-lila/nacti-unzipped/part1/sub176/FL-12_07_28_2015_FL-12_0004748.jpg,NACTI : FL-12_07_28_2015_FL-12_0004748.jpg,NACTI : unknown,NACTI : archbold_FL-12,-1,wild boar,,6,val
https://storage.googleapis.com/public-datasets-lila/nacti-unzipped/part1/sub193/FL-16_06_02_2015_FL-16_0019885.jpg,NACTI : FL-16_06_02_2015_FL-16_0019885.jpg,NACTI : unknown,NACTI : archbold_FL-16,-1,wild boar,,6,train
https://storage.googleapis.com/public-datasets-lila/nacti-unzipped/part0/sub087/CA-34_08_04_2015_CA-34_0008453.jpg,NACTI : CA-34_08_04_2015_CA-34_0008453.jpg,NACTI : unknown,NACTI : lebec_CA-34,-1,wild boar,,6,train
https://storage.googleapis.com/public-datasets-lila/nacti-unzipped/part2/sub278/FL-37_07_08_2016_FL-37_0019281.JPG,NACTI : FL-37_07_08_2016_FL-37_0019281.JPG,NACTI : unknown,NACTI : archbold_FL-37,-1,wild boar,,6,train
https://storage.googleapis.com/public-datasets-lila/nacti-unzipped/part1/sub198/FL-16_09_03_2015_FL-16_0089507.jpg,NACTI : FL-16_09_03_2015_FL-16_0089507.jpg,NACTI : unknown,NACTI : archbold_FL-16,-1,wild boar,,6,train
https://storage.googleapis.com/public-datasets-lila/nacti-unzipped/part0/sub042/CA-08_12_08_2015_CA-08_0007653.jpg,NACTI : CA-08_12_08_2015_CA-08_0007653.jpg,NACTI : unknown,NACTI : lebec_CA-08,-1,wild boar,,6,train
https://storage.googleapis.com/public-datasets-lila/nacti-unzipped/part1/sub189/FL-15_07_29_2015_FL-15_0007840.jpg,NACTI : FL-15_07_29_2015_FL-15_0007840.jpg,NACTI : unknown,NACTI : archbold_FL-15,-1,wild boar,,6,test
https://storage.googleapis.com/public-datasets-lila/nacti-unzipped/part2/sub232/FL-23_11_02_2015_FL-23_0014693.jpg,NACTI : FL-23_11_02_2015_FL-23_0014693.jpg,NACTI : unknown,NACTI : archbold_FL-23,-1,wild boar,,6,train
https://storage.googleapis.com/public-datasets-lila/nacti-unzipped/part2/sub284/FL-40_04_05_2016_FL-40_0015332.JPG,NACTI : FL-40_04_05_2016_FL-40_0015332.JPG,NACTI : unknown,NACTI : archbold_FL-40,-1,wild boar,,6,train
https://storage.googleapis.com/public-datasets-lila/nacti-unzipped/part2/sub239/FL-26_01_21_2016_FL-26_0024163.jpg,NACTI : FL-26_01_21_2016_FL-26_0024163.jpg,NACTI : unknown,NACTI : archbold_FL-26,-1,wild boar,,6,train
https://storage.googleapis.com/public-datasets-lila/nacti-unzipped/part1/sub176/FL-12_07_28_2015_FL-12_0004749.jpg,NACTI : FL-12_07_28_2015_FL-12_0004749.jpg,NACTI : unknown,NACTI : archbold_FL-12,-1,wild boar,,6,val
https://storage.googleapis.com/public-datasets-lila/nacti-unzipped/part1/sub102/CA-43_03_21_2016_CA-43_0006363.JPG,NACTI : CA-43_03_21_2016_CA-43_0006363.JPG,NACTI : unknown,NACTI : lebec_CA-43,-1,wild boar,,6,val
https://storage.googleapis.com/public-datasets-lila/nacti-unzipped/part2/sub284/FL-40_01_23_2016_FL-40_0007502.jpg,NACTI : FL-40_01_23_2016_FL-40_0007502.jpg,NACTI : unknown,NACTI : archbold_FL-40,-1,wild boar,,6,train
https://storage.googleapis.com/public-datasets-lila/nacti-unzipped/part0/sub042/CA-08_09_17_2015_CA-08_0005710.jpg,NACTI : CA-08_09_17_2015_CA-08_0005710.jpg,NACTI : unknown,NACTI : lebec_CA-08,-1,wild boar,,6,train
https://storage.googleapis.com/public-datasets-lila/nacti-unzipped/part0/sub089/CA-35_08_04_2015_CA-35_0002723.jpg,NACTI : CA-35_08_04_2015_CA-35_0002723.jpg,NACTI : unknown,NACTI : lebec_CA-35,-1,wild boar,,6,train
https://storage.googleapis.com/public-datasets-lila/nacti-unzipped/part2/sub247/FL-28_05_03_2016_FL-28_0050880.JPG,NACTI : FL-28_05_03_2016_FL-28_0050880.JPG,NACTI : unknown,NACTI : archbold_FL-28,-1,wild boar,,6,train
https://storage.googleapis.com/public-datasets-lila/nacti-unzipped/part0/sub088/CA-34_09_18_2015_CA-34_0018094.jpg,NACTI : CA-34_09_18_2015_CA-34_0018094.jpg,NACTI : unknown,NACTI : lebec_CA-34,-1,wild boar,,6,train
https://storage.googleapis.com/public-datasets-lila/nacti-unzipped/part2/sub247/FL-28_06_02_2016_FL-28_0054160.JPG,NACTI : FL-28_06_02_2016_FL-28_0054160.JPG,NACTI : unknown,NACTI : archbold_FL-28,-1,wild boar,,6,train
https://storage.googleapis.com/public-datasets-lila/nacti-unzipped/part2/sub217/FL-21_06_30_2015_FL-21_0005550.jpg,NACTI : FL-21_06_30_2015_FL-21_0005550.jpg,NACTI : unknown,NACTI : archbold_FL-21,-1,wild boar,,6,test
https://storage.googleapis.com/public-datasets-lila/nacti-unzipped/part1/sub190/FL-16_03_07_2016_FL-16_0112365.JPG,NACTI : FL-16_03_07_2016_FL-16_0112365.JPG,NACTI : unknown,NACTI : archbold_FL-16,-1,wild boar,,6,train
https://storage.googleapis.com/public-datasets-lila/nacti-unzipped/part0/sub085/CA-33_07_06_2016_CA-33_0024202.JPG,NACTI : CA-33_07_06_2016_CA-33_0024202.JPG,NACTI : unknown,NACTI : lebec_CA-33,-1,wild boar,,6,train
https://storage.googleapis.com/public-datasets-lila/nacti-unzipped/part2/sub242/FL-27_06_02_2016_FL-27_0060396.JPG,NACTI : FL-27_06_02_2016_FL-27_0060396.JPG,NACTI : unknown,NACTI : archbold_FL-27,-1,wild boar,,6,train
https://storage.googleapis.com/public-datasets-lila/nacti-unzipped/part0/sub045/CA-11_08_10_2016_CA-11_0019933.JPG,NACTI : CA-11_08_10_2016_CA-11_0019933.JPG,NACTI : unknown,NACTI : lebec_CA-11,-1,wild boar,,6,train
https://storage.googleapis.com/public-datasets-lila/nacti-unzipped/part0/sub034/CA-02_08_13_2015_CA-02_0008818.jpg,NACTI : CA-02_08_13_2015_CA-02_0008818.jpg,NACTI : unknown,NACTI : lebec_CA-02,-1,wild boar,,6,train
https://storage.googleapis.com/public-datasets-lila/nacti-unzipped/part0/sub063/CA-22_08_10_2016_CA-22_0020463.JPG,NACTI : CA-22_08_10_2016_CA-22_0020463.JPG,NACTI : unknown,NACTI : lebec_CA-22,-1,wild boar,,6,train
https://storage.googleapis.com/public-datasets-lila/nacti-unzipped/part2/sub245/FL-27_07_28_2015_FL-27_0029396.jpg,NACTI : FL-27_07_28_2015_FL-27_0029396.jpg,NACTI : unknown,NACTI : archbold_FL-27,-1,wild boar,,6,train
https://storage.googleapis.com/public-datasets-lila/nacti-unzipped/part0/sub046/CA-12_03_21_2016_CA-12_0005380.JPG,NACTI : CA-12_03_21_2016_CA-12_0005380.JPG,NACTI : unknown,NACTI : lebec_CA-12,-1,wild boar,,6,train
https://storage.googleapis.com/public-datasets-lila/nacti-unzipped/part2/sub243/FL-27_07_06_2016_FL-27_0066172.JPG,NACTI : FL-27_07_06_2016_FL-27_0066172.JPG,NACTI : unknown,NACTI : archbold_FL-27,-1,wild boar,,6,train
https://storage.googleapis.com/public-datasets-lila/nacti-unzipped/part0/sub091/CA-37_08_03_2015_CA-37_0014972.jpg,NACTI : CA-37_08_03_2015_CA-37_0014972.jpg,NACTI : unknown,NACTI : lebec_CA-37,-1,wild boar,,6,train
https://storage.googleapis.com/public-datasets-lila/nacti-unzipped/part1/sub196/FL-16_06_02_2016_FL-16_0136216.JPG,NACTI : FL-16_06_02_2016_FL-16_0136216.JPG,NACTI : unknown,NACTI : archbold_FL-16,-1,wild boar,,6,train
https://storage.googleapis.com/public-datasets-lila/nacti-unzipped/part0/sub082/CA-30_08_03_2015_CA-30_0030671.jpg,NACTI : CA-30_08_03_2015_CA-30_0030671.jpg,NACTI : unknown,NACTI : lebec_CA-30,-1,wild boar,,6,test
https://storage.googleapis.com/public-datasets-lila/nacti-unzipped/part1/sub193/FL-16_06_02_2015_FL-16_0030885.jpg,NACTI : FL-16_06_02_2015_FL-16_0030885.jpg,NACTI : unknown,NACTI : archbold_FL-16,-1,wild boar,,6,train
https://storage.googleapis.com/public-datasets-lila/nacti-unzipped/part2/sub282/FL-38_11_03_2015_FL-38_0003576.jpg,NACTI : FL-38_11_03_2015_FL-38_0003576.jpg,NACTI : unknown,NACTI : archbold_FL-38,-1,wild boar,,6,train
https://storage.googleapis.com/public-datasets-lila/wcs-unzipped/animals/0477/1787.jpg,WCS Camera Traps : 760e2116-92d5-11e9-9c7f-000d3a74c7de,WCS Camera Traps : lao-004-d0024-16,WCS Camera Traps : 3773,2,wild boar,05-19-2011 07:16:00,6,train
https://storage.googleapis.com/public-datasets-lila/nacti-unzipped/part2/sub285/FL-40_11_03_2015_FL-40_0002259.jpg,NACTI : FL-40_11_03_2015_FL-40_0002259.jpg,NACTI : unknown,NACTI : archbold_FL-40,-1,wild boar,,6,train
https://storage.googleapis.com/public-datasets-lila/nacti-unzipped/part0/sub082/CA-30_08_03_2015_CA-30_0029461.jpg,NACTI : CA-30_08_03_2015_CA-30_0029461.jpg,NACTI : unknown,NACTI : lebec_CA-30,-1,wild boar,,6,test
https://storage.googleapis.com/public-datasets-lila/nacti-unzipped/part0/sub048/CA-13_10_05_2016_CA-13_0013292.JPG,NACTI : CA-13_10_05_2016_CA-13_0013292.JPG,NACTI : unknown,NACTI : lebec_CA-13,-1,wild boar,,6,val
https://storage.googleapis.com/public-datasets-lila/nacti-unzipped/part1/sub130/FL-04_07_28_2015_FL-04_0008412.jpg,NACTI : FL-04_07_28_2015_FL-04_0008412.jpg,NACTI : unknown,NACTI : archbold_FL-04,-1,wild boar,,6,test
https://storage.googleapis.com/public-datasets-lila/nacti-unzipped/part1/sub110/CA-48_01_21_2016_CA-48_0006070.jpg,NACTI : CA-48_01_21_2016_CA-48_0006070.jpg,NACTI : unknown,NACTI : lebec_CA-48,-1,wild boar,,6,train
https://storage.googleapis.com/public-datasets-lila/nacti-unzipped/part0/sub033/CA-01_08_13_2015_CA-01_0005194.jpg,NACTI : CA-01_08_13_2015_CA-01_0005194.jpg,NACTI : unknown,NACTI : lebec_CA-01,-1,wild boar,,6,train
https://storage.googleapis.com/public-datasets-lila/nacti-unzipped/part0/sub058/CA-19_03_10_2015_CA-19_0000725.jpg,NACTI : CA-19_03_10_2015_CA-19_0000725.jpg,NACTI : unknown,NACTI : lebec_CA-19,-1,wild boar,,6,train
https://storage.googleapis.com/public-datasets-lila/nacti-unzipped/part1/sub130/FL-04_09_02_2015_FL-04_0008769.jpg,NACTI : FL-04_09_02_2015_FL-04_0008769.jpg,NACTI : unknown,NACTI : archbold_FL-04,-1,wild boar,,6,test
https://storage.googleapis.com/public-datasets-lila/nacti-unzipped/part1/sub197/FL-16_06_30_2015_FL-16_0076655.jpg,NACTI : FL-16_06_30_2015_FL-16_0076655.jpg,NACTI : unknown,NACTI : archbold_FL-16,-1,wild boar,,6,train
https://storage.googleapis.com/public-datasets-lila/nacti-unzipped/part2/sub273/FL-35_06_03_2016_FL-35_0039783.JPG,NACTI : FL-35_06_03_2016_FL-35_0039783.JPG,NACTI : unknown,NACTI : archbold_FL-35,-1,wild boar,,6,val
https://storage.googleapis.com/public-datasets-lila/nacti-unzipped/part1/sub189/FL-15_09_03_2015_FL-15_0008401.jpg,NACTI : FL-15_09_03_2015_FL-15_0008401.jpg,NACTI : unknown,NACTI : archbold_FL-15,-1,wild boar,,6,test
https://storage.googleapis.com/public-datasets-lila/nacti-unzipped/part2/sub279/FL-37_10_01_2015_FL-37_0000141.jpg,NACTI : FL-37_10_01_2015_FL-37_0000141.jpg,NACTI : unknown,NACTI : archbold_FL-37,-1,wild boar,,6,train
https://storage.googleapis.com/public-datasets-lila/nacti-unzipped/part1/sub134/FL-05_07_05_2016_FL-05_0042898.JPG,NACTI : FL-05_07_05_2016_FL-05_0042898.JPG,NACTI : unknown,NACTI : archbold_FL-05,-1,wild boar,,6,train
https://storage.googleapis.com/public-datasets-lila/nacti-unzipped/part0/sub055/CA-17_11_08_2016_CA-17_0048392.JPG,NACTI : CA-17_11_08_2016_CA-17_0048392.JPG,NACTI : unknown,NACTI : lebec_CA-17,-1,wild boar,,6,train
https://storage.googleapis.com/public-datasets-lila/nacti-unzipped/part0/sub035/CA-03_08_13_2015_CA-03_0007850.jpg,NACTI : CA-03_08_13_2015_CA-03_0007850.jpg,NACTI : unknown,NACTI : lebec_CA-03,-1,wild boar,,6,train
https://storage.googleapis.com/public-datasets-lila/nacti-unzipped/part0/sub055/CA-17_11_08_2016_CA-17_0049099.JPG,NACTI : CA-17_11_08_2016_CA-17_0049099.JPG,NACTI : unknown,NACTI : lebec_CA-17,-1,wild boar,,6,train
https://storage.googleapis.com/public-datasets-lila/nacti-unzipped/part1/sub182/FL-13_06_02_2016_FL-13_0083131.JPG,NACTI : FL-13_06_02_2016_FL-13_0083131.JPG,NACTI : unknown,NACTI : archbold_FL-13,-1,wild boar,,6,val
https://storage.googleapis.com/public-datasets-lila/nacti-unzipped/part0/sub059/CA-19_04_06_2015_CA-19_0001107.jpg,NACTI : CA-19_04_06_2015_CA-19_0001107.jpg,NACTI : unknown,NACTI : lebec_CA-19,-1,wild boar,,6,train
https://storage.googleapis.com/public-datasets-lila/nacti-unzipped/part2/sub272/FL-35_01_12_2016_FL-35_0016847.JPG,NACTI : FL-35_01_12_2016_FL-35_0016847.JPG,NACTI : unknown,NACTI : archbold_FL-35,-1,wild boar,,6,val
https://storage.googleapis.com/public-datasets-lila/nacti-unzipped/part1/sub199/FL-16_12_06_2015_FL-16_0099003.jpg,NACTI : FL-16_12_06_2015_FL-16_0099003.jpg,NACTI : unknown,NACTI : archbold_FL-16,-1,wild boar,,6,train
https://storage.googleapis.com/public-datasets-lila/nacti-unzipped/part1/sub176/FL-12_07_23_2016_FL-12_0067010.JPG,NACTI : FL-12_07_23_2016_FL-12_0067010.JPG,NACTI : unknown,NACTI : archbold_FL-12,-1,wild boar,,6,val
https://storage.googleapis.com/public-datasets-lila/nacti-unzipped/part1/sub101/CA-42_09_16_2015_CA-42_0010163.jpg,NACTI : CA-42_09_16_2015_CA-42_0010163.jpg,NACTI : unknown,NACTI : lebec_CA-42,-1,wild boar,,6,train
https://storage.googleapis.com/public-datasets-lila/nacti-unzipped/part1/sub190/FL-16_03_07_2016_FL-16_0110797.JPG,NACTI : FL-16_03_07_2016_FL-16_0110797.JPG,NACTI : unknown,NACTI : archbold_FL-16,-1,wild boar,,6,train
https://storage.googleapis.com/public-datasets-lila/nacti-unzipped/part2/sub285/FL-40_10_01_2015_FL-40_0000802.jpg,NACTI : FL-40_10_01_2015_FL-40_0000802.jpg,NACTI : unknown,NACTI : archbold_FL-40,-1,wild boar,,6,train
https://storage.googleapis.com/public-datasets-lila/nacti-unzipped/part2/sub277/FL-37_04_04_2016_FL-37_0010713.JPG,NACTI : FL-37_04_04_2016_FL-37_0010713.JPG,NACTI : unknown,NACTI : archbold_FL-37,-1,wild boar,,6,train
https://storage.googleapis.com/public-datasets-lila/nacti-unzipped/part0/sub061/CA-20_08_13_2015_CA-20_0010893.jpg,NACTI : CA-20_08_13_2015_CA-20_0010893.jpg,NACTI : unknown,NACTI : lebec_CA-20,-1,wild boar,,6,train
https://storage.googleapis.com/public-datasets-lila/nacti-unzipped/part0/sub064/CA-23_08_13_2015_CA-23_0005994.jpg,NACTI : CA-23_08_13_2015_CA-23_0005994.jpg,NACTI : unknown,NACTI : lebec_CA-23,-1,wild boar,,6,train
https://storage.googleapis.com/public-datasets-lila/nacti-unzipped/part0/sub099/CA-41_09_16_2015_CA-41_0015150.jpg,NACTI : CA-41_09_16_2015_CA-41_0015150.jpg,NACTI : unknown,NACTI : lebec_CA-41,-1,wild boar,,6,train
https://storage.googleapis.com/public-datasets-lila/nacti-unzipped/part0/sub049/CA-14_08_12_2015_CA-14_0006196.jpg,NACTI : CA-14_08_12_2015_CA-14_0006196.jpg,NACTI : unknown,NACTI : lebec_CA-14,-1,wild boar,,6,train
https://storage.googleapis.com/public-datasets-lila/nacti-unzipped/part2/sub245/FL-27_09_03_2015_FL-27_0034528.jpg,NACTI : FL-27_09_03_2015_FL-27_0034528.jpg,NACTI : unknown,NACTI : archbold_FL-27,-1,wild boar,,6,train
https://storage.googleapis.com/public-datasets-lila/nacti-unzipped/part1/sub192/FL-16_06_02_2015_FL-16_0010661.jpg,NACTI : FL-16_06_02_2015_FL-16_0010661.jpg,NACTI : unknown,NACTI : archbold_FL-16,-1,wild boar,,6,train
https://storage.googleapis.com/public-datasets-lila/nacti-unzipped/part1/sub163/FL-09_04_05_2016_FL-09_0052506.JPG,NACTI : FL-09_04_05_2016_FL-09_0052506.JPG,NACTI : unknown,NACTI : archbold_FL-09,-1,wild boar,,6,train
https://storage.googleapis.com/public-datasets-lila/nacti-unzipped/part2/sub278/FL-37_06_03_2016_FL-37_0015811.JPG,NACTI : FL-37_06_03_2016_FL-37_0015811.JPG,NACTI : unknown,NACTI : archbold_FL-37,-1,wild boar,,6,train
https://storage.googleapis.com/public-datasets-lila/nacti-unzipped/part1/sub190/FL-16_03_07_2016_FL-16_0111077.JPG,NACTI : FL-16_03_07_2016_FL-16_0111077.JPG,NACTI : unknown,NACTI : archbold_FL-16,-1,wild boar,,6,train
https://storage.googleapis.com/public-datasets-lila/nacti-unzipped/part2/sub242/FL-27_06_02_2015_FL-27_0006491.jpg,NACTI : FL-27_06_02_2015_FL-27_0006491.jpg,NACTI : unknown,NACTI : archbold_FL-27,-1,wild boar,,6,train
https://storage.googleapis.com/public-datasets-lila/nacti-unzipped/part0/sub099/CA-41_08_04_2015_CA-41_0011810.jpg,NACTI : CA-41_08_04_2015_CA-41_0011810.jpg,NACTI : unknown,NACTI : lebec_CA-41,-1,wild boar,,6,train
https://storage.googleapis.com/public-datasets-lila/nacti-unzipped/part1/sub112/FL-01_06_02_2016_FL-01_0061394.JPG,NACTI : FL-01_06_02_2016_FL-01_0061394.JPG,NACTI : unknown,NACTI : archbold_FL-01,-1,wild boar,,6,train
https://storage.googleapis.com/public-datasets-lila/nacti-unzipped/part0/sub089/CA-35_08_04_2015_CA-35_0002343.jpg,NACTI : CA-35_08_04_2015_CA-35_0002343.jpg,NACTI : unknown,NACTI : lebec_CA-35,-1,wild boar,,6,train
https://storage.googleapis.com/public-datasets-lila/nacti-unzipped/part1/sub198/FL-16_07_06_2016_FL-16_0139707.JPG,NACTI : FL-16_07_06_2016_FL-16_0139707.JPG,NACTI : unknown,NACTI : archbold_FL-16,-1,wild boar,,6,train
https://storage.googleapis.com/public-datasets-lila/nacti-unzipped/part0/sub037/CA-04_08_12_2015_CA-04_0005844.jpg,NACTI : CA-04_08_12_2015_CA-04_0005844.jpg,NACTI : unknown,NACTI : lebec_CA-04,-1,wild boar,,6,train
https://storage.googleapis.com/public-datasets-lila/nacti-unzipped/part2/sub239/FL-26_04_05_2016_FL-26_0026836.JPG,NACTI : FL-26_04_05_2016_FL-26_0026836.JPG,NACTI : unknown,NACTI : archbold_FL-26,-1,wild boar,,6,train
https://storage.googleapis.com/public-datasets-lila/nacti-unzipped/part0/sub054/CA-17_09_18_2015_CA-17_0024771.jpg,NACTI : CA-17_09_18_2015_CA-17_0024771.jpg,NACTI : unknown,NACTI : lebec_CA-17,-1,wild boar,,6,train
https://storage.googleapis.com/public-datasets-lila/nacti-unzipped/part2/sub271/FL-34_09_08_2016_FL-34_0021107.JPG,NACTI : FL-34_09_08_2016_FL-34_0021107.JPG,NACTI : unknown,NACTI : archbold_FL-34,-1,wild boar,,6,test
https://storage.googleapis.com/public-datasets-lila/nacti-unzipped/part1/sub198/FL-16_11_02_2015_FL-16_0097182.jpg,NACTI : FL-16_11_02_2015_FL-16_0097182.jpg,NACTI : unknown,NACTI : archbold_FL-16,-1,wild boar,,6,train
https://storage.googleapis.com/public-datasets-lila/nacti-unzipped/part0/sub098/CA-41_06_02_2016_CA-41_0023792.JPG,NACTI : CA-41_06_02_2016_CA-41_0023792.JPG,NACTI : unknown,NACTI : lebec_CA-41,-1,wild boar,,6,train
https://storage.googleapis.com/public-datasets-lila/nacti-unzipped/part2/sub226/FL-22_06_02_2016_FL-22_0109447.JPG,NACTI : FL-22_06_02_2016_FL-22_0109447.JPG,NACTI : unknown,NACTI : archbold_FL-22,-1,wild boar,,6,train
https://storage.googleapis.com/public-datasets-lila/nacti-unzipped/part1/sub171/FL-11_07_28_2015_FL-11_0011519.jpg,NACTI : FL-11_07_28_2015_FL-11_0011519.jpg,NACTI : unknown,NACTI : archbold_FL-11,-1,wild boar,,6,train
https://storage.googleapis.com/public-datasets-lila/nacti-unzipped/part0/sub046/CA-11_08_13_2015_CA-11_0006183.jpg,NACTI : CA-11_08_13_2015_CA-11_0006183.jpg,NACTI : unknown,NACTI : lebec_CA-11,-1,wild boar,,6,train
https://storage.googleapis.com/public-datasets-lila/nacti-unzipped/part2/sub288/FL-42_01_23_2016_FL-42_0005540.jpg,NACTI : FL-42_01_23_2016_FL-42_0005540.jpg,NACTI : unknown,NACTI : archbold_FL-42,-1,wild boar,,6,train
https://storage.googleapis.com/public-datasets-lila/nacti-unzipped/part1/sub100/CA-42_04_03_2015_CA-42_0000607.jpg,NACTI : CA-42_04_03_2015_CA-42_0000607.jpg,NACTI : unknown,NACTI : lebec_CA-42,-1,wild boar,,6,train
https://storage.googleapis.com/public-datasets-lila/nacti-unzipped/part1/sub198/FL-16_06_30_2015_FL-16_0078487.jpg,NACTI : FL-16_06_30_2015_FL-16_0078487.jpg,NACTI : unknown,NACTI : archbold_FL-16,-1,wild boar,,6,train
https://storage.googleapis.com/public-datasets-lila/nacti-unzipped/part2/sub290/TAG-TC01_09_21_2015_TAG-TC01_0000253.JPG,NACTI : TAG-TC01_09_21_2015_TAG-TC01_0000253.JPG,NACTI : unknown,NACTI : lebec_TAG-TC01,-1,wild boar,,6,train
https://storage.googleapis.com/public-datasets-lila/nacti-unzipped/part0/sub092/CA-37_09_10_2015_CA-37_0019671.jpg,NACTI : CA-37_09_10_2015_CA-37_0019671.jpg,NACTI : unknown,NACTI : lebec_CA-37,-1,wild boar,,6,train
https://storage.googleapis.com/public-datasets-lila/nacti-unzipped/part0/sub072/CA-28_08_03_2015_CA-28_0008902.jpg,NACTI : CA-28_08_03_2015_CA-28_0008902.jpg,NACTI : unknown,NACTI : lebec_CA-28,-1,wild boar,,6,train
https://storage.googleapis.com/public-datasets-lila/nacti-unzipped/part0/sub073/CA-28_09_18_2015_CA-28_0012183.jpg,NACTI : CA-28_09_18_2015_CA-28_0012183.jpg,NACTI : unknown,NACTI : lebec_CA-28,-1,wild boar,,6,train
https://storage.googleapis.com/public-datasets-lila/nacti-unzipped/part0/sub077/CA-29_10_16_2015_CA-29_0028304.jpg,NACTI : CA-29_10_16_2015_CA-29_0028304.jpg,NACTI : unknown,NACTI : lebec_CA-29,-1,wild boar,,6,train
https://storage.googleapis.com/public-datasets-lila/nacti-unzipped/part0/sub092/CA-37_10_16_2015_CA-37_0020436.jpg,NACTI : CA-37_10_16_2015_CA-37_0020436.jpg,NACTI : unknown,NACTI : lebec_CA-37,-1,wild boar,,6,train
https://storage.googleapis.com/public-datasets-lila/nacti-unzipped/part2/sub245/FL-27_09_03_2015_FL-27_0030668.jpg,NACTI : FL-27_09_03_2015_FL-27_0030668.jpg,NACTI : unknown,NACTI : archbold_FL-27,-1,wild boar,,6,train
https://storage.googleapis.com/public-datasets-lila/nacti-unzipped/part2/sub290/FL-44_12_07_2015_FL-44_0001053.jpg,NACTI : FL-44_12_07_2015_FL-44_0001053.jpg,NACTI : unknown,NACTI : archbold_FL-44,-1,wild boar,,6,train
https://storage.googleapis.com/public-datasets-lila/nacti-unzipped/part2/sub230/FL-23_01_20_2016_FL-23_0018187.jpg,NACTI : FL-23_01_20_2016_FL-23_0018187.jpg,NACTI : unknown,NACTI : archbold_FL-23,-1,wild boar,,6,train
https://storage.googleapis.com/public-datasets-lila/nacti-unzipped/part0/sub088/CA-34_12_02_2015_CA-34_0019145.jpg,NACTI : CA-34_12_02_2015_CA-34_0019145.jpg,NACTI : unknown,NACTI : lebec_CA-34,-1,wild boar,,6,train
https://storage.googleapis.com/public-datasets-lila/nacti-unzipped/part2/sub240/FL-26_12_08_2015_FL-26_0023079.jpg,NACTI : FL-26_12_08_2015_FL-26_0023079.jpg,NACTI : unknown,NACTI : archbold_FL-26,-1,wild boar,,6,train
https://storage.googleapis.com/public-datasets-lila/nacti-unzipped/part1/sub126/FL-03_06_30_2015_FL-03_0019572.jpg,NACTI : FL-03_06_30_2015_FL-03_0019572.jpg,NACTI : unknown,NACTI : archbold_FL-03,-1,wild boar,,6,train
https://storage.googleapis.com/public-datasets-lila/nacti-unzipped/part0/sub054/CA-17_09_12_2016_CA-17_0046859.JPG,NACTI : CA-17_09_12_2016_CA-17_0046859.JPG,NACTI : unknown,NACTI : lebec_CA-17,-1,wild boar,,6,train
https://storage.googleapis.com/public-datasets-lila/nacti-unzipped/part0/sub050/CA-16_10_08_2015_CA-16_0001893.jpg,NACTI : CA-16_10_08_2015_CA-16_0001893.jpg,NACTI : unknown,NACTI : lebec_CA-16,-1,wild boar,,6,train
https://storage.googleapis.com/public-datasets-lila/nacti-unzipped/part1/sub198/FL-16_06_30_2015_FL-16_0078418.jpg,NACTI : FL-16_06_30_2015_FL-16_0078418.jpg,NACTI : unknown,NACTI : archbold_FL-16,-1,wild boar,,6,train
https://storage.googleapis.com/public-datasets-lila/nacti-unzipped/part2/sub269/FL-33_07_06_2016_FL-33_0018614.JPG,NACTI : FL-33_07_06_2016_FL-33_0018614.JPG,NACTI : unknown,NACTI : archbold_FL-33,-1,wild boar,,6,test
https://storage.googleapis.com/public-datasets-lila/nacti-unzipped/part0/sub082/CA-31_04_12_2015_CA-31_0007585.jpg,NACTI : CA-31_04_12_2015_CA-31_0007585.jpg,NACTI : unknown,NACTI : lebec_CA-31,-1,wild boar,,6,train
https://storage.googleapis.com/public-datasets-lila/nacti-unzipped/part2/sub231/FL-23_06_29_2015_FL-23_0006588.jpg,NACTI : FL-23_06_29_2015_FL-23_0006588.jpg,NACTI : unknown,NACTI : archbold_FL-23,-1,wild boar,,6,train
https://storage.googleapis.com/public-datasets-lila/nacti-unzipped/part2/sub221/FL-22_06_02_2015_FL-22_0001506.jpg,NACTI : FL-22_06_02_2015_FL-22_0001506.jpg,NACTI : unknown,NACTI : archbold_FL-22,-1,wild boar,,6,train
https://storage.googleapis.com/public-datasets-lila/nacti-unzipped/part1/sub129/FL-04_06_01_2015_FL-04_0001309.jpg,NACTI : FL-04_06_01_2015_FL-04_0001309.jpg,NACTI : unknown,NACTI : archbold_FL-04,-1,wild boar,,6,test
https://storage.googleapis.com/public-datasets-lila/nacti-unzipped/part0/sub099/CA-41_08_04_2015_CA-41_0014697.jpg,NACTI : CA-41_08_04_2015_CA-41_0014697.jpg,NACTI : unknown,NACTI : lebec_CA-41,-1,wild boar,,6,train
https://storage.googleapis.com/public-datasets-lila/wcs-unzipped/animals/0327/0192.jpg,WCS Camera Traps : 3e7f9e20-92d5-11e9-b4e4-000d3a74c7de,WCS Camera Traps : idn-001-d0372-8,WCS Camera Traps : 1955,2,wild boar,01-24-2001 15:48:00,6,val
https://storage.googleapis.com/public-datasets-lila/nacti-unzipped/part1/sub195/FL-16_06_02_2015_FL-16_0059525.jpg,NACTI : FL-16_06_02_2015_FL-16_0059525.jpg,NACTI : unknown,NACTI : archbold_FL-16,-1,wild boar,,6,train
https://storage.googleapis.com/public-datasets-lila/nacti-unzipped/part1/sub189/FL-15_06_30_2015_FL-15_0007252.jpg,NACTI : FL-15_06_30_2015_FL-15_0007252.jpg,NACTI : unknown,NACTI : archbold_FL-15,-1,wild boar,,6,test
https://storage.googleapis.com/public-datasets-lila/nacti-unzipped/part0/sub084/CA-31_09_10_2015_CA-31_0015567.jpg,NACTI : CA-31_09_10_2015_CA-31_0015567.jpg,NACTI : unknown,NACTI : lebec_CA-31,-1,wild boar,,6,train
https://storage.googleapis.com/public-datasets-lila/nacti-unzipped/part0/sub039/CA-06_08_04_2015_CA-06_0006763.jpg,NACTI : CA-06_08_04_2015_CA-06_0006763.jpg,NACTI : unknown,NACTI : lebec_CA-06,-1,wild boar,,6,val
https://storage.googleapis.com/public-datasets-lila/nacti-unzipped/part2/sub232/FL-23_11_02_2015_FL-23_0013096.jpg,NACTI : FL-23_11_02_2015_FL-23_0013096.jpg,NACTI : unknown,NACTI : archbold_FL-23,-1,wild boar,,6,train
https://storage.googleapis.com/public-datasets-lila/nacti-unzipped/part0/sub088/CA-34_08_05_2016_CA-34_0029321.JPG,NACTI : CA-34_08_05_2016_CA-34_0029321.JPG,NACTI : unknown,NACTI : lebec_CA-34,-1,wild boar,,6,train
https://storage.googleapis.com/public-datasets-lila/nacti-unzipped/part2/sub216/FL-21_01_21_2016_FL-21_0022338.jpg,NACTI : FL-21_01_21_2016_FL-21_0022338.jpg,NACTI : unknown,NACTI : archbold_FL-21,-1,wild boar,,6,test
https://storage.googleapis.com/public-datasets-lila/nacti-unzipped/part2/sub240/FL-26_12_08_2015_FL-26_0022799.jpg,NACTI : FL-26_12_08_2015_FL-26_0022799.jpg,NACTI : unknown,NACTI : archbold_FL-26,-1,wild boar,,6,train
https://storage.googleapis.com/public-datasets-lila/nacti-unzipped/part0/sub041/CA-08_05_13_2016_CA-08_0008325.JPG,NACTI : CA-08_05_13_2016_CA-08_0008325.JPG,NACTI : unknown,NACTI : lebec_CA-08,-1,wild boar,,6,train
https://storage.googleapis.com/public-datasets-lila/nacti-unzipped/part1/sub170/FL-11_01_20_2016_FL-11_0016116.jpg,NACTI : FL-11_01_20_2016_FL-11_0016116.jpg,NACTI : unknown,NACTI : archbold_FL-11,-1,wild boar,,6,train
https://storage.googleapis.com/public-datasets-lila/nacti-unzipped/part0/sub082/CA-30_08_03_2015_CA-30_0031215.jpg,NACTI : CA-30_08_03_2015_CA-30_0031215.jpg,NACTI : unknown,NACTI : lebec_CA-30,-1,wild boar,,6,test
https://storage.googleapis.com/public-datasets-lila/nacti-unzipped/part0/sub080/CA-30_08_03_2015_CA-30_0011353.jpg,NACTI : CA-30_08_03_2015_CA-30_0011353.jpg,NACTI : unknown,NACTI : lebec_CA-30,-1,wild boar,,6,test
https://storage.googleapis.com/public-datasets-lila/nacti-unzipped/part1/sub104/CA-44_01_27_2016_CA-44_0008591.jpg,NACTI : CA-44_01_27_2016_CA-44_0008591.jpg,NACTI : unknown,NACTI : lebec_CA-44,-1,wild boar,,6,val
https://storage.googleapis.com/public-datasets-lila/nacti-unzipped/part0/sub077/CA-30_03_06_2015_CA-30_0000422.jpg,NACTI : CA-30_03_06_2015_CA-30_0000422.jpg,NACTI : unknown,NACTI : lebec_CA-30,-1,wild boar,,6,test
https://storage.googleapis.com/public-datasets-lila/nacti-unzipped/part2/sub227/FL-22_06_30_2015_FL-22_0057492.jpg,NACTI : FL-22_06_30_2015_FL-22_0057492.jpg,NACTI : unknown,NACTI : archbold_FL-22,-1,wild boar,,6,train
https://storage.googleapis.com/public-datasets-lila/nacti-unzipped/part0/sub099/CA-41_09_16_2015_CA-41_0017186.jpg,NACTI : CA-41_09_16_2015_CA-41_0017186.jpg,NACTI : unknown,NACTI : lebec_CA-41,-1,wild boar,,6,train
https://storage.googleapis.com/public-datasets-lila/nacti-unzipped/part2/sub223/FL-22_06_02_2015_FL-22_0022051.jpg,NACTI : FL-22_06_02_2015_FL-22_0022051.jpg,NACTI : unknown,NACTI : archbold_FL-22,-1,wild boar,,6,train
https://storage.googleapis.com/public-datasets-lila/nacti-unzipped/part1/sub191/FL-16_05_02_2016_FL-16_0123917.JPG,NACTI : FL-16_05_02_2016_FL-16_0123917.JPG,NACTI : unknown,NACTI : archbold_FL-16,-1,wild boar,,6,train
https://storage.googleapis.com/public-datasets-lila/nacti-unzipped/part1/sub198/FL-16_06_30_2015_FL-16_0078446.jpg,NACTI : FL-16_06_30_2015_FL-16_0078446.jpg,NACTI : unknown,NACTI : archbold_FL-16,-1,wild boar,,6,train
https://storage.googleapis.com/public-datasets-lila/nacti-unzipped/part0/sub046/CA-11_08_13_2015_CA-11_0001708.jpg,NACTI : CA-11_08_13_2015_CA-11_0001708.jpg,NACTI : unknown,NACTI : lebec_CA-11,-1,wild boar,,6,train
https://storage.googleapis.com/public-datasets-lila/nacti-unzipped/part2/sub290/FL-43_11_03_2015_FL-43_0001203.jpg,NACTI : FL-43_11_03_2015_FL-43_0001203.jpg,NACTI : unknown,NACTI : archbold_FL-43,-1,wild boar,,6,train
https://storage.googleapis.com/public-datasets-lila/nacti-unzipped/part2/sub230/FL-22_09_03_2015_FL-22_0071908.jpg,NACTI : FL-22_09_03_2015_FL-22_0071908.jpg,NACTI : unknown,NACTI : archbold_FL-22,-1,wild boar,,6,train
https://storage.googleapis.com/public-datasets-lila/nacti-unzipped/part1/sub118/FL-02_06_01_2015_FL-02_0005552.jpg,NACTI : FL-02_06_01_2015_FL-02_0005552.jpg,NACTI : unknown,NACTI : archbold_FL-02,-1,wild boar,,6,train
https://storage.googleapis.com/public-datasets-lila/nacti-unzipped/part0/sub088/CA-34_09_02_2016_CA-34_0030282.JPG,NACTI : CA-34_09_02_2016_CA-34_0030282.JPG,NACTI : unknown,NACTI : lebec_CA-34,-1,wild boar,,6,train
https://storage.googleapis.com/public-datasets-lila/nacti-unzipped/part0/sub088/CA-34_09_02_2016_CA-34_0030155.JPG,NACTI : CA-34_09_02_2016_CA-34_0030155.JPG,NACTI : unknown,NACTI : lebec_CA-34,-1,wild boar,,6,train
https://storage.googleapis.com/public-datasets-lila/nacti-unzipped/part2/sub283/FL-39_01_23_2016_FL-39_0003562.jpg,NACTI : FL-39_01_23_2016_FL-39_0003562.jpg,NACTI : unknown,NACTI : archbold_FL-39,-1,wild boar,,6,test
https://storage.googleapis.com/public-datasets-lila/nacti-unzipped/part0/sub088/CA-34_09_02_2016_CA-34_0030270.JPG,NACTI : CA-34_09_02_2016_CA-34_0030270.JPG,NACTI : unknown,NACTI : lebec_CA-34,-1,wild boar,,6,train
https://storage.googleapis.com/public-datasets-lila/nacti-unzipped/part0/sub058/CA-19_03_10_2015_CA-19_0000685.jpg,NACTI : CA-19_03_10_2015_CA-19_0000685.jpg,NACTI : unknown,NACTI : lebec_CA-19,-1,wild boar,,6,train
https://storage.googleapis.com/public-datasets-lila/nacti-unzipped/part1/sub175/FL-12_07_05_2016_FL-12_0055523.JPG,NACTI : FL-12_07_05_2016_FL-12_0055523.JPG,NACTI : unknown,NACTI : archbold_FL-12,-1,wild boar,,6,val
https://storage.googleapis.com/public-datasets-lila/nacti-unzipped/part0/sub099/CA-41_09_02_2016_CA-41_0026637.JPG,NACTI : CA-41_09_02_2016_CA-41_0026637.JPG,NACTI : unknown,NACTI : lebec_CA-41,-1,wild boar,,6,train
https://storage.googleapis.com/public-datasets-lila/nacti-unzipped/part2/sub208/FL-19_04_04_2016_FL-19_0048191.JPG,NACTI : FL-19_04_04_2016_FL-19_0048191.JPG,NACTI : unknown,NACTI : archbold_FL-19,-1,wild boar,,6,train
https://storage.googleapis.com/public-datasets-lila/nacti-unzipped/part0/sub073/CA-28_09_18_2015_CA-28_0012340.jpg,NACTI : CA-28_09_18_2015_CA-28_0012340.jpg,NACTI : unknown,NACTI : lebec_CA-28,-1,wild boar,,6,train
https://storage.googleapis.com/public-datasets-lila/missouricameratraps/images/Set1/1.59-Wild_Boar/SEQ76325/SEQ76325_IMG_0013.JPG,Missouri Camera Traps : 97da0e28-5c15-11ee-8d73-04421a1b1283,Missouri Camera Traps : SEQ76325,Missouri Camera Traps : missouri_camera_traps,20,wild boar,,6,train
https://storage.googleapis.com/public-datasets-lila/nacti-unzipped/part1/sub189/FL-15_07_06_2016_FL-15_0020690.JPG,NACTI : FL-15_07_06_2016_FL-15_0020690.JPG,NACTI : unknown,NACTI : archbold_FL-15,-1,wild boar,,6,test
https://storage.googleapis.com/public-datasets-lila/nacti-unzipped/part1/sub128/FL-04_05_02_2016_FL-04_0019715.JPG,NACTI : FL-04_05_02_2016_FL-04_0019715.JPG,NACTI : unknown,NACTI : archbold_FL-04,-1,wild boar,,6,test
https://storage.googleapis.com/public-datasets-lila/nacti-unzipped/part0/sub039/CA-06_08_04_2015_CA-06_0006637.jpg,NACTI : CA-06_08_04_2015_CA-06_0006637.jpg,NACTI : unknown,NACTI : lebec_CA-06,-1,wild boar,,6,val
https://storage.googleapis.com/public-datasets-lila/nacti-unzipped/part0/sub050/CA-16_09_14_2015_CA-16_0001258.jpg,NACTI : CA-16_09_14_2015_CA-16_0001258.jpg,NACTI : unknown,NACTI : lebec_CA-16,-1,wild boar,,6,train
https://storage.googleapis.com/public-datasets-lila/nacti-unzipped/part2/sub290/FL-43_12_07_2015_FL-43_0003823.jpg,NACTI : FL-43_12_07_2015_FL-43_0003823.jpg,NACTI : unknown,NACTI : archbold_FL-43,-1,wild boar,,6,train
https://storage.googleapis.com/public-datasets-lila/nacti-unzipped/part2/sub232/FL-24_04_04_2016_FL-24_0057059.JPG,NACTI : FL-24_04_04_2016_FL-24_0057059.JPG,NACTI : unknown,NACTI : archbold_FL-24,-1,wild boar,,6,train
https://storage.googleapis.com/public-datasets-lila/nacti-unzipped/part1/sub100/CA-41_09_16_2015_CA-41_0017536.jpg,NACTI : CA-41_09_16_2015_CA-41_0017536.jpg,NACTI : unknown,NACTI : lebec_CA-41,-1,wild boar,,6,train
https://storage.googleapis.com/public-datasets-lila/nacti-unzipped/part0/sub073/CA-28_12_01_2015_CA-28_0013462.jpg,NACTI : CA-28_12_01_2015_CA-28_0013462.jpg,NACTI : unknown,NACTI : lebec_CA-28,-1,wild boar,,6,train
https://storage.googleapis.com/public-datasets-lila/nacti-unzipped/part1/sub106/CA-44_08_12_2015_CA-44_0003020.jpg,NACTI : CA-44_08_12_2015_CA-44_0003020.jpg,NACTI : unknown,NACTI : lebec_CA-44,-1,wild boar,,6,val
https://storage.googleapis.com/public-datasets-lila/nacti-unzipped/part1/sub100/CA-41_11_08_2016_CA-41_0028798.JPG,NACTI : CA-41_11_08_2016_CA-41_0028798.JPG,NACTI : unknown,NACTI : lebec_CA-41,-1,wild boar,,6,train
https://storage.googleapis.com/public-datasets-lila/nacti-unzipped/part1/sub116/FL-01_07_28_2015_FL-01_0037054.jpg,NACTI : FL-01_07_28_2015_FL-01_0037054.jpg,NACTI : unknown,NACTI : archbold_FL-01,-1,wild boar,,6,train
https://storage.googleapis.com/public-datasets-lila/nacti-unzipped/part2/sub283/FL-39_08_15_2016_FL-39_0011347.JPG,NACTI : FL-39_08_15_2016_FL-39_0011347.JPG,NACTI : unknown,NACTI : archbold_FL-39,-1,wild boar,,6,test
https://storage.googleapis.com/public-datasets-lila/nacti-unzipped/part1/sub102/CA-42_11_14_2015_CA-42_0012347.jpg,NACTI : CA-42_11_14_2015_CA-42_0012347.jpg,NACTI : unknown,NACTI : lebec_CA-42,-1,wild boar,,6,train
https://storage.googleapis.com/public-datasets-lila/nacti-unzipped/part2/sub283/FL-39_11_03_2015_FL-39_0000727.jpg,NACTI : FL-39_11_03_2015_FL-39_0000727.jpg,NACTI : unknown,NACTI : archbold_FL-39,-1,wild boar,,6,test
https://storage.googleapis.com/public-datasets-lila/nacti-unzipped/part1/sub108/CA-46_03_30_2015_CA-46_0000858.jpg,NACTI : CA-46_03_30_2015_CA-46_0000858.jpg,NACTI : unknown,NACTI : lebec_CA-46,-1,wild boar,,6,train
https://storage.googleapis.com/public-datasets-lila/nacti-unzipped/part0/sub039/CA-06_08_04_2015_CA-06_0006684.jpg,NACTI : CA-06_08_04_2015_CA-06_0006684.jpg,NACTI : unknown,NACTI : lebec_CA-06,-1,wild boar,,6,val
https://storage.googleapis.com/public-datasets-lila/nacti-unzipped/part1/sub172/FL-11_12_08_2015_FL-11_0015011.jpg,NACTI : FL-11_12_08_2015_FL-11_0015011.jpg,NACTI : unknown,NACTI : archbold_FL-11,-1,wild boar,,6,train
https://storage.googleapis.com/public-datasets-lila/nacti-unzipped/part2/sub229/FL-22_08_05_2016_FL-22_0119578.JPG,NACTI : FL-22_08_05_2016_FL-22_0119578.JPG,NACTI : unknown,NACTI : archbold_FL-22,-1,wild boar,,6,train
https://storage.googleapis.com/public-datasets-lila/nacti-unzipped/part0/sub040/CA-06_10_11_2016_CA-06_0019029.JPG,NACTI : CA-06_10_11_2016_CA-06_0019029.JPG,NACTI : unknown,NACTI : lebec_CA-06,-1,wild boar,,6,val
https://storage.googleapis.com/public-datasets-lila/missouricameratraps/images/Set1/1.59-Wild_Boar/SEQ76359/SEQ76359_IMG_0008.JPG,Missouri Camera Traps : 97d915b8-5c15-11ee-8d73-04421a1b1283,Missouri Camera Traps : SEQ76359,Missouri Camera Traps : missouri_camera_traps,7,wild boar,,6,train
https://storage.googleapis.com/public-datasets-lila/nacti-unzipped/part2/sub283/FL-39_03_08_2016_FL-39_0005873.JPG,NACTI : FL-39_03_08_2016_FL-39_0005873.JPG,NACTI : unknown,NACTI : archbold_FL-39,-1,wild boar,,6,test
https://storage.googleapis.com/public-datasets-lila/nacti-unzipped/part1/sub198/FL-16_11_02_2015_FL-16_0096138.jpg,NACTI : FL-16_11_02_2015_FL-16_0096138.jpg,NACTI : unknown,NACTI : archbold_FL-16,-1,wild boar,,6,train
https://storage.googleapis.com/public-datasets-lila/nacti-unzipped/part1/sub104/CA-44_01_27_2016_CA-44_0008495.jpg,NACTI : CA-44_01_27_2016_CA-44_0008495.jpg,NACTI : unknown,NACTI : lebec_CA-44,-1,wild boar,,6,val
https://storage.googleapis.com/public-datasets-lila/nacti-unzipped/part1/sub106/CA-44_08_12_2015_CA-44_0003342.jpg,NACTI : CA-44_08_12_2015_CA-44_0003342.jpg,NACTI : unknown,NACTI : lebec_CA-44,-1,wild boar,,6,val
https://storage.googleapis.com/public-datasets-lila/nacti-unzipped/part1/sub102/CA-43_01_28_2016_CA-43_0006091.jpg,NACTI : CA-43_01_28_2016_CA-43_0006091.jpg,NACTI : unknown,NACTI : lebec_CA-43,-1,wild boar,,6,val
https://storage.googleapis.com/public-datasets-lila/nacti-unzipped/part1/sub109/CA-46_09_11_2015_CA-46_0008240.jpg,NACTI : CA-46_09_11_2015_CA-46_0008240.jpg,NACTI : unknown,NACTI : lebec_CA-46,-1,wild boar,,6,train
https://storage.googleapis.com/public-datasets-lila/nacti-unzipped/part1/sub198/FL-16_09_03_2015_FL-16_0091121.jpg,NACTI : FL-16_09_03_2015_FL-16_0091121.jpg,NACTI : unknown,NACTI : archbold_FL-16,-1,wild boar,,6,train
https://storage.googleapis.com/public-datasets-lila/nacti-unzipped/part1/sub193/FL-16_06_02_2015_FL-16_0035392.jpg,NACTI : FL-16_06_02_2015_FL-16_0035392.jpg,NACTI : unknown,NACTI : archbold_FL-16,-1,wild boar,,6,train
https://storage.googleapis.com/public-datasets-lila/nacti-unzipped/part1/sub110/CA-47_08_12_2015_CA-47_0001807.jpg,NACTI : CA-47_08_12_2015_CA-47_0001807.jpg,NACTI : unknown,NACTI : lebec_CA-47,-1,wild boar,,6,val
https://storage.googleapis.com/public-datasets-lila/nacti-unzipped/part0/sub058/CA-18_12_02_2015_CA-18_0021258.jpg,NACTI : CA-18_12_02_2015_CA-18_0021258.jpg,NACTI : unknown,NACTI : lebec_CA-18,-1,wild boar,,6,val
https://storage.googleapis.com/public-datasets-lila/nacti-unzipped/part0/sub058/CA-18_10_15_2015_CA-18_0020817.jpg,NACTI : CA-18_10_15_2015_CA-18_0020817.jpg,NACTI : unknown,NACTI : lebec_CA-18,-1,wild boar,,6,val
https://storage.googleapis.com/public-datasets-lila/nacti-unzipped/part0/sub092/CA-37_12_01_2015_CA-37_0021489.jpg,NACTI : CA-37_12_01_2015_CA-37_0021489.jpg,NACTI : unknown,NACTI : lebec_CA-37,-1,wild boar,,6,train
https://storage.googleapis.com/public-datasets-lila/nacti-unzipped/part2/sub227/FL-22_06_30_2015_FL-22_0056774.jpg,NACTI : FL-22_06_30_2015_FL-22_0056774.jpg,NACTI : unknown,NACTI : archbold_FL-22,-1,wild boar,,6,train
https://storage.googleapis.com/public-datasets-lila/nacti-unzipped/part1/sub116/FL-01_07_28_2015_FL-01_0037058.jpg,NACTI : FL-01_07_28_2015_FL-01_0037058.jpg,NACTI : unknown,NACTI : archbold_FL-01,-1,wild boar,,6,train
https://storage.googleapis.com/public-datasets-lila/nacti-unzipped/part1/sub108/CA-46_03_30_2015_CA-46_0000467.jpg,NACTI : CA-46_03_30_2015_CA-46_0000467.jpg,NACTI : unknown,NACTI : lebec_CA-46,-1,wild boar,,6,train
https://storage.googleapis.com/public-datasets-lila/nacti-unzipped/part0/sub089/CA-35_08_04_2015_CA-35_0002057.jpg,NACTI : CA-35_08_04_2015_CA-35_0002057.jpg,NACTI : unknown,NACTI : lebec_CA-35,-1,wild boar,,6,train
https://storage.googleapis.com/public-datasets-lila/nacti-unzipped/part0/sub088/CA-34_08_04_2015_CA-34_0013520.jpg,NACTI : CA-34_08_04_2015_CA-34_0013520.jpg,NACTI : unknown,NACTI : lebec_CA-34,-1,wild boar,,6,train
https://storage.googleapis.com/public-datasets-lila/nacti-unzipped/part2/sub242/FL-27_06_02_2015_FL-27_0007773.jpg,NACTI : FL-27_06_02_2015_FL-27_0007773.jpg,NACTI : unknown,NACTI : archbold_FL-27,-1,wild boar,,6,train
https://storage.googleapis.com/public-datasets-lila/nacti-unzipped/part2/sub208/FL-18_07_05_2016_FL-18_0025199.JPG,NACTI : FL-18_07_05_2016_FL-18_0025199.JPG,NACTI : unknown,NACTI : archbold_FL-18,-1,wild boar,,6,test
https://storage.googleapis.com/public-datasets-lila/nacti-unzipped/part2/sub239/FL-26_03_07_2016_FL-26_0025052.JPG,NACTI : FL-26_03_07_2016_FL-26_0025052.JPG,NACTI : unknown,NACTI : archbold_FL-26,-1,wild boar,,6,train
https://storage.googleapis.com/public-datasets-lila/nacti-unzipped/part2/sub285/FL-41_01_23_2016_FL-41_0013090.jpg,NACTI : FL-41_01_23_2016_FL-41_0013090.jpg,NACTI : unknown,NACTI : archbold_FL-41,-1,wild boar,,6,train
https://storage.googleapis.com/public-datasets-lila/nacti-unzipped/part0/sub082/CA-30_08_03_2015_CA-30_0030331.jpg,NACTI : CA-30_08_03_2015_CA-30_0030331.jpg,NACTI : unknown,NACTI : lebec_CA-30,-1,wild boar,,6,test
https://storage.googleapis.com/public-datasets-lila/nacti-unzipped/part2/sub245/FL-27_10_01_2015_FL-27_0035976.jpg,NACTI : FL-27_10_01_2015_FL-27_0035976.jpg,NACTI : unknown,NACTI : archbold_FL-27,-1,wild boar,,6,train
https://storage.googleapis.com/public-datasets-lila/nacti-unzipped/part1/sub126/FL-03_06_30_2015_FL-03_0020022.jpg,NACTI : FL-03_06_30_2015_FL-03_0020022.jpg,NACTI : unknown,NACTI : archbold_FL-03,-1,wild boar,,6,train
https://storage.googleapis.com/public-datasets-lila/nacti-unzipped/part2/sub241/FL-27_05_02_2016_FL-27_0056661.JPG,NACTI : FL-27_05_02_2016_FL-27_0056661.JPG,NACTI : unknown,NACTI : archbold_FL-27,-1,wild boar,,6,train
https://storage.googleapis.com/public-datasets-lila/nacti-unzipped/part0/sub084/CA-31_10_04_2016_CA-31_0031412.JPG,NACTI : CA-31_10_04_2016_CA-31_0031412.JPG,NACTI : unknown,NACTI : lebec_CA-31,-1,wild boar,,6,train
https://storage.googleapis.com/public-datasets-lila/nacti-unzipped/part2/sub271/FL-34_12_07_2015_FL-34_0000951.jpg,NACTI : FL-34_12_07_2015_FL-34_0000951.jpg,NACTI : unknown,NACTI : archbold_FL-34,-1,wild boar,,6,test
https://storage.googleapis.com/public-datasets-lila/nacti-unzipped/part2/sub283/FL-39_01_23_2016_FL-39_0003288.jpg,NACTI : FL-39_01_23_2016_FL-39_0003288.jpg,NACTI : unknown,NACTI : archbold_FL-39,-1,wild boar,,6,test
https://storage.googleapis.com/public-datasets-lila/nacti-unzipped/part0/sub039/CA-06_09_08_2016_CA-06_0017833.JPG,NACTI : CA-06_09_08_2016_CA-06_0017833.JPG,NACTI : unknown,NACTI : lebec_CA-06,-1,wild boar,,6,val
https://storage.googleapis.com/public-datasets-lila/nacti-unzipped/part2/sub242/FL-27_06_02_2015_FL-27_0005633.jpg,NACTI : FL-27_06_02_2015_FL-27_0005633.jpg,NACTI : unknown,NACTI : archbold_FL-27,-1,wild boar,,6,train
https://storage.googleapis.com/public-datasets-lila/nacti-unzipped/part0/sub041/CA-08_08_04_2015_CA-08_0003259.jpg,NACTI : CA-08_08_04_2015_CA-08_0003259.jpg,NACTI : unknown,NACTI : lebec_CA-08,-1,wild boar,,6,train
https://storage.googleapis.com/public-datasets-lila/nacti-unzipped/part1/sub162/FL-08_09_03_2015_FL-08_0009597.jpg,NACTI : FL-08_09_03_2015_FL-08_0009597.jpg,NACTI : unknown,NACTI : archbold_FL-08,-1,wild boar,,6,test
https://storage.googleapis.com/public-datasets-lila/nacti-unzipped/part2/sub245/FL-27_09_03_2015_FL-27_0035344.jpg,NACTI : FL-27_09_03_2015_FL-27_0035344.jpg,NACTI : unknown,NACTI : archbold_FL-27,-1,wild boar,,6,train
https://storage.googleapis.com/public-datasets-lila/nacti-unzipped/part0/sub058/CA-18_11_08_2016_CA-18_0041428.JPG,NACTI : CA-18_11_08_2016_CA-18_0041428.JPG,NACTI : unknown,NACTI : lebec_CA-18,-1,wild boar,,6,val
https://storage.googleapis.com/public-datasets-lila/nacti-unzipped/part2/sub208/FL-18_08_04_2016_FL-18_0027078.JPG,NACTI : FL-18_08_04_2016_FL-18_0027078.JPG,NACTI : unknown,NACTI : archbold_FL-18,-1,wild boar,,6,test
https://storage.googleapis.com/public-datasets-lila/nacti-unzipped/part0/sub086/CA-33_09_02_2016_CA-33_0028065.JPG,NACTI : CA-33_09_02_2016_CA-33_0028065.JPG,NACTI : unknown,NACTI : lebec_CA-33,-1,wild boar,,6,train
https://storage.googleapis.com/public-datasets-lila/nacti-unzipped/part0/sub080/CA-30_07_07_2016_CA-30_0048620.JPG,NACTI : CA-30_07_07_2016_CA-30_0048620.JPG,NACTI : unknown,NACTI : lebec_CA-30,-1,wild boar,,6,test
https://storage.googleapis.com/public-datasets-lila/wcs-unzipped/animals/0036/0301.jpg,WCS Camera Traps : d430695b-92d4-11e9-b551-000d3a74c7de,WCS Camera Traps : idn-002-d0084-3,WCS Camera Traps : 518,1,wild boar,09-30-1999 09:36:00,6,train
https://storage.googleapis.com/public-datasets-lila/nacti-unzipped/part1/sub199/FL-16_12_06_2015_FL-16_0099375.jpg,NACTI : FL-16_12_06_2015_FL-16_0099375.jpg,NACTI : unknown,NACTI : archbold_FL-16,-1,wild boar,,6,train
https://storage.googleapis.com/public-datasets-lila/nacti-unzipped/part0/sub054/CA-17_09_18_2015_CA-17_0024933.jpg,NACTI : CA-17_09_18_2015_CA-17_0024933.jpg,NACTI : unknown,NACTI : lebec_CA-17,-1,wild boar,,6,train
https://storage.googleapis.com/public-datasets-lila/nacti-unzipped/part0/sub097/CA-40_09_09_2016_CA-40_0011524.JPG,NACTI : CA-40_09_09_2016_CA-40_0011524.JPG,NACTI : unknown,NACTI : lebec_CA-40,-1,wild boar,,6,test
https://storage.googleapis.com/public-datasets-lila/nacti-unzipped/part1/sub100/CA-41_09_16_2015_CA-41_0017342.jpg,NACTI : CA-41_09_16_2015_CA-41_0017342.jpg,NACTI : unknown,NACTI : lebec_CA-41,-1,wild boar,,6,train
https://storage.googleapis.com/public-datasets-lila/nacti-unzipped/part0/sub043/CA-10_08_10_2016_CA-10_0024339.JPG,NACTI : CA-10_08_10_2016_CA-10_0024339.JPG,NACTI : unknown,NACTI : lebec_CA-10,-1,wild boar,,6,train
https://storage.googleapis.com/public-datasets-lila/nacti-unzipped/part2/sub232/FL-23_11_02_2015_FL-23_0012883.jpg,NACTI : FL-23_11_02_2015_FL-23_0012883.jpg,NACTI : unknown,NACTI : archbold_FL-23,-1,wild boar,,6,train
https://storage.googleapis.com/public-datasets-lila/nacti-unzipped/part1/sub106/CA-44_08_12_2015_CA-44_0003600.jpg,NACTI : CA-44_08_12_2015_CA-44_0003600.jpg,NACTI : unknown,NACTI : lebec_CA-44,-1,wild boar,,6,val
https://storage.googleapis.com/public-datasets-lila/nacti-unzipped/part2/sub276/FL-36_05_03_2016_FL-36_0016194.JPG,NACTI : FL-36_05_03_2016_FL-36_0016194.JPG,NACTI : unknown,NACTI : archbold_FL-36,-1,wild boar,,6,train
https://storage.googleapis.com/public-datasets-lila/nacti-unzipped/part2/sub213/FL-20_01_21_2016_FL-20_0026929.jpg,NACTI : FL-20_01_21_2016_FL-20_0026929.jpg,NACTI : unknown,NACTI : archbold_FL-20,-1,wild boar,,6,train
https://storage.googleapis.com/public-datasets-lila/nacti-unzipped/part0/sub082/CA-31_04_12_2015_CA-31_0007582.jpg,NACTI : CA-31_04_12_2015_CA-31_0007582.jpg,NACTI : unknown,NACTI : lebec_CA-31,-1,wild boar,,6,train
https://storage.googleapis.com/public-datasets-lila/nacti-unzipped/part2/sub206/FL-17_07_28_2015_FL-17_0055485.jpg,NACTI : FL-17_07_28_2015_FL-17_0055485.jpg,NACTI : unknown,NACTI : archbold_FL-17,-1,wild boar,,6,train
https://storage.googleapis.com/public-datasets-lila/nacti-unzipped/part2/sub213/FL-19_08_04_2016_FL-19_0061850.JPG,NACTI : FL-19_08_04_2016_FL-19_0061850.JPG,NACTI : unknown,NACTI : archbold_FL-19,-1,wild boar,,6,train
https://storage.googleapis.com/public-datasets-lila/nacti-unzipped/part0/sub066/CA-24_10_07_2015_CA-24_0011811.jpg,NACTI : CA-24_10_07_2015_CA-24_0011811.jpg,NACTI : unknown,NACTI : lebec_CA-24,-1,wild boar,,6,train
https://storage.googleapis.com/public-datasets-lila/nacti-unzipped/part2/sub278/FL-37_07_08_2016_FL-37_0020274.JPG,NACTI : FL-37_07_08_2016_FL-37_0020274.JPG,NACTI : unknown,NACTI : archbold_FL-37,-1,wild boar,,6,train
https://storage.googleapis.com/public-datasets-lila/nacti-unzipped/part0/sub058/CA-18_09_18_2015_CA-18_0019869.jpg,NACTI : CA-18_09_18_2015_CA-18_0019869.jpg,NACTI : unknown,NACTI : lebec_CA-18,-1,wild boar,,6,val
https://storage.googleapis.com/public-datasets-lila/nacti-unzipped/part0/sub038/CA-05_08_12_2015_CA-05_0001708.jpg,NACTI : CA-05_08_12_2015_CA-05_0001708.jpg,NACTI : unknown,NACTI : lebec_CA-05,-1,wild boar,,6,train
https://storage.googleapis.com/public-datasets-lila/nacti-unzipped/part1/sub163/FL-09_04_05_2016_FL-09_0052509.JPG,NACTI : FL-09_04_05_2016_FL-09_0052509.JPG,NACTI : unknown,NACTI : archbold_FL-09,-1,wild boar,,6,train
https://storage.googleapis.com/public-datasets-lila/nacti-unzipped/part0/sub073/CA-28_09_06_2016_CA-28_0027604.JPG,NACTI : CA-28_09_06_2016_CA-28_0027604.JPG,NACTI : unknown,NACTI : lebec_CA-28,-1,wild boar,,6,train
https://storage.googleapis.com/public-datasets-lila/nacti-unzipped/part0/sub099/CA-41_08_04_2015_CA-41_0013530.jpg,NACTI : CA-41_08_04_2015_CA-41_0013530.jpg,NACTI : unknown,NACTI : lebec_CA-41,-1,wild boar,,6,train
https://storage.googleapis.com/public-datasets-lila/nacti-unzipped/part2/sub232/FL-23_12_08_2015_FL-23_0017222.jpg,NACTI : FL-23_12_08_2015_FL-23_0017222.jpg,NACTI : unknown,NACTI : archbold_FL-23,-1,wild boar,,6,train
https://storage.googleapis.com/public-datasets-lila/nacti-unzipped/part1/sub129/FL-04_05_02_2016_FL-04_0020737.JPG,NACTI : FL-04_05_02_2016_FL-04_0020737.JPG,NACTI : unknown,NACTI : archbold_FL-04,-1,wild boar,,6,test
https://storage.googleapis.com/public-datasets-lila/nacti-unzipped/part1/sub126/FL-03_07_28_2015_FL-03_0020679.jpg,NACTI : FL-03_07_28_2015_FL-03_0020679.jpg,NACTI : unknown,NACTI : archbold_FL-03,-1,wild boar,,6,train
https://storage.googleapis.com/public-datasets-lila/nacti-unzipped/part1/sub193/FL-16_06_02_2015_FL-16_0036609.jpg,NACTI : FL-16_06_02_2015_FL-16_0036609.jpg,NACTI : unknown,NACTI : archbold_FL-16,-1,wild boar,,6,train
https://storage.googleapis.com/public-datasets-lila/nacti-unzipped/part0/sub080/CA-30_07_07_2016_CA-30_0048376.JPG,NACTI : CA-30_07_07_2016_CA-30_0048376.JPG,NACTI : unknown,NACTI : lebec_CA-30,-1,wild boar,,6,test
https://storage.googleapis.com/public-datasets-lila/nacti-unzipped/part0/sub082/CA-30_10_31_2016_CA-30_0060686.JPG,NACTI : CA-30_10_31_2016_CA-30_0060686.JPG,NACTI : unknown,NACTI : lebec_CA-30,-1,wild boar,,6,test
https://storage.googleapis.com/public-datasets-lila/nacti-unzipped/part0/sub082/CA-30_09_18_2015_CA-30_0032200.jpg,NACTI : CA-30_09_18_2015_CA-30_0032200.jpg,NACTI : unknown,NACTI : lebec_CA-30,-1,wild boar,,6,test
https://storage.googleapis.com/public-datasets-lila/nacti-unzipped/part0/sub048/CA-13_08_01_2016_CA-13_0009793.JPG,NACTI : CA-13_08_01_2016_CA-13_0009793.JPG,NACTI : unknown,NACTI : lebec_CA-13,-1,wild boar,,6,val
https://storage.googleapis.com/public-datasets-lila/nacti-unzipped/part2/sub289/FL-42_11_03_2015_FL-42_0003863.jpg,NACTI : FL-42_11_03_2015_FL-42_0003863.jpg,NACTI : unknown,NACTI : archbold_FL-42,-1,wild boar,,6,train
https://storage.googleapis.com/public-datasets-lila/nacti-unzipped/part2/sub289/FL-43_06_03_2016_FL-43_0010946.JPG,NACTI : FL-43_06_03_2016_FL-43_0010946.JPG,NACTI : unknown,NACTI : archbold_FL-43,-1,wild boar,,6,train
https://storage.googleapis.com/public-datasets-lila/nacti-unzipped/part2/sub283/FL-39_04_05_2016_FL-39_0007651.JPG,NACTI : FL-39_04_05_2016_FL-39_0007651.JPG,NACTI : unknown,NACTI : archbold_FL-39,-1,wild boar,,6,test
https://storage.googleapis.com/public-datasets-lila/nacti-unzipped/part2/sub290/FL-43_12_07_2015_FL-43_0002921.jpg,NACTI : FL-43_12_07_2015_FL-43_0002921.jpg,NACTI : unknown,NACTI : archbold_FL-43,-1,wild boar,,6,train
https://storage.googleapis.com/public-datasets-lila/nacti-unzipped/part2/sub284/FL-40_01_23_2016_FL-40_0007560.jpg,NACTI : FL-40_01_23_2016_FL-40_0007560.jpg,NACTI : unknown,NACTI : archbold_FL-40,-1,wild boar,,6,train
https://storage.googleapis.com/public-datasets-lila/nacti-unzipped/part1/sub104/CA-43_08_12_2015_CA-43_0002396.jpg,NACTI : CA-43_08_12_2015_CA-43_0002396.jpg,NACTI : unknown,NACTI : lebec_CA-43,-1,wild boar,,6,val
https://storage.googleapis.com/public-datasets-lila/nacti-unzipped/part2/sub285/FL-40_11_03_2015_FL-40_0000991.jpg,NACTI : FL-40_11_03_2015_FL-40_0000991.jpg,NACTI : unknown,NACTI : archbold_FL-40,-1,wild boar,,6,train
https://storage.googleapis.com/public-datasets-lila/nacti-unzipped/part2/sub281/FL-38_05_03_2016_FL-38_0033282.JPG,NACTI : FL-38_05_03_2016_FL-38_0033282.JPG,NACTI : unknown,NACTI : archbold_FL-38,-1,wild boar,,6,train
https://storage.googleapis.com/public-datasets-lila/nacti-unzipped/part0/sub040/CA-06_11_13_2015_CA-06_0008684.jpg,NACTI : CA-06_11_13_2015_CA-06_0008684.jpg,NACTI : unknown,NACTI : lebec_CA-06,-1,wild boar,,6,val
https://storage.googleapis.com/public-datasets-lila/nacti-unzipped/part0/sub069/CA-26_10_06_2016_CA-26_0010986.JPG,NACTI : CA-26_10_06_2016_CA-26_0010986.JPG,NACTI : unknown,NACTI : lebec_CA-26,-1,wild boar,,6,test
https://storage.googleapis.com/public-datasets-lila/nacti-unzipped/part2/sub278/FL-37_07_08_2016_FL-37_0023303.JPG,NACTI : FL-37_07_08_2016_FL-37_0023303.JPG,NACTI : unknown,NACTI : archbold_FL-37,-1,wild boar,,6,train
https://storage.googleapis.com/public-datasets-lila/nacti-unzipped/part2/sub283/FL-39_12_07_2015_FL-39_0001585.jpg,NACTI : FL-39_12_07_2015_FL-39_0001585.jpg,NACTI : unknown,NACTI : archbold_FL-39,-1,wild boar,,6,test
https://storage.googleapis.com/public-datasets-lila/nacti-unzipped/part0/sub088/CA-34_08_05_2016_CA-34_0029065.JPG,NACTI : CA-34_08_05_2016_CA-34_0029065.JPG,NACTI : unknown,NACTI : lebec_CA-34,-1,wild boar,,6,train
https://storage.googleapis.com/public-datasets-lila/nacti-unzipped/part0/sub055/CA-17_11_08_2016_CA-17_0049423.JPG,NACTI : CA-17_11_08_2016_CA-17_0049423.JPG,NACTI : unknown,NACTI : lebec_CA-17,-1,wild boar,,6,train
https://storage.googleapis.com/public-datasets-lila/nacti-unzipped/part1/sub194/FL-16_06_02_2015_FL-16_0042956.jpg,NACTI : FL-16_06_02_2015_FL-16_0042956.jpg,NACTI : unknown,NACTI : archbold_FL-16,-1,wild boar,,6,train
https://storage.googleapis.com/public-datasets-lila/nacti-unzipped/part0/sub055/CA-17_10_06_2016_CA-17_0047386.JPG,NACTI : CA-17_10_06_2016_CA-17_0047386.JPG,NACTI : unknown,NACTI : lebec_CA-17,-1,wild boar,,6,train
https://storage.googleapis.com/public-datasets-lila/nacti-unzipped/part1/sub162/FL-08_09_03_2015_FL-08_0009656.jpg,NACTI : FL-08_09_03_2015_FL-08_0009656.jpg,NACTI : unknown,NACTI : archbold_FL-08,-1,wild boar,,6,test
https://storage.googleapis.com/public-datasets-lila/nacti-unzipped/part1/sub194/FL-16_06_02_2015_FL-16_0041619.jpg,NACTI : FL-16_06_02_2015_FL-16_0041619.jpg,NACTI : unknown,NACTI : archbold_FL-16,-1,wild boar,,6,train
https://storage.googleapis.com/public-datasets-lila/nacti-unzipped/part0/sub099/CA-41_09_16_2015_CA-41_0015177.jpg,NACTI : CA-41_09_16_2015_CA-41_0015177.jpg,NACTI : unknown,NACTI : lebec_CA-41,-1,wild boar,,6,train
https://storage.googleapis.com/public-datasets-lila/nacti-unzipped/part0/sub070/CA-27_08_17_2015_CA-27_0005037.jpg,NACTI : CA-27_08_17_2015_CA-27_0005037.jpg,NACTI : unknown,NACTI : lebec_CA-27,-1,wild boar,,6,train
https://storage.googleapis.com/public-datasets-lila/nacti-unzipped/part0/sub042/CA-09_06_07_2016_CA-09_0009914.JPG,NACTI : CA-09_06_07_2016_CA-09_0009914.JPG,NACTI : unknown,NACTI : lebec_CA-09,-1,wild boar,,6,train
https://storage.googleapis.com/public-datasets-lila/nacti-unzipped/part0/sub055/CA-17_11_08_2016_CA-17_0049987.JPG,NACTI : CA-17_11_08_2016_CA-17_0049987.JPG,NACTI : unknown,NACTI : lebec_CA-17,-1,wild boar,,6,train
https://storage.googleapis.com/public-datasets-lila/wcs-unzipped/animals/0433/0330.jpg,WCS Camera Traps : 64ef32e8-92d5-11e9-96a3-000d3a74c7de,WCS Camera Traps : idn-004-d0095-195,WCS Camera Traps : 3020,1,wild boar,02-08-2013 08:16:13,6,train
https://storage.googleapis.com/public-datasets-lila/nacti-unzipped/part2/sub276/FL-36_06_03_2016_FL-36_0021142.JPG,NACTI : FL-36_06_03_2016_FL-36_0021142.JPG,NACTI : unknown,NACTI : archbold_FL-36,-1,wild boar,,6,train
https://storage.googleapis.com/public-datasets-lila/nacti-unzipped/part2/sub271/FL-34_04_04_2016_FL-34_0010494.JPG,NACTI : FL-34_04_04_2016_FL-34_0010494.JPG,NACTI : unknown,NACTI : archbold_FL-34,-1,wild boar,,6,test
https://storage.googleapis.com/public-datasets-lila/nacti-unzipped/part2/sub208/FL-18_12_08_2015_FL-18_0016950.jpg,NACTI : FL-18_12_08_2015_FL-18_0016950.jpg,NACTI : unknown,NACTI : archbold_FL-18,-1,wild boar,,6,test
https://storage.googleapis.com/public-datasets-lila/nacti-unzipped/part0/sub088/CA-34_11_08_2016_CA-34_0031955.JPG,NACTI : CA-34_11_08_2016_CA-34_0031955.JPG,NACTI : unknown,NACTI : lebec_CA-34,-1,wild boar,,6,train
https://storage.googleapis.com/public-datasets-lila/nacti-unzipped/part1/sub104/CA-44_04_19_2016_CA-44_0009662.JPG,NACTI : CA-44_04_19_2016_CA-44_0009662.JPG,NACTI : unknown,NACTI : lebec_CA-44,-1,wild boar,,6,val
https://storage.googleapis.com/public-datasets-lila/nacti-unzipped/part2/sub216/FL-20_09_03_2015_FL-20_0023786.jpg,NACTI : FL-20_09_03_2015_FL-20_0023786.jpg,NACTI : unknown,NACTI : archbold_FL-20,-1,wild boar,,6,train
https://storage.googleapis.com/public-datasets-lila/nacti-unzipped/part1/sub131/FL-04_11_02_2015_FL-04_0010115.jpg,NACTI : FL-04_11_02_2015_FL-04_0010115.jpg,NACTI : unknown,NACTI : archbold_FL-04,-1,wild boar,,6,test
https://storage.googleapis.com/public-datasets-lila/nacti-unzipped/part1/sub106/CA-44_08_12_2015_CA-44_0001899.jpg,NACTI : CA-44_08_12_2015_CA-44_0001899.jpg,NACTI : unknown,NACTI : lebec_CA-44,-1,wild boar,,6,val
https://storage.googleapis.com/public-datasets-lila/nacti-unzipped/part0/sub047/CA-12_09_15_2015_CA-12_0004617.jpg,NACTI : CA-12_09_15_2015_CA-12_0004617.jpg,NACTI : unknown,NACTI : lebec_CA-12,-1,wild boar,,6,train
https://storage.googleapis.com/public-datasets-lila/nacti-unzipped/part1/sub199/FL-16_11_02_2015_FL-16_0097322.jpg,NACTI : FL-16_11_02_2015_FL-16_0097322.jpg,NACTI : unknown,NACTI : archbold_FL-16,-1,wild boar,,6,train
https://storage.googleapis.com/public-datasets-lila/nacti-unzipped/part2/sub289/FL-42_11_03_2015_FL-42_0003803.jpg,NACTI : FL-42_11_03_2015_FL-42_0003803.jpg,NACTI : unknown,NACTI : archbold_FL-42,-1,wild boar,,6,train
https://storage.googleapis.com/public-datasets-lila/nacti-unzipped/part0/sub052/CA-17_04_05_2016_CA-17_0030354.JPG,NACTI : CA-17_04_05_2016_CA-17_0030354.JPG,NACTI : unknown,NACTI : lebec_CA-17,-1,wild boar,,6,train
https://storage.googleapis.com/public-datasets-lila/nacti-unzipped/part0/sub082/CA-30_08_03_2015_CA-30_0029890.jpg,NACTI : CA-30_08_03_2015_CA-30_0029890.jpg,NACTI : unknown,NACTI : lebec_CA-30,-1,wild boar,,6,test
https://storage.googleapis.com/public-datasets-lila/nacti-unzipped/part1/sub126/FL-03_07_28_2015_FL-03_0022880.jpg,NACTI : FL-03_07_28_2015_FL-03_0022880.jpg,NACTI : unknown,NACTI : archbold_FL-03,-1,wild boar,,6,train
https://storage.googleapis.com/public-datasets-lila/nacti-unzipped/part0/sub041/CA-08_09_17_2015_CA-08_0004997.jpg,NACTI : CA-08_09_17_2015_CA-08_0004997.jpg,NACTI : unknown,NACTI : lebec_CA-08,-1,wild boar,,6,train
https://storage.googleapis.com/public-datasets-lila/nacti-unzipped/part0/sub088/CA-35_04_03_2015_CA-35_0000412.jpg,NACTI : CA-35_04_03_2015_CA-35_0000412.jpg,NACTI : unknown,NACTI : lebec_CA-35,-1,wild boar,,6,train
https://storage.googleapis.com/public-datasets-lila/nacti-unzipped/part1/sub126/FL-03_06_30_2015_FL-03_0019846.jpg,NACTI : FL-03_06_30_2015_FL-03_0019846.jpg,NACTI : unknown,NACTI : archbold_FL-03,-1,wild boar,,6,train
https://storage.googleapis.com/public-datasets-lila/nacti-unzipped/part1/sub189/FL-15_06_30_2015_FL-15_0007369.jpg,NACTI : FL-15_06_30_2015_FL-15_0007369.jpg,NACTI : unknown,NACTI : archbold_FL-15,-1,wild boar,,6,test
https://storage.googleapis.com/public-datasets-lila/nacti-unzipped/part2/sub271/FL-34_11_03_2015_FL-34_0000101.jpg,NACTI : FL-34_11_03_2015_FL-34_0000101.jpg,NACTI : unknown,NACTI : archbold_FL-34,-1,wild boar,,6,test
https://storage.googleapis.com/public-datasets-lila/nacti-unzipped/part2/sub283/FL-39_01_23_2016_FL-39_0004004.jpg,NACTI : FL-39_01_23_2016_FL-39_0004004.jpg,NACTI : unknown,NACTI : archbold_FL-39,-1,wild boar,,6,test
https://storage.googleapis.com/public-datasets-lila/nacti-unzipped/part1/sub193/FL-16_06_02_2015_FL-16_0021096.jpg,NACTI : FL-16_06_02_2015_FL-16_0021096.jpg,NACTI : unknown,NACTI : archbold_FL-16,-1,wild boar,,6,train
https://storage.googleapis.com/public-datasets-lila/nacti-unzipped/part0/sub045/CA-11_03_10_2015_CA-11_0000435.jpg,NACTI : CA-11_03_10_2015_CA-11_0000435.jpg,NACTI : unknown,NACTI : lebec_CA-11,-1,wild boar,,6,train
https://storage.googleapis.com/public-datasets-lila/nacti-unzipped/part2/sub284/FL-40_06_03_2016_FL-40_0018932.JPG,NACTI : FL-40_06_03_2016_FL-40_0018932.JPG,NACTI : unknown,NACTI : archbold_FL-40,-1,wild boar,,6,train
https://storage.googleapis.com/public-datasets-lila/nacti-unzipped/part2/sub290/FL-43_11_03_2015_FL-43_0000808.jpg,NACTI : FL-43_11_03_2015_FL-43_0000808.jpg,NACTI : unknown,NACTI : archbold_FL-43,-1,wild boar,,6,train
https://storage.googleapis.com/public-datasets-lila/nacti-unzipped/part1/sub173/FL-12_04_04_2016_FL-12_0034451.JPG,NACTI : FL-12_04_04_2016_FL-12_0034451.JPG,NACTI : unknown,NACTI : archbold_FL-12,-1,wild boar,,6,val
https://storage.googleapis.com/public-datasets-lila/nacti-unzipped/part0/sub055/CA-17_10_15_2015_CA-17_0025854.jpg,NACTI : CA-17_10_15_2015_CA-17_0025854.jpg,NACTI : unknown,NACTI : lebec_CA-17,-1,wild boar,,6,train
https://storage.googleapis.com/public-datasets-lila/nacti-unzipped/part2/sub210/FL-19_06_01_2015_FL-19_0012482.jpg,NACTI : FL-19_06_01_2015_FL-19_0012482.jpg,NACTI : unknown,NACTI : archbold_FL-19,-1,wild boar,,6,train
https://storage.googleapis.com/public-datasets-lila/nacti-unzipped/part0/sub093/CA-38_07_08_2016_CA-38_0031110.JPG,NACTI : CA-38_07_08_2016_CA-38_0031110.JPG,NACTI : unknown,NACTI : lebec_CA-38,-1,wild boar,,6,val
https://storage.googleapis.com/public-datasets-lila/nacti-unzipped/part0/sub099/CA-41_09_16_2015_CA-41_0016186.jpg,NACTI : CA-41_09_16_2015_CA-41_0016186.jpg,NACTI : unknown,NACTI : lebec_CA-41,-1,wild boar,,6,train
https://storage.googleapis.com/public-datasets-lila/nacti-unzipped/part2/sub290/FL-44_03_08_2016_FL-44_0002558.JPG,NACTI : FL-44_03_08_2016_FL-44_0002558.JPG,NACTI : unknown,NACTI : archbold_FL-44,-1,wild boar,,6,train
https://storage.googleapis.com/public-datasets-lila/nacti-unzipped/part2/sub285/FL-40_12_07_2015_FL-40_0002593.jpg,NACTI : FL-40_12_07_2015_FL-40_0002593.jpg,NACTI : unknown,NACTI : archbold_FL-40,-1,wild boar,,6,train
https://storage.googleapis.com/public-datasets-lila/nacti-unzipped/part0/sub041/CA-08_03_09_2015_CA-08_0000615.jpg,NACTI : CA-08_03_09_2015_CA-08_0000615.jpg,NACTI : unknown,NACTI : lebec_CA-08,-1,wild boar,,6,train
https://storage.googleapis.com/public-datasets-lila/nacti-unzipped/part2/sub283/FL-39_04_05_2016_FL-39_0008038.JPG,NACTI : FL-39_04_05_2016_FL-39_0008038.JPG,NACTI : unknown,NACTI : archbold_FL-39,-1,wild boar,,6,test
https://storage.googleapis.com/public-datasets-lila/nacti-unzipped/part1/sub171/FL-11_06_29_2015_FL-11_0010361.jpg,NACTI : FL-11_06_29_2015_FL-11_0010361.jpg,NACTI : unknown,NACTI : archbold_FL-11,-1,wild boar,,6,train
https://storage.googleapis.com/public-datasets-lila/nacti-unzipped/part2/sub285/FL-40_09_09_2016_FL-40_0027805.JPG,NACTI : FL-40_09_09_2016_FL-40_0027805.JPG,NACTI : unknown,NACTI : archbold_FL-40,-1,wild boar,,6,train
https://storage.googleapis.com/public-datasets-lila/nacti-unzipped/part1/sub171/FL-11_07_28_2015_FL-11_0011443.jpg,NACTI : FL-11_07_28_2015_FL-11_0011443.jpg,NACTI : unknown,NACTI : archbold_FL-11,-1,wild boar,,6,train
https://storage.googleapis.com/public-datasets-lila/nacti-unzipped/part1/sub195/FL-16_06_02_2015_FL-16_0058344.jpg,NACTI : FL-16_06_02_2015_FL-16_0058344.jpg,NACTI : unknown,NACTI : archbold_FL-16,-1,wild boar,,6,train
https://storage.googleapis.com/public-datasets-lila/nacti-unzipped/part2/sub242/FL-27_06_02_2016_FL-27_0057662.JPG,NACTI : FL-27_06_02_2016_FL-27_0057662.JPG,NACTI : unknown,NACTI : archbold_FL-27,-1,wild boar,,6,train
https://storage.googleapis.com/public-datasets-lila/nacti-unzipped/part2/sub289/FL-42_11_03_2015_FL-42_0003348.jpg,NACTI : FL-42_11_03_2015_FL-42_0003348.jpg,NACTI : unknown,NACTI : archbold_FL-42,-1,wild boar,,6,train
https://storage.googleapis.com/public-datasets-lila/nacti-unzipped/part0/sub047/CA-12_08_13_2015_CA-12_0003733.jpg,NACTI : CA-12_08_13_2015_CA-12_0003733.jpg,NACTI : unknown,NACTI : lebec_CA-12,-1,wild boar,,6,train
https://storage.googleapis.com/public-datasets-lila/nacti-unzipped/part1/sub135/FL-05_12_08_2015_FL-05_0025696.jpg,NACTI : FL-05_12_08_2015_FL-05_0025696.jpg,NACTI : unknown,NACTI : archbold_FL-05,-1,wild boar,,6,train
https://storage.googleapis.com/public-datasets-lila/nacti-unzipped/part1/sub126/FL-03_06_30_2015_FL-03_0019875.jpg,NACTI : FL-03_06_30_2015_FL-03_0019875.jpg,NACTI : unknown,NACTI : archbold_FL-03,-1,wild boar,,6,train
https://storage.googleapis.com/public-datasets-lila/nacti-unzipped/part1/sub109/CA-46_12_03_2015_CA-46_0010915.jpg,NACTI : CA-46_12_03_2015_CA-46_0010915.jpg,NACTI : unknown,NACTI : lebec_CA-46,-1,wild boar,,6,train
https://storage.googleapis.com/public-datasets-lila/nacti-unzipped/part1/sub189/FL-15_11_02_2015_FL-15_0010376.jpg,NACTI : FL-15_11_02_2015_FL-15_0010376.jpg,NACTI : unknown,NACTI : archbold_FL-15,-1,wild boar,,6,test
https://storage.googleapis.com/public-datasets-lila/nacti-unzipped/part2/sub284/FL-40_07_06_2016_FL-40_0021553.JPG,NACTI : FL-40_07_06_2016_FL-40_0021553.JPG,NACTI : unknown,NACTI : archbold_FL-40,-1,wild boar,,6,train
https://storage.googleapis.com/public-datasets-lila/nacti-unzipped/part2/sub285/FL-40_08_15_2016_FL-40_0026425.JPG,NACTI : FL-40_08_15_2016_FL-40_0026425.JPG,NACTI : unknown,NACTI : archbold_FL-40,-1,wild boar,,6,train
https://storage.googleapis.com/public-datasets-lila/nacti-unzipped/part2/sub219/FL-21_11_02_2015_FL-21_0019809.jpg,NACTI : FL-21_11_02_2015_FL-21_0019809.jpg,NACTI : unknown,NACTI : archbold_FL-21,-1,wild boar,,6,test
https://storage.googleapis.com/public-datasets-lila/nacti-unzipped/part0/sub099/CA-41_08_04_2015_CA-41_0014380.jpg,NACTI : CA-41_08_04_2015_CA-41_0014380.jpg,NACTI : unknown,NACTI : lebec_CA-41,-1,wild boar,,6,train
https://storage.googleapis.com/public-datasets-lila/nacti-unzipped/part0/sub065/CA-23_11_05_2015_CA-23_0020423.jpg,NACTI : CA-23_11_05_2015_CA-23_0020423.jpg,NACTI : unknown,NACTI : lebec_CA-23,-1,wild boar,,6,train
https://storage.googleapis.com/public-datasets-lila/nacti-unzipped/part1/sub110/CA-47_09_11_2015_CA-47_0001996.jpg,NACTI : CA-47_09_11_2015_CA-47_0001996.jpg,NACTI : unknown,NACTI : lebec_CA-47,-1,wild boar,,6,val
https://storage.googleapis.com/public-datasets-lila/nacti-unzipped/part0/sub050/CA-16_10_11_2016_CA-16_0006898.JPG,NACTI : CA-16_10_11_2016_CA-16_0006898.JPG,NACTI : unknown,NACTI : lebec_CA-16,-1,wild boar,,6,train
https://storage.googleapis.com/public-datasets-lila/nacti-unzipped/part0/sub073/CA-28_10_31_2016_CA-28_0029861.JPG,NACTI : CA-28_10_31_2016_CA-28_0029861.JPG,NACTI : unknown,NACTI : lebec_CA-28,-1,wild boar,,6,train
https://storage.googleapis.com/public-datasets-lila/nacti-unzipped/part0/sub082/CA-31_04_12_2015_CA-31_0007340.jpg,NACTI : CA-31_04_12_2015_CA-31_0007340.jpg,NACTI : unknown,NACTI : lebec_CA-31,-1,wild boar,,6,train
https://storage.googleapis.com/public-datasets-lila/nacti-unzipped/part0/sub049/CA-14_09_11_2015_CA-14_0006756.jpg,NACTI : CA-14_09_11_2015_CA-14_0006756.jpg,NACTI : unknown,NACTI : lebec_CA-14,-1,wild boar,,6,train
https://storage.googleapis.com/public-datasets-lila/nacti-unzipped/part2/sub278/FL-37_06_03_2016_FL-37_0013961.JPG,NACTI : FL-37_06_03_2016_FL-37_0013961.JPG,NACTI : unknown,NACTI : archbold_FL-37,-1,wild boar,,6,train
https://storage.googleapis.com/public-datasets-lila/nacti-unzipped/part1/sub192/FL-16_06_02_2015_FL-16_0016736.jpg,NACTI : FL-16_06_02_2015_FL-16_0016736.jpg,NACTI : unknown,NACTI : archbold_FL-16,-1,wild boar,,6,train
https://storage.googleapis.com/public-datasets-lila/nacti-unzipped/part2/sub227/FL-22_07_29_2015_FL-22_0040847.jpg,NACTI : FL-22_07_29_2015_FL-22_0040847.jpg,NACTI : unknown,NACTI : archbold_FL-22,-1,wild boar,,6,train
https://storage.googleapis.com/public-datasets-lila/nacti-unzipped/part1/sub190/FL-16_03_07_2016_FL-16_0112925.JPG,NACTI : FL-16_03_07_2016_FL-16_0112925.JPG,NACTI : unknown,NACTI : archbold_FL-16,-1,wild boar,,6,train
https://storage.googleapis.com/public-datasets-lila/nacti-unzipped/part2/sub241/FL-27_05_02_2016_FL-27_0055623.JPG,NACTI : FL-27_05_02_2016_FL-27_0055623.JPG,NACTI : unknown,NACTI : archbold_FL-27,-1,wild boar,,6,train
https://storage.googleapis.com/public-datasets-lila/nacti-unzipped/part1/sub189/FL-16_03_07_2016_FL-16_0107517.JPG,NACTI : FL-16_03_07_2016_FL-16_0107517.JPG,NACTI : unknown,NACTI : archbold_FL-16,-1,wild boar,,6,train
https://storage.googleapis.com/public-datasets-lila/nacti-unzipped/part1/sub105/CA-44_04_19_2016_CA-44_0016192.JPG,NACTI : CA-44_04_19_2016_CA-44_0016192.JPG,NACTI : unknown,NACTI : lebec_CA-44,-1,wild boar,,6,val
https://storage.googleapis.com/public-datasets-lila/nacti-unzipped/part2/sub290/TAG-LF11_07_28_2016_TAG-LF11_0001978.JPG,NACTI : TAG-LF11_07_28_2016_TAG-LF11_0001978.JPG,NACTI : unknown,NACTI : lebec_TAG-LF11,-1,wild boar,,6,train
https://storage.googleapis.com/public-datasets-lila/nacti-unzipped/part1/sub106/CA-44_08_12_2015_CA-44_0003784.jpg,NACTI : CA-44_08_12_2015_CA-44_0003784.jpg,NACTI : unknown,NACTI : lebec_CA-44,-1,wild boar,,6,val
https://storage.googleapis.com/public-datasets-lila/nacti-unzipped/part1/sub189/FL-15_07_29_2015_FL-15_0007817.jpg,NACTI : FL-15_07_29_2015_FL-15_0007817.jpg,NACTI : unknown,NACTI : archbold_FL-15,-1,wild boar,,6,test
https://storage.googleapis.com/public-datasets-lila/nacti-unzipped/part0/sub041/CA-08_09_17_2015_CA-08_0005214.jpg,NACTI : CA-08_09_17_2015_CA-08_0005214.jpg,NACTI : unknown,NACTI : lebec_CA-08,-1,wild boar,,6,train
https://storage.googleapis.com/public-datasets-lila/nacti-unzipped/part0/sub077/CA-29_09_18_2015_CA-29_0027507.jpg,NACTI : CA-29_09_18_2015_CA-29_0027507.jpg,NACTI : unknown,NACTI : lebec_CA-29,-1,wild boar,,6,train
https://storage.googleapis.com/public-datasets-lila/nacti-unzipped/part1/sub195/FL-16_06_02_2015_FL-16_0050485.jpg,NACTI : FL-16_06_02_2015_FL-16_0050485.jpg,NACTI : unknown,NACTI : archbold_FL-16,-1,wild boar,,6,train
https://storage.googleapis.com/public-datasets-lila/nacti-unzipped/part2/sub201/FL-17_06_01_2015_FL-17_0010914.jpg,NACTI : FL-17_06_01_2015_FL-17_0010914.jpg,NACTI : unknown,NACTI : archbold_FL-17,-1,wild boar,,6,train
https://storage.googleapis.com/public-datasets-lila/nacti-unzipped/part1/sub172/FL-12_03_04_2016_FL-12_0030297.JPG,NACTI : FL-12_03_04_2016_FL-12_0030297.JPG,NACTI : unknown,NACTI : archbold_FL-12,-1,wild boar,,6,val
https://storage.googleapis.com/public-datasets-lila/nacti-unzipped/part1/sub100/CA-41_11_08_2016_CA-41_0028398.JPG,NACTI : CA-41_11_08_2016_CA-41_0028398.JPG,NACTI : unknown,NACTI : lebec_CA-41,-1,wild boar,,6,train
https://storage.googleapis.com/public-datasets-lila/nacti-unzipped/part2/sub211/FL-19_07_05_2016_FL-19_0056917.JPG,NACTI : FL-19_07_05_2016_FL-19_0056917.JPG,NACTI : unknown,NACTI : archbold_FL-19,-1,wild boar,,6,train
https://storage.googleapis.com/public-datasets-lila/nacti-unzipped/part2/sub284/FL-40_04_05_2016_FL-40_0014946.JPG,NACTI : FL-40_04_05_2016_FL-40_0014946.JPG,NACTI : unknown,NACTI : archbold_FL-40,-1,wild boar,,6,train
https://storage.googleapis.com/public-datasets-lila/nacti-unzipped/part1/sub130/FL-04_09_30_2015_FL-04_0009823.jpg,NACTI : FL-04_09_30_2015_FL-04_0009823.jpg,NACTI : unknown,NACTI : archbold_FL-04,-1,wild boar,,6,test
https://storage.googleapis.com/public-datasets-lila/nacti-unzipped/part0/sub039/CA-06_08_10_2016_CA-06_0014887.JPG,NACTI : CA-06_08_10_2016_CA-06_0014887.JPG,NACTI : unknown,NACTI : lebec_CA-06,-1,wild boar,,6,val
https://storage.googleapis.com/public-datasets-lila/nacti-unzipped/part1/sub104/CA-44_01_27_2016_CA-44_0008353.jpg,NACTI : CA-44_01_27_2016_CA-44_0008353.jpg,NACTI : unknown,NACTI : lebec_CA-44,-1,wild boar,,6,val
https://storage.googleapis.com/public-datasets-lila/nacti-unzipped/part1/sub135/FL-06_01_20_2016_FL-06_0016431.jpg,NACTI : FL-06_01_20_2016_FL-06_0016431.jpg,NACTI : unknown,NACTI : archbold_FL-06,-1,wild boar,,6,val
https://storage.googleapis.com/public-datasets-lila/nacti-unzipped/part2/sub289/FL-42_11_03_2015_FL-42_0001944.jpg,NACTI : FL-42_11_03_2015_FL-42_0001944.jpg,NACTI : unknown,NACTI : archbold_FL-42,-1,wild boar,,6,train
https://storage.googleapis.com/public-datasets-lila/nacti-unzipped/part0/sub097/CA-39_12_08_2015_CA-39_0010548.jpg,NACTI : CA-39_12_08_2015_CA-39_0010548.jpg,NACTI : unknown,NACTI : lebec_CA-39,-1,wild boar,,6,train
https://storage.googleapis.com/public-datasets-lila/nacti-unzipped/part0/sub055/CA-17_11_08_2016_CA-17_0048994.JPG,NACTI : CA-17_11_08_2016_CA-17_0048994.JPG,NACTI : unknown,NACTI : lebec_CA-17,-1,wild boar,,6,train
https://storage.googleapis.com/public-datasets-lila/nacti-unzipped/part0/sub050/CA-16_09_14_2015_CA-16_0001296.jpg,NACTI : CA-16_09_14_2015_CA-16_0001296.jpg,NACTI : unknown,NACTI : lebec_CA-16,-1,wild boar,,6,train
https://storage.googleapis.com/public-datasets-lila/nacti-unzipped/part0/sub058/CA-18_09_18_2015_CA-18_0019819.jpg,NACTI : CA-18_09_18_2015_CA-18_0019819.jpg,NACTI : unknown,NACTI : lebec_CA-18,-1,wild boar,,6,val
https://storage.googleapis.com/public-datasets-lila/nacti-unzipped/part2/sub240/FL-26_12_08_2015_FL-26_0022728.jpg,NACTI : FL-26_12_08_2015_FL-26_0022728.jpg,NACTI : unknown,NACTI : archbold_FL-26,-1,wild boar,,6,train
https://storage.googleapis.com/public-datasets-lila/nacti-unzipped/part0/sub038/CA-06_02_16_2016_CA-06_0009652.JPG,NACTI : CA-06_02_16_2016_CA-06_0009652.JPG,NACTI : unknown,NACTI : lebec_CA-06,-1,wild boar,,6,val
https://storage.googleapis.com/public-datasets-lila/nacti-unzipped/part0/sub050/CA-16_11_03_2016_CA-16_0007325.JPG,NACTI : CA-16_11_03_2016_CA-16_0007325.JPG,NACTI : unknown,NACTI : lebec_CA-16,-1,wild boar,,6,train
https://storage.googleapis.com/public-datasets-lila/nacti-unzipped/part0/sub088/CA-34_08_05_2016_CA-34_0029335.JPG,NACTI : CA-34_08_05_2016_CA-34_0029335.JPG,NACTI : unknown,NACTI : lebec_CA-34,-1,wild boar,,6,train
https://storage.googleapis.com/public-datasets-lila/nacti-unzipped/part0/sub046/CA-11_09_09_2015_CA-11_0007783.jpg,NACTI : CA-11_09_09_2015_CA-11_0007783.jpg,NACTI : unknown,NACTI : lebec_CA-11,-1,wild boar,,6,train
https://storage.googleapis.com/public-datasets-lila/nacti-unzipped/part0/sub088/CA-34_09_02_2016_CA-34_0030413.JPG,NACTI : CA-34_09_02_2016_CA-34_0030413.JPG,NACTI : unknown,NACTI : lebec_CA-34,-1,wild boar,,6,train
https://storage.googleapis.com/public-datasets-lila/nacti-unzipped/part1/sub190/FL-16_04_05_2016_FL-16_0119924.JPG,NACTI : FL-16_04_05_2016_FL-16_0119924.JPG,NACTI : unknown,NACTI : archbold_FL-16,-1,wild boar,,6,train
https://storage.googleapis.com/public-datasets-lila/nacti-unzipped/part1/sub109/CA-47_01_21_2016_CA-47_0002360.jpg,NACTI : CA-47_01_21_2016_CA-47_0002360.jpg,NACTI : unknown,NACTI : lebec_CA-47,-1,wild boar,,6,val
https://storage.googleapis.com/public-datasets-lila/nacti-unzipped/part0/sub076/CA-29_08_03_2015_CA-29_0016360.jpg,NACTI : CA-29_08_03_2015_CA-29_0016360.jpg,NACTI : unknown,NACTI : lebec_CA-29,-1,wild boar,,6,train
https://storage.googleapis.com/public-datasets-lila/nacti-unzipped/part0/sub073/CA-28_11_05_2015_CA-28_0013135.jpg,NACTI : CA-28_11_05_2015_CA-28_0013135.jpg,NACTI : unknown,NACTI : lebec_CA-28,-1,wild boar,,6,train
https://storage.googleapis.com/public-datasets-lila/nacti-unzipped/part2/sub242/FL-27_06_02_2016_FL-27_0058596.JPG,NACTI : FL-27_06_02_2016_FL-27_0058596.JPG,NACTI : unknown,NACTI : archbold_FL-27,-1,wild boar,,6,train
https://storage.googleapis.com/public-datasets-lila/nacti-unzipped/part1/sub126/FL-03_06_30_2015_FL-03_0020167.jpg,NACTI : FL-03_06_30_2015_FL-03_0020167.jpg,NACTI : unknown,NACTI : archbold_FL-03,-1,wild boar,,6,train
https://storage.googleapis.com/public-datasets-lila/missouricameratraps/images/Set1/1.59-Wild_Boar/SEQ79750/SEQ79750_IMG_0020.JPG,Missouri Camera Traps : 97d0926c-5c15-11ee-8d73-04421a1b1283,Missouri Camera Traps : SEQ79750,Missouri Camera Traps : missouri_camera_traps,42,wild boar,,6,train
https://storage.googleapis.com/public-datasets-lila/nacti-unzipped/part0/sub089/CA-37_03_06_2015_CA-37_0000188.jpg,NACTI : CA-37_03_06_2015_CA-37_0000188.jpg,NACTI : unknown,NACTI : lebec_CA-37,-1,wild boar,,6,train
https://storage.googleapis.com/public-datasets-lila/nacti-unzipped/part0/sub059/CA-19_11_01_2016_CA-19_0032327.JPG,NACTI : CA-19_11_01_2016_CA-19_0032327.JPG,NACTI : unknown,NACTI : lebec_CA-19,-1,wild boar,,6,train
https://storage.googleapis.com/public-datasets-lila/nacti-unzipped/part0/sub062/CA-21_08_10_2016_CA-21_0029796.JPG,NACTI : CA-21_08_10_2016_CA-21_0029796.JPG,NACTI : unknown,NACTI : lebec_CA-21,-1,wild boar,,6,train
https://storage.googleapis.com/public-datasets-lila/nacti-unzipped/part0/sub068/CA-25_09_12_2016_CA-25_0024449.JPG,NACTI : CA-25_09_12_2016_CA-25_0024449.JPG,NACTI : unknown,NACTI : lebec_CA-25,-1,wild boar,,6,train
https://storage.googleapis.com/public-datasets-lila/nacti-unzipped/part0/sub069/CA-27_03_04_2016_CA-27_0009690.JPG,NACTI : CA-27_03_04_2016_CA-27_0009690.JPG,NACTI : unknown,NACTI : lebec_CA-27,-1,wild boar,,6,train
https://storage.googleapis.com/public-datasets-lila/nacti-unzipped/part2/sub241/FL-27_06_02_2015_FL-27_0000221.jpg,NACTI : FL-27_06_02_2015_FL-27_0000221.jpg,NACTI : unknown,NACTI : archbold_FL-27,-1,wild boar,,6,train
https://storage.googleapis.com/public-datasets-lila/nacti-unzipped/part1/sub129/FL-04_06_30_2015_FL-04_0004061.jpg,NACTI : FL-04_06_30_2015_FL-04_0004061.jpg,NACTI : unknown,NACTI : archbold_FL-04,-1,wild boar,,6,test
https://storage.googleapis.com/public-datasets-lila/nacti-unzipped/part1/sub104/CA-44_01_27_2016_CA-44_0008201.jpg,NACTI : CA-44_01_27_2016_CA-44_0008201.jpg,NACTI : unknown,NACTI : lebec_CA-44,-1,wild boar,,6,val
https://storage.googleapis.com/public-datasets-lila/nacti-unzipped/part2/sub241/FL-27_04_05_2016_FL-27_0051604.JPG,NACTI : FL-27_04_05_2016_FL-27_0051604.JPG,NACTI : unknown,NACTI : archbold_FL-27,-1,wild boar,,6,train
https://storage.googleapis.com/public-datasets-lila/nacti-unzipped/part0/sub035/CA-03_08_13_2015_CA-03_0005451.jpg,NACTI : CA-03_08_13_2015_CA-03_0005451.jpg,NACTI : unknown,NACTI : lebec_CA-03,-1,wild boar,,6,train
https://storage.googleapis.com/public-datasets-lila/nacti-unzipped/part1/sub189/FL-16_01_21_2016_FL-16_0104271.jpg,NACTI : FL-16_01_21_2016_FL-16_0104271.jpg,NACTI : unknown,NACTI : archbold_FL-16,-1,wild boar,,6,train
https://storage.googleapis.com/public-datasets-lila/nacti-unzipped/part1/sub131/FL-05_03_04_2016_FL-05_0031858.JPG,NACTI : FL-05_03_04_2016_FL-05_0031858.JPG,NACTI : unknown,NACTI : archbold_FL-05,-1,wild boar,,6,train
https://storage.googleapis.com/public-datasets-lila/nacti-unzipped/part1/sub171/FL-11_12_08_2015_FL-11_0013898.jpg,NACTI : FL-11_12_08_2015_FL-11_0013898.jpg,NACTI : unknown,NACTI : archbold_FL-11,-1,wild boar,,6,train
https://storage.googleapis.com/public-datasets-lila/nacti-unzipped/part1/sub196/FL-16_06_02_2016_FL-16_0136026.JPG,NACTI : FL-16_06_02_2016_FL-16_0136026.JPG,NACTI : unknown,NACTI : archbold_FL-16,-1,wild boar,,6,train
https://storage.googleapis.com/public-datasets-lila/nacti-unzipped/part2/sub240/FL-26_11_02_2015_FL-26_0021560.jpg,NACTI : FL-26_11_02_2015_FL-26_0021560.jpg,NACTI : unknown,NACTI : archbold_FL-26,-1,wild boar,,6,train
https://storage.googleapis.com/public-datasets-lila/nacti-unzipped/part2/sub230/FL-23_01_20_2016_FL-23_0018580.jpg,NACTI : FL-23_01_20_2016_FL-23_0018580.jpg,NACTI : unknown,NACTI : archbold_FL-23,-1,wild boar,,6,train
https://storage.googleapis.com/public-datasets-lila/nacti-unzipped/part2/sub281/FL-38_05_03_2016_FL-38_0036532.JPG,NACTI : FL-38_05_03_2016_FL-38_0036532.JPG,NACTI : unknown,NACTI : archbold_FL-38,-1,wild boar,,6,train
https://storage.googleapis.com/public-datasets-lila/wcs-unzipped/animals/0329/1908.jpg,WCS Camera Traps : 3f87bf57-92d5-11e9-b7c7-000d3a74c7de,WCS Camera Traps : idn-001-d0991-6,WCS Camera Traps : 2415,1,wild boar,10-02-2004 07:14:00,6,test
https://storage.googleapis.com/public-datasets-lila/nacti-unzipped/part2/sub239/FL-26_07_29_2015_FL-26_0010958.jpg,NACTI : FL-26_07_29_2015_FL-26_0010958.jpg,NACTI : unknown,NACTI : archbold_FL-26,-1,wild boar,,6,train
https://storage.googleapis.com/public-datasets-lila/nacti-unzipped/part1/sub109/CA-46_10_07_2015_CA-46_0009856.jpg,NACTI : CA-46_10_07_2015_CA-46_0009856.jpg,NACTI : unknown,NACTI : lebec_CA-46,-1,wild boar,,6,train
https://storage.googleapis.com/public-datasets-lila/nacti-unzipped/part0/sub038/CA-06_02_16_2016_CA-06_0009735.JPG,NACTI : CA-06_02_16_2016_CA-06_0009735.JPG,NACTI : unknown,NACTI : lebec_CA-06,-1,wild boar,,6,val
https://storage.googleapis.com/public-datasets-lila/nacti-unzipped/part1/sub106/CA-44_08_12_2015_CA-44_0003926.jpg,NACTI : CA-44_08_12_2015_CA-44_0003926.jpg,NACTI : unknown,NACTI : lebec_CA-44,-1,wild boar,,6,val
https://storage.googleapis.com/public-datasets-lila/nacti-unzipped/part2/sub237/FL-25_03_07_2016_FL-25_0020590.JPG,NACTI : FL-25_03_07_2016_FL-25_0020590.JPG,NACTI : unknown,NACTI : archbold_FL-25,-1,wild boar,,6,train
https://storage.googleapis.com/public-datasets-lila/nacti-unzipped/part1/sub187/FL-14_07_06_2016_FL-14_0026971.JPG,NACTI : FL-14_07_06_2016_FL-14_0026971.JPG,NACTI : unknown,NACTI : archbold_FL-14,-1,wild boar,,6,val
https://storage.googleapis.com/public-datasets-lila/nacti-unzipped/part2/sub279/FL-38_01_08_2016_FL-38_0017084.JPG,NACTI : FL-38_01_08_2016_FL-38_0017084.JPG,NACTI : unknown,NACTI : archbold_FL-38,-1,wild boar,,6,train
https://storage.googleapis.com/public-datasets-lila/nacti-unzipped/part1/sub106/CA-44_08_12_2015_CA-44_0002579.jpg,NACTI : CA-44_08_12_2015_CA-44_0002579.jpg,NACTI : unknown,NACTI : lebec_CA-44,-1,wild boar,,6,val
https://storage.googleapis.com/public-datasets-lila/nacti-unzipped/part1/sub189/FL-16_01_21_2016_FL-16_0106481.jpg,NACTI : FL-16_01_21_2016_FL-16_0106481.jpg,NACTI : unknown,NACTI : archbold_FL-16,-1,wild boar,,6,train
https://storage.googleapis.com/public-datasets-lila/missouricameratraps/images/Set1/1.59-Wild_Boar/SEQ76448/SEQ76448_IMG_0007.JPG,Missouri Camera Traps : 97c99098-5c15-11ee-8d73-04421a1b1283,Missouri Camera Traps : SEQ76448,Missouri Camera Traps : missouri_camera_traps,22,wild boar,,6,train
https://storage.googleapis.com/public-datasets-lila/nacti-unzipped/part2/sub274/FL-35_07_06_2016_FL-35_0048036.JPG,NACTI : FL-35_07_06_2016_FL-35_0048036.JPG,NACTI : unknown,NACTI : archbold_FL-35,-1,wild boar,,6,val
https://storage.googleapis.com/public-datasets-lila/nacti-unzipped/part0/sub077/CA-30_03_06_2015_CA-30_0000275.jpg,NACTI : CA-30_03_06_2015_CA-30_0000275.jpg,NACTI : unknown,NACTI : lebec_CA-30,-1,wild boar,,6,test
https://storage.googleapis.com/public-datasets-lila/nacti-unzipped/part0/sub099/CA-41_08_04_2015_CA-41_0014017.jpg,NACTI : CA-41_08_04_2015_CA-41_0014017.jpg,NACTI : unknown,NACTI : lebec_CA-41,-1,wild boar,,6,train
https://storage.googleapis.com/public-datasets-lila/nacti-unzipped/part2/sub285/FL-40_08_15_2016_FL-40_0026272.JPG,NACTI : FL-40_08_15_2016_FL-40_0026272.JPG,NACTI : unknown,NACTI : archbold_FL-40,-1,wild boar,,6,train
https://storage.googleapis.com/public-datasets-lila/nacti-unzipped/part2/sub281/FL-38_05_03_2016_FL-38_0034078.JPG,NACTI : FL-38_05_03_2016_FL-38_0034078.JPG,NACTI : unknown,NACTI : archbold_FL-38,-1,wild boar,,6,train
https://storage.googleapis.com/public-datasets-lila/nacti-unzipped/part2/sub218/FL-21_07_06_2016_FL-21_0029251.JPG,NACTI : FL-21_07_06_2016_FL-21_0029251.JPG,NACTI : unknown,NACTI : archbold_FL-21,-1,wild boar,,6,test
https://storage.googleapis.com/public-datasets-lila/nacti-unzipped/part1/sub199/FL-17_03_04_2016_FL-17_0066355.JPG,NACTI : FL-17_03_04_2016_FL-17_0066355.JPG,NACTI : unknown,NACTI : archbold_FL-17,-1,wild boar,,6,train
https://storage.googleapis.com/public-datasets-lila/nacti-unzipped/part1/sub106/CA-44_08_12_2015_CA-44_0003264.jpg,NACTI : CA-44_08_12_2015_CA-44_0003264.jpg,NACTI : unknown,NACTI : lebec_CA-44,-1,wild boar,,6,val
https://storage.googleapis.com/public-datasets-lila/nacti-unzipped/part1/sub196/FL-16_06_30_2015_FL-16_0062342.jpg,NACTI : FL-16_06_30_2015_FL-16_0062342.jpg,NACTI : unknown,NACTI : archbold_FL-16,-1,wild boar,,6,train
https://storage.googleapis.com/public-datasets-lila/nacti-unzipped/part2/sub232/FL-23_11_02_2015_FL-23_0014544.jpg,NACTI : FL-23_11_02_2015_FL-23_0014544.jpg,NACTI : unknown,NACTI : archbold_FL-23,-1,wild boar,,6,train
https://storage.googleapis.com/public-datasets-lila/nacti-unzipped/part2/sub289/FL-42_11_03_2015_FL-42_0003876.jpg,NACTI : FL-42_11_03_2015_FL-42_0003876.jpg,NACTI : unknown,NACTI : archbold_FL-42,-1,wild boar,,6,train
https://storage.googleapis.com/public-datasets-lila/nacti-unzipped/part0/sub068/CA-25_09_18_2015_CA-25_0012612.jpg,NACTI : CA-25_09_18_2015_CA-25_0012612.jpg,NACTI : unknown,NACTI : lebec_CA-25,-1,wild boar,,6,train
https://storage.googleapis.com/public-datasets-lila/nacti-unzipped/part2/sub219/FL-21_12_08_2015_FL-21_0021221.jpg,NACTI : FL-21_12_08_2015_FL-21_0021221.jpg,NACTI : unknown,NACTI : archbold_FL-21,-1,wild boar,,6,test
https://storage.googleapis.com/public-datasets-lila/nacti-unzipped/part2/sub283/FL-39_01_23_2016_FL-39_0003579.jpg,NACTI : FL-39_01_23_2016_FL-39_0003579.jpg,NACTI : unknown,NACTI : archbold_FL-39,-1,wild boar,,6,test
https://storage.googleapis.com/public-datasets-lila/nacti-unzipped/part0/sub084/CA-32_04_02_2015_CA-32_0000282.jpg,NACTI : CA-32_04_02_2015_CA-32_0000282.jpg,NACTI : unknown,NACTI : lebec_CA-32,-1,wild boar,,6,train
https://storage.googleapis.com/public-datasets-lila/nacti-unzipped/part1/sub106/CA-44_08_12_2015_CA-44_0005152.jpg,NACTI : CA-44_08_12_2015_CA-44_0005152.jpg,NACTI : unknown,NACTI : lebec_CA-44,-1,wild boar,,6,val
https://storage.googleapis.com/public-datasets-lila/nacti-unzipped/part0/sub070/CA-27_09_16_2015_CA-27_0008046.jpg,NACTI : CA-27_09_16_2015_CA-27_0008046.jpg,NACTI : unknown,NACTI : lebec_CA-27,-1,wild boar,,6,train
https://storage.googleapis.com/public-datasets-lila/missouricameratraps/images/Set1/1.59-Wild_Boar/SEQ79864/SEQ79864_IMG_0003.JPG,Missouri Camera Traps : 97d28914-5c15-11ee-8d73-04421a1b1283,Missouri Camera Traps : SEQ79864,Missouri Camera Traps : missouri_camera_traps,31,wild boar,,6,train
https://storage.googleapis.com/public-datasets-lila/nacti-unzipped/part0/sub099/CA-41_09_16_2015_CA-41_0016118.jpg,NACTI : CA-41_09_16_2015_CA-41_0016118.jpg,NACTI : unknown,NACTI : lebec_CA-41,-1,wild boar,,6,train
https://storage.googleapis.com/public-datasets-lila/nacti-unzipped/part1/sub108/CA-46_03_30_2015_CA-46_0000978.jpg,NACTI : CA-46_03_30_2015_CA-46_0000978.jpg,NACTI : unknown,NACTI : lebec_CA-46,-1,wild boar,,6,train
https://storage.googleapis.com/public-datasets-lila/nacti-unzipped/part2/sub261/FL-30_11_03_2015_FL-30_0041192.jpg,NACTI : FL-30_11_03_2015_FL-30_0041192.jpg,NACTI : unknown,NACTI : archbold_FL-30,-1,wild boar,,6,train
https://storage.googleapis.com/public-datasets-lila/nacti-unzipped/part0/sub038/CA-06_03_09_2015_CA-06_0000262.jpg,NACTI : CA-06_03_09_2015_CA-06_0000262.jpg,NACTI : unknown,NACTI : lebec_CA-06,-1,wild boar,,6,val
https://storage.googleapis.com/public-datasets-lila/nacti-unzipped/part0/sub097/CA-39_08_17_2015_CA-39_0008407.jpg,NACTI : CA-39_08_17_2015_CA-39_0008407.jpg,NACTI : unknown,NACTI : lebec_CA-39,-1,wild boar,,6,train
https://storage.googleapis.com/public-datasets-lila/nacti-unzipped/part0/sub058/CA-18_11_08_2016_CA-18_0041161.JPG,NACTI : CA-18_11_08_2016_CA-18_0041161.JPG,NACTI : unknown,NACTI : lebec_CA-18,-1,wild boar,,6,val
https://storage.googleapis.com/public-datasets-lila/nacti-unzipped/part1/sub121/FL-02_07_28_2015_FL-02_0029655.jpg,NACTI : FL-02_07_28_2015_FL-02_0029655.jpg,NACTI : unknown,NACTI : archbold_FL-02,-1,wild boar,,6,train
https://storage.googleapis.com/public-datasets-lila/nacti-unzipped/part0/sub057/CA-18_08_03_2015_CA-18_0014433.jpg,NACTI : CA-18_08_03_2015_CA-18_0014433.jpg,NACTI : unknown,NACTI : lebec_CA-18,-1,wild boar,,6,val
https://storage.googleapis.com/public-datasets-lila/nacti-unzipped/part2/sub242/FL-27_06_02_2016_FL-27_0058276.JPG,NACTI : FL-27_06_02_2016_FL-27_0058276.JPG,NACTI : unknown,NACTI : archbold_FL-27,-1,wild boar,,6,train
https://storage.googleapis.com/public-datasets-lila/nacti-unzipped/part2/sub277/FL-37_05_03_2016_FL-37_0011977.JPG,NACTI : FL-37_05_03_2016_FL-37_0011977.JPG,NACTI : unknown,NACTI : archbold_FL-37,-1,wild boar,,6,train
https://storage.googleapis.com/public-datasets-lila/nacti-unzipped/part2/sub214/FL-20_04_05_2016_FL-20_0030560.JPG,NACTI : FL-20_04_05_2016_FL-20_0030560.JPG,NACTI : unknown,NACTI : archbold_FL-20,-1,wild boar,,6,train
https://storage.googleapis.com/public-datasets-lila/nacti-unzipped/part2/sub230/FL-22_12_06_2015_FL-22_0077965.jpg,NACTI : FL-22_12_06_2015_FL-22_0077965.jpg,NACTI : unknown,NACTI : archbold_FL-22,-1,wild boar,,6,train
https://storage.googleapis.com/public-datasets-lila/nacti-unzipped/part2/sub239/FL-26_06_02_2016_FL-26_0028462.JPG,NACTI : FL-26_06_02_2016_FL-26_0028462.JPG,NACTI : unknown,NACTI : archbold_FL-26,-1,wild boar,,6,train
https://storage.googleapis.com/public-datasets-lila/nacti-unzipped/part2/sub213/FL-19_09_01_2016_FL-19_0065740.JPG,NACTI : FL-19_09_01_2016_FL-19_0065740.JPG,NACTI : unknown,NACTI : archbold_FL-19,-1,wild boar,,6,train
https://storage.googleapis.com/public-datasets-lila/nacti-unzipped/part1/sub105/CA-44_06_01_2016_CA-44_0019637.JPG,NACTI : CA-44_06_01_2016_CA-44_0019637.JPG,NACTI : unknown,NACTI : lebec_CA-44,-1,wild boar,,6,val
https://storage.googleapis.com/public-datasets-lila/nacti-unzipped/part1/sub109/CA-46_10_07_2015_CA-46_0009636.jpg,NACTI : CA-46_10_07_2015_CA-46_0009636.jpg,NACTI : unknown,NACTI : lebec_CA-46,-1,wild boar,,6,train
https://storage.googleapis.com/public-datasets-lila/nacti-unzipped/part2/sub217/FL-21_06_03_2015_FL-21_0003049.jpg,NACTI : FL-21_06_03_2015_FL-21_0003049.jpg,NACTI : unknown,NACTI : archbold_FL-21,-1,wild boar,,6,test
https://storage.googleapis.com/public-datasets-lila/nacti-unzipped/part0/sub062/CA-21_11_02_2015_CA-21_0006578.jpg,NACTI : CA-21_11_02_2015_CA-21_0006578.jpg,NACTI : unknown,NACTI : lebec_CA-21,-1,wild boar,,6,train
https://storage.googleapis.com/public-datasets-lila/nacti-unzipped/part0/sub042/CA-08_09_17_2015_CA-08_0005728.jpg,NACTI : CA-08_09_17_2015_CA-08_0005728.jpg,NACTI : unknown,NACTI : lebec_CA-08,-1,wild boar,,6,train
https://storage.googleapis.com/public-datasets-lila/nacti-unzipped/part0/sub084/CA-32_08_17_2015_CA-32_0003942.jpg,NACTI : CA-32_08_17_2015_CA-32_0003942.jpg,NACTI : unknown,NACTI : lebec_CA-32,-1,wild boar,,6,train
https://storage.googleapis.com/public-datasets-lila/nacti-unzipped/part2/sub243/FL-27_06_30_2015_FL-27_0012333.jpg,NACTI : FL-27_06_30_2015_FL-27_0012333.jpg,NACTI : unknown,NACTI : archbold_FL-27,-1,wild boar,,6,train
https://storage.googleapis.com/public-datasets-lila/nacti-unzipped/part0/sub048/CA-13_08_12_2015_CA-13_0004775.jpg,NACTI : CA-13_08_12_2015_CA-13_0004775.jpg,NACTI : unknown,NACTI : lebec_CA-13,-1,wild boar,,6,val
https://storage.googleapis.com/public-datasets-lila/nacti-unzipped/part1/sub126/FL-03_06_30_2015_FL-03_0019882.jpg,NACTI : FL-03_06_30_2015_FL-03_0019882.jpg,NACTI : unknown,NACTI : archbold_FL-03,-1,wild boar,,6,train
https://storage.googleapis.com/public-datasets-lila/nacti-unzipped/part0/sub050/CA-15_09_11_2015_CA-15_0007718.jpg,NACTI : CA-15_09_11_2015_CA-15_0007718.jpg,NACTI : unknown,NACTI : lebec_CA-15,-1,wild boar,,6,test
https://storage.googleapis.com/public-datasets-lila/nacti-unzipped/part1/sub119/FL-02_06_02_2016_FL-02_0067160.JPG,NACTI : FL-02_06_02_2016_FL-02_0067160.JPG,NACTI : unknown,NACTI : archbold_FL-02,-1,wild boar,,6,train
https://storage.googleapis.com/public-datasets-lila/nacti-unzipped/part2/sub220/FL-22_04_05_2016_FL-22_0089177.JPG,NACTI : FL-22_04_05_2016_FL-22_0089177.JPG,NACTI : unknown,NACTI : archbold_FL-22,-1,wild boar,,6,train
https://storage.googleapis.com/public-datasets-lila/nacti-unzipped/part1/sub121/FL-02_07_28_2015_FL-02_0029617.jpg,NACTI : FL-02_07_28_2015_FL-02_0029617.jpg,NACTI : unknown,NACTI : archbold_FL-02,-1,wild boar,,6,train
https://storage.googleapis.com/public-datasets-lila/nacti-unzipped/part0/sub097/CA-39_10_04_2016_CA-39_0021418.JPG,NACTI : CA-39_10_04_2016_CA-39_0021418.JPG,NACTI : unknown,NACTI : lebec_CA-39,-1,wild boar,,6,train
https://storage.googleapis.com/public-datasets-lila/nacti-unzipped/part2/sub219/FL-22_01_21_2016_FL-22_0079549.jpg,NACTI : FL-22_01_21_2016_FL-22_0079549.jpg,NACTI : unknown,NACTI : archbold_FL-22,-1,wild boar,,6,train
https://storage.googleapis.com/public-datasets-lila/nacti-unzipped/part1/sub101/CA-42_09_16_2015_CA-42_0009911.jpg,NACTI : CA-42_09_16_2015_CA-42_0009911.jpg,NACTI : unknown,NACTI : lebec_CA-42,-1,wild boar,,6,train
https://storage.googleapis.com/public-datasets-lila/nacti-unzipped/part2/sub219/FL-21_09_09_2016_FL-21_0030921.JPG,NACTI : FL-21_09_09_2016_FL-21_0030921.JPG,NACTI : unknown,NACTI : archbold_FL-21,-1,wild boar,,6,test
https://storage.googleapis.com/public-datasets-lila/nacti-unzipped/part2/sub290/FL-44_10_01_2015_FL-44_0000150.jpg,NACTI : FL-44_10_01_2015_FL-44_0000150.jpg,NACTI : unknown,NACTI : archbold_FL-44,-1,wild boar,,6,train
https://storage.googleapis.com/public-datasets-lila/nacti-unzipped/part0/sub088/CA-35_04_03_2015_CA-35_0000425.jpg,NACTI : CA-35_04_03_2015_CA-35_0000425.jpg,NACTI : unknown,NACTI : lebec_CA-35,-1,wild boar,,6,train
https://storage.googleapis.com/public-datasets-lila/nacti-unzipped/part1/sub170/FL-11_04_04_2016_FL-11_0018433.JPG,NACTI : FL-11_04_04_2016_FL-11_0018433.JPG,NACTI : unknown,NACTI : archbold_FL-11,-1,wild boar,,6,train
https://storage.googleapis.com/public-datasets-lila/nacti-unzipped/part0/sub099/CA-41_09_16_2015_CA-41_0015360.jpg,NACTI : CA-41_09_16_2015_CA-41_0015360.jpg,NACTI : unknown,NACTI : lebec_CA-41,-1,wild boar,,6,train
https://storage.googleapis.com/public-datasets-lila/nacti-unzipped/part0/sub047/CA-12_08_13_2015_CA-12_0003494.jpg,NACTI : CA-12_08_13_2015_CA-12_0003494.jpg,NACTI : unknown,NACTI : lebec_CA-12,-1,wild boar,,6,train
https://storage.googleapis.com/public-datasets-lila/nacti-unzipped/part1/sub119/FL-02_06_02_2016_FL-02_0067271.JPG,NACTI : FL-02_06_02_2016_FL-02_0067271.JPG,NACTI : unknown,NACTI : archbold_FL-02,-1,wild boar,,6,train
https://storage.googleapis.com/public-datasets-lila/nacti-unzipped/part1/sub198/FL-16_10_01_2015_FL-16_0091734.jpg,NACTI : FL-16_10_01_2015_FL-16_0091734.jpg,NACTI : unknown,NACTI : archbold_FL-16,-1,wild boar,,6,train
https://storage.googleapis.com/public-datasets-lila/nacti-unzipped/part2/sub239/FL-26_07_29_2015_FL-26_0015599.jpg,NACTI : FL-26_07_29_2015_FL-26_0015599.jpg,NACTI : unknown,NACTI : archbold_FL-26,-1,wild boar,,6,train
https://storage.googleapis.com/public-datasets-lila/nacti-unzipped/part1/sub137/FL-06_07_05_2016_FL-06_0030439.JPG,NACTI : FL-06_07_05_2016_FL-06_0030439.JPG,NACTI : unknown,NACTI : archbold_FL-06,-1,wild boar,,6,val
https://storage.googleapis.com/public-datasets-lila/nacti-unzipped/part0/sub054/CA-17_09_12_2016_CA-17_0046744.JPG,NACTI : CA-17_09_12_2016_CA-17_0046744.JPG,NACTI : unknown,NACTI : lebec_CA-17,-1,wild boar,,6,train
https://storage.googleapis.com/public-datasets-lila/nacti-unzipped/part0/sub077/CA-30_03_06_2015_CA-30_0000392.jpg,NACTI : CA-30_03_06_2015_CA-30_0000392.jpg,NACTI : unknown,NACTI : lebec_CA-30,-1,wild boar,,6,test
https://storage.googleapis.com/public-datasets-lila/nacti-unzipped/part1/sub126/FL-03_06_30_2015_FL-03_0019687.jpg,NACTI : FL-03_06_30_2015_FL-03_0019687.jpg,NACTI : unknown,NACTI : archbold_FL-03,-1,wild boar,,6,train
https://storage.googleapis.com/public-datasets-lila/nacti-unzipped/part1/sub198/FL-16_09_03_2015_FL-16_0089436.jpg,NACTI : FL-16_09_03_2015_FL-16_0089436.jpg,NACTI : unknown,NACTI : archbold_FL-16,-1,wild boar,,6,train
https://storage.googleapis.com/public-datasets-lila/nacti-unzipped/part2/sub232/FL-23_12_08_2015_FL-23_0016823.jpg,NACTI : FL-23_12_08_2015_FL-23_0016823.jpg,NACTI : unknown,NACTI : archbold_FL-23,-1,wild boar,,6,train
https://storage.googleapis.com/public-datasets-lila/nacti-unzipped/part0/sub099/CA-41_08_04_2015_CA-41_0013973.jpg,NACTI : CA-41_08_04_2015_CA-41_0013973.jpg,NACTI : unknown,NACTI : lebec_CA-41,-1,wild boar,,6,train
https://storage.googleapis.com/public-datasets-lila/nacti-unzipped/part2/sub224/FL-22_06_02_2015_FL-22_0030617.jpg,NACTI : FL-22_06_02_2015_FL-22_0030617.jpg,NACTI : unknown,NACTI : archbold_FL-22,-1,wild boar,,6,train
https://storage.googleapis.com/public-datasets-lila/nacti-unzipped/part1/sub198/FL-16_11_02_2015_FL-16_0096463.jpg,NACTI : FL-16_11_02_2015_FL-16_0096463.jpg,NACTI : unknown,NACTI : archbold_FL-16,-1,wild boar,,6,train
https://storage.googleapis.com/public-datasets-lila/nacti-unzipped/part1/sub109/CA-46_10_07_2015_CA-46_0009096.jpg,NACTI : CA-46_10_07_2015_CA-46_0009096.jpg,NACTI : unknown,NACTI : lebec_CA-46,-1,wild boar,,6,train
https://storage.googleapis.com/public-datasets-lila/nacti-unzipped/part1/sub111/FL-01_03_04_2016_FL-01_0047436.JPG,NACTI : FL-01_03_04_2016_FL-01_0047436.JPG,NACTI : unknown,NACTI : archbold_FL-01,-1,wild boar,,6,train
https://storage.googleapis.com/public-datasets-lila/nacti-unzipped/part2/sub278/FL-37_06_03_2016_FL-37_0013952.JPG,NACTI : FL-37_06_03_2016_FL-37_0013952.JPG,NACTI : unknown,NACTI : archbold_FL-37,-1,wild boar,,6,train
https://storage.googleapis.com/public-datasets-lila/nacti-unzipped/part2/sub273/FL-35_06_03_2016_FL-35_0041101.JPG,NACTI : FL-35_06_03_2016_FL-35_0041101.JPG,NACTI : unknown,NACTI : archbold_FL-35,-1,wild boar,,6,val
https://storage.googleapis.com/public-datasets-lila/nacti-unzipped/part1/sub193/FL-16_06_02_2015_FL-16_0035194.jpg,NACTI : FL-16_06_02_2015_FL-16_0035194.jpg,NACTI : unknown,NACTI : archbold_FL-16,-1,wild boar,,6,train
https://storage.googleapis.com/public-datasets-lila/nacti-unzipped/part0/sub080/CA-30_08_03_2015_CA-30_0012595.jpg,NACTI : CA-30_08_03_2015_CA-30_0012595.jpg,NACTI : unknown,NACTI : lebec_CA-30,-1,wild boar,,6,test
https://storage.googleapis.com/public-datasets-lila/nacti-unzipped/part0/sub077/CA-29_09_18_2015_CA-29_0027345.jpg,NACTI : CA-29_09_18_2015_CA-29_0027345.jpg,NACTI : unknown,NACTI : lebec_CA-29,-1,wild boar,,6,train
https://storage.googleapis.com/public-datasets-lila/nacti-unzipped/part2/sub281/FL-38_05_03_2016_FL-38_0036364.JPG,NACTI : FL-38_05_03_2016_FL-38_0036364.JPG,NACTI : unknown,NACTI : archbold_FL-38,-1,wild boar,,6,train
https://storage.googleapis.com/public-datasets-lila/nacti-unzipped/part2/sub246/FL-27_10_01_2015_FL-27_0038118.jpg,NACTI : FL-27_10_01_2015_FL-27_0038118.jpg,NACTI : unknown,NACTI : archbold_FL-27,-1,wild boar,,6,train
https://storage.googleapis.com/public-datasets-lila/nacti-unzipped/part1/sub189/FL-15_08_05_2016_FL-15_0021182.JPG,NACTI : FL-15_08_05_2016_FL-15_0021182.JPG,NACTI : unknown,NACTI : archbold_FL-15,-1,wild boar,,6,test
https://storage.googleapis.com/public-datasets-lila/nacti-unzipped/part1/sub102/CA-43_04_03_2015_CA-43_0000226.jpg,NACTI : CA-43_04_03_2015_CA-43_0000226.jpg,NACTI : unknown,NACTI : lebec_CA-43,-1,wild boar,,6,val
https://storage.googleapis.com/public-datasets-lila/nacti-unzipped/part2/sub285/FL-40_12_07_2015_FL-40_0003458.jpg,NACTI : FL-40_12_07_2015_FL-40_0003458.jpg,NACTI : unknown,NACTI : archbold_FL-40,-1,wild boar,,6,train
https://storage.googleapis.com/public-datasets-lila/nacti-unzipped/part2/sub267/FL-32_03_08_2016_FL-32_0006796.JPG,NACTI : FL-32_03_08_2016_FL-32_0006796.JPG,NACTI : unknown,NACTI : archbold_FL-32,-1,wild boar,,6,train
https://storage.googleapis.com/public-datasets-lila/nacti-unzipped/part2/sub232/FL-23_12_08_2015_FL-23_0017700.jpg,NACTI : FL-23_12_08_2015_FL-23_0017700.jpg,NACTI : unknown,NACTI : archbold_FL-23,-1,wild boar,,6,train
https://storage.googleapis.com/public-datasets-lila/nacti-unzipped/part2/sub239/FL-26_01_21_2016_FL-26_0023636.jpg,NACTI : FL-26_01_21_2016_FL-26_0023636.jpg,NACTI : unknown,NACTI : archbold_FL-26,-1,wild boar,,6,train
https://storage.googleapis.com/public-datasets-lila/nacti-unzipped/part2/sub277/FL-37_05_03_2016_FL-37_0011307.JPG,NACTI : FL-37_05_03_2016_FL-37_0011307.JPG,NACTI : unknown,NACTI : archbold_FL-37,-1,wild boar,,6,train
https://storage.googleapis.com/public-datasets-lila/nacti-unzipped/part1/sub193/FL-16_06_02_2015_FL-16_0032787.jpg,NACTI : FL-16_06_02_2015_FL-16_0032787.jpg,NACTI : unknown,NACTI : archbold_FL-16,-1,wild boar,,6,train
https://storage.googleapis.com/public-datasets-lila/nacti-unzipped/part1/sub134/FL-05_09_30_2015_FL-05_0023864.jpg,NACTI : FL-05_09_30_2015_FL-05_0023864.jpg,NACTI : unknown,NACTI : archbold_FL-05,-1,wild boar,,6,train
https://storage.googleapis.com/public-datasets-lila/nacti-unzipped/part1/sub130/FL-04_07_28_2015_FL-04_0008454.jpg,NACTI : FL-04_07_28_2015_FL-04_0008454.jpg,NACTI : unknown,NACTI : archbold_FL-04,-1,wild boar,,6,test
https://storage.googleapis.com/public-datasets-lila/nacti-unzipped/part0/sub073/CA-28_10_03_2016_CA-28_0028239.JPG,NACTI : CA-28_10_03_2016_CA-28_0028239.JPG,NACTI : unknown,NACTI : lebec_CA-28,-1,wild boar,,6,train
https://storage.googleapis.com/public-datasets-lila/nacti-unzipped/part2/sub275/FL-35_12_07_2015_FL-35_0007633.jpg,NACTI : FL-35_12_07_2015_FL-35_0007633.jpg,NACTI : unknown,NACTI : archbold_FL-35,-1,wild boar,,6,val
https://storage.googleapis.com/public-datasets-lila/nacti-unzipped/part0/sub054/CA-17_08_03_2015_CA-17_0023983.jpg,NACTI : CA-17_08_03_2015_CA-17_0023983.jpg,NACTI : unknown,NACTI : lebec_CA-17,-1,wild boar,,6,train
https://storage.googleapis.com/public-datasets-lila/nacti-unzipped/part0/sub040/CA-06_11_13_2015_CA-06_0008679.jpg,NACTI : CA-06_11_13_2015_CA-06_0008679.jpg,NACTI : unknown,NACTI : lebec_CA-06,-1,wild boar,,6,val
https://storage.googleapis.com/public-datasets-lila/nacti-unzipped/part1/sub134/FL-05_07_28_2015_FL-05_0021899.jpg,NACTI : FL-05_07_28_2015_FL-05_0021899.jpg,NACTI : unknown,NACTI : archbold_FL-05,-1,wild boar,,6,train
https://storage.googleapis.com/public-datasets-lila/nacti-unzipped/part2/sub290/FL-43_11_03_2015_FL-43_0001833.jpg,NACTI : FL-43_11_03_2015_FL-43_0001833.jpg,NACTI : unknown,NACTI : archbold_FL-43,-1,wild boar,,6,train
https://storage.googleapis.com/public-datasets-lila/nacti-unzipped/part0/sub037/CA-04_08_12_2015_CA-04_0005827.jpg,NACTI : CA-04_08_12_2015_CA-04_0005827.jpg,NACTI : unknown,NACTI : lebec_CA-04,-1,wild boar,,6,train
https://storage.googleapis.com/public-datasets-lila/nacti-unzipped/part2/sub287/FL-41_11_03_2015_FL-41_0002973.jpg,NACTI : FL-41_11_03_2015_FL-41_0002973.jpg,NACTI : unknown,NACTI : archbold_FL-41,-1,wild boar,,6,train
https://storage.googleapis.com/public-datasets-lila/nacti-unzipped/part0/sub034/CA-02_08_10_2016_CA-02_0018179.JPG,NACTI : CA-02_08_10_2016_CA-02_0018179.JPG,NACTI : unknown,NACTI : lebec_CA-02,-1,wild boar,,6,train
https://storage.googleapis.com/public-datasets-lila/nacti-unzipped/part2/sub242/FL-27_06_02_2016_FL-27_0057422.JPG,NACTI : FL-27_06_02_2016_FL-27_0057422.JPG,NACTI : unknown,NACTI : archbold_FL-27,-1,wild boar,,6,train
https://storage.googleapis.com/public-datasets-lila/nacti-unzipped/part0/sub073/CA-28_10_31_2016_CA-28_0029038.JPG,NACTI : CA-28_10_31_2016_CA-28_0029038.JPG,NACTI : unknown,NACTI : lebec_CA-28,-1,wild boar,,6,train
https://storage.googleapis.com/public-datasets-lila/nacti-unzipped/part0/sub092/CA-37_12_01_2015_CA-37_0021514.jpg,NACTI : CA-37_12_01_2015_CA-37_0021514.jpg,NACTI : unknown,NACTI : lebec_CA-37,-1,wild boar,,6,train
https://storage.googleapis.com/public-datasets-lila/nacti-unzipped/part0/sub042/CA-09_09_07_2016_CA-09_0010666.JPG,NACTI : CA-09_09_07_2016_CA-09_0010666.JPG,NACTI : unknown,NACTI : lebec_CA-09,-1,wild boar,,6,train
https://storage.googleapis.com/public-datasets-lila/nacti-unzipped/part1/sub168/FL-09_11_02_2015_FL-09_0037053.jpg,NACTI : FL-09_11_02_2015_FL-09_0037053.jpg,NACTI : unknown,NACTI : archbold_FL-09,-1,wild boar,,6,train
https://storage.googleapis.com/public-datasets-lila/nacti-unzipped/part1/sub198/FL-16_11_02_2015_FL-16_0092972.jpg,NACTI : FL-16_11_02_2015_FL-16_0092972.jpg,NACTI : unknown,NACTI : archbold_FL-16,-1,wild boar,,6,train
https://storage.googleapis.com/public-datasets-lila/wcs-unzipped/animals/0433/0716.jpg,WCS Camera Traps : 65010d36-92d5-11e9-8a4e-000d3a74c7de,WCS Camera Traps : idn-004-d0095-342,WCS Camera Traps : 3020,3,wild boar,02-13-2013 08:50:19,6,train
https://storage.googleapis.com/public-datasets-lila/nacti-unzipped/part2/sub285/FL-40_10_01_2015_FL-40_0000439.jpg,NACTI : FL-40_10_01_2015_FL-40_0000439.jpg,NACTI : unknown,NACTI : archbold_FL-40,-1,wild boar,,6,train
https://storage.googleapis.com/public-datasets-lila/nacti-unzipped/part0/sub038/CA-05_09_11_2015_CA-05_0002279.jpg,NACTI : CA-05_09_11_2015_CA-05_0002279.jpg,NACTI : unknown,NACTI : lebec_CA-05,-1,wild boar,,6,train
https://storage.googleapis.com/public-datasets-lila/nacti-unzipped/part1/sub196/FL-16_06_30_2015_FL-16_0060943.jpg,NACTI : FL-16_06_30_2015_FL-16_0060943.jpg,NACTI : unknown,NACTI : archbold_FL-16,-1,wild boar,,6,train
https://storage.googleapis.com/public-datasets-lila/nacti-unzipped/part2/sub239/FL-26_03_07_2016_FL-26_0025498.JPG,NACTI : FL-26_03_07_2016_FL-26_0025498.JPG,NACTI : unknown,NACTI : archbold_FL-26,-1,wild boar,,6,train
https://storage.googleapis.com/public-datasets-lila/nacti-unzipped/part0/sub039/CA-06_10_08_2015_CA-06_0008427.jpg,NACTI : CA-06_10_08_2015_CA-06_0008427.jpg,NACTI : unknown,NACTI : lebec_CA-06,-1,wild boar,,6,val
https://storage.googleapis.com/public-datasets-lila/nacti-unzipped/part1/sub112/FL-01_06_29_2015_FL-01_0004032.jpg,NACTI : FL-01_06_29_2015_FL-01_0004032.jpg,NACTI : unknown,NACTI : archbold_FL-01,-1,wild boar,,6,train
https://storage.googleapis.com/public-datasets-lila/nacti-unzipped/part1/sub169/FL-10_08_05_2016_FL-10_0021728.JPG,NACTI : FL-10_08_05_2016_FL-10_0021728.JPG,NACTI : unknown,NACTI : archbold_FL-10,-1,wild boar,,6,train
https://storage.googleapis.com/public-datasets-lila/nacti-unzipped/part0/sub077/CA-30_01_28_2016_CA-30_0034418.jpg,NACTI : CA-30_01_28_2016_CA-30_0034418.jpg,NACTI : unknown,NACTI : lebec_CA-30,-1,wild boar,,6,test
https://storage.googleapis.com/public-datasets-lila/nacti-unzipped/part2/sub241/FL-27_06_02_2015_FL-27_0000245.jpg,NACTI : FL-27_06_02_2015_FL-27_0000245.jpg,NACTI : unknown,NACTI : archbold_FL-27,-1,wild boar,,6,train
https://storage.googleapis.com/public-datasets-lila/nacti-unzipped/part2/sub213/FL-19_09_01_2016_FL-19_0064636.JPG,NACTI : FL-19_09_01_2016_FL-19_0064636.JPG,NACTI : unknown,NACTI : archbold_FL-19,-1,wild boar,,6,train
https://storage.googleapis.com/public-datasets-lila/nacti-unzipped/part0/sub065/CA-23_11_05_2015_CA-23_0020455.jpg,NACTI : CA-23_11_05_2015_CA-23_0020455.jpg,NACTI : unknown,NACTI : lebec_CA-23,-1,wild boar,,6,train
https://storage.googleapis.com/public-datasets-lila/nacti-unzipped/part2/sub278/FL-37_06_03_2016_FL-37_0016624.JPG,NACTI : FL-37_06_03_2016_FL-37_0016624.JPG,NACTI : unknown,NACTI : archbold_FL-37,-1,wild boar,,6,train
https://storage.googleapis.com/public-datasets-lila/nacti-unzipped/part0/sub082/CA-31_03_03_2016_CA-31_0019076.JPG,NACTI : CA-31_03_03_2016_CA-31_0019076.JPG,NACTI : unknown,NACTI : lebec_CA-31,-1,wild boar,,6,train
https://storage.googleapis.com/public-datasets-lila/nacti-unzipped/part0/sub039/CA-06_09_14_2015_CA-06_0007580.jpg,NACTI : CA-06_09_14_2015_CA-06_0007580.jpg,NACTI : unknown,NACTI : lebec_CA-06,-1,wild boar,,6,val
https://storage.googleapis.com/public-datasets-lila/nacti-unzipped/part2/sub236/FL-24_08_04_2016_FL-24_0061655.JPG,NACTI : FL-24_08_04_2016_FL-24_0061655.JPG,NACTI : unknown,NACTI : archbold_FL-24,-1,wild boar,,6,train
https://storage.googleapis.com/public-datasets-lila/nacti-unzipped/part2/sub208/FL-18_12_08_2015_FL-18_0016683.jpg,NACTI : FL-18_12_08_2015_FL-18_0016683.jpg,NACTI : unknown,NACTI : archbold_FL-18,-1,wild boar,,6,test
https://storage.googleapis.com/public-datasets-lila/nacti-unzipped/part1/sub165/FL-09_05_12_2015_FL-09_0007918.jpg,NACTI : FL-09_05_12_2015_FL-09_0007918.jpg,NACTI : unknown,NACTI : archbold_FL-09,-1,wild boar,,6,train
https://storage.googleapis.com/public-datasets-lila/nacti-unzipped/part2/sub272/FL-35_01_12_2016_FL-35_0015218.JPG,NACTI : FL-35_01_12_2016_FL-35_0015218.JPG,NACTI : unknown,NACTI : archbold_FL-35,-1,wild boar,,6,val
https://storage.googleapis.com/public-datasets-lila/nacti-unzipped/part0/sub086/CA-33_11_14_2015_CA-33_0015757.jpg,NACTI : CA-33_11_14_2015_CA-33_0015757.jpg,NACTI : unknown,NACTI : lebec_CA-33,-1,wild boar,,6,train
https://storage.googleapis.com/public-datasets-lila/nacti-unzipped/part1/sub178/FL-12_11_02_2015_FL-12_0016694.jpg,NACTI : FL-12_11_02_2015_FL-12_0016694.jpg,NACTI : unknown,NACTI : archbold_FL-12,-1,wild boar,,6,val
https://storage.googleapis.com/public-datasets-lila/nacti-unzipped/part0/sub088/CA-34_11_08_2016_CA-34_0031928.JPG,NACTI : CA-34_11_08_2016_CA-34_0031928.JPG,NACTI : unknown,NACTI : lebec_CA-34,-1,wild boar,,6,train
https://storage.googleapis.com/public-datasets-lila/nacti-unzipped/part0/sub080/CA-30_08_03_2015_CA-30_0011680.jpg,NACTI : CA-30_08_03_2015_CA-30_0011680.jpg,NACTI : unknown,NACTI : lebec_CA-30,-1,wild boar,,6,test
https://storage.googleapis.com/public-datasets-lila/nacti-unzipped/part0/sub082/CA-30_11_05_2015_CA-30_0033497.jpg,NACTI : CA-30_11_05_2015_CA-30_0033497.jpg,NACTI : unknown,NACTI : lebec_CA-30,-1,wild boar,,6,test
https://storage.googleapis.com/public-datasets-lila/nacti-unzipped/part2/sub281/FL-38_05_03_2016_FL-38_0033767.JPG,NACTI : FL-38_05_03_2016_FL-38_0033767.JPG,NACTI : unknown,NACTI : archbold_FL-38,-1,wild boar,,6,train
https://storage.googleapis.com/public-datasets-lila/nacti-unzipped/part0/sub099/CA-41_09_16_2015_CA-41_0016524.jpg,NACTI : CA-41_09_16_2015_CA-41_0016524.jpg,NACTI : unknown,NACTI : lebec_CA-41,-1,wild boar,,6,train
https://storage.googleapis.com/public-datasets-lila/nacti-unzipped/part1/sub102/CA-43_01_28_2016_CA-43_0006125.jpg,NACTI : CA-43_01_28_2016_CA-43_0006125.jpg,NACTI : unknown,NACTI : lebec_CA-43,-1,wild boar,,6,val
https://storage.googleapis.com/public-datasets-lila/nacti-unzipped/part0/sub092/CA-37_11_05_2015_CA-37_0021155.jpg,NACTI : CA-37_11_05_2015_CA-37_0021155.jpg,NACTI : unknown,NACTI : lebec_CA-37,-1,wild boar,,6,train
https://storage.googleapis.com/public-datasets-lila/nacti-unzipped/part1/sub104/CA-43_10_16_2015_CA-43_0005526.jpg,NACTI : CA-43_10_16_2015_CA-43_0005526.jpg,NACTI : unknown,NACTI : lebec_CA-43,-1,wild boar,,6,val
https://storage.googleapis.com/public-datasets-lila/nacti-unzipped/part1/sub106/CA-44_08_12_2015_CA-44_0003095.jpg,NACTI : CA-44_08_12_2015_CA-44_0003095.jpg,NACTI : unknown,NACTI : lebec_CA-44,-1,wild boar,,6,val
https://storage.googleapis.com/public-datasets-lila/nacti-unzipped/part2/sub219/FL-22_01_21_2016_FL-22_0078508.jpg,NACTI : FL-22_01_21_2016_FL-22_0078508.jpg,NACTI : unknown,NACTI : archbold_FL-22,-1,wild boar,,6,train
https://storage.googleapis.com/public-datasets-lila/nacti-unzipped/part0/sub082/CA-30_08_03_2015_CA-30_0031608.jpg,NACTI : CA-30_08_03_2015_CA-30_0031608.jpg,NACTI : unknown,NACTI : lebec_CA-30,-1,wild boar,,6,test
https://storage.googleapis.com/public-datasets-lila/nacti-unzipped/part2/sub220/FL-22_03_07_2016_FL-22_0085489.JPG,NACTI : FL-22_03_07_2016_FL-22_0085489.JPG,NACTI : unknown,NACTI : archbold_FL-22,-1,wild boar,,6,train
https://storage.googleapis.com/public-datasets-lila/nacti-unzipped/part0/sub085/CA-33_08_04_2015_CA-33_0003202.jpg,NACTI : CA-33_08_04_2015_CA-33_0003202.jpg,NACTI : unknown,NACTI : lebec_CA-33,-1,wild boar,,6,train
https://storage.googleapis.com/public-datasets-lila/nacti-unzipped/part2/sub212/FL-19_08_04_2016_FL-19_0060367.JPG,NACTI : FL-19_08_04_2016_FL-19_0060367.JPG,NACTI : unknown,NACTI : archbold_FL-19,-1,wild boar,,6,train
https://storage.googleapis.com/public-datasets-lila/nacti-unzipped/part1/sub196/FL-16_06_02_2016_FL-16_0137214.JPG,NACTI : FL-16_06_02_2016_FL-16_0137214.JPG,NACTI : unknown,NACTI : archbold_FL-16,-1,wild boar,,6,train
https://storage.googleapis.com/public-datasets-lila/nacti-unzipped/part0/sub042/CA-08_09_17_2015_CA-08_0005843.jpg,NACTI : CA-08_09_17_2015_CA-08_0005843.jpg,NACTI : unknown,NACTI : lebec_CA-08,-1,wild boar,,6,train
https://storage.googleapis.com/public-datasets-lila/nacti-unzipped/part0/sub082/CA-30_11_05_2015_CA-30_0033582.jpg,NACTI : CA-30_11_05_2015_CA-30_0033582.jpg,NACTI : unknown,NACTI : lebec_CA-30,-1,wild boar,,6,test
https://storage.googleapis.com/public-datasets-lila/nacti-unzipped/part1/sub135/FL-05_12_08_2015_FL-05_0028806.jpg,NACTI : FL-05_12_08_2015_FL-05_0028806.jpg,NACTI : unknown,NACTI : archbold_FL-05,-1,wild boar,,6,train
https://storage.googleapis.com/public-datasets-lila/missouricameratraps/images/Set1/1.59-Wild_Boar/SEQ76417/SEQ76417_IMG_0003.JPG,Missouri Camera Traps : 97e6659c-5c15-11ee-8d73-04421a1b1283,Missouri Camera Traps : SEQ76417,Missouri Camera Traps : missouri_camera_traps,3,wild boar,,6,train
https://storage.googleapis.com/public-datasets-lila/nacti-unzipped/part2/sub216/FL-20_09_30_2015_FL-20_0024887.jpg,NACTI : FL-20_09_30_2015_FL-20_0024887.jpg,NACTI : unknown,NACTI : archbold_FL-20,-1,wild boar,,6,train
https://storage.googleapis.com/public-datasets-lila/nacti-unzipped/part2/sub258/FL-30_03_07_2016_FL-30_0047351.JPG,NACTI : FL-30_03_07_2016_FL-30_0047351.JPG,NACTI : unknown,NACTI : archbold_FL-30,-1,wild boar,,6,train
https://storage.googleapis.com/public-datasets-lila/nacti-unzipped/part0/sub054/CA-17_09_18_2015_CA-17_0024936.jpg,NACTI : CA-17_09_18_2015_CA-17_0024936.jpg,NACTI : unknown,NACTI : lebec_CA-17,-1,wild boar,,6,train
https://storage.googleapis.com/public-datasets-lila/nacti-unzipped/part0/sub040/CA-06_10_11_2016_CA-06_0018968.JPG,NACTI : CA-06_10_11_2016_CA-06_0018968.JPG,NACTI : unknown,NACTI : lebec_CA-06,-1,wild boar,,6,val
https://storage.googleapis.com/public-datasets-lila/nacti-unzipped/part0/sub047/CA-12_08_10_2016_CA-12_0014615.JPG,NACTI : CA-12_08_10_2016_CA-12_0014615.JPG,NACTI : unknown,NACTI : lebec_CA-12,-1,wild boar,,6,train
https://storage.googleapis.com/public-datasets-lila/nacti-unzipped/part0/sub081/CA-30_08_03_2015_CA-30_0017139.jpg,NACTI : CA-30_08_03_2015_CA-30_0017139.jpg,NACTI : unknown,NACTI : lebec_CA-30,-1,wild boar,,6,test
https://storage.googleapis.com/public-datasets-lila/nacti-unzipped/part2/sub289/FL-42_11_03_2015_FL-42_0003552.jpg,NACTI : FL-42_11_03_2015_FL-42_0003552.jpg,NACTI : unknown,NACTI : archbold_FL-42,-1,wild boar,,6,train
https://storage.googleapis.com/public-datasets-lila/wcs-unzipped/animals/0400/1752.jpg,WCS Camera Traps : 59407143-92d5-11e9-b0d0-000d3a74c7de,WCS Camera Traps : idn-003-d0025-17,WCS Camera Traps : 2849,8,wild boar,04-21-2010 11:33:43,6,train
https://storage.googleapis.com/public-datasets-lila/nacti-unzipped/part2/sub225/FL-22_06_02_2016_FL-22_0104241.JPG,NACTI : FL-22_06_02_2016_FL-22_0104241.JPG,NACTI : unknown,NACTI : archbold_FL-22,-1,wild boar,,6,train
https://storage.googleapis.com/public-datasets-lila/nacti-unzipped/part1/sub168/FL-09_09_01_2016_FL-09_0078449.JPG,NACTI : FL-09_09_01_2016_FL-09_0078449.JPG,NACTI : unknown,NACTI : archbold_FL-09,-1,wild boar,,6,train
https://storage.googleapis.com/public-datasets-lila/nacti-unzipped/part1/sub109/CA-46_09_11_2015_CA-46_0008098.jpg,NACTI : CA-46_09_11_2015_CA-46_0008098.jpg,NACTI : unknown,NACTI : lebec_CA-46,-1,wild boar,,6,train
https://storage.googleapis.com/public-datasets-lila/nacti-unzipped/part2/sub245/FL-27_09_03_2015_FL-27_0035113.jpg,NACTI : FL-27_09_03_2015_FL-27_0035113.jpg,NACTI : unknown,NACTI : archbold_FL-27,-1,wild boar,,6,train
https://storage.googleapis.com/public-datasets-lila/nacti-unzipped/part2/sub247/FL-28_06_02_2016_FL-28_0052488.JPG,NACTI : FL-28_06_02_2016_FL-28_0052488.JPG,NACTI : unknown,NACTI : archbold_FL-28,-1,wild boar,,6,train
https://storage.googleapis.com/public-datasets-lila/nacti-unzipped/part0/sub082/CA-30_09_18_2015_CA-30_0032338.jpg,NACTI : CA-30_09_18_2015_CA-30_0032338.jpg,NACTI : unknown,NACTI : lebec_CA-30,-1,wild boar,,6,test
https://storage.googleapis.com/public-datasets-lila/nacti-unzipped/part0/sub077/CA-30_04_02_2015_CA-30_0003632.jpg,NACTI : CA-30_04_02_2015_CA-30_0003632.jpg,NACTI : unknown,NACTI : lebec_CA-30,-1,wild boar,,6,test
https://storage.googleapis.com/public-datasets-lila/nacti-unzipped/part2/sub284/FL-40_07_06_2016_FL-40_0022824.JPG,NACTI : FL-40_07_06_2016_FL-40_0022824.JPG,NACTI : unknown,NACTI : archbold_FL-40,-1,wild boar,,6,train
https://storage.googleapis.com/public-datasets-lila/nacti-unzipped/part2/sub230/FL-23_05_02_2016_FL-23_0021237.JPG,NACTI : FL-23_05_02_2016_FL-23_0021237.JPG,NACTI : unknown,NACTI : archbold_FL-23,-1,wild boar,,6,train
https://storage.googleapis.com/public-datasets-lila/nacti-unzipped/part2/sub285/FL-40_09_09_2016_FL-40_0026674.JPG,NACTI : FL-40_09_09_2016_FL-40_0026674.JPG,NACTI : unknown,NACTI : archbold_FL-40,-1,wild boar,,6,train
https://storage.googleapis.com/public-datasets-lila/nacti-unzipped/part0/sub038/CA-06_02_16_2016_CA-06_0009548.JPG,NACTI : CA-06_02_16_2016_CA-06_0009548.JPG,NACTI : unknown,NACTI : lebec_CA-06,-1,wild boar,,6,val
https://storage.googleapis.com/public-datasets-lila/nacti-unzipped/part1/sub100/CA-41_11_08_2016_CA-41_0028898.JPG,NACTI : CA-41_11_08_2016_CA-41_0028898.JPG,NACTI : unknown,NACTI : lebec_CA-41,-1,wild boar,,6,train
https://storage.googleapis.com/public-datasets-lila/nacti-unzipped/part2/sub284/FL-40_06_03_2016_FL-40_0018480.JPG,NACTI : FL-40_06_03_2016_FL-40_0018480.JPG,NACTI : unknown,NACTI : archbold_FL-40,-1,wild boar,,6,train
https://storage.googleapis.com/public-datasets-lila/wcs-unzipped/animals/0330/0115.jpg,WCS Camera Traps : 3f915c4c-92d5-11e9-8a8b-000d3a74c7de,WCS Camera Traps : idn-001-d0992-16,WCS Camera Traps : 2424,1,wild boar,10-26-2004 12:30:00,6,train
https://storage.googleapis.com/public-datasets-lila/nacti-unzipped/part0/sub065/CA-23_11_05_2015_CA-23_0020659.jpg,NACTI : CA-23_11_05_2015_CA-23_0020659.jpg,NACTI : unknown,NACTI : lebec_CA-23,-1,wild boar,,6,train
https://storage.googleapis.com/public-datasets-lila/nacti-unzipped/part2/sub239/FL-26_06_02_2016_FL-26_0028769.JPG,NACTI : FL-26_06_02_2016_FL-26_0028769.JPG,NACTI : unknown,NACTI : archbold_FL-26,-1,wild boar,,6,train
https://storage.googleapis.com/public-datasets-lila/nacti-unzipped/part1/sub179/FL-13_04_04_2016_FL-13_0074957.JPG,NACTI : FL-13_04_04_2016_FL-13_0074957.JPG,NACTI : unknown,NACTI : archbold_FL-13,-1,wild boar,,6,val
https://storage.googleapis.com/public-datasets-lila/nacti-unzipped/part0/sub073/CA-28_10_31_2016_CA-28_0029097.JPG,NACTI : CA-28_10_31_2016_CA-28_0029097.JPG,NACTI : unknown,NACTI : lebec_CA-28,-1,wild boar,,6,train
https://storage.googleapis.com/public-datasets-lila/nacti-unzipped/part1/sub109/CA-46_08_12_2015_CA-46_0007801.jpg,NACTI : CA-46_08_12_2015_CA-46_0007801.jpg,NACTI : unknown,NACTI : lebec_CA-46,-1,wild boar,,6,train
https://storage.googleapis.com/public-datasets-lila/nacti-unzipped/part0/sub088/CA-34_09_02_2016_CA-34_0030409.JPG,NACTI : CA-34_09_02_2016_CA-34_0030409.JPG,NACTI : unknown,NACTI : lebec_CA-34,-1,wild boar,,6,train
https://storage.googleapis.com/public-datasets-lila/nacti-unzipped/part0/sub043/CA-10_08_13_2015_CA-10_0001379.jpg,NACTI : CA-10_08_13_2015_CA-10_0001379.jpg,NACTI : unknown,NACTI : lebec_CA-10,-1,wild boar,,6,train
https://storage.googleapis.com/public-datasets-lila/nacti-unzipped/part2/sub290/FL-43_11_03_2015_FL-43_0001587.jpg,NACTI : FL-43_11_03_2015_FL-43_0001587.jpg,NACTI : unknown,NACTI : archbold_FL-43,-1,wild boar,,6,train
https://storage.googleapis.com/public-datasets-lila/nacti-unzipped/part0/sub084/CA-32_03_04_2015_CA-32_0000098.jpg,NACTI : CA-32_03_04_2015_CA-32_0000098.jpg,NACTI : unknown,NACTI : lebec_CA-32,-1,wild boar,,6,train
https://storage.googleapis.com/public-datasets-lila/nacti-unzipped/part0/sub062/CA-21_08_10_2016_CA-21_0029869.JPG,NACTI : CA-21_08_10_2016_CA-21_0029869.JPG,NACTI : unknown,NACTI : lebec_CA-21,-1,wild boar,,6,train
https://storage.googleapis.com/public-datasets-lila/nacti-unzipped/part1/sub109/CA-46_09_11_2015_CA-46_0008099.jpg,NACTI : CA-46_09_11_2015_CA-46_0008099.jpg,NACTI : unknown,NACTI : lebec_CA-46,-1,wild boar,,6,train
https://storage.googleapis.com/public-datasets-lila/nacti-unzipped/part0/sub088/CA-34_11_08_2016_CA-34_0031699.JPG,NACTI : CA-34_11_08_2016_CA-34_0031699.JPG,NACTI : unknown,NACTI : lebec_CA-34,-1,wild boar,,6,train
https://storage.googleapis.com/public-datasets-lila/nacti-unzipped/part1/sub174/FL-12_05_26_2016_FL-12_0045756.JPG,NACTI : FL-12_05_26_2016_FL-12_0045756.JPG,NACTI : unknown,NACTI : archbold_FL-12,-1,wild boar,,6,val
https://storage.googleapis.com/public-datasets-lila/nacti-unzipped/part0/sub054/CA-17_09_18_2015_CA-17_0024495.jpg,NACTI : CA-17_09_18_2015_CA-17_0024495.jpg,NACTI : unknown,NACTI : lebec_CA-17,-1,wild boar,,6,train
https://storage.googleapis.com/public-datasets-lila/nacti-unzipped/part1/sub174/FL-12_06_29_2015_FL-12_0000172.jpg,NACTI : FL-12_06_29_2015_FL-12_0000172.jpg,NACTI : unknown,NACTI : archbold_FL-12,-1,wild boar,,6,val
https://storage.googleapis.com/public-datasets-lila/nacti-unzipped/part1/sub190/FL-16_03_07_2016_FL-16_0113579.JPG,NACTI : FL-16_03_07_2016_FL-16_0113579.JPG,NACTI : unknown,NACTI : archbold_FL-16,-1,wild boar,,6,train
https://storage.googleapis.com/public-datasets-lila/nacti-unzipped/part0/sub058/CA-18_11_08_2016_CA-18_0041819.JPG,NACTI : CA-18_11_08_2016_CA-18_0041819.JPG,NACTI : unknown,NACTI : lebec_CA-18,-1,wild boar,,6,val
https://storage.googleapis.com/public-datasets-lila/nacti-unzipped/part2/sub246/FL-27_12_06_2015_FL-27_0041371.jpg,NACTI : FL-27_12_06_2015_FL-27_0041371.jpg,NACTI : unknown,NACTI : archbold_FL-27,-1,wild boar,,6,train
https://storage.googleapis.com/public-datasets-lila/nacti-unzipped/part1/sub188/FL-15_06_02_2015_FL-15_0003252.jpg,NACTI : FL-15_06_02_2015_FL-15_0003252.jpg,NACTI : unknown,NACTI : archbold_FL-15,-1,wild boar,,6,test
https://storage.googleapis.com/public-datasets-lila/nacti-unzipped/part0/sub077/CA-30_04_02_2015_CA-30_0000594.jpg,NACTI : CA-30_04_02_2015_CA-30_0000594.jpg,NACTI : unknown,NACTI : lebec_CA-30,-1,wild boar,,6,test
https://storage.googleapis.com/public-datasets-lila/nacti-unzipped/part1/sub198/FL-16_11_02_2015_FL-16_0097081.jpg,NACTI : FL-16_11_02_2015_FL-16_0097081.jpg,NACTI : unknown,NACTI : archbold_FL-16,-1,wild boar,,6,train
https://storage.googleapis.com/public-datasets-lila/nacti-unzipped/part2/sub241/FL-27_06_02_2015_FL-27_0003481.jpg,NACTI : FL-27_06_02_2015_FL-27_0003481.jpg,NACTI : unknown,NACTI : archbold_FL-27,-1,wild boar,,6,train
https://storage.googleapis.com/public-datasets-lila/nacti-unzipped/part1/sub161/FL-08_05_12_2015_FL-08_0000822.jpg,NACTI : FL-08_05_12_2015_FL-08_0000822.jpg,NACTI : unknown,NACTI : archbold_FL-08,-1,wild boar,,6,test
https://storage.googleapis.com/public-datasets-lila/nacti-unzipped/part1/sub134/FL-05_10_05_2016_FL-05_0044862.JPG,NACTI : FL-05_10_05_2016_FL-05_0044862.JPG,NACTI : unknown,NACTI : archbold_FL-05,-1,wild boar,,6,train
https://storage.googleapis.com/public-datasets-lila/nacti-unzipped/part1/sub162/FL-08_10_01_2015_FL-08_0011339.jpg,NACTI : FL-08_10_01_2015_FL-08_0011339.jpg,NACTI : unknown,NACTI : archbold_FL-08,-1,wild boar,,6,test
https://storage.googleapis.com/public-datasets-lila/nacti-unzipped/part2/sub240/FL-27_01_21_2016_FL-27_0044473.jpg,NACTI : FL-27_01_21_2016_FL-27_0044473.jpg,NACTI : unknown,NACTI : archbold_FL-27,-1,wild boar,,6,train
https://storage.googleapis.com/public-datasets-lila/nacti-unzipped/part2/sub283/FL-39_01_23_2016_FL-39_0004028.jpg,NACTI : FL-39_01_23_2016_FL-39_0004028.jpg,NACTI : unknown,NACTI : archbold_FL-39,-1,wild boar,,6,test
https://storage.googleapis.com/public-datasets-lila/nacti-unzipped/part1/sub100/CA-41_10_06_2016_CA-41_0027706.JPG,NACTI : CA-41_10_06_2016_CA-41_0027706.JPG,NACTI : unknown,NACTI : lebec_CA-41,-1,wild boar,,6,train
https://storage.googleapis.com/public-datasets-lila/nacti-unzipped/part1/sub128/FL-04_05_02_2016_FL-04_0019494.JPG,NACTI : FL-04_05_02_2016_FL-04_0019494.JPG,NACTI : unknown,NACTI : archbold_FL-04,-1,wild boar,,6,test
https://storage.googleapis.com/public-datasets-lila/nacti-unzipped/part1/sub182/FL-13_06_02_2016_FL-13_0084460.JPG,NACTI : FL-13_06_02_2016_FL-13_0084460.JPG,NACTI : unknown,NACTI : archbold_FL-13,-1,wild boar,,6,val
https://storage.googleapis.com/public-datasets-lila/nacti-unzipped/part0/sub084/CA-32_08_17_2015_CA-32_0003940.jpg,NACTI : CA-32_08_17_2015_CA-32_0003940.jpg,NACTI : unknown,NACTI : lebec_CA-32,-1,wild boar,,6,train
https://storage.googleapis.com/public-datasets-lila/nacti-unzipped/part1/sub198/FL-16_09_03_2015_FL-16_0090876.jpg,NACTI : FL-16_09_03_2015_FL-16_0090876.jpg,NACTI : unknown,NACTI : archbold_FL-16,-1,wild boar,,6,train
https://storage.googleapis.com/public-datasets-lila/nacti-unzipped/part0/sub099/CA-41_09_16_2015_CA-41_0016528.jpg,NACTI : CA-41_09_16_2015_CA-41_0016528.jpg,NACTI : unknown,NACTI : lebec_CA-41,-1,wild boar,,6,train
https://storage.googleapis.com/public-datasets-lila/nacti-unzipped/part2/sub242/FL-27_06_02_2016_FL-27_0057896.JPG,NACTI : FL-27_06_02_2016_FL-27_0057896.JPG,NACTI : unknown,NACTI : archbold_FL-27,-1,wild boar,,6,train
https://storage.googleapis.com/public-datasets-lila/nacti-unzipped/part1/sub123/FL-02_10_05_2016_FL-02_0066787.JPG,NACTI : FL-02_10_05_2016_FL-02_0066787.JPG,NACTI : unknown,NACTI : archbold_FL-02,-1,wild boar,,6,train
https://storage.googleapis.com/public-datasets-lila/nacti-unzipped/part1/sub106/CA-44_08_12_2015_CA-44_0003668.jpg,NACTI : CA-44_08_12_2015_CA-44_0003668.jpg,NACTI : unknown,NACTI : lebec_CA-44,-1,wild boar,,6,val
https://storage.googleapis.com/public-datasets-lila/nacti-unzipped/part2/sub284/FL-40_07_06_2016_FL-40_0021142.JPG,NACTI : FL-40_07_06_2016_FL-40_0021142.JPG,NACTI : unknown,NACTI : archbold_FL-40,-1,wild boar,,6,train
https://storage.googleapis.com/public-datasets-lila/nacti-unzipped/part2/sub246/FL-27_12_06_2015_FL-27_0043454.jpg,NACTI : FL-27_12_06_2015_FL-27_0043454.jpg,NACTI : unknown,NACTI : archbold_FL-27,-1,wild boar,,6,train
https://storage.googleapis.com/public-datasets-lila/nacti-unzipped/part2/sub281/FL-38_03_07_2016_FL-38_0030515.JPG,NACTI : FL-38_03_07_2016_FL-38_0030515.JPG,NACTI : unknown,NACTI : archbold_FL-38,-1,wild boar,,6,train
https://storage.googleapis.com/public-datasets-lila/nacti-unzipped/part1/sub162/FL-08_07_29_2015_FL-08_0008943.jpg,NACTI : FL-08_07_29_2015_FL-08_0008943.jpg,NACTI : unknown,NACTI : archbold_FL-08,-1,wild boar,,6,test
https://storage.googleapis.com/public-datasets-lila/nacti-unzipped/part0/sub085/CA-33_08_04_2015_CA-33_0013855.jpg,NACTI : CA-33_08_04_2015_CA-33_0013855.jpg,NACTI : unknown,NACTI : lebec_CA-33,-1,wild boar,,6,train
https://storage.googleapis.com/public-datasets-lila/nacti-unzipped/part2/sub246/FL-27_10_01_2015_FL-27_0038116.jpg,NACTI : FL-27_10_01_2015_FL-27_0038116.jpg,NACTI : unknown,NACTI : archbold_FL-27,-1,wild boar,,6,train
https://storage.googleapis.com/public-datasets-lila/nacti-unzipped/part0/sub095/CA-38_12_01_2015_CA-38_0024237.jpg,NACTI : CA-38_12_01_2015_CA-38_0024237.jpg,NACTI : unknown,NACTI : lebec_CA-38,-1,wild boar,,6,val
https://storage.googleapis.com/public-datasets-lila/nacti-unzipped/part0/sub088/CA-35_08_04_2015_CA-35_0001611.jpg,NACTI : CA-35_08_04_2015_CA-35_0001611.jpg,NACTI : unknown,NACTI : lebec_CA-35,-1,wild boar,,6,train
https://storage.googleapis.com/public-datasets-lila/nacti-unzipped/part2/sub218/FL-21_07_29_2015_FL-21_0014346.jpg,NACTI : FL-21_07_29_2015_FL-21_0014346.jpg,NACTI : unknown,NACTI : archbold_FL-21,-1,wild boar,,6,test
https://storage.googleapis.com/public-datasets-lila/nacti-unzipped/part1/sub116/FL-01_06_29_2015_FL-01_0036983.jpg,NACTI : FL-01_06_29_2015_FL-01_0036983.jpg,NACTI : unknown,NACTI : archbold_FL-01,-1,wild boar,,6,train
https://storage.googleapis.com/public-datasets-lila/nacti-unzipped/part0/sub063/CA-22_06_13_2015_CA-22_0004802.jpg,NACTI : CA-22_06_13_2015_CA-22_0004802.jpg,NACTI : unknown,NACTI : lebec_CA-22,-1,wild boar,,6,train
https://storage.googleapis.com/public-datasets-lila/nacti-unzipped/part0/sub055/CA-17_09_18_2015_CA-17_0025099.jpg,NACTI : CA-17_09_18_2015_CA-17_0025099.jpg,NACTI : unknown,NACTI : lebec_CA-17,-1,wild boar,,6,train
https://storage.googleapis.com/public-datasets-lila/nacti-unzipped/part0/sub088/CA-34_11_08_2016_CA-34_0031998.JPG,NACTI : CA-34_11_08_2016_CA-34_0031998.JPG,NACTI : unknown,NACTI : lebec_CA-34,-1,wild boar,,6,train
https://storage.googleapis.com/public-datasets-lila/nacti-unzipped/part1/sub112/FL-01_06_02_2016_FL-01_0059121.JPG,NACTI : FL-01_06_02_2016_FL-01_0059121.JPG,NACTI : unknown,NACTI : archbold_FL-01,-1,wild boar,,6,train
https://storage.googleapis.com/public-datasets-lila/nacti-unzipped/part2/sub267/FL-31_12_06_2015_FL-31_0030127.jpg,NACTI : FL-31_12_06_2015_FL-31_0030127.jpg,NACTI : unknown,NACTI : archbold_FL-31,-1,wild boar,,6,test
https://storage.googleapis.com/public-datasets-lila/nacti-unzipped/part1/sub126/FL-03_06_30_2015_FL-03_0019644.jpg,NACTI : FL-03_06_30_2015_FL-03_0019644.jpg,NACTI : unknown,NACTI : archbold_FL-03,-1,wild boar,,6,train
https://storage.googleapis.com/public-datasets-lila/nacti-unzipped/part2/sub271/FL-35_01_12_2016_FL-35_0012266.JPG,NACTI : FL-35_01_12_2016_FL-35_0012266.JPG,NACTI : unknown,NACTI : archbold_FL-35,-1,wild boar,,6,val
https://storage.googleapis.com/public-datasets-lila/nacti-unzipped/part0/sub041/CA-08_03_09_2015_CA-08_0000434.jpg,NACTI : CA-08_03_09_2015_CA-08_0000434.jpg,NACTI : unknown,NACTI : lebec_CA-08,-1,wild boar,,6,train
https://storage.googleapis.com/public-datasets-lila/nacti-unzipped/part0/sub085/CA-33_08_04_2015_CA-33_0003563.jpg,NACTI : CA-33_08_04_2015_CA-33_0003563.jpg,NACTI : unknown,NACTI : lebec_CA-33,-1,wild boar,,6,train
https://storage.googleapis.com/public-datasets-lila/nacti-unzipped/part0/sub092/CA-37_10_16_2015_CA-37_0021075.jpg,NACTI : CA-37_10_16_2015_CA-37_0021075.jpg,NACTI : unknown,NACTI : lebec_CA-37,-1,wild boar,,6,train
https://storage.googleapis.com/public-datasets-lila/nacti-unzipped/part0/sub062/CA-20_09_15_2015_CA-20_0012231.jpg,NACTI : CA-20_09_15_2015_CA-20_0012231.jpg,NACTI : unknown,NACTI : lebec_CA-20,-1,wild boar,,6,train
https://storage.googleapis.com/public-datasets-lila/nacti-unzipped/part0/sub089/CA-35_08_04_2015_CA-35_0002043.jpg,NACTI : CA-35_08_04_2015_CA-35_0002043.jpg,NACTI : unknown,NACTI : lebec_CA-35,-1,wild boar,,6,train
https://storage.googleapis.com/public-datasets-lila/nacti-unzipped/part2/sub279/FL-37_10_01_2015_FL-37_0000225.jpg,NACTI : FL-37_10_01_2015_FL-37_0000225.jpg,NACTI : unknown,NACTI : archbold_FL-37,-1,wild boar,,6,train
https://storage.googleapis.com/public-datasets-lila/nacti-unzipped/part2/sub277/FL-37_03_08_2016_FL-37_0009245.JPG,NACTI : FL-37_03_08_2016_FL-37_0009245.JPG,NACTI : unknown,NACTI : archbold_FL-37,-1,wild boar,,6,train
https://storage.googleapis.com/public-datasets-lila/nacti-unzipped/part1/sub135/FL-05_12_08_2015_FL-05_0026679.jpg,NACTI : FL-05_12_08_2015_FL-05_0026679.jpg,NACTI : unknown,NACTI : archbold_FL-05,-1,wild boar,,6,train
https://storage.googleapis.com/public-datasets-lila/nacti-unzipped/part1/sub106/CA-44_08_12_2015_CA-44_0001723.jpg,NACTI : CA-44_08_12_2015_CA-44_0001723.jpg,NACTI : unknown,NACTI : lebec_CA-44,-1,wild boar,,6,val
https://storage.googleapis.com/public-datasets-lila/nacti-unzipped/part0/sub089/CA-36_10_16_2015_CA-36_0003119.jpg,NACTI : CA-36_10_16_2015_CA-36_0003119.jpg,NACTI : unknown,NACTI : lebec_CA-36,-1,wild boar,,6,test
https://storage.googleapis.com/public-datasets-lila/nacti-unzipped/part2/sub219/FL-21_12_08_2015_FL-21_0021303.jpg,NACTI : FL-21_12_08_2015_FL-21_0021303.jpg,NACTI : unknown,NACTI : archbold_FL-21,-1,wild boar,,6,test
https://storage.googleapis.com/public-datasets-lila/nacti-unzipped/part0/sub092/CA-37_11_05_2015_CA-37_0021378.jpg,NACTI : CA-37_11_05_2015_CA-37_0021378.jpg,NACTI : unknown,NACTI : lebec_CA-37,-1,wild boar,,6,train
https://storage.googleapis.com/public-datasets-lila/nacti-unzipped/part2/sub232/FL-23_12_08_2015_FL-23_0016962.jpg,NACTI : FL-23_12_08_2015_FL-23_0016962.jpg,NACTI : unknown,NACTI : archbold_FL-23,-1,wild boar,,6,train
https://storage.googleapis.com/public-datasets-lila/nacti-unzipped/part0/sub042/CA-08_10_14_2015_CA-08_0006501.jpg,NACTI : CA-08_10_14_2015_CA-08_0006501.jpg,NACTI : unknown,NACTI : lebec_CA-08,-1,wild boar,,6,train
https://storage.googleapis.com/public-datasets-lila/nacti-unzipped/part2/sub279/FL-37_11_03_2015_FL-37_0000782.jpg,NACTI : FL-37_11_03_2015_FL-37_0000782.jpg,NACTI : unknown,NACTI : archbold_FL-37,-1,wild boar,,6,train
https://storage.googleapis.com/public-datasets-lila/nacti-unzipped/part1/sub193/FL-16_06_02_2015_FL-16_0019972.jpg,NACTI : FL-16_06_02_2015_FL-16_0019972.jpg,NACTI : unknown,NACTI : archbold_FL-16,-1,wild boar,,6,train
https://storage.googleapis.com/public-datasets-lila/nacti-unzipped/part0/sub041/CA-08_07_12_2016_CA-08_0012005.JPG,NACTI : CA-08_07_12_2016_CA-08_0012005.JPG,NACTI : unknown,NACTI : lebec_CA-08,-1,wild boar,,6,train
https://storage.googleapis.com/public-datasets-lila/nacti-unzipped/part2/sub278/FL-37_07_08_2016_FL-37_0023677.JPG,NACTI : FL-37_07_08_2016_FL-37_0023677.JPG,NACTI : unknown,NACTI : archbold_FL-37,-1,wild boar,,6,train
https://storage.googleapis.com/public-datasets-lila/nacti-unzipped/part0/sub082/CA-30_08_03_2015_CA-30_0031636.jpg,NACTI : CA-30_08_03_2015_CA-30_0031636.jpg,NACTI : unknown,NACTI : lebec_CA-30,-1,wild boar,,6,test
https://storage.googleapis.com/public-datasets-lila/nacti-unzipped/part0/sub088/CA-34_11_14_2015_CA-34_0018820.jpg,NACTI : CA-34_11_14_2015_CA-34_0018820.jpg,NACTI : unknown,NACTI : lebec_CA-34,-1,wild boar,,6,train
https://storage.googleapis.com/public-datasets-lila/nacti-unzipped/part2/sub257/FL-29_09_03_2015_FL-29_0045261.jpg,NACTI : FL-29_09_03_2015_FL-29_0045261.jpg,NACTI : unknown,NACTI : archbold_FL-29,-1,wild boar,,6,train
https://storage.googleapis.com/public-datasets-lila/nacti-unzipped/part1/sub189/FL-16_03_07_2016_FL-16_0106833.JPG,NACTI : FL-16_03_07_2016_FL-16_0106833.JPG,NACTI : unknown,NACTI : archbold_FL-16,-1,wild boar,,6,train
https://storage.googleapis.com/public-datasets-lila/nacti-unzipped/part1/sub171/FL-11_11_02_2015_FL-11_0013376.jpg,NACTI : FL-11_11_02_2015_FL-11_0013376.jpg,NACTI : unknown,NACTI : archbold_FL-11,-1,wild boar,,6,train
https://storage.googleapis.com/public-datasets-lila/nacti-unzipped/part1/sub161/FL-08_05_12_2015_FL-08_0000838.jpg,NACTI : FL-08_05_12_2015_FL-08_0000838.jpg,NACTI : unknown,NACTI : archbold_FL-08,-1,wild boar,,6,test
https://storage.googleapis.com/public-datasets-lila/nacti-unzipped/part2/sub269/FL-33_08_15_2016_FL-33_0022047.JPG,NACTI : FL-33_08_15_2016_FL-33_0022047.JPG,NACTI : unknown,NACTI : archbold_FL-33,-1,wild boar,,6,test
https://storage.googleapis.com/public-datasets-lila/nacti-unzipped/part0/sub076/CA-29_08_03_2015_CA-29_0015722.jpg,NACTI : CA-29_08_03_2015_CA-29_0015722.jpg,NACTI : unknown,NACTI : lebec_CA-29,-1,wild boar,,6,train
https://storage.googleapis.com/public-datasets-lila/nacti-unzipped/part1/sub168/FL-09_09_03_2015_FL-09_0033697.jpg,NACTI : FL-09_09_03_2015_FL-09_0033697.jpg,NACTI : unknown,NACTI : archbold_FL-09,-1,wild boar,,6,train
https://storage.googleapis.com/public-datasets-lila/nacti-unzipped/part1/sub189/FL-15_07_29_2015_FL-15_0007622.jpg,NACTI : FL-15_07_29_2015_FL-15_0007622.jpg,NACTI : unknown,NACTI : archbold_FL-15,-1,wild boar,,6,test
https://storage.googleapis.com/public-datasets-lila/nacti-unzipped/part2/sub224/FL-22_06_02_2015_FL-22_0024978.jpg,NACTI : FL-22_06_02_2015_FL-22_0024978.jpg,NACTI : unknown,NACTI : archbold_FL-22,-1,wild boar,,6,train
https://storage.googleapis.com/public-datasets-lila/nacti-unzipped/part0/sub045/CA-11_08_13_2015_CA-11_0001349.jpg,NACTI : CA-11_08_13_2015_CA-11_0001349.jpg,NACTI : unknown,NACTI : lebec_CA-11,-1,wild boar,,6,train
https://storage.googleapis.com/public-datasets-lila/nacti-unzipped/part1/sub172/FL-11_12_08_2015_FL-11_0014618.jpg,NACTI : FL-11_12_08_2015_FL-11_0014618.jpg,NACTI : unknown,NACTI : archbold_FL-11,-1,wild boar,,6,train
https://storage.googleapis.com/public-datasets-lila/nacti-unzipped/part0/sub058/CA-18_10_06_2016_CA-18_0039667.JPG,NACTI : CA-18_10_06_2016_CA-18_0039667.JPG,NACTI : unknown,NACTI : lebec_CA-18,-1,wild boar,,6,val
https://storage.googleapis.com/public-datasets-lila/nacti-unzipped/part1/sub108/CA-46_01_21_2016_CA-46_0011198.jpg,NACTI : CA-46_01_21_2016_CA-46_0011198.jpg,NACTI : unknown,NACTI : lebec_CA-46,-1,wild boar,,6,train
https://storage.googleapis.com/public-datasets-lila/nacti-unzipped/part2/sub283/FL-39_01_23_2016_FL-39_0003765.jpg,NACTI : FL-39_01_23_2016_FL-39_0003765.jpg,NACTI : unknown,NACTI : archbold_FL-39,-1,wild boar,,6,test
https://storage.googleapis.com/public-datasets-lila/nacti-unzipped/part1/sub129/FL-04_05_02_2016_FL-04_0020800.JPG,NACTI : FL-04_05_02_2016_FL-04_0020800.JPG,NACTI : unknown,NACTI : archbold_FL-04,-1,wild boar,,6,test
https://storage.googleapis.com/public-datasets-lila/nacti-unzipped/part0/sub084/CA-31_12_08_2015_CA-31_0016871.jpg,NACTI : CA-31_12_08_2015_CA-31_0016871.jpg,NACTI : unknown,NACTI : lebec_CA-31,-1,wild boar,,6,train
https://storage.googleapis.com/public-datasets-lila/nacti-unzipped/part0/sub042/CA-08_12_08_2015_CA-08_0007594.jpg,NACTI : CA-08_12_08_2015_CA-08_0007594.jpg,NACTI : unknown,NACTI : lebec_CA-08,-1,wild boar,,6,train
https://storage.googleapis.com/public-datasets-lila/nacti-unzipped/part2/sub207/FL-18_05_02_2016_FL-18_0021949.JPG,NACTI : FL-18_05_02_2016_FL-18_0021949.JPG,NACTI : unknown,NACTI : archbold_FL-18,-1,wild boar,,6,test
https://storage.googleapis.com/public-datasets-lila/nacti-unzipped/part2/sub283/FL-39_12_07_2015_FL-39_0002733.jpg,NACTI : FL-39_12_07_2015_FL-39_0002733.jpg,NACTI : unknown,NACTI : archbold_FL-39,-1,wild boar,,6,test
https://storage.googleapis.com/public-datasets-lila/nacti-unzipped/part2/sub232/FL-23_11_02_2015_FL-23_0013609.jpg,NACTI : FL-23_11_02_2015_FL-23_0013609.jpg,NACTI : unknown,NACTI : archbold_FL-23,-1,wild boar,,6,train
https://storage.googleapis.com/public-datasets-lila/nacti-unzipped/part2/sub217/FL-21_06_03_2015_FL-21_0003170.jpg,NACTI : FL-21_06_03_2015_FL-21_0003170.jpg,NACTI : unknown,NACTI : archbold_FL-21,-1,wild boar,,6,test
https://storage.googleapis.com/public-datasets-lila/nacti-unzipped/part0/sub080/CA-30_08_03_2015_CA-30_0012393.jpg,NACTI : CA-30_08_03_2015_CA-30_0012393.jpg,NACTI : unknown,NACTI : lebec_CA-30,-1,wild boar,,6,test
https://storage.googleapis.com/public-datasets-lila/nacti-unzipped/part0/sub065/CA-23_11_05_2015_CA-23_0020687.jpg,NACTI : CA-23_11_05_2015_CA-23_0020687.jpg,NACTI : unknown,NACTI : lebec_CA-23,-1,wild boar,,6,train
https://storage.googleapis.com/public-datasets-lila/nacti-unzipped/part2/sub251/FL-28_12_07_2015_FL-28_0042942.jpg,NACTI : FL-28_12_07_2015_FL-28_0042942.jpg,NACTI : unknown,NACTI : archbold_FL-28,-1,wild boar,,6,train
https://storage.googleapis.com/public-datasets-lila/nacti-unzipped/part0/sub099/CA-41_09_16_2015_CA-41_0016356.jpg,NACTI : CA-41_09_16_2015_CA-41_0016356.jpg,NACTI : unknown,NACTI : lebec_CA-41,-1,wild boar,,6,train
https://storage.googleapis.com/public-datasets-lila/nacti-unzipped/part1/sub169/FL-10_03_07_2016_FL-10_0012405.JPG,NACTI : FL-10_03_07_2016_FL-10_0012405.JPG,NACTI : unknown,NACTI : archbold_FL-10,-1,wild boar,,6,train
https://storage.googleapis.com/public-datasets-lila/nacti-unzipped/part0/sub062/CA-20_11_13_2015_CA-20_0012696.jpg,NACTI : CA-20_11_13_2015_CA-20_0012696.jpg,NACTI : unknown,NACTI : lebec_CA-20,-1,wild boar,,6,train
https://storage.googleapis.com/public-datasets-lila/missouricameratraps/images/Set1/1.59-Wild_Boar/SEQ80439/SEQ80439_IMG_0010.JPG,Missouri Camera Traps : 97c6232c-5c15-11ee-8d73-04421a1b1283,Missouri Camera Traps : SEQ80439,Missouri Camera Traps : missouri_camera_traps,1,wild boar,,6,train
https://storage.googleapis.com/public-datasets-lila/nacti-unzipped/part2/sub271/FL-35_01_12_2016_FL-35_0013705.JPG,NACTI : FL-35_01_12_2016_FL-35_0013705.JPG,NACTI : unknown,NACTI : archbold_FL-35,-1,wild boar,,6,val
https://storage.googleapis.com/public-datasets-lila/nacti-unzipped/part2/sub287/FL-41_11_03_2015_FL-41_0002471.jpg,NACTI : FL-41_11_03_2015_FL-41_0002471.jpg,NACTI : unknown,NACTI : archbold_FL-41,-1,wild boar,,6,train
https://storage.googleapis.com/public-datasets-lila/nacti-unzipped/part0/sub086/CA-34_03_05_2015_CA-34_0000299.jpg,NACTI : CA-34_03_05_2015_CA-34_0000299.jpg,NACTI : unknown,NACTI : lebec_CA-34,-1,wild boar,,6,train
https://storage.googleapis.com/public-datasets-lila/nacti-unzipped/part2/sub232/FL-23_12_08_2015_FL-23_0016236.jpg,NACTI : FL-23_12_08_2015_FL-23_0016236.jpg,NACTI : unknown,NACTI : archbold_FL-23,-1,wild boar,,6,train
https://storage.googleapis.com/public-datasets-lila/nacti-unzipped/part2/sub258/FL-29_10_01_2015_FL-29_0048600.jpg,NACTI : FL-29_10_01_2015_FL-29_0048600.jpg,NACTI : unknown,NACTI : archbold_FL-29,-1,wild boar,,6,train
https://storage.googleapis.com/public-datasets-lila/nacti-unzipped/part1/sub193/FL-16_06_02_2015_FL-16_0032138.jpg,NACTI : FL-16_06_02_2015_FL-16_0032138.jpg,NACTI : unknown,NACTI : archbold_FL-16,-1,wild boar,,6,train
https://storage.googleapis.com/public-datasets-lila/nacti-unzipped/part1/sub109/CA-46_08_12_2015_CA-46_0002277.jpg,NACTI : CA-46_08_12_2015_CA-46_0002277.jpg,NACTI : unknown,NACTI : lebec_CA-46,-1,wild boar,,6,train
https://storage.googleapis.com/public-datasets-lila/nacti-unzipped/part2/sub251/FL-28_12_07_2015_FL-28_0043469.jpg,NACTI : FL-28_12_07_2015_FL-28_0043469.jpg,NACTI : unknown,NACTI : archbold_FL-28,-1,wild boar,,6,train
https://storage.googleapis.com/public-datasets-lila/nacti-unzipped/part2/sub229/FL-22_09_03_2015_FL-22_0067643.jpg,NACTI : FL-22_09_03_2015_FL-22_0067643.jpg,NACTI : unknown,NACTI : archbold_FL-22,-1,wild boar,,6,train
https://storage.googleapis.com/public-datasets-lila/nacti-unzipped/part1/sub199/FL-16_12_06_2015_FL-16_0100847.jpg,NACTI : FL-16_12_06_2015_FL-16_0100847.jpg,NACTI : unknown,NACTI : archbold_FL-16,-1,wild boar,,6,train
https://storage.googleapis.com/public-datasets-lila/nacti-unzipped/part0/sub084/CA-31_08_17_2015_CA-31_0014905.jpg,NACTI : CA-31_08_17_2015_CA-31_0014905.jpg,NACTI : unknown,NACTI : lebec_CA-31,-1,wild boar,,6,train
https://storage.googleapis.com/public-datasets-lila/nacti-unzipped/part0/sub077/CA-29_10_16_2015_CA-29_0028760.jpg,NACTI : CA-29_10_16_2015_CA-29_0028760.jpg,NACTI : unknown,NACTI : lebec_CA-29,-1,wild boar,,6,train
https://storage.googleapis.com/public-datasets-lila/nacti-unzipped/part2/sub283/FL-40_01_23_2016_FL-40_0005195.jpg,NACTI : FL-40_01_23_2016_FL-40_0005195.jpg,NACTI : unknown,NACTI : archbold_FL-40,-1,wild boar,,6,train
https://storage.googleapis.com/public-datasets-lila/nacti-unzipped/part1/sub189/FL-15_11_02_2015_FL-15_0010172.jpg,NACTI : FL-15_11_02_2015_FL-15_0010172.jpg,NACTI : unknown,NACTI : archbold_FL-15,-1,wild boar,,6,test
https://storage.googleapis.com/public-datasets-lila/nacti-unzipped/part0/sub049/CA-14_04_30_2015_CA-14_0000984.jpg,NACTI : CA-14_04_30_2015_CA-14_0000984.jpg,NACTI : unknown,NACTI : lebec_CA-14,-1,wild boar,,6,train
https://storage.googleapis.com/public-datasets-lila/nacti-unzipped/part1/sub189/FL-16_01_21_2016_FL-16_0105658.jpg,NACTI : FL-16_01_21_2016_FL-16_0105658.jpg,NACTI : unknown,NACTI : archbold_FL-16,-1,wild boar,,6,train
https://storage.googleapis.com/public-datasets-lila/nacti-unzipped/part2/sub289/FL-43_01_23_2016_FL-43_0004682.jpg,NACTI : FL-43_01_23_2016_FL-43_0004682.jpg,NACTI : unknown,NACTI : archbold_FL-43,-1,wild boar,,6,train
https://storage.googleapis.com/public-datasets-lila/nacti-unzipped/part2/sub280/FL-38_01_08_2016_FL-38_0024678.JPG,NACTI : FL-38_01_08_2016_FL-38_0024678.JPG,NACTI : unknown,NACTI : archbold_FL-38,-1,wild boar,,6,train
https://storage.googleapis.com/public-datasets-lila/nacti-unzipped/part1/sub170/FL-11_06_01_2015_FL-11_0001246.jpg,NACTI : FL-11_06_01_2015_FL-11_0001246.jpg,NACTI : unknown,NACTI : archbold_FL-11,-1,wild boar,,6,train
https://storage.googleapis.com/public-datasets-lila/nacti-unzipped/part0/sub042/CA-08_09_17_2015_CA-08_0005786.jpg,NACTI : CA-08_09_17_2015_CA-08_0005786.jpg,NACTI : unknown,NACTI : lebec_CA-08,-1,wild boar,,6,train
https://storage.googleapis.com/public-datasets-lila/nacti-unzipped/part0/sub077/CA-29_10_03_2016_CA-29_0047850.JPG,NACTI : CA-29_10_03_2016_CA-29_0047850.JPG,NACTI : unknown,NACTI : lebec_CA-29,-1,wild boar,,6,train
https://storage.googleapis.com/public-datasets-lila/nacti-unzipped/part0/sub073/CA-28_10_31_2016_CA-28_0029574.JPG,NACTI : CA-28_10_31_2016_CA-28_0029574.JPG,NACTI : unknown,NACTI : lebec_CA-28,-1,wild boar,,6,train
https://storage.googleapis.com/public-datasets-lila/nacti-unzipped/part1/sub193/FL-16_06_02_2015_FL-16_0036986.jpg,NACTI : FL-16_06_02_2015_FL-16_0036986.jpg,NACTI : unknown,NACTI : archbold_FL-16,-1,wild boar,,6,train
https://storage.googleapis.com/public-datasets-lila/nacti-unzipped/part1/sub100/CA-41_09_16_2015_CA-41_0017454.jpg,NACTI : CA-41_09_16_2015_CA-41_0017454.jpg,NACTI : unknown,NACTI : lebec_CA-41,-1,wild boar,,6,train
https://storage.googleapis.com/public-datasets-lila/nacti-unzipped/part0/sub054/CA-17_08_03_2015_CA-17_0020780.jpg,NACTI : CA-17_08_03_2015_CA-17_0020780.jpg,NACTI : unknown,NACTI : lebec_CA-17,-1,wild boar,,6,train
https://storage.googleapis.com/public-datasets-lila/nacti-unzipped/part0/sub099/CA-41_09_16_2015_CA-41_0015565.jpg,NACTI : CA-41_09_16_2015_CA-41_0015565.jpg,NACTI : unknown,NACTI : lebec_CA-41,-1,wild boar,,6,train
https://storage.googleapis.com/public-datasets-lila/nacti-unzipped/part0/sub077/CA-29_09_18_2015_CA-29_0028000.jpg,NACTI : CA-29_09_18_2015_CA-29_0028000.jpg,NACTI : unknown,NACTI : lebec_CA-29,-1,wild boar,,6,train
https://storage.googleapis.com/public-datasets-lila/nacti-unzipped/part0/sub085/CA-33_08_04_2015_CA-33_0001373.jpg,NACTI : CA-33_08_04_2015_CA-33_0001373.jpg,NACTI : unknown,NACTI : lebec_CA-33,-1,wild boar,,6,train
https://storage.googleapis.com/public-datasets-lila/nacti-unzipped/part1/sub131/FL-05_01_20_2016_FL-05_0030483.jpg,NACTI : FL-05_01_20_2016_FL-05_0030483.jpg,NACTI : unknown,NACTI : archbold_FL-05,-1,wild boar,,6,train
https://storage.googleapis.com/public-datasets-lila/nacti-unzipped/part2/sub284/FL-40_01_23_2016_FL-40_0007573.jpg,NACTI : FL-40_01_23_2016_FL-40_0007573.jpg,NACTI : unknown,NACTI : archbold_FL-40,-1,wild boar,,6,train
https://storage.googleapis.com/public-datasets-lila/nacti-unzipped/part1/sub169/FL-10_10_01_2015_FL-10_0006615.jpg,NACTI : FL-10_10_01_2015_FL-10_0006615.jpg,NACTI : unknown,NACTI : archbold_FL-10,-1,wild boar,,6,train
https://storage.googleapis.com/public-datasets-lila/nacti-unzipped/part0/sub073/CA-28_10_03_2016_CA-28_0027984.JPG,NACTI : CA-28_10_03_2016_CA-28_0027984.JPG,NACTI : unknown,NACTI : lebec_CA-28,-1,wild boar,,6,train
https://storage.googleapis.com/public-datasets-lila/nacti-unzipped/part2/sub277/FL-37_03_08_2016_FL-37_0009099.JPG,NACTI : FL-37_03_08_2016_FL-37_0009099.JPG,NACTI : unknown,NACTI : archbold_FL-37,-1,wild boar,,6,train
https://storage.googleapis.com/public-datasets-lila/nacti-unzipped/part1/sub134/FL-05_09_02_2015_FL-05_0023602.jpg,NACTI : FL-05_09_02_2015_FL-05_0023602.jpg,NACTI : unknown,NACTI : archbold_FL-05,-1,wild boar,,6,train
https://storage.googleapis.com/public-datasets-lila/nacti-unzipped/part2/sub280/FL-38_03_07_2016_FL-38_0028735.JPG,NACTI : FL-38_03_07_2016_FL-38_0028735.JPG,NACTI : unknown,NACTI : archbold_FL-38,-1,wild boar,,6,train
https://storage.googleapis.com/public-datasets-lila/nacti-unzipped/part0/sub034/CA-02_07_08_2016_CA-02_0017444.JPG,NACTI : CA-02_07_08_2016_CA-02_0017444.JPG,NACTI : unknown,NACTI : lebec_CA-02,-1,wild boar,,6,train
https://storage.googleapis.com/public-datasets-lila/nacti-unzipped/part0/sub059/CA-19_04_06_2015_CA-19_0001078.jpg,NACTI : CA-19_04_06_2015_CA-19_0001078.jpg,NACTI : unknown,NACTI : lebec_CA-19,-1,wild boar,,6,train
https://storage.googleapis.com/public-datasets-lila/nacti-unzipped/part1/sub191/FL-16_06_02_2015_FL-16_0000132.jpg,NACTI : FL-16_06_02_2015_FL-16_0000132.jpg,NACTI : unknown,NACTI : archbold_FL-16,-1,wild boar,,6,train
https://storage.googleapis.com/public-datasets-lila/nacti-unzipped/part2/sub212/FL-19_08_04_2016_FL-19_0059159.JPG,NACTI : FL-19_08_04_2016_FL-19_0059159.JPG,NACTI : unknown,NACTI : archbold_FL-19,-1,wild boar,,6,train
https://storage.googleapis.com/public-datasets-lila/nacti-unzipped/part1/sub171/FL-11_11_02_2015_FL-11_0012939.jpg,NACTI : FL-11_11_02_2015_FL-11_0012939.jpg,NACTI : unknown,NACTI : archbold_FL-11,-1,wild boar,,6,train
https://storage.googleapis.com/public-datasets-lila/nacti-unzipped/part0/sub088/CA-34_08_05_2016_CA-34_0029470.JPG,NACTI : CA-34_08_05_2016_CA-34_0029470.JPG,NACTI : unknown,NACTI : lebec_CA-34,-1,wild boar,,6,train
https://storage.googleapis.com/public-datasets-lila/nacti-unzipped/part0/sub049/CA-14_09_11_2015_CA-14_0006752.jpg,NACTI : CA-14_09_11_2015_CA-14_0006752.jpg,NACTI : unknown,NACTI : lebec_CA-14,-1,wild boar,,6,train
https://storage.googleapis.com/public-datasets-lila/nacti-unzipped/part2/sub271/FL-34_05_03_2016_FL-34_0013285.JPG,NACTI : FL-34_05_03_2016_FL-34_0013285.JPG,NACTI : unknown,NACTI : archbold_FL-34,-1,wild boar,,6,test
https://storage.googleapis.com/public-datasets-lila/nacti-unzipped/part1/sub176/FL-12_07_23_2016_FL-12_0067389.JPG,NACTI : FL-12_07_23_2016_FL-12_0067389.JPG,NACTI : unknown,NACTI : archbold_FL-12,-1,wild boar,,6,val
https://storage.googleapis.com/public-datasets-lila/nacti-unzipped/part0/sub043/CA-10_08_13_2015_CA-10_0003077.jpg,NACTI : CA-10_08_13_2015_CA-10_0003077.jpg,NACTI : unknown,NACTI : lebec_CA-10,-1,wild boar,,6,train
https://storage.googleapis.com/public-datasets-lila/nacti-unzipped/part0/sub037/CA-04_08_12_2015_CA-04_0005661.jpg,NACTI : CA-04_08_12_2015_CA-04_0005661.jpg,NACTI : unknown,NACTI : lebec_CA-04,-1,wild boar,,6,train
https://storage.googleapis.com/public-datasets-lila/nacti-unzipped/part1/sub131/FL-05_03_04_2016_FL-05_0033397.JPG,NACTI : FL-05_03_04_2016_FL-05_0033397.JPG,NACTI : unknown,NACTI : archbold_FL-05,-1,wild boar,,6,train
https://storage.googleapis.com/public-datasets-lila/nacti-unzipped/part1/sub189/FL-16_01_21_2016_FL-16_0106229.jpg,NACTI : FL-16_01_21_2016_FL-16_0106229.jpg,NACTI : unknown,NACTI : archbold_FL-16,-1,wild boar,,6,train
https://storage.googleapis.com/public-datasets-lila/wcs-unzipped/animals/0330/0149.jpg,WCS Camera Traps : 3f92e2eb-92d5-11e9-bd60-000d3a74c7de,WCS Camera Traps : idn-001-d0987-3,WCS Camera Traps : 2426,1,wild boar,09-26-2004 00:00:00,6,val
https://storage.googleapis.com/public-datasets-lila/nacti-unzipped/part1/sub131/FL-05_01_20_2016_FL-05_0030637.jpg,NACTI : FL-05_01_20_2016_FL-05_0030637.jpg,NACTI : unknown,NACTI : archbold_FL-05,-1,wild boar,,6,train
https://storage.googleapis.com/public-datasets-lila/wcs-unzipped/animals/0400/1821.jpg,WCS Camera Traps : 59437e82-92d5-11e9-83a8-000d3a74c7de,WCS Camera Traps : idn-003-d0026-23,WCS Camera Traps : 2849,6,wild boar,04-21-2010 12:27:15,6,train
https://storage.googleapis.com/public-datasets-lila/nacti-unzipped/part0/sub058/CA-18_10_06_2016_CA-18_0039998.JPG,NACTI : CA-18_10_06_2016_CA-18_0039998.JPG,NACTI : unknown,NACTI : lebec_CA-18,-1,wild boar,,6,val
https://storage.googleapis.com/public-datasets-lila/nacti-unzipped/part2/sub227/FL-22_07_06_2016_FL-22_0110421.JPG,NACTI : FL-22_07_06_2016_FL-22_0110421.JPG,NACTI : unknown,NACTI : archbold_FL-22,-1,wild boar,,6,train
https://storage.googleapis.com/public-datasets-lila/nacti-unzipped/part1/sub104/CA-43_10_16_2015_CA-43_0005511.jpg,NACTI : CA-43_10_16_2015_CA-43_0005511.jpg,NACTI : unknown,NACTI : lebec_CA-43,-1,wild boar,,6,val
https://storage.googleapis.com/public-datasets-lila/nacti-unzipped/part0/sub097/CA-40_08_12_2015_CA-40_0005229.jpg,NACTI : CA-40_08_12_2015_CA-40_0005229.jpg,NACTI : unknown,NACTI : lebec_CA-40,-1,wild boar,,6,test
https://storage.googleapis.com/public-datasets-lila/nacti-unzipped/part0/sub049/CA-14_08_12_2015_CA-14_0002788.jpg,NACTI : CA-14_08_12_2015_CA-14_0002788.jpg,NACTI : unknown,NACTI : lebec_CA-14,-1,wild boar,,6,train
https://storage.googleapis.com/public-datasets-lila/nacti-unzipped/part2/sub232/FL-23_12_08_2015_FL-23_0017718.jpg,NACTI : FL-23_12_08_2015_FL-23_0017718.jpg,NACTI : unknown,NACTI : archbold_FL-23,-1,wild boar,,6,train
https://storage.googleapis.com/public-datasets-lila/nacti-unzipped/part1/sub106/CA-44_08_12_2015_CA-44_0004164.jpg,NACTI : CA-44_08_12_2015_CA-44_0004164.jpg,NACTI : unknown,NACTI : lebec_CA-44,-1,wild boar,,6,val
https://storage.googleapis.com/public-datasets-lila/nacti-unzipped/part0/sub095/CA-38_09_06_2016_CA-38_0039069.JPG,NACTI : CA-38_09_06_2016_CA-38_0039069.JPG,NACTI : unknown,NACTI : lebec_CA-38,-1,wild boar,,6,val
https://storage.googleapis.com/public-datasets-lila/nacti-unzipped/part2/sub246/FL-27_12_06_2015_FL-27_0042278.jpg,NACTI : FL-27_12_06_2015_FL-27_0042278.jpg,NACTI : unknown,NACTI : archbold_FL-27,-1,wild boar,,6,train
https://storage.googleapis.com/public-datasets-lila/nacti-unzipped/part0/sub062/CA-21_08_10_2016_CA-21_0029868.JPG,NACTI : CA-21_08_10_2016_CA-21_0029868.JPG,NACTI : unknown,NACTI : lebec_CA-21,-1,wild boar,,6,train
https://storage.googleapis.com/public-datasets-lila/nacti-unzipped/part2/sub239/FL-26_01_21_2016_FL-26_0024080.jpg,NACTI : FL-26_01_21_2016_FL-26_0024080.jpg,NACTI : unknown,NACTI : archbold_FL-26,-1,wild boar,,6,train
https://storage.googleapis.com/public-datasets-lila/nacti-unzipped/part2/sub290/FL-43_12_07_2015_FL-43_0002232.jpg,NACTI : FL-43_12_07_2015_FL-43_0002232.jpg,NACTI : unknown,NACTI : archbold_FL-43,-1,wild boar,,6,train
https://storage.googleapis.com/public-datasets-lila/nacti-unzipped/part0/sub084/CA-33_04_03_2015_CA-33_0000593.jpg,NACTI : CA-33_04_03_2015_CA-33_0000593.jpg,NACTI : unknown,NACTI : lebec_CA-33,-1,wild boar,,6,train
https://storage.googleapis.com/public-datasets-lila/nacti-unzipped/part1/sub134/FL-05_09_30_2015_FL-05_0023876.jpg,NACTI : FL-05_09_30_2015_FL-05_0023876.jpg,NACTI : unknown,NACTI : archbold_FL-05,-1,wild boar,,6,train
https://storage.googleapis.com/public-datasets-lila/nacti-unzipped/part1/sub154/FL-07_07_28_2015_FL-07_0099497.jpg,NACTI : FL-07_07_28_2015_FL-07_0099497.jpg,NACTI : unknown,NACTI : archbold_FL-07,-1,wild boar,,6,train
https://storage.googleapis.com/public-datasets-lila/nacti-unzipped/part2/sub285/FL-40_12_07_2015_FL-40_0003690.jpg,NACTI : FL-40_12_07_2015_FL-40_0003690.jpg,NACTI : unknown,NACTI : archbold_FL-40,-1,wild boar,,6,train
https://storage.googleapis.com/public-datasets-lila/nacti-unzipped/part1/sub106/CA-44_08_12_2015_CA-44_0001729.jpg,NACTI : CA-44_08_12_2015_CA-44_0001729.jpg,NACTI : unknown,NACTI : lebec_CA-44,-1,wild boar,,6,val
https://storage.googleapis.com/public-datasets-lila/nacti-unzipped/part1/sub109/CA-46_11_02_2015_CA-46_0010231.jpg,NACTI : CA-46_11_02_2015_CA-46_0010231.jpg,NACTI : unknown,NACTI : lebec_CA-46,-1,wild boar,,6,train
https://storage.googleapis.com/public-datasets-lila/nacti-unzipped/part2/sub230/FL-22_12_06_2015_FL-22_0078049.jpg,NACTI : FL-22_12_06_2015_FL-22_0078049.jpg,NACTI : unknown,NACTI : archbold_FL-22,-1,wild boar,,6,train
https://storage.googleapis.com/public-datasets-lila/nacti-unzipped/part2/sub241/FL-27_05_02_2016_FL-27_0056240.JPG,NACTI : FL-27_05_02_2016_FL-27_0056240.JPG,NACTI : unknown,NACTI : archbold_FL-27,-1,wild boar,,6,train
https://storage.googleapis.com/public-datasets-lila/nacti-unzipped/part0/sub042/CA-08_09_17_2015_CA-08_0005742.jpg,NACTI : CA-08_09_17_2015_CA-08_0005742.jpg,NACTI : unknown,NACTI : lebec_CA-08,-1,wild boar,,6,train
https://storage.googleapis.com/public-datasets-lila/nacti-unzipped/part1/sub189/FL-16_01_21_2016_FL-16_0105082.jpg,NACTI : FL-16_01_21_2016_FL-16_0105082.jpg,NACTI : unknown,NACTI : archbold_FL-16,-1,wild boar,,6,train
https://storage.googleapis.com/public-datasets-lila/nacti-unzipped/part2/sub222/FL-22_06_02_2015_FL-22_0003440.jpg,NACTI : FL-22_06_02_2015_FL-22_0003440.jpg,NACTI : unknown,NACTI : archbold_FL-22,-1,wild boar,,6,train
https://storage.googleapis.com/public-datasets-lila/nacti-unzipped/part0/sub059/CA-19_08_13_2015_CA-19_0015003.jpg,NACTI : CA-19_08_13_2015_CA-19_0015003.jpg,NACTI : unknown,NACTI : lebec_CA-19,-1,wild boar,,6,train
https://storage.googleapis.com/public-datasets-lila/nacti-unzipped/part2/sub283/FL-39_03_08_2016_FL-39_0007298.JPG,NACTI : FL-39_03_08_2016_FL-39_0007298.JPG,NACTI : unknown,NACTI : archbold_FL-39,-1,wild boar,,6,test
https://storage.googleapis.com/public-datasets-lila/nacti-unzipped/part1/sub109/CA-47_02_29_2016_CA-47_0002548.JPG,NACTI : CA-47_02_29_2016_CA-47_0002548.JPG,NACTI : unknown,NACTI : lebec_CA-47,-1,wild boar,,6,val
https://storage.googleapis.com/public-datasets-lila/nacti-unzipped/part2/sub215/FL-20_06_02_2016_FL-20_0034595.JPG,NACTI : FL-20_06_02_2016_FL-20_0034595.JPG,NACTI : unknown,NACTI : archbold_FL-20,-1,wild boar,,6,train
https://storage.googleapis.com/public-datasets-lila/nacti-unzipped/part2/sub230/FL-23_01_20_2016_FL-23_0018465.jpg,NACTI : FL-23_01_20_2016_FL-23_0018465.jpg,NACTI : unknown,NACTI : archbold_FL-23,-1,wild boar,,6,train
https://storage.googleapis.com/public-datasets-lila/nacti-unzipped/part2/sub232/FL-23_12_08_2015_FL-23_0017786.jpg,NACTI : FL-23_12_08_2015_FL-23_0017786.jpg,NACTI : unknown,NACTI : archbold_FL-23,-1,wild boar,,6,train
https://storage.googleapis.com/public-datasets-lila/nacti-unzipped/part0/sub080/CA-30_08_03_2015_CA-30_0011403.jpg,NACTI : CA-30_08_03_2015_CA-30_0011403.jpg,NACTI : unknown,NACTI : lebec_CA-30,-1,wild boar,,6,test
https://storage.googleapis.com/public-datasets-lila/nacti-unzipped/part2/sub283/FL-39_03_08_2016_FL-39_0006735.JPG,NACTI : FL-39_03_08_2016_FL-39_0006735.JPG,NACTI : unknown,NACTI : archbold_FL-39,-1,wild boar,,6,test
https://storage.googleapis.com/public-datasets-lila/nacti-unzipped/part2/sub270/FL-34_01_23_2016_FL-34_0001275.jpg,NACTI : FL-34_01_23_2016_FL-34_0001275.jpg,NACTI : unknown,NACTI : archbold_FL-34,-1,wild boar,,6,test
https://storage.googleapis.com/public-datasets-lila/nacti-unzipped/part2/sub284/FL-40_07_06_2016_FL-40_0022112.JPG,NACTI : FL-40_07_06_2016_FL-40_0022112.JPG,NACTI : unknown,NACTI : archbold_FL-40,-1,wild boar,,6,train
https://storage.googleapis.com/public-datasets-lila/nacti-unzipped/part0/sub088/CA-34_08_05_2016_CA-34_0029257.JPG,NACTI : CA-34_08_05_2016_CA-34_0029257.JPG,NACTI : unknown,NACTI : lebec_CA-34,-1,wild boar,,6,train
https://storage.googleapis.com/public-datasets-lila/nacti-unzipped/part2/sub280/FL-38_01_08_2016_FL-38_0026348.JPG,NACTI : FL-38_01_08_2016_FL-38_0026348.JPG,NACTI : unknown,NACTI : archbold_FL-38,-1,wild boar,,6,train
https://storage.googleapis.com/public-datasets-lila/nacti-unzipped/part1/sub189/FL-15_11_02_2015_FL-15_0010176.jpg,NACTI : FL-15_11_02_2015_FL-15_0010176.jpg,NACTI : unknown,NACTI : archbold_FL-15,-1,wild boar,,6,test
https://storage.googleapis.com/public-datasets-lila/nacti-unzipped/part1/sub135/FL-05_12_08_2015_FL-05_0026974.jpg,NACTI : FL-05_12_08_2015_FL-05_0026974.jpg,NACTI : unknown,NACTI : archbold_FL-05,-1,wild boar,,6,train
https://storage.googleapis.com/public-datasets-lila/nacti-unzipped/part2/sub217/FL-21_06_03_2015_FL-21_0001753.jpg,NACTI : FL-21_06_03_2015_FL-21_0001753.jpg,NACTI : unknown,NACTI : archbold_FL-21,-1,wild boar,,6,test
https://storage.googleapis.com/public-datasets-lila/nacti-unzipped/part1/sub105/CA-44_04_19_2016_CA-44_0016205.JPG,NACTI : CA-44_04_19_2016_CA-44_0016205.JPG,NACTI : unknown,NACTI : lebec_CA-44,-1,wild boar,,6,val
https://storage.googleapis.com/public-datasets-lila/nacti-unzipped/part0/sub032/CA-01_02_11_2016_CA-01_0006820.jpg,NACTI : CA-01_02_11_2016_CA-01_0006820.jpg,NACTI : unknown,NACTI : lebec_CA-01,-1,wild boar,,6,train
https://storage.googleapis.com/public-datasets-lila/nacti-unzipped/part2/sub289/FL-42_11_03_2015_FL-42_0003141.jpg,NACTI : FL-42_11_03_2015_FL-42_0003141.jpg,NACTI : unknown,NACTI : archbold_FL-42,-1,wild boar,,6,train
https://storage.googleapis.com/public-datasets-lila/nacti-unzipped/part0/sub065/CA-23_10_11_2016_CA-23_0023665.JPG,NACTI : CA-23_10_11_2016_CA-23_0023665.JPG,NACTI : unknown,NACTI : lebec_CA-23,-1,wild boar,,6,train
https://storage.googleapis.com/public-datasets-lila/nacti-unzipped/part1/sub187/FL-15_01_21_2016_FL-15_0012306.jpg,NACTI : FL-15_01_21_2016_FL-15_0012306.jpg,NACTI : unknown,NACTI : archbold_FL-15,-1,wild boar,,6,test
https://storage.googleapis.com/public-datasets-lila/nacti-unzipped/part0/sub038/CA-06_02_16_2016_CA-06_0009436.JPG,NACTI : CA-06_02_16_2016_CA-06_0009436.JPG,NACTI : unknown,NACTI : lebec_CA-06,-1,wild boar,,6,val
https://storage.googleapis.com/public-datasets-lila/nacti-unzipped/part0/sub088/CA-34_09_02_2016_CA-34_0030184.JPG,NACTI : CA-34_09_02_2016_CA-34_0030184.JPG,NACTI : unknown,NACTI : lebec_CA-34,-1,wild boar,,6,train
https://storage.googleapis.com/public-datasets-lila/nacti-unzipped/part2/sub232/FL-23_11_02_2015_FL-23_0015750.jpg,NACTI : FL-23_11_02_2015_FL-23_0015750.jpg,NACTI : unknown,NACTI : archbold_FL-23,-1,wild boar,,6,train
https://storage.googleapis.com/public-datasets-lila/nacti-unzipped/part0/sub042/CA-08_10_14_2015_CA-08_0006018.jpg,NACTI : CA-08_10_14_2015_CA-08_0006018.jpg,NACTI : unknown,NACTI : lebec_CA-08,-1,wild boar,,6,train
https://storage.googleapis.com/public-datasets-lila/nacti-unzipped/part0/sub036/CA-03_08_13_2015_CA-03_0016314.jpg,NACTI : CA-03_08_13_2015_CA-03_0016314.jpg,NACTI : unknown,NACTI : lebec_CA-03,-1,wild boar,,6,train
https://storage.googleapis.com/public-datasets-lila/nacti-unzipped/part0/sub041/CA-08_08_04_2015_CA-08_0001667.jpg,NACTI : CA-08_08_04_2015_CA-08_0001667.jpg,NACTI : unknown,NACTI : lebec_CA-08,-1,wild boar,,6,train
https://storage.googleapis.com/public-datasets-lila/nacti-unzipped/part2/sub252/FL-29_05_03_2016_FL-29_0060500.JPG,NACTI : FL-29_05_03_2016_FL-29_0060500.JPG,NACTI : unknown,NACTI : archbold_FL-29,-1,wild boar,,6,train
https://storage.googleapis.com/public-datasets-lila/nacti-unzipped/part2/sub242/FL-27_06_02_2015_FL-27_0005504.jpg,NACTI : FL-27_06_02_2015_FL-27_0005504.jpg,NACTI : unknown,NACTI : archbold_FL-27,-1,wild boar,,6,train
https://storage.googleapis.com/public-datasets-lila/nacti-unzipped/part2/sub232/FL-23_11_02_2015_FL-23_0015456.jpg,NACTI : FL-23_11_02_2015_FL-23_0015456.jpg,NACTI : unknown,NACTI : archbold_FL-23,-1,wild boar,,6,train
https://storage.googleapis.com/public-datasets-lila/nacti-unzipped/part0/sub046/CA-11_11_30_2015_CA-11_0008598.jpg,NACTI : CA-11_11_30_2015_CA-11_0008598.jpg,NACTI : unknown,NACTI : lebec_CA-11,-1,wild boar,,6,train
https://storage.googleapis.com/public-datasets-lila/nacti-unzipped/part2/sub255/FL-29_07_28_2015_FL-29_0030817.jpg,NACTI : FL-29_07_28_2015_FL-29_0030817.jpg,NACTI : unknown,NACTI : archbold_FL-29,-1,wild boar,,6,train
https://storage.googleapis.com/public-datasets-lila/missouricameratraps/images/Set1/1.59-Wild_Boar/SEQ80320/SEQ80320_IMG_0009.JPG,Missouri Camera Traps : 97d84b38-5c15-11ee-8d73-04421a1b1283,Missouri Camera Traps : SEQ80320,Missouri Camera Traps : missouri_camera_traps,4,wild boar,,6,train
https://storage.googleapis.com/public-datasets-lila/nacti-unzipped/part2/sub242/FL-27_06_02_2015_FL-27_0009026.jpg,NACTI : FL-27_06_02_2015_FL-27_0009026.jpg,NACTI : unknown,NACTI : archbold_FL-27,-1,wild boar,,6,train
https://storage.googleapis.com/public-datasets-lila/nacti-unzipped/part1/sub192/FL-16_06_02_2015_FL-16_0017997.jpg,NACTI : FL-16_06_02_2015_FL-16_0017997.jpg,NACTI : unknown,NACTI : archbold_FL-16,-1,wild boar,,6,train
https://storage.googleapis.com/public-datasets-lila/nacti-unzipped/part0/sub080/CA-30_08_03_2015_CA-30_0012469.jpg,NACTI : CA-30_08_03_2015_CA-30_0012469.jpg,NACTI : unknown,NACTI : lebec_CA-30,-1,wild boar,,6,test
https://storage.googleapis.com/public-datasets-lila/nacti-unzipped/part0/sub041/CA-08_09_17_2015_CA-08_0005192.jpg,NACTI : CA-08_09_17_2015_CA-08_0005192.jpg,NACTI : unknown,NACTI : lebec_CA-08,-1,wild boar,,6,train
https://storage.googleapis.com/public-datasets-lila/nacti-unzipped/part2/sub219/FL-22_01_21_2016_FL-22_0079529.jpg,NACTI : FL-22_01_21_2016_FL-22_0079529.jpg,NACTI : unknown,NACTI : archbold_FL-22,-1,wild boar,,6,train
https://storage.googleapis.com/public-datasets-lila/nacti-unzipped/part0/sub058/CA-18_08_03_2015_CA-18_0018620.jpg,NACTI : CA-18_08_03_2015_CA-18_0018620.jpg,NACTI : unknown,NACTI : lebec_CA-18,-1,wild boar,,6,val
https://storage.googleapis.com/public-datasets-lila/nacti-unzipped/part0/sub055/CA-17_09_18_2015_CA-17_0025413.jpg,NACTI : CA-17_09_18_2015_CA-17_0025413.jpg,NACTI : unknown,NACTI : lebec_CA-17,-1,wild boar,,6,train
https://storage.googleapis.com/public-datasets-lila/nacti-unzipped/part0/sub082/CA-30_08_03_2015_CA-30_0029463.jpg,NACTI : CA-30_08_03_2015_CA-30_0029463.jpg,NACTI : unknown,NACTI : lebec_CA-30,-1,wild boar,,6,test
https://storage.googleapis.com/public-datasets-lila/nacti-unzipped/part2/sub232/FL-23_12_08_2015_FL-23_0016968.jpg,NACTI : FL-23_12_08_2015_FL-23_0016968.jpg,NACTI : unknown,NACTI : archbold_FL-23,-1,wild boar,,6,train
https://storage.googleapis.com/public-datasets-lila/nacti-unzipped/part0/sub057/CA-18_08_03_2015_CA-18_0014010.jpg,NACTI : CA-18_08_03_2015_CA-18_0014010.jpg,NACTI : unknown,NACTI : lebec_CA-18,-1,wild boar,,6,val
https://storage.googleapis.com/public-datasets-lila/nacti-unzipped/part0/sub072/CA-28_08_02_2016_CA-28_0027007.JPG,NACTI : CA-28_08_02_2016_CA-28_0027007.JPG,NACTI : unknown,NACTI : lebec_CA-28,-1,wild boar,,6,train
https://storage.googleapis.com/public-datasets-lila/nacti-unzipped/part2/sub232/FL-23_11_02_2015_FL-23_0015043.jpg,NACTI : FL-23_11_02_2015_FL-23_0015043.jpg,NACTI : unknown,NACTI : archbold_FL-23,-1,wild boar,,6,train
https://storage.googleapis.com/public-datasets-lila/nacti-unzipped/part0/sub041/CA-08_03_09_2015_CA-08_0000441.jpg,NACTI : CA-08_03_09_2015_CA-08_0000441.jpg,NACTI : unknown,NACTI : lebec_CA-08,-1,wild boar,,6,train
https://storage.googleapis.com/public-datasets-lila/nacti-unzipped/part2/sub284/FL-40_06_03_2016_FL-40_0018146.JPG,NACTI : FL-40_06_03_2016_FL-40_0018146.JPG,NACTI : unknown,NACTI : archbold_FL-40,-1,wild boar,,6,train
https://storage.googleapis.com/public-datasets-lila/nacti-unzipped/part2/sub283/FL-39_12_07_2015_FL-39_0001883.jpg,NACTI : FL-39_12_07_2015_FL-39_0001883.jpg,NACTI : unknown,NACTI : archbold_FL-39,-1,wild boar,,6,test
https://storage.googleapis.com/public-datasets-lila/nacti-unzipped/part1/sub154/FL-07_07_28_2015_FL-07_0099296.jpg,NACTI : FL-07_07_28_2015_FL-07_0099296.jpg,NACTI : unknown,NACTI : archbold_FL-07,-1,wild boar,,6,train
https://storage.googleapis.com/public-datasets-lila/nacti-unzipped/part2/sub265/FL-31_07_29_2015_FL-31_0020719.jpg,NACTI : FL-31_07_29_2015_FL-31_0020719.jpg,NACTI : unknown,NACTI : archbold_FL-31,-1,wild boar,,6,test
https://storage.googleapis.com/public-datasets-lila/nacti-unzipped/part1/sub194/FL-16_06_02_2015_FL-16_0042957.jpg,NACTI : FL-16_06_02_2015_FL-16_0042957.jpg,NACTI : unknown,NACTI : archbold_FL-16,-1,wild boar,,6,train
https://storage.googleapis.com/public-datasets-lila/nacti-unzipped/part0/sub042/CA-08_10_14_2015_CA-08_0006212.jpg,NACTI : CA-08_10_14_2015_CA-08_0006212.jpg,NACTI : unknown,NACTI : lebec_CA-08,-1,wild boar,,6,train
https://storage.googleapis.com/public-datasets-lila/nacti-unzipped/part1/sub109/CA-46_08_12_2015_CA-46_0002148.jpg,NACTI : CA-46_08_12_2015_CA-46_0002148.jpg,NACTI : unknown,NACTI : lebec_CA-46,-1,wild boar,,6,train
https://storage.googleapis.com/public-datasets-lila/nacti-unzipped/part2/sub207/FL-17_11_02_2015_FL-17_0062592.jpg,NACTI : FL-17_11_02_2015_FL-17_0062592.jpg,NACTI : unknown,NACTI : archbold_FL-17,-1,wild boar,,6,train
https://storage.googleapis.com/public-datasets-lila/nacti-unzipped/part1/sub188/FL-15_03_07_2016_FL-15_0015259.JPG,NACTI : FL-15_03_07_2016_FL-15_0015259.JPG,NACTI : unknown,NACTI : archbold_FL-15,-1,wild boar,,6,test
https://storage.googleapis.com/public-datasets-lila/nacti-unzipped/part0/sub045/CA-11_03_10_2015_CA-11_0000526.jpg,NACTI : CA-11_03_10_2015_CA-11_0000526.jpg,NACTI : unknown,NACTI : lebec_CA-11,-1,wild boar,,6,train
https://storage.googleapis.com/public-datasets-lila/nacti-unzipped/part2/sub283/FL-39_12_07_2015_FL-39_0001885.jpg,NACTI : FL-39_12_07_2015_FL-39_0001885.jpg,NACTI : unknown,NACTI : archbold_FL-39,-1,wild boar,,6,test
https://storage.googleapis.com/public-datasets-lila/nacti-unzipped/part0/sub041/CA-08_09_17_2015_CA-08_0004675.jpg,NACTI : CA-08_09_17_2015_CA-08_0004675.jpg,NACTI : unknown,NACTI : lebec_CA-08,-1,wild boar,,6,train
https://storage.googleapis.com/public-datasets-lila/nacti-unzipped/part2/sub232/FL-23_11_02_2015_FL-23_0014605.jpg,NACTI : FL-23_11_02_2015_FL-23_0014605.jpg,NACTI : unknown,NACTI : archbold_FL-23,-1,wild boar,,6,train
https://storage.googleapis.com/public-datasets-lila/wcs-unzipped/animals/0399/1985.jpg,WCS Camera Traps : 58efe0be-92d5-11e9-ae0e-000d3a74c7de,WCS Camera Traps : idn-003-d0006-18,WCS Camera Traps : 2839,3,wild boar,03-29-2010 13:40:24,6,train
https://storage.googleapis.com/public-datasets-lila/nacti-unzipped/part0/sub089/CA-35_08_08_2016_CA-35_0006624.JPG,NACTI : CA-35_08_08_2016_CA-35_0006624.JPG,NACTI : unknown,NACTI : lebec_CA-35,-1,wild boar,,6,train
https://storage.googleapis.com/public-datasets-lila/nacti-unzipped/part2/sub271/FL-34_05_03_2016_FL-34_0014997.JPG,NACTI : FL-34_05_03_2016_FL-34_0014997.JPG,NACTI : unknown,NACTI : archbold_FL-34,-1,wild boar,,6,test
https://storage.googleapis.com/public-datasets-lila/nacti-unzipped/part1/sub134/FL-05_07_28_2015_FL-05_0021668.jpg,NACTI : FL-05_07_28_2015_FL-05_0021668.jpg,NACTI : unknown,NACTI : archbold_FL-05,-1,wild boar,,6,train
https://storage.googleapis.com/public-datasets-lila/nacti-unzipped/part1/sub176/FL-12_07_28_2015_FL-12_0007252.jpg,NACTI : FL-12_07_28_2015_FL-12_0007252.jpg,NACTI : unknown,NACTI : archbold_FL-12,-1,wild boar,,6,val
https://storage.googleapis.com/public-datasets-lila/nacti-unzipped/part2/sub271/FL-35_01_12_2016_FL-35_0012553.JPG,NACTI : FL-35_01_12_2016_FL-35_0012553.JPG,NACTI : unknown,NACTI : archbold_FL-35,-1,wild boar,,6,val
https://storage.googleapis.com/public-datasets-lila/nacti-unzipped/part2/sub253/FL-29_06_03_2015_FL-29_0007211.jpg,NACTI : FL-29_06_03_2015_FL-29_0007211.jpg,NACTI : unknown,NACTI : archbold_FL-29,-1,wild boar,,6,train
https://storage.googleapis.com/public-datasets-lila/nacti-unzipped/part1/sub189/FL-15_07_29_2015_FL-15_0007701.jpg,NACTI : FL-15_07_29_2015_FL-15_0007701.jpg,NACTI : unknown,NACTI : archbold_FL-15,-1,wild boar,,6,test
https://storage.googleapis.com/public-datasets-lila/nacti-unzipped/part0/sub086/CA-34_04_05_2016_CA-34_0020037.JPG,NACTI : CA-34_04_05_2016_CA-34_0020037.JPG,NACTI : unknown,NACTI : lebec_CA-34,-1,wild boar,,6,train
https://storage.googleapis.com/public-datasets-lila/nacti-unzipped/part1/sub126/FL-03_06_30_2015_FL-03_0020484.jpg,NACTI : FL-03_06_30_2015_FL-03_0020484.jpg,NACTI : unknown,NACTI : archbold_FL-03,-1,wild boar,,6,train
https://storage.googleapis.com/public-datasets-lila/nacti-unzipped/part2/sub213/FL-19_09_01_2016_FL-19_0066080.JPG,NACTI : FL-19_09_01_2016_FL-19_0066080.JPG,NACTI : unknown,NACTI : archbold_FL-19,-1,wild boar,,6,train
https://storage.googleapis.com/public-datasets-lila/nacti-unzipped/part1/sub162/FL-08_10_12_2016_FL-08_0026771.JPG,NACTI : FL-08_10_12_2016_FL-08_0026771.JPG,NACTI : unknown,NACTI : archbold_FL-08,-1,wild boar,,6,test
https://storage.googleapis.com/public-datasets-lila/nacti-unzipped/part1/sub106/CA-44_08_12_2015_CA-44_0003531.jpg,NACTI : CA-44_08_12_2015_CA-44_0003531.jpg,NACTI : unknown,NACTI : lebec_CA-44,-1,wild boar,,6,val
https://storage.googleapis.com/public-datasets-lila/nacti-unzipped/part1/sub108/CA-46_03_30_2015_CA-46_0000507.jpg,NACTI : CA-46_03_30_2015_CA-46_0000507.jpg,NACTI : unknown,NACTI : lebec_CA-46,-1,wild boar,,6,train
https://storage.googleapis.com/public-datasets-lila/nacti-unzipped/part2/sub217/FL-21_06_30_2015_FL-21_0005012.jpg,NACTI : FL-21_06_30_2015_FL-21_0005012.jpg,NACTI : unknown,NACTI : archbold_FL-21,-1,wild boar,,6,test
https://storage.googleapis.com/public-datasets-lila/nacti-unzipped/part1/sub187/FL-15_01_21_2016_FL-15_0012678.jpg,NACTI : FL-15_01_21_2016_FL-15_0012678.jpg,NACTI : unknown,NACTI : archbold_FL-15,-1,wild boar,,6,test
https://storage.googleapis.com/public-datasets-lila/nacti-unzipped/part2/sub289/FL-42_11_03_2015_FL-42_0002892.jpg,NACTI : FL-42_11_03_2015_FL-42_0002892.jpg,NACTI : unknown,NACTI : archbold_FL-42,-1,wild boar,,6,train
https://storage.googleapis.com/public-datasets-lila/nacti-unzipped/part2/sub245/FL-27_07_28_2015_FL-27_0029537.jpg,NACTI : FL-27_07_28_2015_FL-27_0029537.jpg,NACTI : unknown,NACTI : archbold_FL-27,-1,wild boar,,6,train
https://storage.googleapis.com/public-datasets-lila/nacti-unzipped/part0/sub077/CA-29_09_18_2015_CA-29_0028096.jpg,NACTI : CA-29_09_18_2015_CA-29_0028096.jpg,NACTI : unknown,NACTI : lebec_CA-29,-1,wild boar,,6,train
https://storage.googleapis.com/public-datasets-lila/nacti-unzipped/part0/sub084/CA-33_04_03_2015_CA-33_0000692.jpg,NACTI : CA-33_04_03_2015_CA-33_0000692.jpg,NACTI : unknown,NACTI : lebec_CA-33,-1,wild boar,,6,train
https://storage.googleapis.com/public-datasets-lila/nacti-unzipped/part0/sub058/CA-18_09_18_2015_CA-18_0019716.jpg,NACTI : CA-18_09_18_2015_CA-18_0019716.jpg,NACTI : unknown,NACTI : lebec_CA-18,-1,wild boar,,6,val
https://storage.googleapis.com/public-datasets-lila/nacti-unzipped/part2/sub232/FL-23_11_02_2015_FL-23_0014882.jpg,NACTI : FL-23_11_02_2015_FL-23_0014882.jpg,NACTI : unknown,NACTI : archbold_FL-23,-1,wild boar,,6,train
https://storage.googleapis.com/public-datasets-lila/nacti-unzipped/part2/sub263/FL-31_05_03_2016_FL-31_0052446.JPG,NACTI : FL-31_05_03_2016_FL-31_0052446.JPG,NACTI : unknown,NACTI : archbold_FL-31,-1,wild boar,,6,test
https://storage.googleapis.com/public-datasets-lila/nacti-unzipped/part2/sub246/FL-27_10_01_2015_FL-27_0039025.jpg,NACTI : FL-27_10_01_2015_FL-27_0039025.jpg,NACTI : unknown,NACTI : archbold_FL-27,-1,wild boar,,6,train
https://storage.googleapis.com/public-datasets-lila/nacti-unzipped/part1/sub108/CA-46_01_21_2016_CA-46_0011729.jpg,NACTI : CA-46_01_21_2016_CA-46_0011729.jpg,NACTI : unknown,NACTI : lebec_CA-46,-1,wild boar,,6,train
https://storage.googleapis.com/public-datasets-lila/nacti-unzipped/part1/sub162/FL-08_12_06_2015_FL-08_0013836.jpg,NACTI : FL-08_12_06_2015_FL-08_0013836.jpg,NACTI : unknown,NACTI : archbold_FL-08,-1,wild boar,,6,test
https://storage.googleapis.com/public-datasets-lila/nacti-unzipped/part1/sub190/FL-16_03_07_2016_FL-16_0108716.JPG,NACTI : FL-16_03_07_2016_FL-16_0108716.JPG,NACTI : unknown,NACTI : archbold_FL-16,-1,wild boar,,6,train
https://storage.googleapis.com/public-datasets-lila/nacti-unzipped/part2/sub283/FL-39_12_07_2015_FL-39_0001999.jpg,NACTI : FL-39_12_07_2015_FL-39_0001999.jpg,NACTI : unknown,NACTI : archbold_FL-39,-1,wild boar,,6,test
https://storage.googleapis.com/public-datasets-lila/nacti-unzipped/part0/sub041/CA-08_09_17_2015_CA-08_0004886.jpg,NACTI : CA-08_09_17_2015_CA-08_0004886.jpg,NACTI : unknown,NACTI : lebec_CA-08,-1,wild boar,,6,train
https://storage.googleapis.com/public-datasets-lila/nacti-unzipped/part2/sub242/FL-27_06_02_2015_FL-27_0008014.jpg,NACTI : FL-27_06_02_2015_FL-27_0008014.jpg,NACTI : unknown,NACTI : archbold_FL-27,-1,wild boar,,6,train
https://storage.googleapis.com/public-datasets-lila/nacti-unzipped/part0/sub055/CA-17_10_06_2016_CA-17_0046994.JPG,NACTI : CA-17_10_06_2016_CA-17_0046994.JPG,NACTI : unknown,NACTI : lebec_CA-17,-1,wild boar,,6,train
https://storage.googleapis.com/public-datasets-lila/nacti-unzipped/part1/sub192/FL-16_06_02_2015_FL-16_0017984.jpg,NACTI : FL-16_06_02_2015_FL-16_0017984.jpg,NACTI : unknown,NACTI : archbold_FL-16,-1,wild boar,,6,train
https://storage.googleapis.com/public-datasets-lila/nacti-unzipped/part1/sub179/FL-13_04_04_2016_FL-13_0074965.JPG,NACTI : FL-13_04_04_2016_FL-13_0074965.JPG,NACTI : unknown,NACTI : archbold_FL-13,-1,wild boar,,6,val
https://storage.googleapis.com/public-datasets-lila/nacti-unzipped/part1/sub129/FL-04_06_01_2015_FL-04_0003133.jpg,NACTI : FL-04_06_01_2015_FL-04_0003133.jpg,NACTI : unknown,NACTI : archbold_FL-04,-1,wild boar,,6,test
https://storage.googleapis.com/public-datasets-lila/nacti-unzipped/part2/sub271/FL-34_11_03_2015_FL-34_0000287.jpg,NACTI : FL-34_11_03_2015_FL-34_0000287.jpg,NACTI : unknown,NACTI : archbold_FL-34,-1,wild boar,,6,test
https://storage.googleapis.com/public-datasets-lila/nacti-unzipped/part1/sub178/FL-12_12_08_2015_FL-12_0020966.jpg,NACTI : FL-12_12_08_2015_FL-12_0020966.jpg,NACTI : unknown,NACTI : archbold_FL-12,-1,wild boar,,6,val
https://storage.googleapis.com/public-datasets-lila/nacti-unzipped/part2/sub223/FL-22_06_02_2015_FL-22_0022073.jpg,NACTI : FL-22_06_02_2015_FL-22_0022073.jpg,NACTI : unknown,NACTI : archbold_FL-22,-1,wild boar,,6,train
https://storage.googleapis.com/public-datasets-lila/nacti-unzipped/part2/sub242/FL-27_06_02_2015_FL-27_0009317.jpg,NACTI : FL-27_06_02_2015_FL-27_0009317.jpg,NACTI : unknown,NACTI : archbold_FL-27,-1,wild boar,,6,train
https://storage.googleapis.com/public-datasets-lila/nacti-unzipped/part0/sub055/CA-17_11_08_2016_CA-17_0050061.JPG,NACTI : CA-17_11_08_2016_CA-17_0050061.JPG,NACTI : unknown,NACTI : lebec_CA-17,-1,wild boar,,6,train
https://storage.googleapis.com/public-datasets-lila/nacti-unzipped/part2/sub290/FL-44_12_07_2015_FL-44_0000855.jpg,NACTI : FL-44_12_07_2015_FL-44_0000855.jpg,NACTI : unknown,NACTI : archbold_FL-44,-1,wild boar,,6,train
https://storage.googleapis.com/public-datasets-lila/nacti-unzipped/part0/sub097/CA-39_08_17_2015_CA-39_0008629.jpg,NACTI : CA-39_08_17_2015_CA-39_0008629.jpg,NACTI : unknown,NACTI : lebec_CA-39,-1,wild boar,,6,train
https://storage.googleapis.com/public-datasets-lila/nacti-unzipped/part0/sub063/CA-23_04_06_2015_CA-23_0000287.jpg,NACTI : CA-23_04_06_2015_CA-23_0000287.jpg,NACTI : unknown,NACTI : lebec_CA-23,-1,wild boar,,6,train
https://storage.googleapis.com/public-datasets-lila/nacti-unzipped/part0/sub042/CA-09_03_17_2016_CA-09_0006576.JPG,NACTI : CA-09_03_17_2016_CA-09_0006576.JPG,NACTI : unknown,NACTI : lebec_CA-09,-1,wild boar,,6,train
https://storage.googleapis.com/public-datasets-lila/nacti-unzipped/part0/sub038/CA-05_08_12_2015_CA-05_0001855.jpg,NACTI : CA-05_08_12_2015_CA-05_0001855.jpg,NACTI : unknown,NACTI : lebec_CA-05,-1,wild boar,,6,train
https://storage.googleapis.com/public-datasets-lila/nacti-unzipped/part2/sub283/FL-39_04_05_2016_FL-39_0007876.JPG,NACTI : FL-39_04_05_2016_FL-39_0007876.JPG,NACTI : unknown,NACTI : archbold_FL-39,-1,wild boar,,6,test
https://storage.googleapis.com/public-datasets-lila/nacti-unzipped/part1/sub108/CA-46_01_21_2016_CA-46_0011028.jpg,NACTI : CA-46_01_21_2016_CA-46_0011028.jpg,NACTI : unknown,NACTI : lebec_CA-46,-1,wild boar,,6,train
https://storage.googleapis.com/public-datasets-lila/nacti-unzipped/part0/sub042/CA-10_02_11_2016_CA-10_0017520.jpg,NACTI : CA-10_02_11_2016_CA-10_0017520.jpg,NACTI : unknown,NACTI : lebec_CA-10,-1,wild boar,,6,train
https://storage.googleapis.com/public-datasets-lila/nacti-unzipped/part1/sub109/CA-46_11_02_2015_CA-46_0010148.jpg,NACTI : CA-46_11_02_2015_CA-46_0010148.jpg,NACTI : unknown,NACTI : lebec_CA-46,-1,wild boar,,6,train
https://storage.googleapis.com/public-datasets-lila/nacti-unzipped/part0/sub085/CA-33_08_04_2015_CA-33_0005673.jpg,NACTI : CA-33_08_04_2015_CA-33_0005673.jpg,NACTI : unknown,NACTI : lebec_CA-33,-1,wild boar,,6,train
https://storage.googleapis.com/public-datasets-lila/nacti-unzipped/part2/sub239/FL-26_01_21_2016_FL-26_0024085.jpg,NACTI : FL-26_01_21_2016_FL-26_0024085.jpg,NACTI : unknown,NACTI : archbold_FL-26,-1,wild boar,,6,train
https://storage.googleapis.com/public-datasets-lila/nacti-unzipped/part0/sub042/CA-08_10_14_2015_CA-08_0006157.jpg,NACTI : CA-08_10_14_2015_CA-08_0006157.jpg,NACTI : unknown,NACTI : lebec_CA-08,-1,wild boar,,6,train
https://storage.googleapis.com/public-datasets-lila/nacti-unzipped/part0/sub063/CA-23_06_07_2016_CA-23_0022151.JPG,NACTI : CA-23_06_07_2016_CA-23_0022151.JPG,NACTI : unknown,NACTI : lebec_CA-23,-1,wild boar,,6,train
https://storage.googleapis.com/public-datasets-lila/nacti-unzipped/part1/sub179/FL-13_04_04_2016_FL-13_0074896.JPG,NACTI : FL-13_04_04_2016_FL-13_0074896.JPG,NACTI : unknown,NACTI : archbold_FL-13,-1,wild boar,,6,val
https://storage.googleapis.com/public-datasets-lila/nacti-unzipped/part0/sub046/CA-11_11_13_2015_CA-11_0008357.jpg,NACTI : CA-11_11_13_2015_CA-11_0008357.jpg,NACTI : unknown,NACTI : lebec_CA-11,-1,wild boar,,6,train
https://storage.googleapis.com/public-datasets-lila/nacti-unzipped/part0/sub070/CA-27_11_14_2015_CA-27_0008578.jpg,NACTI : CA-27_11_14_2015_CA-27_0008578.jpg,NACTI : unknown,NACTI : lebec_CA-27,-1,wild boar,,6,train
https://storage.googleapis.com/public-datasets-lila/nacti-unzipped/part2/sub246/FL-27_12_06_2015_FL-27_0042151.jpg,NACTI : FL-27_12_06_2015_FL-27_0042151.jpg,NACTI : unknown,NACTI : archbold_FL-27,-1,wild boar,,6,train
https://storage.googleapis.com/public-datasets-lila/nacti-unzipped/part0/sub084/CA-32_08_10_2016_CA-32_0006017.JPG,NACTI : CA-32_08_10_2016_CA-32_0006017.JPG,NACTI : unknown,NACTI : lebec_CA-32,-1,wild boar,,6,train
https://storage.googleapis.com/public-datasets-lila/nacti-unzipped/part2/sub251/FL-29_01_21_2016_FL-29_0053639.jpg,NACTI : FL-29_01_21_2016_FL-29_0053639.jpg,NACTI : unknown,NACTI : archbold_FL-29,-1,wild boar,,6,train
https://storage.googleapis.com/public-datasets-lila/nacti-unzipped/part2/sub283/FL-39_11_03_2015_FL-39_0000740.jpg,NACTI : FL-39_11_03_2015_FL-39_0000740.jpg,NACTI : unknown,NACTI : archbold_FL-39,-1,wild boar,,6,test
https://storage.googleapis.com/public-datasets-lila/nacti-unzipped/part2/sub284/FL-40_07_06_2016_FL-40_0021331.JPG,NACTI : FL-40_07_06_2016_FL-40_0021331.JPG,NACTI : unknown,NACTI : archbold_FL-40,-1,wild boar,,6,train
https://storage.googleapis.com/public-datasets-lila/nacti-unzipped/part1/sub159/FL-07_09_30_2015_FL-07_0134595.jpg,NACTI : FL-07_09_30_2015_FL-07_0134595.jpg,NACTI : unknown,NACTI : archbold_FL-07,-1,wild boar,,6,train
https://storage.googleapis.com/public-datasets-lila/nacti-unzipped/part2/sub281/FL-38_05_03_2016_FL-38_0032664.JPG,NACTI : FL-38_05_03_2016_FL-38_0032664.JPG,NACTI : unknown,NACTI : archbold_FL-38,-1,wild boar,,6,train
https://storage.googleapis.com/public-datasets-lila/nacti-unzipped/part2/sub290/TAG-LF13_08_31_2016_TAG-LF13_0001351.JPG,NACTI : TAG-LF13_08_31_2016_TAG-LF13_0001351.JPG,NACTI : unknown,NACTI : lebec_TAG-LF13,-1,wild boar,,6,train
https://storage.googleapis.com/public-datasets-lila/missouricameratraps/images/Set1/1.59-Wild_Boar/SEQ76695/SEQ76695_IMG_0001.JPG,Missouri Camera Traps : 97e7c75c-5c15-11ee-8d73-04421a1b1283,Missouri Camera Traps : SEQ76695,Missouri Camera Traps : missouri_camera_traps,29,wild boar,,6,train
https://storage.googleapis.com/public-datasets-lila/nacti-unzipped/part0/sub088/CA-34_09_02_2016_CA-34_0030419.JPG,NACTI : CA-34_09_02_2016_CA-34_0030419.JPG,NACTI : unknown,NACTI : lebec_CA-34,-1,wild boar,,6,train
https://storage.googleapis.com/public-datasets-lila/nacti-unzipped/part0/sub077/CA-29_09_06_2016_CA-29_0047087.JPG,NACTI : CA-29_09_06_2016_CA-29_0047087.JPG,NACTI : unknown,NACTI : lebec_CA-29,-1,wild boar,,6,train
https://storage.googleapis.com/public-datasets-lila/nacti-unzipped/part2/sub283/FL-39_03_08_2016_FL-39_0006449.JPG,NACTI : FL-39_03_08_2016_FL-39_0006449.JPG,NACTI : unknown,NACTI : archbold_FL-39,-1,wild boar,,6,test
https://storage.googleapis.com/public-datasets-lila/nacti-unzipped/part1/sub108/CA-46_01_21_2016_CA-46_0011293.jpg,NACTI : CA-46_01_21_2016_CA-46_0011293.jpg,NACTI : unknown,NACTI : lebec_CA-46,-1,wild boar,,6,train
https://storage.googleapis.com/public-datasets-lila/nacti-unzipped/part1/sub199/FL-16_12_06_2015_FL-16_0100286.jpg,NACTI : FL-16_12_06_2015_FL-16_0100286.jpg,NACTI : unknown,NACTI : archbold_FL-16,-1,wild boar,,6,train
https://storage.googleapis.com/public-datasets-lila/nacti-unzipped/part1/sub191/FL-16_05_02_2016_FL-16_0123903.JPG,NACTI : FL-16_05_02_2016_FL-16_0123903.JPG,NACTI : unknown,NACTI : archbold_FL-16,-1,wild boar,,6,train
https://storage.googleapis.com/public-datasets-lila/nacti-unzipped/part1/sub161/FL-08_06_02_2015_FL-08_0003335.jpg,NACTI : FL-08_06_02_2015_FL-08_0003335.jpg,NACTI : unknown,NACTI : archbold_FL-08,-1,wild boar,,6,test
https://storage.googleapis.com/public-datasets-lila/nacti-unzipped/part1/sub135/FL-05_11_02_2015_FL-05_0025155.jpg,NACTI : FL-05_11_02_2015_FL-05_0025155.jpg,NACTI : unknown,NACTI : archbold_FL-05,-1,wild boar,,6,train
https://storage.googleapis.com/public-datasets-lila/nacti-unzipped/part0/sub041/CA-07_10_11_2016_CA-07_0014605.JPG,NACTI : CA-07_10_11_2016_CA-07_0014605.JPG,NACTI : unknown,NACTI : lebec_CA-07,-1,wild boar,,6,test
https://storage.googleapis.com/public-datasets-lila/nacti-unzipped/part1/sub135/FL-05_12_08_2015_FL-05_0025873.jpg,NACTI : FL-05_12_08_2015_FL-05_0025873.jpg,NACTI : unknown,NACTI : archbold_FL-05,-1,wild boar,,6,train
https://storage.googleapis.com/public-datasets-lila/nacti-unzipped/part1/sub193/FL-16_06_02_2015_FL-16_0020056.jpg,NACTI : FL-16_06_02_2015_FL-16_0020056.jpg,NACTI : unknown,NACTI : archbold_FL-16,-1,wild boar,,6,train
https://storage.googleapis.com/public-datasets-lila/nacti-unzipped/part0/sub095/CA-38_12_01_2015_CA-38_0024688.jpg,NACTI : CA-38_12_01_2015_CA-38_0024688.jpg,NACTI : unknown,NACTI : lebec_CA-38,-1,wild boar,,6,val
https://storage.googleapis.com/public-datasets-lila/missouricameratraps/images/Set1/1.59-Wild_Boar/SEQ83244/SEQ83244_IMG_0006.JPG,Missouri Camera Traps : 97dace3a-5c15-11ee-8d73-04421a1b1283,Missouri Camera Traps : SEQ83244,Missouri Camera Traps : missouri_camera_traps,8,wild boar,,6,train
https://storage.googleapis.com/public-datasets-lila/nacti-unzipped/part1/sub154/FL-07_07_28_2015_FL-07_0099030.jpg,NACTI : FL-07_07_28_2015_FL-07_0099030.jpg,NACTI : unknown,NACTI : archbold_FL-07,-1,wild boar,,6,train
https://storage.googleapis.com/public-datasets-lila/nacti-unzipped/part1/sub195/FL-16_06_02_2016_FL-16_0128370.JPG,NACTI : FL-16_06_02_2016_FL-16_0128370.JPG,NACTI : unknown,NACTI : archbold_FL-16,-1,wild boar,,6,train
https://storage.googleapis.com/public-datasets-lila/nacti-unzipped/part1/sub196/FL-16_06_30_2015_FL-16_0060817.jpg,NACTI : FL-16_06_30_2015_FL-16_0060817.jpg,NACTI : unknown,NACTI : archbold_FL-16,-1,wild boar,,6,train
https://storage.googleapis.com/public-datasets-lila/nacti-unzipped/part1/sub175/FL-12_07_05_2016_FL-12_0055515.JPG,NACTI : FL-12_07_05_2016_FL-12_0055515.JPG,NACTI : unknown,NACTI : archbold_FL-12,-1,wild boar,,6,val
https://storage.googleapis.com/public-datasets-lila/nacti-unzipped/part1/sub187/FL-14_07_29_2015_FL-14_0010249.jpg,NACTI : FL-14_07_29_2015_FL-14_0010249.jpg,NACTI : unknown,NACTI : archbold_FL-14,-1,wild boar,,6,val
https://storage.googleapis.com/public-datasets-lila/nacti-unzipped/part0/sub088/CA-35_08_04_2015_CA-35_0001866.jpg,NACTI : CA-35_08_04_2015_CA-35_0001866.jpg,NACTI : unknown,NACTI : lebec_CA-35,-1,wild boar,,6,train
https://storage.googleapis.com/public-datasets-lila/nacti-unzipped/part2/sub288/FL-41_12_07_2015_FL-41_0006996.jpg,NACTI : FL-41_12_07_2015_FL-41_0006996.jpg,NACTI : unknown,NACTI : archbold_FL-41,-1,wild boar,,6,train
https://storage.googleapis.com/public-datasets-lila/nacti-unzipped/part0/sub054/CA-17_08_03_2015_CA-17_0022459.jpg,NACTI : CA-17_08_03_2015_CA-17_0022459.jpg,NACTI : unknown,NACTI : lebec_CA-17,-1,wild boar,,6,train
https://storage.googleapis.com/public-datasets-lila/nacti-unzipped/part1/sub104/CA-43_08_12_2015_CA-43_0001224.jpg,NACTI : CA-43_08_12_2015_CA-43_0001224.jpg,NACTI : unknown,NACTI : lebec_CA-43,-1,wild boar,,6,val
https://storage.googleapis.com/public-datasets-lila/nacti-unzipped/part1/sub174/FL-12_05_26_2016_FL-12_0054215.JPG,NACTI : FL-12_05_26_2016_FL-12_0054215.JPG,NACTI : unknown,NACTI : archbold_FL-12,-1,wild boar,,6,val
https://storage.googleapis.com/public-datasets-lila/nacti-unzipped/part1/sub177/FL-12_09_01_2016_FL-12_0073721.JPG,NACTI : FL-12_09_01_2016_FL-12_0073721.JPG,NACTI : unknown,NACTI : archbold_FL-12,-1,wild boar,,6,val
https://storage.googleapis.com/public-datasets-lila/nacti-unzipped/part1/sub129/FL-04_06_02_2016_FL-04_0022388.JPG,NACTI : FL-04_06_02_2016_FL-04_0022388.JPG,NACTI : unknown,NACTI : archbold_FL-04,-1,wild boar,,6,test
https://storage.googleapis.com/public-datasets-lila/nacti-unzipped/part1/sub134/FL-05_07_28_2015_FL-05_0022811.jpg,NACTI : FL-05_07_28_2015_FL-05_0022811.jpg,NACTI : unknown,NACTI : archbold_FL-05,-1,wild boar,,6,train
https://storage.googleapis.com/public-datasets-lila/nacti-unzipped/part2/sub221/FL-22_06_02_2015_FL-22_0001570.jpg,NACTI : FL-22_06_02_2015_FL-22_0001570.jpg,NACTI : unknown,NACTI : archbold_FL-22,-1,wild boar,,6,train
https://storage.googleapis.com/public-datasets-lila/nacti-unzipped/part1/sub178/FL-12_11_02_2015_FL-12_0018984.jpg,NACTI : FL-12_11_02_2015_FL-12_0018984.jpg,NACTI : unknown,NACTI : archbold_FL-12,-1,wild boar,,6,val
https://storage.googleapis.com/public-datasets-lila/nacti-unzipped/part0/sub085/CA-33_08_04_2015_CA-33_0002732.jpg,NACTI : CA-33_08_04_2015_CA-33_0002732.jpg,NACTI : unknown,NACTI : lebec_CA-33,-1,wild boar,,6,train
https://storage.googleapis.com/public-datasets-lila/nacti-unzipped/part0/sub088/CA-34_08_05_2016_CA-34_0029161.JPG,NACTI : CA-34_08_05_2016_CA-34_0029161.JPG,NACTI : unknown,NACTI : lebec_CA-34,-1,wild boar,,6,train
https://storage.googleapis.com/public-datasets-lila/nacti-unzipped/part0/sub041/CA-07_11_13_2015_CA-07_0006674.jpg,NACTI : CA-07_11_13_2015_CA-07_0006674.jpg,NACTI : unknown,NACTI : lebec_CA-07,-1,wild boar,,6,test
https://storage.googleapis.com/public-datasets-lila/nacti-unzipped/part0/sub055/CA-17_11_08_2016_CA-17_0049860.JPG,NACTI : CA-17_11_08_2016_CA-17_0049860.JPG,NACTI : unknown,NACTI : lebec_CA-17,-1,wild boar,,6,train
https://storage.googleapis.com/public-datasets-lila/nacti-unzipped/part0/sub068/CA-25_12_02_2015_CA-25_0013440.jpg,NACTI : CA-25_12_02_2015_CA-25_0013440.jpg,NACTI : unknown,NACTI : lebec_CA-25,-1,wild boar,,6,train
https://storage.googleapis.com/public-datasets-lila/nacti-unzipped/part1/sub134/FL-05_07_05_2016_FL-05_0043141.JPG,NACTI : FL-05_07_05_2016_FL-05_0043141.JPG,NACTI : unknown,NACTI : archbold_FL-05,-1,wild boar,,6,train
https://storage.googleapis.com/public-datasets-lila/nacti-unzipped/part0/sub061/CA-20_08_13_2015_CA-20_0004069.jpg,NACTI : CA-20_08_13_2015_CA-20_0004069.jpg,NACTI : unknown,NACTI : lebec_CA-20,-1,wild boar,,6,train
https://storage.googleapis.com/public-datasets-lila/nacti-unzipped/part2/sub290/TAG-LF13_08_31_2016_TAG-LF13_0001703.JPG,NACTI : TAG-LF13_08_31_2016_TAG-LF13_0001703.JPG,NACTI : unknown,NACTI : lebec_TAG-LF13,-1,wild boar,,6,train
https://storage.googleapis.com/public-datasets-lila/nacti-unzipped/part2/sub219/FL-21_11_02_2015_FL-21_0020157.jpg,NACTI : FL-21_11_02_2015_FL-21_0020157.jpg,NACTI : unknown,NACTI : archbold_FL-21,-1,wild boar,,6,test
https://storage.googleapis.com/public-datasets-lila/nacti-unzipped/part1/sub162/FL-08_12_06_2015_FL-08_0014265.jpg,NACTI : FL-08_12_06_2015_FL-08_0014265.jpg,NACTI : unknown,NACTI : archbold_FL-08,-1,wild boar,,6,test
https://storage.googleapis.com/public-datasets-lila/nacti-unzipped/part0/sub073/CA-28_10_03_2016_CA-28_0028638.JPG,NACTI : CA-28_10_03_2016_CA-28_0028638.JPG,NACTI : unknown,NACTI : lebec_CA-28,-1,wild boar,,6,train
https://storage.googleapis.com/public-datasets-lila/nacti-unzipped/part2/sub242/FL-27_06_02_2015_FL-27_0009181.jpg,NACTI : FL-27_06_02_2015_FL-27_0009181.jpg,NACTI : unknown,NACTI : archbold_FL-27,-1,wild boar,,6,train
https://storage.googleapis.com/public-datasets-lila/nacti-unzipped/part2/sub242/FL-27_06_02_2016_FL-27_0057911.JPG,NACTI : FL-27_06_02_2016_FL-27_0057911.JPG,NACTI : unknown,NACTI : archbold_FL-27,-1,wild boar,,6,train
https://storage.googleapis.com/public-datasets-lila/nacti-unzipped/part0/sub042/CA-08_12_08_2015_CA-08_0006834.jpg,NACTI : CA-08_12_08_2015_CA-08_0006834.jpg,NACTI : unknown,NACTI : lebec_CA-08,-1,wild boar,,6,train
https://storage.googleapis.com/public-datasets-lila/nacti-unzipped/part2/sub268/FL-32_10_01_2015_FL-32_0000236.jpg,NACTI : FL-32_10_01_2015_FL-32_0000236.jpg,NACTI : unknown,NACTI : archbold_FL-32,-1,wild boar,,6,train
https://storage.googleapis.com/public-datasets-lila/nacti-unzipped/part0/sub099/CA-41_09_16_2015_CA-41_0015921.jpg,NACTI : CA-41_09_16_2015_CA-41_0015921.jpg,NACTI : unknown,NACTI : lebec_CA-41,-1,wild boar,,6,train
https://storage.googleapis.com/public-datasets-lila/nacti-unzipped/part1/sub110/CA-48_01_21_2016_CA-48_0006072.jpg,NACTI : CA-48_01_21_2016_CA-48_0006072.jpg,NACTI : unknown,NACTI : lebec_CA-48,-1,wild boar,,6,train
https://storage.googleapis.com/public-datasets-lila/nacti-unzipped/part0/sub058/CA-18_11_08_2016_CA-18_0041405.JPG,NACTI : CA-18_11_08_2016_CA-18_0041405.JPG,NACTI : unknown,NACTI : lebec_CA-18,-1,wild boar,,6,val
https://storage.googleapis.com/public-datasets-lila/nacti-unzipped/part2/sub289/FL-42_11_03_2015_FL-42_0002955.jpg,NACTI : FL-42_11_03_2015_FL-42_0002955.jpg,NACTI : unknown,NACTI : archbold_FL-42,-1,wild boar,,6,train
https://storage.googleapis.com/public-datasets-lila/nacti-unzipped/part2/sub285/FL-40_08_15_2016_FL-40_0024309.JPG,NACTI : FL-40_08_15_2016_FL-40_0024309.JPG,NACTI : unknown,NACTI : archbold_FL-40,-1,wild boar,,6,train
https://storage.googleapis.com/public-datasets-lila/nacti-unzipped/part1/sub179/FL-13_05_02_2016_FL-13_0076786.JPG,NACTI : FL-13_05_02_2016_FL-13_0076786.JPG,NACTI : unknown,NACTI : archbold_FL-13,-1,wild boar,,6,val
https://storage.googleapis.com/public-datasets-lila/nacti-unzipped/part2/sub226/FL-22_06_02_2016_FL-22_0109067.JPG,NACTI : FL-22_06_02_2016_FL-22_0109067.JPG,NACTI : unknown,NACTI : archbold_FL-22,-1,wild boar,,6,train
https://storage.googleapis.com/public-datasets-lila/nacti-unzipped/part1/sub194/FL-16_06_02_2015_FL-16_0044621.jpg,NACTI : FL-16_06_02_2015_FL-16_0044621.jpg,NACTI : unknown,NACTI : archbold_FL-16,-1,wild boar,,6,train
https://storage.googleapis.com/public-datasets-lila/nacti-unzipped/part2/sub283/FL-39_01_23_2016_FL-39_0003799.jpg,NACTI : FL-39_01_23_2016_FL-39_0003799.jpg,NACTI : unknown,NACTI : archbold_FL-39,-1,wild boar,,6,test
https://storage.googleapis.com/public-datasets-lila/missouricameratraps/images/Set1/1.59-Wild_Boar/SEQ80213/SEQ80213_IMG_0001.JPG,Missouri Camera Traps : 97e62bc2-5c15-11ee-8d73-04421a1b1283,Missouri Camera Traps : SEQ80213,Missouri Camera Traps : missouri_camera_traps,7,wild boar,,6,train
https://storage.googleapis.com/public-datasets-lila/nacti-unzipped/part1/sub188/FL-15_03_07_2016_FL-15_0014489.JPG,NACTI : FL-15_03_07_2016_FL-15_0014489.JPG,NACTI : unknown,NACTI : archbold_FL-15,-1,wild boar,,6,test
https://storage.googleapis.com/public-datasets-lila/nacti-unzipped/part0/sub099/CA-41_08_04_2015_CA-41_0014695.jpg,NACTI : CA-41_08_04_2015_CA-41_0014695.jpg,NACTI : unknown,NACTI : lebec_CA-41,-1,wild boar,,6,train
https://storage.googleapis.com/public-datasets-lila/nacti-unzipped/part2/sub226/FL-22_06_02_2016_FL-22_0109470.JPG,NACTI : FL-22_06_02_2016_FL-22_0109470.JPG,NACTI : unknown,NACTI : archbold_FL-22,-1,wild boar,,6,train
https://storage.googleapis.com/public-datasets-lila/nacti-unzipped/part0/sub065/CA-24_02_29_2016_CA-24_0014537.JPG,NACTI : CA-24_02_29_2016_CA-24_0014537.JPG,NACTI : unknown,NACTI : lebec_CA-24,-1,wild boar,,6,train
https://storage.googleapis.com/public-datasets-lila/nacti-unzipped/part0/sub058/CA-18_09_12_2016_CA-18_0038619.JPG,NACTI : CA-18_09_12_2016_CA-18_0038619.JPG,NACTI : unknown,NACTI : lebec_CA-18,-1,wild boar,,6,val
https://storage.googleapis.com/public-datasets-lila/nacti-unzipped/part1/sub173/FL-12_04_04_2016_FL-12_0035484.JPG,NACTI : FL-12_04_04_2016_FL-12_0035484.JPG,NACTI : unknown,NACTI : archbold_FL-12,-1,wild boar,,6,val
https://storage.googleapis.com/public-datasets-lila/wcs-unzipped/animals/0035/1824.jpg,WCS Camera Traps : d41a4ac9-92d4-11e9-b34b-000d3a74c7de,WCS Camera Traps : idn-002-d0054-23,WCS Camera Traps : 530,1,wild boar,05-14-1999 08:17:00,6,train
https://storage.googleapis.com/public-datasets-lila/nacti-unzipped/part2/sub271/FL-35_01_12_2016_FL-35_0012549.JPG,NACTI : FL-35_01_12_2016_FL-35_0012549.JPG,NACTI : unknown,NACTI : archbold_FL-35,-1,wild boar,,6,val
https://storage.googleapis.com/public-datasets-lila/nacti-unzipped/part2/sub272/FL-35_01_12_2016_FL-35_0017236.JPG,NACTI : FL-35_01_12_2016_FL-35_0017236.JPG,NACTI : unknown,NACTI : archbold_FL-35,-1,wild boar,,6,val
https://storage.googleapis.com/public-datasets-lila/nacti-unzipped/part2/sub284/FL-40_04_05_2016_FL-40_0015775.JPG,NACTI : FL-40_04_05_2016_FL-40_0015775.JPG,NACTI : unknown,NACTI : archbold_FL-40,-1,wild boar,,6,train
https://storage.googleapis.com/public-datasets-lila/nacti-unzipped/part2/sub271/FL-34_06_03_2016_FL-34_0018166.JPG,NACTI : FL-34_06_03_2016_FL-34_0018166.JPG,NACTI : unknown,NACTI : archbold_FL-34,-1,wild boar,,6,test
https://storage.googleapis.com/public-datasets-lila/nacti-unzipped/part1/sub116/FL-01_06_29_2015_FL-01_0036814.jpg,NACTI : FL-01_06_29_2015_FL-01_0036814.jpg,NACTI : unknown,NACTI : archbold_FL-01,-1,wild boar,,6,train
https://storage.googleapis.com/public-datasets-lila/nacti-unzipped/part1/sub189/FL-16_03_07_2016_FL-16_0106638.JPG,NACTI : FL-16_03_07_2016_FL-16_0106638.JPG,NACTI : unknown,NACTI : archbold_FL-16,-1,wild boar,,6,train
https://storage.googleapis.com/public-datasets-lila/nacti-unzipped/part1/sub109/CA-46_11_02_2015_CA-46_0010069.jpg,NACTI : CA-46_11_02_2015_CA-46_0010069.jpg,NACTI : unknown,NACTI : lebec_CA-46,-1,wild boar,,6,train
https://storage.googleapis.com/public-datasets-lila/nacti-unzipped/part0/sub042/CA-08_09_17_2015_CA-08_0005670.jpg,NACTI : CA-08_09_17_2015_CA-08_0005670.jpg,NACTI : unknown,NACTI : lebec_CA-08,-1,wild boar,,6,train
https://storage.googleapis.com/public-datasets-lila/nacti-unzipped/part2/sub281/FL-38_05_03_2016_FL-38_0032671.JPG,NACTI : FL-38_05_03_2016_FL-38_0032671.JPG,NACTI : unknown,NACTI : archbold_FL-38,-1,wild boar,,6,train
https://storage.googleapis.com/public-datasets-lila/nacti-unzipped/part2/sub285/FL-40_11_03_2015_FL-40_0002127.jpg,NACTI : FL-40_11_03_2015_FL-40_0002127.jpg,NACTI : unknown,NACTI : archbold_FL-40,-1,wild boar,,6,train
https://storage.googleapis.com/public-datasets-lila/nacti-unzipped/part1/sub105/CA-44_04_30_2015_CA-44_0000404.jpg,NACTI : CA-44_04_30_2015_CA-44_0000404.jpg,NACTI : unknown,NACTI : lebec_CA-44,-1,wild boar,,6,val
https://storage.googleapis.com/public-datasets-lila/nacti-unzipped/part2/sub284/FL-40_06_03_2016_FL-40_0019166.JPG,NACTI : FL-40_06_03_2016_FL-40_0019166.JPG,NACTI : unknown,NACTI : archbold_FL-40,-1,wild boar,,6,train
https://storage.googleapis.com/public-datasets-lila/nacti-unzipped/part2/sub232/FL-23_12_08_2015_FL-23_0016641.jpg,NACTI : FL-23_12_08_2015_FL-23_0016641.jpg,NACTI : unknown,NACTI : archbold_FL-23,-1,wild boar,,6,train
https://storage.googleapis.com/public-datasets-lila/wcs-unzipped/animals/0410/1161.jpg,WCS Camera Traps : 5cc77ab6-92d5-11e9-8a9c-000d3a74c7de,WCS Camera Traps : idn-003-d0208-99,WCS Camera Traps : 2892,2,wild boar,10-18-2010 12:39:17,6,train
https://storage.googleapis.com/public-datasets-lila/nacti-unzipped/part1/sub193/FL-16_06_02_2015_FL-16_0037545.jpg,NACTI : FL-16_06_02_2015_FL-16_0037545.jpg,NACTI : unknown,NACTI : archbold_FL-16,-1,wild boar,,6,train
https://storage.googleapis.com/public-datasets-lila/nacti-unzipped/part0/sub059/CA-20_02_11_2016_CA-20_0012986.jpg,NACTI : CA-20_02_11_2016_CA-20_0012986.jpg,NACTI : unknown,NACTI : lebec_CA-20,-1,wild boar,,6,train
https://storage.googleapis.com/public-datasets-lila/nacti-unzipped/part1/sub134/FL-05_08_02_2016_FL-05_0043512.JPG,NACTI : FL-05_08_02_2016_FL-05_0043512.JPG,NACTI : unknown,NACTI : archbold_FL-05,-1,wild boar,,6,train
https://storage.googleapis.com/public-datasets-lila/nacti-unzipped/part2/sub223/FL-22_06_02_2015_FL-22_0022053.jpg,NACTI : FL-22_06_02_2015_FL-22_0022053.jpg,NACTI : unknown,NACTI : archbold_FL-22,-1,wild boar,,6,train
https://storage.googleapis.com/public-datasets-lila/nacti-unzipped/part0/sub092/CA-37_12_01_2015_CA-37_0021556.jpg,NACTI : CA-37_12_01_2015_CA-37_0021556.jpg,NACTI : unknown,NACTI : lebec_CA-37,-1,wild boar,,6,train
https://storage.googleapis.com/public-datasets-lila/nacti-unzipped/part2/sub279/FL-37_10_01_2015_FL-37_0000059.jpg,NACTI : FL-37_10_01_2015_FL-37_0000059.jpg,NACTI : unknown,NACTI : archbold_FL-37,-1,wild boar,,6,train
https://storage.googleapis.com/public-datasets-lila/nacti-unzipped/part0/sub042/CA-08_09_17_2015_CA-08_0005654.jpg,NACTI : CA-08_09_17_2015_CA-08_0005654.jpg,NACTI : unknown,NACTI : lebec_CA-08,-1,wild boar,,6,train
https://storage.googleapis.com/public-datasets-lila/nacti-unzipped/part2/sub289/FL-42_11_03_2015_FL-42_0003066.jpg,NACTI : FL-42_11_03_2015_FL-42_0003066.jpg,NACTI : unknown,NACTI : archbold_FL-42,-1,wild boar,,6,train
https://storage.googleapis.com/public-datasets-lila/nacti-unzipped/part2/sub221/FL-22_05_02_2016_FL-22_0100236.JPG,NACTI : FL-22_05_02_2016_FL-22_0100236.JPG,NACTI : unknown,NACTI : archbold_FL-22,-1,wild boar,,6,train
https://storage.googleapis.com/public-datasets-lila/nacti-unzipped/part0/sub092/CA-38_01_27_2016_CA-38_0025380.jpg,NACTI : CA-38_01_27_2016_CA-38_0025380.jpg,NACTI : unknown,NACTI : lebec_CA-38,-1,wild boar,,6,val
https://storage.googleapis.com/public-datasets-lila/nacti-unzipped/part2/sub283/FL-39_01_23_2016_FL-39_0004692.jpg,NACTI : FL-39_01_23_2016_FL-39_0004692.jpg,NACTI : unknown,NACTI : archbold_FL-39,-1,wild boar,,6,test
https://storage.googleapis.com/public-datasets-lila/nacti-unzipped/part1/sub190/FL-16_04_05_2016_FL-16_0114580.JPG,NACTI : FL-16_04_05_2016_FL-16_0114580.JPG,NACTI : unknown,NACTI : archbold_FL-16,-1,wild boar,,6,train
https://storage.googleapis.com/public-datasets-lila/nacti-unzipped/part2/sub290/FL-43_11_03_2015_FL-43_0001763.jpg,NACTI : FL-43_11_03_2015_FL-43_0001763.jpg,NACTI : unknown,NACTI : archbold_FL-43,-1,wild boar,,6,train
https://storage.googleapis.com/public-datasets-lila/nacti-unzipped/part1/sub100/CA-41_09_16_2015_CA-41_0017742.jpg,NACTI : CA-41_09_16_2015_CA-41_0017742.jpg,NACTI : unknown,NACTI : lebec_CA-41,-1,wild boar,,6,train
https://storage.googleapis.com/public-datasets-lila/nacti-unzipped/part1/sub179/FL-13_05_02_2016_FL-13_0078662.JPG,NACTI : FL-13_05_02_2016_FL-13_0078662.JPG,NACTI : unknown,NACTI : archbold_FL-13,-1,wild boar,,6,val
https://storage.googleapis.com/public-datasets-lila/nacti-unzipped/part1/sub101/CA-42_08_04_2015_CA-42_0009180.jpg,NACTI : CA-42_08_04_2015_CA-42_0009180.jpg,NACTI : unknown,NACTI : lebec_CA-42,-1,wild boar,,6,train
https://storage.googleapis.com/public-datasets-lila/nacti-unzipped/part0/sub042/CA-08_09_17_2015_CA-08_0005315.jpg,NACTI : CA-08_09_17_2015_CA-08_0005315.jpg,NACTI : unknown,NACTI : lebec_CA-08,-1,wild boar,,6,train
https://storage.googleapis.com/public-datasets-lila/nacti-unzipped/part2/sub232/FL-23_11_02_2015_FL-23_0015429.jpg,NACTI : FL-23_11_02_2015_FL-23_0015429.jpg,NACTI : unknown,NACTI : archbold_FL-23,-1,wild boar,,6,train
https://storage.googleapis.com/public-datasets-lila/nacti-unzipped/part2/sub283/FL-39_03_08_2016_FL-39_0006631.JPG,NACTI : FL-39_03_08_2016_FL-39_0006631.JPG,NACTI : unknown,NACTI : archbold_FL-39,-1,wild boar,,6,test
https://storage.googleapis.com/public-datasets-lila/nacti-unzipped/part1/sub108/CA-46_03_30_2015_CA-46_0000759.jpg,NACTI : CA-46_03_30_2015_CA-46_0000759.jpg,NACTI : unknown,NACTI : lebec_CA-46,-1,wild boar,,6,train
https://storage.googleapis.com/public-datasets-lila/nacti-unzipped/part0/sub039/CA-06_09_08_2016_CA-06_0017828.JPG,NACTI : CA-06_09_08_2016_CA-06_0017828.JPG,NACTI : unknown,NACTI : lebec_CA-06,-1,wild boar,,6,val
https://storage.googleapis.com/public-datasets-lila/nacti-unzipped/part2/sub237/FL-25_03_07_2016_FL-25_0020581.JPG,NACTI : FL-25_03_07_2016_FL-25_0020581.JPG,NACTI : unknown,NACTI : archbold_FL-25,-1,wild boar,,6,train
https://storage.googleapis.com/public-datasets-lila/nacti-unzipped/part2/sub283/FL-39_03_08_2016_FL-39_0006373.JPG,NACTI : FL-39_03_08_2016_FL-39_0006373.JPG,NACTI : unknown,NACTI : archbold_FL-39,-1,wild boar,,6,test
https://storage.googleapis.com/public-datasets-lila/nacti-unzipped/part2/sub242/FL-27_06_02_2016_FL-27_0060675.JPG,NACTI : FL-27_06_02_2016_FL-27_0060675.JPG,NACTI : unknown,NACTI : archbold_FL-27,-1,wild boar,,6,train
https://storage.googleapis.com/public-datasets-lila/nacti-unzipped/part0/sub038/CA-05_08_12_2015_CA-05_0001461.jpg,NACTI : CA-05_08_12_2015_CA-05_0001461.jpg,NACTI : unknown,NACTI : lebec_CA-05,-1,wild boar,,6,train
https://storage.googleapis.com/public-datasets-lila/nacti-unzipped/part0/sub061/CA-20_08_10_2016_CA-20_0024818.JPG,NACTI : CA-20_08_10_2016_CA-20_0024818.JPG,NACTI : unknown,NACTI : lebec_CA-20,-1,wild boar,,6,train
https://storage.googleapis.com/public-datasets-lila/nacti-unzipped/part1/sub126/FL-03_06_30_2015_FL-03_0019858.jpg,NACTI : FL-03_06_30_2015_FL-03_0019858.jpg,NACTI : unknown,NACTI : archbold_FL-03,-1,wild boar,,6,train
https://storage.googleapis.com/public-datasets-lila/nacti-unzipped/part1/sub198/FL-16_07_06_2016_FL-16_0139793.JPG,NACTI : FL-16_07_06_2016_FL-16_0139793.JPG,NACTI : unknown,NACTI : archbold_FL-16,-1,wild boar,,6,train
https://storage.googleapis.com/public-datasets-lila/nacti-unzipped/part0/sub039/CA-06_09_14_2015_CA-06_0007961.jpg,NACTI : CA-06_09_14_2015_CA-06_0007961.jpg,NACTI : unknown,NACTI : lebec_CA-06,-1,wild boar,,6,val
https://storage.googleapis.com/public-datasets-lila/nacti-unzipped/part1/sub189/FL-16_01_21_2016_FL-16_0102499.jpg,NACTI : FL-16_01_21_2016_FL-16_0102499.jpg,NACTI : unknown,NACTI : archbold_FL-16,-1,wild boar,,6,train
https://storage.googleapis.com/public-datasets-lila/nacti-unzipped/part2/sub269/FL-33_09_07_2016_FL-33_0026901.JPG,NACTI : FL-33_09_07_2016_FL-33_0026901.JPG,NACTI : unknown,NACTI : archbold_FL-33,-1,wild boar,,6,test
https://storage.googleapis.com/public-datasets-lila/nacti-unzipped/part0/sub047/CA-12_08_10_2016_CA-12_0013643.JPG,NACTI : CA-12_08_10_2016_CA-12_0013643.JPG,NACTI : unknown,NACTI : lebec_CA-12,-1,wild boar,,6,train
https://storage.googleapis.com/public-datasets-lila/nacti-unzipped/part2/sub242/FL-27_06_02_2015_FL-27_0008986.jpg,NACTI : FL-27_06_02_2015_FL-27_0008986.jpg,NACTI : unknown,NACTI : archbold_FL-27,-1,wild boar,,6,train
https://storage.googleapis.com/public-datasets-lila/nacti-unzipped/part1/sub196/FL-16_06_02_2016_FL-16_0136217.JPG,NACTI : FL-16_06_02_2016_FL-16_0136217.JPG,NACTI : unknown,NACTI : archbold_FL-16,-1,wild boar,,6,train
https://storage.googleapis.com/public-datasets-lila/nacti-unzipped/part0/sub077/CA-29_09_06_2016_CA-29_0047043.JPG,NACTI : CA-29_09_06_2016_CA-29_0047043.JPG,NACTI : unknown,NACTI : lebec_CA-29,-1,wild boar,,6,train
https://storage.googleapis.com/public-datasets-lila/nacti-unzipped/part1/sub123/FL-02_11_02_2015_FL-02_0050977.jpg,NACTI : FL-02_11_02_2015_FL-02_0050977.jpg,NACTI : unknown,NACTI : archbold_FL-02,-1,wild boar,,6,train
https://storage.googleapis.com/public-datasets-lila/nacti-unzipped/part1/sub198/FL-16_09_03_2015_FL-16_0090434.jpg,NACTI : FL-16_09_03_2015_FL-16_0090434.jpg,NACTI : unknown,NACTI : archbold_FL-16,-1,wild boar,,6,train
https://storage.googleapis.com/public-datasets-lila/nacti-unzipped/part0/sub088/CA-34_08_04_2015_CA-34_0017580.jpg,NACTI : CA-34_08_04_2015_CA-34_0017580.jpg,NACTI : unknown,NACTI : lebec_CA-34,-1,wild boar,,6,train
https://storage.googleapis.com/public-datasets-lila/nacti-unzipped/part1/sub189/FL-15_09_01_2016_FL-15_0021766.JPG,NACTI : FL-15_09_01_2016_FL-15_0021766.JPG,NACTI : unknown,NACTI : archbold_FL-15,-1,wild boar,,6,test
https://storage.googleapis.com/public-datasets-lila/missouricameratraps/images/Set1/1.59-Wild_Boar/SEQ80216/SEQ80216_IMG_0013.JPG,Missouri Camera Traps : 97cb0892-5c15-11ee-8d73-04421a1b1283,Missouri Camera Traps : SEQ80216,Missouri Camera Traps : missouri_camera_traps,1,wild boar,,6,train
https://storage.googleapis.com/public-datasets-lila/nacti-unzipped/part0/sub040/CA-06_11_03_2016_CA-06_0019493.JPG,NACTI : CA-06_11_03_2016_CA-06_0019493.JPG,NACTI : unknown,NACTI : lebec_CA-06,-1,wild boar,,6,val
https://storage.googleapis.com/public-datasets-lila/nacti-unzipped/part1/sub189/FL-15_09_01_2016_FL-15_0021956.JPG,NACTI : FL-15_09_01_2016_FL-15_0021956.JPG,NACTI : unknown,NACTI : archbold_FL-15,-1,wild boar,,6,test
https://storage.googleapis.com/public-datasets-lila/nacti-unzipped/part1/sub198/FL-16_11_02_2015_FL-16_0096635.jpg,NACTI : FL-16_11_02_2015_FL-16_0096635.jpg,NACTI : unknown,NACTI : archbold_FL-16,-1,wild boar,,6,train
https://storage.googleapis.com/public-datasets-lila/nacti-unzipped/part1/sub129/FL-04_06_02_2016_FL-04_0021347.JPG,NACTI : FL-04_06_02_2016_FL-04_0021347.JPG,NACTI : unknown,NACTI : archbold_FL-04,-1,wild boar,,6,test
https://storage.googleapis.com/public-datasets-lila/nacti-unzipped/part1/sub189/FL-15_10_01_2015_FL-15_0009108.jpg,NACTI : FL-15_10_01_2015_FL-15_0009108.jpg,NACTI : unknown,NACTI : archbold_FL-15,-1,wild boar,,6,test
https://storage.googleapis.com/public-datasets-lila/wcs-unzipped/animals/0400/1741.jpg,WCS Camera Traps : 593ffc12-92d5-11e9-8167-000d3a74c7de,WCS Camera Traps : idn-003-d0025-13,WCS Camera Traps : 2849,1,wild boar,04-11-2010 09:51:42,6,train
https://storage.googleapis.com/public-datasets-lila/nacti-unzipped/part0/sub098/CA-41_08_04_2015_CA-41_0004378.jpg,NACTI : CA-41_08_04_2015_CA-41_0004378.jpg,NACTI : unknown,NACTI : lebec_CA-41,-1,wild boar,,6,train
https://storage.googleapis.com/public-datasets-lila/nacti-unzipped/part1/sub134/FL-05_11_02_2015_FL-05_0024849.jpg,NACTI : FL-05_11_02_2015_FL-05_0024849.jpg,NACTI : unknown,NACTI : archbold_FL-05,-1,wild boar,,6,train
https://storage.googleapis.com/public-datasets-lila/nacti-unzipped/part1/sub104/CA-43_08_12_2015_CA-43_0002914.jpg,NACTI : CA-43_08_12_2015_CA-43_0002914.jpg,NACTI : unknown,NACTI : lebec_CA-43,-1,wild boar,,6,val
https://storage.googleapis.com/public-datasets-lila/nacti-unzipped/part1/sub174/FL-12_05_26_2016_FL-12_0048336.JPG,NACTI : FL-12_05_26_2016_FL-12_0048336.JPG,NACTI : unknown,NACTI : archbold_FL-12,-1,wild boar,,6,val
https://storage.googleapis.com/public-datasets-lila/nacti-unzipped/part2/sub284/FL-40_05_03_2016_FL-40_0017736.JPG,NACTI : FL-40_05_03_2016_FL-40_0017736.JPG,NACTI : unknown,NACTI : archbold_FL-40,-1,wild boar,,6,train
https://storage.googleapis.com/public-datasets-lila/nacti-unzipped/part1/sub106/CA-44_08_12_2015_CA-44_0002364.jpg,NACTI : CA-44_08_12_2015_CA-44_0002364.jpg,NACTI : unknown,NACTI : lebec_CA-44,-1,wild boar,,6,val
https://storage.googleapis.com/public-datasets-lila/missouricameratraps/images/Set1/1.59-Wild_Boar/SEQ76695/SEQ76695_IMG_0029.JPG,Missouri Camera Traps : 97e78d5a-5c15-11ee-8d73-04421a1b1283,Missouri Camera Traps : SEQ76695,Missouri Camera Traps : missouri_camera_traps,21,wild boar,,6,train
https://storage.googleapis.com/public-datasets-lila/nacti-unzipped/part2/sub218/FL-21_07_29_2015_FL-21_0006827.jpg,NACTI : FL-21_07_29_2015_FL-21_0006827.jpg,NACTI : unknown,NACTI : archbold_FL-21,-1,wild boar,,6,test
https://storage.googleapis.com/public-datasets-lila/nacti-unzipped/part1/sub193/FL-16_06_02_2015_FL-16_0032530.jpg,NACTI : FL-16_06_02_2015_FL-16_0032530.jpg,NACTI : unknown,NACTI : archbold_FL-16,-1,wild boar,,6,train
https://storage.googleapis.com/public-datasets-lila/nacti-unzipped/part0/sub055/CA-17_10_06_2016_CA-17_0048163.JPG,NACTI : CA-17_10_06_2016_CA-17_0048163.JPG,NACTI : unknown,NACTI : lebec_CA-17,-1,wild boar,,6,train
https://storage.googleapis.com/public-datasets-lila/nacti-unzipped/part0/sub065/CA-23_08_13_2015_CA-23_0013087.jpg,NACTI : CA-23_08_13_2015_CA-23_0013087.jpg,NACTI : unknown,NACTI : lebec_CA-23,-1,wild boar,,6,train
https://storage.googleapis.com/public-datasets-lila/nacti-unzipped/part0/sub061/CA-20_08_10_2016_CA-20_0024820.JPG,NACTI : CA-20_08_10_2016_CA-20_0024820.JPG,NACTI : unknown,NACTI : lebec_CA-20,-1,wild boar,,6,train
https://storage.googleapis.com/public-datasets-lila/nacti-unzipped/part1/sub106/CA-44_08_12_2015_CA-44_0001953.jpg,NACTI : CA-44_08_12_2015_CA-44_0001953.jpg,NACTI : unknown,NACTI : lebec_CA-44,-1,wild boar,,6,val
https://storage.googleapis.com/public-datasets-lila/nacti-unzipped/part2/sub283/FL-39_03_08_2016_FL-39_0007139.JPG,NACTI : FL-39_03_08_2016_FL-39_0007139.JPG,NACTI : unknown,NACTI : archbold_FL-39,-1,wild boar,,6,test
https://storage.googleapis.com/public-datasets-lila/nacti-unzipped/part1/sub189/FL-16_01_21_2016_FL-16_0101594.jpg,NACTI : FL-16_01_21_2016_FL-16_0101594.jpg,NACTI : unknown,NACTI : archbold_FL-16,-1,wild boar,,6,train
https://storage.googleapis.com/public-datasets-lila/nacti-unzipped/part1/sub131/FL-05_03_04_2016_FL-05_0031737.JPG,NACTI : FL-05_03_04_2016_FL-05_0031737.JPG,NACTI : unknown,NACTI : archbold_FL-05,-1,wild boar,,6,train
https://storage.googleapis.com/public-datasets-lila/nacti-unzipped/part2/sub279/FL-37_09_08_2016_FL-37_0029014.JPG,NACTI : FL-37_09_08_2016_FL-37_0029014.JPG,NACTI : unknown,NACTI : archbold_FL-37,-1,wild boar,,6,train
https://storage.googleapis.com/public-datasets-lila/nacti-unzipped/part2/sub290/TAG-TC01_09_21_2015_TAG-TC01_0000827.JPG,NACTI : TAG-TC01_09_21_2015_TAG-TC01_0000827.JPG,NACTI : unknown,NACTI : lebec_TAG-TC01,-1,wild boar,,6,train
https://storage.googleapis.com/public-datasets-lila/nacti-unzipped/part2/sub245/FL-27_10_01_2015_FL-27_0036174.jpg,NACTI : FL-27_10_01_2015_FL-27_0036174.jpg,NACTI : unknown,NACTI : archbold_FL-27,-1,wild boar,,6,train
https://storage.googleapis.com/public-datasets-lila/nacti-unzipped/part0/sub041/CA-08_08_04_2015_CA-08_0003282.jpg,NACTI : CA-08_08_04_2015_CA-08_0003282.jpg,NACTI : unknown,NACTI : lebec_CA-08,-1,wild boar,,6,train
https://storage.googleapis.com/public-datasets-lila/nacti-unzipped/part1/sub193/FL-16_06_02_2015_FL-16_0032872.jpg,NACTI : FL-16_06_02_2015_FL-16_0032872.jpg,NACTI : unknown,NACTI : archbold_FL-16,-1,wild boar,,6,train
https://storage.googleapis.com/public-datasets-lila/nacti-unzipped/part2/sub219/FL-22_01_21_2016_FL-22_0078375.jpg,NACTI : FL-22_01_21_2016_FL-22_0078375.jpg,NACTI : unknown,NACTI : archbold_FL-22,-1,wild boar,,6,train
https://storage.googleapis.com/public-datasets-lila/nacti-unzipped/part2/sub265/FL-31_07_29_2015_FL-31_0020641.jpg,NACTI : FL-31_07_29_2015_FL-31_0020641.jpg,NACTI : unknown,NACTI : archbold_FL-31,-1,wild boar,,6,test
https://storage.googleapis.com/public-datasets-lila/nacti-unzipped/part0/sub038/CA-06_04_01_2015_CA-06_0000952.jpg,NACTI : CA-06_04_01_2015_CA-06_0000952.jpg,NACTI : unknown,NACTI : lebec_CA-06,-1,wild boar,,6,val
https://storage.googleapis.com/public-datasets-lila/nacti-unzipped/part0/sub039/CA-06_08_10_2016_CA-06_0015567.JPG,NACTI : CA-06_08_10_2016_CA-06_0015567.JPG,NACTI : unknown,NACTI : lebec_CA-06,-1,wild boar,,6,val
https://storage.googleapis.com/public-datasets-lila/nacti-unzipped/part1/sub196/FL-16_06_30_2015_FL-16_0060958.jpg,NACTI : FL-16_06_30_2015_FL-16_0060958.jpg,NACTI : unknown,NACTI : archbold_FL-16,-1,wild boar,,6,train
https://storage.googleapis.com/public-datasets-lila/nacti-unzipped/part2/sub283/FL-39_06_03_2016_FL-39_0009943.JPG,NACTI : FL-39_06_03_2016_FL-39_0009943.JPG,NACTI : unknown,NACTI : archbold_FL-39,-1,wild boar,,6,test
https://storage.googleapis.com/public-datasets-lila/nacti-unzipped/part0/sub085/CA-33_08_04_2015_CA-33_0012487.jpg,NACTI : CA-33_08_04_2015_CA-33_0012487.jpg,NACTI : unknown,NACTI : lebec_CA-33,-1,wild boar,,6,train
https://storage.googleapis.com/public-datasets-lila/nacti-unzipped/part2/sub239/FL-26_06_02_2016_FL-26_0028197.JPG,NACTI : FL-26_06_02_2016_FL-26_0028197.JPG,NACTI : unknown,NACTI : archbold_FL-26,-1,wild boar,,6,train
https://storage.googleapis.com/public-datasets-lila/nacti-unzipped/part0/sub055/CA-17_09_18_2015_CA-17_0025274.jpg,NACTI : CA-17_09_18_2015_CA-17_0025274.jpg,NACTI : unknown,NACTI : lebec_CA-17,-1,wild boar,,6,train
https://storage.googleapis.com/public-datasets-lila/nacti-unzipped/part0/sub041/CA-08_03_09_2015_CA-08_0000562.jpg,NACTI : CA-08_03_09_2015_CA-08_0000562.jpg,NACTI : unknown,NACTI : lebec_CA-08,-1,wild boar,,6,train
https://storage.googleapis.com/public-datasets-lila/nacti-unzipped/part1/sub107/CA-44_09_11_2015_CA-44_0007034.jpg,NACTI : CA-44_09_11_2015_CA-44_0007034.jpg,NACTI : unknown,NACTI : lebec_CA-44,-1,wild boar,,6,val
https://storage.googleapis.com/public-datasets-lila/nacti-unzipped/part2/sub245/FL-27_10_01_2015_FL-27_0036178.jpg,NACTI : FL-27_10_01_2015_FL-27_0036178.jpg,NACTI : unknown,NACTI : archbold_FL-27,-1,wild boar,,6,train
https://storage.googleapis.com/public-datasets-lila/nacti-unzipped/part1/sub189/FL-16_01_21_2016_FL-16_0103572.jpg,NACTI : FL-16_01_21_2016_FL-16_0103572.jpg,NACTI : unknown,NACTI : archbold_FL-16,-1,wild boar,,6,train
https://storage.googleapis.com/public-datasets-lila/nacti-unzipped/part0/sub088/CA-34_08_05_2016_CA-34_0029134.JPG,NACTI : CA-34_08_05_2016_CA-34_0029134.JPG,NACTI : unknown,NACTI : lebec_CA-34,-1,wild boar,,6,train
https://storage.googleapis.com/public-datasets-lila/nacti-unzipped/part2/sub277/FL-37_03_08_2016_FL-37_0008964.JPG,NACTI : FL-37_03_08_2016_FL-37_0008964.JPG,NACTI : unknown,NACTI : archbold_FL-37,-1,wild boar,,6,train
https://storage.googleapis.com/public-datasets-lila/nacti-unzipped/part0/sub063/CA-22_09_07_2016_CA-22_0020830.JPG,NACTI : CA-22_09_07_2016_CA-22_0020830.JPG,NACTI : unknown,NACTI : lebec_CA-22,-1,wild boar,,6,train
https://storage.googleapis.com/public-datasets-lila/nacti-unzipped/part0/sub077/CA-29_09_06_2016_CA-29_0047277.JPG,NACTI : CA-29_09_06_2016_CA-29_0047277.JPG,NACTI : unknown,NACTI : lebec_CA-29,-1,wild boar,,6,train
https://storage.googleapis.com/public-datasets-lila/missouricameratraps/images/Set1/1.59-Wild_Boar/SEQ80216/SEQ80216_IMG_0003.JPG,Missouri Camera Traps : 97cb3114-5c15-11ee-8d73-04421a1b1283,Missouri Camera Traps : SEQ80216,Missouri Camera Traps : missouri_camera_traps,9,wild boar,,6,train
https://storage.googleapis.com/public-datasets-lila/nacti-unzipped/part1/sub170/FL-11_01_20_2016_FL-11_0016575.jpg,NACTI : FL-11_01_20_2016_FL-11_0016575.jpg,NACTI : unknown,NACTI : archbold_FL-11,-1,wild boar,,6,train
https://storage.googleapis.com/public-datasets-lila/nacti-unzipped/part1/sub104/CA-44_01_27_2016_CA-44_0008192.jpg,NACTI : CA-44_01_27_2016_CA-44_0008192.jpg,NACTI : unknown,NACTI : lebec_CA-44,-1,wild boar,,6,val
https://storage.googleapis.com/public-datasets-lila/nacti-unzipped/part0/sub088/CA-34_08_05_2016_CA-34_0029072.JPG,NACTI : CA-34_08_05_2016_CA-34_0029072.JPG,NACTI : unknown,NACTI : lebec_CA-34,-1,wild boar,,6,train
https://storage.googleapis.com/public-datasets-lila/missouricameratraps/images/Set1/1.59-Wild_Boar/SEQ76987/SEQ76987_IMG_0024.JPG,Missouri Camera Traps : 97e8a316-5c15-11ee-8d73-04421a1b1283,Missouri Camera Traps : SEQ76987,Missouri Camera Traps : missouri_camera_traps,7,wild boar,,6,train
https://storage.googleapis.com/public-datasets-lila/nacti-unzipped/part1/sub171/FL-11_09_02_2015_FL-11_0012218.jpg,NACTI : FL-11_09_02_2015_FL-11_0012218.jpg,NACTI : unknown,NACTI : archbold_FL-11,-1,wild boar,,6,train
https://storage.googleapis.com/public-datasets-lila/nacti-unzipped/part0/sub099/CA-41_09_02_2016_CA-41_0026707.JPG,NACTI : CA-41_09_02_2016_CA-41_0026707.JPG,NACTI : unknown,NACTI : lebec_CA-41,-1,wild boar,,6,train
https://storage.googleapis.com/public-datasets-lila/nacti-unzipped/part1/sub197/FL-16_06_30_2015_FL-16_0076557.jpg,NACTI : FL-16_06_30_2015_FL-16_0076557.jpg,NACTI : unknown,NACTI : archbold_FL-16,-1,wild boar,,6,train
https://storage.googleapis.com/public-datasets-lila/nacti-unzipped/part2/sub245/FL-27_09_03_2015_FL-27_0034105.jpg,NACTI : FL-27_09_03_2015_FL-27_0034105.jpg,NACTI : unknown,NACTI : archbold_FL-27,-1,wild boar,,6,train
https://storage.googleapis.com/public-datasets-lila/nacti-unzipped/part2/sub232/FL-23_11_02_2015_FL-23_0014020.jpg,NACTI : FL-23_11_02_2015_FL-23_0014020.jpg,NACTI : unknown,NACTI : archbold_FL-23,-1,wild boar,,6,train
https://storage.googleapis.com/public-datasets-lila/nacti-unzipped/part2/sub285/FL-40_09_09_2016_FL-40_0027807.JPG,NACTI : FL-40_09_09_2016_FL-40_0027807.JPG,NACTI : unknown,NACTI : archbold_FL-40,-1,wild boar,,6,train
https://storage.googleapis.com/public-datasets-lila/nacti-unzipped/part2/sub239/FL-26_01_21_2016_FL-26_0024750.jpg,NACTI : FL-26_01_21_2016_FL-26_0024750.jpg,NACTI : unknown,NACTI : archbold_FL-26,-1,wild boar,,6,train
https://storage.googleapis.com/public-datasets-lila/nacti-unzipped/part0/sub050/CA-16_10_08_2015_CA-16_0001789.jpg,NACTI : CA-16_10_08_2015_CA-16_0001789.jpg,NACTI : unknown,NACTI : lebec_CA-16,-1,wild boar,,6,train
https://storage.googleapis.com/public-datasets-lila/wcs-unzipped/animals/0326/1134.jpg,WCS Camera Traps : 3e4ef134-92d5-11e9-bfad-000d3a74c7de,WCS Camera Traps : idn-001-d0111-32,WCS Camera Traps : 1878,1,wild boar,03-20-2000 16:00:00,6,train
https://storage.googleapis.com/public-datasets-lila/nacti-unzipped/part0/sub077/CA-29_09_18_2015_CA-29_0027940.jpg,NACTI : CA-29_09_18_2015_CA-29_0027940.jpg,NACTI : unknown,NACTI : lebec_CA-29,-1,wild boar,,6,train
https://storage.googleapis.com/public-datasets-lila/nacti-unzipped/part2/sub284/FL-40_07_06_2016_FL-40_0021471.JPG,NACTI : FL-40_07_06_2016_FL-40_0021471.JPG,NACTI : unknown,NACTI : archbold_FL-40,-1,wild boar,,6,train
https://storage.googleapis.com/public-datasets-lila/nacti-unzipped/part1/sub100/CA-41_10_06_2016_CA-41_0027268.JPG,NACTI : CA-41_10_06_2016_CA-41_0027268.JPG,NACTI : unknown,NACTI : lebec_CA-41,-1,wild boar,,6,train
https://storage.googleapis.com/public-datasets-lila/nacti-unzipped/part0/sub093/CA-38_04_02_2015_CA-38_0004787.jpg,NACTI : CA-38_04_02_2015_CA-38_0004787.jpg,NACTI : unknown,NACTI : lebec_CA-38,-1,wild boar,,6,val
https://storage.googleapis.com/public-datasets-lila/nacti-unzipped/part0/sub050/CA-16_07_01_2016_CA-16_0003248.JPG,NACTI : CA-16_07_01_2016_CA-16_0003248.JPG,NACTI : unknown,NACTI : lebec_CA-16,-1,wild boar,,6,train
https://storage.googleapis.com/public-datasets-lila/nacti-unzipped/part2/sub236/FL-24_11_02_2015_FL-24_0044568.jpg,NACTI : FL-24_11_02_2015_FL-24_0044568.jpg,NACTI : unknown,NACTI : archbold_FL-24,-1,wild boar,,6,train
https://storage.googleapis.com/public-datasets-lila/nacti-unzipped/part0/sub055/CA-17_11_08_2016_CA-17_0049850.JPG,NACTI : CA-17_11_08_2016_CA-17_0049850.JPG,NACTI : unknown,NACTI : lebec_CA-17,-1,wild boar,,6,train
https://storage.googleapis.com/public-datasets-lila/nacti-unzipped/part0/sub049/CA-14_08_12_2015_CA-14_0003367.jpg,NACTI : CA-14_08_12_2015_CA-14_0003367.jpg,NACTI : unknown,NACTI : lebec_CA-14,-1,wild boar,,6,train
https://storage.googleapis.com/public-datasets-lila/nacti-unzipped/part0/sub045/CA-11_04_06_2016_CA-11_0009385.JPG,NACTI : CA-11_04_06_2016_CA-11_0009385.JPG,NACTI : unknown,NACTI : lebec_CA-11,-1,wild boar,,6,train
https://storage.googleapis.com/public-datasets-lila/nacti-unzipped/part2/sub283/FL-40_01_23_2016_FL-40_0006062.jpg,NACTI : FL-40_01_23_2016_FL-40_0006062.jpg,NACTI : unknown,NACTI : archbold_FL-40,-1,wild boar,,6,train
https://storage.googleapis.com/public-datasets-lila/nacti-unzipped/part0/sub095/CA-39_03_03_2016_CA-39_0011500.JPG,NACTI : CA-39_03_03_2016_CA-39_0011500.JPG,NACTI : unknown,NACTI : lebec_CA-39,-1,wild boar,,6,train
https://storage.googleapis.com/public-datasets-lila/nacti-unzipped/part2/sub277/FL-37_03_08_2016_FL-37_0007555.JPG,NACTI : FL-37_03_08_2016_FL-37_0007555.JPG,NACTI : unknown,NACTI : archbold_FL-37,-1,wild boar,,6,train
https://storage.googleapis.com/public-datasets-lila/nacti-unzipped/part1/sub178/FL-12_12_08_2015_FL-12_0021012.jpg,NACTI : FL-12_12_08_2015_FL-12_0021012.jpg,NACTI : unknown,NACTI : archbold_FL-12,-1,wild boar,,6,val
https://storage.googleapis.com/public-datasets-lila/nacti-unzipped/part0/sub082/CA-30_10_03_2016_CA-30_0060214.JPG,NACTI : CA-30_10_03_2016_CA-30_0060214.JPG,NACTI : unknown,NACTI : lebec_CA-30,-1,wild boar,,6,test
https://storage.googleapis.com/public-datasets-lila/nacti-unzipped/part1/sub198/FL-16_09_03_2015_FL-16_0090853.jpg,NACTI : FL-16_09_03_2015_FL-16_0090853.jpg,NACTI : unknown,NACTI : archbold_FL-16,-1,wild boar,,6,train
https://storage.googleapis.com/public-datasets-lila/wcs-unzipped/animals/0329/0037.jpg,WCS Camera Traps : 3f3161e8-92d5-11e9-b180-000d3a74c7de,WCS Camera Traps : idn-001-d0579-7,WCS Camera Traps : 2254,1,wild boar,05-19-2003 15:02:00,6,train
https://storage.googleapis.com/public-datasets-lila/nacti-unzipped/part2/sub283/FL-39_05_03_2016_FL-39_0008792.JPG,NACTI : FL-39_05_03_2016_FL-39_0008792.JPG,NACTI : unknown,NACTI : archbold_FL-39,-1,wild boar,,6,test
https://storage.googleapis.com/public-datasets-lila/nacti-unzipped/part0/sub082/CA-30_08_03_2015_CA-30_0031020.jpg,NACTI : CA-30_08_03_2015_CA-30_0031020.jpg,NACTI : unknown,NACTI : lebec_CA-30,-1,wild boar,,6,test
https://storage.googleapis.com/public-datasets-lila/nacti-unzipped/part1/sub197/FL-16_06_30_2015_FL-16_0076614.jpg,NACTI : FL-16_06_30_2015_FL-16_0076614.jpg,NACTI : unknown,NACTI : archbold_FL-16,-1,wild boar,,6,train
https://storage.googleapis.com/public-datasets-lila/nacti-unzipped/part2/sub270/FL-34_04_04_2016_FL-34_0008473.JPG,NACTI : FL-34_04_04_2016_FL-34_0008473.JPG,NACTI : unknown,NACTI : archbold_FL-34,-1,wild boar,,6,test
https://storage.googleapis.com/public-datasets-lila/nacti-unzipped/part1/sub131/FL-05_05_02_2016_FL-05_0036455.JPG,NACTI : FL-05_05_02_2016_FL-05_0036455.JPG,NACTI : unknown,NACTI : archbold_FL-05,-1,wild boar,,6,train
https://storage.googleapis.com/public-datasets-lila/nacti-unzipped/part2/sub274/FL-35_09_05_2016_FL-35_0057347.JPG,NACTI : FL-35_09_05_2016_FL-35_0057347.JPG,NACTI : unknown,NACTI : archbold_FL-35,-1,wild boar,,6,val
https://storage.googleapis.com/public-datasets-lila/nacti-unzipped/part1/sub108/CA-46_01_21_2016_CA-46_0011423.jpg,NACTI : CA-46_01_21_2016_CA-46_0011423.jpg,NACTI : unknown,NACTI : lebec_CA-46,-1,wild boar,,6,train
https://storage.googleapis.com/public-datasets-lila/nacti-unzipped/part2/sub277/FL-37_04_04_2016_FL-37_0010696.JPG,NACTI : FL-37_04_04_2016_FL-37_0010696.JPG,NACTI : unknown,NACTI : archbold_FL-37,-1,wild boar,,6,train
https://storage.googleapis.com/public-datasets-lila/nacti-unzipped/part2/sub282/FL-38_11_03_2015_FL-38_0004825.jpg,NACTI : FL-38_11_03_2015_FL-38_0004825.jpg,NACTI : unknown,NACTI : archbold_FL-38,-1,wild boar,,6,train
https://storage.googleapis.com/public-datasets-lila/nacti-unzipped/part2/sub283/FL-39_12_07_2015_FL-39_0001904.jpg,NACTI : FL-39_12_07_2015_FL-39_0001904.jpg,NACTI : unknown,NACTI : archbold_FL-39,-1,wild boar,,6,test
https://storage.googleapis.com/public-datasets-lila/nacti-unzipped/part2/sub281/FL-38_03_07_2016_FL-38_0030012.JPG,NACTI : FL-38_03_07_2016_FL-38_0030012.JPG,NACTI : unknown,NACTI : archbold_FL-38,-1,wild boar,,6,train
https://storage.googleapis.com/public-datasets-lila/nacti-unzipped/part1/sub177/FL-12_08_04_2016_FL-12_0072665.JPG,NACTI : FL-12_08_04_2016_FL-12_0072665.JPG,NACTI : unknown,NACTI : archbold_FL-12,-1,wild boar,,6,val
https://storage.googleapis.com/public-datasets-lila/nacti-unzipped/part2/sub242/FL-27_06_02_2015_FL-27_0008477.jpg,NACTI : FL-27_06_02_2015_FL-27_0008477.jpg,NACTI : unknown,NACTI : archbold_FL-27,-1,wild boar,,6,train
https://storage.googleapis.com/public-datasets-lila/nacti-unzipped/part1/sub196/FL-16_06_30_2015_FL-16_0063672.jpg,NACTI : FL-16_06_30_2015_FL-16_0063672.jpg,NACTI : unknown,NACTI : archbold_FL-16,-1,wild boar,,6,train
https://storage.googleapis.com/public-datasets-lila/nacti-unzipped/part0/sub054/CA-17_08_03_2015_CA-17_0024046.jpg,NACTI : CA-17_08_03_2015_CA-17_0024046.jpg,NACTI : unknown,NACTI : lebec_CA-17,-1,wild boar,,6,train
https://storage.googleapis.com/public-datasets-lila/nacti-unzipped/part1/sub108/CA-46_01_21_2016_CA-46_0011446.jpg,NACTI : CA-46_01_21_2016_CA-46_0011446.jpg,NACTI : unknown,NACTI : lebec_CA-46,-1,wild boar,,6,train
https://storage.googleapis.com/public-datasets-lila/nacti-unzipped/part1/sub198/FL-16_11_02_2015_FL-16_0093784.jpg,NACTI : FL-16_11_02_2015_FL-16_0093784.jpg,NACTI : unknown,NACTI : archbold_FL-16,-1,wild boar,,6,train
https://storage.googleapis.com/public-datasets-lila/nacti-unzipped/part1/sub119/FL-02_06_02_2016_FL-02_0067242.JPG,NACTI : FL-02_06_02_2016_FL-02_0067242.JPG,NACTI : unknown,NACTI : archbold_FL-02,-1,wild boar,,6,train
https://storage.googleapis.com/public-datasets-lila/nacti-unzipped/part0/sub088/CA-34_08_05_2016_CA-34_0028717.JPG,NACTI : CA-34_08_05_2016_CA-34_0028717.JPG,NACTI : unknown,NACTI : lebec_CA-34,-1,wild boar,,6,train
https://storage.googleapis.com/public-datasets-lila/nacti-unzipped/part0/sub084/CA-31_09_10_2015_CA-31_0015333.jpg,NACTI : CA-31_09_10_2015_CA-31_0015333.jpg,NACTI : unknown,NACTI : lebec_CA-31,-1,wild boar,,6,train
https://storage.googleapis.com/public-datasets-lila/nacti-unzipped/part2/sub288/FL-42_01_23_2016_FL-42_0006060.jpg,NACTI : FL-42_01_23_2016_FL-42_0006060.jpg,NACTI : unknown,NACTI : archbold_FL-42,-1,wild boar,,6,train
https://storage.googleapis.com/public-datasets-lila/nacti-unzipped/part1/sub108/CA-46_03_30_2015_CA-46_0001041.jpg,NACTI : CA-46_03_30_2015_CA-46_0001041.jpg,NACTI : unknown,NACTI : lebec_CA-46,-1,wild boar,,6,train
https://storage.googleapis.com/public-datasets-lila/nacti-unzipped/part0/sub088/CA-34_08_05_2016_CA-34_0029071.JPG,NACTI : CA-34_08_05_2016_CA-34_0029071.JPG,NACTI : unknown,NACTI : lebec_CA-34,-1,wild boar,,6,train
https://storage.googleapis.com/public-datasets-lila/nacti-unzipped/part2/sub279/FL-37_08_15_2016_FL-37_0027681.JPG,NACTI : FL-37_08_15_2016_FL-37_0027681.JPG,NACTI : unknown,NACTI : archbold_FL-37,-1,wild boar,,6,train
https://storage.googleapis.com/public-datasets-lila/nacti-unzipped/part0/sub061/CA-20_08_13_2015_CA-20_0001741.jpg,NACTI : CA-20_08_13_2015_CA-20_0001741.jpg,NACTI : unknown,NACTI : lebec_CA-20,-1,wild boar,,6,train
https://storage.googleapis.com/public-datasets-lila/nacti-unzipped/part0/sub088/CA-34_08_04_2015_CA-34_0011294.jpg,NACTI : CA-34_08_04_2015_CA-34_0011294.jpg,NACTI : unknown,NACTI : lebec_CA-34,-1,wild boar,,6,train
https://storage.googleapis.com/public-datasets-lila/nacti-unzipped/part0/sub099/CA-41_09_16_2015_CA-41_0016160.jpg,NACTI : CA-41_09_16_2015_CA-41_0016160.jpg,NACTI : unknown,NACTI : lebec_CA-41,-1,wild boar,,6,train
https://storage.googleapis.com/public-datasets-lila/nacti-unzipped/part2/sub230/FL-22_12_06_2015_FL-22_0077867.jpg,NACTI : FL-22_12_06_2015_FL-22_0077867.jpg,NACTI : unknown,NACTI : archbold_FL-22,-1,wild boar,,6,train
https://storage.googleapis.com/public-datasets-lila/nacti-unzipped/part2/sub217/FL-21_06_02_2016_FL-21_0026956.JPG,NACTI : FL-21_06_02_2016_FL-21_0026956.JPG,NACTI : unknown,NACTI : archbold_FL-21,-1,wild boar,,6,test
https://storage.googleapis.com/public-datasets-lila/nacti-unzipped/part2/sub214/FL-20_06_02_2015_FL-20_0001379.jpg,NACTI : FL-20_06_02_2015_FL-20_0001379.jpg,NACTI : unknown,NACTI : archbold_FL-20,-1,wild boar,,6,train
https://storage.googleapis.com/public-datasets-lila/nacti-unzipped/part2/sub246/FL-27_11_02_2015_FL-27_0040875.jpg,NACTI : FL-27_11_02_2015_FL-27_0040875.jpg,NACTI : unknown,NACTI : archbold_FL-27,-1,wild boar,,6,train
https://storage.googleapis.com/public-datasets-lila/nacti-unzipped/part2/sub218/FL-21_07_29_2015_FL-21_0014441.jpg,NACTI : FL-21_07_29_2015_FL-21_0014441.jpg,NACTI : unknown,NACTI : archbold_FL-21,-1,wild boar,,6,test
https://storage.googleapis.com/public-datasets-lila/nacti-unzipped/part2/sub284/FL-40_07_06_2016_FL-40_0022971.JPG,NACTI : FL-40_07_06_2016_FL-40_0022971.JPG,NACTI : unknown,NACTI : archbold_FL-40,-1,wild boar,,6,train
https://storage.googleapis.com/public-datasets-lila/nacti-unzipped/part1/sub189/FL-16_03_07_2016_FL-16_0107553.JPG,NACTI : FL-16_03_07_2016_FL-16_0107553.JPG,NACTI : unknown,NACTI : archbold_FL-16,-1,wild boar,,6,train
https://storage.googleapis.com/public-datasets-lila/nacti-unzipped/part0/sub059/CA-20_03_10_2015_CA-20_0001180.jpg,NACTI : CA-20_03_10_2015_CA-20_0001180.jpg,NACTI : unknown,NACTI : lebec_CA-20,-1,wild boar,,6,train
https://storage.googleapis.com/public-datasets-lila/nacti-unzipped/part2/sub279/FL-37_10_01_2015_FL-37_0000249.jpg,NACTI : FL-37_10_01_2015_FL-37_0000249.jpg,NACTI : unknown,NACTI : archbold_FL-37,-1,wild boar,,6,train
https://storage.googleapis.com/public-datasets-lila/nacti-unzipped/part0/sub060/CA-20_06_07_2016_CA-20_0022700.JPG,NACTI : CA-20_06_07_2016_CA-20_0022700.JPG,NACTI : unknown,NACTI : lebec_CA-20,-1,wild boar,,6,train
https://storage.googleapis.com/public-datasets-lila/nacti-unzipped/part0/sub043/CA-10_04_06_2016_CA-10_0018562.JPG,NACTI : CA-10_04_06_2016_CA-10_0018562.JPG,NACTI : unknown,NACTI : lebec_CA-10,-1,wild boar,,6,train
https://storage.googleapis.com/public-datasets-lila/nacti-unzipped/part0/sub058/CA-18_10_06_2016_CA-18_0039903.JPG,NACTI : CA-18_10_06_2016_CA-18_0039903.JPG,NACTI : unknown,NACTI : lebec_CA-18,-1,wild boar,,6,val
https://storage.googleapis.com/public-datasets-lila/nacti-unzipped/part1/sub194/FL-16_06_02_2015_FL-16_0041877.jpg,NACTI : FL-16_06_02_2015_FL-16_0041877.jpg,NACTI : unknown,NACTI : archbold_FL-16,-1,wild boar,,6,train
https://storage.googleapis.com/public-datasets-lila/nacti-unzipped/part2/sub279/FL-38_01_08_2016_FL-38_0018875.JPG,NACTI : FL-38_01_08_2016_FL-38_0018875.JPG,NACTI : unknown,NACTI : archbold_FL-38,-1,wild boar,,6,train
https://storage.googleapis.com/public-datasets-lila/nacti-unzipped/part0/sub058/CA-18_09_18_2015_CA-18_0020259.jpg,NACTI : CA-18_09_18_2015_CA-18_0020259.jpg,NACTI : unknown,NACTI : lebec_CA-18,-1,wild boar,,6,val
https://storage.googleapis.com/public-datasets-lila/nacti-unzipped/part0/sub068/CA-25_08_17_2015_CA-25_0010614.jpg,NACTI : CA-25_08_17_2015_CA-25_0010614.jpg,NACTI : unknown,NACTI : lebec_CA-25,-1,wild boar,,6,train
https://storage.googleapis.com/public-datasets-lila/wcs-unzipped/animals/0434/0028.jpg,WCS Camera Traps : 653cddb8-92d5-11e9-a1e9-000d3a74c7de,WCS Camera Traps : idn-004-d0096-477,WCS Camera Traps : 3021,1,wild boar,02-08-2013 13:32:28,6,train
https://storage.googleapis.com/public-datasets-lila/nacti-unzipped/part2/sub232/FL-23_12_08_2015_FL-23_0015941.jpg,NACTI : FL-23_12_08_2015_FL-23_0015941.jpg,NACTI : unknown,NACTI : archbold_FL-23,-1,wild boar,,6,train
https://storage.googleapis.com/public-datasets-lila/nacti-unzipped/part1/sub122/FL-02_09_01_2016_FL-02_0066615.JPG,NACTI : FL-02_09_01_2016_FL-02_0066615.JPG,NACTI : unknown,NACTI : archbold_FL-02,-1,wild boar,,6,train
https://storage.googleapis.com/public-datasets-lila/nacti-unzipped/part2/sub232/FL-23_11_02_2015_FL-23_0015818.jpg,NACTI : FL-23_11_02_2015_FL-23_0015818.jpg,NACTI : unknown,NACTI : archbold_FL-23,-1,wild boar,,6,train
https://storage.googleapis.com/public-datasets-lila/nacti-unzipped/part1/sub131/FL-05_03_04_2016_FL-05_0033546.JPG,NACTI : FL-05_03_04_2016_FL-05_0033546.JPG,NACTI : unknown,NACTI : archbold_FL-05,-1,wild boar,,6,train
https://storage.googleapis.com/public-datasets-lila/nacti-unzipped/part2/sub232/FL-23_11_02_2015_FL-23_0014910.jpg,NACTI : FL-23_11_02_2015_FL-23_0014910.jpg,NACTI : unknown,NACTI : archbold_FL-23,-1,wild boar,,6,train
https://storage.googleapis.com/public-datasets-lila/nacti-unzipped/part0/sub077/CA-30_01_28_2016_CA-30_0034373.jpg,NACTI : CA-30_01_28_2016_CA-30_0034373.jpg,NACTI : unknown,NACTI : lebec_CA-30,-1,wild boar,,6,test
https://storage.googleapis.com/public-datasets-lila/nacti-unzipped/part0/sub035/CA-03_08_13_2015_CA-03_0011307.jpg,NACTI : CA-03_08_13_2015_CA-03_0011307.jpg,NACTI : unknown,NACTI : lebec_CA-03,-1,wild boar,,6,train
https://storage.googleapis.com/public-datasets-lila/nacti-unzipped/part2/sub290/FL-43_11_03_2015_FL-43_0001588.jpg,NACTI : FL-43_11_03_2015_FL-43_0001588.jpg,NACTI : unknown,NACTI : archbold_FL-43,-1,wild boar,,6,train
https://storage.googleapis.com/public-datasets-lila/nacti-unzipped/part0/sub084/CA-32_11_05_2015_CA-32_0004608.jpg,NACTI : CA-32_11_05_2015_CA-32_0004608.jpg,NACTI : unknown,NACTI : lebec_CA-32,-1,wild boar,,6,train
https://storage.googleapis.com/public-datasets-lila/nacti-unzipped/part1/sub108/CA-45_08_03_2015_CA-45_0005300.jpg,NACTI : CA-45_08_03_2015_CA-45_0005300.jpg,NACTI : unknown,NACTI : lebec_CA-45,-1,wild boar,,6,train
https://storage.googleapis.com/public-datasets-lila/nacti-unzipped/part0/sub067/CA-25_05_10_2016_CA-25_0016075.JPG,NACTI : CA-25_05_10_2016_CA-25_0016075.JPG,NACTI : unknown,NACTI : lebec_CA-25,-1,wild boar,,6,train
https://storage.googleapis.com/public-datasets-lila/nacti-unzipped/part1/sub198/FL-16_07_06_2016_FL-16_0138090.JPG,NACTI : FL-16_07_06_2016_FL-16_0138090.JPG,NACTI : unknown,NACTI : archbold_FL-16,-1,wild boar,,6,train
https://storage.googleapis.com/public-datasets-lila/nacti-unzipped/part0/sub050/CA-16_08_04_2015_CA-16_0000435.jpg,NACTI : CA-16_08_04_2015_CA-16_0000435.jpg,NACTI : unknown,NACTI : lebec_CA-16,-1,wild boar,,6,train
https://storage.googleapis.com/public-datasets-lila/nacti-unzipped/part0/sub084/CA-32_08_17_2015_CA-32_0004188.jpg,NACTI : CA-32_08_17_2015_CA-32_0004188.jpg,NACTI : unknown,NACTI : lebec_CA-32,-1,wild boar,,6,train
https://storage.googleapis.com/public-datasets-lila/nacti-unzipped/part1/sub198/FL-16_07_06_2016_FL-16_0139523.JPG,NACTI : FL-16_07_06_2016_FL-16_0139523.JPG,NACTI : unknown,NACTI : archbold_FL-16,-1,wild boar,,6,train
https://storage.googleapis.com/public-datasets-lila/nacti-unzipped/part1/sub176/FL-12_07_23_2016_FL-12_0066809.JPG,NACTI : FL-12_07_23_2016_FL-12_0066809.JPG,NACTI : unknown,NACTI : archbold_FL-12,-1,wild boar,,6,val
https://storage.googleapis.com/public-datasets-lila/nacti-unzipped/part2/sub284/FL-40_03_07_2016_FL-40_0009086.JPG,NACTI : FL-40_03_07_2016_FL-40_0009086.JPG,NACTI : unknown,NACTI : archbold_FL-40,-1,wild boar,,6,train
https://storage.googleapis.com/public-datasets-lila/nacti-unzipped/part0/sub097/CA-40_08_01_2016_CA-40_0011158.JPG,NACTI : CA-40_08_01_2016_CA-40_0011158.JPG,NACTI : unknown,NACTI : lebec_CA-40,-1,wild boar,,6,test
https://storage.googleapis.com/public-datasets-lila/nacti-unzipped/part0/sub084/CA-33_01_28_2016_CA-33_0018289.jpg,NACTI : CA-33_01_28_2016_CA-33_0018289.jpg,NACTI : unknown,NACTI : lebec_CA-33,-1,wild boar,,6,train
https://storage.googleapis.com/public-datasets-lila/nacti-unzipped/part1/sub125/FL-03_06_01_2015_FL-03_0019407.jpg,NACTI : FL-03_06_01_2015_FL-03_0019407.jpg,NACTI : unknown,NACTI : archbold_FL-03,-1,wild boar,,6,train
https://storage.googleapis.com/public-datasets-lila/nacti-unzipped/part0/sub084/CA-33_01_28_2016_CA-33_0018287.jpg,NACTI : CA-33_01_28_2016_CA-33_0018287.jpg,NACTI : unknown,NACTI : lebec_CA-33,-1,wild boar,,6,train
https://storage.googleapis.com/public-datasets-lila/nacti-unzipped/part1/sub106/CA-44_08_12_2015_CA-44_0002250.jpg,NACTI : CA-44_08_12_2015_CA-44_0002250.jpg,NACTI : unknown,NACTI : lebec_CA-44,-1,wild boar,,6,val
https://storage.googleapis.com/public-datasets-lila/nacti-unzipped/part1/sub126/FL-03_06_30_2015_FL-03_0020160.jpg,NACTI : FL-03_06_30_2015_FL-03_0020160.jpg,NACTI : unknown,NACTI : archbold_FL-03,-1,wild boar,,6,train
https://storage.googleapis.com/public-datasets-lila/nacti-unzipped/part1/sub116/FL-01_07_28_2015_FL-01_0037217.jpg,NACTI : FL-01_07_28_2015_FL-01_0037217.jpg,NACTI : unknown,NACTI : archbold_FL-01,-1,wild boar,,6,train
https://storage.googleapis.com/public-datasets-lila/nacti-unzipped/part1/sub192/FL-16_06_02_2015_FL-16_0007291.jpg,NACTI : FL-16_06_02_2015_FL-16_0007291.jpg,NACTI : unknown,NACTI : archbold_FL-16,-1,wild boar,,6,train
https://storage.googleapis.com/public-datasets-lila/nacti-unzipped/part2/sub277/FL-37_01_23_2016_FL-37_0005355.jpg,NACTI : FL-37_01_23_2016_FL-37_0005355.jpg,NACTI : unknown,NACTI : archbold_FL-37,-1,wild boar,,6,train
https://storage.googleapis.com/public-datasets-lila/nacti-unzipped/part2/sub230/FL-23_01_20_2016_FL-23_0018517.jpg,NACTI : FL-23_01_20_2016_FL-23_0018517.jpg,NACTI : unknown,NACTI : archbold_FL-23,-1,wild boar,,6,train
https://storage.googleapis.com/public-datasets-lila/nacti-unzipped/part2/sub290/TAG-TC01_09_21_2015_TAG-TC01_0000907.JPG,NACTI : TAG-TC01_09_21_2015_TAG-TC01_0000907.JPG,NACTI : unknown,NACTI : lebec_TAG-TC01,-1,wild boar,,6,train
https://storage.googleapis.com/public-datasets-lila/nacti-unzipped/part1/sub174/FL-12_05_26_2016_FL-12_0047487.JPG,NACTI : FL-12_05_26_2016_FL-12_0047487.JPG,NACTI : unknown,NACTI : archbold_FL-12,-1,wild boar,,6,val
https://storage.googleapis.com/public-datasets-lila/nacti-unzipped/part2/sub242/FL-27_06_02_2015_FL-27_0008519.jpg,NACTI : FL-27_06_02_2015_FL-27_0008519.jpg,NACTI : unknown,NACTI : archbold_FL-27,-1,wild boar,,6,train
https://storage.googleapis.com/public-datasets-lila/nacti-unzipped/part0/sub070/CA-27_11_08_2016_CA-27_0020936.JPG,NACTI : CA-27_11_08_2016_CA-27_0020936.JPG,NACTI : unknown,NACTI : lebec_CA-27,-1,wild boar,,6,train
https://storage.googleapis.com/public-datasets-lila/nacti-unzipped/part2/sub276/FL-36_06_03_2016_FL-36_0018660.JPG,NACTI : FL-36_06_03_2016_FL-36_0018660.JPG,NACTI : unknown,NACTI : archbold_FL-36,-1,wild boar,,6,train
https://storage.googleapis.com/public-datasets-lila/nacti-unzipped/part0/sub038/CA-05_08_12_2015_CA-05_0001021.jpg,NACTI : CA-05_08_12_2015_CA-05_0001021.jpg,NACTI : unknown,NACTI : lebec_CA-05,-1,wild boar,,6,train
https://storage.googleapis.com/public-datasets-lila/wcs-unzipped/animals/0326/0764.jpg,WCS Camera Traps : 3e3e284f-92d5-11e9-b531-000d3a74c7de,WCS Camera Traps : idn-001-d0067-24,WCS Camera Traps : 1866,2,wild boar,01-22-2000 07:36:00,6,train
https://storage.googleapis.com/public-datasets-lila/nacti-unzipped/part1/sub170/FL-11_04_04_2016_FL-11_0018793.JPG,NACTI : FL-11_04_04_2016_FL-11_0018793.JPG,NACTI : unknown,NACTI : archbold_FL-11,-1,wild boar,,6,train
https://storage.googleapis.com/public-datasets-lila/missouricameratraps/images/Set1/1.59-Wild_Boar/SEQ77006/SEQ77006_IMG_0012.JPG,Missouri Camera Traps : 97d7edbe-5c15-11ee-8d73-04421a1b1283,Missouri Camera Traps : SEQ77006,Missouri Camera Traps : missouri_camera_traps,6,wild boar,,6,train
https://storage.googleapis.com/public-datasets-lila/wcs-unzipped/animals/0477/1801.jpg,WCS Camera Traps : 760ebcfc-92d5-11e9-8980-000d3a74c7de,WCS Camera Traps : lao-004-d0024-19,WCS Camera Traps : 3773,8,wild boar,05-20-2011 08:43:00,6,train
https://storage.googleapis.com/public-datasets-lila/nacti-unzipped/part1/sub189/FL-16_01_21_2016_FL-16_0104768.jpg,NACTI : FL-16_01_21_2016_FL-16_0104768.jpg,NACTI : unknown,NACTI : archbold_FL-16,-1,wild boar,,6,train
https://storage.googleapis.com/public-datasets-lila/nacti-unzipped/part2/sub279/FL-37_08_15_2016_FL-37_0027769.JPG,NACTI : FL-37_08_15_2016_FL-37_0027769.JPG,NACTI : unknown,NACTI : archbold_FL-37,-1,wild boar,,6,train
https://storage.googleapis.com/public-datasets-lila/nacti-unzipped/part0/sub058/CA-18_10_15_2015_CA-18_0020787.jpg,NACTI : CA-18_10_15_2015_CA-18_0020787.jpg,NACTI : unknown,NACTI : lebec_CA-18,-1,wild boar,,6,val
https://storage.googleapis.com/public-datasets-lila/nacti-unzipped/part2/sub283/FL-39_03_08_2016_FL-39_0006198.JPG,NACTI : FL-39_03_08_2016_FL-39_0006198.JPG,NACTI : unknown,NACTI : archbold_FL-39,-1,wild boar,,6,test
https://storage.googleapis.com/public-datasets-lila/nacti-unzipped/part0/sub055/CA-17_11_08_2016_CA-17_0049460.JPG,NACTI : CA-17_11_08_2016_CA-17_0049460.JPG,NACTI : unknown,NACTI : lebec_CA-17,-1,wild boar,,6,train
https://storage.googleapis.com/public-datasets-lila/nacti-unzipped/part0/sub086/CA-34_04_05_2016_CA-34_0020035.JPG,NACTI : CA-34_04_05_2016_CA-34_0020035.JPG,NACTI : unknown,NACTI : lebec_CA-34,-1,wild boar,,6,train
https://storage.googleapis.com/public-datasets-lila/nacti-unzipped/part1/sub124/FL-03_06_01_2015_FL-03_0003652.jpg,NACTI : FL-03_06_01_2015_FL-03_0003652.jpg,NACTI : unknown,NACTI : archbold_FL-03,-1,wild boar,,6,train
https://storage.googleapis.com/public-datasets-lila/nacti-unzipped/part1/sub101/CA-42_09_16_2015_CA-42_0010579.jpg,NACTI : CA-42_09_16_2015_CA-42_0010579.jpg,NACTI : unknown,NACTI : lebec_CA-42,-1,wild boar,,6,train
https://storage.googleapis.com/public-datasets-lila/nacti-unzipped/part0/sub055/CA-17_11_08_2016_CA-17_0049956.JPG,NACTI : CA-17_11_08_2016_CA-17_0049956.JPG,NACTI : unknown,NACTI : lebec_CA-17,-1,wild boar,,6,train
https://storage.googleapis.com/public-datasets-lila/nacti-unzipped/part0/sub097/CA-39_08_17_2015_CA-39_0008390.jpg,NACTI : CA-39_08_17_2015_CA-39_0008390.jpg,NACTI : unknown,NACTI : lebec_CA-39,-1,wild boar,,6,train
https://storage.googleapis.com/public-datasets-lila/nacti-unzipped/part0/sub055/CA-17_11_08_2016_CA-17_0049363.JPG,NACTI : CA-17_11_08_2016_CA-17_0049363.JPG,NACTI : unknown,NACTI : lebec_CA-17,-1,wild boar,,6,train
https://storage.googleapis.com/public-datasets-lila/nacti-unzipped/part1/sub128/FL-04_05_02_2016_FL-04_0020075.JPG,NACTI : FL-04_05_02_2016_FL-04_0020075.JPG,NACTI : unknown,NACTI : archbold_FL-04,-1,wild boar,,6,test
https://storage.googleapis.com/public-datasets-lila/nacti-unzipped/part0/sub095/CA-38_09_06_2016_CA-38_0038452.JPG,NACTI : CA-38_09_06_2016_CA-38_0038452.JPG,NACTI : unknown,NACTI : lebec_CA-38,-1,wild boar,,6,val
https://storage.googleapis.com/public-datasets-lila/nacti-unzipped/part0/sub099/CA-41_09_16_2015_CA-41_0016002.jpg,NACTI : CA-41_09_16_2015_CA-41_0016002.jpg,NACTI : unknown,NACTI : lebec_CA-41,-1,wild boar,,6,train
https://storage.googleapis.com/public-datasets-lila/nacti-unzipped/part2/sub220/FL-22_04_05_2016_FL-22_0090728.JPG,NACTI : FL-22_04_05_2016_FL-22_0090728.JPG,NACTI : unknown,NACTI : archbold_FL-22,-1,wild boar,,6,train
https://storage.googleapis.com/public-datasets-lila/nacti-unzipped/part2/sub279/FL-38_01_08_2016_FL-38_0018069.JPG,NACTI : FL-38_01_08_2016_FL-38_0018069.JPG,NACTI : unknown,NACTI : archbold_FL-38,-1,wild boar,,6,train
https://storage.googleapis.com/public-datasets-lila/nacti-unzipped/part2/sub216/FL-21_01_21_2016_FL-21_0022131.jpg,NACTI : FL-21_01_21_2016_FL-21_0022131.jpg,NACTI : unknown,NACTI : archbold_FL-21,-1,wild boar,,6,test
https://storage.googleapis.com/public-datasets-lila/nacti-unzipped/part0/sub092/CA-37_10_03_2016_CA-37_0035496.JPG,NACTI : CA-37_10_03_2016_CA-37_0035496.JPG,NACTI : unknown,NACTI : lebec_CA-37,-1,wild boar,,6,train
https://storage.googleapis.com/public-datasets-lila/nacti-unzipped/part1/sub109/CA-46_09_11_2015_CA-46_0008120.jpg,NACTI : CA-46_09_11_2015_CA-46_0008120.jpg,NACTI : unknown,NACTI : lebec_CA-46,-1,wild boar,,6,train
https://storage.googleapis.com/public-datasets-lila/nacti-unzipped/part2/sub246/FL-27_10_01_2015_FL-27_0038974.jpg,NACTI : FL-27_10_01_2015_FL-27_0038974.jpg,NACTI : unknown,NACTI : archbold_FL-27,-1,wild boar,,6,train
https://storage.googleapis.com/public-datasets-lila/nacti-unzipped/part2/sub279/FL-37_09_08_2016_FL-37_0028963.JPG,NACTI : FL-37_09_08_2016_FL-37_0028963.JPG,NACTI : unknown,NACTI : archbold_FL-37,-1,wild boar,,6,train
https://storage.googleapis.com/public-datasets-lila/nacti-unzipped/part0/sub077/CA-29_10_31_2016_CA-29_0048155.JPG,NACTI : CA-29_10_31_2016_CA-29_0048155.JPG,NACTI : unknown,NACTI : lebec_CA-29,-1,wild boar,,6,train
https://storage.googleapis.com/public-datasets-lila/nacti-unzipped/part0/sub054/CA-17_08_03_2015_CA-17_0017073.jpg,NACTI : CA-17_08_03_2015_CA-17_0017073.jpg,NACTI : unknown,NACTI : lebec_CA-17,-1,wild boar,,6,train
https://storage.googleapis.com/public-datasets-lila/nacti-unzipped/part2/sub240/FL-26_11_02_2015_FL-26_0021696.jpg,NACTI : FL-26_11_02_2015_FL-26_0021696.jpg,NACTI : unknown,NACTI : archbold_FL-26,-1,wild boar,,6,train
https://storage.googleapis.com/public-datasets-lila/nacti-unzipped/part1/sub131/FL-05_05_02_2016_FL-05_0036456.JPG,NACTI : FL-05_05_02_2016_FL-05_0036456.JPG,NACTI : unknown,NACTI : archbold_FL-05,-1,wild boar,,6,train
https://storage.googleapis.com/public-datasets-lila/nacti-unzipped/part1/sub199/FL-16_12_06_2015_FL-16_0098691.jpg,NACTI : FL-16_12_06_2015_FL-16_0098691.jpg,NACTI : unknown,NACTI : archbold_FL-16,-1,wild boar,,6,train
https://storage.googleapis.com/public-datasets-lila/nacti-unzipped/part0/sub049/CA-14_08_12_2015_CA-14_0003607.jpg,NACTI : CA-14_08_12_2015_CA-14_0003607.jpg,NACTI : unknown,NACTI : lebec_CA-14,-1,wild boar,,6,train
https://storage.googleapis.com/public-datasets-lila/nacti-unzipped/part2/sub289/FL-42_12_08_2015_FL-42_0004017.jpg,NACTI : FL-42_12_08_2015_FL-42_0004017.jpg,NACTI : unknown,NACTI : archbold_FL-42,-1,wild boar,,6,train
https://storage.googleapis.com/public-datasets-lila/nacti-unzipped/part0/sub089/CA-37_01_28_2016_CA-37_0021758.jpg,NACTI : CA-37_01_28_2016_CA-37_0021758.jpg,NACTI : unknown,NACTI : lebec_CA-37,-1,wild boar,,6,train
https://storage.googleapis.com/public-datasets-lila/nacti-unzipped/part2/sub239/FL-26_07_29_2015_FL-26_0010380.jpg,NACTI : FL-26_07_29_2015_FL-26_0010380.jpg,NACTI : unknown,NACTI : archbold_FL-26,-1,wild boar,,6,train
https://storage.googleapis.com/public-datasets-lila/nacti-unzipped/part0/sub069/CA-26_08_17_2015_CA-26_0003023.jpg,NACTI : CA-26_08_17_2015_CA-26_0003023.jpg,NACTI : unknown,NACTI : lebec_CA-26,-1,wild boar,,6,test
https://storage.googleapis.com/public-datasets-lila/nacti-unzipped/part2/sub241/FL-27_06_02_2015_FL-27_0003330.jpg,NACTI : FL-27_06_02_2015_FL-27_0003330.jpg,NACTI : unknown,NACTI : archbold_FL-27,-1,wild boar,,6,train
https://storage.googleapis.com/public-datasets-lila/nacti-unzipped/part1/sub172/FL-12_03_04_2016_FL-12_0026483.JPG,NACTI : FL-12_03_04_2016_FL-12_0026483.JPG,NACTI : unknown,NACTI : archbold_FL-12,-1,wild boar,,6,val
https://storage.googleapis.com/public-datasets-lila/nacti-unzipped/part1/sub193/FL-16_06_02_2015_FL-16_0038667.jpg,NACTI : FL-16_06_02_2015_FL-16_0038667.jpg,NACTI : unknown,NACTI : archbold_FL-16,-1,wild boar,,6,train
https://storage.googleapis.com/public-datasets-lila/nacti-unzipped/part2/sub245/FL-27_09_02_2016_FL-27_0072626.JPG,NACTI : FL-27_09_02_2016_FL-27_0072626.JPG,NACTI : unknown,NACTI : archbold_FL-27,-1,wild boar,,6,train
https://storage.googleapis.com/public-datasets-lila/nacti-unzipped/part2/sub283/FL-39_03_08_2016_FL-39_0007030.JPG,NACTI : FL-39_03_08_2016_FL-39_0007030.JPG,NACTI : unknown,NACTI : archbold_FL-39,-1,wild boar,,6,test
https://storage.googleapis.com/public-datasets-lila/nacti-unzipped/part1/sub186/FL-14_04_05_2016_FL-14_0019394.JPG,NACTI : FL-14_04_05_2016_FL-14_0019394.JPG,NACTI : unknown,NACTI : archbold_FL-14,-1,wild boar,,6,val
https://storage.googleapis.com/public-datasets-lila/nacti-unzipped/part0/sub065/CA-23_11_05_2015_CA-23_0020546.jpg,NACTI : CA-23_11_05_2015_CA-23_0020546.jpg,NACTI : unknown,NACTI : lebec_CA-23,-1,wild boar,,6,train
https://storage.googleapis.com/public-datasets-lila/nacti-unzipped/part0/sub061/CA-20_08_13_2015_CA-20_0001708.jpg,NACTI : CA-20_08_13_2015_CA-20_0001708.jpg,NACTI : unknown,NACTI : lebec_CA-20,-1,wild boar,,6,train
https://storage.googleapis.com/public-datasets-lila/nacti-unzipped/part2/sub285/FL-40_08_15_2016_FL-40_0025972.JPG,NACTI : FL-40_08_15_2016_FL-40_0025972.JPG,NACTI : unknown,NACTI : archbold_FL-40,-1,wild boar,,6,train
https://storage.googleapis.com/public-datasets-lila/nacti-unzipped/part1/sub189/FL-15_10_01_2015_FL-15_0009766.jpg,NACTI : FL-15_10_01_2015_FL-15_0009766.jpg,NACTI : unknown,NACTI : archbold_FL-15,-1,wild boar,,6,test
https://storage.googleapis.com/public-datasets-lila/nacti-unzipped/part1/sub198/FL-16_09_03_2015_FL-16_0090885.jpg,NACTI : FL-16_09_03_2015_FL-16_0090885.jpg,NACTI : unknown,NACTI : archbold_FL-16,-1,wild boar,,6,train
https://storage.googleapis.com/public-datasets-lila/nacti-unzipped/part1/sub129/FL-04_06_02_2016_FL-04_0021204.JPG,NACTI : FL-04_06_02_2016_FL-04_0021204.JPG,NACTI : unknown,NACTI : archbold_FL-04,-1,wild boar,,6,test
https://storage.googleapis.com/public-datasets-lila/nacti-unzipped/part2/sub230/FL-22_10_01_2015_FL-22_0074545.jpg,NACTI : FL-22_10_01_2015_FL-22_0074545.jpg,NACTI : unknown,NACTI : archbold_FL-22,-1,wild boar,,6,train
https://storage.googleapis.com/public-datasets-lila/nacti-unzipped/part0/sub050/CA-16_10_08_2015_CA-16_0001930.jpg,NACTI : CA-16_10_08_2015_CA-16_0001930.jpg,NACTI : unknown,NACTI : lebec_CA-16,-1,wild boar,,6,train
https://storage.googleapis.com/public-datasets-lila/nacti-unzipped/part1/sub171/FL-11_07_28_2015_FL-11_0011419.jpg,NACTI : FL-11_07_28_2015_FL-11_0011419.jpg,NACTI : unknown,NACTI : archbold_FL-11,-1,wild boar,,6,train
https://storage.googleapis.com/public-datasets-lila/nacti-unzipped/part2/sub270/FL-34_03_09_2016_FL-34_0001656.JPG,NACTI : FL-34_03_09_2016_FL-34_0001656.JPG,NACTI : unknown,NACTI : archbold_FL-34,-1,wild boar,,6,test
https://storage.googleapis.com/public-datasets-lila/nacti-unzipped/part1/sub134/FL-05_09_02_2015_FL-05_0023759.jpg,NACTI : FL-05_09_02_2015_FL-05_0023759.jpg,NACTI : unknown,NACTI : archbold_FL-05,-1,wild boar,,6,train
https://storage.googleapis.com/public-datasets-lila/nacti-unzipped/part2/sub207/FL-18_05_02_2016_FL-18_0021476.JPG,NACTI : FL-18_05_02_2016_FL-18_0021476.JPG,NACTI : unknown,NACTI : archbold_FL-18,-1,wild boar,,6,test
https://storage.googleapis.com/public-datasets-lila/nacti-unzipped/part2/sub242/FL-27_06_02_2015_FL-27_0008579.jpg,NACTI : FL-27_06_02_2015_FL-27_0008579.jpg,NACTI : unknown,NACTI : archbold_FL-27,-1,wild boar,,6,train
https://storage.googleapis.com/public-datasets-lila/nacti-unzipped/part1/sub198/FL-16_07_06_2016_FL-16_0137915.JPG,NACTI : FL-16_07_06_2016_FL-16_0137915.JPG,NACTI : unknown,NACTI : archbold_FL-16,-1,wild boar,,6,train
https://storage.googleapis.com/public-datasets-lila/wcs-unzipped/animals/0327/1642.jpg,WCS Camera Traps : 3ec0c634-92d5-11e9-8561-000d3a74c7de,WCS Camera Traps : idn-001-d0307-4,WCS Camera Traps : 2052,4,wild boar,08-29-2001 07:47:00,6,val
https://storage.googleapis.com/public-datasets-lila/nacti-unzipped/part0/sub095/CA-39_04_02_2015_CA-39_0000454.jpg,NACTI : CA-39_04_02_2015_CA-39_0000454.jpg,NACTI : unknown,NACTI : lebec_CA-39,-1,wild boar,,6,train
https://storage.googleapis.com/public-datasets-lila/nacti-unzipped/part0/sub069/CA-27_04_06_2015_CA-27_0001564.jpg,NACTI : CA-27_04_06_2015_CA-27_0001564.jpg,NACTI : unknown,NACTI : lebec_CA-27,-1,wild boar,,6,train
https://storage.googleapis.com/public-datasets-lila/nacti-unzipped/part0/sub058/CA-19_03_10_2015_CA-19_0000192.jpg,NACTI : CA-19_03_10_2015_CA-19_0000192.jpg,NACTI : unknown,NACTI : lebec_CA-19,-1,wild boar,,6,train
https://storage.googleapis.com/public-datasets-lila/nacti-unzipped/part2/sub241/FL-27_05_02_2016_FL-27_0054613.JPG,NACTI : FL-27_05_02_2016_FL-27_0054613.JPG,NACTI : unknown,NACTI : archbold_FL-27,-1,wild boar,,6,train
https://storage.googleapis.com/public-datasets-lila/nacti-unzipped/part0/sub058/CA-18_11_08_2016_CA-18_0041334.JPG,NACTI : CA-18_11_08_2016_CA-18_0041334.JPG,NACTI : unknown,NACTI : lebec_CA-18,-1,wild boar,,6,val
https://storage.googleapis.com/public-datasets-lila/nacti-unzipped/part0/sub097/CA-39_08_17_2015_CA-39_0006694.jpg,NACTI : CA-39_08_17_2015_CA-39_0006694.jpg,NACTI : unknown,NACTI : lebec_CA-39,-1,wild boar,,6,train
https://storage.googleapis.com/public-datasets-lila/nacti-unzipped/part2/sub281/FL-38_07_08_2016_FL-38_0043355.JPG,NACTI : FL-38_07_08_2016_FL-38_0043355.JPG,NACTI : unknown,NACTI : archbold_FL-38,-1,wild boar,,6,train
https://storage.googleapis.com/public-datasets-lila/wcs-unzipped/animals/0477/1628.jpg,WCS Camera Traps : 7606a556-92d5-11e9-abda-000d3a74c7de,WCS Camera Traps : lao-004-d0021-18,WCS Camera Traps : 3772,9,wild boar,04-21-2011 12:41:00,6,train
https://storage.googleapis.com/public-datasets-lila/nacti-unzipped/part2/sub231/FL-23_06_29_2015_FL-23_0006631.jpg,NACTI : FL-23_06_29_2015_FL-23_0006631.jpg,NACTI : unknown,NACTI : archbold_FL-23,-1,wild boar,,6,train
https://storage.googleapis.com/public-datasets-lila/nacti-unzipped/part0/sub041/CA-08_05_13_2016_CA-08_0007846.JPG,NACTI : CA-08_05_13_2016_CA-08_0007846.JPG,NACTI : unknown,NACTI : lebec_CA-08,-1,wild boar,,6,train
https://storage.googleapis.com/public-datasets-lila/nacti-unzipped/part1/sub109/CA-46_10_07_2015_CA-46_0009270.jpg,NACTI : CA-46_10_07_2015_CA-46_0009270.jpg,NACTI : unknown,NACTI : lebec_CA-46,-1,wild boar,,6,train
https://storage.googleapis.com/public-datasets-lila/nacti-unzipped/part2/sub279/FL-37_11_03_2015_FL-37_0000668.jpg,NACTI : FL-37_11_03_2015_FL-37_0000668.jpg,NACTI : unknown,NACTI : archbold_FL-37,-1,wild boar,,6,train
https://storage.googleapis.com/public-datasets-lila/nacti-unzipped/part2/sub239/FL-26_07_29_2015_FL-26_0011007.jpg,NACTI : FL-26_07_29_2015_FL-26_0011007.jpg,NACTI : unknown,NACTI : archbold_FL-26,-1,wild boar,,6,train
https://storage.googleapis.com/public-datasets-lila/nacti-unzipped/part2/sub221/FL-22_06_02_2015_FL-22_0001534.jpg,NACTI : FL-22_06_02_2015_FL-22_0001534.jpg,NACTI : unknown,NACTI : archbold_FL-22,-1,wild boar,,6,train
https://storage.googleapis.com/public-datasets-lila/nacti-unzipped/part2/sub289/FL-43_04_05_2016_FL-43_0008654.JPG,NACTI : FL-43_04_05_2016_FL-43_0008654.JPG,NACTI : unknown,NACTI : archbold_FL-43,-1,wild boar,,6,train
https://storage.googleapis.com/public-datasets-lila/nacti-unzipped/part2/sub208/FL-19_01_20_2016_FL-19_0042987.jpg,NACTI : FL-19_01_20_2016_FL-19_0042987.jpg,NACTI : unknown,NACTI : archbold_FL-19,-1,wild boar,,6,train
https://storage.googleapis.com/public-datasets-lila/nacti-unzipped/part2/sub222/FL-22_06_02_2015_FL-22_0009246.jpg,NACTI : FL-22_06_02_2015_FL-22_0009246.jpg,NACTI : unknown,NACTI : archbold_FL-22,-1,wild boar,,6,train
https://storage.googleapis.com/public-datasets-lila/nacti-unzipped/part0/sub073/CA-28_10_31_2016_CA-28_0029329.JPG,NACTI : CA-28_10_31_2016_CA-28_0029329.JPG,NACTI : unknown,NACTI : lebec_CA-28,-1,wild boar,,6,train
https://storage.googleapis.com/public-datasets-lila/nacti-unzipped/part0/sub041/CA-07_09_08_2016_CA-07_0014288.JPG,NACTI : CA-07_09_08_2016_CA-07_0014288.JPG,NACTI : unknown,NACTI : lebec_CA-07,-1,wild boar,,6,test
https://storage.googleapis.com/public-datasets-lila/nacti-unzipped/part2/sub221/FL-22_05_02_2016_FL-22_0099767.JPG,NACTI : FL-22_05_02_2016_FL-22_0099767.JPG,NACTI : unknown,NACTI : archbold_FL-22,-1,wild boar,,6,train
https://storage.googleapis.com/public-datasets-lila/nacti-unzipped/part1/sub172/FL-11_12_08_2015_FL-11_0015599.jpg,NACTI : FL-11_12_08_2015_FL-11_0015599.jpg,NACTI : unknown,NACTI : archbold_FL-11,-1,wild boar,,6,train
https://storage.googleapis.com/public-datasets-lila/nacti-unzipped/part1/sub105/CA-44_04_30_2015_CA-44_0000419.jpg,NACTI : CA-44_04_30_2015_CA-44_0000419.jpg,NACTI : unknown,NACTI : lebec_CA-44,-1,wild boar,,6,val
https://storage.googleapis.com/public-datasets-lila/nacti-unzipped/part0/sub089/CA-35_08_04_2015_CA-35_0002492.jpg,NACTI : CA-35_08_04_2015_CA-35_0002492.jpg,NACTI : unknown,NACTI : lebec_CA-35,-1,wild boar,,6,train
https://storage.googleapis.com/public-datasets-lila/nacti-unzipped/part1/sub107/CA-45_08_03_2015_CA-45_0002121.jpg,NACTI : CA-45_08_03_2015_CA-45_0002121.jpg,NACTI : unknown,NACTI : lebec_CA-45,-1,wild boar,,6,train
https://storage.googleapis.com/public-datasets-lila/nacti-unzipped/part2/sub220/FL-22_04_05_2016_FL-22_0091668.JPG,NACTI : FL-22_04_05_2016_FL-22_0091668.JPG,NACTI : unknown,NACTI : archbold_FL-22,-1,wild boar,,6,train
https://storage.googleapis.com/public-datasets-lila/nacti-unzipped/part2/sub228/FL-22_07_29_2015_FL-22_0045298.jpg,NACTI : FL-22_07_29_2015_FL-22_0045298.jpg,NACTI : unknown,NACTI : archbold_FL-22,-1,wild boar,,6,train
https://storage.googleapis.com/public-datasets-lila/nacti-unzipped/part1/sub193/FL-16_06_02_2015_FL-16_0019649.jpg,NACTI : FL-16_06_02_2015_FL-16_0019649.jpg,NACTI : unknown,NACTI : archbold_FL-16,-1,wild boar,,6,train
https://storage.googleapis.com/public-datasets-lila/nacti-unzipped/part2/sub229/FL-22_08_05_2016_FL-22_0119581.JPG,NACTI : FL-22_08_05_2016_FL-22_0119581.JPG,NACTI : unknown,NACTI : archbold_FL-22,-1,wild boar,,6,train
https://storage.googleapis.com/public-datasets-lila/nacti-unzipped/part2/sub216/FL-20_08_04_2016_FL-20_0036629.JPG,NACTI : FL-20_08_04_2016_FL-20_0036629.JPG,NACTI : unknown,NACTI : archbold_FL-20,-1,wild boar,,6,train
https://storage.googleapis.com/public-datasets-lila/nacti-unzipped/part0/sub058/CA-18_09_18_2015_CA-18_0020225.jpg,NACTI : CA-18_09_18_2015_CA-18_0020225.jpg,NACTI : unknown,NACTI : lebec_CA-18,-1,wild boar,,6,val
https://storage.googleapis.com/public-datasets-lila/nacti-unzipped/part2/sub283/FL-39_03_08_2016_FL-39_0005276.JPG,NACTI : FL-39_03_08_2016_FL-39_0005276.JPG,NACTI : unknown,NACTI : archbold_FL-39,-1,wild boar,,6,test
https://storage.googleapis.com/public-datasets-lila/nacti-unzipped/part1/sub129/FL-04_06_01_2015_FL-04_0003100.jpg,NACTI : FL-04_06_01_2015_FL-04_0003100.jpg,NACTI : unknown,NACTI : archbold_FL-04,-1,wild boar,,6,test
https://storage.googleapis.com/public-datasets-lila/nacti-unzipped/part2/sub284/FL-40_06_03_2016_FL-40_0018004.JPG,NACTI : FL-40_06_03_2016_FL-40_0018004.JPG,NACTI : unknown,NACTI : archbold_FL-40,-1,wild boar,,6,train
https://storage.googleapis.com/public-datasets-lila/nacti-unzipped/part0/sub088/CA-34_09_02_2016_CA-34_0030217.JPG,NACTI : CA-34_09_02_2016_CA-34_0030217.JPG,NACTI : unknown,NACTI : lebec_CA-34,-1,wild boar,,6,train
https://storage.googleapis.com/public-datasets-lila/nacti-unzipped/part1/sub191/FL-16_05_02_2016_FL-16_0126998.JPG,NACTI : FL-16_05_02_2016_FL-16_0126998.JPG,NACTI : unknown,NACTI : archbold_FL-16,-1,wild boar,,6,train
https://storage.googleapis.com/public-datasets-lila/nacti-unzipped/part0/sub041/CA-08_07_12_2016_CA-08_0012006.JPG,NACTI : CA-08_07_12_2016_CA-08_0012006.JPG,NACTI : unknown,NACTI : lebec_CA-08,-1,wild boar,,6,train
https://storage.googleapis.com/public-datasets-lila/nacti-unzipped/part2/sub213/FL-19_09_30_2015_FL-19_0039170.jpg,NACTI : FL-19_09_30_2015_FL-19_0039170.jpg,NACTI : unknown,NACTI : archbold_FL-19,-1,wild boar,,6,train
https://storage.googleapis.com/public-datasets-lila/nacti-unzipped/part0/sub088/CA-34_09_02_2016_CA-34_0030614.JPG,NACTI : CA-34_09_02_2016_CA-34_0030614.JPG,NACTI : unknown,NACTI : lebec_CA-34,-1,wild boar,,6,train
https://storage.googleapis.com/public-datasets-lila/nacti-unzipped/part2/sub241/FL-27_03_07_2016_FL-27_0049593.JPG,NACTI : FL-27_03_07_2016_FL-27_0049593.JPG,NACTI : unknown,NACTI : archbold_FL-27,-1,wild boar,,6,train
https://storage.googleapis.com/public-datasets-lila/nacti-unzipped/part1/sub100/CA-41_09_16_2015_CA-41_0017355.jpg,NACTI : CA-41_09_16_2015_CA-41_0017355.jpg,NACTI : unknown,NACTI : lebec_CA-41,-1,wild boar,,6,train
https://storage.googleapis.com/public-datasets-lila/nacti-unzipped/part2/sub241/FL-27_03_07_2016_FL-27_0047947.JPG,NACTI : FL-27_03_07_2016_FL-27_0047947.JPG,NACTI : unknown,NACTI : archbold_FL-27,-1,wild boar,,6,train
https://storage.googleapis.com/public-datasets-lila/nacti-unzipped/part0/sub058/CA-18_11_08_2016_CA-18_0040710.JPG,NACTI : CA-18_11_08_2016_CA-18_0040710.JPG,NACTI : unknown,NACTI : lebec_CA-18,-1,wild boar,,6,val
https://storage.googleapis.com/public-datasets-lila/nacti-unzipped/part2/sub208/FL-18_12_08_2015_FL-18_0016511.jpg,NACTI : FL-18_12_08_2015_FL-18_0016511.jpg,NACTI : unknown,NACTI : archbold_FL-18,-1,wild boar,,6,test
https://storage.googleapis.com/public-datasets-lila/nacti-unzipped/part0/sub093/CA-38_08_01_2016_CA-38_0036830.JPG,NACTI : CA-38_08_01_2016_CA-38_0036830.JPG,NACTI : unknown,NACTI : lebec_CA-38,-1,wild boar,,6,val
https://storage.googleapis.com/public-datasets-lila/nacti-unzipped/part2/sub236/FL-24_08_04_2016_FL-24_0061626.JPG,NACTI : FL-24_08_04_2016_FL-24_0061626.JPG,NACTI : unknown,NACTI : archbold_FL-24,-1,wild boar,,6,train
https://storage.googleapis.com/public-datasets-lila/nacti-unzipped/part2/sub220/FL-22_03_07_2016_FL-22_0084922.JPG,NACTI : FL-22_03_07_2016_FL-22_0084922.JPG,NACTI : unknown,NACTI : archbold_FL-22,-1,wild boar,,6,train
https://storage.googleapis.com/public-datasets-lila/nacti-unzipped/part1/sub185/FL-14_03_07_2016_FL-14_0017206.JPG,NACTI : FL-14_03_07_2016_FL-14_0017206.JPG,NACTI : unknown,NACTI : archbold_FL-14,-1,wild boar,,6,val
https://storage.googleapis.com/public-datasets-lila/nacti-unzipped/part0/sub077/CA-29_09_06_2016_CA-29_0047228.JPG,NACTI : CA-29_09_06_2016_CA-29_0047228.JPG,NACTI : unknown,NACTI : lebec_CA-29,-1,wild boar,,6,train
https://storage.googleapis.com/public-datasets-lila/nacti-unzipped/part0/sub085/CA-33_08_04_2015_CA-33_0004916.jpg,NACTI : CA-33_08_04_2015_CA-33_0004916.jpg,NACTI : unknown,NACTI : lebec_CA-33,-1,wild boar,,6,train
https://storage.googleapis.com/public-datasets-lila/nacti-unzipped/part1/sub188/FL-15_06_02_2015_FL-15_0004540.jpg,NACTI : FL-15_06_02_2015_FL-15_0004540.jpg,NACTI : unknown,NACTI : archbold_FL-15,-1,wild boar,,6,test
https://storage.googleapis.com/public-datasets-lila/nacti-unzipped/part2/sub240/FL-26_11_02_2015_FL-26_0021317.jpg,NACTI : FL-26_11_02_2015_FL-26_0021317.jpg,NACTI : unknown,NACTI : archbold_FL-26,-1,wild boar,,6,train
https://storage.googleapis.com/public-datasets-lila/nacti-unzipped/part0/sub068/CA-25_12_02_2015_CA-25_0013314.jpg,NACTI : CA-25_12_02_2015_CA-25_0013314.jpg,NACTI : unknown,NACTI : lebec_CA-25,-1,wild boar,,6,train
https://storage.googleapis.com/public-datasets-lila/nacti-unzipped/part2/sub278/FL-37_07_08_2016_FL-37_0017389.JPG,NACTI : FL-37_07_08_2016_FL-37_0017389.JPG,NACTI : unknown,NACTI : archbold_FL-37,-1,wild boar,,6,train
https://storage.googleapis.com/public-datasets-lila/nacti-unzipped/part0/sub085/CA-33_08_04_2015_CA-33_0005674.jpg,NACTI : CA-33_08_04_2015_CA-33_0005674.jpg,NACTI : unknown,NACTI : lebec_CA-33,-1,wild boar,,6,train
https://storage.googleapis.com/public-datasets-lila/nacti-unzipped/part1/sub176/FL-12_07_28_2015_FL-12_0004726.jpg,NACTI : FL-12_07_28_2015_FL-12_0004726.jpg,NACTI : unknown,NACTI : archbold_FL-12,-1,wild boar,,6,val
https://storage.googleapis.com/public-datasets-lila/nacti-unzipped/part0/sub054/CA-17_09_18_2015_CA-17_0025035.jpg,NACTI : CA-17_09_18_2015_CA-17_0025035.jpg,NACTI : unknown,NACTI : lebec_CA-17,-1,wild boar,,6,train
https://storage.googleapis.com/public-datasets-lila/nacti-unzipped/part2/sub247/FL-28_06_02_2016_FL-28_0053236.JPG,NACTI : FL-28_06_02_2016_FL-28_0053236.JPG,NACTI : unknown,NACTI : archbold_FL-28,-1,wild boar,,6,train
https://storage.googleapis.com/public-datasets-lila/nacti-unzipped/part0/sub086/CA-33_09_02_2016_CA-33_0028058.JPG,NACTI : CA-33_09_02_2016_CA-33_0028058.JPG,NACTI : unknown,NACTI : lebec_CA-33,-1,wild boar,,6,train
https://storage.googleapis.com/public-datasets-lila/nacti-unzipped/part0/sub062/CA-20_09_15_2015_CA-20_0011942.jpg,NACTI : CA-20_09_15_2015_CA-20_0011942.jpg,NACTI : unknown,NACTI : lebec_CA-20,-1,wild boar,,6,train
https://storage.googleapis.com/public-datasets-lila/nacti-unzipped/part0/sub055/CA-17_09_18_2015_CA-17_0025150.jpg,NACTI : CA-17_09_18_2015_CA-17_0025150.jpg,NACTI : unknown,NACTI : lebec_CA-17,-1,wild boar,,6,train
https://storage.googleapis.com/public-datasets-lila/nacti-unzipped/part0/sub068/CA-26_04_06_2015_CA-26_0000610.jpg,NACTI : CA-26_04_06_2015_CA-26_0000610.jpg,NACTI : unknown,NACTI : lebec_CA-26,-1,wild boar,,6,test
https://storage.googleapis.com/public-datasets-lila/nacti-unzipped/part2/sub246/FL-27_10_01_2015_FL-27_0038461.jpg,NACTI : FL-27_10_01_2015_FL-27_0038461.jpg,NACTI : unknown,NACTI : archbold_FL-27,-1,wild boar,,6,train
https://storage.googleapis.com/public-datasets-lila/nacti-unzipped/part0/sub058/CA-18_11_08_2016_CA-18_0042260.JPG,NACTI : CA-18_11_08_2016_CA-18_0042260.JPG,NACTI : unknown,NACTI : lebec_CA-18,-1,wild boar,,6,val
https://storage.googleapis.com/public-datasets-lila/nacti-unzipped/part0/sub034/CA-02_07_08_2016_CA-02_0017222.JPG,NACTI : CA-02_07_08_2016_CA-02_0017222.JPG,NACTI : unknown,NACTI : lebec_CA-02,-1,wild boar,,6,train
https://storage.googleapis.com/public-datasets-lila/nacti-unzipped/part0/sub036/CA-03_08_13_2015_CA-03_0014710.jpg,NACTI : CA-03_08_13_2015_CA-03_0014710.jpg,NACTI : unknown,NACTI : lebec_CA-03,-1,wild boar,,6,train
https://storage.googleapis.com/public-datasets-lila/nacti-unzipped/part1/sub195/FL-16_06_02_2016_FL-16_0129925.JPG,NACTI : FL-16_06_02_2016_FL-16_0129925.JPG,NACTI : unknown,NACTI : archbold_FL-16,-1,wild boar,,6,train
https://storage.googleapis.com/public-datasets-lila/nacti-unzipped/part0/sub098/CA-41_04_03_2015_CA-41_0000477.jpg,NACTI : CA-41_04_03_2015_CA-41_0000477.jpg,NACTI : unknown,NACTI : lebec_CA-41,-1,wild boar,,6,train
https://storage.googleapis.com/public-datasets-lila/nacti-unzipped/part2/sub240/FL-26_07_29_2015_FL-26_0015855.jpg,NACTI : FL-26_07_29_2015_FL-26_0015855.jpg,NACTI : unknown,NACTI : archbold_FL-26,-1,wild boar,,6,train
https://storage.googleapis.com/public-datasets-lila/nacti-unzipped/part1/sub194/FL-16_06_02_2015_FL-16_0042603.jpg,NACTI : FL-16_06_02_2015_FL-16_0042603.jpg,NACTI : unknown,NACTI : archbold_FL-16,-1,wild boar,,6,train
https://storage.googleapis.com/public-datasets-lila/nacti-unzipped/part1/sub106/CA-44_08_12_2015_CA-44_0002623.jpg,NACTI : CA-44_08_12_2015_CA-44_0002623.jpg,NACTI : unknown,NACTI : lebec_CA-44,-1,wild boar,,6,val
https://storage.googleapis.com/public-datasets-lila/nacti-unzipped/part1/sub129/FL-04_05_02_2016_FL-04_0020732.JPG,NACTI : FL-04_05_02_2016_FL-04_0020732.JPG,NACTI : unknown,NACTI : archbold_FL-04,-1,wild boar,,6,test
https://storage.googleapis.com/public-datasets-lila/nacti-unzipped/part0/sub054/CA-17_08_03_2015_CA-17_0017074.jpg,NACTI : CA-17_08_03_2015_CA-17_0017074.jpg,NACTI : unknown,NACTI : lebec_CA-17,-1,wild boar,,6,train
https://storage.googleapis.com/public-datasets-lila/nacti-unzipped/part0/sub087/CA-34_08_04_2015_CA-34_0001402.jpg,NACTI : CA-34_08_04_2015_CA-34_0001402.jpg,NACTI : unknown,NACTI : lebec_CA-34,-1,wild boar,,6,train
https://storage.googleapis.com/public-datasets-lila/nacti-unzipped/part2/sub277/FL-37_03_08_2016_FL-37_0007823.JPG,NACTI : FL-37_03_08_2016_FL-37_0007823.JPG,NACTI : unknown,NACTI : archbold_FL-37,-1,wild boar,,6,train
https://storage.googleapis.com/public-datasets-lila/nacti-unzipped/part1/sub193/FL-16_06_02_2015_FL-16_0021100.jpg,NACTI : FL-16_06_02_2015_FL-16_0021100.jpg,NACTI : unknown,NACTI : archbold_FL-16,-1,wild boar,,6,train
https://storage.googleapis.com/public-datasets-lila/nacti-unzipped/part2/sub219/FL-22_01_21_2016_FL-22_0079807.jpg,NACTI : FL-22_01_21_2016_FL-22_0079807.jpg,NACTI : unknown,NACTI : archbold_FL-22,-1,wild boar,,6,train
https://storage.googleapis.com/public-datasets-lila/nacti-unzipped/part1/sub198/FL-16_11_02_2015_FL-16_0093011.jpg,NACTI : FL-16_11_02_2015_FL-16_0093011.jpg,NACTI : unknown,NACTI : archbold_FL-16,-1,wild boar,,6,train
https://storage.googleapis.com/public-datasets-lila/nacti-unzipped/part1/sub190/FL-16_03_07_2016_FL-16_0110222.JPG,NACTI : FL-16_03_07_2016_FL-16_0110222.JPG,NACTI : unknown,NACTI : archbold_FL-16,-1,wild boar,,6,train
https://storage.googleapis.com/public-datasets-lila/nacti-unzipped/part0/sub042/CA-08_10_14_2015_CA-08_0006009.jpg,NACTI : CA-08_10_14_2015_CA-08_0006009.jpg,NACTI : unknown,NACTI : lebec_CA-08,-1,wild boar,,6,train
https://storage.googleapis.com/public-datasets-lila/nacti-unzipped/part0/sub058/CA-18_11_08_2016_CA-18_0041664.JPG,NACTI : CA-18_11_08_2016_CA-18_0041664.JPG,NACTI : unknown,NACTI : lebec_CA-18,-1,wild boar,,6,val
https://storage.googleapis.com/public-datasets-lila/nacti-unzipped/part1/sub188/FL-15_06_02_2016_FL-15_0020087.JPG,NACTI : FL-15_06_02_2016_FL-15_0020087.JPG,NACTI : unknown,NACTI : archbold_FL-15,-1,wild boar,,6,test
https://storage.googleapis.com/public-datasets-lila/nacti-unzipped/part0/sub088/CA-35_08_04_2015_CA-35_0001245.jpg,NACTI : CA-35_08_04_2015_CA-35_0001245.jpg,NACTI : unknown,NACTI : lebec_CA-35,-1,wild boar,,6,train
https://storage.googleapis.com/public-datasets-lila/nacti-unzipped/part2/sub219/FL-21_12_08_2015_FL-21_0021768.jpg,NACTI : FL-21_12_08_2015_FL-21_0021768.jpg,NACTI : unknown,NACTI : archbold_FL-21,-1,wild boar,,6,test
https://storage.googleapis.com/public-datasets-lila/wcs-unzipped/animals/0329/0005.jpg,WCS Camera Traps : 3f300290-92d5-11e9-8a1b-000d3a74c7de,WCS Camera Traps : idn-001-d0586-14,WCS Camera Traps : 2251,2,wild boar,06-03-2003 00:00:00,6,val
https://storage.googleapis.com/public-datasets-lila/nacti-unzipped/part2/sub283/FL-39_12_07_2015_FL-39_0001404.jpg,NACTI : FL-39_12_07_2015_FL-39_0001404.jpg,NACTI : unknown,NACTI : archbold_FL-39,-1,wild boar,,6,test
https://storage.googleapis.com/public-datasets-lila/nacti-unzipped/part2/sub232/FL-23_11_02_2015_FL-23_0014611.jpg,NACTI : FL-23_11_02_2015_FL-23_0014611.jpg,NACTI : unknown,NACTI : archbold_FL-23,-1,wild boar,,6,train
https://storage.googleapis.com/public-datasets-lila/nacti-unzipped/part1/sub134/FL-05_09_30_2015_FL-05_0024005.jpg,NACTI : FL-05_09_30_2015_FL-05_0024005.jpg,NACTI : unknown,NACTI : archbold_FL-05,-1,wild boar,,6,train
https://storage.googleapis.com/public-datasets-lila/nacti-unzipped/part0/sub089/CA-36_01_28_2016_CA-36_0003590.jpg,NACTI : CA-36_01_28_2016_CA-36_0003590.jpg,NACTI : unknown,NACTI : lebec_CA-36,-1,wild boar,,6,test
https://storage.googleapis.com/public-datasets-lila/nacti-unzipped/part0/sub058/CA-18_08_08_2016_CA-18_0038227.JPG,NACTI : CA-18_08_08_2016_CA-18_0038227.JPG,NACTI : unknown,NACTI : lebec_CA-18,-1,wild boar,,6,val
https://storage.googleapis.com/public-datasets-lila/nacti-unzipped/part0/sub041/CA-08_08_01_2016_CA-08_0012780.JPG,NACTI : CA-08_08_01_2016_CA-08_0012780.JPG,NACTI : unknown,NACTI : lebec_CA-08,-1,wild boar,,6,train
https://storage.googleapis.com/public-datasets-lila/nacti-unzipped/part2/sub280/FL-38_03_07_2016_FL-38_0028196.JPG,NACTI : FL-38_03_07_2016_FL-38_0028196.JPG,NACTI : unknown,NACTI : archbold_FL-38,-1,wild boar,,6,train
https://storage.googleapis.com/public-datasets-lila/nacti-unzipped/part0/sub034/CA-02_08_13_2015_CA-02_0004604.jpg,NACTI : CA-02_08_13_2015_CA-02_0004604.jpg,NACTI : unknown,NACTI : lebec_CA-02,-1,wild boar,,6,train
https://storage.googleapis.com/public-datasets-lila/nacti-unzipped/part2/sub239/FL-26_03_07_2016_FL-26_0025326.JPG,NACTI : FL-26_03_07_2016_FL-26_0025326.JPG,NACTI : unknown,NACTI : archbold_FL-26,-1,wild boar,,6,train
https://storage.googleapis.com/public-datasets-lila/nacti-unzipped/part1/sub129/FL-04_06_30_2015_FL-04_0004757.jpg,NACTI : FL-04_06_30_2015_FL-04_0004757.jpg,NACTI : unknown,NACTI : archbold_FL-04,-1,wild boar,,6,test
https://storage.googleapis.com/public-datasets-lila/nacti-unzipped/part1/sub190/FL-16_05_02_2016_FL-16_0121888.JPG,NACTI : FL-16_05_02_2016_FL-16_0121888.JPG,NACTI : unknown,NACTI : archbold_FL-16,-1,wild boar,,6,train
https://storage.googleapis.com/public-datasets-lila/nacti-unzipped/part2/sub277/FL-37_04_04_2016_FL-37_0010756.JPG,NACTI : FL-37_04_04_2016_FL-37_0010756.JPG,NACTI : unknown,NACTI : archbold_FL-37,-1,wild boar,,6,train
https://storage.googleapis.com/public-datasets-lila/nacti-unzipped/part0/sub053/CA-17_07_01_2016_CA-17_0037599.JPG,NACTI : CA-17_07_01_2016_CA-17_0037599.JPG,NACTI : unknown,NACTI : lebec_CA-17,-1,wild boar,,6,train
https://storage.googleapis.com/public-datasets-lila/nacti-unzipped/part0/sub042/CA-08_09_17_2015_CA-08_0005725.jpg,NACTI : CA-08_09_17_2015_CA-08_0005725.jpg,NACTI : unknown,NACTI : lebec_CA-08,-1,wild boar,,6,train
https://storage.googleapis.com/public-datasets-lila/nacti-unzipped/part2/sub232/FL-23_11_02_2015_FL-23_0013909.jpg,NACTI : FL-23_11_02_2015_FL-23_0013909.jpg,NACTI : unknown,NACTI : archbold_FL-23,-1,wild boar,,6,train
https://storage.googleapis.com/public-datasets-lila/nacti-unzipped/part1/sub104/CA-44_01_27_2016_CA-44_0008431.jpg,NACTI : CA-44_01_27_2016_CA-44_0008431.jpg,NACTI : unknown,NACTI : lebec_CA-44,-1,wild boar,,6,val
https://storage.googleapis.com/public-datasets-lila/nacti-unzipped/part0/sub077/CA-29_10_31_2016_CA-29_0048526.JPG,NACTI : CA-29_10_31_2016_CA-29_0048526.JPG,NACTI : unknown,NACTI : lebec_CA-29,-1,wild boar,,6,train
https://storage.googleapis.com/public-datasets-lila/nacti-unzipped/part1/sub109/CA-46_12_03_2015_CA-46_0010786.jpg,NACTI : CA-46_12_03_2015_CA-46_0010786.jpg,NACTI : unknown,NACTI : lebec_CA-46,-1,wild boar,,6,train
https://storage.googleapis.com/public-datasets-lila/nacti-unzipped/part2/sub272/FL-35_01_12_2016_FL-35_0018671.JPG,NACTI : FL-35_01_12_2016_FL-35_0018671.JPG,NACTI : unknown,NACTI : archbold_FL-35,-1,wild boar,,6,val
https://storage.googleapis.com/public-datasets-lila/nacti-unzipped/part2/sub214/FL-20_05_02_2016_FL-20_0032236.JPG,NACTI : FL-20_05_02_2016_FL-20_0032236.JPG,NACTI : unknown,NACTI : archbold_FL-20,-1,wild boar,,6,train
https://storage.googleapis.com/public-datasets-lila/nacti-unzipped/part1/sub171/FL-11_09_01_2016_FL-11_0022771.JPG,NACTI : FL-11_09_01_2016_FL-11_0022771.JPG,NACTI : unknown,NACTI : archbold_FL-11,-1,wild boar,,6,train
https://storage.googleapis.com/public-datasets-lila/missouricameratraps/images/Set1/1.59-Wild_Boar/SEQ80228/SEQ80228_IMG_0010.JPG,Missouri Camera Traps : 97d31d48-5c15-11ee-8d73-04421a1b1283,Missouri Camera Traps : SEQ80228,Missouri Camera Traps : missouri_camera_traps,10,wild boar,,6,train
https://storage.googleapis.com/public-datasets-lila/nacti-unzipped/part1/sub190/FL-16_05_02_2016_FL-16_0122373.JPG,NACTI : FL-16_05_02_2016_FL-16_0122373.JPG,NACTI : unknown,NACTI : archbold_FL-16,-1,wild boar,,6,train
https://storage.googleapis.com/public-datasets-lila/nacti-unzipped/part2/sub242/FL-27_06_02_2015_FL-27_0005668.jpg,NACTI : FL-27_06_02_2015_FL-27_0005668.jpg,NACTI : unknown,NACTI : archbold_FL-27,-1,wild boar,,6,train
https://storage.googleapis.com/public-datasets-lila/nacti-unzipped/part1/sub193/FL-16_06_02_2015_FL-16_0021163.jpg,NACTI : FL-16_06_02_2015_FL-16_0021163.jpg,NACTI : unknown,NACTI : archbold_FL-16,-1,wild boar,,6,train
https://storage.googleapis.com/public-datasets-lila/nacti-unzipped/part0/sub093/CA-38_07_08_2016_CA-38_0033036.JPG,NACTI : CA-38_07_08_2016_CA-38_0033036.JPG,NACTI : unknown,NACTI : lebec_CA-38,-1,wild boar,,6,val
https://storage.googleapis.com/public-datasets-lila/nacti-unzipped/part2/sub230/FL-23_01_20_2016_FL-23_0018153.jpg,NACTI : FL-23_01_20_2016_FL-23_0018153.jpg,NACTI : unknown,NACTI : archbold_FL-23,-1,wild boar,,6,train
https://storage.googleapis.com/public-datasets-lila/nacti-unzipped/part1/sub133/FL-05_06_02_2016_FL-05_0040081.JPG,NACTI : FL-05_06_02_2016_FL-05_0040081.JPG,NACTI : unknown,NACTI : archbold_FL-05,-1,wild boar,,6,train
https://storage.googleapis.com/public-datasets-lila/nacti-unzipped/part1/sub162/FL-08_12_06_2015_FL-08_0014372.jpg,NACTI : FL-08_12_06_2015_FL-08_0014372.jpg,NACTI : unknown,NACTI : archbold_FL-08,-1,wild boar,,6,test
https://storage.googleapis.com/public-datasets-lila/nacti-unzipped/part0/sub062/CA-21_04_06_2015_CA-21_0000608.jpg,NACTI : CA-21_04_06_2015_CA-21_0000608.jpg,NACTI : unknown,NACTI : lebec_CA-21,-1,wild boar,,6,train
https://storage.googleapis.com/public-datasets-lila/nacti-unzipped/part0/sub099/CA-41_08_04_2015_CA-41_0014824.jpg,NACTI : CA-41_08_04_2015_CA-41_0014824.jpg,NACTI : unknown,NACTI : lebec_CA-41,-1,wild boar,,6,train
https://storage.googleapis.com/public-datasets-lila/nacti-unzipped/part2/sub283/FL-39_03_08_2016_FL-39_0006363.JPG,NACTI : FL-39_03_08_2016_FL-39_0006363.JPG,NACTI : unknown,NACTI : archbold_FL-39,-1,wild boar,,6,test
https://storage.googleapis.com/public-datasets-lila/nacti-unzipped/part2/sub208/FL-18_07_05_2016_FL-18_0026669.JPG,NACTI : FL-18_07_05_2016_FL-18_0026669.JPG,NACTI : unknown,NACTI : archbold_FL-18,-1,wild boar,,6,test
https://storage.googleapis.com/public-datasets-lila/nacti-unzipped/part0/sub051/CA-16_11_13_2015_CA-16_0002406.jpg,NACTI : CA-16_11_13_2015_CA-16_0002406.jpg,NACTI : unknown,NACTI : lebec_CA-16,-1,wild boar,,6,train
https://storage.googleapis.com/public-datasets-lila/nacti-unzipped/part2/sub246/FL-28_01_21_2016_FL-28_0044891.jpg,NACTI : FL-28_01_21_2016_FL-28_0044891.jpg,NACTI : unknown,NACTI : archbold_FL-28,-1,wild boar,,6,train
https://storage.googleapis.com/public-datasets-lila/nacti-unzipped/part1/sub128/FL-04_05_02_2016_FL-04_0019496.JPG,NACTI : FL-04_05_02_2016_FL-04_0019496.JPG,NACTI : unknown,NACTI : archbold_FL-04,-1,wild boar,,6,test
https://storage.googleapis.com/public-datasets-lila/nacti-unzipped/part2/sub242/FL-27_06_02_2015_FL-27_0005651.jpg,NACTI : FL-27_06_02_2015_FL-27_0005651.jpg,NACTI : unknown,NACTI : archbold_FL-27,-1,wild boar,,6,train
https://storage.googleapis.com/public-datasets-lila/nacti-unzipped/part0/sub088/CA-35_08_04_2015_CA-35_0000735.jpg,NACTI : CA-35_08_04_2015_CA-35_0000735.jpg,NACTI : unknown,NACTI : lebec_CA-35,-1,wild boar,,6,train
https://storage.googleapis.com/public-datasets-lila/nacti-unzipped/part1/sub125/FL-03_06_01_2015_FL-03_0012056.jpg,NACTI : FL-03_06_01_2015_FL-03_0012056.jpg,NACTI : unknown,NACTI : archbold_FL-03,-1,wild boar,,6,train
https://storage.googleapis.com/public-datasets-lila/nacti-unzipped/part0/sub077/CA-29_10_03_2016_CA-29_0047813.JPG,NACTI : CA-29_10_03_2016_CA-29_0047813.JPG,NACTI : unknown,NACTI : lebec_CA-29,-1,wild boar,,6,train
https://storage.googleapis.com/public-datasets-lila/nacti-unzipped/part1/sub129/FL-04_06_02_2016_FL-04_0023031.JPG,NACTI : FL-04_06_02_2016_FL-04_0023031.JPG,NACTI : unknown,NACTI : archbold_FL-04,-1,wild boar,,6,test
https://storage.googleapis.com/public-datasets-lila/missouricameratraps/images/Set1/1.59-Wild_Boar/SEQ75709/SEQ75709_IMG_0013.JPG,Missouri Camera Traps : 97e16cd6-5c15-11ee-8d73-04421a1b1283,Missouri Camera Traps : SEQ75709,Missouri Camera Traps : missouri_camera_traps,10,wild boar,,6,train
https://storage.googleapis.com/public-datasets-lila/nacti-unzipped/part0/sub092/CA-37_10_16_2015_CA-37_0020717.jpg,NACTI : CA-37_10_16_2015_CA-37_0020717.jpg,NACTI : unknown,NACTI : lebec_CA-37,-1,wild boar,,6,train
https://storage.googleapis.com/public-datasets-lila/nacti-unzipped/part2/sub271/FL-34_04_04_2016_FL-34_0010502.JPG,NACTI : FL-34_04_04_2016_FL-34_0010502.JPG,NACTI : unknown,NACTI : archbold_FL-34,-1,wild boar,,6,test
https://storage.googleapis.com/public-datasets-lila/nacti-unzipped/part1/sub161/FL-08_05_12_2015_FL-08_0001430.jpg,NACTI : FL-08_05_12_2015_FL-08_0001430.jpg,NACTI : unknown,NACTI : archbold_FL-08,-1,wild boar,,6,test
https://storage.googleapis.com/public-datasets-lila/nacti-unzipped/part0/sub088/CA-34_08_05_2016_CA-34_0028724.JPG,NACTI : CA-34_08_05_2016_CA-34_0028724.JPG,NACTI : unknown,NACTI : lebec_CA-34,-1,wild boar,,6,train
https://storage.googleapis.com/public-datasets-lila/nacti-unzipped/part1/sub105/CA-44_04_30_2015_CA-44_0000257.jpg,NACTI : CA-44_04_30_2015_CA-44_0000257.jpg,NACTI : unknown,NACTI : lebec_CA-44,-1,wild boar,,6,val
https://storage.googleapis.com/public-datasets-lila/nacti-unzipped/part1/sub108/CA-45_10_07_2015_CA-45_0011557.jpg,NACTI : CA-45_10_07_2015_CA-45_0011557.jpg,NACTI : unknown,NACTI : lebec_CA-45,-1,wild boar,,6,train
https://storage.googleapis.com/public-datasets-lila/nacti-unzipped/part0/sub048/CA-13_10_05_2016_CA-13_0012062.JPG,NACTI : CA-13_10_05_2016_CA-13_0012062.JPG,NACTI : unknown,NACTI : lebec_CA-13,-1,wild boar,,6,val
https://storage.googleapis.com/public-datasets-lila/missouricameratraps/images/Set1/1.59-Wild_Boar/SEQ76652/SEQ76652_IMG_0007.JPG,Missouri Camera Traps : 97e123c0-5c15-11ee-8d73-04421a1b1283,Missouri Camera Traps : SEQ76652,Missouri Camera Traps : missouri_camera_traps,6,wild boar,,6,train
https://storage.googleapis.com/public-datasets-lila/nacti-unzipped/part2/sub218/FL-21_07_06_2016_FL-21_0029255.JPG,NACTI : FL-21_07_06_2016_FL-21_0029255.JPG,NACTI : unknown,NACTI : archbold_FL-21,-1,wild boar,,6,test
https://storage.googleapis.com/public-datasets-lila/nacti-unzipped/part2/sub270/FL-34_01_23_2016_FL-34_0001318.jpg,NACTI : FL-34_01_23_2016_FL-34_0001318.jpg,NACTI : unknown,NACTI : archbold_FL-34,-1,wild boar,,6,test
https://storage.googleapis.com/public-datasets-lila/nacti-unzipped/part0/sub050/CA-15_08_12_2015_CA-15_0002104.jpg,NACTI : CA-15_08_12_2015_CA-15_0002104.jpg,NACTI : unknown,NACTI : lebec_CA-15,-1,wild boar,,6,test
https://storage.googleapis.com/public-datasets-lila/nacti-unzipped/part0/sub058/CA-18_10_15_2015_CA-18_0020932.jpg,NACTI : CA-18_10_15_2015_CA-18_0020932.jpg,NACTI : unknown,NACTI : lebec_CA-18,-1,wild boar,,6,val
https://storage.googleapis.com/public-datasets-lila/nacti-unzipped/part2/sub285/FL-40_12_07_2015_FL-40_0003682.jpg,NACTI : FL-40_12_07_2015_FL-40_0003682.jpg,NACTI : unknown,NACTI : archbold_FL-40,-1,wild boar,,6,train
https://storage.googleapis.com/public-datasets-lila/nacti-unzipped/part1/sub109/CA-46_11_02_2015_CA-46_0010236.jpg,NACTI : CA-46_11_02_2015_CA-46_0010236.jpg,NACTI : unknown,NACTI : lebec_CA-46,-1,wild boar,,6,train
https://storage.googleapis.com/public-datasets-lila/nacti-unzipped/part2/sub283/FL-39_03_08_2016_FL-39_0005893.JPG,NACTI : FL-39_03_08_2016_FL-39_0005893.JPG,NACTI : unknown,NACTI : archbold_FL-39,-1,wild boar,,6,test
https://storage.googleapis.com/public-datasets-lila/nacti-unzipped/part2/sub232/FL-23_12_08_2015_FL-23_0016097.jpg,NACTI : FL-23_12_08_2015_FL-23_0016097.jpg,NACTI : unknown,NACTI : archbold_FL-23,-1,wild boar,,6,train
https://storage.googleapis.com/public-datasets-lila/nacti-unzipped/part1/sub171/FL-11_09_30_2015_FL-11_0012706.jpg,NACTI : FL-11_09_30_2015_FL-11_0012706.jpg,NACTI : unknown,NACTI : archbold_FL-11,-1,wild boar,,6,train
https://storage.googleapis.com/public-datasets-lila/nacti-unzipped/part2/sub217/FL-21_06_30_2015_FL-21_0005071.jpg,NACTI : FL-21_06_30_2015_FL-21_0005071.jpg,NACTI : unknown,NACTI : archbold_FL-21,-1,wild boar,,6,test
https://storage.googleapis.com/public-datasets-lila/nacti-unzipped/part0/sub039/CA-06_10_11_2016_CA-06_0018337.JPG,NACTI : CA-06_10_11_2016_CA-06_0018337.JPG,NACTI : unknown,NACTI : lebec_CA-06,-1,wild boar,,6,val
https://storage.googleapis.com/public-datasets-lila/nacti-unzipped/part1/sub190/FL-16_03_07_2016_FL-16_0112793.JPG,NACTI : FL-16_03_07_2016_FL-16_0112793.JPG,NACTI : unknown,NACTI : archbold_FL-16,-1,wild boar,,6,train
https://storage.googleapis.com/public-datasets-lila/nacti-unzipped/part1/sub164/FL-09_05_02_2016_FL-09_0062368.JPG,NACTI : FL-09_05_02_2016_FL-09_0062368.JPG,NACTI : unknown,NACTI : archbold_FL-09,-1,wild boar,,6,train
https://storage.googleapis.com/public-datasets-lila/nacti-unzipped/part1/sub178/FL-12_12_08_2015_FL-12_0020959.jpg,NACTI : FL-12_12_08_2015_FL-12_0020959.jpg,NACTI : unknown,NACTI : archbold_FL-12,-1,wild boar,,6,val
https://storage.googleapis.com/public-datasets-lila/nacti-unzipped/part2/sub270/FL-34_01_23_2016_FL-34_0001204.jpg,NACTI : FL-34_01_23_2016_FL-34_0001204.jpg,NACTI : unknown,NACTI : archbold_FL-34,-1,wild boar,,6,test
https://storage.googleapis.com/public-datasets-lila/nacti-unzipped/part2/sub240/FL-26_11_02_2015_FL-26_0021122.jpg,NACTI : FL-26_11_02_2015_FL-26_0021122.jpg,NACTI : unknown,NACTI : archbold_FL-26,-1,wild boar,,6,train
https://storage.googleapis.com/public-datasets-lila/nacti-unzipped/part2/sub208/FL-18_09_02_2015_FL-18_0015279.jpg,NACTI : FL-18_09_02_2015_FL-18_0015279.jpg,NACTI : unknown,NACTI : archbold_FL-18,-1,wild boar,,6,test
https://storage.googleapis.com/public-datasets-lila/nacti-unzipped/part0/sub080/CA-30_08_03_2015_CA-30_0011401.jpg,NACTI : CA-30_08_03_2015_CA-30_0011401.jpg,NACTI : unknown,NACTI : lebec_CA-30,-1,wild boar,,6,test
https://storage.googleapis.com/public-datasets-lila/nacti-unzipped/part0/sub041/CA-08_04_01_2015_CA-08_0000937.jpg,NACTI : CA-08_04_01_2015_CA-08_0000937.jpg,NACTI : unknown,NACTI : lebec_CA-08,-1,wild boar,,6,train
https://storage.googleapis.com/public-datasets-lila/nacti-unzipped/part1/sub190/FL-16_03_07_2016_FL-16_0110293.JPG,NACTI : FL-16_03_07_2016_FL-16_0110293.JPG,NACTI : unknown,NACTI : archbold_FL-16,-1,wild boar,,6,train
https://storage.googleapis.com/public-datasets-lila/nacti-unzipped/part2/sub239/FL-26_07_29_2015_FL-26_0011000.jpg,NACTI : FL-26_07_29_2015_FL-26_0011000.jpg,NACTI : unknown,NACTI : archbold_FL-26,-1,wild boar,,6,train
https://storage.googleapis.com/public-datasets-lila/nacti-unzipped/part1/sub189/FL-16_03_07_2016_FL-16_0106796.JPG,NACTI : FL-16_03_07_2016_FL-16_0106796.JPG,NACTI : unknown,NACTI : archbold_FL-16,-1,wild boar,,6,train
https://storage.googleapis.com/public-datasets-lila/nacti-unzipped/part2/sub232/FL-23_12_08_2015_FL-23_0015949.jpg,NACTI : FL-23_12_08_2015_FL-23_0015949.jpg,NACTI : unknown,NACTI : archbold_FL-23,-1,wild boar,,6,train
https://storage.googleapis.com/public-datasets-lila/nacti-unzipped/part0/sub057/CA-18_08_03_2015_CA-18_0014066.jpg,NACTI : CA-18_08_03_2015_CA-18_0014066.jpg,NACTI : unknown,NACTI : lebec_CA-18,-1,wild boar,,6,val
https://storage.googleapis.com/public-datasets-lila/nacti-unzipped/part2/sub283/FL-39_06_03_2016_FL-39_0009941.JPG,NACTI : FL-39_06_03_2016_FL-39_0009941.JPG,NACTI : unknown,NACTI : archbold_FL-39,-1,wild boar,,6,test
https://storage.googleapis.com/public-datasets-lila/nacti-unzipped/part2/sub284/FL-40_07_06_2016_FL-40_0022106.JPG,NACTI : FL-40_07_06_2016_FL-40_0022106.JPG,NACTI : unknown,NACTI : archbold_FL-40,-1,wild boar,,6,train
https://storage.googleapis.com/public-datasets-lila/nacti-unzipped/part2/sub228/FL-22_07_29_2015_FL-22_0064989.jpg,NACTI : FL-22_07_29_2015_FL-22_0064989.jpg,NACTI : unknown,NACTI : archbold_FL-22,-1,wild boar,,6,train
https://storage.googleapis.com/public-datasets-lila/nacti-unzipped/part2/sub280/FL-38_03_07_2016_FL-38_0025255.JPG,NACTI : FL-38_03_07_2016_FL-38_0025255.JPG,NACTI : unknown,NACTI : archbold_FL-38,-1,wild boar,,6,train
https://storage.googleapis.com/public-datasets-lila/nacti-unzipped/part0/sub042/CA-08_09_17_2015_CA-08_0005755.jpg,NACTI : CA-08_09_17_2015_CA-08_0005755.jpg,NACTI : unknown,NACTI : lebec_CA-08,-1,wild boar,,6,train
https://storage.googleapis.com/public-datasets-lila/nacti-unzipped/part2/sub283/FL-39_01_23_2016_FL-39_0004330.jpg,NACTI : FL-39_01_23_2016_FL-39_0004330.jpg,NACTI : unknown,NACTI : archbold_FL-39,-1,wild boar,,6,test
https://storage.googleapis.com/public-datasets-lila/nacti-unzipped/part0/sub085/CA-33_08_04_2015_CA-33_0003499.jpg,NACTI : CA-33_08_04_2015_CA-33_0003499.jpg,NACTI : unknown,NACTI : lebec_CA-33,-1,wild boar,,6,train
https://storage.googleapis.com/public-datasets-lila/nacti-unzipped/part2/sub285/FL-40_11_03_2015_FL-40_0002202.jpg,NACTI : FL-40_11_03_2015_FL-40_0002202.jpg,NACTI : unknown,NACTI : archbold_FL-40,-1,wild boar,,6,train
https://storage.googleapis.com/public-datasets-lila/nacti-unzipped/part1/sub193/FL-16_06_02_2015_FL-16_0038740.jpg,NACTI : FL-16_06_02_2015_FL-16_0038740.jpg,NACTI : unknown,NACTI : archbold_FL-16,-1,wild boar,,6,train
https://storage.googleapis.com/public-datasets-lila/nacti-unzipped/part2/sub207/FL-18_01_20_2016_FL-18_0017168.jpg,NACTI : FL-18_01_20_2016_FL-18_0017168.jpg,NACTI : unknown,NACTI : archbold_FL-18,-1,wild boar,,6,test
https://storage.googleapis.com/public-datasets-lila/nacti-unzipped/part2/sub289/FL-43_01_23_2016_FL-43_0005121.jpg,NACTI : FL-43_01_23_2016_FL-43_0005121.jpg,NACTI : unknown,NACTI : archbold_FL-43,-1,wild boar,,6,train
https://storage.googleapis.com/public-datasets-lila/nacti-unzipped/part2/sub290/FL-44_01_23_2016_FL-44_0001679.jpg,NACTI : FL-44_01_23_2016_FL-44_0001679.jpg,NACTI : unknown,NACTI : archbold_FL-44,-1,wild boar,,6,train
https://storage.googleapis.com/public-datasets-lila/nacti-unzipped/part0/sub042/CA-08_12_08_2015_CA-08_0006876.jpg,NACTI : CA-08_12_08_2015_CA-08_0006876.jpg,NACTI : unknown,NACTI : lebec_CA-08,-1,wild boar,,6,train
https://storage.googleapis.com/public-datasets-lila/nacti-unzipped/part0/sub088/CA-34_11_08_2016_CA-34_0031749.JPG,NACTI : CA-34_11_08_2016_CA-34_0031749.JPG,NACTI : unknown,NACTI : lebec_CA-34,-1,wild boar,,6,train
https://storage.googleapis.com/public-datasets-lila/nacti-unzipped/part1/sub135/FL-05_12_08_2015_FL-05_0027159.jpg,NACTI : FL-05_12_08_2015_FL-05_0027159.jpg,NACTI : unknown,NACTI : archbold_FL-05,-1,wild boar,,6,train
https://storage.googleapis.com/public-datasets-lila/wcs-unzipped/animals/0329/1886.jpg,WCS Camera Traps : 3f86d4f9-92d5-11e9-8da6-000d3a74c7de,WCS Camera Traps : idn-001-d0996-9,WCS Camera Traps : 2414,1,wild boar,10-04-2004 09:28:00,6,train
https://storage.googleapis.com/public-datasets-lila/nacti-unzipped/part2/sub284/FL-40_05_03_2016_FL-40_0016032.JPG,NACTI : FL-40_05_03_2016_FL-40_0016032.JPG,NACTI : unknown,NACTI : archbold_FL-40,-1,wild boar,,6,train
https://storage.googleapis.com/public-datasets-lila/nacti-unzipped/part2/sub277/FL-37_04_04_2016_FL-37_0009311.JPG,NACTI : FL-37_04_04_2016_FL-37_0009311.JPG,NACTI : unknown,NACTI : archbold_FL-37,-1,wild boar,,6,train
https://storage.googleapis.com/public-datasets-lila/nacti-unzipped/part1/sub198/FL-16_08_05_2016_FL-16_0141353.JPG,NACTI : FL-16_08_05_2016_FL-16_0141353.JPG,NACTI : unknown,NACTI : archbold_FL-16,-1,wild boar,,6,train
https://storage.googleapis.com/public-datasets-lila/nacti-unzipped/part2/sub241/FL-27_06_02_2015_FL-27_0000215.jpg,NACTI : FL-27_06_02_2015_FL-27_0000215.jpg,NACTI : unknown,NACTI : archbold_FL-27,-1,wild boar,,6,train
https://storage.googleapis.com/public-datasets-lila/nacti-unzipped/part0/sub039/CA-06_08_04_2015_CA-06_0003295.jpg,NACTI : CA-06_08_04_2015_CA-06_0003295.jpg,NACTI : unknown,NACTI : lebec_CA-06,-1,wild boar,,6,val
https://storage.googleapis.com/public-datasets-lila/nacti-unzipped/part2/sub242/FL-27_06_02_2015_FL-27_0006302.jpg,NACTI : FL-27_06_02_2015_FL-27_0006302.jpg,NACTI : unknown,NACTI : archbold_FL-27,-1,wild boar,,6,train
https://storage.googleapis.com/public-datasets-lila/nacti-unzipped/part1/sub171/FL-11_11_02_2015_FL-11_0013484.jpg,NACTI : FL-11_11_02_2015_FL-11_0013484.jpg,NACTI : unknown,NACTI : archbold_FL-11,-1,wild boar,,6,train
https://storage.googleapis.com/public-datasets-lila/nacti-unzipped/part1/sub101/CA-42_09_16_2015_CA-42_0010813.jpg,NACTI : CA-42_09_16_2015_CA-42_0010813.jpg,NACTI : unknown,NACTI : lebec_CA-42,-1,wild boar,,6,train
https://storage.googleapis.com/public-datasets-lila/nacti-unzipped/part1/sub198/FL-16_10_01_2015_FL-16_0091413.jpg,NACTI : FL-16_10_01_2015_FL-16_0091413.jpg,NACTI : unknown,NACTI : archbold_FL-16,-1,wild boar,,6,train
https://storage.googleapis.com/public-datasets-lila/nacti-unzipped/part0/sub058/CA-18_09_18_2015_CA-18_0019325.jpg,NACTI : CA-18_09_18_2015_CA-18_0019325.jpg,NACTI : unknown,NACTI : lebec_CA-18,-1,wild boar,,6,val
https://storage.googleapis.com/public-datasets-lila/nacti-unzipped/part1/sub168/FL-09_09_03_2015_FL-09_0033578.jpg,NACTI : FL-09_09_03_2015_FL-09_0033578.jpg,NACTI : unknown,NACTI : archbold_FL-09,-1,wild boar,,6,train
https://storage.googleapis.com/public-datasets-lila/nacti-unzipped/part0/sub069/CA-27_04_06_2015_CA-27_0001053.jpg,NACTI : CA-27_04_06_2015_CA-27_0001053.jpg,NACTI : unknown,NACTI : lebec_CA-27,-1,wild boar,,6,train
https://storage.googleapis.com/public-datasets-lila/nacti-unzipped/part0/sub077/CA-30_03_06_2015_CA-30_0000233.jpg,NACTI : CA-30_03_06_2015_CA-30_0000233.jpg,NACTI : unknown,NACTI : lebec_CA-30,-1,wild boar,,6,test
https://storage.googleapis.com/public-datasets-lila/nacti-unzipped/part1/sub199/FL-16_11_02_2015_FL-16_0097638.jpg,NACTI : FL-16_11_02_2015_FL-16_0097638.jpg,NACTI : unknown,NACTI : archbold_FL-16,-1,wild boar,,6,train
https://storage.googleapis.com/public-datasets-lila/nacti-unzipped/part1/sub116/FL-01_11_02_2015_FL-01_0038190.jpg,NACTI : FL-01_11_02_2015_FL-01_0038190.jpg,NACTI : unknown,NACTI : archbold_FL-01,-1,wild boar,,6,train
https://storage.googleapis.com/public-datasets-lila/nacti-unzipped/part2/sub275/FL-35_10_01_2015_FL-35_0000554.jpg,NACTI : FL-35_10_01_2015_FL-35_0000554.jpg,NACTI : unknown,NACTI : archbold_FL-35,-1,wild boar,,6,val
https://storage.googleapis.com/public-datasets-lila/nacti-unzipped/part0/sub067/CA-24_11_02_2015_CA-24_0012546.jpg,NACTI : CA-24_11_02_2015_CA-24_0012546.jpg,NACTI : unknown,NACTI : lebec_CA-24,-1,wild boar,,6,train
https://storage.googleapis.com/public-datasets-lila/nacti-unzipped/part2/sub232/FL-23_11_02_2015_FL-23_0013754.jpg,NACTI : FL-23_11_02_2015_FL-23_0013754.jpg,NACTI : unknown,NACTI : archbold_FL-23,-1,wild boar,,6,train
https://storage.googleapis.com/public-datasets-lila/nacti-unzipped/part2/sub277/FL-37_04_04_2016_FL-37_0009839.JPG,NACTI : FL-37_04_04_2016_FL-37_0009839.JPG,NACTI : unknown,NACTI : archbold_FL-37,-1,wild boar,,6,train
https://storage.googleapis.com/public-datasets-lila/nacti-unzipped/part1/sub108/CA-46_01_21_2016_CA-46_0010991.jpg,NACTI : CA-46_01_21_2016_CA-46_0010991.jpg,NACTI : unknown,NACTI : lebec_CA-46,-1,wild boar,,6,train
https://storage.googleapis.com/public-datasets-lila/nacti-unzipped/part2/sub241/FL-27_05_02_2016_FL-27_0053864.JPG,NACTI : FL-27_05_02_2016_FL-27_0053864.JPG,NACTI : unknown,NACTI : archbold_FL-27,-1,wild boar,,6,train
https://storage.googleapis.com/public-datasets-lila/nacti-unzipped/part2/sub232/FL-23_11_02_2015_FL-23_0013311.jpg,NACTI : FL-23_11_02_2015_FL-23_0013311.jpg,NACTI : unknown,NACTI : archbold_FL-23,-1,wild boar,,6,train
https://storage.googleapis.com/public-datasets-lila/wcs-unzipped/animals/0036/0739.jpg,WCS Camera Traps : d443f18a-92d4-11e9-a539-000d3a74c7de,WCS Camera Traps : idn-002-d0140-24,WCS Camera Traps : 551,1,wild boar,07-07-2000 07:38:00,6,test
https://storage.googleapis.com/public-datasets-lila/nacti-unzipped/part2/sub284/FL-40_05_03_2016_FL-40_0017009.JPG,NACTI : FL-40_05_03_2016_FL-40_0017009.JPG,NACTI : unknown,NACTI : archbold_FL-40,-1,wild boar,,6,train
https://storage.googleapis.com/public-datasets-lila/nacti-unzipped/part1/sub134/FL-05_07_28_2015_FL-05_0022489.jpg,NACTI : FL-05_07_28_2015_FL-05_0022489.jpg,NACTI : unknown,NACTI : archbold_FL-05,-1,wild boar,,6,train
https://storage.googleapis.com/public-datasets-lila/nacti-unzipped/part1/sub107/CA-44_09_11_2015_CA-44_0006989.jpg,NACTI : CA-44_09_11_2015_CA-44_0006989.jpg,NACTI : unknown,NACTI : lebec_CA-44,-1,wild boar,,6,val
https://storage.googleapis.com/public-datasets-lila/nacti-unzipped/part0/sub051/CA-17_03_04_2016_CA-17_0027394.JPG,NACTI : CA-17_03_04_2016_CA-17_0027394.JPG,NACTI : unknown,NACTI : lebec_CA-17,-1,wild boar,,6,train
https://storage.googleapis.com/public-datasets-lila/nacti-unzipped/part0/sub058/CA-18_09_18_2015_CA-18_0019594.jpg,NACTI : CA-18_09_18_2015_CA-18_0019594.jpg,NACTI : unknown,NACTI : lebec_CA-18,-1,wild boar,,6,val
https://storage.googleapis.com/public-datasets-lila/nacti-unzipped/part0/sub040/CA-07_08_04_2015_CA-07_0005286.jpg,NACTI : CA-07_08_04_2015_CA-07_0005286.jpg,NACTI : unknown,NACTI : lebec_CA-07,-1,wild boar,,6,test
https://storage.googleapis.com/public-datasets-lila/nacti-unzipped/part2/sub246/FL-27_10_01_2015_FL-27_0038988.jpg,NACTI : FL-27_10_01_2015_FL-27_0038988.jpg,NACTI : unknown,NACTI : archbold_FL-27,-1,wild boar,,6,train
https://storage.googleapis.com/public-datasets-lila/nacti-unzipped/part0/sub055/CA-17_11_08_2016_CA-17_0049788.JPG,NACTI : CA-17_11_08_2016_CA-17_0049788.JPG,NACTI : unknown,NACTI : lebec_CA-17,-1,wild boar,,6,train
https://storage.googleapis.com/public-datasets-lila/nacti-unzipped/part1/sub129/FL-04_06_30_2015_FL-04_0003567.jpg,NACTI : FL-04_06_30_2015_FL-04_0003567.jpg,NACTI : unknown,NACTI : archbold_FL-04,-1,wild boar,,6,test
https://storage.googleapis.com/public-datasets-lila/nacti-unzipped/part2/sub232/FL-23_12_08_2015_FL-23_0017950.jpg,NACTI : FL-23_12_08_2015_FL-23_0017950.jpg,NACTI : unknown,NACTI : archbold_FL-23,-1,wild boar,,6,train
https://storage.googleapis.com/public-datasets-lila/nacti-unzipped/part0/sub065/CA-23_08_13_2015_CA-23_0018907.jpg,NACTI : CA-23_08_13_2015_CA-23_0018907.jpg,NACTI : unknown,NACTI : lebec_CA-23,-1,wild boar,,6,train
https://storage.googleapis.com/public-datasets-lila/nacti-unzipped/part1/sub106/CA-44_08_12_2015_CA-44_0002593.jpg,NACTI : CA-44_08_12_2015_CA-44_0002593.jpg,NACTI : unknown,NACTI : lebec_CA-44,-1,wild boar,,6,val
https://storage.googleapis.com/public-datasets-lila/nacti-unzipped/part1/sub189/FL-15_12_06_2015_FL-15_0011355.jpg,NACTI : FL-15_12_06_2015_FL-15_0011355.jpg,NACTI : unknown,NACTI : archbold_FL-15,-1,wild boar,,6,test
https://storage.googleapis.com/public-datasets-lila/nacti-unzipped/part0/sub040/CA-07_03_09_2015_CA-07_0000145.jpg,NACTI : CA-07_03_09_2015_CA-07_0000145.jpg,NACTI : unknown,NACTI : lebec_CA-07,-1,wild boar,,6,test
https://storage.googleapis.com/public-datasets-lila/nacti-unzipped/part1/sub129/FL-04_06_30_2015_FL-04_0005939.jpg,NACTI : FL-04_06_30_2015_FL-04_0005939.jpg,NACTI : unknown,NACTI : archbold_FL-04,-1,wild boar,,6,test
https://storage.googleapis.com/public-datasets-lila/nacti-unzipped/part1/sub102/CA-43_01_28_2016_CA-43_0005993.jpg,NACTI : CA-43_01_28_2016_CA-43_0005993.jpg,NACTI : unknown,NACTI : lebec_CA-43,-1,wild boar,,6,val
https://storage.googleapis.com/public-datasets-lila/nacti-unzipped/part2/sub219/FL-22_01_21_2016_FL-22_0078745.jpg,NACTI : FL-22_01_21_2016_FL-22_0078745.jpg,NACTI : unknown,NACTI : archbold_FL-22,-1,wild boar,,6,train
https://storage.googleapis.com/public-datasets-lila/nacti-unzipped/part1/sub129/FL-04_06_02_2016_FL-04_0021872.JPG,NACTI : FL-04_06_02_2016_FL-04_0021872.JPG,NACTI : unknown,NACTI : archbold_FL-04,-1,wild boar,,6,test
https://storage.googleapis.com/public-datasets-lila/nacti-unzipped/part1/sub129/FL-04_06_30_2015_FL-04_0004790.jpg,NACTI : FL-04_06_30_2015_FL-04_0004790.jpg,NACTI : unknown,NACTI : archbold_FL-04,-1,wild boar,,6,test
https://storage.googleapis.com/public-datasets-lila/nacti-unzipped/part0/sub058/CA-18_09_12_2016_CA-18_0038631.JPG,NACTI : CA-18_09_12_2016_CA-18_0038631.JPG,NACTI : unknown,NACTI : lebec_CA-18,-1,wild boar,,6,val
https://storage.googleapis.com/public-datasets-lila/nacti-unzipped/part0/sub058/CA-18_09_18_2015_CA-18_0020275.jpg,NACTI : CA-18_09_18_2015_CA-18_0020275.jpg,NACTI : unknown,NACTI : lebec_CA-18,-1,wild boar,,6,val
https://storage.googleapis.com/public-datasets-lila/nacti-unzipped/part1/sub198/FL-16_11_02_2015_FL-16_0095963.jpg,NACTI : FL-16_11_02_2015_FL-16_0095963.jpg,NACTI : unknown,NACTI : archbold_FL-16,-1,wild boar,,6,train
https://storage.googleapis.com/public-datasets-lila/nacti-unzipped/part2/sub283/FL-39_04_05_2016_FL-39_0007873.JPG,NACTI : FL-39_04_05_2016_FL-39_0007873.JPG,NACTI : unknown,NACTI : archbold_FL-39,-1,wild boar,,6,test
https://storage.googleapis.com/public-datasets-lila/nacti-unzipped/part2/sub270/FL-34_04_04_2016_FL-34_0006417.JPG,NACTI : FL-34_04_04_2016_FL-34_0006417.JPG,NACTI : unknown,NACTI : archbold_FL-34,-1,wild boar,,6,test
https://storage.googleapis.com/public-datasets-lila/nacti-unzipped/part1/sub195/FL-16_06_02_2015_FL-16_0058877.jpg,NACTI : FL-16_06_02_2015_FL-16_0058877.jpg,NACTI : unknown,NACTI : archbold_FL-16,-1,wild boar,,6,train
https://storage.googleapis.com/public-datasets-lila/nacti-unzipped/part0/sub063/CA-22_09_15_2015_CA-22_0009160.jpg,NACTI : CA-22_09_15_2015_CA-22_0009160.jpg,NACTI : unknown,NACTI : lebec_CA-22,-1,wild boar,,6,train
https://storage.googleapis.com/public-datasets-lila/nacti-unzipped/part0/sub068/CA-25_09_18_2015_CA-25_0012638.jpg,NACTI : CA-25_09_18_2015_CA-25_0012638.jpg,NACTI : unknown,NACTI : lebec_CA-25,-1,wild boar,,6,train
https://storage.googleapis.com/public-datasets-lila/nacti-unzipped/part2/sub290/FL-43_08_15_2016_FL-43_0013841.JPG,NACTI : FL-43_08_15_2016_FL-43_0013841.JPG,NACTI : unknown,NACTI : archbold_FL-43,-1,wild boar,,6,train
https://storage.googleapis.com/public-datasets-lila/nacti-unzipped/part2/sub276/FL-36_09_05_2016_FL-36_0023930.JPG,NACTI : FL-36_09_05_2016_FL-36_0023930.JPG,NACTI : unknown,NACTI : archbold_FL-36,-1,wild boar,,6,train
https://storage.googleapis.com/public-datasets-lila/nacti-unzipped/part1/sub198/FL-16_09_03_2015_FL-16_0090687.jpg,NACTI : FL-16_09_03_2015_FL-16_0090687.jpg,NACTI : unknown,NACTI : archbold_FL-16,-1,wild boar,,6,train
https://storage.googleapis.com/public-datasets-lila/nacti-unzipped/part1/sub106/CA-44_08_12_2015_CA-44_0002961.jpg,NACTI : CA-44_08_12_2015_CA-44_0002961.jpg,NACTI : unknown,NACTI : lebec_CA-44,-1,wild boar,,6,val
https://storage.googleapis.com/public-datasets-lila/nacti-unzipped/part1/sub107/CA-45_08_03_2015_CA-45_0003317.jpg,NACTI : CA-45_08_03_2015_CA-45_0003317.jpg,NACTI : unknown,NACTI : lebec_CA-45,-1,wild boar,,6,train
https://storage.googleapis.com/public-datasets-lila/nacti-unzipped/part1/sub100/CA-41_11_08_2016_CA-41_0028791.JPG,NACTI : CA-41_11_08_2016_CA-41_0028791.JPG,NACTI : unknown,NACTI : lebec_CA-41,-1,wild boar,,6,train
https://storage.googleapis.com/public-datasets-lila/nacti-unzipped/part0/sub088/CA-34_08_05_2016_CA-34_0029296.JPG,NACTI : CA-34_08_05_2016_CA-34_0029296.JPG,NACTI : unknown,NACTI : lebec_CA-34,-1,wild boar,,6,train
https://storage.googleapis.com/public-datasets-lila/nacti-unzipped/part0/sub042/CA-08_09_17_2015_CA-08_0005530.jpg,NACTI : CA-08_09_17_2015_CA-08_0005530.jpg,NACTI : unknown,NACTI : lebec_CA-08,-1,wild boar,,6,train
https://storage.googleapis.com/public-datasets-lila/nacti-unzipped/part1/sub134/FL-05_07_05_2016_FL-05_0041339.JPG,NACTI : FL-05_07_05_2016_FL-05_0041339.JPG,NACTI : unknown,NACTI : archbold_FL-05,-1,wild boar,,6,train
https://storage.googleapis.com/public-datasets-lila/nacti-unzipped/part1/sub106/CA-44_08_12_2015_CA-44_0005189.jpg,NACTI : CA-44_08_12_2015_CA-44_0005189.jpg,NACTI : unknown,NACTI : lebec_CA-44,-1,wild boar,,6,val
https://storage.googleapis.com/public-datasets-lila/nacti-unzipped/part1/sub193/FL-16_06_02_2015_FL-16_0033017.jpg,NACTI : FL-16_06_02_2015_FL-16_0033017.jpg,NACTI : unknown,NACTI : archbold_FL-16,-1,wild boar,,6,train
https://storage.googleapis.com/public-datasets-lila/nacti-unzipped/part2/sub247/FL-28_05_03_2016_FL-28_0050106.JPG,NACTI : FL-28_05_03_2016_FL-28_0050106.JPG,NACTI : unknown,NACTI : archbold_FL-28,-1,wild boar,,6,train
https://storage.googleapis.com/public-datasets-lila/nacti-unzipped/part2/sub281/FL-38_03_07_2016_FL-38_0030511.JPG,NACTI : FL-38_03_07_2016_FL-38_0030511.JPG,NACTI : unknown,NACTI : archbold_FL-38,-1,wild boar,,6,train
https://storage.googleapis.com/public-datasets-lila/nacti-unzipped/part2/sub230/FL-23_04_04_2016_FL-23_0020256.JPG,NACTI : FL-23_04_04_2016_FL-23_0020256.JPG,NACTI : unknown,NACTI : archbold_FL-23,-1,wild boar,,6,train
https://storage.googleapis.com/public-datasets-lila/nacti-unzipped/part2/sub228/FL-22_07_29_2015_FL-22_0061227.jpg,NACTI : FL-22_07_29_2015_FL-22_0061227.jpg,NACTI : unknown,NACTI : archbold_FL-22,-1,wild boar,,6,train
https://storage.googleapis.com/public-datasets-lila/nacti-unzipped/part2/sub290/FL-44_10_01_2015_FL-44_0000029.jpg,NACTI : FL-44_10_01_2015_FL-44_0000029.jpg,NACTI : unknown,NACTI : archbold_FL-44,-1,wild boar,,6,train
https://storage.googleapis.com/public-datasets-lila/nacti-unzipped/part1/sub131/FL-05_04_04_2016_FL-05_0034139.JPG,NACTI : FL-05_04_04_2016_FL-05_0034139.JPG,NACTI : unknown,NACTI : archbold_FL-05,-1,wild boar,,6,train
https://storage.googleapis.com/public-datasets-lila/nacti-unzipped/part0/sub059/CA-19_08_13_2015_CA-19_0014396.jpg,NACTI : CA-19_08_13_2015_CA-19_0014396.jpg,NACTI : unknown,NACTI : lebec_CA-19,-1,wild boar,,6,train
https://storage.googleapis.com/public-datasets-lila/nacti-unzipped/part1/sub193/FL-16_06_02_2015_FL-16_0032143.jpg,NACTI : FL-16_06_02_2015_FL-16_0032143.jpg,NACTI : unknown,NACTI : archbold_FL-16,-1,wild boar,,6,train
https://storage.googleapis.com/public-datasets-lila/nacti-unzipped/part0/sub085/CA-33_07_06_2016_CA-33_0024203.JPG,NACTI : CA-33_07_06_2016_CA-33_0024203.JPG,NACTI : unknown,NACTI : lebec_CA-33,-1,wild boar,,6,train
https://storage.googleapis.com/public-datasets-lila/nacti-unzipped/part2/sub284/FL-40_06_03_2016_FL-40_0018204.JPG,NACTI : FL-40_06_03_2016_FL-40_0018204.JPG,NACTI : unknown,NACTI : archbold_FL-40,-1,wild boar,,6,train
https://storage.googleapis.com/public-datasets-lila/nacti-unzipped/part2/sub219/FL-21_11_02_2015_FL-21_0020292.jpg,NACTI : FL-21_11_02_2015_FL-21_0020292.jpg,NACTI : unknown,NACTI : archbold_FL-21,-1,wild boar,,6,test
https://storage.googleapis.com/public-datasets-lila/nacti-unzipped/part2/sub278/FL-37_06_03_2016_FL-37_0015702.JPG,NACTI : FL-37_06_03_2016_FL-37_0015702.JPG,NACTI : unknown,NACTI : archbold_FL-37,-1,wild boar,,6,train
https://storage.googleapis.com/public-datasets-lila/wcs-unzipped/animals/0409/0605.jpg,WCS Camera Traps : 5c4fb2aa-92d5-11e9-a765-000d3a74c7de,WCS Camera Traps : idn-003-d0171-5,WCS Camera Traps : 2895,1,wild boar,09-01-2010 02:29:11,6,train
https://storage.googleapis.com/public-datasets-lila/nacti-unzipped/part2/sub283/FL-39_08_15_2016_FL-39_0011024.JPG,NACTI : FL-39_08_15_2016_FL-39_0011024.JPG,NACTI : unknown,NACTI : archbold_FL-39,-1,wild boar,,6,test
https://storage.googleapis.com/public-datasets-lila/nacti-unzipped/part0/sub099/CA-41_09_16_2015_CA-41_0015368.jpg,NACTI : CA-41_09_16_2015_CA-41_0015368.jpg,NACTI : unknown,NACTI : lebec_CA-41,-1,wild boar,,6,train
https://storage.googleapis.com/public-datasets-lila/nacti-unzipped/part1/sub123/FL-02_11_02_2015_FL-02_0050979.jpg,NACTI : FL-02_11_02_2015_FL-02_0050979.jpg,NACTI : unknown,NACTI : archbold_FL-02,-1,wild boar,,6,train
https://storage.googleapis.com/public-datasets-lila/nacti-unzipped/part2/sub202/FL-17_06_02_2016_FL-17_0073684.JPG,NACTI : FL-17_06_02_2016_FL-17_0073684.JPG,NACTI : unknown,NACTI : archbold_FL-17,-1,wild boar,,6,train
https://storage.googleapis.com/public-datasets-lila/nacti-unzipped/part1/sub198/FL-16_11_02_2015_FL-16_0096365.jpg,NACTI : FL-16_11_02_2015_FL-16_0096365.jpg,NACTI : unknown,NACTI : archbold_FL-16,-1,wild boar,,6,train
https://storage.googleapis.com/public-datasets-lila/nacti-unzipped/part0/sub086/CA-34_04_05_2016_CA-34_0020048.JPG,NACTI : CA-34_04_05_2016_CA-34_0020048.JPG,NACTI : unknown,NACTI : lebec_CA-34,-1,wild boar,,6,train
https://storage.googleapis.com/public-datasets-lila/nacti-unzipped/part1/sub109/CA-46_11_02_2015_CA-46_0009954.jpg,NACTI : CA-46_11_02_2015_CA-46_0009954.jpg,NACTI : unknown,NACTI : lebec_CA-46,-1,wild boar,,6,train
https://storage.googleapis.com/public-datasets-lila/nacti-unzipped/part0/sub099/CA-41_09_16_2015_CA-41_0016318.jpg,NACTI : CA-41_09_16_2015_CA-41_0016318.jpg,NACTI : unknown,NACTI : lebec_CA-41,-1,wild boar,,6,train
https://storage.googleapis.com/public-datasets-lila/nacti-unzipped/part2/sub221/FL-22_05_02_2016_FL-22_0100981.JPG,NACTI : FL-22_05_02_2016_FL-22_0100981.JPG,NACTI : unknown,NACTI : archbold_FL-22,-1,wild boar,,6,train
https://storage.googleapis.com/public-datasets-lila/nacti-unzipped/part2/sub230/FL-23_01_20_2016_FL-23_0018471.jpg,NACTI : FL-23_01_20_2016_FL-23_0018471.jpg,NACTI : unknown,NACTI : archbold_FL-23,-1,wild boar,,6,train
https://storage.googleapis.com/public-datasets-lila/nacti-unzipped/part2/sub211/FL-19_07_05_2016_FL-19_0056918.JPG,NACTI : FL-19_07_05_2016_FL-19_0056918.JPG,NACTI : unknown,NACTI : archbold_FL-19,-1,wild boar,,6,train
https://storage.googleapis.com/public-datasets-lila/nacti-unzipped/part1/sub161/FL-08_05_12_2015_FL-08_0000835.jpg,NACTI : FL-08_05_12_2015_FL-08_0000835.jpg,NACTI : unknown,NACTI : archbold_FL-08,-1,wild boar,,6,test
https://storage.googleapis.com/public-datasets-lila/nacti-unzipped/part1/sub131/FL-05_01_20_2016_FL-05_0030724.jpg,NACTI : FL-05_01_20_2016_FL-05_0030724.jpg,NACTI : unknown,NACTI : archbold_FL-05,-1,wild boar,,6,train
https://storage.googleapis.com/public-datasets-lila/nacti-unzipped/part1/sub135/FL-05_11_02_2015_FL-05_0025444.jpg,NACTI : FL-05_11_02_2015_FL-05_0025444.jpg,NACTI : unknown,NACTI : archbold_FL-05,-1,wild boar,,6,train
https://storage.googleapis.com/public-datasets-lila/nacti-unzipped/part0/sub041/CA-08_07_12_2016_CA-08_0011968.JPG,NACTI : CA-08_07_12_2016_CA-08_0011968.JPG,NACTI : unknown,NACTI : lebec_CA-08,-1,wild boar,,6,train
https://storage.googleapis.com/public-datasets-lila/nacti-unzipped/part0/sub046/CA-11_11_01_2016_CA-11_0021217.JPG,NACTI : CA-11_11_01_2016_CA-11_0021217.JPG,NACTI : unknown,NACTI : lebec_CA-11,-1,wild boar,,6,train
https://storage.googleapis.com/public-datasets-lila/nacti-unzipped/part2/sub265/FL-31_07_29_2015_FL-31_0020710.jpg,NACTI : FL-31_07_29_2015_FL-31_0020710.jpg,NACTI : unknown,NACTI : archbold_FL-31,-1,wild boar,,6,test
https://storage.googleapis.com/public-datasets-lila/nacti-unzipped/part0/sub040/CA-06_10_11_2016_CA-06_0019068.JPG,NACTI : CA-06_10_11_2016_CA-06_0019068.JPG,NACTI : unknown,NACTI : lebec_CA-06,-1,wild boar,,6,val
https://storage.googleapis.com/public-datasets-lila/nacti-unzipped/part0/sub038/CA-04_10_31_2016_CA-04_0025330.JPG,NACTI : CA-04_10_31_2016_CA-04_0025330.JPG,NACTI : unknown,NACTI : lebec_CA-04,-1,wild boar,,6,train
https://storage.googleapis.com/public-datasets-lila/nacti-unzipped/part2/sub271/FL-34_05_03_2016_FL-34_0014056.JPG,NACTI : FL-34_05_03_2016_FL-34_0014056.JPG,NACTI : unknown,NACTI : archbold_FL-34,-1,wild boar,,6,test
https://storage.googleapis.com/public-datasets-lila/nacti-unzipped/part1/sub189/FL-15_09_01_2016_FL-15_0022040.JPG,NACTI : FL-15_09_01_2016_FL-15_0022040.JPG,NACTI : unknown,NACTI : archbold_FL-15,-1,wild boar,,6,test
https://storage.googleapis.com/public-datasets-lila/nacti-unzipped/part1/sub198/FL-16_09_03_2015_FL-16_0089884.jpg,NACTI : FL-16_09_03_2015_FL-16_0089884.jpg,NACTI : unknown,NACTI : archbold_FL-16,-1,wild boar,,6,train
https://storage.googleapis.com/public-datasets-lila/nacti-unzipped/part0/sub047/CA-13_03_03_2015_CA-13_0000235.jpg,NACTI : CA-13_03_03_2015_CA-13_0000235.jpg,NACTI : unknown,NACTI : lebec_CA-13,-1,wild boar,,6,val
https://storage.googleapis.com/public-datasets-lila/nacti-unzipped/part2/sub242/FL-27_06_02_2015_FL-27_0008671.jpg,NACTI : FL-27_06_02_2015_FL-27_0008671.jpg,NACTI : unknown,NACTI : archbold_FL-27,-1,wild boar,,6,train
https://storage.googleapis.com/public-datasets-lila/nacti-unzipped/part0/sub080/CA-30_08_03_2015_CA-30_0012470.jpg,NACTI : CA-30_08_03_2015_CA-30_0012470.jpg,NACTI : unknown,NACTI : lebec_CA-30,-1,wild boar,,6,test
https://storage.googleapis.com/public-datasets-lila/nacti-unzipped/part0/sub055/CA-17_11_08_2016_CA-17_0048603.JPG,NACTI : CA-17_11_08_2016_CA-17_0048603.JPG,NACTI : unknown,NACTI : lebec_CA-17,-1,wild boar,,6,train
https://storage.googleapis.com/public-datasets-lila/nacti-unzipped/part0/sub088/CA-34_08_05_2016_CA-34_0029132.JPG,NACTI : CA-34_08_05_2016_CA-34_0029132.JPG,NACTI : unknown,NACTI : lebec_CA-34,-1,wild boar,,6,train
https://storage.googleapis.com/public-datasets-lila/nacti-unzipped/part1/sub126/FL-03_07_28_2015_FL-03_0022842.jpg,NACTI : FL-03_07_28_2015_FL-03_0022842.jpg,NACTI : unknown,NACTI : archbold_FL-03,-1,wild boar,,6,train
https://storage.googleapis.com/public-datasets-lila/nacti-unzipped/part0/sub040/CA-07_02_16_2016_CA-07_0007201.jpg,NACTI : CA-07_02_16_2016_CA-07_0007201.jpg,NACTI : unknown,NACTI : lebec_CA-07,-1,wild boar,,6,test
https://storage.googleapis.com/public-datasets-lila/nacti-unzipped/part1/sub196/FL-16_06_02_2016_FL-16_0135999.JPG,NACTI : FL-16_06_02_2016_FL-16_0135999.JPG,NACTI : unknown,NACTI : archbold_FL-16,-1,wild boar,,6,train
https://storage.googleapis.com/public-datasets-lila/nacti-unzipped/part0/sub058/CA-18_11_08_2016_CA-18_0042039.JPG,NACTI : CA-18_11_08_2016_CA-18_0042039.JPG,NACTI : unknown,NACTI : lebec_CA-18,-1,wild boar,,6,val
https://storage.googleapis.com/public-datasets-lila/nacti-unzipped/part1/sub106/CA-44_08_12_2015_CA-44_0002074.jpg,NACTI : CA-44_08_12_2015_CA-44_0002074.jpg,NACTI : unknown,NACTI : lebec_CA-44,-1,wild boar,,6,val
https://storage.googleapis.com/public-datasets-lila/nacti-unzipped/part1/sub199/FL-16_12_06_2015_FL-16_0098918.jpg,NACTI : FL-16_12_06_2015_FL-16_0098918.jpg,NACTI : unknown,NACTI : archbold_FL-16,-1,wild boar,,6,train
https://storage.googleapis.com/public-datasets-lila/nacti-unzipped/part1/sub131/FL-05_04_04_2016_FL-05_0034573.JPG,NACTI : FL-05_04_04_2016_FL-05_0034573.JPG,NACTI : unknown,NACTI : archbold_FL-05,-1,wild boar,,6,train
https://storage.googleapis.com/public-datasets-lila/nacti-unzipped/part2/sub276/FL-36_03_08_2016_FL-36_0012383.JPG,NACTI : FL-36_03_08_2016_FL-36_0012383.JPG,NACTI : unknown,NACTI : archbold_FL-36,-1,wild boar,,6,train
https://storage.googleapis.com/public-datasets-lila/nacti-unzipped/part2/sub237/FL-25_03_07_2016_FL-25_0021867.JPG,NACTI : FL-25_03_07_2016_FL-25_0021867.JPG,NACTI : unknown,NACTI : archbold_FL-25,-1,wild boar,,6,train
https://storage.googleapis.com/public-datasets-lila/nacti-unzipped/part2/sub226/FL-22_06_30_2015_FL-22_0052408.jpg,NACTI : FL-22_06_30_2015_FL-22_0052408.jpg,NACTI : unknown,NACTI : archbold_FL-22,-1,wild boar,,6,train
https://storage.googleapis.com/public-datasets-lila/nacti-unzipped/part1/sub101/CA-42_09_16_2015_CA-42_0009842.jpg,NACTI : CA-42_09_16_2015_CA-42_0009842.jpg,NACTI : unknown,NACTI : lebec_CA-42,-1,wild boar,,6,train
https://storage.googleapis.com/public-datasets-lila/nacti-unzipped/part1/sub135/FL-05_11_02_2015_FL-05_0025149.jpg,NACTI : FL-05_11_02_2015_FL-05_0025149.jpg,NACTI : unknown,NACTI : archbold_FL-05,-1,wild boar,,6,train
https://storage.googleapis.com/public-datasets-lila/nacti-unzipped/part1/sub103/CA-43_06_14_2016_CA-43_0019594.JPG,NACTI : CA-43_06_14_2016_CA-43_0019594.JPG,NACTI : unknown,NACTI : lebec_CA-43,-1,wild boar,,6,val
https://storage.googleapis.com/public-datasets-lila/nacti-unzipped/part1/sub126/FL-03_06_30_2015_FL-03_0019948.jpg,NACTI : FL-03_06_30_2015_FL-03_0019948.jpg,NACTI : unknown,NACTI : archbold_FL-03,-1,wild boar,,6,train
https://storage.googleapis.com/public-datasets-lila/nacti-unzipped/part2/sub278/FL-37_07_08_2016_FL-37_0017324.JPG,NACTI : FL-37_07_08_2016_FL-37_0017324.JPG,NACTI : unknown,NACTI : archbold_FL-37,-1,wild boar,,6,train
https://storage.googleapis.com/public-datasets-lila/nacti-unzipped/part2/sub232/FL-23_11_02_2015_FL-23_0015314.jpg,NACTI : FL-23_11_02_2015_FL-23_0015314.jpg,NACTI : unknown,NACTI : archbold_FL-23,-1,wild boar,,6,train
https://storage.googleapis.com/public-datasets-lila/nacti-unzipped/part2/sub283/FL-40_01_23_2016_FL-40_0005200.jpg,NACTI : FL-40_01_23_2016_FL-40_0005200.jpg,NACTI : unknown,NACTI : archbold_FL-40,-1,wild boar,,6,train
https://storage.googleapis.com/public-datasets-lila/nacti-unzipped/part1/sub190/FL-16_03_07_2016_FL-16_0112788.JPG,NACTI : FL-16_03_07_2016_FL-16_0112788.JPG,NACTI : unknown,NACTI : archbold_FL-16,-1,wild boar,,6,train
https://storage.googleapis.com/public-datasets-lila/nacti-unzipped/part0/sub056/CA-18_05_05_2016_CA-18_0022032.JPG,NACTI : CA-18_05_05_2016_CA-18_0022032.JPG,NACTI : unknown,NACTI : lebec_CA-18,-1,wild boar,,6,val
https://storage.googleapis.com/public-datasets-lila/nacti-unzipped/part2/sub217/FL-21_06_03_2015_FL-21_0003453.jpg,NACTI : FL-21_06_03_2015_FL-21_0003453.jpg,NACTI : unknown,NACTI : archbold_FL-21,-1,wild boar,,6,test
https://storage.googleapis.com/public-datasets-lila/nacti-unzipped/part0/sub092/CA-37_10_16_2015_CA-37_0019843.jpg,NACTI : CA-37_10_16_2015_CA-37_0019843.jpg,NACTI : unknown,NACTI : lebec_CA-37,-1,wild boar,,6,train
https://storage.googleapis.com/public-datasets-lila/nacti-unzipped/part0/sub099/CA-41_09_16_2015_CA-41_0016617.jpg,NACTI : CA-41_09_16_2015_CA-41_0016617.jpg,NACTI : unknown,NACTI : lebec_CA-41,-1,wild boar,,6,train
https://storage.googleapis.com/public-datasets-lila/nacti-unzipped/part1/sub126/FL-03_06_30_2015_FL-03_0019845.jpg,NACTI : FL-03_06_30_2015_FL-03_0019845.jpg,NACTI : unknown,NACTI : archbold_FL-03,-1,wild boar,,6,train
https://storage.googleapis.com/public-datasets-lila/nacti-unzipped/part0/sub041/CA-07_09_08_2016_CA-07_0014089.JPG,NACTI : CA-07_09_08_2016_CA-07_0014089.JPG,NACTI : unknown,NACTI : lebec_CA-07,-1,wild boar,,6,test
https://storage.googleapis.com/public-datasets-lila/nacti-unzipped/part2/sub228/FL-22_08_05_2016_FL-22_0113806.JPG,NACTI : FL-22_08_05_2016_FL-22_0113806.JPG,NACTI : unknown,NACTI : archbold_FL-22,-1,wild boar,,6,train
https://storage.googleapis.com/public-datasets-lila/nacti-unzipped/part1/sub170/FL-10_11_02_2015_FL-10_0009096.jpg,NACTI : FL-10_11_02_2015_FL-10_0009096.jpg,NACTI : unknown,NACTI : archbold_FL-10,-1,wild boar,,6,train
https://storage.googleapis.com/public-datasets-lila/nacti-unzipped/part0/sub067/CA-24_11_02_2015_CA-24_0012642.jpg,NACTI : CA-24_11_02_2015_CA-24_0012642.jpg,NACTI : unknown,NACTI : lebec_CA-24,-1,wild boar,,6,train
https://storage.googleapis.com/public-datasets-lila/nacti-unzipped/part0/sub042/CA-08_09_17_2015_CA-08_0005776.jpg,NACTI : CA-08_09_17_2015_CA-08_0005776.jpg,NACTI : unknown,NACTI : lebec_CA-08,-1,wild boar,,6,train
https://storage.googleapis.com/public-datasets-lila/nacti-unzipped/part2/sub216/FL-20_11_02_2015_FL-20_0025786.jpg,NACTI : FL-20_11_02_2015_FL-20_0025786.jpg,NACTI : unknown,NACTI : archbold_FL-20,-1,wild boar,,6,train
https://storage.googleapis.com/public-datasets-lila/nacti-unzipped/part1/sub162/FL-08_10_12_2016_FL-08_0026300.JPG,NACTI : FL-08_10_12_2016_FL-08_0026300.JPG,NACTI : unknown,NACTI : archbold_FL-08,-1,wild boar,,6,test
https://storage.googleapis.com/public-datasets-lila/nacti-unzipped/part1/sub199/FL-16_12_06_2015_FL-16_0101107.jpg,NACTI : FL-16_12_06_2015_FL-16_0101107.jpg,NACTI : unknown,NACTI : archbold_FL-16,-1,wild boar,,6,train
https://storage.googleapis.com/public-datasets-lila/nacti-unzipped/part1/sub189/FL-16_01_21_2016_FL-16_0104617.jpg,NACTI : FL-16_01_21_2016_FL-16_0104617.jpg,NACTI : unknown,NACTI : archbold_FL-16,-1,wild boar,,6,train
https://storage.googleapis.com/public-datasets-lila/nacti-unzipped/part1/sub104/CA-44_01_27_2016_CA-44_0008559.jpg,NACTI : CA-44_01_27_2016_CA-44_0008559.jpg,NACTI : unknown,NACTI : lebec_CA-44,-1,wild boar,,6,val
https://storage.googleapis.com/public-datasets-lila/nacti-unzipped/part1/sub101/CA-42_09_16_2015_CA-42_0009925.jpg,NACTI : CA-42_09_16_2015_CA-42_0009925.jpg,NACTI : unknown,NACTI : lebec_CA-42,-1,wild boar,,6,train
https://storage.googleapis.com/public-datasets-lila/nacti-unzipped/part2/sub232/FL-23_12_08_2015_FL-23_0017847.jpg,NACTI : FL-23_12_08_2015_FL-23_0017847.jpg,NACTI : unknown,NACTI : archbold_FL-23,-1,wild boar,,6,train
https://storage.googleapis.com/public-datasets-lila/nacti-unzipped/part0/sub058/CA-18_11_08_2016_CA-18_0041677.JPG,NACTI : CA-18_11_08_2016_CA-18_0041677.JPG,NACTI : unknown,NACTI : lebec_CA-18,-1,wild boar,,6,val
https://storage.googleapis.com/public-datasets-lila/nacti-unzipped/part0/sub099/CA-41_09_16_2015_CA-41_0016272.jpg,NACTI : CA-41_09_16_2015_CA-41_0016272.jpg,NACTI : unknown,NACTI : lebec_CA-41,-1,wild boar,,6,train
https://storage.googleapis.com/public-datasets-lila/nacti-unzipped/part0/sub093/CA-38_07_08_2016_CA-38_0029965.JPG,NACTI : CA-38_07_08_2016_CA-38_0029965.JPG,NACTI : unknown,NACTI : lebec_CA-38,-1,wild boar,,6,val
https://storage.googleapis.com/public-datasets-lila/nacti-unzipped/part1/sub104/CA-44_01_27_2016_CA-44_0008521.jpg,NACTI : CA-44_01_27_2016_CA-44_0008521.jpg,NACTI : unknown,NACTI : lebec_CA-44,-1,wild boar,,6,val
https://storage.googleapis.com/public-datasets-lila/nacti-unzipped/part2/sub282/FL-38_10_01_2015_FL-38_0000286.jpg,NACTI : FL-38_10_01_2015_FL-38_0000286.jpg,NACTI : unknown,NACTI : archbold_FL-38,-1,wild boar,,6,train
https://storage.googleapis.com/public-datasets-lila/wcs-unzipped/animals/0036/1356.jpg,WCS Camera Traps : d4605309-92d4-11e9-ae6b-000d3a74c7de,WCS Camera Traps : idn-002-d0177-6,WCS Camera Traps : 560,1,wild boar,12-01-2001 06:14:00,6,train
https://storage.googleapis.com/public-datasets-lila/nacti-unzipped/part0/sub036/CA-03_08_13_2015_CA-03_0015990.jpg,NACTI : CA-03_08_13_2015_CA-03_0015990.jpg,NACTI : unknown,NACTI : lebec_CA-03,-1,wild boar,,6,train
https://storage.googleapis.com/public-datasets-lila/nacti-unzipped/part0/sub062/CA-21_12_08_2015_CA-21_0007091.jpg,NACTI : CA-21_12_08_2015_CA-21_0007091.jpg,NACTI : unknown,NACTI : lebec_CA-21,-1,wild boar,,6,train
https://storage.googleapis.com/public-datasets-lila/nacti-unzipped/part0/sub063/CA-22_09_15_2015_CA-22_0009138.jpg,NACTI : CA-22_09_15_2015_CA-22_0009138.jpg,NACTI : unknown,NACTI : lebec_CA-22,-1,wild boar,,6,train
https://storage.googleapis.com/public-datasets-lila/nacti-unzipped/part0/sub039/CA-06_05_06_2015_CA-06_0003176.jpg,NACTI : CA-06_05_06_2015_CA-06_0003176.jpg,NACTI : unknown,NACTI : lebec_CA-06,-1,wild boar,,6,val
https://storage.googleapis.com/public-datasets-lila/nacti-unzipped/part1/sub100/CA-42_08_04_2015_CA-42_0002093.jpg,NACTI : CA-42_08_04_2015_CA-42_0002093.jpg,NACTI : unknown,NACTI : lebec_CA-42,-1,wild boar,,6,train
https://storage.googleapis.com/public-datasets-lila/nacti-unzipped/part1/sub191/FL-16_05_02_2016_FL-16_0126170.JPG,NACTI : FL-16_05_02_2016_FL-16_0126170.JPG,NACTI : unknown,NACTI : archbold_FL-16,-1,wild boar,,6,train
https://storage.googleapis.com/public-datasets-lila/nacti-unzipped/part0/sub041/CA-08_07_12_2016_CA-08_0010998.JPG,NACTI : CA-08_07_12_2016_CA-08_0010998.JPG,NACTI : unknown,NACTI : lebec_CA-08,-1,wild boar,,6,train
https://storage.googleapis.com/public-datasets-lila/nacti-unzipped/part1/sub175/FL-12_06_29_2015_FL-12_0001103.jpg,NACTI : FL-12_06_29_2015_FL-12_0001103.jpg,NACTI : unknown,NACTI : archbold_FL-12,-1,wild boar,,6,val
https://storage.googleapis.com/public-datasets-lila/nacti-unzipped/part2/sub283/FL-39_08_15_2016_FL-39_0011181.JPG,NACTI : FL-39_08_15_2016_FL-39_0011181.JPG,NACTI : unknown,NACTI : archbold_FL-39,-1,wild boar,,6,test
https://storage.googleapis.com/public-datasets-lila/nacti-unzipped/part0/sub082/CA-30_08_03_2015_CA-30_0029409.jpg,NACTI : CA-30_08_03_2015_CA-30_0029409.jpg,NACTI : unknown,NACTI : lebec_CA-30,-1,wild boar,,6,test
https://storage.googleapis.com/public-datasets-lila/nacti-unzipped/part2/sub245/FL-27_10_01_2015_FL-27_0036001.jpg,NACTI : FL-27_10_01_2015_FL-27_0036001.jpg,NACTI : unknown,NACTI : archbold_FL-27,-1,wild boar,,6,train
https://storage.googleapis.com/public-datasets-lila/nacti-unzipped/part1/sub176/FL-12_07_23_2016_FL-12_0065643.JPG,NACTI : FL-12_07_23_2016_FL-12_0065643.JPG,NACTI : unknown,NACTI : archbold_FL-12,-1,wild boar,,6,val
https://storage.googleapis.com/public-datasets-lila/nacti-unzipped/part0/sub033/CA-02_02_11_2016_CA-02_0013040.jpg,NACTI : CA-02_02_11_2016_CA-02_0013040.jpg,NACTI : unknown,NACTI : lebec_CA-02,-1,wild boar,,6,train
https://storage.googleapis.com/public-datasets-lila/nacti-unzipped/part1/sub198/FL-16_09_03_2015_FL-16_0089768.jpg,NACTI : FL-16_09_03_2015_FL-16_0089768.jpg,NACTI : unknown,NACTI : archbold_FL-16,-1,wild boar,,6,train
https://storage.googleapis.com/public-datasets-lila/nacti-unzipped/part0/sub058/CA-18_08_03_2015_CA-18_0017260.jpg,NACTI : CA-18_08_03_2015_CA-18_0017260.jpg,NACTI : unknown,NACTI : lebec_CA-18,-1,wild boar,,6,val
https://storage.googleapis.com/public-datasets-lila/nacti-unzipped/part1/sub198/FL-16_07_06_2016_FL-16_0139803.JPG,NACTI : FL-16_07_06_2016_FL-16_0139803.JPG,NACTI : unknown,NACTI : archbold_FL-16,-1,wild boar,,6,train
https://storage.googleapis.com/public-datasets-lila/nacti-unzipped/part1/sub135/FL-05_11_02_2015_FL-05_0025500.jpg,NACTI : FL-05_11_02_2015_FL-05_0025500.jpg,NACTI : unknown,NACTI : archbold_FL-05,-1,wild boar,,6,train
https://storage.googleapis.com/public-datasets-lila/nacti-unzipped/part2/sub279/FL-37_10_01_2015_FL-37_0000072.jpg,NACTI : FL-37_10_01_2015_FL-37_0000072.jpg,NACTI : unknown,NACTI : archbold_FL-37,-1,wild boar,,6,train
https://storage.googleapis.com/public-datasets-lila/nacti-unzipped/part0/sub089/CA-36_04_04_2015_CA-36_0000307.jpg,NACTI : CA-36_04_04_2015_CA-36_0000307.jpg,NACTI : unknown,NACTI : lebec_CA-36,-1,wild boar,,6,test
https://storage.googleapis.com/public-datasets-lila/missouricameratraps/images/Set1/1.59-Wild_Boar/SEQ80283/SEQ80283_IMG_0012.JPG,Missouri Camera Traps : 97cf0f6e-5c15-11ee-8d73-04421a1b1283,Missouri Camera Traps : SEQ80283,Missouri Camera Traps : missouri_camera_traps,13,wild boar,,6,train
https://storage.googleapis.com/public-datasets-lila/nacti-unzipped/part1/sub174/FL-12_06_02_2016_FL-12_0054683.JPG,NACTI : FL-12_06_02_2016_FL-12_0054683.JPG,NACTI : unknown,NACTI : archbold_FL-12,-1,wild boar,,6,val
https://storage.googleapis.com/public-datasets-lila/nacti-unzipped/part0/sub039/CA-06_09_14_2015_CA-06_0007562.jpg,NACTI : CA-06_09_14_2015_CA-06_0007562.jpg,NACTI : unknown,NACTI : lebec_CA-06,-1,wild boar,,6,val
https://storage.googleapis.com/public-datasets-lila/nacti-unzipped/part1/sub109/CA-46_09_11_2015_CA-46_0008107.jpg,NACTI : CA-46_09_11_2015_CA-46_0008107.jpg,NACTI : unknown,NACTI : lebec_CA-46,-1,wild boar,,6,train
https://storage.googleapis.com/public-datasets-lila/nacti-unzipped/part2/sub240/FL-26_09_03_2015_FL-26_0017690.jpg,NACTI : FL-26_09_03_2015_FL-26_0017690.jpg,NACTI : unknown,NACTI : archbold_FL-26,-1,wild boar,,6,train
https://storage.googleapis.com/public-datasets-lila/nacti-unzipped/part1/sub106/CA-44_08_12_2015_CA-44_0001948.jpg,NACTI : CA-44_08_12_2015_CA-44_0001948.jpg,NACTI : unknown,NACTI : lebec_CA-44,-1,wild boar,,6,val
https://storage.googleapis.com/public-datasets-lila/nacti-unzipped/part1/sub193/FL-16_06_02_2015_FL-16_0019862.jpg,NACTI : FL-16_06_02_2015_FL-16_0019862.jpg,NACTI : unknown,NACTI : archbold_FL-16,-1,wild boar,,6,train
https://storage.googleapis.com/public-datasets-lila/nacti-unzipped/part0/sub043/CA-10_06_07_2016_CA-10_0022161.JPG,NACTI : CA-10_06_07_2016_CA-10_0022161.JPG,NACTI : unknown,NACTI : lebec_CA-10,-1,wild boar,,6,train
https://storage.googleapis.com/public-datasets-lila/nacti-unzipped/part0/sub088/CA-34_11_08_2016_CA-34_0031640.JPG,NACTI : CA-34_11_08_2016_CA-34_0031640.JPG,NACTI : unknown,NACTI : lebec_CA-34,-1,wild boar,,6,train
https://storage.googleapis.com/public-datasets-lila/nacti-unzipped/part0/sub038/CA-06_02_16_2016_CA-06_0009419.JPG,NACTI : CA-06_02_16_2016_CA-06_0009419.JPG,NACTI : unknown,NACTI : lebec_CA-06,-1,wild boar,,6,val
https://storage.googleapis.com/public-datasets-lila/nacti-unzipped/part2/sub231/FL-23_06_02_2016_FL-23_0021883.JPG,NACTI : FL-23_06_02_2016_FL-23_0021883.JPG,NACTI : unknown,NACTI : archbold_FL-23,-1,wild boar,,6,train
https://storage.googleapis.com/public-datasets-lila/nacti-unzipped/part2/sub284/FL-40_07_06_2016_FL-40_0021074.JPG,NACTI : FL-40_07_06_2016_FL-40_0021074.JPG,NACTI : unknown,NACTI : archbold_FL-40,-1,wild boar,,6,train
https://storage.googleapis.com/public-datasets-lila/nacti-unzipped/part0/sub073/CA-28_09_18_2015_CA-28_0012293.jpg,NACTI : CA-28_09_18_2015_CA-28_0012293.jpg,NACTI : unknown,NACTI : lebec_CA-28,-1,wild boar,,6,train
https://storage.googleapis.com/public-datasets-lila/nacti-unzipped/part2/sub242/FL-27_06_02_2016_FL-27_0058322.JPG,NACTI : FL-27_06_02_2016_FL-27_0058322.JPG,NACTI : unknown,NACTI : archbold_FL-27,-1,wild boar,,6,train
https://storage.googleapis.com/public-datasets-lila/nacti-unzipped/part1/sub109/CA-46_10_07_2015_CA-46_0009311.jpg,NACTI : CA-46_10_07_2015_CA-46_0009311.jpg,NACTI : unknown,NACTI : lebec_CA-46,-1,wild boar,,6,train
https://storage.googleapis.com/public-datasets-lila/nacti-unzipped/part0/sub035/CA-03_08_10_2016_CA-03_0024788.JPG,NACTI : CA-03_08_10_2016_CA-03_0024788.JPG,NACTI : unknown,NACTI : lebec_CA-03,-1,wild boar,,6,train
https://storage.googleapis.com/public-datasets-lila/nacti-unzipped/part2/sub283/FL-39_03_08_2016_FL-39_0006931.JPG,NACTI : FL-39_03_08_2016_FL-39_0006931.JPG,NACTI : unknown,NACTI : archbold_FL-39,-1,wild boar,,6,test
https://storage.googleapis.com/public-datasets-lila/nacti-unzipped/part1/sub154/FL-07_07_28_2015_FL-07_0098332.jpg,NACTI : FL-07_07_28_2015_FL-07_0098332.jpg,NACTI : unknown,NACTI : archbold_FL-07,-1,wild boar,,6,train
https://storage.googleapis.com/public-datasets-lila/nacti-unzipped/part1/sub104/CA-43_08_12_2015_CA-43_0001481.jpg,NACTI : CA-43_08_12_2015_CA-43_0001481.jpg,NACTI : unknown,NACTI : lebec_CA-43,-1,wild boar,,6,val
https://storage.googleapis.com/public-datasets-lila/nacti-unzipped/part1/sub131/FL-04_11_02_2015_FL-04_0010726.jpg,NACTI : FL-04_11_02_2015_FL-04_0010726.jpg,NACTI : unknown,NACTI : archbold_FL-04,-1,wild boar,,6,test
https://storage.googleapis.com/public-datasets-lila/nacti-unzipped/part0/sub084/CA-31_12_08_2015_CA-31_0016851.jpg,NACTI : CA-31_12_08_2015_CA-31_0016851.jpg,NACTI : unknown,NACTI : lebec_CA-31,-1,wild boar,,6,train
https://storage.googleapis.com/public-datasets-lila/nacti-unzipped/part0/sub086/CA-34_06_02_2016_CA-34_0027933.JPG,NACTI : CA-34_06_02_2016_CA-34_0027933.JPG,NACTI : unknown,NACTI : lebec_CA-34,-1,wild boar,,6,train
https://storage.googleapis.com/public-datasets-lila/nacti-unzipped/part1/sub154/FL-07_07_28_2015_FL-07_0098334.jpg,NACTI : FL-07_07_28_2015_FL-07_0098334.jpg,NACTI : unknown,NACTI : archbold_FL-07,-1,wild boar,,6,train
https://storage.googleapis.com/public-datasets-lila/nacti-unzipped/part0/sub048/CA-13_09_09_2016_CA-13_0011571.JPG,NACTI : CA-13_09_09_2016_CA-13_0011571.JPG,NACTI : unknown,NACTI : lebec_CA-13,-1,wild boar,,6,val
https://storage.googleapis.com/public-datasets-lila/nacti-unzipped/part0/sub055/CA-17_11_05_2015_CA-17_0026279.jpg,NACTI : CA-17_11_05_2015_CA-17_0026279.jpg,NACTI : unknown,NACTI : lebec_CA-17,-1,wild boar,,6,train
https://storage.googleapis.com/public-datasets-lila/nacti-unzipped/part0/sub084/CA-32_08_17_2015_CA-32_0003933.jpg,NACTI : CA-32_08_17_2015_CA-32_0003933.jpg,NACTI : unknown,NACTI : lebec_CA-32,-1,wild boar,,6,train
https://storage.googleapis.com/public-datasets-lila/nacti-unzipped/part1/sub189/FL-16_03_07_2016_FL-16_0107814.JPG,NACTI : FL-16_03_07_2016_FL-16_0107814.JPG,NACTI : unknown,NACTI : archbold_FL-16,-1,wild boar,,6,train
https://storage.googleapis.com/public-datasets-lila/nacti-unzipped/part0/sub045/CA-11_08_10_2016_CA-11_0019173.JPG,NACTI : CA-11_08_10_2016_CA-11_0019173.JPG,NACTI : unknown,NACTI : lebec_CA-11,-1,wild boar,,6,train
https://storage.googleapis.com/public-datasets-lila/nacti-unzipped/part2/sub224/FL-22_06_02_2015_FL-22_0024958.jpg,NACTI : FL-22_06_02_2015_FL-22_0024958.jpg,NACTI : unknown,NACTI : archbold_FL-22,-1,wild boar,,6,train
https://storage.googleapis.com/public-datasets-lila/nacti-unzipped/part1/sub100/CA-42_08_04_2015_CA-42_0002114.jpg,NACTI : CA-42_08_04_2015_CA-42_0002114.jpg,NACTI : unknown,NACTI : lebec_CA-42,-1,wild boar,,6,train
https://storage.googleapis.com/public-datasets-lila/nacti-unzipped/part1/sub189/FL-16_01_21_2016_FL-16_0105278.jpg,NACTI : FL-16_01_21_2016_FL-16_0105278.jpg,NACTI : unknown,NACTI : archbold_FL-16,-1,wild boar,,6,train
https://storage.googleapis.com/public-datasets-lila/missouricameratraps/images/Set1/1.59-Wild_Boar/SEQ76517/SEQ76517_IMG_0015.JPG,Missouri Camera Traps : 97e380ac-5c15-11ee-8d73-04421a1b1283,Missouri Camera Traps : SEQ76517,Missouri Camera Traps : missouri_camera_traps,10,wild boar,,6,train
https://storage.googleapis.com/public-datasets-lila/nacti-unzipped/part0/sub058/CA-18_09_18_2015_CA-18_0019363.jpg,NACTI : CA-18_09_18_2015_CA-18_0019363.jpg,NACTI : unknown,NACTI : lebec_CA-18,-1,wild boar,,6,val
https://storage.googleapis.com/public-datasets-lila/nacti-unzipped/part1/sub196/FL-16_06_30_2015_FL-16_0062420.jpg,NACTI : FL-16_06_30_2015_FL-16_0062420.jpg,NACTI : unknown,NACTI : archbold_FL-16,-1,wild boar,,6,train
https://storage.googleapis.com/public-datasets-lila/nacti-unzipped/part2/sub283/FL-39_03_08_2016_FL-39_0005402.JPG,NACTI : FL-39_03_08_2016_FL-39_0005402.JPG,NACTI : unknown,NACTI : archbold_FL-39,-1,wild boar,,6,test
https://storage.googleapis.com/public-datasets-lila/nacti-unzipped/part0/sub092/CA-37_12_01_2015_CA-37_0021623.jpg,NACTI : CA-37_12_01_2015_CA-37_0021623.jpg,NACTI : unknown,NACTI : lebec_CA-37,-1,wild boar,,6,train
https://storage.googleapis.com/public-datasets-lila/nacti-unzipped/part0/sub041/CA-07_09_14_2015_CA-07_0005736.jpg,NACTI : CA-07_09_14_2015_CA-07_0005736.jpg,NACTI : unknown,NACTI : lebec_CA-07,-1,wild boar,,6,test
https://storage.googleapis.com/public-datasets-lila/nacti-unzipped/part0/sub073/CA-28_10_03_2016_CA-28_0028100.JPG,NACTI : CA-28_10_03_2016_CA-28_0028100.JPG,NACTI : unknown,NACTI : lebec_CA-28,-1,wild boar,,6,train
https://storage.googleapis.com/public-datasets-lila/nacti-unzipped/part2/sub232/FL-23_11_02_2015_FL-23_0015623.jpg,NACTI : FL-23_11_02_2015_FL-23_0015623.jpg,NACTI : unknown,NACTI : archbold_FL-23,-1,wild boar,,6,train
https://storage.googleapis.com/public-datasets-lila/nacti-unzipped/part2/sub221/FL-22_06_02_2015_FL-22_0001458.jpg,NACTI : FL-22_06_02_2015_FL-22_0001458.jpg,NACTI : unknown,NACTI : archbold_FL-22,-1,wild boar,,6,train
https://storage.googleapis.com/public-datasets-lila/nacti-unzipped/part0/sub094/CA-38_08_17_2015_CA-38_0015669.jpg,NACTI : CA-38_08_17_2015_CA-38_0015669.jpg,NACTI : unknown,NACTI : lebec_CA-38,-1,wild boar,,6,val
https://storage.googleapis.com/public-datasets-lila/nacti-unzipped/part2/sub242/FL-27_06_02_2015_FL-27_0007845.jpg,NACTI : FL-27_06_02_2015_FL-27_0007845.jpg,NACTI : unknown,NACTI : archbold_FL-27,-1,wild boar,,6,train
https://storage.googleapis.com/public-datasets-lila/nacti-unzipped/part0/sub058/CA-18_10_06_2016_CA-18_0039663.JPG,NACTI : CA-18_10_06_2016_CA-18_0039663.JPG,NACTI : unknown,NACTI : lebec_CA-18,-1,wild boar,,6,val
https://storage.googleapis.com/public-datasets-lila/nacti-unzipped/part1/sub194/FL-16_06_02_2015_FL-16_0041683.jpg,NACTI : FL-16_06_02_2015_FL-16_0041683.jpg,NACTI : unknown,NACTI : archbold_FL-16,-1,wild boar,,6,train
https://storage.googleapis.com/public-datasets-lila/nacti-unzipped/part2/sub290/FL-43_12_07_2015_FL-43_0004070.jpg,NACTI : FL-43_12_07_2015_FL-43_0004070.jpg,NACTI : unknown,NACTI : archbold_FL-43,-1,wild boar,,6,train
https://storage.googleapis.com/public-datasets-lila/nacti-unzipped/part2/sub278/FL-37_06_03_2016_FL-37_0016340.JPG,NACTI : FL-37_06_03_2016_FL-37_0016340.JPG,NACTI : unknown,NACTI : archbold_FL-37,-1,wild boar,,6,train
https://storage.googleapis.com/public-datasets-lila/nacti-unzipped/part0/sub042/CA-08_12_08_2015_CA-08_0006871.jpg,NACTI : CA-08_12_08_2015_CA-08_0006871.jpg,NACTI : unknown,NACTI : lebec_CA-08,-1,wild boar,,6,train
https://storage.googleapis.com/public-datasets-lila/nacti-unzipped/part2/sub240/FL-26_07_29_2015_FL-26_0015916.jpg,NACTI : FL-26_07_29_2015_FL-26_0015916.jpg,NACTI : unknown,NACTI : archbold_FL-26,-1,wild boar,,6,train
https://storage.googleapis.com/public-datasets-lila/nacti-unzipped/part1/sub126/FL-03_06_30_2015_FL-03_0019673.jpg,NACTI : FL-03_06_30_2015_FL-03_0019673.jpg,NACTI : unknown,NACTI : archbold_FL-03,-1,wild boar,,6,train
https://storage.googleapis.com/public-datasets-lila/nacti-unzipped/part0/sub099/CA-41_09_16_2015_CA-41_0015025.jpg,NACTI : CA-41_09_16_2015_CA-41_0015025.jpg,NACTI : unknown,NACTI : lebec_CA-41,-1,wild boar,,6,train
https://storage.googleapis.com/public-datasets-lila/nacti-unzipped/part1/sub108/CA-46_03_30_2015_CA-46_0000566.jpg,NACTI : CA-46_03_30_2015_CA-46_0000566.jpg,NACTI : unknown,NACTI : lebec_CA-46,-1,wild boar,,6,train
https://storage.googleapis.com/public-datasets-lila/nacti-unzipped/part2/sub230/FL-22_12_06_2015_FL-22_0077992.jpg,NACTI : FL-22_12_06_2015_FL-22_0077992.jpg,NACTI : unknown,NACTI : archbold_FL-22,-1,wild boar,,6,train
https://storage.googleapis.com/public-datasets-lila/nacti-unzipped/part2/sub255/FL-29_06_30_2015_FL-29_0024952.jpg,NACTI : FL-29_06_30_2015_FL-29_0024952.jpg,NACTI : unknown,NACTI : archbold_FL-29,-1,wild boar,,6,train
https://storage.googleapis.com/public-datasets-lila/nacti-unzipped/part2/sub245/FL-27_10_01_2015_FL-27_0036014.jpg,NACTI : FL-27_10_01_2015_FL-27_0036014.jpg,NACTI : unknown,NACTI : archbold_FL-27,-1,wild boar,,6,train
https://storage.googleapis.com/public-datasets-lila/nacti-unzipped/part2/sub240/FL-26_07_29_2015_FL-26_0015872.jpg,NACTI : FL-26_07_29_2015_FL-26_0015872.jpg,NACTI : unknown,NACTI : archbold_FL-26,-1,wild boar,,6,train
https://storage.googleapis.com/public-datasets-lila/nacti-unzipped/part1/sub112/FL-01_06_29_2015_FL-01_0000431.jpg,NACTI : FL-01_06_29_2015_FL-01_0000431.jpg,NACTI : unknown,NACTI : archbold_FL-01,-1,wild boar,,6,train
https://storage.googleapis.com/public-datasets-lila/nacti-unzipped/part2/sub216/FL-20_07_29_2015_FL-20_0017885.jpg,NACTI : FL-20_07_29_2015_FL-20_0017885.jpg,NACTI : unknown,NACTI : archbold_FL-20,-1,wild boar,,6,train
https://storage.googleapis.com/public-datasets-lila/nacti-unzipped/part2/sub283/FL-40_01_23_2016_FL-40_0006211.jpg,NACTI : FL-40_01_23_2016_FL-40_0006211.jpg,NACTI : unknown,NACTI : archbold_FL-40,-1,wild boar,,6,train
https://storage.googleapis.com/public-datasets-lila/nacti-unzipped/part2/sub283/FL-39_01_23_2016_FL-39_0004062.jpg,NACTI : FL-39_01_23_2016_FL-39_0004062.jpg,NACTI : unknown,NACTI : archbold_FL-39,-1,wild boar,,6,test
https://storage.googleapis.com/public-datasets-lila/nacti-unzipped/part2/sub283/FL-39_01_23_2016_FL-39_0004515.jpg,NACTI : FL-39_01_23_2016_FL-39_0004515.jpg,NACTI : unknown,NACTI : archbold_FL-39,-1,wild boar,,6,test
https://storage.googleapis.com/public-datasets-lila/nacti-unzipped/part0/sub058/CA-18_08_03_2015_CA-18_0017246.jpg,NACTI : CA-18_08_03_2015_CA-18_0017246.jpg,NACTI : unknown,NACTI : lebec_CA-18,-1,wild boar,,6,val
https://storage.googleapis.com/public-datasets-lila/nacti-unzipped/part2/sub279/FL-37_11_03_2015_FL-37_0000712.jpg,NACTI : FL-37_11_03_2015_FL-37_0000712.jpg,NACTI : unknown,NACTI : archbold_FL-37,-1,wild boar,,6,train
https://storage.googleapis.com/public-datasets-lila/nacti-unzipped/part0/sub048/CA-13_11_02_2015_CA-13_0006923.jpg,NACTI : CA-13_11_02_2015_CA-13_0006923.jpg,NACTI : unknown,NACTI : lebec_CA-13,-1,wild boar,,6,val
https://storage.googleapis.com/public-datasets-lila/nacti-unzipped/part0/sub080/CA-30_08_03_2015_CA-30_0012384.jpg,NACTI : CA-30_08_03_2015_CA-30_0012384.jpg,NACTI : unknown,NACTI : lebec_CA-30,-1,wild boar,,6,test
https://storage.googleapis.com/public-datasets-lila/nacti-unzipped/part2/sub218/FL-21_07_29_2015_FL-21_0007965.jpg,NACTI : FL-21_07_29_2015_FL-21_0007965.jpg,NACTI : unknown,NACTI : archbold_FL-21,-1,wild boar,,6,test
https://storage.googleapis.com/public-datasets-lila/nacti-unzipped/part1/sub128/FL-04_04_04_2016_FL-04_0018088.JPG,NACTI : FL-04_04_04_2016_FL-04_0018088.JPG,NACTI : unknown,NACTI : archbold_FL-04,-1,wild boar,,6,test
https://storage.googleapis.com/public-datasets-lila/nacti-unzipped/part1/sub170/FL-10_12_08_2015_FL-10_0010755.jpg,NACTI : FL-10_12_08_2015_FL-10_0010755.jpg,NACTI : unknown,NACTI : archbold_FL-10,-1,wild boar,,6,train
https://storage.googleapis.com/public-datasets-lila/nacti-unzipped/part2/sub282/FL-38_10_01_2015_FL-38_0000886.jpg,NACTI : FL-38_10_01_2015_FL-38_0000886.jpg,NACTI : unknown,NACTI : archbold_FL-38,-1,wild boar,,6,train
https://storage.googleapis.com/public-datasets-lila/nacti-unzipped/part2/sub281/FL-38_05_03_2016_FL-38_0032868.JPG,NACTI : FL-38_05_03_2016_FL-38_0032868.JPG,NACTI : unknown,NACTI : archbold_FL-38,-1,wild boar,,6,train
https://storage.googleapis.com/public-datasets-lila/nacti-unzipped/part2/sub259/FL-30_06_03_2015_FL-30_0001429.jpg,NACTI : FL-30_06_03_2015_FL-30_0001429.jpg,NACTI : unknown,NACTI : archbold_FL-30,-1,wild boar,,6,train
https://storage.googleapis.com/public-datasets-lila/nacti-unzipped/part2/sub239/FL-26_03_07_2016_FL-26_0025067.JPG,NACTI : FL-26_03_07_2016_FL-26_0025067.JPG,NACTI : unknown,NACTI : archbold_FL-26,-1,wild boar,,6,train
https://storage.googleapis.com/public-datasets-lila/nacti-unzipped/part2/sub242/FL-27_06_02_2015_FL-27_0005302.jpg,NACTI : FL-27_06_02_2015_FL-27_0005302.jpg,NACTI : unknown,NACTI : archbold_FL-27,-1,wild boar,,6,train
https://storage.googleapis.com/public-datasets-lila/nacti-unzipped/part1/sub108/CA-46_01_21_2016_CA-46_0011016.jpg,NACTI : CA-46_01_21_2016_CA-46_0011016.jpg,NACTI : unknown,NACTI : lebec_CA-46,-1,wild boar,,6,train
https://storage.googleapis.com/public-datasets-lila/nacti-unzipped/part2/sub284/FL-40_07_06_2016_FL-40_0022211.JPG,NACTI : FL-40_07_06_2016_FL-40_0022211.JPG,NACTI : unknown,NACTI : archbold_FL-40,-1,wild boar,,6,train
https://storage.googleapis.com/public-datasets-lila/nacti-unzipped/part0/sub069/CA-27_01_29_2016_CA-27_0009234.jpg,NACTI : CA-27_01_29_2016_CA-27_0009234.jpg,NACTI : unknown,NACTI : lebec_CA-27,-1,wild boar,,6,train
https://storage.googleapis.com/public-datasets-lila/nacti-unzipped/part2/sub284/FL-40_03_07_2016_FL-40_0011148.JPG,NACTI : FL-40_03_07_2016_FL-40_0011148.JPG,NACTI : unknown,NACTI : archbold_FL-40,-1,wild boar,,6,train
https://storage.googleapis.com/public-datasets-lila/nacti-unzipped/part2/sub246/FL-27_12_06_2015_FL-27_0043858.jpg,NACTI : FL-27_12_06_2015_FL-27_0043858.jpg,NACTI : unknown,NACTI : archbold_FL-27,-1,wild boar,,6,train
https://storage.googleapis.com/public-datasets-lila/nacti-unzipped/part2/sub214/FL-20_06_02_2015_FL-20_0000186.jpg,NACTI : FL-20_06_02_2015_FL-20_0000186.jpg,NACTI : unknown,NACTI : archbold_FL-20,-1,wild boar,,6,train
https://storage.googleapis.com/public-datasets-lila/nacti-unzipped/part0/sub088/CA-34_08_04_2015_CA-34_0017316.jpg,NACTI : CA-34_08_04_2015_CA-34_0017316.jpg,NACTI : unknown,NACTI : lebec_CA-34,-1,wild boar,,6,train
https://storage.googleapis.com/public-datasets-lila/nacti-unzipped/part2/sub267/FL-31_12_06_2015_FL-31_0030020.jpg,NACTI : FL-31_12_06_2015_FL-31_0030020.jpg,NACTI : unknown,NACTI : archbold_FL-31,-1,wild boar,,6,test
https://storage.googleapis.com/public-datasets-lila/nacti-unzipped/part0/sub062/CA-21_12_08_2015_CA-21_0006754.jpg,NACTI : CA-21_12_08_2015_CA-21_0006754.jpg,NACTI : unknown,NACTI : lebec_CA-21,-1,wild boar,,6,train
https://storage.googleapis.com/public-datasets-lila/nacti-unzipped/part2/sub215/FL-20_07_06_2016_FL-20_0035925.JPG,NACTI : FL-20_07_06_2016_FL-20_0035925.JPG,NACTI : unknown,NACTI : archbold_FL-20,-1,wild boar,,6,train
https://storage.googleapis.com/public-datasets-lila/missouricameratraps/images/Set1/1.59-Wild_Boar/SEQ76695/SEQ76695_IMG_0025.JPG,Missouri Camera Traps : 97e7de04-5c15-11ee-8d73-04421a1b1283,Missouri Camera Traps : SEQ76695,Missouri Camera Traps : missouri_camera_traps,33,wild boar,,6,train
https://storage.googleapis.com/public-datasets-lila/nacti-unzipped/part1/sub100/CA-41_10_06_2016_CA-41_0027107.JPG,NACTI : CA-41_10_06_2016_CA-41_0027107.JPG,NACTI : unknown,NACTI : lebec_CA-41,-1,wild boar,,6,train
https://storage.googleapis.com/public-datasets-lila/nacti-unzipped/part1/sub162/FL-08_10_12_2016_FL-08_0026627.JPG,NACTI : FL-08_10_12_2016_FL-08_0026627.JPG,NACTI : unknown,NACTI : archbold_FL-08,-1,wild boar,,6,test
https://storage.googleapis.com/public-datasets-lila/nacti-unzipped/part0/sub035/CA-03_08_10_2016_CA-03_0025158.JPG,NACTI : CA-03_08_10_2016_CA-03_0025158.JPG,NACTI : unknown,NACTI : lebec_CA-03,-1,wild boar,,6,train
https://storage.googleapis.com/public-datasets-lila/nacti-unzipped/part1/sub100/CA-41_10_06_2016_CA-41_0027412.JPG,NACTI : CA-41_10_06_2016_CA-41_0027412.JPG,NACTI : unknown,NACTI : lebec_CA-41,-1,wild boar,,6,train
https://storage.googleapis.com/public-datasets-lila/nacti-unzipped/part0/sub092/CA-37_10_16_2015_CA-37_0020541.jpg,NACTI : CA-37_10_16_2015_CA-37_0020541.jpg,NACTI : unknown,NACTI : lebec_CA-37,-1,wild boar,,6,train
https://storage.googleapis.com/public-datasets-lila/nacti-unzipped/part0/sub042/CA-08_10_14_2015_CA-08_0006244.jpg,NACTI : CA-08_10_14_2015_CA-08_0006244.jpg,NACTI : unknown,NACTI : lebec_CA-08,-1,wild boar,,6,train
https://storage.googleapis.com/public-datasets-lila/nacti-unzipped/part2/sub278/FL-37_05_03_2016_FL-37_0013167.JPG,NACTI : FL-37_05_03_2016_FL-37_0013167.JPG,NACTI : unknown,NACTI : archbold_FL-37,-1,wild boar,,6,train
https://storage.googleapis.com/public-datasets-lila/nacti-unzipped/part0/sub041/CA-07_11_03_2016_CA-07_0015306.JPG,NACTI : CA-07_11_03_2016_CA-07_0015306.JPG,NACTI : unknown,NACTI : lebec_CA-07,-1,wild boar,,6,test
https://storage.googleapis.com/public-datasets-lila/nacti-unzipped/part0/sub092/CA-37_10_16_2015_CA-37_0019807.jpg,NACTI : CA-37_10_16_2015_CA-37_0019807.jpg,NACTI : unknown,NACTI : lebec_CA-37,-1,wild boar,,6,train
https://storage.googleapis.com/public-datasets-lila/nacti-unzipped/part1/sub198/FL-16_10_01_2015_FL-16_0091447.jpg,NACTI : FL-16_10_01_2015_FL-16_0091447.jpg,NACTI : unknown,NACTI : archbold_FL-16,-1,wild boar,,6,train
https://storage.googleapis.com/public-datasets-lila/nacti-unzipped/part1/sub109/CA-46_08_12_2015_CA-46_0002276.jpg,NACTI : CA-46_08_12_2015_CA-46_0002276.jpg,NACTI : unknown,NACTI : lebec_CA-46,-1,wild boar,,6,train
https://storage.googleapis.com/public-datasets-lila/nacti-unzipped/part2/sub261/FL-30_10_01_2015_FL-30_0038465.jpg,NACTI : FL-30_10_01_2015_FL-30_0038465.jpg,NACTI : unknown,NACTI : archbold_FL-30,-1,wild boar,,6,train
https://storage.googleapis.com/public-datasets-lila/nacti-unzipped/part0/sub038/CA-06_04_01_2015_CA-06_0000452.jpg,NACTI : CA-06_04_01_2015_CA-06_0000452.jpg,NACTI : unknown,NACTI : lebec_CA-06,-1,wild boar,,6,val
https://storage.googleapis.com/public-datasets-lila/nacti-unzipped/part1/sub135/FL-05_12_08_2015_FL-05_0029180.jpg,NACTI : FL-05_12_08_2015_FL-05_0029180.jpg,NACTI : unknown,NACTI : archbold_FL-05,-1,wild boar,,6,train
https://storage.googleapis.com/public-datasets-lila/nacti-unzipped/part0/sub073/CA-28_09_18_2015_CA-28_0012309.jpg,NACTI : CA-28_09_18_2015_CA-28_0012309.jpg,NACTI : unknown,NACTI : lebec_CA-28,-1,wild boar,,6,train
https://storage.googleapis.com/public-datasets-lila/nacti-unzipped/part2/sub217/FL-21_06_03_2015_FL-21_0003743.jpg,NACTI : FL-21_06_03_2015_FL-21_0003743.jpg,NACTI : unknown,NACTI : archbold_FL-21,-1,wild boar,,6,test
https://storage.googleapis.com/public-datasets-lila/nacti-unzipped/part1/sub166/FL-09_06_02_2015_FL-09_0015873.jpg,NACTI : FL-09_06_02_2015_FL-09_0015873.jpg,NACTI : unknown,NACTI : archbold_FL-09,-1,wild boar,,6,train
https://storage.googleapis.com/public-datasets-lila/nacti-unzipped/part2/sub217/FL-21_06_02_2016_FL-21_0026673.JPG,NACTI : FL-21_06_02_2016_FL-21_0026673.JPG,NACTI : unknown,NACTI : archbold_FL-21,-1,wild boar,,6,test
https://storage.googleapis.com/public-datasets-lila/nacti-unzipped/part0/sub077/CA-29_09_18_2015_CA-29_0027890.jpg,NACTI : CA-29_09_18_2015_CA-29_0027890.jpg,NACTI : unknown,NACTI : lebec_CA-29,-1,wild boar,,6,train
https://storage.googleapis.com/public-datasets-lila/nacti-unzipped/part1/sub161/FL-08_06_02_2015_FL-08_0003291.jpg,NACTI : FL-08_06_02_2015_FL-08_0003291.jpg,NACTI : unknown,NACTI : archbold_FL-08,-1,wild boar,,6,test
https://storage.googleapis.com/public-datasets-lila/nacti-unzipped/part1/sub189/FL-15_10_01_2015_FL-15_0009111.jpg,NACTI : FL-15_10_01_2015_FL-15_0009111.jpg,NACTI : unknown,NACTI : archbold_FL-15,-1,wild boar,,6,test
https://storage.googleapis.com/public-datasets-lila/nacti-unzipped/part1/sub197/FL-16_06_30_2015_FL-16_0068796.jpg,NACTI : FL-16_06_30_2015_FL-16_0068796.jpg,NACTI : unknown,NACTI : archbold_FL-16,-1,wild boar,,6,train
https://storage.googleapis.com/public-datasets-lila/nacti-unzipped/part1/sub101/CA-42_08_04_2015_CA-42_0008134.jpg,NACTI : CA-42_08_04_2015_CA-42_0008134.jpg,NACTI : unknown,NACTI : lebec_CA-42,-1,wild boar,,6,train
https://storage.googleapis.com/public-datasets-lila/nacti-unzipped/part1/sub129/FL-04_06_02_2016_FL-04_0021625.JPG,NACTI : FL-04_06_02_2016_FL-04_0021625.JPG,NACTI : unknown,NACTI : archbold_FL-04,-1,wild boar,,6,test
https://storage.googleapis.com/public-datasets-lila/nacti-unzipped/part0/sub050/CA-15_10_31_2016_CA-15_0018491.JPG,NACTI : CA-15_10_31_2016_CA-15_0018491.JPG,NACTI : unknown,NACTI : lebec_CA-15,-1,wild boar,,6,test
https://storage.googleapis.com/public-datasets-lila/nacti-unzipped/part1/sub196/FL-16_06_30_2015_FL-16_0063519.jpg,NACTI : FL-16_06_30_2015_FL-16_0063519.jpg,NACTI : unknown,NACTI : archbold_FL-16,-1,wild boar,,6,train
https://storage.googleapis.com/public-datasets-lila/nacti-unzipped/part2/sub236/FL-24_11_02_2015_FL-24_0044866.jpg,NACTI : FL-24_11_02_2015_FL-24_0044866.jpg,NACTI : unknown,NACTI : archbold_FL-24,-1,wild boar,,6,train
https://storage.googleapis.com/public-datasets-lila/nacti-unzipped/part2/sub207/FL-17_12_08_2015_FL-17_0062974.jpg,NACTI : FL-17_12_08_2015_FL-17_0062974.jpg,NACTI : unknown,NACTI : archbold_FL-17,-1,wild boar,,6,train
https://storage.googleapis.com/public-datasets-lila/nacti-unzipped/part1/sub198/FL-16_09_03_2015_FL-16_0089504.jpg,NACTI : FL-16_09_03_2015_FL-16_0089504.jpg,NACTI : unknown,NACTI : archbold_FL-16,-1,wild boar,,6,train
https://storage.googleapis.com/public-datasets-lila/nacti-unzipped/part1/sub108/CA-46_03_30_2015_CA-46_0000781.jpg,NACTI : CA-46_03_30_2015_CA-46_0000781.jpg,NACTI : unknown,NACTI : lebec_CA-46,-1,wild boar,,6,train
https://storage.googleapis.com/public-datasets-lila/nacti-unzipped/part1/sub106/CA-44_08_12_2015_CA-44_0001915.jpg,NACTI : CA-44_08_12_2015_CA-44_0001915.jpg,NACTI : unknown,NACTI : lebec_CA-44,-1,wild boar,,6,val
https://storage.googleapis.com/public-datasets-lila/nacti-unzipped/part0/sub084/CA-32_08_17_2015_CA-32_0003967.jpg,NACTI : CA-32_08_17_2015_CA-32_0003967.jpg,NACTI : unknown,NACTI : lebec_CA-32,-1,wild boar,,6,train
https://storage.googleapis.com/public-datasets-lila/nacti-unzipped/part0/sub058/CA-18_09_12_2016_CA-18_0038818.JPG,NACTI : CA-18_09_12_2016_CA-18_0038818.JPG,NACTI : unknown,NACTI : lebec_CA-18,-1,wild boar,,6,val
https://storage.googleapis.com/public-datasets-lila/nacti-unzipped/part1/sub109/CA-47_01_21_2016_CA-47_0002372.jpg,NACTI : CA-47_01_21_2016_CA-47_0002372.jpg,NACTI : unknown,NACTI : lebec_CA-47,-1,wild boar,,6,val
https://storage.googleapis.com/public-datasets-lila/nacti-unzipped/part1/sub170/FL-11_01_20_2016_FL-11_0016275.jpg,NACTI : FL-11_01_20_2016_FL-11_0016275.jpg,NACTI : unknown,NACTI : archbold_FL-11,-1,wild boar,,6,train
https://storage.googleapis.com/public-datasets-lila/nacti-unzipped/part1/sub107/CA-45_08_03_2015_CA-45_0002530.jpg,NACTI : CA-45_08_03_2015_CA-45_0002530.jpg,NACTI : unknown,NACTI : lebec_CA-45,-1,wild boar,,6,train
https://storage.googleapis.com/public-datasets-lila/nacti-unzipped/part2/sub277/FL-37_04_04_2016_FL-37_0010580.JPG,NACTI : FL-37_04_04_2016_FL-37_0010580.JPG,NACTI : unknown,NACTI : archbold_FL-37,-1,wild boar,,6,train
https://storage.googleapis.com/public-datasets-lila/nacti-unzipped/part0/sub076/CA-29_08_03_2015_CA-29_0012873.jpg,NACTI : CA-29_08_03_2015_CA-29_0012873.jpg,NACTI : unknown,NACTI : lebec_CA-29,-1,wild boar,,6,train
https://storage.googleapis.com/public-datasets-lila/nacti-unzipped/part1/sub140/FL-07_05_03_2016_FL-07_0176307.JPG,NACTI : FL-07_05_03_2016_FL-07_0176307.JPG,NACTI : unknown,NACTI : archbold_FL-07,-1,wild boar,,6,train
https://storage.googleapis.com/public-datasets-lila/nacti-unzipped/part2/sub219/FL-21_10_01_2015_FL-21_0018898.jpg,NACTI : FL-21_10_01_2015_FL-21_0018898.jpg,NACTI : unknown,NACTI : archbold_FL-21,-1,wild boar,,6,test
https://storage.googleapis.com/public-datasets-lila/nacti-unzipped/part2/sub281/FL-38_07_08_2016_FL-38_0043843.JPG,NACTI : FL-38_07_08_2016_FL-38_0043843.JPG,NACTI : unknown,NACTI : archbold_FL-38,-1,wild boar,,6,train
https://storage.googleapis.com/public-datasets-lila/nacti-unzipped/part2/sub275/FL-35_10_01_2015_FL-35_0000607.jpg,NACTI : FL-35_10_01_2015_FL-35_0000607.jpg,NACTI : unknown,NACTI : archbold_FL-35,-1,wild boar,,6,val
https://storage.googleapis.com/public-datasets-lila/nacti-unzipped/part0/sub095/CA-38_10_07_2015_CA-38_0022733.jpg,NACTI : CA-38_10_07_2015_CA-38_0022733.jpg,NACTI : unknown,NACTI : lebec_CA-38,-1,wild boar,,6,val
https://storage.googleapis.com/public-datasets-lila/nacti-unzipped/part2/sub277/FL-37_01_23_2016_FL-37_0004436.jpg,NACTI : FL-37_01_23_2016_FL-37_0004436.jpg,NACTI : unknown,NACTI : archbold_FL-37,-1,wild boar,,6,train
https://storage.googleapis.com/public-datasets-lila/nacti-unzipped/part1/sub189/FL-16_01_21_2016_FL-16_0103871.jpg,NACTI : FL-16_01_21_2016_FL-16_0103871.jpg,NACTI : unknown,NACTI : archbold_FL-16,-1,wild boar,,6,train
https://storage.googleapis.com/public-datasets-lila/nacti-unzipped/part2/sub232/FL-23_12_08_2015_FL-23_0016139.jpg,NACTI : FL-23_12_08_2015_FL-23_0016139.jpg,NACTI : unknown,NACTI : archbold_FL-23,-1,wild boar,,6,train
https://storage.googleapis.com/public-datasets-lila/nacti-unzipped/part2/sub241/FL-27_06_02_2015_FL-27_0000975.jpg,NACTI : FL-27_06_02_2015_FL-27_0000975.jpg,NACTI : unknown,NACTI : archbold_FL-27,-1,wild boar,,6,train
https://storage.googleapis.com/public-datasets-lila/nacti-unzipped/part1/sub195/FL-16_06_02_2015_FL-16_0057245.jpg,NACTI : FL-16_06_02_2015_FL-16_0057245.jpg,NACTI : unknown,NACTI : archbold_FL-16,-1,wild boar,,6,train
https://storage.googleapis.com/public-datasets-lila/nacti-unzipped/part2/sub241/FL-27_06_02_2015_FL-27_0000273.jpg,NACTI : FL-27_06_02_2015_FL-27_0000273.jpg,NACTI : unknown,NACTI : archbold_FL-27,-1,wild boar,,6,train
https://storage.googleapis.com/public-datasets-lila/nacti-unzipped/part1/sub190/FL-16_03_07_2016_FL-16_0111083.JPG,NACTI : FL-16_03_07_2016_FL-16_0111083.JPG,NACTI : unknown,NACTI : archbold_FL-16,-1,wild boar,,6,train
https://storage.googleapis.com/public-datasets-lila/nacti-unzipped/part2/sub245/FL-27_09_02_2016_FL-27_0071830.JPG,NACTI : FL-27_09_02_2016_FL-27_0071830.JPG,NACTI : unknown,NACTI : archbold_FL-27,-1,wild boar,,6,train
https://storage.googleapis.com/public-datasets-lila/nacti-unzipped/part2/sub219/FL-21_09_09_2016_FL-21_0030594.JPG,NACTI : FL-21_09_09_2016_FL-21_0030594.JPG,NACTI : unknown,NACTI : archbold_FL-21,-1,wild boar,,6,test
https://storage.googleapis.com/public-datasets-lila/nacti-unzipped/part0/sub082/CA-30_12_01_2015_CA-30_0034300.jpg,NACTI : CA-30_12_01_2015_CA-30_0034300.jpg,NACTI : unknown,NACTI : lebec_CA-30,-1,wild boar,,6,test
https://storage.googleapis.com/public-datasets-lila/nacti-unzipped/part0/sub073/CA-28_10_03_2016_CA-28_0028321.JPG,NACTI : CA-28_10_03_2016_CA-28_0028321.JPG,NACTI : unknown,NACTI : lebec_CA-28,-1,wild boar,,6,train
https://storage.googleapis.com/public-datasets-lila/nacti-unzipped/part0/sub045/CA-11_08_13_2015_CA-11_0001292.jpg,NACTI : CA-11_08_13_2015_CA-11_0001292.jpg,NACTI : unknown,NACTI : lebec_CA-11,-1,wild boar,,6,train
https://storage.googleapis.com/public-datasets-lila/missouricameratraps/images/Set1/1.59-Wild_Boar/SEQ76374/SEQ76374_IMG_0008.JPG,Missouri Camera Traps : 97ddd756-5c15-11ee-8d73-04421a1b1283,Missouri Camera Traps : SEQ76374,Missouri Camera Traps : missouri_camera_traps,4,wild boar,,6,train
https://storage.googleapis.com/public-datasets-lila/nacti-unzipped/part0/sub042/CA-08_10_14_2015_CA-08_0006105.jpg,NACTI : CA-08_10_14_2015_CA-08_0006105.jpg,NACTI : unknown,NACTI : lebec_CA-08,-1,wild boar,,6,train
https://storage.googleapis.com/public-datasets-lila/nacti-unzipped/part2/sub283/FL-39_04_05_2016_FL-39_0007846.JPG,NACTI : FL-39_04_05_2016_FL-39_0007846.JPG,NACTI : unknown,NACTI : archbold_FL-39,-1,wild boar,,6,test
https://storage.googleapis.com/public-datasets-lila/nacti-unzipped/part1/sub154/FL-07_07_28_2015_FL-07_0100808.jpg,NACTI : FL-07_07_28_2015_FL-07_0100808.jpg,NACTI : unknown,NACTI : archbold_FL-07,-1,wild boar,,6,train
https://storage.googleapis.com/public-datasets-lila/nacti-unzipped/part2/sub232/FL-23_11_02_2015_FL-23_0015116.jpg,NACTI : FL-23_11_02_2015_FL-23_0015116.jpg,NACTI : unknown,NACTI : archbold_FL-23,-1,wild boar,,6,train
https://storage.googleapis.com/public-datasets-lila/nacti-unzipped/part0/sub042/CA-08_10_14_2015_CA-08_0006503.jpg,NACTI : CA-08_10_14_2015_CA-08_0006503.jpg,NACTI : unknown,NACTI : lebec_CA-08,-1,wild boar,,6,train
https://storage.googleapis.com/public-datasets-lila/nacti-unzipped/part0/sub039/CA-06_09_08_2016_CA-06_0017873.JPG,NACTI : CA-06_09_08_2016_CA-06_0017873.JPG,NACTI : unknown,NACTI : lebec_CA-06,-1,wild boar,,6,val
https://storage.googleapis.com/public-datasets-lila/nacti-unzipped/part0/sub048/CA-13_10_05_2016_CA-13_0012019.JPG,NACTI : CA-13_10_05_2016_CA-13_0012019.JPG,NACTI : unknown,NACTI : lebec_CA-13,-1,wild boar,,6,val
https://storage.googleapis.com/public-datasets-lila/nacti-unzipped/part0/sub046/CA-11_08_13_2015_CA-11_0001600.jpg,NACTI : CA-11_08_13_2015_CA-11_0001600.jpg,NACTI : unknown,NACTI : lebec_CA-11,-1,wild boar,,6,train
https://storage.googleapis.com/public-datasets-lila/nacti-unzipped/part1/sub191/FL-16_05_02_2016_FL-16_0125388.JPG,NACTI : FL-16_05_02_2016_FL-16_0125388.JPG,NACTI : unknown,NACTI : archbold_FL-16,-1,wild boar,,6,train
https://storage.googleapis.com/public-datasets-lila/nacti-unzipped/part1/sub135/FL-05_12_08_2015_FL-05_0026524.jpg,NACTI : FL-05_12_08_2015_FL-05_0026524.jpg,NACTI : unknown,NACTI : archbold_FL-05,-1,wild boar,,6,train
https://storage.googleapis.com/public-datasets-lila/nacti-unzipped/part2/sub281/FL-38_05_03_2016_FL-38_0032866.JPG,NACTI : FL-38_05_03_2016_FL-38_0032866.JPG,NACTI : unknown,NACTI : archbold_FL-38,-1,wild boar,,6,train
https://storage.googleapis.com/public-datasets-lila/nacti-unzipped/part1/sub162/FL-08_09_01_2016_FL-08_0025743.JPG,NACTI : FL-08_09_01_2016_FL-08_0025743.JPG,NACTI : unknown,NACTI : archbold_FL-08,-1,wild boar,,6,test
https://storage.googleapis.com/public-datasets-lila/nacti-unzipped/part1/sub198/FL-16_10_01_2015_FL-16_0091798.jpg,NACTI : FL-16_10_01_2015_FL-16_0091798.jpg,NACTI : unknown,NACTI : archbold_FL-16,-1,wild boar,,6,train
https://storage.googleapis.com/public-datasets-lila/nacti-unzipped/part0/sub044/CA-11_02_11_2016_CA-11_0008953.jpg,NACTI : CA-11_02_11_2016_CA-11_0008953.jpg,NACTI : unknown,NACTI : lebec_CA-11,-1,wild boar,,6,train
https://storage.googleapis.com/public-datasets-lila/nacti-unzipped/part1/sub110/CA-48_03_30_2015_CA-48_0000933.jpg,NACTI : CA-48_03_30_2015_CA-48_0000933.jpg,NACTI : unknown,NACTI : lebec_CA-48,-1,wild boar,,6,train
https://storage.googleapis.com/public-datasets-lila/nacti-unzipped/part2/sub240/FL-26_12_08_2015_FL-26_0022309.jpg,NACTI : FL-26_12_08_2015_FL-26_0022309.jpg,NACTI : unknown,NACTI : archbold_FL-26,-1,wild boar,,6,train
https://storage.googleapis.com/public-datasets-lila/nacti-unzipped/part1/sub108/CA-46_02_29_2016_CA-46_0011842.JPG,NACTI : CA-46_02_29_2016_CA-46_0011842.JPG,NACTI : unknown,NACTI : lebec_CA-46,-1,wild boar,,6,train
https://storage.googleapis.com/public-datasets-lila/nacti-unzipped/part2/sub277/FL-37_05_03_2016_FL-37_0012423.JPG,NACTI : FL-37_05_03_2016_FL-37_0012423.JPG,NACTI : unknown,NACTI : archbold_FL-37,-1,wild boar,,6,train
https://storage.googleapis.com/public-datasets-lila/nacti-unzipped/part0/sub041/CA-07_10_08_2015_CA-07_0006458.jpg,NACTI : CA-07_10_08_2015_CA-07_0006458.jpg,NACTI : unknown,NACTI : lebec_CA-07,-1,wild boar,,6,test
https://storage.googleapis.com/public-datasets-lila/nacti-unzipped/part1/sub104/CA-44_04_19_2016_CA-44_0009590.JPG,NACTI : CA-44_04_19_2016_CA-44_0009590.JPG,NACTI : unknown,NACTI : lebec_CA-44,-1,wild boar,,6,val
https://storage.googleapis.com/public-datasets-lila/nacti-unzipped/part1/sub198/FL-16_11_02_2015_FL-16_0095036.jpg,NACTI : FL-16_11_02_2015_FL-16_0095036.jpg,NACTI : unknown,NACTI : archbold_FL-16,-1,wild boar,,6,train
https://storage.googleapis.com/public-datasets-lila/nacti-unzipped/part0/sub075/CA-29_07_07_2016_CA-29_0039908.JPG,NACTI : CA-29_07_07_2016_CA-29_0039908.JPG,NACTI : unknown,NACTI : lebec_CA-29,-1,wild boar,,6,train
https://storage.googleapis.com/public-datasets-lila/nacti-unzipped/part0/sub061/CA-20_09_15_2015_CA-20_0011729.jpg,NACTI : CA-20_09_15_2015_CA-20_0011729.jpg,NACTI : unknown,NACTI : lebec_CA-20,-1,wild boar,,6,train
https://storage.googleapis.com/public-datasets-lila/nacti-unzipped/part1/sub189/FL-16_01_21_2016_FL-16_0106027.jpg,NACTI : FL-16_01_21_2016_FL-16_0106027.jpg,NACTI : unknown,NACTI : archbold_FL-16,-1,wild boar,,6,train
https://storage.googleapis.com/public-datasets-lila/nacti-unzipped/part1/sub109/CA-46_11_02_2015_CA-46_0010181.jpg,NACTI : CA-46_11_02_2015_CA-46_0010181.jpg,NACTI : unknown,NACTI : lebec_CA-46,-1,wild boar,,6,train
https://storage.googleapis.com/public-datasets-lila/nacti-unzipped/part2/sub221/FL-22_05_02_2016_FL-22_0096288.JPG,NACTI : FL-22_05_02_2016_FL-22_0096288.JPG,NACTI : unknown,NACTI : archbold_FL-22,-1,wild boar,,6,train
https://storage.googleapis.com/public-datasets-lila/nacti-unzipped/part1/sub173/FL-12_04_04_2016_FL-12_0032978.JPG,NACTI : FL-12_04_04_2016_FL-12_0032978.JPG,NACTI : unknown,NACTI : archbold_FL-12,-1,wild boar,,6,val
https://storage.googleapis.com/public-datasets-lila/nacti-unzipped/part1/sub164/FL-09_05_02_2016_FL-09_0059942.JPG,NACTI : FL-09_05_02_2016_FL-09_0059942.JPG,NACTI : unknown,NACTI : archbold_FL-09,-1,wild boar,,6,train
https://storage.googleapis.com/public-datasets-lila/nacti-unzipped/part1/sub101/CA-42_09_02_2016_CA-42_0020746.JPG,NACTI : CA-42_09_02_2016_CA-42_0020746.JPG,NACTI : unknown,NACTI : lebec_CA-42,-1,wild boar,,6,train
https://storage.googleapis.com/public-datasets-lila/nacti-unzipped/part2/sub281/FL-38_06_03_2016_FL-38_0037611.JPG,NACTI : FL-38_06_03_2016_FL-38_0037611.JPG,NACTI : unknown,NACTI : archbold_FL-38,-1,wild boar,,6,train
https://storage.googleapis.com/public-datasets-lila/nacti-unzipped/part1/sub154/FL-07_07_28_2015_FL-07_0100814.jpg,NACTI : FL-07_07_28_2015_FL-07_0100814.jpg,NACTI : unknown,NACTI : archbold_FL-07,-1,wild boar,,6,train
https://storage.googleapis.com/public-datasets-lila/nacti-unzipped/part0/sub082/CA-30_10_03_2016_CA-30_0060110.JPG,NACTI : CA-30_10_03_2016_CA-30_0060110.JPG,NACTI : unknown,NACTI : lebec_CA-30,-1,wild boar,,6,test
https://storage.googleapis.com/public-datasets-lila/nacti-unzipped/part2/sub206/FL-17_07_28_2015_FL-17_0055844.jpg,NACTI : FL-17_07_28_2015_FL-17_0055844.jpg,NACTI : unknown,NACTI : archbold_FL-17,-1,wild boar,,6,train
https://storage.googleapis.com/public-datasets-lila/nacti-unzipped/part1/sub198/FL-16_09_03_2015_FL-16_0090067.jpg,NACTI : FL-16_09_03_2015_FL-16_0090067.jpg,NACTI : unknown,NACTI : archbold_FL-16,-1,wild boar,,6,train
https://storage.googleapis.com/public-datasets-lila/nacti-unzipped/part0/sub089/CA-35_08_08_2016_CA-35_0006658.JPG,NACTI : CA-35_08_08_2016_CA-35_0006658.JPG,NACTI : unknown,NACTI : lebec_CA-35,-1,wild boar,,6,train
https://storage.googleapis.com/public-datasets-lila/nacti-unzipped/part0/sub091/CA-37_08_03_2015_CA-37_0008791.jpg,NACTI : CA-37_08_03_2015_CA-37_0008791.jpg,NACTI : unknown,NACTI : lebec_CA-37,-1,wild boar,,6,train
https://storage.googleapis.com/public-datasets-lila/nacti-unzipped/part0/sub097/CA-39_08_17_2015_CA-39_0008619.jpg,NACTI : CA-39_08_17_2015_CA-39_0008619.jpg,NACTI : unknown,NACTI : lebec_CA-39,-1,wild boar,,6,train
https://storage.googleapis.com/public-datasets-lila/nacti-unzipped/part0/sub041/CA-08_03_09_2015_CA-08_0000512.jpg,NACTI : CA-08_03_09_2015_CA-08_0000512.jpg,NACTI : unknown,NACTI : lebec_CA-08,-1,wild boar,,6,train
https://storage.googleapis.com/public-datasets-lila/nacti-unzipped/part0/sub062/CA-20_09_15_2015_CA-20_0011794.jpg,NACTI : CA-20_09_15_2015_CA-20_0011794.jpg,NACTI : unknown,NACTI : lebec_CA-20,-1,wild boar,,6,train
https://storage.googleapis.com/public-datasets-lila/nacti-unzipped/part1/sub198/FL-16_09_03_2015_FL-16_0089528.jpg,NACTI : FL-16_09_03_2015_FL-16_0089528.jpg,NACTI : unknown,NACTI : archbold_FL-16,-1,wild boar,,6,train
https://storage.googleapis.com/public-datasets-lila/nacti-unzipped/part2/sub283/FL-39_03_08_2016_FL-39_0005492.JPG,NACTI : FL-39_03_08_2016_FL-39_0005492.JPG,NACTI : unknown,NACTI : archbold_FL-39,-1,wild boar,,6,test
https://storage.googleapis.com/public-datasets-lila/nacti-unzipped/part0/sub066/CA-24_09_11_2015_CA-24_0010789.jpg,NACTI : CA-24_09_11_2015_CA-24_0010789.jpg,NACTI : unknown,NACTI : lebec_CA-24,-1,wild boar,,6,train
https://storage.googleapis.com/public-datasets-lila/nacti-unzipped/part1/sub106/CA-44_08_12_2015_CA-44_0004005.jpg,NACTI : CA-44_08_12_2015_CA-44_0004005.jpg,NACTI : unknown,NACTI : lebec_CA-44,-1,wild boar,,6,val
https://storage.googleapis.com/public-datasets-lila/nacti-unzipped/part2/sub242/FL-27_06_02_2015_FL-27_0005731.jpg,NACTI : FL-27_06_02_2015_FL-27_0005731.jpg,NACTI : unknown,NACTI : archbold_FL-27,-1,wild boar,,6,train
https://storage.googleapis.com/public-datasets-lila/nacti-unzipped/part1/sub112/FL-01_06_02_2016_FL-01_0060468.JPG,NACTI : FL-01_06_02_2016_FL-01_0060468.JPG,NACTI : unknown,NACTI : archbold_FL-01,-1,wild boar,,6,train
https://storage.googleapis.com/public-datasets-lila/nacti-unzipped/part0/sub089/CA-37_01_28_2016_CA-37_0021736.jpg,NACTI : CA-37_01_28_2016_CA-37_0021736.jpg,NACTI : unknown,NACTI : lebec_CA-37,-1,wild boar,,6,train
https://storage.googleapis.com/public-datasets-lila/nacti-unzipped/part0/sub067/CA-25_06_02_2016_CA-25_0021833.JPG,NACTI : CA-25_06_02_2016_CA-25_0021833.JPG,NACTI : unknown,NACTI : lebec_CA-25,-1,wild boar,,6,train
https://storage.googleapis.com/public-datasets-lila/nacti-unzipped/part2/sub282/FL-38_08_15_2016_FL-38_0047713.JPG,NACTI : FL-38_08_15_2016_FL-38_0047713.JPG,NACTI : unknown,NACTI : archbold_FL-38,-1,wild boar,,6,train
https://storage.googleapis.com/public-datasets-lila/nacti-unzipped/part1/sub198/FL-16_09_03_2015_FL-16_0089899.jpg,NACTI : FL-16_09_03_2015_FL-16_0089899.jpg,NACTI : unknown,NACTI : archbold_FL-16,-1,wild boar,,6,train
https://storage.googleapis.com/public-datasets-lila/nacti-unzipped/part2/sub290/TAG-LF12_08_31_2016_TAG-LF12_0002677.JPG,NACTI : TAG-LF12_08_31_2016_TAG-LF12_0002677.JPG,NACTI : unknown,NACTI : lebec_TAG-LF12,-1,wild boar,,6,test
https://storage.googleapis.com/public-datasets-lila/nacti-unzipped/part0/sub062/CA-22_04_06_2015_CA-22_0000950.jpg,NACTI : CA-22_04_06_2015_CA-22_0000950.jpg,NACTI : unknown,NACTI : lebec_CA-22,-1,wild boar,,6,train
https://storage.googleapis.com/public-datasets-lila/nacti-unzipped/part0/sub058/CA-18_11_08_2016_CA-18_0041450.JPG,NACTI : CA-18_11_08_2016_CA-18_0041450.JPG,NACTI : unknown,NACTI : lebec_CA-18,-1,wild boar,,6,val
https://storage.googleapis.com/public-datasets-lila/nacti-unzipped/part1/sub100/CA-41_09_16_2015_CA-41_0017652.jpg,NACTI : CA-41_09_16_2015_CA-41_0017652.jpg,NACTI : unknown,NACTI : lebec_CA-41,-1,wild boar,,6,train
https://storage.googleapis.com/public-datasets-lila/nacti-unzipped/part0/sub092/CA-37_09_10_2015_CA-37_0019682.jpg,NACTI : CA-37_09_10_2015_CA-37_0019682.jpg,NACTI : unknown,NACTI : lebec_CA-37,-1,wild boar,,6,train
https://storage.googleapis.com/public-datasets-lila/missouricameratraps/images/Set1/1.59-Wild_Boar/SEQ76366/SEQ76366_IMG_0006.JPG,Missouri Camera Traps : 97dd07fe-5c15-11ee-8d73-04421a1b1283,Missouri Camera Traps : SEQ76366,Missouri Camera Traps : missouri_camera_traps,9,wild boar,,6,train
https://storage.googleapis.com/public-datasets-lila/nacti-unzipped/part0/sub055/CA-17_11_08_2016_CA-17_0050017.JPG,NACTI : CA-17_11_08_2016_CA-17_0050017.JPG,NACTI : unknown,NACTI : lebec_CA-17,-1,wild boar,,6,train
https://storage.googleapis.com/public-datasets-lila/nacti-unzipped/part1/sub188/FL-15_03_07_2016_FL-15_0015239.JPG,NACTI : FL-15_03_07_2016_FL-15_0015239.JPG,NACTI : unknown,NACTI : archbold_FL-15,-1,wild boar,,6,test
https://storage.googleapis.com/public-datasets-lila/nacti-unzipped/part2/sub290/FL-43_11_03_2015_FL-43_0002083.jpg,NACTI : FL-43_11_03_2015_FL-43_0002083.jpg,NACTI : unknown,NACTI : archbold_FL-43,-1,wild boar,,6,train
https://storage.googleapis.com/public-datasets-lila/nacti-unzipped/part2/sub219/FL-22_01_21_2016_FL-22_0078695.jpg,NACTI : FL-22_01_21_2016_FL-22_0078695.jpg,NACTI : unknown,NACTI : archbold_FL-22,-1,wild boar,,6,train
https://storage.googleapis.com/public-datasets-lila/nacti-unzipped/part1/sub194/FL-16_06_02_2015_FL-16_0040491.jpg,NACTI : FL-16_06_02_2015_FL-16_0040491.jpg,NACTI : unknown,NACTI : archbold_FL-16,-1,wild boar,,6,train
https://storage.googleapis.com/public-datasets-lila/nacti-unzipped/part0/sub077/CA-29_09_18_2015_CA-29_0028089.jpg,NACTI : CA-29_09_18_2015_CA-29_0028089.jpg,NACTI : unknown,NACTI : lebec_CA-29,-1,wild boar,,6,train
https://storage.googleapis.com/public-datasets-lila/nacti-unzipped/part1/sub100/CA-41_09_16_2015_CA-41_0017886.jpg,NACTI : CA-41_09_16_2015_CA-41_0017886.jpg,NACTI : unknown,NACTI : lebec_CA-41,-1,wild boar,,6,train
https://storage.googleapis.com/public-datasets-lila/nacti-unzipped/part1/sub100/CA-41_10_06_2016_CA-41_0027409.JPG,NACTI : CA-41_10_06_2016_CA-41_0027409.JPG,NACTI : unknown,NACTI : lebec_CA-41,-1,wild boar,,6,train
https://storage.googleapis.com/public-datasets-lila/nacti-unzipped/part1/sub161/FL-08_05_12_2015_FL-08_0001035.jpg,NACTI : FL-08_05_12_2015_FL-08_0001035.jpg,NACTI : unknown,NACTI : archbold_FL-08,-1,wild boar,,6,test
https://storage.googleapis.com/public-datasets-lila/nacti-unzipped/part2/sub241/FL-27_06_02_2015_FL-27_0000464.jpg,NACTI : FL-27_06_02_2015_FL-27_0000464.jpg,NACTI : unknown,NACTI : archbold_FL-27,-1,wild boar,,6,train
https://storage.googleapis.com/public-datasets-lila/nacti-unzipped/part2/sub232/FL-23_12_08_2015_FL-23_0017519.jpg,NACTI : FL-23_12_08_2015_FL-23_0017519.jpg,NACTI : unknown,NACTI : archbold_FL-23,-1,wild boar,,6,train
https://storage.googleapis.com/public-datasets-lila/nacti-unzipped/part2/sub213/FL-19_09_01_2016_FL-19_0066172.JPG,NACTI : FL-19_09_01_2016_FL-19_0066172.JPG,NACTI : unknown,NACTI : archbold_FL-19,-1,wild boar,,6,train
https://storage.googleapis.com/public-datasets-lila/nacti-unzipped/part1/sub189/FL-16_03_07_2016_FL-16_0108348.JPG,NACTI : FL-16_03_07_2016_FL-16_0108348.JPG,NACTI : unknown,NACTI : archbold_FL-16,-1,wild boar,,6,train
https://storage.googleapis.com/public-datasets-lila/nacti-unzipped/part2/sub279/FL-37_11_03_2015_FL-37_0001031.jpg,NACTI : FL-37_11_03_2015_FL-37_0001031.jpg,NACTI : unknown,NACTI : archbold_FL-37,-1,wild boar,,6,train
https://storage.googleapis.com/public-datasets-lila/nacti-unzipped/part2/sub289/FL-42_11_03_2015_FL-42_0003544.jpg,NACTI : FL-42_11_03_2015_FL-42_0003544.jpg,NACTI : unknown,NACTI : archbold_FL-42,-1,wild boar,,6,train
https://storage.googleapis.com/public-datasets-lila/nacti-unzipped/part2/sub284/FL-40_06_03_2016_FL-40_0018276.JPG,NACTI : FL-40_06_03_2016_FL-40_0018276.JPG,NACTI : unknown,NACTI : archbold_FL-40,-1,wild boar,,6,train
https://storage.googleapis.com/public-datasets-lila/nacti-unzipped/part1/sub110/CA-47_09_11_2015_CA-47_0001948.jpg,NACTI : CA-47_09_11_2015_CA-47_0001948.jpg,NACTI : unknown,NACTI : lebec_CA-47,-1,wild boar,,6,val
https://storage.googleapis.com/public-datasets-lila/nacti-unzipped/part0/sub033/CA-01_03_10_2015_CA-01_0000337.jpg,NACTI : CA-01_03_10_2015_CA-01_0000337.jpg,NACTI : unknown,NACTI : lebec_CA-01,-1,wild boar,,6,train
https://storage.googleapis.com/public-datasets-lila/nacti-unzipped/part1/sub106/CA-44_08_12_2015_CA-44_0001851.jpg,NACTI : CA-44_08_12_2015_CA-44_0001851.jpg,NACTI : unknown,NACTI : lebec_CA-44,-1,wild boar,,6,val
https://storage.googleapis.com/public-datasets-lila/nacti-unzipped/part2/sub230/FL-23_05_02_2016_FL-23_0021548.JPG,NACTI : FL-23_05_02_2016_FL-23_0021548.JPG,NACTI : unknown,NACTI : archbold_FL-23,-1,wild boar,,6,train
https://storage.googleapis.com/public-datasets-lila/nacti-unzipped/part2/sub281/FL-38_06_03_2016_FL-38_0040107.JPG,NACTI : FL-38_06_03_2016_FL-38_0040107.JPG,NACTI : unknown,NACTI : archbold_FL-38,-1,wild boar,,6,train
https://storage.googleapis.com/public-datasets-lila/nacti-unzipped/part0/sub076/CA-29_08_03_2015_CA-29_0012512.jpg,NACTI : CA-29_08_03_2015_CA-29_0012512.jpg,NACTI : unknown,NACTI : lebec_CA-29,-1,wild boar,,6,train
https://storage.googleapis.com/public-datasets-lila/nacti-unzipped/part1/sub189/FL-15_08_05_2016_FL-15_0021294.JPG,NACTI : FL-15_08_05_2016_FL-15_0021294.JPG,NACTI : unknown,NACTI : archbold_FL-15,-1,wild boar,,6,test
https://storage.googleapis.com/public-datasets-lila/nacti-unzipped/part2/sub232/FL-23_12_08_2015_FL-23_0016308.jpg,NACTI : FL-23_12_08_2015_FL-23_0016308.jpg,NACTI : unknown,NACTI : archbold_FL-23,-1,wild boar,,6,train
https://storage.googleapis.com/public-datasets-lila/nacti-unzipped/part1/sub129/FL-04_06_02_2016_FL-04_0021257.JPG,NACTI : FL-04_06_02_2016_FL-04_0021257.JPG,NACTI : unknown,NACTI : archbold_FL-04,-1,wild boar,,6,test
https://storage.googleapis.com/public-datasets-lila/nacti-unzipped/part2/sub241/FL-27_06_02_2015_FL-27_0003415.jpg,NACTI : FL-27_06_02_2015_FL-27_0003415.jpg,NACTI : unknown,NACTI : archbold_FL-27,-1,wild boar,,6,train
https://storage.googleapis.com/public-datasets-lila/nacti-unzipped/part2/sub289/FL-42_11_03_2015_FL-42_0003559.jpg,NACTI : FL-42_11_03_2015_FL-42_0003559.jpg,NACTI : unknown,NACTI : archbold_FL-42,-1,wild boar,,6,train
https://storage.googleapis.com/public-datasets-lila/nacti-unzipped/part2/sub240/FL-26_09_03_2015_FL-26_0016309.jpg,NACTI : FL-26_09_03_2015_FL-26_0016309.jpg,NACTI : unknown,NACTI : archbold_FL-26,-1,wild boar,,6,train
https://storage.googleapis.com/public-datasets-lila/nacti-unzipped/part2/sub240/FL-26_07_29_2015_FL-26_0016027.jpg,NACTI : FL-26_07_29_2015_FL-26_0016027.jpg,NACTI : unknown,NACTI : archbold_FL-26,-1,wild boar,,6,train
https://storage.googleapis.com/public-datasets-lila/nacti-unzipped/part0/sub091/CA-37_08_03_2015_CA-37_0013684.jpg,NACTI : CA-37_08_03_2015_CA-37_0013684.jpg,NACTI : unknown,NACTI : lebec_CA-37,-1,wild boar,,6,train
https://storage.googleapis.com/public-datasets-lila/nacti-unzipped/part0/sub039/CA-06_09_14_2015_CA-06_0007329.jpg,NACTI : CA-06_09_14_2015_CA-06_0007329.jpg,NACTI : unknown,NACTI : lebec_CA-06,-1,wild boar,,6,val
https://storage.googleapis.com/public-datasets-lila/nacti-unzipped/part2/sub232/FL-23_11_02_2015_FL-23_0014594.jpg,NACTI : FL-23_11_02_2015_FL-23_0014594.jpg,NACTI : unknown,NACTI : archbold_FL-23,-1,wild boar,,6,train
https://storage.googleapis.com/public-datasets-lila/nacti-unzipped/part0/sub089/CA-37_01_28_2016_CA-37_0021762.jpg,NACTI : CA-37_01_28_2016_CA-37_0021762.jpg,NACTI : unknown,NACTI : lebec_CA-37,-1,wild boar,,6,train
https://storage.googleapis.com/public-datasets-lila/nacti-unzipped/part0/sub050/CA-16_07_01_2016_CA-16_0003253.JPG,NACTI : CA-16_07_01_2016_CA-16_0003253.JPG,NACTI : unknown,NACTI : lebec_CA-16,-1,wild boar,,6,train
https://storage.googleapis.com/public-datasets-lila/nacti-unzipped/part0/sub042/CA-08_12_08_2015_CA-08_0007387.jpg,NACTI : CA-08_12_08_2015_CA-08_0007387.jpg,NACTI : unknown,NACTI : lebec_CA-08,-1,wild boar,,6,train
https://storage.googleapis.com/public-datasets-lila/nacti-unzipped/part0/sub058/CA-18_10_15_2015_CA-18_0020641.jpg,NACTI : CA-18_10_15_2015_CA-18_0020641.jpg,NACTI : unknown,NACTI : lebec_CA-18,-1,wild boar,,6,val
https://storage.googleapis.com/public-datasets-lila/nacti-unzipped/part0/sub092/CA-37_09_10_2015_CA-37_0019723.jpg,NACTI : CA-37_09_10_2015_CA-37_0019723.jpg,NACTI : unknown,NACTI : lebec_CA-37,-1,wild boar,,6,train
https://storage.googleapis.com/public-datasets-lila/nacti-unzipped/part1/sub162/FL-08_10_01_2015_FL-08_0011620.jpg,NACTI : FL-08_10_01_2015_FL-08_0011620.jpg,NACTI : unknown,NACTI : archbold_FL-08,-1,wild boar,,6,test
https://storage.googleapis.com/public-datasets-lila/nacti-unzipped/part2/sub281/FL-38_05_03_2016_FL-38_0034755.JPG,NACTI : FL-38_05_03_2016_FL-38_0034755.JPG,NACTI : unknown,NACTI : archbold_FL-38,-1,wild boar,,6,train
https://storage.googleapis.com/public-datasets-lila/nacti-unzipped/part0/sub058/CA-19_02_11_2016_CA-19_0017057.jpg,NACTI : CA-19_02_11_2016_CA-19_0017057.jpg,NACTI : unknown,NACTI : lebec_CA-19,-1,wild boar,,6,train
https://storage.googleapis.com/public-datasets-lila/nacti-unzipped/part1/sub129/FL-04_06_02_2016_FL-04_0021876.JPG,NACTI : FL-04_06_02_2016_FL-04_0021876.JPG,NACTI : unknown,NACTI : archbold_FL-04,-1,wild boar,,6,test
https://storage.googleapis.com/public-datasets-lila/nacti-unzipped/part2/sub214/FL-20_04_05_2016_FL-20_0030869.JPG,NACTI : FL-20_04_05_2016_FL-20_0030869.JPG,NACTI : unknown,NACTI : archbold_FL-20,-1,wild boar,,6,train
https://storage.googleapis.com/public-datasets-lila/nacti-unzipped/part2/sub279/FL-37_08_15_2016_FL-37_0027653.JPG,NACTI : FL-37_08_15_2016_FL-37_0027653.JPG,NACTI : unknown,NACTI : archbold_FL-37,-1,wild boar,,6,train
https://storage.googleapis.com/public-datasets-lila/nacti-unzipped/part0/sub088/CA-34_08_05_2016_CA-34_0029014.JPG,NACTI : CA-34_08_05_2016_CA-34_0029014.JPG,NACTI : unknown,NACTI : lebec_CA-34,-1,wild boar,,6,train
https://storage.googleapis.com/public-datasets-lila/nacti-unzipped/part0/sub073/CA-28_10_31_2016_CA-28_0030160.JPG,NACTI : CA-28_10_31_2016_CA-28_0030160.JPG,NACTI : unknown,NACTI : lebec_CA-28,-1,wild boar,,6,train
https://storage.googleapis.com/public-datasets-lila/nacti-unzipped/part0/sub047/CA-12_08_10_2016_CA-12_0014620.JPG,NACTI : CA-12_08_10_2016_CA-12_0014620.JPG,NACTI : unknown,NACTI : lebec_CA-12,-1,wild boar,,6,train
https://storage.googleapis.com/public-datasets-lila/nacti-unzipped/part0/sub080/CA-30_07_07_2016_CA-30_0048215.JPG,NACTI : CA-30_07_07_2016_CA-30_0048215.JPG,NACTI : unknown,NACTI : lebec_CA-30,-1,wild boar,,6,test
https://storage.googleapis.com/public-datasets-lila/nacti-unzipped/part0/sub042/CA-10_02_11_2016_CA-10_0017651.jpg,NACTI : CA-10_02_11_2016_CA-10_0017651.jpg,NACTI : unknown,NACTI : lebec_CA-10,-1,wild boar,,6,train
https://storage.googleapis.com/public-datasets-lila/nacti-unzipped/part1/sub104/CA-43_08_12_2015_CA-43_0001363.jpg,NACTI : CA-43_08_12_2015_CA-43_0001363.jpg,NACTI : unknown,NACTI : lebec_CA-43,-1,wild boar,,6,val
https://storage.googleapis.com/public-datasets-lila/nacti-unzipped/part2/sub288/FL-42_03_09_2016_FL-42_0008495.JPG,NACTI : FL-42_03_09_2016_FL-42_0008495.JPG,NACTI : unknown,NACTI : archbold_FL-42,-1,wild boar,,6,train
https://storage.googleapis.com/public-datasets-lila/nacti-unzipped/part1/sub104/CA-43_10_16_2015_CA-43_0005349.jpg,NACTI : CA-43_10_16_2015_CA-43_0005349.jpg,NACTI : unknown,NACTI : lebec_CA-43,-1,wild boar,,6,val
https://storage.googleapis.com/public-datasets-lila/nacti-unzipped/part0/sub058/CA-18_11_08_2016_CA-18_0041560.JPG,NACTI : CA-18_11_08_2016_CA-18_0041560.JPG,NACTI : unknown,NACTI : lebec_CA-18,-1,wild boar,,6,val
https://storage.googleapis.com/public-datasets-lila/nacti-unzipped/part0/sub048/CA-13_08_12_2015_CA-13_0005831.jpg,NACTI : CA-13_08_12_2015_CA-13_0005831.jpg,NACTI : unknown,NACTI : lebec_CA-13,-1,wild boar,,6,val
https://storage.googleapis.com/public-datasets-lila/nacti-unzipped/part0/sub077/CA-29_09_18_2015_CA-29_0027923.jpg,NACTI : CA-29_09_18_2015_CA-29_0027923.jpg,NACTI : unknown,NACTI : lebec_CA-29,-1,wild boar,,6,train
https://storage.googleapis.com/public-datasets-lila/nacti-unzipped/part2/sub228/FL-22_07_29_2015_FL-22_0064878.jpg,NACTI : FL-22_07_29_2015_FL-22_0064878.jpg,NACTI : unknown,NACTI : archbold_FL-22,-1,wild boar,,6,train
https://storage.googleapis.com/public-datasets-lila/nacti-unzipped/part0/sub042/CA-08_12_08_2015_CA-08_0007526.jpg,NACTI : CA-08_12_08_2015_CA-08_0007526.jpg,NACTI : unknown,NACTI : lebec_CA-08,-1,wild boar,,6,train
https://storage.googleapis.com/public-datasets-lila/nacti-unzipped/part0/sub055/CA-17_10_06_2016_CA-17_0047658.JPG,NACTI : CA-17_10_06_2016_CA-17_0047658.JPG,NACTI : unknown,NACTI : lebec_CA-17,-1,wild boar,,6,train
https://storage.googleapis.com/public-datasets-lila/nacti-unzipped/part1/sub171/FL-11_09_02_2015_FL-11_0012135.jpg,NACTI : FL-11_09_02_2015_FL-11_0012135.jpg,NACTI : unknown,NACTI : archbold_FL-11,-1,wild boar,,6,train
https://storage.googleapis.com/public-datasets-lila/nacti-unzipped/part0/sub034/CA-02_08_13_2015_CA-02_0009060.jpg,NACTI : CA-02_08_13_2015_CA-02_0009060.jpg,NACTI : unknown,NACTI : lebec_CA-02,-1,wild boar,,6,train
https://storage.googleapis.com/public-datasets-lila/nacti-unzipped/part2/sub285/FL-40_08_15_2016_FL-40_0026431.JPG,NACTI : FL-40_08_15_2016_FL-40_0026431.JPG,NACTI : unknown,NACTI : archbold_FL-40,-1,wild boar,,6,train
https://storage.googleapis.com/public-datasets-lila/wcs-unzipped/animals/0525/1570.jpg,WCS Camera Traps : 879f62d1-92d5-11e9-adcc-000d3a74c7de,WCS Camera Traps : lao-003-d0013-2,WCS Camera Traps : 4132,1,wild boar,03-28-2006 22:44:00,6,train
https://storage.googleapis.com/public-datasets-lila/nacti-unzipped/part0/sub069/CA-27_04_06_2015_CA-27_0001485.jpg,NACTI : CA-27_04_06_2015_CA-27_0001485.jpg,NACTI : unknown,NACTI : lebec_CA-27,-1,wild boar,,6,train
https://storage.googleapis.com/public-datasets-lila/nacti-unzipped/part0/sub092/CA-37_10_16_2015_CA-37_0020368.jpg,NACTI : CA-37_10_16_2015_CA-37_0020368.jpg,NACTI : unknown,NACTI : lebec_CA-37,-1,wild boar,,6,train
https://storage.googleapis.com/public-datasets-lila/nacti-unzipped/part0/sub059/CA-20_02_11_2016_CA-20_0012936.jpg,NACTI : CA-20_02_11_2016_CA-20_0012936.jpg,NACTI : unknown,NACTI : lebec_CA-20,-1,wild boar,,6,train
https://storage.googleapis.com/public-datasets-lila/nacti-unzipped/part2/sub219/FL-22_03_07_2016_FL-22_0079936.JPG,NACTI : FL-22_03_07_2016_FL-22_0079936.JPG,NACTI : unknown,NACTI : archbold_FL-22,-1,wild boar,,6,train
https://storage.googleapis.com/public-datasets-lila/nacti-unzipped/part1/sub189/FL-15_09_01_2016_FL-15_0021904.JPG,NACTI : FL-15_09_01_2016_FL-15_0021904.JPG,NACTI : unknown,NACTI : archbold_FL-15,-1,wild boar,,6,test
https://storage.googleapis.com/public-datasets-lila/nacti-unzipped/part2/sub275/FL-35_11_03_2015_FL-35_0002849.jpg,NACTI : FL-35_11_03_2015_FL-35_0002849.jpg,NACTI : unknown,NACTI : archbold_FL-35,-1,wild boar,,6,val
https://storage.googleapis.com/public-datasets-lila/nacti-unzipped/part1/sub134/FL-05_09_02_2015_FL-05_0023392.jpg,NACTI : FL-05_09_02_2015_FL-05_0023392.jpg,NACTI : unknown,NACTI : archbold_FL-05,-1,wild boar,,6,train
https://storage.googleapis.com/public-datasets-lila/nacti-unzipped/part1/sub192/FL-16_06_02_2015_FL-16_0013485.jpg,NACTI : FL-16_06_02_2015_FL-16_0013485.jpg,NACTI : unknown,NACTI : archbold_FL-16,-1,wild boar,,6,train
https://storage.googleapis.com/public-datasets-lila/nacti-unzipped/part2/sub220/FL-22_04_05_2016_FL-22_0092907.JPG,NACTI : FL-22_04_05_2016_FL-22_0092907.JPG,NACTI : unknown,NACTI : archbold_FL-22,-1,wild boar,,6,train
https://storage.googleapis.com/public-datasets-lila/nacti-unzipped/part1/sub119/FL-02_06_02_2016_FL-02_0067070.JPG,NACTI : FL-02_06_02_2016_FL-02_0067070.JPG,NACTI : unknown,NACTI : archbold_FL-02,-1,wild boar,,6,train
https://storage.googleapis.com/public-datasets-lila/nacti-unzipped/part2/sub271/FL-34_07_06_2016_FL-34_0018445.JPG,NACTI : FL-34_07_06_2016_FL-34_0018445.JPG,NACTI : unknown,NACTI : archbold_FL-34,-1,wild boar,,6,test
https://storage.googleapis.com/public-datasets-lila/nacti-unzipped/part1/sub106/CA-44_08_12_2015_CA-44_0003862.jpg,NACTI : CA-44_08_12_2015_CA-44_0003862.jpg,NACTI : unknown,NACTI : lebec_CA-44,-1,wild boar,,6,val
https://storage.googleapis.com/public-datasets-lila/nacti-unzipped/part1/sub198/FL-16_08_05_2016_FL-16_0140855.JPG,NACTI : FL-16_08_05_2016_FL-16_0140855.JPG,NACTI : unknown,NACTI : archbold_FL-16,-1,wild boar,,6,train
https://storage.googleapis.com/public-datasets-lila/nacti-unzipped/part1/sub109/CA-46_10_07_2015_CA-46_0009807.jpg,NACTI : CA-46_10_07_2015_CA-46_0009807.jpg,NACTI : unknown,NACTI : lebec_CA-46,-1,wild boar,,6,train
https://storage.googleapis.com/public-datasets-lila/nacti-unzipped/part0/sub090/CA-37_04_19_2016_CA-37_0024437.JPG,NACTI : CA-37_04_19_2016_CA-37_0024437.JPG,NACTI : unknown,NACTI : lebec_CA-37,-1,wild boar,,6,train
https://storage.googleapis.com/public-datasets-lila/nacti-unzipped/part1/sub107/CA-44_09_11_2015_CA-44_0007296.jpg,NACTI : CA-44_09_11_2015_CA-44_0007296.jpg,NACTI : unknown,NACTI : lebec_CA-44,-1,wild boar,,6,val
https://storage.googleapis.com/public-datasets-lila/nacti-unzipped/part2/sub290/TAG-TC01_09_21_2015_TAG-TC01_0000408.JPG,NACTI : TAG-TC01_09_21_2015_TAG-TC01_0000408.JPG,NACTI : unknown,NACTI : lebec_TAG-TC01,-1,wild boar,,6,train
https://storage.googleapis.com/public-datasets-lila/nacti-unzipped/part2/sub222/FL-22_06_02_2015_FL-22_0009245.jpg,NACTI : FL-22_06_02_2015_FL-22_0009245.jpg,NACTI : unknown,NACTI : archbold_FL-22,-1,wild boar,,6,train
https://storage.googleapis.com/public-datasets-lila/nacti-unzipped/part1/sub189/FL-16_01_21_2016_FL-16_0106435.jpg,NACTI : FL-16_01_21_2016_FL-16_0106435.jpg,NACTI : unknown,NACTI : archbold_FL-16,-1,wild boar,,6,train
https://storage.googleapis.com/public-datasets-lila/nacti-unzipped/part1/sub189/FL-16_01_21_2016_FL-16_0102477.jpg,NACTI : FL-16_01_21_2016_FL-16_0102477.jpg,NACTI : unknown,NACTI : archbold_FL-16,-1,wild boar,,6,train
https://storage.googleapis.com/public-datasets-lila/nacti-unzipped/part2/sub280/FL-38_03_07_2016_FL-38_0024429.JPG,NACTI : FL-38_03_07_2016_FL-38_0024429.JPG,NACTI : unknown,NACTI : archbold_FL-38,-1,wild boar,,6,train
https://storage.googleapis.com/public-datasets-lila/nacti-unzipped/part0/sub039/CA-06_09_14_2015_CA-06_0007614.jpg,NACTI : CA-06_09_14_2015_CA-06_0007614.jpg,NACTI : unknown,NACTI : lebec_CA-06,-1,wild boar,,6,val
https://storage.googleapis.com/public-datasets-lila/nacti-unzipped/part2/sub259/FL-30_06_03_2016_FL-30_0050965.JPG,NACTI : FL-30_06_03_2016_FL-30_0050965.JPG,NACTI : unknown,NACTI : archbold_FL-30,-1,wild boar,,6,train
https://storage.googleapis.com/public-datasets-lila/nacti-unzipped/part2/sub290/FL-43_11_03_2015_FL-43_0001181.jpg,NACTI : FL-43_11_03_2015_FL-43_0001181.jpg,NACTI : unknown,NACTI : archbold_FL-43,-1,wild boar,,6,train
https://storage.googleapis.com/public-datasets-lila/nacti-unzipped/part0/sub041/CA-08_08_04_2015_CA-08_0001629.jpg,NACTI : CA-08_08_04_2015_CA-08_0001629.jpg,NACTI : unknown,NACTI : lebec_CA-08,-1,wild boar,,6,train
https://storage.googleapis.com/public-datasets-lila/nacti-unzipped/part0/sub058/CA-18_08_03_2015_CA-18_0017224.jpg,NACTI : CA-18_08_03_2015_CA-18_0017224.jpg,NACTI : unknown,NACTI : lebec_CA-18,-1,wild boar,,6,val
https://storage.googleapis.com/public-datasets-lila/nacti-unzipped/part2/sub289/FL-42_11_03_2015_FL-42_0003934.jpg,NACTI : FL-42_11_03_2015_FL-42_0003934.jpg,NACTI : unknown,NACTI : archbold_FL-42,-1,wild boar,,6,train
https://storage.googleapis.com/public-datasets-lila/nacti-unzipped/part1/sub131/FL-05_03_04_2016_FL-05_0033327.JPG,NACTI : FL-05_03_04_2016_FL-05_0033327.JPG,NACTI : unknown,NACTI : archbold_FL-05,-1,wild boar,,6,train
https://storage.googleapis.com/public-datasets-lila/nacti-unzipped/part1/sub188/FL-15_06_02_2015_FL-15_0004273.jpg,NACTI : FL-15_06_02_2015_FL-15_0004273.jpg,NACTI : unknown,NACTI : archbold_FL-15,-1,wild boar,,6,test
https://storage.googleapis.com/public-datasets-lila/nacti-unzipped/part0/sub058/CA-18_10_06_2016_CA-18_0039621.JPG,NACTI : CA-18_10_06_2016_CA-18_0039621.JPG,NACTI : unknown,NACTI : lebec_CA-18,-1,wild boar,,6,val
https://storage.googleapis.com/public-datasets-lila/nacti-unzipped/part2/sub213/FL-19_09_01_2016_FL-19_0066048.JPG,NACTI : FL-19_09_01_2016_FL-19_0066048.JPG,NACTI : unknown,NACTI : archbold_FL-19,-1,wild boar,,6,train
https://storage.googleapis.com/public-datasets-lila/nacti-unzipped/part1/sub126/FL-03_06_30_2015_FL-03_0020455.jpg,NACTI : FL-03_06_30_2015_FL-03_0020455.jpg,NACTI : unknown,NACTI : archbold_FL-03,-1,wild boar,,6,train
https://storage.googleapis.com/public-datasets-lila/nacti-unzipped/part1/sub125/FL-03_06_01_2015_FL-03_0019269.jpg,NACTI : FL-03_06_01_2015_FL-03_0019269.jpg,NACTI : unknown,NACTI : archbold_FL-03,-1,wild boar,,6,train
https://storage.googleapis.com/public-datasets-lila/nacti-unzipped/part1/sub106/CA-44_08_12_2015_CA-44_0002398.jpg,NACTI : CA-44_08_12_2015_CA-44_0002398.jpg,NACTI : unknown,NACTI : lebec_CA-44,-1,wild boar,,6,val
https://storage.googleapis.com/public-datasets-lila/nacti-unzipped/part1/sub135/FL-05_12_08_2015_FL-05_0026384.jpg,NACTI : FL-05_12_08_2015_FL-05_0026384.jpg,NACTI : unknown,NACTI : archbold_FL-05,-1,wild boar,,6,train
https://storage.googleapis.com/public-datasets-lila/nacti-unzipped/part2/sub223/FL-22_06_02_2015_FL-22_0018115.jpg,NACTI : FL-22_06_02_2015_FL-22_0018115.jpg,NACTI : unknown,NACTI : archbold_FL-22,-1,wild boar,,6,train
https://storage.googleapis.com/public-datasets-lila/nacti-unzipped/part2/sub290/TAG-LF12_08_31_2016_TAG-LF12_0003188.JPG,NACTI : TAG-LF12_08_31_2016_TAG-LF12_0003188.JPG,NACTI : unknown,NACTI : lebec_TAG-LF12,-1,wild boar,,6,test
https://storage.googleapis.com/public-datasets-lila/nacti-unzipped/part1/sub199/FL-16_12_06_2015_FL-16_0100636.jpg,NACTI : FL-16_12_06_2015_FL-16_0100636.jpg,NACTI : unknown,NACTI : archbold_FL-16,-1,wild boar,,6,train
https://storage.googleapis.com/public-datasets-lila/nacti-unzipped/part0/sub099/CA-41_09_16_2015_CA-41_0016435.jpg,NACTI : CA-41_09_16_2015_CA-41_0016435.jpg,NACTI : unknown,NACTI : lebec_CA-41,-1,wild boar,,6,train
https://storage.googleapis.com/public-datasets-lila/nacti-unzipped/part0/sub050/CA-16_10_11_2016_CA-16_0006835.JPG,NACTI : CA-16_10_11_2016_CA-16_0006835.JPG,NACTI : unknown,NACTI : lebec_CA-16,-1,wild boar,,6,train
https://storage.googleapis.com/public-datasets-lila/nacti-unzipped/part2/sub241/FL-27_06_02_2015_FL-27_0002852.jpg,NACTI : FL-27_06_02_2015_FL-27_0002852.jpg,NACTI : unknown,NACTI : archbold_FL-27,-1,wild boar,,6,train
https://storage.googleapis.com/public-datasets-lila/nacti-unzipped/part0/sub058/CA-18_09_18_2015_CA-18_0020043.jpg,NACTI : CA-18_09_18_2015_CA-18_0020043.jpg,NACTI : unknown,NACTI : lebec_CA-18,-1,wild boar,,6,val
https://storage.googleapis.com/public-datasets-lila/nacti-unzipped/part1/sub106/CA-44_08_12_2015_CA-44_0002816.jpg,NACTI : CA-44_08_12_2015_CA-44_0002816.jpg,NACTI : unknown,NACTI : lebec_CA-44,-1,wild boar,,6,val
https://storage.googleapis.com/public-datasets-lila/nacti-unzipped/part0/sub098/CA-41_04_03_2015_CA-41_0000500.jpg,NACTI : CA-41_04_03_2015_CA-41_0000500.jpg,NACTI : unknown,NACTI : lebec_CA-41,-1,wild boar,,6,train
https://storage.googleapis.com/public-datasets-lila/nacti-unzipped/part1/sub137/FL-06_07_05_2016_FL-06_0030729.JPG,NACTI : FL-06_07_05_2016_FL-06_0030729.JPG,NACTI : unknown,NACTI : archbold_FL-06,-1,wild boar,,6,val
https://storage.googleapis.com/public-datasets-lila/nacti-unzipped/part0/sub034/CA-02_08_10_2016_CA-02_0018189.JPG,NACTI : CA-02_08_10_2016_CA-02_0018189.JPG,NACTI : unknown,NACTI : lebec_CA-02,-1,wild boar,,6,train
https://storage.googleapis.com/public-datasets-lila/nacti-unzipped/part2/sub271/FL-34_06_03_2016_FL-34_0017065.JPG,NACTI : FL-34_06_03_2016_FL-34_0017065.JPG,NACTI : unknown,NACTI : archbold_FL-34,-1,wild boar,,6,test
https://storage.googleapis.com/public-datasets-lila/nacti-unzipped/part0/sub039/CA-06_08_04_2015_CA-06_0003274.jpg,NACTI : CA-06_08_04_2015_CA-06_0003274.jpg,NACTI : unknown,NACTI : lebec_CA-06,-1,wild boar,,6,val
https://storage.googleapis.com/public-datasets-lila/nacti-unzipped/part2/sub208/FL-19_04_04_2016_FL-19_0048432.JPG,NACTI : FL-19_04_04_2016_FL-19_0048432.JPG,NACTI : unknown,NACTI : archbold_FL-19,-1,wild boar,,6,train
https://storage.googleapis.com/public-datasets-lila/wcs-unzipped/animals/0400/1796.jpg,WCS Camera Traps : 59426d14-92d5-11e9-8f63-000d3a74c7de,WCS Camera Traps : idn-003-d0026-18,WCS Camera Traps : 2849,5,wild boar,04-21-2010 12:12:40,6,train
https://storage.googleapis.com/public-datasets-lila/nacti-unzipped/part2/sub277/FL-37_03_08_2016_FL-37_0007978.JPG,NACTI : FL-37_03_08_2016_FL-37_0007978.JPG,NACTI : unknown,NACTI : archbold_FL-37,-1,wild boar,,6,train
https://storage.googleapis.com/public-datasets-lila/nacti-unzipped/part0/sub034/CA-02_09_15_2015_CA-02_0009812.jpg,NACTI : CA-02_09_15_2015_CA-02_0009812.jpg,NACTI : unknown,NACTI : lebec_CA-02,-1,wild boar,,6,train
https://storage.googleapis.com/public-datasets-lila/nacti-unzipped/part2/sub217/FL-21_06_03_2015_FL-21_0003025.jpg,NACTI : FL-21_06_03_2015_FL-21_0003025.jpg,NACTI : unknown,NACTI : archbold_FL-21,-1,wild boar,,6,test
https://storage.googleapis.com/public-datasets-lila/nacti-unzipped/part2/sub241/FL-27_04_05_2016_FL-27_0051856.JPG,NACTI : FL-27_04_05_2016_FL-27_0051856.JPG,NACTI : unknown,NACTI : archbold_FL-27,-1,wild boar,,6,train
https://storage.googleapis.com/public-datasets-lila/nacti-unzipped/part2/sub290/FL-43_10_01_2015_FL-43_0000338.jpg,NACTI : FL-43_10_01_2015_FL-43_0000338.jpg,NACTI : unknown,NACTI : archbold_FL-43,-1,wild boar,,6,train
https://storage.googleapis.com/public-datasets-lila/nacti-unzipped/part2/sub280/FL-38_03_07_2016_FL-38_0028752.JPG,NACTI : FL-38_03_07_2016_FL-38_0028752.JPG,NACTI : unknown,NACTI : archbold_FL-38,-1,wild boar,,6,train
https://storage.googleapis.com/public-datasets-lila/nacti-unzipped/part2/sub283/FL-39_04_05_2016_FL-39_0008032.JPG,NACTI : FL-39_04_05_2016_FL-39_0008032.JPG,NACTI : unknown,NACTI : archbold_FL-39,-1,wild boar,,6,test
https://storage.googleapis.com/public-datasets-lila/nacti-unzipped/part0/sub041/CA-07_11_13_2015_CA-07_0006575.jpg,NACTI : CA-07_11_13_2015_CA-07_0006575.jpg,NACTI : unknown,NACTI : lebec_CA-07,-1,wild boar,,6,test
https://storage.googleapis.com/public-datasets-lila/nacti-unzipped/part2/sub217/FL-21_06_03_2015_FL-21_0002986.jpg,NACTI : FL-21_06_03_2015_FL-21_0002986.jpg,NACTI : unknown,NACTI : archbold_FL-21,-1,wild boar,,6,test
https://storage.googleapis.com/public-datasets-lila/nacti-unzipped/part0/sub046/CA-11_08_13_2015_CA-11_0006574.jpg,NACTI : CA-11_08_13_2015_CA-11_0006574.jpg,NACTI : unknown,NACTI : lebec_CA-11,-1,wild boar,,6,train
https://storage.googleapis.com/public-datasets-lila/nacti-unzipped/part1/sub189/FL-16_01_21_2016_FL-16_0104342.jpg,NACTI : FL-16_01_21_2016_FL-16_0104342.jpg,NACTI : unknown,NACTI : archbold_FL-16,-1,wild boar,,6,train
https://storage.googleapis.com/public-datasets-lila/nacti-unzipped/part2/sub283/FL-39_11_03_2015_FL-39_0001177.jpg,NACTI : FL-39_11_03_2015_FL-39_0001177.jpg,NACTI : unknown,NACTI : archbold_FL-39,-1,wild boar,,6,test
https://storage.googleapis.com/public-datasets-lila/nacti-unzipped/part0/sub088/CA-34_09_02_2016_CA-34_0030018.JPG,NACTI : CA-34_09_02_2016_CA-34_0030018.JPG,NACTI : unknown,NACTI : lebec_CA-34,-1,wild boar,,6,train
https://storage.googleapis.com/public-datasets-lila/nacti-unzipped/part2/sub290/TAG-LF13_08_31_2016_TAG-LF13_0001202.JPG,NACTI : TAG-LF13_08_31_2016_TAG-LF13_0001202.JPG,NACTI : unknown,NACTI : lebec_TAG-LF13,-1,wild boar,,6,train
https://storage.googleapis.com/public-datasets-lila/nacti-unzipped/part0/sub058/CA-19_03_10_2015_CA-19_0000234.jpg,NACTI : CA-19_03_10_2015_CA-19_0000234.jpg,NACTI : unknown,NACTI : lebec_CA-19,-1,wild boar,,6,train
https://storage.googleapis.com/public-datasets-lila/nacti-unzipped/part0/sub047/CA-12_11_02_2016_CA-12_0018363.JPG,NACTI : CA-12_11_02_2016_CA-12_0018363.JPG,NACTI : unknown,NACTI : lebec_CA-12,-1,wild boar,,6,train
https://storage.googleapis.com/public-datasets-lila/nacti-unzipped/part0/sub073/CA-28_10_03_2016_CA-28_0028616.JPG,NACTI : CA-28_10_03_2016_CA-28_0028616.JPG,NACTI : unknown,NACTI : lebec_CA-28,-1,wild boar,,6,train
https://storage.googleapis.com/public-datasets-lila/nacti-unzipped/part1/sub189/FL-16_03_07_2016_FL-16_0108074.JPG,NACTI : FL-16_03_07_2016_FL-16_0108074.JPG,NACTI : unknown,NACTI : archbold_FL-16,-1,wild boar,,6,train
https://storage.googleapis.com/public-datasets-lila/nacti-unzipped/part2/sub207/FL-18_03_04_2016_FL-18_0018572.JPG,NACTI : FL-18_03_04_2016_FL-18_0018572.JPG,NACTI : unknown,NACTI : archbold_FL-18,-1,wild boar,,6,test
https://storage.googleapis.com/public-datasets-lila/nacti-unzipped/part1/sub106/CA-44_08_12_2015_CA-44_0005157.jpg,NACTI : CA-44_08_12_2015_CA-44_0005157.jpg,NACTI : unknown,NACTI : lebec_CA-44,-1,wild boar,,6,val
https://storage.googleapis.com/public-datasets-lila/nacti-unzipped/part2/sub283/FL-39_11_03_2015_FL-39_0000615.jpg,NACTI : FL-39_11_03_2015_FL-39_0000615.jpg,NACTI : unknown,NACTI : archbold_FL-39,-1,wild boar,,6,test
https://storage.googleapis.com/public-datasets-lila/nacti-unzipped/part1/sub199/FL-16_12_06_2015_FL-16_0099904.jpg,NACTI : FL-16_12_06_2015_FL-16_0099904.jpg,NACTI : unknown,NACTI : archbold_FL-16,-1,wild boar,,6,train
https://storage.googleapis.com/public-datasets-lila/nacti-unzipped/part1/sub193/FL-16_06_02_2015_FL-16_0020230.jpg,NACTI : FL-16_06_02_2015_FL-16_0020230.jpg,NACTI : unknown,NACTI : archbold_FL-16,-1,wild boar,,6,train
https://storage.googleapis.com/public-datasets-lila/nacti-unzipped/part0/sub034/CA-02_09_15_2015_CA-02_0009779.jpg,NACTI : CA-02_09_15_2015_CA-02_0009779.jpg,NACTI : unknown,NACTI : lebec_CA-02,-1,wild boar,,6,train
https://storage.googleapis.com/public-datasets-lila/wcs-unzipped/animals/0477/1668.jpg,WCS Camera Traps : 76087a4a-92d5-11e9-883f-000d3a74c7de,WCS Camera Traps : lao-004-d0023-4,WCS Camera Traps : 3773,7,wild boar,05-19-2011 07:13:00,6,train
https://storage.googleapis.com/public-datasets-lila/nacti-unzipped/part0/sub088/CA-35_03_05_2015_CA-35_0000094.jpg,NACTI : CA-35_03_05_2015_CA-35_0000094.jpg,NACTI : unknown,NACTI : lebec_CA-35,-1,wild boar,,6,train
https://storage.googleapis.com/public-datasets-lila/nacti-unzipped/part1/sub131/FL-05_03_04_2016_FL-05_0033580.JPG,NACTI : FL-05_03_04_2016_FL-05_0033580.JPG,NACTI : unknown,NACTI : archbold_FL-05,-1,wild boar,,6,train
https://storage.googleapis.com/public-datasets-lila/nacti-unzipped/part1/sub135/FL-05_12_08_2015_FL-05_0027764.jpg,NACTI : FL-05_12_08_2015_FL-05_0027764.jpg,NACTI : unknown,NACTI : archbold_FL-05,-1,wild boar,,6,train
https://storage.googleapis.com/public-datasets-lila/nacti-unzipped/part1/sub196/FL-16_06_30_2015_FL-16_0060816.jpg,NACTI : FL-16_06_30_2015_FL-16_0060816.jpg,NACTI : unknown,NACTI : archbold_FL-16,-1,wild boar,,6,train
https://storage.googleapis.com/public-datasets-lila/nacti-unzipped/part2/sub282/FL-39_01_23_2016_FL-39_0002900.jpg,NACTI : FL-39_01_23_2016_FL-39_0002900.jpg,NACTI : unknown,NACTI : archbold_FL-39,-1,wild boar,,6,test
https://storage.googleapis.com/public-datasets-lila/nacti-unzipped/part2/sub279/FL-38_01_08_2016_FL-38_0018015.JPG,NACTI : FL-38_01_08_2016_FL-38_0018015.JPG,NACTI : unknown,NACTI : archbold_FL-38,-1,wild boar,,6,train
https://storage.googleapis.com/public-datasets-lila/nacti-unzipped/part0/sub055/CA-17_11_08_2016_CA-17_0049123.JPG,NACTI : CA-17_11_08_2016_CA-17_0049123.JPG,NACTI : unknown,NACTI : lebec_CA-17,-1,wild boar,,6,train
https://storage.googleapis.com/public-datasets-lila/nacti-unzipped/part1/sub134/FL-05_09_02_2015_FL-05_0023500.jpg,NACTI : FL-05_09_02_2015_FL-05_0023500.jpg,NACTI : unknown,NACTI : archbold_FL-05,-1,wild boar,,6,train
https://storage.googleapis.com/public-datasets-lila/nacti-unzipped/part0/sub088/CA-34_11_08_2016_CA-34_0031751.JPG,NACTI : CA-34_11_08_2016_CA-34_0031751.JPG,NACTI : unknown,NACTI : lebec_CA-34,-1,wild boar,,6,train
https://storage.googleapis.com/public-datasets-lila/nacti-unzipped/part2/sub279/FL-37_12_07_2015_FL-37_0003157.jpg,NACTI : FL-37_12_07_2015_FL-37_0003157.jpg,NACTI : unknown,NACTI : archbold_FL-37,-1,wild boar,,6,train
https://storage.googleapis.com/public-datasets-lila/nacti-unzipped/part2/sub232/FL-23_11_02_2015_FL-23_0014435.jpg,NACTI : FL-23_11_02_2015_FL-23_0014435.jpg,NACTI : unknown,NACTI : archbold_FL-23,-1,wild boar,,6,train
https://storage.googleapis.com/public-datasets-lila/nacti-unzipped/part0/sub051/CA-17_03_04_2016_CA-17_0027384.JPG,NACTI : CA-17_03_04_2016_CA-17_0027384.JPG,NACTI : unknown,NACTI : lebec_CA-17,-1,wild boar,,6,train
https://storage.googleapis.com/public-datasets-lila/nacti-unzipped/part0/sub062/CA-21_12_08_2015_CA-21_0006881.jpg,NACTI : CA-21_12_08_2015_CA-21_0006881.jpg,NACTI : unknown,NACTI : lebec_CA-21,-1,wild boar,,6,train
https://storage.googleapis.com/public-datasets-lila/nacti-unzipped/part2/sub207/FL-18_05_02_2016_FL-18_0021498.JPG,NACTI : FL-18_05_02_2016_FL-18_0021498.JPG,NACTI : unknown,NACTI : archbold_FL-18,-1,wild boar,,6,test
https://storage.googleapis.com/public-datasets-lila/nacti-unzipped/part1/sub117/FL-02_04_04_2016_FL-02_0060992.JPG,NACTI : FL-02_04_04_2016_FL-02_0060992.JPG,NACTI : unknown,NACTI : archbold_FL-02,-1,wild boar,,6,train
https://storage.googleapis.com/public-datasets-lila/nacti-unzipped/part0/sub099/CA-41_09_16_2015_CA-41_0016770.jpg,NACTI : CA-41_09_16_2015_CA-41_0016770.jpg,NACTI : unknown,NACTI : lebec_CA-41,-1,wild boar,,6,train
https://storage.googleapis.com/public-datasets-lila/nacti-unzipped/part0/sub040/CA-06_10_11_2016_CA-06_0019057.JPG,NACTI : CA-06_10_11_2016_CA-06_0019057.JPG,NACTI : unknown,NACTI : lebec_CA-06,-1,wild boar,,6,val
https://storage.googleapis.com/public-datasets-lila/nacti-unzipped/part1/sub134/FL-05_11_02_2015_FL-05_0024627.jpg,NACTI : FL-05_11_02_2015_FL-05_0024627.jpg,NACTI : unknown,NACTI : archbold_FL-05,-1,wild boar,,6,train
https://storage.googleapis.com/public-datasets-lila/nacti-unzipped/part2/sub283/FL-39_11_03_2015_FL-39_0000743.jpg,NACTI : FL-39_11_03_2015_FL-39_0000743.jpg,NACTI : unknown,NACTI : archbold_FL-39,-1,wild boar,,6,test
https://storage.googleapis.com/public-datasets-lila/nacti-unzipped/part0/sub055/CA-17_10_06_2016_CA-17_0048164.JPG,NACTI : CA-17_10_06_2016_CA-17_0048164.JPG,NACTI : unknown,NACTI : lebec_CA-17,-1,wild boar,,6,train
https://storage.googleapis.com/public-datasets-lila/nacti-unzipped/part2/sub288/FL-41_12_07_2015_FL-41_0006985.jpg,NACTI : FL-41_12_07_2015_FL-41_0006985.jpg,NACTI : unknown,NACTI : archbold_FL-41,-1,wild boar,,6,train
https://storage.googleapis.com/public-datasets-lila/nacti-unzipped/part0/sub068/CA-26_02_11_2016_CA-26_0005835.jpg,NACTI : CA-26_02_11_2016_CA-26_0005835.jpg,NACTI : unknown,NACTI : lebec_CA-26,-1,wild boar,,6,test
https://storage.googleapis.com/public-datasets-lila/nacti-unzipped/part0/sub088/CA-34_08_04_2015_CA-34_0015525.jpg,NACTI : CA-34_08_04_2015_CA-34_0015525.jpg,NACTI : unknown,NACTI : lebec_CA-34,-1,wild boar,,6,train
https://storage.googleapis.com/public-datasets-lila/nacti-unzipped/part0/sub035/CA-03_07_08_2016_CA-03_0024668.JPG,NACTI : CA-03_07_08_2016_CA-03_0024668.JPG,NACTI : unknown,NACTI : lebec_CA-03,-1,wild boar,,6,train
https://storage.googleapis.com/public-datasets-lila/nacti-unzipped/part2/sub216/FL-20_07_29_2015_FL-20_0018008.jpg,NACTI : FL-20_07_29_2015_FL-20_0018008.jpg,NACTI : unknown,NACTI : archbold_FL-20,-1,wild boar,,6,train
https://storage.googleapis.com/public-datasets-lila/nacti-unzipped/part1/sub174/FL-12_06_02_2016_FL-12_0054814.JPG,NACTI : FL-12_06_02_2016_FL-12_0054814.JPG,NACTI : unknown,NACTI : archbold_FL-12,-1,wild boar,,6,val
https://storage.googleapis.com/public-datasets-lila/nacti-unzipped/part2/sub283/FL-39_01_23_2016_FL-39_0004023.jpg,NACTI : FL-39_01_23_2016_FL-39_0004023.jpg,NACTI : unknown,NACTI : archbold_FL-39,-1,wild boar,,6,test
https://storage.googleapis.com/public-datasets-lila/nacti-unzipped/part2/sub277/FL-37_04_04_2016_FL-37_0010086.JPG,NACTI : FL-37_04_04_2016_FL-37_0010086.JPG,NACTI : unknown,NACTI : archbold_FL-37,-1,wild boar,,6,train
https://storage.googleapis.com/public-datasets-lila/nacti-unzipped/part0/sub045/CA-11_08_13_2015_CA-11_0001350.jpg,NACTI : CA-11_08_13_2015_CA-11_0001350.jpg,NACTI : unknown,NACTI : lebec_CA-11,-1,wild boar,,6,train
https://storage.googleapis.com/public-datasets-lila/nacti-unzipped/part2/sub229/FL-22_09_03_2015_FL-22_0068553.jpg,NACTI : FL-22_09_03_2015_FL-22_0068553.jpg,NACTI : unknown,NACTI : archbold_FL-22,-1,wild boar,,6,train
https://storage.googleapis.com/public-datasets-lila/nacti-unzipped/part1/sub199/FL-16_12_06_2015_FL-16_0100684.jpg,NACTI : FL-16_12_06_2015_FL-16_0100684.jpg,NACTI : unknown,NACTI : archbold_FL-16,-1,wild boar,,6,train
https://storage.googleapis.com/public-datasets-lila/nacti-unzipped/part0/sub085/CA-33_08_05_2016_CA-33_0027007.JPG,NACTI : CA-33_08_05_2016_CA-33_0027007.JPG,NACTI : unknown,NACTI : lebec_CA-33,-1,wild boar,,6,train
https://storage.googleapis.com/public-datasets-lila/wcs-unzipped/animals/0036/0264.jpg,WCS Camera Traps : d42ebbab-92d4-11e9-ad6c-000d3a74c7de,WCS Camera Traps : idn-002-d0080-17,WCS Camera Traps : 525,1,wild boar,10-16-1999 07:05:00,6,train
https://storage.googleapis.com/public-datasets-lila/nacti-unzipped/part1/sub197/FL-16_06_30_2015_FL-16_0072413.jpg,NACTI : FL-16_06_30_2015_FL-16_0072413.jpg,NACTI : unknown,NACTI : archbold_FL-16,-1,wild boar,,6,train
https://storage.googleapis.com/public-datasets-lila/nacti-unzipped/part0/sub099/CA-41_08_04_2015_CA-41_0013852.jpg,NACTI : CA-41_08_04_2015_CA-41_0013852.jpg,NACTI : unknown,NACTI : lebec_CA-41,-1,wild boar,,6,train
https://storage.googleapis.com/public-datasets-lila/nacti-unzipped/part0/sub099/CA-41_08_05_2016_CA-41_0026068.JPG,NACTI : CA-41_08_05_2016_CA-41_0026068.JPG,NACTI : unknown,NACTI : lebec_CA-41,-1,wild boar,,6,train
https://storage.googleapis.com/public-datasets-lila/nacti-unzipped/part0/sub087/CA-34_08_04_2015_CA-34_0008350.jpg,NACTI : CA-34_08_04_2015_CA-34_0008350.jpg,NACTI : unknown,NACTI : lebec_CA-34,-1,wild boar,,6,train
https://storage.googleapis.com/public-datasets-lila/nacti-unzipped/part1/sub104/CA-43_08_12_2015_CA-43_0001577.jpg,NACTI : CA-43_08_12_2015_CA-43_0001577.jpg,NACTI : unknown,NACTI : lebec_CA-43,-1,wild boar,,6,val
https://storage.googleapis.com/public-datasets-lila/nacti-unzipped/part1/sub198/FL-16_11_02_2015_FL-16_0096075.jpg,NACTI : FL-16_11_02_2015_FL-16_0096075.jpg,NACTI : unknown,NACTI : archbold_FL-16,-1,wild boar,,6,train
https://storage.googleapis.com/public-datasets-lila/nacti-unzipped/part0/sub088/CA-35_08_04_2015_CA-35_0001578.jpg,NACTI : CA-35_08_04_2015_CA-35_0001578.jpg,NACTI : unknown,NACTI : lebec_CA-35,-1,wild boar,,6,train
https://storage.googleapis.com/public-datasets-lila/nacti-unzipped/part0/sub084/CA-32_08_17_2015_CA-32_0003876.jpg,NACTI : CA-32_08_17_2015_CA-32_0003876.jpg,NACTI : unknown,NACTI : lebec_CA-32,-1,wild boar,,6,train
https://storage.googleapis.com/public-datasets-lila/nacti-unzipped/part0/sub058/CA-18_11_08_2016_CA-18_0042404.JPG,NACTI : CA-18_11_08_2016_CA-18_0042404.JPG,NACTI : unknown,NACTI : lebec_CA-18,-1,wild boar,,6,val
https://storage.googleapis.com/public-datasets-lila/nacti-unzipped/part0/sub042/CA-08_12_08_2015_CA-08_0006870.jpg,NACTI : CA-08_12_08_2015_CA-08_0006870.jpg,NACTI : unknown,NACTI : lebec_CA-08,-1,wild boar,,6,train
https://storage.googleapis.com/public-datasets-lila/nacti-unzipped/part2/sub277/FL-37_05_03_2016_FL-37_0012875.JPG,NACTI : FL-37_05_03_2016_FL-37_0012875.JPG,NACTI : unknown,NACTI : archbold_FL-37,-1,wild boar,,6,train
https://storage.googleapis.com/public-datasets-lila/nacti-unzipped/part2/sub230/FL-22_12_06_2015_FL-22_0075333.jpg,NACTI : FL-22_12_06_2015_FL-22_0075333.jpg,NACTI : unknown,NACTI : archbold_FL-22,-1,wild boar,,6,train
https://storage.googleapis.com/public-datasets-lila/nacti-unzipped/part2/sub227/FL-22_06_30_2015_FL-22_0057491.jpg,NACTI : FL-22_06_30_2015_FL-22_0057491.jpg,NACTI : unknown,NACTI : archbold_FL-22,-1,wild boar,,6,train
https://storage.googleapis.com/public-datasets-lila/nacti-unzipped/part0/sub092/CA-37_10_16_2015_CA-37_0019911.jpg,NACTI : CA-37_10_16_2015_CA-37_0019911.jpg,NACTI : unknown,NACTI : lebec_CA-37,-1,wild boar,,6,train
https://storage.googleapis.com/public-datasets-lila/nacti-unzipped/part2/sub232/FL-23_11_02_2015_FL-23_0015091.jpg,NACTI : FL-23_11_02_2015_FL-23_0015091.jpg,NACTI : unknown,NACTI : archbold_FL-23,-1,wild boar,,6,train
https://storage.googleapis.com/public-datasets-lila/nacti-unzipped/part1/sub170/FL-11_06_01_2015_FL-11_0001256.jpg,NACTI : FL-11_06_01_2015_FL-11_0001256.jpg,NACTI : unknown,NACTI : archbold_FL-11,-1,wild boar,,6,train
https://storage.googleapis.com/public-datasets-lila/nacti-unzipped/part2/sub282/FL-38_08_15_2016_FL-38_0048373.JPG,NACTI : FL-38_08_15_2016_FL-38_0048373.JPG,NACTI : unknown,NACTI : archbold_FL-38,-1,wild boar,,6,train
https://storage.googleapis.com/public-datasets-lila/nacti-unzipped/part2/sub265/FL-31_07_29_2015_FL-31_0020737.jpg,NACTI : FL-31_07_29_2015_FL-31_0020737.jpg,NACTI : unknown,NACTI : archbold_FL-31,-1,wild boar,,6,test
https://storage.googleapis.com/public-datasets-lila/nacti-unzipped/part0/sub042/CA-08_12_08_2015_CA-08_0007383.jpg,NACTI : CA-08_12_08_2015_CA-08_0007383.jpg,NACTI : unknown,NACTI : lebec_CA-08,-1,wild boar,,6,train
https://storage.googleapis.com/public-datasets-lila/nacti-unzipped/part2/sub232/FL-23_11_02_2015_FL-23_0014607.jpg,NACTI : FL-23_11_02_2015_FL-23_0014607.jpg,NACTI : unknown,NACTI : archbold_FL-23,-1,wild boar,,6,train
https://storage.googleapis.com/public-datasets-lila/nacti-unzipped/part0/sub058/CA-18_10_06_2016_CA-18_0039831.JPG,NACTI : CA-18_10_06_2016_CA-18_0039831.JPG,NACTI : unknown,NACTI : lebec_CA-18,-1,wild boar,,6,val
https://storage.googleapis.com/public-datasets-lila/nacti-unzipped/part2/sub289/FL-42_11_03_2015_FL-42_0002306.jpg,NACTI : FL-42_11_03_2015_FL-42_0002306.jpg,NACTI : unknown,NACTI : archbold_FL-42,-1,wild boar,,6,train
https://storage.googleapis.com/public-datasets-lila/missouricameratraps/images/Set1/1.59-Wild_Boar/SEQ76509/SEQ76509_IMG_0085.JPG,Missouri Camera Traps : 97d6a3c8-5c15-11ee-8d73-04421a1b1283,Missouri Camera Traps : SEQ76509,Missouri Camera Traps : missouri_camera_traps,46,wild boar,,6,train
https://storage.googleapis.com/public-datasets-lila/nacti-unzipped/part2/sub284/FL-40_06_03_2016_FL-40_0020088.JPG,NACTI : FL-40_06_03_2016_FL-40_0020088.JPG,NACTI : unknown,NACTI : archbold_FL-40,-1,wild boar,,6,train
https://storage.googleapis.com/public-datasets-lila/nacti-unzipped/part0/sub055/CA-17_11_08_2016_CA-17_0049176.JPG,NACTI : CA-17_11_08_2016_CA-17_0049176.JPG,NACTI : unknown,NACTI : lebec_CA-17,-1,wild boar,,6,train
https://storage.googleapis.com/public-datasets-lila/nacti-unzipped/part0/sub085/CA-33_08_04_2015_CA-33_0003214.jpg,NACTI : CA-33_08_04_2015_CA-33_0003214.jpg,NACTI : unknown,NACTI : lebec_CA-33,-1,wild boar,,6,train
https://storage.googleapis.com/public-datasets-lila/nacti-unzipped/part2/sub241/FL-27_05_02_2016_FL-27_0054984.JPG,NACTI : FL-27_05_02_2016_FL-27_0054984.JPG,NACTI : unknown,NACTI : archbold_FL-27,-1,wild boar,,6,train
https://storage.googleapis.com/public-datasets-lila/nacti-unzipped/part0/sub045/CA-11_08_10_2016_CA-11_0019960.JPG,NACTI : CA-11_08_10_2016_CA-11_0019960.JPG,NACTI : unknown,NACTI : lebec_CA-11,-1,wild boar,,6,train
https://storage.googleapis.com/public-datasets-lila/nacti-unzipped/part2/sub230/FL-23_06_01_2015_FL-23_0000885.jpg,NACTI : FL-23_06_01_2015_FL-23_0000885.jpg,NACTI : unknown,NACTI : archbold_FL-23,-1,wild boar,,6,train
https://storage.googleapis.com/public-datasets-lila/nacti-unzipped/part0/sub092/CA-37_10_16_2015_CA-37_0019919.jpg,NACTI : CA-37_10_16_2015_CA-37_0019919.jpg,NACTI : unknown,NACTI : lebec_CA-37,-1,wild boar,,6,train
https://storage.googleapis.com/public-datasets-lila/nacti-unzipped/part2/sub241/FL-27_06_02_2015_FL-27_0000184.jpg,NACTI : FL-27_06_02_2015_FL-27_0000184.jpg,NACTI : unknown,NACTI : archbold_FL-27,-1,wild boar,,6,train
https://storage.googleapis.com/public-datasets-lila/nacti-unzipped/part2/sub242/FL-27_06_30_2015_FL-27_0011744.jpg,NACTI : FL-27_06_30_2015_FL-27_0011744.jpg,NACTI : unknown,NACTI : archbold_FL-27,-1,wild boar,,6,train
https://storage.googleapis.com/public-datasets-lila/missouricameratraps/images/Set1/1.59-Wild_Boar/SEQ76394/SEQ76394_IMG_0020.JPG,Missouri Camera Traps : 97c6f4be-5c15-11ee-8d73-04421a1b1283,Missouri Camera Traps : SEQ76394,Missouri Camera Traps : missouri_camera_traps,17,wild boar,,6,train
https://storage.googleapis.com/public-datasets-lila/nacti-unzipped/part2/sub242/FL-27_06_02_2015_FL-27_0003574.jpg,NACTI : FL-27_06_02_2015_FL-27_0003574.jpg,NACTI : unknown,NACTI : archbold_FL-27,-1,wild boar,,6,train
https://storage.googleapis.com/public-datasets-lila/nacti-unzipped/part0/sub095/CA-38_08_17_2015_CA-38_0020905.jpg,NACTI : CA-38_08_17_2015_CA-38_0020905.jpg,NACTI : unknown,NACTI : lebec_CA-38,-1,wild boar,,6,val
https://storage.googleapis.com/public-datasets-lila/nacti-unzipped/part2/sub279/FL-37_09_08_2016_FL-37_0028593.JPG,NACTI : FL-37_09_08_2016_FL-37_0028593.JPG,NACTI : unknown,NACTI : archbold_FL-37,-1,wild boar,,6,train
https://storage.googleapis.com/public-datasets-lila/nacti-unzipped/part2/sub242/FL-27_06_02_2016_FL-27_0057034.JPG,NACTI : FL-27_06_02_2016_FL-27_0057034.JPG,NACTI : unknown,NACTI : archbold_FL-27,-1,wild boar,,6,train
https://storage.googleapis.com/public-datasets-lila/nacti-unzipped/part1/sub189/FL-16_01_21_2016_FL-16_0104288.jpg,NACTI : FL-16_01_21_2016_FL-16_0104288.jpg,NACTI : unknown,NACTI : archbold_FL-16,-1,wild boar,,6,train
https://storage.googleapis.com/public-datasets-lila/nacti-unzipped/part2/sub277/FL-37_04_04_2016_FL-37_0010247.JPG,NACTI : FL-37_04_04_2016_FL-37_0010247.JPG,NACTI : unknown,NACTI : archbold_FL-37,-1,wild boar,,6,train
https://storage.googleapis.com/public-datasets-lila/nacti-unzipped/part1/sub166/FL-09_06_02_2016_FL-09_0066665.JPG,NACTI : FL-09_06_02_2016_FL-09_0066665.JPG,NACTI : unknown,NACTI : archbold_FL-09,-1,wild boar,,6,train
https://storage.googleapis.com/public-datasets-lila/nacti-unzipped/part1/sub171/FL-11_09_02_2015_FL-11_0011933.jpg,NACTI : FL-11_09_02_2015_FL-11_0011933.jpg,NACTI : unknown,NACTI : archbold_FL-11,-1,wild boar,,6,train
https://storage.googleapis.com/public-datasets-lila/nacti-unzipped/part0/sub041/CA-08_03_09_2015_CA-08_0000673.jpg,NACTI : CA-08_03_09_2015_CA-08_0000673.jpg,NACTI : unknown,NACTI : lebec_CA-08,-1,wild boar,,6,train
https://storage.googleapis.com/public-datasets-lila/nacti-unzipped/part0/sub061/CA-20_08_13_2015_CA-20_0002170.jpg,NACTI : CA-20_08_13_2015_CA-20_0002170.jpg,NACTI : unknown,NACTI : lebec_CA-20,-1,wild boar,,6,train
https://storage.googleapis.com/public-datasets-lila/nacti-unzipped/part2/sub265/FL-31_07_29_2015_FL-31_0020282.jpg,NACTI : FL-31_07_29_2015_FL-31_0020282.jpg,NACTI : unknown,NACTI : archbold_FL-31,-1,wild boar,,6,test
https://storage.googleapis.com/public-datasets-lila/nacti-unzipped/part0/sub062/CA-20_10_04_2016_CA-20_0025103.JPG,NACTI : CA-20_10_04_2016_CA-20_0025103.JPG,NACTI : unknown,NACTI : lebec_CA-20,-1,wild boar,,6,train
https://storage.googleapis.com/public-datasets-lila/nacti-unzipped/part0/sub099/CA-41_08_04_2015_CA-41_0014538.jpg,NACTI : CA-41_08_04_2015_CA-41_0014538.jpg,NACTI : unknown,NACTI : lebec_CA-41,-1,wild boar,,6,train
https://storage.googleapis.com/public-datasets-lila/nacti-unzipped/part2/sub290/TAG-TC01_09_21_2015_TAG-TC01_0000979.JPG,NACTI : TAG-TC01_09_21_2015_TAG-TC01_0000979.JPG,NACTI : unknown,NACTI : lebec_TAG-TC01,-1,wild boar,,6,train
https://storage.googleapis.com/public-datasets-lila/nacti-unzipped/part0/sub046/CA-11_09_07_2016_CA-11_0020301.JPG,NACTI : CA-11_09_07_2016_CA-11_0020301.JPG,NACTI : unknown,NACTI : lebec_CA-11,-1,wild boar,,6,train
https://storage.googleapis.com/public-datasets-lila/nacti-unzipped/part0/sub095/CA-38_11_05_2015_CA-38_0023811.jpg,NACTI : CA-38_11_05_2015_CA-38_0023811.jpg,NACTI : unknown,NACTI : lebec_CA-38,-1,wild boar,,6,val
https://storage.googleapis.com/public-datasets-lila/nacti-unzipped/part2/sub230/FL-22_10_01_2015_FL-22_0074695.jpg,NACTI : FL-22_10_01_2015_FL-22_0074695.jpg,NACTI : unknown,NACTI : archbold_FL-22,-1,wild boar,,6,train
https://storage.googleapis.com/public-datasets-lila/nacti-unzipped/part1/sub198/FL-16_11_02_2015_FL-16_0095481.jpg,NACTI : FL-16_11_02_2015_FL-16_0095481.jpg,NACTI : unknown,NACTI : archbold_FL-16,-1,wild boar,,6,train
https://storage.googleapis.com/public-datasets-lila/wcs-unzipped/animals/0433/0352.jpg,WCS Camera Traps : 64f04458-92d5-11e9-92a0-000d3a74c7de,WCS Camera Traps : idn-004-d0095-200,WCS Camera Traps : 3020,5,wild boar,02-08-2013 13:29:07,6,train
https://storage.googleapis.com/public-datasets-lila/nacti-unzipped/part2/sub241/FL-27_06_02_2015_FL-27_0000380.jpg,NACTI : FL-27_06_02_2015_FL-27_0000380.jpg,NACTI : unknown,NACTI : archbold_FL-27,-1,wild boar,,6,train
https://storage.googleapis.com/public-datasets-lila/nacti-unzipped/part0/sub089/CA-37_01_28_2016_CA-37_0021760.jpg,NACTI : CA-37_01_28_2016_CA-37_0021760.jpg,NACTI : unknown,NACTI : lebec_CA-37,-1,wild boar,,6,train
https://storage.googleapis.com/public-datasets-lila/nacti-unzipped/part1/sub131/FL-05_04_04_2016_FL-05_0034878.JPG,NACTI : FL-05_04_04_2016_FL-05_0034878.JPG,NACTI : unknown,NACTI : archbold_FL-05,-1,wild boar,,6,train
https://storage.googleapis.com/public-datasets-lila/nacti-unzipped/part1/sub169/FL-10_06_30_2015_FL-10_0003733.jpg,NACTI : FL-10_06_30_2015_FL-10_0003733.jpg,NACTI : unknown,NACTI : archbold_FL-10,-1,wild boar,,6,train
https://storage.googleapis.com/public-datasets-lila/nacti-unzipped/part2/sub271/FL-34_06_03_2016_FL-34_0018094.JPG,NACTI : FL-34_06_03_2016_FL-34_0018094.JPG,NACTI : unknown,NACTI : archbold_FL-34,-1,wild boar,,6,test
https://storage.googleapis.com/public-datasets-lila/nacti-unzipped/part1/sub117/FL-02_05_02_2016_FL-02_0062744.JPG,NACTI : FL-02_05_02_2016_FL-02_0062744.JPG,NACTI : unknown,NACTI : archbold_FL-02,-1,wild boar,,6,train
https://storage.googleapis.com/public-datasets-lila/nacti-unzipped/part0/sub061/CA-20_08_13_2015_CA-20_0011010.jpg,NACTI : CA-20_08_13_2015_CA-20_0011010.jpg,NACTI : unknown,NACTI : lebec_CA-20,-1,wild boar,,6,train
https://storage.googleapis.com/public-datasets-lila/nacti-unzipped/part1/sub116/FL-01_12_08_2015_FL-01_0038738.jpg,NACTI : FL-01_12_08_2015_FL-01_0038738.jpg,NACTI : unknown,NACTI : archbold_FL-01,-1,wild boar,,6,train
https://storage.googleapis.com/public-datasets-lila/nacti-unzipped/part0/sub048/CA-13_11_02_2015_CA-13_0006957.jpg,NACTI : CA-13_11_02_2015_CA-13_0006957.jpg,NACTI : unknown,NACTI : lebec_CA-13,-1,wild boar,,6,val
https://storage.googleapis.com/public-datasets-lila/nacti-unzipped/part2/sub267/FL-32_03_08_2016_FL-32_0006507.JPG,NACTI : FL-32_03_08_2016_FL-32_0006507.JPG,NACTI : unknown,NACTI : archbold_FL-32,-1,wild boar,,6,train
https://storage.googleapis.com/public-datasets-lila/nacti-unzipped/part2/sub239/FL-26_05_03_2016_FL-26_0027111.JPG,NACTI : FL-26_05_03_2016_FL-26_0027111.JPG,NACTI : unknown,NACTI : archbold_FL-26,-1,wild boar,,6,train
https://storage.googleapis.com/public-datasets-lila/nacti-unzipped/part1/sub129/FL-04_06_30_2015_FL-04_0003417.jpg,NACTI : FL-04_06_30_2015_FL-04_0003417.jpg,NACTI : unknown,NACTI : archbold_FL-04,-1,wild boar,,6,test
https://storage.googleapis.com/public-datasets-lila/nacti-unzipped/part1/sub187/FL-14_11_02_2015_FL-14_0012973.jpg,NACTI : FL-14_11_02_2015_FL-14_0012973.jpg,NACTI : unknown,NACTI : archbold_FL-14,-1,wild boar,,6,val
https://storage.googleapis.com/public-datasets-lila/nacti-unzipped/part0/sub070/CA-27_08_17_2015_CA-27_0007806.jpg,NACTI : CA-27_08_17_2015_CA-27_0007806.jpg,NACTI : unknown,NACTI : lebec_CA-27,-1,wild boar,,6,train
https://storage.googleapis.com/public-datasets-lila/nacti-unzipped/part2/sub213/FL-19_09_01_2016_FL-19_0066116.JPG,NACTI : FL-19_09_01_2016_FL-19_0066116.JPG,NACTI : unknown,NACTI : archbold_FL-19,-1,wild boar,,6,train
https://storage.googleapis.com/public-datasets-lila/nacti-unzipped/part0/sub058/CA-18_09_18_2015_CA-18_0018952.jpg,NACTI : CA-18_09_18_2015_CA-18_0018952.jpg,NACTI : unknown,NACTI : lebec_CA-18,-1,wild boar,,6,val
https://storage.googleapis.com/public-datasets-lila/nacti-unzipped/part0/sub088/CA-34_08_04_2015_CA-34_0017583.jpg,NACTI : CA-34_08_04_2015_CA-34_0017583.jpg,NACTI : unknown,NACTI : lebec_CA-34,-1,wild boar,,6,train
https://storage.googleapis.com/public-datasets-lila/nacti-unzipped/part1/sub135/FL-05_12_08_2015_FL-05_0025865.jpg,NACTI : FL-05_12_08_2015_FL-05_0025865.jpg,NACTI : unknown,NACTI : archbold_FL-05,-1,wild boar,,6,train
https://storage.googleapis.com/public-datasets-lila/nacti-unzipped/part2/sub207/FL-17_12_08_2015_FL-17_0062655.jpg,NACTI : FL-17_12_08_2015_FL-17_0062655.jpg,NACTI : unknown,NACTI : archbold_FL-17,-1,wild boar,,6,train
https://storage.googleapis.com/public-datasets-lila/nacti-unzipped/part0/sub055/CA-17_11_08_2016_CA-17_0049925.JPG,NACTI : CA-17_11_08_2016_CA-17_0049925.JPG,NACTI : unknown,NACTI : lebec_CA-17,-1,wild boar,,6,train
https://storage.googleapis.com/public-datasets-lila/nacti-unzipped/part1/sub123/FL-02_10_05_2016_FL-02_0066792.JPG,NACTI : FL-02_10_05_2016_FL-02_0066792.JPG,NACTI : unknown,NACTI : archbold_FL-02,-1,wild boar,,6,train
https://storage.googleapis.com/public-datasets-lila/nacti-unzipped/part2/sub276/FL-36_01_23_2016_FL-36_0009941.jpg,NACTI : FL-36_01_23_2016_FL-36_0009941.jpg,NACTI : unknown,NACTI : archbold_FL-36,-1,wild boar,,6,train
https://storage.googleapis.com/public-datasets-lila/missouricameratraps/images/Set1/1.59-Wild_Boar/SEQ79643/SEQ79643_IMG_0002.JPG,Missouri Camera Traps : 97c8f02a-5c15-11ee-8d73-04421a1b1283,Missouri Camera Traps : SEQ79643,Missouri Camera Traps : missouri_camera_traps,20,wild boar,,6,train
https://storage.googleapis.com/public-datasets-lila/nacti-unzipped/part0/sub039/CA-06_09_14_2015_CA-06_0008000.jpg,NACTI : CA-06_09_14_2015_CA-06_0008000.jpg,NACTI : unknown,NACTI : lebec_CA-06,-1,wild boar,,6,val
https://storage.googleapis.com/public-datasets-lila/nacti-unzipped/part1/sub175/FL-12_07_05_2016_FL-12_0055525.JPG,NACTI : FL-12_07_05_2016_FL-12_0055525.JPG,NACTI : unknown,NACTI : archbold_FL-12,-1,wild boar,,6,val
https://storage.googleapis.com/public-datasets-lila/nacti-unzipped/part2/sub275/FL-36_01_23_2016_FL-36_0005795.jpg,NACTI : FL-36_01_23_2016_FL-36_0005795.jpg,NACTI : unknown,NACTI : archbold_FL-36,-1,wild boar,,6,train
https://storage.googleapis.com/public-datasets-lila/nacti-unzipped/part0/sub041/CA-08_05_13_2016_CA-08_0008151.JPG,NACTI : CA-08_05_13_2016_CA-08_0008151.JPG,NACTI : unknown,NACTI : lebec_CA-08,-1,wild boar,,6,train
https://storage.googleapis.com/public-datasets-lila/nacti-unzipped/part0/sub085/CA-33_08_04_2015_CA-33_0005329.jpg,NACTI : CA-33_08_04_2015_CA-33_0005329.jpg,NACTI : unknown,NACTI : lebec_CA-33,-1,wild boar,,6,train
https://storage.googleapis.com/public-datasets-lila/nacti-unzipped/part2/sub285/FL-40_09_09_2016_FL-40_0027151.JPG,NACTI : FL-40_09_09_2016_FL-40_0027151.JPG,NACTI : unknown,NACTI : archbold_FL-40,-1,wild boar,,6,train
https://storage.googleapis.com/public-datasets-lila/nacti-unzipped/part1/sub196/FL-16_06_30_2015_FL-16_0063684.jpg,NACTI : FL-16_06_30_2015_FL-16_0063684.jpg,NACTI : unknown,NACTI : archbold_FL-16,-1,wild boar,,6,train
https://storage.googleapis.com/public-datasets-lila/nacti-unzipped/part2/sub252/FL-29_05_03_2016_FL-29_0061633.JPG,NACTI : FL-29_05_03_2016_FL-29_0061633.JPG,NACTI : unknown,NACTI : archbold_FL-29,-1,wild boar,,6,train
https://storage.googleapis.com/public-datasets-lila/nacti-unzipped/part0/sub041/CA-08_09_17_2015_CA-08_0005055.jpg,NACTI : CA-08_09_17_2015_CA-08_0005055.jpg,NACTI : unknown,NACTI : lebec_CA-08,-1,wild boar,,6,train
https://storage.googleapis.com/public-datasets-lila/nacti-unzipped/part0/sub092/CA-37_10_16_2015_CA-37_0020553.jpg,NACTI : CA-37_10_16_2015_CA-37_0020553.jpg,NACTI : unknown,NACTI : lebec_CA-37,-1,wild boar,,6,train
https://storage.googleapis.com/public-datasets-lila/missouricameratraps/images/Set1/1.59-Wild_Boar/SEQ76696/SEQ76696_IMG_0095.JPG,Missouri Camera Traps : 97e55968-5c15-11ee-8d73-04421a1b1283,Missouri Camera Traps : SEQ76696,Missouri Camera Traps : missouri_camera_traps,70,wild boar,,6,train
https://storage.googleapis.com/public-datasets-lila/nacti-unzipped/part1/sub118/FL-02_06_01_2015_FL-02_0005553.jpg,NACTI : FL-02_06_01_2015_FL-02_0005553.jpg,NACTI : unknown,NACTI : archbold_FL-02,-1,wild boar,,6,train
https://storage.googleapis.com/public-datasets-lila/nacti-unzipped/part1/sub189/FL-16_01_21_2016_FL-16_0104841.jpg,NACTI : FL-16_01_21_2016_FL-16_0104841.jpg,NACTI : unknown,NACTI : archbold_FL-16,-1,wild boar,,6,train
https://storage.googleapis.com/public-datasets-lila/nacti-unzipped/part2/sub283/FL-39_01_23_2016_FL-39_0003615.jpg,NACTI : FL-39_01_23_2016_FL-39_0003615.jpg,NACTI : unknown,NACTI : archbold_FL-39,-1,wild boar,,6,test
https://storage.googleapis.com/public-datasets-lila/nacti-unzipped/part2/sub283/FL-39_03_08_2016_FL-39_0005253.JPG,NACTI : FL-39_03_08_2016_FL-39_0005253.JPG,NACTI : unknown,NACTI : archbold_FL-39,-1,wild boar,,6,test
https://storage.googleapis.com/public-datasets-lila/nacti-unzipped/part2/sub219/FL-21_12_08_2015_FL-21_0020868.jpg,NACTI : FL-21_12_08_2015_FL-21_0020868.jpg,NACTI : unknown,NACTI : archbold_FL-21,-1,wild boar,,6,test
https://storage.googleapis.com/public-datasets-lila/nacti-unzipped/part0/sub059/CA-19_08_13_2015_CA-19_0014399.jpg,NACTI : CA-19_08_13_2015_CA-19_0014399.jpg,NACTI : unknown,NACTI : lebec_CA-19,-1,wild boar,,6,train
https://storage.googleapis.com/public-datasets-lila/nacti-unzipped/part0/sub073/CA-28_10_31_2016_CA-28_0029040.JPG,NACTI : CA-28_10_31_2016_CA-28_0029040.JPG,NACTI : unknown,NACTI : lebec_CA-28,-1,wild boar,,6,train
https://storage.googleapis.com/public-datasets-lila/nacti-unzipped/part0/sub050/CA-16_10_11_2016_CA-16_0006837.JPG,NACTI : CA-16_10_11_2016_CA-16_0006837.JPG,NACTI : unknown,NACTI : lebec_CA-16,-1,wild boar,,6,train
https://storage.googleapis.com/public-datasets-lila/nacti-unzipped/part0/sub082/CA-30_09_18_2015_CA-30_0032834.jpg,NACTI : CA-30_09_18_2015_CA-30_0032834.jpg,NACTI : unknown,NACTI : lebec_CA-30,-1,wild boar,,6,test
https://storage.googleapis.com/public-datasets-lila/nacti-unzipped/part0/sub050/CA-16_09_14_2015_CA-16_0001208.jpg,NACTI : CA-16_09_14_2015_CA-16_0001208.jpg,NACTI : unknown,NACTI : lebec_CA-16,-1,wild boar,,6,train
https://storage.googleapis.com/public-datasets-lila/nacti-unzipped/part2/sub270/FL-34_03_09_2016_FL-34_0005779.JPG,NACTI : FL-34_03_09_2016_FL-34_0005779.JPG,NACTI : unknown,NACTI : archbold_FL-34,-1,wild boar,,6,test
https://storage.googleapis.com/public-datasets-lila/nacti-unzipped/part2/sub276/FL-36_05_03_2016_FL-36_0015081.JPG,NACTI : FL-36_05_03_2016_FL-36_0015081.JPG,NACTI : unknown,NACTI : archbold_FL-36,-1,wild boar,,6,train
https://storage.googleapis.com/public-datasets-lila/nacti-unzipped/part2/sub279/FL-38_01_08_2016_FL-38_0017751.JPG,NACTI : FL-38_01_08_2016_FL-38_0017751.JPG,NACTI : unknown,NACTI : archbold_FL-38,-1,wild boar,,6,train
https://storage.googleapis.com/public-datasets-lila/nacti-unzipped/part0/sub088/CA-35_08_04_2015_CA-35_0001224.jpg,NACTI : CA-35_08_04_2015_CA-35_0001224.jpg,NACTI : unknown,NACTI : lebec_CA-35,-1,wild boar,,6,train
https://storage.googleapis.com/public-datasets-lila/nacti-unzipped/part0/sub088/CA-34_11_08_2016_CA-34_0032000.JPG,NACTI : CA-34_11_08_2016_CA-34_0032000.JPG,NACTI : unknown,NACTI : lebec_CA-34,-1,wild boar,,6,train
https://storage.googleapis.com/public-datasets-lila/nacti-unzipped/part2/sub231/FL-23_06_02_2016_FL-23_0022037.JPG,NACTI : FL-23_06_02_2016_FL-23_0022037.JPG,NACTI : unknown,NACTI : archbold_FL-23,-1,wild boar,,6,train
https://storage.googleapis.com/public-datasets-lila/nacti-unzipped/part1/sub163/FL-09_04_05_2016_FL-09_0052151.JPG,NACTI : FL-09_04_05_2016_FL-09_0052151.JPG,NACTI : unknown,NACTI : archbold_FL-09,-1,wild boar,,6,train
https://storage.googleapis.com/public-datasets-lila/nacti-unzipped/part1/sub125/FL-03_06_01_2015_FL-03_0012048.jpg,NACTI : FL-03_06_01_2015_FL-03_0012048.jpg,NACTI : unknown,NACTI : archbold_FL-03,-1,wild boar,,6,train
https://storage.googleapis.com/public-datasets-lila/nacti-unzipped/part0/sub063/CA-23_01_27_2016_CA-23_0021058.jpg,NACTI : CA-23_01_27_2016_CA-23_0021058.jpg,NACTI : unknown,NACTI : lebec_CA-23,-1,wild boar,,6,train
https://storage.googleapis.com/public-datasets-lila/nacti-unzipped/part2/sub275/FL-35_12_07_2015_FL-35_0006154.jpg,NACTI : FL-35_12_07_2015_FL-35_0006154.jpg,NACTI : unknown,NACTI : archbold_FL-35,-1,wild boar,,6,val
https://storage.googleapis.com/public-datasets-lila/nacti-unzipped/part2/sub207/FL-17_11_02_2015_FL-17_0061940.jpg,NACTI : FL-17_11_02_2015_FL-17_0061940.jpg,NACTI : unknown,NACTI : archbold_FL-17,-1,wild boar,,6,train
https://storage.googleapis.com/public-datasets-lila/nacti-unzipped/part1/sub130/FL-04_08_02_2016_FL-04_0027555.JPG,NACTI : FL-04_08_02_2016_FL-04_0027555.JPG,NACTI : unknown,NACTI : archbold_FL-04,-1,wild boar,,6,test
https://storage.googleapis.com/public-datasets-lila/nacti-unzipped/part1/sub134/FL-05_11_02_2015_FL-05_0024373.jpg,NACTI : FL-05_11_02_2015_FL-05_0024373.jpg,NACTI : unknown,NACTI : archbold_FL-05,-1,wild boar,,6,train
https://storage.googleapis.com/public-datasets-lila/nacti-unzipped/part1/sub135/FL-05_12_08_2015_FL-05_0026996.jpg,NACTI : FL-05_12_08_2015_FL-05_0026996.jpg,NACTI : unknown,NACTI : archbold_FL-05,-1,wild boar,,6,train
https://storage.googleapis.com/public-datasets-lila/nacti-unzipped/part2/sub276/FL-36_01_23_2016_FL-36_0009825.jpg,NACTI : FL-36_01_23_2016_FL-36_0009825.jpg,NACTI : unknown,NACTI : archbold_FL-36,-1,wild boar,,6,train
https://storage.googleapis.com/public-datasets-lila/nacti-unzipped/part0/sub059/CA-19_10_04_2016_CA-19_0032041.JPG,NACTI : CA-19_10_04_2016_CA-19_0032041.JPG,NACTI : unknown,NACTI : lebec_CA-19,-1,wild boar,,6,train
https://storage.googleapis.com/public-datasets-lila/nacti-unzipped/part2/sub266/FL-31_09_03_2015_FL-31_0022904.jpg,NACTI : FL-31_09_03_2015_FL-31_0022904.jpg,NACTI : unknown,NACTI : archbold_FL-31,-1,wild boar,,6,test
https://storage.googleapis.com/public-datasets-lila/nacti-unzipped/part0/sub099/CA-41_09_16_2015_CA-41_0015066.jpg,NACTI : CA-41_09_16_2015_CA-41_0015066.jpg,NACTI : unknown,NACTI : lebec_CA-41,-1,wild boar,,6,train
https://storage.googleapis.com/public-datasets-lila/nacti-unzipped/part0/sub053/CA-17_08_03_2015_CA-17_0015092.jpg,NACTI : CA-17_08_03_2015_CA-17_0015092.jpg,NACTI : unknown,NACTI : lebec_CA-17,-1,wild boar,,6,train
https://storage.googleapis.com/public-datasets-lila/nacti-unzipped/part1/sub165/FL-09_05_12_2015_FL-09_0005748.jpg,NACTI : FL-09_05_12_2015_FL-09_0005748.jpg,NACTI : unknown,NACTI : archbold_FL-09,-1,wild boar,,6,train
https://storage.googleapis.com/public-datasets-lila/nacti-unzipped/part0/sub076/CA-29_08_02_2016_CA-29_0046075.JPG,NACTI : CA-29_08_02_2016_CA-29_0046075.JPG,NACTI : unknown,NACTI : lebec_CA-29,-1,wild boar,,6,train
https://storage.googleapis.com/public-datasets-lila/nacti-unzipped/part1/sub194/FL-16_06_02_2015_FL-16_0042989.jpg,NACTI : FL-16_06_02_2015_FL-16_0042989.jpg,NACTI : unknown,NACTI : archbold_FL-16,-1,wild boar,,6,train
https://storage.googleapis.com/public-datasets-lila/nacti-unzipped/part1/sub134/FL-05_10_05_2016_FL-05_0045031.JPG,NACTI : FL-05_10_05_2016_FL-05_0045031.JPG,NACTI : unknown,NACTI : archbold_FL-05,-1,wild boar,,6,train
https://storage.googleapis.com/public-datasets-lila/nacti-unzipped/part1/sub108/CA-46_02_29_2016_CA-46_0011819.JPG,NACTI : CA-46_02_29_2016_CA-46_0011819.JPG,NACTI : unknown,NACTI : lebec_CA-46,-1,wild boar,,6,train
https://storage.googleapis.com/public-datasets-lila/nacti-unzipped/part0/sub059/CA-19_11_30_2015_CA-19_0016868.jpg,NACTI : CA-19_11_30_2015_CA-19_0016868.jpg,NACTI : unknown,NACTI : lebec_CA-19,-1,wild boar,,6,train
https://storage.googleapis.com/public-datasets-lila/nacti-unzipped/part0/sub063/CA-22_08_10_2016_CA-22_0020543.JPG,NACTI : CA-22_08_10_2016_CA-22_0020543.JPG,NACTI : unknown,NACTI : lebec_CA-22,-1,wild boar,,6,train
https://storage.googleapis.com/public-datasets-lila/nacti-unzipped/part0/sub041/CA-08_03_09_2015_CA-08_0000329.jpg,NACTI : CA-08_03_09_2015_CA-08_0000329.jpg,NACTI : unknown,NACTI : lebec_CA-08,-1,wild boar,,6,train
https://storage.googleapis.com/public-datasets-lila/nacti-unzipped/part1/sub169/FL-10_04_05_2016_FL-10_0015653.JPG,NACTI : FL-10_04_05_2016_FL-10_0015653.JPG,NACTI : unknown,NACTI : archbold_FL-10,-1,wild boar,,6,train
https://storage.googleapis.com/public-datasets-lila/nacti-unzipped/part2/sub225/FL-22_06_02_2016_FL-22_0106129.JPG,NACTI : FL-22_06_02_2016_FL-22_0106129.JPG,NACTI : unknown,NACTI : archbold_FL-22,-1,wild boar,,6,train
https://storage.googleapis.com/public-datasets-lila/nacti-unzipped/part1/sub144/FL-07_06_01_2016_FL-07_0188857.JPG,NACTI : FL-07_06_01_2016_FL-07_0188857.JPG,NACTI : unknown,NACTI : archbold_FL-07,-1,wild boar,,6,train
https://storage.googleapis.com/public-datasets-lila/nacti-unzipped/part0/sub058/CA-18_11_08_2016_CA-18_0041808.JPG,NACTI : CA-18_11_08_2016_CA-18_0041808.JPG,NACTI : unknown,NACTI : lebec_CA-18,-1,wild boar,,6,val
https://storage.googleapis.com/public-datasets-lila/nacti-unzipped/part2/sub242/FL-27_06_02_2016_FL-27_0060947.JPG,NACTI : FL-27_06_02_2016_FL-27_0060947.JPG,NACTI : unknown,NACTI : archbold_FL-27,-1,wild boar,,6,train
https://storage.googleapis.com/public-datasets-lila/nacti-unzipped/part2/sub230/FL-22_12_06_2015_FL-22_0075543.jpg,NACTI : FL-22_12_06_2015_FL-22_0075543.jpg,NACTI : unknown,NACTI : archbold_FL-22,-1,wild boar,,6,train
https://storage.googleapis.com/public-datasets-lila/nacti-unzipped/part0/sub082/CA-30_12_01_2015_CA-30_0034202.jpg,NACTI : CA-30_12_01_2015_CA-30_0034202.jpg,NACTI : unknown,NACTI : lebec_CA-30,-1,wild boar,,6,test
https://storage.googleapis.com/public-datasets-lila/nacti-unzipped/part0/sub073/CA-28_10_03_2016_CA-28_0028776.JPG,NACTI : CA-28_10_03_2016_CA-28_0028776.JPG,NACTI : unknown,NACTI : lebec_CA-28,-1,wild boar,,6,train
https://storage.googleapis.com/public-datasets-lila/nacti-unzipped/part2/sub236/FL-24_11_02_2015_FL-24_0044802.jpg,NACTI : FL-24_11_02_2015_FL-24_0044802.jpg,NACTI : unknown,NACTI : archbold_FL-24,-1,wild boar,,6,train
https://storage.googleapis.com/public-datasets-lila/nacti-unzipped/part1/sub198/FL-16_11_02_2015_FL-16_0094215.jpg,NACTI : FL-16_11_02_2015_FL-16_0094215.jpg,NACTI : unknown,NACTI : archbold_FL-16,-1,wild boar,,6,train
https://storage.googleapis.com/public-datasets-lila/nacti-unzipped/part1/sub198/FL-16_11_02_2015_FL-16_0095725.jpg,NACTI : FL-16_11_02_2015_FL-16_0095725.jpg,NACTI : unknown,NACTI : archbold_FL-16,-1,wild boar,,6,train
https://storage.googleapis.com/public-datasets-lila/nacti-unzipped/part0/sub045/CA-11_08_10_2016_CA-11_0018938.JPG,NACTI : CA-11_08_10_2016_CA-11_0018938.JPG,NACTI : unknown,NACTI : lebec_CA-11,-1,wild boar,,6,train
https://storage.googleapis.com/public-datasets-lila/nacti-unzipped/part0/sub088/CA-34_09_02_2016_CA-34_0029998.JPG,NACTI : CA-34_09_02_2016_CA-34_0029998.JPG,NACTI : unknown,NACTI : lebec_CA-34,-1,wild boar,,6,train
https://storage.googleapis.com/public-datasets-lila/nacti-unzipped/part2/sub217/FL-21_06_03_2015_FL-21_0003459.jpg,NACTI : FL-21_06_03_2015_FL-21_0003459.jpg,NACTI : unknown,NACTI : archbold_FL-21,-1,wild boar,,6,test
https://storage.googleapis.com/public-datasets-lila/nacti-unzipped/part1/sub199/FL-16_12_06_2015_FL-16_0101288.jpg,NACTI : FL-16_12_06_2015_FL-16_0101288.jpg,NACTI : unknown,NACTI : archbold_FL-16,-1,wild boar,,6,train
https://storage.googleapis.com/public-datasets-lila/nacti-unzipped/part0/sub061/CA-20_08_13_2015_CA-20_0001775.jpg,NACTI : CA-20_08_13_2015_CA-20_0001775.jpg,NACTI : unknown,NACTI : lebec_CA-20,-1,wild boar,,6,train
https://storage.googleapis.com/public-datasets-lila/nacti-unzipped/part2/sub235/FL-24_07_05_2016_FL-24_0060006.JPG,NACTI : FL-24_07_05_2016_FL-24_0060006.JPG,NACTI : unknown,NACTI : archbold_FL-24,-1,wild boar,,6,train
https://storage.googleapis.com/public-datasets-lila/nacti-unzipped/part1/sub198/FL-16_11_02_2015_FL-16_0096359.jpg,NACTI : FL-16_11_02_2015_FL-16_0096359.jpg,NACTI : unknown,NACTI : archbold_FL-16,-1,wild boar,,6,train
https://storage.googleapis.com/public-datasets-lila/nacti-unzipped/part1/sub199/FL-16_11_02_2015_FL-16_0097234.jpg,NACTI : FL-16_11_02_2015_FL-16_0097234.jpg,NACTI : unknown,NACTI : archbold_FL-16,-1,wild boar,,6,train
https://storage.googleapis.com/public-datasets-lila/nacti-unzipped/part0/sub099/CA-41_09_16_2015_CA-41_0017009.jpg,NACTI : CA-41_09_16_2015_CA-41_0017009.jpg,NACTI : unknown,NACTI : lebec_CA-41,-1,wild boar,,6,train
https://storage.googleapis.com/public-datasets-lila/nacti-unzipped/part2/sub284/FL-40_01_23_2016_FL-40_0007460.jpg,NACTI : FL-40_01_23_2016_FL-40_0007460.jpg,NACTI : unknown,NACTI : archbold_FL-40,-1,wild boar,,6,train
https://storage.googleapis.com/public-datasets-lila/nacti-unzipped/part0/sub089/CA-35_08_08_2016_CA-35_0006633.JPG,NACTI : CA-35_08_08_2016_CA-35_0006633.JPG,NACTI : unknown,NACTI : lebec_CA-35,-1,wild boar,,6,train
https://storage.googleapis.com/public-datasets-lila/nacti-unzipped/part1/sub199/FL-16_12_06_2015_FL-16_0099999.jpg,NACTI : FL-16_12_06_2015_FL-16_0099999.jpg,NACTI : unknown,NACTI : archbold_FL-16,-1,wild boar,,6,train
https://storage.googleapis.com/public-datasets-lila/nacti-unzipped/part1/sub174/FL-12_05_26_2016_FL-12_0045613.JPG,NACTI : FL-12_05_26_2016_FL-12_0045613.JPG,NACTI : unknown,NACTI : archbold_FL-12,-1,wild boar,,6,val
https://storage.googleapis.com/public-datasets-lila/nacti-unzipped/part0/sub061/CA-20_08_13_2015_CA-20_0004103.jpg,NACTI : CA-20_08_13_2015_CA-20_0004103.jpg,NACTI : unknown,NACTI : lebec_CA-20,-1,wild boar,,6,train
https://storage.googleapis.com/public-datasets-lila/nacti-unzipped/part0/sub065/CA-23_11_05_2015_CA-23_0020466.jpg,NACTI : CA-23_11_05_2015_CA-23_0020466.jpg,NACTI : unknown,NACTI : lebec_CA-23,-1,wild boar,,6,train
https://storage.googleapis.com/public-datasets-lila/nacti-unzipped/part1/sub198/FL-16_11_02_2015_FL-16_0092971.jpg,NACTI : FL-16_11_02_2015_FL-16_0092971.jpg,NACTI : unknown,NACTI : archbold_FL-16,-1,wild boar,,6,train
https://storage.googleapis.com/public-datasets-lila/nacti-unzipped/part0/sub088/CA-34_11_08_2016_CA-34_0031305.JPG,NACTI : CA-34_11_08_2016_CA-34_0031305.JPG,NACTI : unknown,NACTI : lebec_CA-34,-1,wild boar,,6,train
https://storage.googleapis.com/public-datasets-lila/nacti-unzipped/part0/sub041/CA-08_03_09_2015_CA-08_0000393.jpg,NACTI : CA-08_03_09_2015_CA-08_0000393.jpg,NACTI : unknown,NACTI : lebec_CA-08,-1,wild boar,,6,train
https://storage.googleapis.com/public-datasets-lila/nacti-unzipped/part2/sub232/FL-24_01_20_2016_FL-24_0053832.jpg,NACTI : FL-24_01_20_2016_FL-24_0053832.jpg,NACTI : unknown,NACTI : archbold_FL-24,-1,wild boar,,6,train
https://storage.googleapis.com/public-datasets-lila/wcs-unzipped/animals/0328/1015.jpg,WCS Camera Traps : 3f012a3a-92d5-11e9-946f-000d3a74c7de,WCS Camera Traps : idn-001-d0702-26,WCS Camera Traps : 2150,1,wild boar,09-29-2002 06:33:00,6,train
https://storage.googleapis.com/public-datasets-lila/nacti-unzipped/part0/sub088/CA-35_08_04_2015_CA-35_0000544.jpg,NACTI : CA-35_08_04_2015_CA-35_0000544.jpg,NACTI : unknown,NACTI : lebec_CA-35,-1,wild boar,,6,train
https://storage.googleapis.com/public-datasets-lila/nacti-unzipped/part0/sub038/CA-06_02_16_2016_CA-06_0009368.JPG,NACTI : CA-06_02_16_2016_CA-06_0009368.JPG,NACTI : unknown,NACTI : lebec_CA-06,-1,wild boar,,6,val
https://storage.googleapis.com/public-datasets-lila/nacti-unzipped/part0/sub084/CA-32_08_17_2015_CA-32_0004104.jpg,NACTI : CA-32_08_17_2015_CA-32_0004104.jpg,NACTI : unknown,NACTI : lebec_CA-32,-1,wild boar,,6,train
https://storage.googleapis.com/public-datasets-lila/nacti-unzipped/part1/sub198/FL-16_11_02_2015_FL-16_0096641.jpg,NACTI : FL-16_11_02_2015_FL-16_0096641.jpg,NACTI : unknown,NACTI : archbold_FL-16,-1,wild boar,,6,train
https://storage.googleapis.com/public-datasets-lila/nacti-unzipped/part0/sub074/CA-29_04_02_2015_CA-29_0006405.jpg,NACTI : CA-29_04_02_2015_CA-29_0006405.jpg,NACTI : unknown,NACTI : lebec_CA-29,-1,wild boar,,6,train
https://storage.googleapis.com/public-datasets-lila/nacti-unzipped/part1/sub199/FL-16_11_02_2015_FL-16_0097629.jpg,NACTI : FL-16_11_02_2015_FL-16_0097629.jpg,NACTI : unknown,NACTI : archbold_FL-16,-1,wild boar,,6,train
https://storage.googleapis.com/public-datasets-lila/nacti-unzipped/part0/sub070/CA-27_12_02_2015_CA-27_0009051.jpg,NACTI : CA-27_12_02_2015_CA-27_0009051.jpg,NACTI : unknown,NACTI : lebec_CA-27,-1,wild boar,,6,train
https://storage.googleapis.com/public-datasets-lila/nacti-unzipped/part0/sub046/CA-12_02_11_2016_CA-12_0005195.jpg,NACTI : CA-12_02_11_2016_CA-12_0005195.jpg,NACTI : unknown,NACTI : lebec_CA-12,-1,wild boar,,6,train
https://storage.googleapis.com/public-datasets-lila/nacti-unzipped/part0/sub067/CA-25_03_04_2016_CA-25_0014458.JPG,NACTI : CA-25_03_04_2016_CA-25_0014458.JPG,NACTI : unknown,NACTI : lebec_CA-25,-1,wild boar,,6,train
https://storage.googleapis.com/public-datasets-lila/nacti-unzipped/part2/sub289/FL-42_11_03_2015_FL-42_0003002.jpg,NACTI : FL-42_11_03_2015_FL-42_0003002.jpg,NACTI : unknown,NACTI : archbold_FL-42,-1,wild boar,,6,train
https://storage.googleapis.com/public-datasets-lila/nacti-unzipped/part1/sub106/CA-44_08_12_2015_CA-44_0003726.jpg,NACTI : CA-44_08_12_2015_CA-44_0003726.jpg,NACTI : unknown,NACTI : lebec_CA-44,-1,wild boar,,6,val
https://storage.googleapis.com/public-datasets-lila/nacti-unzipped/part2/sub232/FL-23_11_02_2015_FL-23_0013185.jpg,NACTI : FL-23_11_02_2015_FL-23_0013185.jpg,NACTI : unknown,NACTI : archbold_FL-23,-1,wild boar,,6,train
https://storage.googleapis.com/public-datasets-lila/nacti-unzipped/part2/sub284/FL-40_05_03_2016_FL-40_0016669.JPG,NACTI : FL-40_05_03_2016_FL-40_0016669.JPG,NACTI : unknown,NACTI : archbold_FL-40,-1,wild boar,,6,train
https://storage.googleapis.com/public-datasets-lila/nacti-unzipped/part2/sub207/FL-17_09_02_2015_FL-17_0061497.jpg,NACTI : FL-17_09_02_2015_FL-17_0061497.jpg,NACTI : unknown,NACTI : archbold_FL-17,-1,wild boar,,6,train
https://storage.googleapis.com/public-datasets-lila/nacti-unzipped/part0/sub055/CA-17_11_08_2016_CA-17_0048414.JPG,NACTI : CA-17_11_08_2016_CA-17_0048414.JPG,NACTI : unknown,NACTI : lebec_CA-17,-1,wild boar,,6,train
https://storage.googleapis.com/public-datasets-lila/nacti-unzipped/part0/sub055/CA-17_09_18_2015_CA-17_0025405.jpg,NACTI : CA-17_09_18_2015_CA-17_0025405.jpg,NACTI : unknown,NACTI : lebec_CA-17,-1,wild boar,,6,train
https://storage.googleapis.com/public-datasets-lila/wcs-unzipped/animals/0464/1989.jpg,WCS Camera Traps : 71546c67-92d5-11e9-9a5f-000d3a74c7de,WCS Camera Traps : idn-004-d0317-23,WCS Camera Traps : 3157,4,wild boar,07-24-2013 06:22:54,6,val
https://storage.googleapis.com/public-datasets-lila/nacti-unzipped/part1/sub106/CA-44_08_12_2015_CA-44_0003233.jpg,NACTI : CA-44_08_12_2015_CA-44_0003233.jpg,NACTI : unknown,NACTI : lebec_CA-44,-1,wild boar,,6,val
https://storage.googleapis.com/public-datasets-lila/nacti-unzipped/part1/sub136/FL-06_05_03_2016_FL-06_0023724.JPG,NACTI : FL-06_05_03_2016_FL-06_0023724.JPG,NACTI : unknown,NACTI : archbold_FL-06,-1,wild boar,,6,val
https://storage.googleapis.com/public-datasets-lila/nacti-unzipped/part0/sub041/CA-07_11_03_2016_CA-07_0015307.JPG,NACTI : CA-07_11_03_2016_CA-07_0015307.JPG,NACTI : unknown,NACTI : lebec_CA-07,-1,wild boar,,6,test
https://storage.googleapis.com/public-datasets-lila/nacti-unzipped/part1/sub171/FL-11_07_28_2015_FL-11_0011414.jpg,NACTI : FL-11_07_28_2015_FL-11_0011414.jpg,NACTI : unknown,NACTI : archbold_FL-11,-1,wild boar,,6,train
https://storage.googleapis.com/public-datasets-lila/nacti-unzipped/part0/sub099/CA-41_09_16_2015_CA-41_0016422.jpg,NACTI : CA-41_09_16_2015_CA-41_0016422.jpg,NACTI : unknown,NACTI : lebec_CA-41,-1,wild boar,,6,train
https://storage.googleapis.com/public-datasets-lila/nacti-unzipped/part0/sub082/CA-30_10_03_2016_CA-30_0060402.JPG,NACTI : CA-30_10_03_2016_CA-30_0060402.JPG,NACTI : unknown,NACTI : lebec_CA-30,-1,wild boar,,6,test
https://storage.googleapis.com/public-datasets-lila/nacti-unzipped/part1/sub189/FL-15_11_02_2015_FL-15_0010511.jpg,NACTI : FL-15_11_02_2015_FL-15_0010511.jpg,NACTI : unknown,NACTI : archbold_FL-15,-1,wild boar,,6,test
https://storage.googleapis.com/public-datasets-lila/nacti-unzipped/part1/sub189/FL-16_01_21_2016_FL-16_0102483.jpg,NACTI : FL-16_01_21_2016_FL-16_0102483.jpg,NACTI : unknown,NACTI : archbold_FL-16,-1,wild boar,,6,train
https://storage.googleapis.com/public-datasets-lila/nacti-unzipped/part2/sub275/FL-35_11_03_2015_FL-35_0002732.jpg,NACTI : FL-35_11_03_2015_FL-35_0002732.jpg,NACTI : unknown,NACTI : archbold_FL-35,-1,wild boar,,6,val
https://storage.googleapis.com/public-datasets-lila/nacti-unzipped/part0/sub092/CA-37_10_16_2015_CA-37_0020686.jpg,NACTI : CA-37_10_16_2015_CA-37_0020686.jpg,NACTI : unknown,NACTI : lebec_CA-37,-1,wild boar,,6,train
https://storage.googleapis.com/public-datasets-lila/nacti-unzipped/part1/sub100/CA-41_11_08_2016_CA-41_0028601.JPG,NACTI : CA-41_11_08_2016_CA-41_0028601.JPG,NACTI : unknown,NACTI : lebec_CA-41,-1,wild boar,,6,train
https://storage.googleapis.com/public-datasets-lila/nacti-unzipped/part0/sub082/CA-30_10_03_2016_CA-30_0060529.JPG,NACTI : CA-30_10_03_2016_CA-30_0060529.JPG,NACTI : unknown,NACTI : lebec_CA-30,-1,wild boar,,6,test
https://storage.googleapis.com/public-datasets-lila/nacti-unzipped/part2/sub239/FL-26_01_21_2016_FL-26_0023609.jpg,NACTI : FL-26_01_21_2016_FL-26_0023609.jpg,NACTI : unknown,NACTI : archbold_FL-26,-1,wild boar,,6,train
https://storage.googleapis.com/public-datasets-lila/nacti-unzipped/part0/sub088/CA-34_09_02_2016_CA-34_0030060.JPG,NACTI : CA-34_09_02_2016_CA-34_0030060.JPG,NACTI : unknown,NACTI : lebec_CA-34,-1,wild boar,,6,train
https://storage.googleapis.com/public-datasets-lila/nacti-unzipped/part0/sub061/CA-20_08_13_2015_CA-20_0002058.jpg,NACTI : CA-20_08_13_2015_CA-20_0002058.jpg,NACTI : unknown,NACTI : lebec_CA-20,-1,wild boar,,6,train
https://storage.googleapis.com/public-datasets-lila/nacti-unzipped/part1/sub191/FL-16_05_02_2016_FL-16_0126986.JPG,NACTI : FL-16_05_02_2016_FL-16_0126986.JPG,NACTI : unknown,NACTI : archbold_FL-16,-1,wild boar,,6,train
https://storage.googleapis.com/public-datasets-lila/nacti-unzipped/part0/sub058/CA-18_09_18_2015_CA-18_0020186.jpg,NACTI : CA-18_09_18_2015_CA-18_0020186.jpg,NACTI : unknown,NACTI : lebec_CA-18,-1,wild boar,,6,val
https://storage.googleapis.com/public-datasets-lila/nacti-unzipped/part0/sub088/CA-34_08_05_2016_CA-34_0029666.JPG,NACTI : CA-34_08_05_2016_CA-34_0029666.JPG,NACTI : unknown,NACTI : lebec_CA-34,-1,wild boar,,6,train
https://storage.googleapis.com/public-datasets-lila/nacti-unzipped/part1/sub197/FL-16_06_30_2015_FL-16_0072433.jpg,NACTI : FL-16_06_30_2015_FL-16_0072433.jpg,NACTI : unknown,NACTI : archbold_FL-16,-1,wild boar,,6,train
https://storage.googleapis.com/public-datasets-lila/nacti-unzipped/part0/sub099/CA-41_09_16_2015_CA-41_0015567.jpg,NACTI : CA-41_09_16_2015_CA-41_0015567.jpg,NACTI : unknown,NACTI : lebec_CA-41,-1,wild boar,,6,train
https://storage.googleapis.com/public-datasets-lila/nacti-unzipped/part1/sub104/CA-43_09_02_2016_CA-43_0028322.JPG,NACTI : CA-43_09_02_2016_CA-43_0028322.JPG,NACTI : unknown,NACTI : lebec_CA-43,-1,wild boar,,6,val
https://storage.googleapis.com/public-datasets-lila/nacti-unzipped/part2/sub282/FL-38_11_03_2015_FL-38_0004600.jpg,NACTI : FL-38_11_03_2015_FL-38_0004600.jpg,NACTI : unknown,NACTI : archbold_FL-38,-1,wild boar,,6,train
https://storage.googleapis.com/public-datasets-lila/nacti-unzipped/part0/sub085/CA-33_08_04_2015_CA-33_0013716.jpg,NACTI : CA-33_08_04_2015_CA-33_0013716.jpg,NACTI : unknown,NACTI : lebec_CA-33,-1,wild boar,,6,train
https://storage.googleapis.com/public-datasets-lila/nacti-unzipped/part2/sub254/FL-29_06_03_2016_FL-29_0063676.JPG,NACTI : FL-29_06_03_2016_FL-29_0063676.JPG,NACTI : unknown,NACTI : archbold_FL-29,-1,wild boar,,6,train
https://storage.googleapis.com/public-datasets-lila/nacti-unzipped/part1/sub100/CA-41_10_06_2016_CA-41_0027019.JPG,NACTI : CA-41_10_06_2016_CA-41_0027019.JPG,NACTI : unknown,NACTI : lebec_CA-41,-1,wild boar,,6,train
https://storage.googleapis.com/public-datasets-lila/nacti-unzipped/part1/sub104/CA-43_08_12_2015_CA-43_0001409.jpg,NACTI : CA-43_08_12_2015_CA-43_0001409.jpg,NACTI : unknown,NACTI : lebec_CA-43,-1,wild boar,,6,val
https://storage.googleapis.com/public-datasets-lila/nacti-unzipped/part2/sub291/TAG-TC04_11_17_2015_TAG-TC04_0000319.JPG,NACTI : TAG-TC04_11_17_2015_TAG-TC04_0000319.JPG,NACTI : unknown,NACTI : lebec_TAG-TC04,-1,wild boar,,6,train
https://storage.googleapis.com/public-datasets-lila/nacti-unzipped/part0/sub099/CA-41_09_16_2015_CA-41_0016610.jpg,NACTI : CA-41_09_16_2015_CA-41_0016610.jpg,NACTI : unknown,NACTI : lebec_CA-41,-1,wild boar,,6,train
https://storage.googleapis.com/public-datasets-lila/nacti-unzipped/part0/sub038/CA-06_02_16_2016_CA-06_0009359.JPG,NACTI : CA-06_02_16_2016_CA-06_0009359.JPG,NACTI : unknown,NACTI : lebec_CA-06,-1,wild boar,,6,val
https://storage.googleapis.com/public-datasets-lila/nacti-unzipped/part1/sub195/FL-16_06_02_2015_FL-16_0056336.jpg,NACTI : FL-16_06_02_2015_FL-16_0056336.jpg,NACTI : unknown,NACTI : archbold_FL-16,-1,wild boar,,6,train
https://storage.googleapis.com/public-datasets-lila/nacti-unzipped/part0/sub068/CA-26_02_11_2016_CA-26_0005834.jpg,NACTI : CA-26_02_11_2016_CA-26_0005834.jpg,NACTI : unknown,NACTI : lebec_CA-26,-1,wild boar,,6,test
https://storage.googleapis.com/public-datasets-lila/nacti-unzipped/part0/sub065/CA-23_11_05_2015_CA-23_0020638.jpg,NACTI : CA-23_11_05_2015_CA-23_0020638.jpg,NACTI : unknown,NACTI : lebec_CA-23,-1,wild boar,,6,train
https://storage.googleapis.com/public-datasets-lila/nacti-unzipped/part2/sub232/FL-23_11_02_2015_FL-23_0014750.jpg,NACTI : FL-23_11_02_2015_FL-23_0014750.jpg,NACTI : unknown,NACTI : archbold_FL-23,-1,wild boar,,6,train
https://storage.googleapis.com/public-datasets-lila/nacti-unzipped/part0/sub072/CA-28_08_03_2015_CA-28_0007569.jpg,NACTI : CA-28_08_03_2015_CA-28_0007569.jpg,NACTI : unknown,NACTI : lebec_CA-28,-1,wild boar,,6,train
https://storage.googleapis.com/public-datasets-lila/nacti-unzipped/part0/sub041/CA-07_09_14_2015_CA-07_0006005.jpg,NACTI : CA-07_09_14_2015_CA-07_0006005.jpg,NACTI : unknown,NACTI : lebec_CA-07,-1,wild boar,,6,test
https://storage.googleapis.com/public-datasets-lila/nacti-unzipped/part1/sub136/FL-06_06_02_2016_FL-06_0030241.JPG,NACTI : FL-06_06_02_2016_FL-06_0030241.JPG,NACTI : unknown,NACTI : archbold_FL-06,-1,wild boar,,6,val
https://storage.googleapis.com/public-datasets-lila/nacti-unzipped/part1/sub195/FL-16_06_02_2015_FL-16_0057033.jpg,NACTI : FL-16_06_02_2015_FL-16_0057033.jpg,NACTI : unknown,NACTI : archbold_FL-16,-1,wild boar,,6,train
https://storage.googleapis.com/public-datasets-lila/nacti-unzipped/part2/sub232/FL-23_12_08_2015_FL-23_0016137.jpg,NACTI : FL-23_12_08_2015_FL-23_0016137.jpg,NACTI : unknown,NACTI : archbold_FL-23,-1,wild boar,,6,train
https://storage.googleapis.com/public-datasets-lila/nacti-unzipped/part1/sub109/CA-46_10_07_2015_CA-46_0008824.jpg,NACTI : CA-46_10_07_2015_CA-46_0008824.jpg,NACTI : unknown,NACTI : lebec_CA-46,-1,wild boar,,6,train
https://storage.googleapis.com/public-datasets-lila/nacti-unzipped/part0/sub091/CA-37_08_02_2016_CA-37_0034337.JPG,NACTI : CA-37_08_02_2016_CA-37_0034337.JPG,NACTI : unknown,NACTI : lebec_CA-37,-1,wild boar,,6,train
https://storage.googleapis.com/public-datasets-lila/nacti-unzipped/part0/sub069/CA-26_08_17_2015_CA-26_0004416.jpg,NACTI : CA-26_08_17_2015_CA-26_0004416.jpg,NACTI : unknown,NACTI : lebec_CA-26,-1,wild boar,,6,test
https://storage.googleapis.com/public-datasets-lila/nacti-unzipped/part2/sub241/FL-27_05_02_2016_FL-27_0053878.JPG,NACTI : FL-27_05_02_2016_FL-27_0053878.JPG,NACTI : unknown,NACTI : archbold_FL-27,-1,wild boar,,6,train
https://storage.googleapis.com/public-datasets-lila/nacti-unzipped/part0/sub082/CA-31_04_12_2015_CA-31_0005036.jpg,NACTI : CA-31_04_12_2015_CA-31_0005036.jpg,NACTI : unknown,NACTI : lebec_CA-31,-1,wild boar,,6,train
https://storage.googleapis.com/public-datasets-lila/nacti-unzipped/part2/sub283/FL-40_01_23_2016_FL-40_0006229.jpg,NACTI : FL-40_01_23_2016_FL-40_0006229.jpg,NACTI : unknown,NACTI : archbold_FL-40,-1,wild boar,,6,train
https://storage.googleapis.com/public-datasets-lila/nacti-unzipped/part1/sub189/FL-16_01_21_2016_FL-16_0102457.jpg,NACTI : FL-16_01_21_2016_FL-16_0102457.jpg,NACTI : unknown,NACTI : archbold_FL-16,-1,wild boar,,6,train
https://storage.googleapis.com/public-datasets-lila/nacti-unzipped/part1/sub176/FL-12_07_23_2016_FL-12_0066722.JPG,NACTI : FL-12_07_23_2016_FL-12_0066722.JPG,NACTI : unknown,NACTI : archbold_FL-12,-1,wild boar,,6,val
https://storage.googleapis.com/public-datasets-lila/nacti-unzipped/part2/sub219/FL-21_09_09_2016_FL-21_0030916.JPG,NACTI : FL-21_09_09_2016_FL-21_0030916.JPG,NACTI : unknown,NACTI : archbold_FL-21,-1,wild boar,,6,test
https://storage.googleapis.com/public-datasets-lila/nacti-unzipped/part1/sub131/FL-05_01_20_2016_FL-05_0030983.jpg,NACTI : FL-05_01_20_2016_FL-05_0030983.jpg,NACTI : unknown,NACTI : archbold_FL-05,-1,wild boar,,6,train
https://storage.googleapis.com/public-datasets-lila/nacti-unzipped/part1/sub178/FL-12_12_08_2015_FL-12_0020411.jpg,NACTI : FL-12_12_08_2015_FL-12_0020411.jpg,NACTI : unknown,NACTI : archbold_FL-12,-1,wild boar,,6,val
https://storage.googleapis.com/public-datasets-lila/nacti-unzipped/part2/sub278/FL-37_07_08_2016_FL-37_0017428.JPG,NACTI : FL-37_07_08_2016_FL-37_0017428.JPG,NACTI : unknown,NACTI : archbold_FL-37,-1,wild boar,,6,train
https://storage.googleapis.com/public-datasets-lila/nacti-unzipped/part0/sub085/CA-33_08_04_2015_CA-33_0004880.jpg,NACTI : CA-33_08_04_2015_CA-33_0004880.jpg,NACTI : unknown,NACTI : lebec_CA-33,-1,wild boar,,6,train
https://storage.googleapis.com/public-datasets-lila/nacti-unzipped/part2/sub290/TAG-LF11_07_28_2016_TAG-LF11_0002756.JPG,NACTI : TAG-LF11_07_28_2016_TAG-LF11_0002756.JPG,NACTI : unknown,NACTI : lebec_TAG-LF11,-1,wild boar,,6,train
https://storage.googleapis.com/public-datasets-lila/nacti-unzipped/part2/sub213/FL-19_08_04_2016_FL-19_0061851.JPG,NACTI : FL-19_08_04_2016_FL-19_0061851.JPG,NACTI : unknown,NACTI : archbold_FL-19,-1,wild boar,,6,train
https://storage.googleapis.com/public-datasets-lila/nacti-unzipped/part2/sub209/FL-19_06_01_2015_FL-19_0005491.jpg,NACTI : FL-19_06_01_2015_FL-19_0005491.jpg,NACTI : unknown,NACTI : archbold_FL-19,-1,wild boar,,6,train
https://storage.googleapis.com/public-datasets-lila/nacti-unzipped/part0/sub085/CA-33_08_04_2015_CA-33_0005315.jpg,NACTI : CA-33_08_04_2015_CA-33_0005315.jpg,NACTI : unknown,NACTI : lebec_CA-33,-1,wild boar,,6,train
https://storage.googleapis.com/public-datasets-lila/nacti-unzipped/part1/sub171/FL-11_07_28_2015_FL-11_0011413.jpg,NACTI : FL-11_07_28_2015_FL-11_0011413.jpg,NACTI : unknown,NACTI : archbold_FL-11,-1,wild boar,,6,train
https://storage.googleapis.com/public-datasets-lila/nacti-unzipped/part0/sub099/CA-41_09_02_2016_CA-41_0026633.JPG,NACTI : CA-41_09_02_2016_CA-41_0026633.JPG,NACTI : unknown,NACTI : lebec_CA-41,-1,wild boar,,6,train
https://storage.googleapis.com/public-datasets-lila/nacti-unzipped/part1/sub198/FL-16_09_03_2015_FL-16_0090101.jpg,NACTI : FL-16_09_03_2015_FL-16_0090101.jpg,NACTI : unknown,NACTI : archbold_FL-16,-1,wild boar,,6,train
https://storage.googleapis.com/public-datasets-lila/nacti-unzipped/part0/sub082/CA-30_10_03_2016_CA-30_0060033.JPG,NACTI : CA-30_10_03_2016_CA-30_0060033.JPG,NACTI : unknown,NACTI : lebec_CA-30,-1,wild boar,,6,test
https://storage.googleapis.com/public-datasets-lila/nacti-unzipped/part0/sub073/CA-28_10_31_2016_CA-28_0029402.JPG,NACTI : CA-28_10_31_2016_CA-28_0029402.JPG,NACTI : unknown,NACTI : lebec_CA-28,-1,wild boar,,6,train
https://storage.googleapis.com/public-datasets-lila/nacti-unzipped/part1/sub126/FL-03_06_30_2015_FL-03_0019586.jpg,NACTI : FL-03_06_30_2015_FL-03_0019586.jpg,NACTI : unknown,NACTI : archbold_FL-03,-1,wild boar,,6,train
https://storage.googleapis.com/public-datasets-lila/nacti-unzipped/part2/sub252/FL-29_05_03_2016_FL-29_0061257.JPG,NACTI : FL-29_05_03_2016_FL-29_0061257.JPG,NACTI : unknown,NACTI : archbold_FL-29,-1,wild boar,,6,train
https://storage.googleapis.com/public-datasets-lila/nacti-unzipped/part2/sub284/FL-40_07_06_2016_FL-40_0021385.JPG,NACTI : FL-40_07_06_2016_FL-40_0021385.JPG,NACTI : unknown,NACTI : archbold_FL-40,-1,wild boar,,6,train
https://storage.googleapis.com/public-datasets-lila/nacti-unzipped/part0/sub082/CA-31_04_12_2015_CA-31_0005039.jpg,NACTI : CA-31_04_12_2015_CA-31_0005039.jpg,NACTI : unknown,NACTI : lebec_CA-31,-1,wild boar,,6,train
https://storage.googleapis.com/public-datasets-lila/nacti-unzipped/part0/sub077/CA-29_08_03_2015_CA-29_0026544.jpg,NACTI : CA-29_08_03_2015_CA-29_0026544.jpg,NACTI : unknown,NACTI : lebec_CA-29,-1,wild boar,,6,train
https://storage.googleapis.com/public-datasets-lila/nacti-unzipped/part2/sub279/FL-37_11_03_2015_FL-37_0001951.jpg,NACTI : FL-37_11_03_2015_FL-37_0001951.jpg,NACTI : unknown,NACTI : archbold_FL-37,-1,wild boar,,6,train
https://storage.googleapis.com/public-datasets-lila/nacti-unzipped/part0/sub055/CA-17_11_08_2016_CA-17_0049718.JPG,NACTI : CA-17_11_08_2016_CA-17_0049718.JPG,NACTI : unknown,NACTI : lebec_CA-17,-1,wild boar,,6,train
https://storage.googleapis.com/public-datasets-lila/nacti-unzipped/part0/sub044/CA-11_02_11_2016_CA-11_0008924.jpg,NACTI : CA-11_02_11_2016_CA-11_0008924.jpg,NACTI : unknown,NACTI : lebec_CA-11,-1,wild boar,,6,train
https://storage.googleapis.com/public-datasets-lila/nacti-unzipped/part1/sub196/FL-16_06_30_2015_FL-16_0064642.jpg,NACTI : FL-16_06_30_2015_FL-16_0064642.jpg,NACTI : unknown,NACTI : archbold_FL-16,-1,wild boar,,6,train
https://storage.googleapis.com/public-datasets-lila/nacti-unzipped/part1/sub193/FL-16_06_02_2015_FL-16_0021211.jpg,NACTI : FL-16_06_02_2015_FL-16_0021211.jpg,NACTI : unknown,NACTI : archbold_FL-16,-1,wild boar,,6,train
https://storage.googleapis.com/public-datasets-lila/nacti-unzipped/part1/sub104/CA-43_08_12_2015_CA-43_0000924.jpg,NACTI : CA-43_08_12_2015_CA-43_0000924.jpg,NACTI : unknown,NACTI : lebec_CA-43,-1,wild boar,,6,val
https://storage.googleapis.com/public-datasets-lila/missouricameratraps/images/Set1/1.59-Wild_Boar/SEQ76449/SEQ76449_IMG_0008.JPG,Missouri Camera Traps : 97cf8d18-5c15-11ee-8d73-04421a1b1283,Missouri Camera Traps : SEQ76449,Missouri Camera Traps : missouri_camera_traps,2,wild boar,,6,train
https://storage.googleapis.com/public-datasets-lila/nacti-unzipped/part1/sub179/FL-13_05_02_2016_FL-13_0077022.JPG,NACTI : FL-13_05_02_2016_FL-13_0077022.JPG,NACTI : unknown,NACTI : archbold_FL-13,-1,wild boar,,6,val
https://storage.googleapis.com/public-datasets-lila/nacti-unzipped/part1/sub154/FL-07_07_28_2015_FL-07_0099474.jpg,NACTI : FL-07_07_28_2015_FL-07_0099474.jpg,NACTI : unknown,NACTI : archbold_FL-07,-1,wild boar,,6,train
https://storage.googleapis.com/public-datasets-lila/nacti-unzipped/part2/sub206/FL-17_07_28_2015_FL-17_0055891.jpg,NACTI : FL-17_07_28_2015_FL-17_0055891.jpg,NACTI : unknown,NACTI : archbold_FL-17,-1,wild boar,,6,train
https://storage.googleapis.com/public-datasets-lila/nacti-unzipped/part0/sub082/CA-30_11_05_2015_CA-30_0033576.jpg,NACTI : CA-30_11_05_2015_CA-30_0033576.jpg,NACTI : unknown,NACTI : lebec_CA-30,-1,wild boar,,6,test
https://storage.googleapis.com/public-datasets-lila/nacti-unzipped/part1/sub107/CA-44_09_11_2015_CA-44_0007264.jpg,NACTI : CA-44_09_11_2015_CA-44_0007264.jpg,NACTI : unknown,NACTI : lebec_CA-44,-1,wild boar,,6,val
https://storage.googleapis.com/public-datasets-lila/nacti-unzipped/part0/sub082/CA-30_09_18_2015_CA-30_0032178.jpg,NACTI : CA-30_09_18_2015_CA-30_0032178.jpg,NACTI : unknown,NACTI : lebec_CA-30,-1,wild boar,,6,test
https://storage.googleapis.com/public-datasets-lila/nacti-unzipped/part0/sub088/CA-34_09_02_2016_CA-34_0030166.JPG,NACTI : CA-34_09_02_2016_CA-34_0030166.JPG,NACTI : unknown,NACTI : lebec_CA-34,-1,wild boar,,6,train
https://storage.googleapis.com/public-datasets-lila/nacti-unzipped/part1/sub131/FL-05_03_04_2016_FL-05_0033423.JPG,NACTI : FL-05_03_04_2016_FL-05_0033423.JPG,NACTI : unknown,NACTI : archbold_FL-05,-1,wild boar,,6,train
https://storage.googleapis.com/public-datasets-lila/nacti-unzipped/part1/sub189/FL-15_07_29_2015_FL-15_0007628.jpg,NACTI : FL-15_07_29_2015_FL-15_0007628.jpg,NACTI : unknown,NACTI : archbold_FL-15,-1,wild boar,,6,test
https://storage.googleapis.com/public-datasets-lila/nacti-unzipped/part2/sub239/FL-26_06_02_2016_FL-26_0028199.JPG,NACTI : FL-26_06_02_2016_FL-26_0028199.JPG,NACTI : unknown,NACTI : archbold_FL-26,-1,wild boar,,6,train
https://storage.googleapis.com/public-datasets-lila/nacti-unzipped/part0/sub084/CA-33_04_03_2015_CA-33_0000352.jpg,NACTI : CA-33_04_03_2015_CA-33_0000352.jpg,NACTI : unknown,NACTI : lebec_CA-33,-1,wild boar,,6,train
https://storage.googleapis.com/public-datasets-lila/nacti-unzipped/part0/sub092/CA-37_10_16_2015_CA-37_0020986.jpg,NACTI : CA-37_10_16_2015_CA-37_0020986.jpg,NACTI : unknown,NACTI : lebec_CA-37,-1,wild boar,,6,train
https://storage.googleapis.com/public-datasets-lila/nacti-unzipped/part2/sub241/FL-27_03_07_2016_FL-27_0049605.JPG,NACTI : FL-27_03_07_2016_FL-27_0049605.JPG,NACTI : unknown,NACTI : archbold_FL-27,-1,wild boar,,6,train
https://storage.googleapis.com/public-datasets-lila/nacti-unzipped/part0/sub087/CA-34_08_04_2015_CA-34_0001523.jpg,NACTI : CA-34_08_04_2015_CA-34_0001523.jpg,NACTI : unknown,NACTI : lebec_CA-34,-1,wild boar,,6,train
https://storage.googleapis.com/public-datasets-lila/nacti-unzipped/part2/sub242/FL-27_06_02_2016_FL-27_0057831.JPG,NACTI : FL-27_06_02_2016_FL-27_0057831.JPG,NACTI : unknown,NACTI : archbold_FL-27,-1,wild boar,,6,train
https://storage.googleapis.com/public-datasets-lila/nacti-unzipped/part1/sub197/FL-16_06_30_2015_FL-16_0076558.jpg,NACTI : FL-16_06_30_2015_FL-16_0076558.jpg,NACTI : unknown,NACTI : archbold_FL-16,-1,wild boar,,6,train
https://storage.googleapis.com/public-datasets-lila/nacti-unzipped/part0/sub042/CA-09_07_08_2016_CA-09_0008831.JPG,NACTI : CA-09_07_08_2016_CA-09_0008831.JPG,NACTI : unknown,NACTI : lebec_CA-09,-1,wild boar,,6,train
https://storage.googleapis.com/public-datasets-lila/nacti-unzipped/part0/sub087/CA-34_08_04_2015_CA-34_0001367.jpg,NACTI : CA-34_08_04_2015_CA-34_0001367.jpg,NACTI : unknown,NACTI : lebec_CA-34,-1,wild boar,,6,train
https://storage.googleapis.com/public-datasets-lila/nacti-unzipped/part0/sub041/CA-08_03_09_2015_CA-08_0000664.jpg,NACTI : CA-08_03_09_2015_CA-08_0000664.jpg,NACTI : unknown,NACTI : lebec_CA-08,-1,wild boar,,6,train
https://storage.googleapis.com/public-datasets-lila/nacti-unzipped/part2/sub282/FL-38_11_03_2015_FL-38_0003542.jpg,NACTI : FL-38_11_03_2015_FL-38_0003542.jpg,NACTI : unknown,NACTI : archbold_FL-38,-1,wild boar,,6,train
https://storage.googleapis.com/public-datasets-lila/nacti-unzipped/part0/sub046/CA-12_03_10_2015_CA-12_0000196.jpg,NACTI : CA-12_03_10_2015_CA-12_0000196.jpg,NACTI : unknown,NACTI : lebec_CA-12,-1,wild boar,,6,train
https://storage.googleapis.com/public-datasets-lila/nacti-unzipped/part1/sub134/FL-05_07_05_2016_FL-05_0042390.JPG,NACTI : FL-05_07_05_2016_FL-05_0042390.JPG,NACTI : unknown,NACTI : archbold_FL-05,-1,wild boar,,6,train
https://storage.googleapis.com/public-datasets-lila/nacti-unzipped/part0/sub073/CA-28_10_03_2016_CA-28_0028392.JPG,NACTI : CA-28_10_03_2016_CA-28_0028392.JPG,NACTI : unknown,NACTI : lebec_CA-28,-1,wild boar,,6,train
https://storage.googleapis.com/public-datasets-lila/nacti-unzipped/part2/sub277/FL-37_03_08_2016_FL-37_0007455.JPG,NACTI : FL-37_03_08_2016_FL-37_0007455.JPG,NACTI : unknown,NACTI : archbold_FL-37,-1,wild boar,,6,train
https://storage.googleapis.com/public-datasets-lila/nacti-unzipped/part2/sub283/FL-39_01_23_2016_FL-39_0003785.jpg,NACTI : FL-39_01_23_2016_FL-39_0003785.jpg,NACTI : unknown,NACTI : archbold_FL-39,-1,wild boar,,6,test
https://storage.googleapis.com/public-datasets-lila/nacti-unzipped/part0/sub038/CA-06_03_09_2015_CA-06_0000197.jpg,NACTI : CA-06_03_09_2015_CA-06_0000197.jpg,NACTI : unknown,NACTI : lebec_CA-06,-1,wild boar,,6,val
https://storage.googleapis.com/public-datasets-lila/nacti-unzipped/part1/sub119/FL-02_06_01_2015_FL-02_0018575.jpg,NACTI : FL-02_06_01_2015_FL-02_0018575.jpg,NACTI : unknown,NACTI : archbold_FL-02,-1,wild boar,,6,train
https://storage.googleapis.com/public-datasets-lila/nacti-unzipped/part1/sub172/FL-12_03_04_2016_FL-12_0026480.JPG,NACTI : FL-12_03_04_2016_FL-12_0026480.JPG,NACTI : unknown,NACTI : archbold_FL-12,-1,wild boar,,6,val
https://storage.googleapis.com/public-datasets-lila/nacti-unzipped/part2/sub277/FL-37_05_03_2016_FL-37_0012466.JPG,NACTI : FL-37_05_03_2016_FL-37_0012466.JPG,NACTI : unknown,NACTI : archbold_FL-37,-1,wild boar,,6,train
https://storage.googleapis.com/public-datasets-lila/nacti-unzipped/part1/sub182/FL-13_07_05_2016_FL-13_0084566.JPG,NACTI : FL-13_07_05_2016_FL-13_0084566.JPG,NACTI : unknown,NACTI : archbold_FL-13,-1,wild boar,,6,val
https://storage.googleapis.com/public-datasets-lila/nacti-unzipped/part2/sub280/FL-38_03_07_2016_FL-38_0027755.JPG,NACTI : FL-38_03_07_2016_FL-38_0027755.JPG,NACTI : unknown,NACTI : archbold_FL-38,-1,wild boar,,6,train
https://storage.googleapis.com/public-datasets-lila/nacti-unzipped/part2/sub289/FL-42_12_08_2015_FL-42_0004111.jpg,NACTI : FL-42_12_08_2015_FL-42_0004111.jpg,NACTI : unknown,NACTI : archbold_FL-42,-1,wild boar,,6,train
https://storage.googleapis.com/public-datasets-lila/nacti-unzipped/part1/sub169/FL-10_08_05_2016_FL-10_0021263.JPG,NACTI : FL-10_08_05_2016_FL-10_0021263.JPG,NACTI : unknown,NACTI : archbold_FL-10,-1,wild boar,,6,train
https://storage.googleapis.com/public-datasets-lila/nacti-unzipped/part1/sub189/FL-15_10_01_2015_FL-15_0009304.jpg,NACTI : FL-15_10_01_2015_FL-15_0009304.jpg,NACTI : unknown,NACTI : archbold_FL-15,-1,wild boar,,6,test
https://storage.googleapis.com/public-datasets-lila/nacti-unzipped/part1/sub154/FL-07_07_28_2015_FL-07_0101057.jpg,NACTI : FL-07_07_28_2015_FL-07_0101057.jpg,NACTI : unknown,NACTI : archbold_FL-07,-1,wild boar,,6,train
https://storage.googleapis.com/public-datasets-lila/nacti-unzipped/part1/sub197/FL-16_06_30_2015_FL-16_0072434.jpg,NACTI : FL-16_06_30_2015_FL-16_0072434.jpg,NACTI : unknown,NACTI : archbold_FL-16,-1,wild boar,,6,train
https://storage.googleapis.com/public-datasets-lila/nacti-unzipped/part1/sub189/FL-15_09_03_2015_FL-15_0008509.jpg,NACTI : FL-15_09_03_2015_FL-15_0008509.jpg,NACTI : unknown,NACTI : archbold_FL-15,-1,wild boar,,6,test
https://storage.googleapis.com/public-datasets-lila/nacti-unzipped/part2/sub275/FL-35_10_01_2015_FL-35_0000064.jpg,NACTI : FL-35_10_01_2015_FL-35_0000064.jpg,NACTI : unknown,NACTI : archbold_FL-35,-1,wild boar,,6,val
https://storage.googleapis.com/public-datasets-lila/nacti-unzipped/part1/sub186/FL-14_06_02_2015_FL-14_0000731.jpg,NACTI : FL-14_06_02_2015_FL-14_0000731.jpg,NACTI : unknown,NACTI : archbold_FL-14,-1,wild boar,,6,val
https://storage.googleapis.com/public-datasets-lila/nacti-unzipped/part1/sub102/CA-43_06_02_2016_CA-43_0026599.JPG,NACTI : CA-43_06_02_2016_CA-43_0026599.JPG,NACTI : unknown,NACTI : lebec_CA-43,-1,wild boar,,6,val
https://storage.googleapis.com/public-datasets-lila/nacti-unzipped/part1/sub198/FL-16_08_05_2016_FL-16_0140474.JPG,NACTI : FL-16_08_05_2016_FL-16_0140474.JPG,NACTI : unknown,NACTI : archbold_FL-16,-1,wild boar,,6,train
https://storage.googleapis.com/public-datasets-lila/nacti-unzipped/part0/sub095/CA-38_09_10_2015_CA-38_0021749.jpg,NACTI : CA-38_09_10_2015_CA-38_0021749.jpg,NACTI : unknown,NACTI : lebec_CA-38,-1,wild boar,,6,val
https://storage.googleapis.com/public-datasets-lila/nacti-unzipped/part0/sub094/CA-38_08_17_2015_CA-38_0016344.jpg,NACTI : CA-38_08_17_2015_CA-38_0016344.jpg,NACTI : unknown,NACTI : lebec_CA-38,-1,wild boar,,6,val
https://storage.googleapis.com/public-datasets-lila/nacti-unzipped/part1/sub189/FL-16_01_21_2016_FL-16_0103836.jpg,NACTI : FL-16_01_21_2016_FL-16_0103836.jpg,NACTI : unknown,NACTI : archbold_FL-16,-1,wild boar,,6,train
https://storage.googleapis.com/public-datasets-lila/nacti-unzipped/part2/sub212/FL-19_08_04_2016_FL-19_0059850.JPG,NACTI : FL-19_08_04_2016_FL-19_0059850.JPG,NACTI : unknown,NACTI : archbold_FL-19,-1,wild boar,,6,train
https://storage.googleapis.com/public-datasets-lila/nacti-unzipped/part1/sub131/FL-05_03_04_2016_FL-05_0032377.JPG,NACTI : FL-05_03_04_2016_FL-05_0032377.JPG,NACTI : unknown,NACTI : archbold_FL-05,-1,wild boar,,6,train
https://storage.googleapis.com/public-datasets-lila/nacti-unzipped/part2/sub289/FL-42_11_03_2015_FL-42_0003373.jpg,NACTI : FL-42_11_03_2015_FL-42_0003373.jpg,NACTI : unknown,NACTI : archbold_FL-42,-1,wild boar,,6,train
https://storage.googleapis.com/public-datasets-lila/nacti-unzipped/part1/sub131/FL-05_04_04_2016_FL-05_0034718.JPG,NACTI : FL-05_04_04_2016_FL-05_0034718.JPG,NACTI : unknown,NACTI : archbold_FL-05,-1,wild boar,,6,train
https://storage.googleapis.com/public-datasets-lila/nacti-unzipped/part2/sub290/TAG-TC01_09_21_2015_TAG-TC01_0000185.JPG,NACTI : TAG-TC01_09_21_2015_TAG-TC01_0000185.JPG,NACTI : unknown,NACTI : lebec_TAG-TC01,-1,wild boar,,6,train
https://storage.googleapis.com/public-datasets-lila/nacti-unzipped/part0/sub069/CA-26_08_17_2015_CA-26_0003073.jpg,NACTI : CA-26_08_17_2015_CA-26_0003073.jpg,NACTI : unknown,NACTI : lebec_CA-26,-1,wild boar,,6,test
https://storage.googleapis.com/public-datasets-lila/nacti-unzipped/part2/sub209/FL-19_05_02_2016_FL-19_0049096.JPG,NACTI : FL-19_05_02_2016_FL-19_0049096.JPG,NACTI : unknown,NACTI : archbold_FL-19,-1,wild boar,,6,train
https://storage.googleapis.com/public-datasets-lila/nacti-unzipped/part2/sub239/FL-26_01_21_2016_FL-26_0024506.jpg,NACTI : FL-26_01_21_2016_FL-26_0024506.jpg,NACTI : unknown,NACTI : archbold_FL-26,-1,wild boar,,6,train
https://storage.googleapis.com/public-datasets-lila/nacti-unzipped/part1/sub108/CA-46_02_29_2016_CA-46_0011825.JPG,NACTI : CA-46_02_29_2016_CA-46_0011825.JPG,NACTI : unknown,NACTI : lebec_CA-46,-1,wild boar,,6,train
https://storage.googleapis.com/public-datasets-lila/nacti-unzipped/part2/sub278/FL-37_06_03_2016_FL-37_0016808.JPG,NACTI : FL-37_06_03_2016_FL-37_0016808.JPG,NACTI : unknown,NACTI : archbold_FL-37,-1,wild boar,,6,train
https://storage.googleapis.com/public-datasets-lila/nacti-unzipped/part0/sub087/CA-34_08_04_2015_CA-34_0001337.jpg,NACTI : CA-34_08_04_2015_CA-34_0001337.jpg,NACTI : unknown,NACTI : lebec_CA-34,-1,wild boar,,6,train
https://storage.googleapis.com/public-datasets-lila/nacti-unzipped/part0/sub042/CA-08_10_14_2015_CA-08_0006131.jpg,NACTI : CA-08_10_14_2015_CA-08_0006131.jpg,NACTI : unknown,NACTI : lebec_CA-08,-1,wild boar,,6,train
https://storage.googleapis.com/public-datasets-lila/nacti-unzipped/part0/sub084/CA-31_09_10_2015_CA-31_0015364.jpg,NACTI : CA-31_09_10_2015_CA-31_0015364.jpg,NACTI : unknown,NACTI : lebec_CA-31,-1,wild boar,,6,train
https://storage.googleapis.com/public-datasets-lila/nacti-unzipped/part2/sub285/FL-40_08_15_2016_FL-40_0024298.JPG,NACTI : FL-40_08_15_2016_FL-40_0024298.JPG,NACTI : unknown,NACTI : archbold_FL-40,-1,wild boar,,6,train
https://storage.googleapis.com/public-datasets-lila/nacti-unzipped/part2/sub245/FL-27_08_05_2016_FL-27_0069041.JPG,NACTI : FL-27_08_05_2016_FL-27_0069041.JPG,NACTI : unknown,NACTI : archbold_FL-27,-1,wild boar,,6,train
https://storage.googleapis.com/public-datasets-lila/nacti-unzipped/part2/sub289/FL-42_11_03_2015_FL-42_0001758.jpg,NACTI : FL-42_11_03_2015_FL-42_0001758.jpg,NACTI : unknown,NACTI : archbold_FL-42,-1,wild boar,,6,train
https://storage.googleapis.com/public-datasets-lila/nacti-unzipped/part2/sub262/FL-31_01_21_2016_FL-31_0035906.jpg,NACTI : FL-31_01_21_2016_FL-31_0035906.jpg,NACTI : unknown,NACTI : archbold_FL-31,-1,wild boar,,6,test
https://storage.googleapis.com/public-datasets-lila/nacti-unzipped/part2/sub230/FL-22_12_06_2015_FL-22_0078085.jpg,NACTI : FL-22_12_06_2015_FL-22_0078085.jpg,NACTI : unknown,NACTI : archbold_FL-22,-1,wild boar,,6,train
https://storage.googleapis.com/public-datasets-lila/nacti-unzipped/part1/sub193/FL-16_06_02_2015_FL-16_0036664.jpg,NACTI : FL-16_06_02_2015_FL-16_0036664.jpg,NACTI : unknown,NACTI : archbold_FL-16,-1,wild boar,,6,train
https://storage.googleapis.com/public-datasets-lila/nacti-unzipped/part0/sub040/CA-06_10_11_2016_CA-06_0019125.JPG,NACTI : CA-06_10_11_2016_CA-06_0019125.JPG,NACTI : unknown,NACTI : lebec_CA-06,-1,wild boar,,6,val
https://storage.googleapis.com/public-datasets-lila/nacti-unzipped/part2/sub283/FL-39_04_05_2016_FL-39_0008333.JPG,NACTI : FL-39_04_05_2016_FL-39_0008333.JPG,NACTI : unknown,NACTI : archbold_FL-39,-1,wild boar,,6,test
https://storage.googleapis.com/public-datasets-lila/nacti-unzipped/part1/sub130/FL-04_07_28_2015_FL-04_0008381.jpg,NACTI : FL-04_07_28_2015_FL-04_0008381.jpg,NACTI : unknown,NACTI : archbold_FL-04,-1,wild boar,,6,test
https://storage.googleapis.com/public-datasets-lila/nacti-unzipped/part0/sub077/CA-29_09_06_2016_CA-29_0047077.JPG,NACTI : CA-29_09_06_2016_CA-29_0047077.JPG,NACTI : unknown,NACTI : lebec_CA-29,-1,wild boar,,6,train
https://storage.googleapis.com/public-datasets-lila/nacti-unzipped/part2/sub282/FL-38_12_07_2015_FL-38_0005261.jpg,NACTI : FL-38_12_07_2015_FL-38_0005261.jpg,NACTI : unknown,NACTI : archbold_FL-38,-1,wild boar,,6,train
https://storage.googleapis.com/public-datasets-lila/nacti-unzipped/part2/sub242/FL-27_06_02_2015_FL-27_0003558.jpg,NACTI : FL-27_06_02_2015_FL-27_0003558.jpg,NACTI : unknown,NACTI : archbold_FL-27,-1,wild boar,,6,train
https://storage.googleapis.com/public-datasets-lila/nacti-unzipped/part2/sub282/FL-38_08_15_2016_FL-38_0046863.JPG,NACTI : FL-38_08_15_2016_FL-38_0046863.JPG,NACTI : unknown,NACTI : archbold_FL-38,-1,wild boar,,6,train
https://storage.googleapis.com/public-datasets-lila/nacti-unzipped/part2/sub277/FL-37_05_03_2016_FL-37_0012678.JPG,NACTI : FL-37_05_03_2016_FL-37_0012678.JPG,NACTI : unknown,NACTI : archbold_FL-37,-1,wild boar,,6,train
https://storage.googleapis.com/public-datasets-lila/nacti-unzipped/part2/sub219/FL-21_10_01_2015_FL-21_0018896.jpg,NACTI : FL-21_10_01_2015_FL-21_0018896.jpg,NACTI : unknown,NACTI : archbold_FL-21,-1,wild boar,,6,test
https://storage.googleapis.com/public-datasets-lila/nacti-unzipped/part2/sub222/FL-22_06_02_2015_FL-22_0009941.jpg,NACTI : FL-22_06_02_2015_FL-22_0009941.jpg,NACTI : unknown,NACTI : archbold_FL-22,-1,wild boar,,6,train
https://storage.googleapis.com/public-datasets-lila/nacti-unzipped/part2/sub230/FL-23_01_20_2016_FL-23_0018375.jpg,NACTI : FL-23_01_20_2016_FL-23_0018375.jpg,NACTI : unknown,NACTI : archbold_FL-23,-1,wild boar,,6,train
https://storage.googleapis.com/public-datasets-lila/nacti-unzipped/part2/sub232/FL-23_11_02_2015_FL-23_0013454.jpg,NACTI : FL-23_11_02_2015_FL-23_0013454.jpg,NACTI : unknown,NACTI : archbold_FL-23,-1,wild boar,,6,train
https://storage.googleapis.com/public-datasets-lila/nacti-unzipped/part0/sub055/CA-17_11_08_2016_CA-17_0049435.JPG,NACTI : CA-17_11_08_2016_CA-17_0049435.JPG,NACTI : unknown,NACTI : lebec_CA-17,-1,wild boar,,6,train
https://storage.googleapis.com/public-datasets-lila/nacti-unzipped/part0/sub088/CA-34_08_05_2016_CA-34_0029411.JPG,NACTI : CA-34_08_05_2016_CA-34_0029411.JPG,NACTI : unknown,NACTI : lebec_CA-34,-1,wild boar,,6,train
https://storage.googleapis.com/public-datasets-lila/nacti-unzipped/part1/sub172/FL-11_12_08_2015_FL-11_0014544.jpg,NACTI : FL-11_12_08_2015_FL-11_0014544.jpg,NACTI : unknown,NACTI : archbold_FL-11,-1,wild boar,,6,train
https://storage.googleapis.com/public-datasets-lila/nacti-unzipped/part2/sub232/FL-23_12_08_2015_FL-23_0016840.jpg,NACTI : FL-23_12_08_2015_FL-23_0016840.jpg,NACTI : unknown,NACTI : archbold_FL-23,-1,wild boar,,6,train
https://storage.googleapis.com/public-datasets-lila/nacti-unzipped/part1/sub174/FL-12_06_29_2015_FL-12_0000134.jpg,NACTI : FL-12_06_29_2015_FL-12_0000134.jpg,NACTI : unknown,NACTI : archbold_FL-12,-1,wild boar,,6,val
https://storage.googleapis.com/public-datasets-lila/nacti-unzipped/part0/sub059/CA-19_08_13_2015_CA-19_0015011.jpg,NACTI : CA-19_08_13_2015_CA-19_0015011.jpg,NACTI : unknown,NACTI : lebec_CA-19,-1,wild boar,,6,train
https://storage.googleapis.com/public-datasets-lila/nacti-unzipped/part0/sub040/CA-06_11_03_2016_CA-06_0019437.JPG,NACTI : CA-06_11_03_2016_CA-06_0019437.JPG,NACTI : unknown,NACTI : lebec_CA-06,-1,wild boar,,6,val
https://storage.googleapis.com/public-datasets-lila/nacti-unzipped/part1/sub189/FL-16_01_21_2016_FL-16_0101967.jpg,NACTI : FL-16_01_21_2016_FL-16_0101967.jpg,NACTI : unknown,NACTI : archbold_FL-16,-1,wild boar,,6,train
https://storage.googleapis.com/public-datasets-lila/nacti-unzipped/part1/sub189/FL-15_07_29_2015_FL-15_0007853.jpg,NACTI : FL-15_07_29_2015_FL-15_0007853.jpg,NACTI : unknown,NACTI : archbold_FL-15,-1,wild boar,,6,test
https://storage.googleapis.com/public-datasets-lila/nacti-unzipped/part0/sub041/CA-07_11_03_2016_CA-07_0015343.JPG,NACTI : CA-07_11_03_2016_CA-07_0015343.JPG,NACTI : unknown,NACTI : lebec_CA-07,-1,wild boar,,6,test
https://storage.googleapis.com/public-datasets-lila/nacti-unzipped/part2/sub275/FL-35_11_03_2015_FL-35_0002740.jpg,NACTI : FL-35_11_03_2015_FL-35_0002740.jpg,NACTI : unknown,NACTI : archbold_FL-35,-1,wild boar,,6,val
https://storage.googleapis.com/public-datasets-lila/nacti-unzipped/part2/sub289/FL-42_12_08_2015_FL-42_0005087.jpg,NACTI : FL-42_12_08_2015_FL-42_0005087.jpg,NACTI : unknown,NACTI : archbold_FL-42,-1,wild boar,,6,train
https://storage.googleapis.com/public-datasets-lila/nacti-unzipped/part1/sub106/CA-44_08_12_2015_CA-44_0003590.jpg,NACTI : CA-44_08_12_2015_CA-44_0003590.jpg,NACTI : unknown,NACTI : lebec_CA-44,-1,wild boar,,6,val
https://storage.googleapis.com/public-datasets-lila/nacti-unzipped/part0/sub041/CA-08_09_17_2015_CA-08_0004984.jpg,NACTI : CA-08_09_17_2015_CA-08_0004984.jpg,NACTI : unknown,NACTI : lebec_CA-08,-1,wild boar,,6,train
https://storage.googleapis.com/public-datasets-lila/nacti-unzipped/part0/sub038/CA-06_04_01_2015_CA-06_0000500.jpg,NACTI : CA-06_04_01_2015_CA-06_0000500.jpg,NACTI : unknown,NACTI : lebec_CA-06,-1,wild boar,,6,val
https://storage.googleapis.com/public-datasets-lila/nacti-unzipped/part0/sub086/CA-34_04_05_2016_CA-34_0019993.JPG,NACTI : CA-34_04_05_2016_CA-34_0019993.JPG,NACTI : unknown,NACTI : lebec_CA-34,-1,wild boar,,6,train
https://storage.googleapis.com/public-datasets-lila/nacti-unzipped/part0/sub085/CA-33_08_05_2016_CA-33_0026896.JPG,NACTI : CA-33_08_05_2016_CA-33_0026896.JPG,NACTI : unknown,NACTI : lebec_CA-33,-1,wild boar,,6,train
https://storage.googleapis.com/public-datasets-lila/nacti-unzipped/part0/sub039/CA-06_10_08_2015_CA-06_0008371.jpg,NACTI : CA-06_10_08_2015_CA-06_0008371.jpg,NACTI : unknown,NACTI : lebec_CA-06,-1,wild boar,,6,val
https://storage.googleapis.com/public-datasets-lila/wcs-unzipped/animals/0036/0629.jpg,WCS Camera Traps : d43f3672-92d4-11e9-bb22-000d3a74c7de,WCS Camera Traps : idn-002-d0132-9,WCS Camera Traps : 528,1,wild boar,06-24-2000 10:03:00,6,test
https://storage.googleapis.com/public-datasets-lila/nacti-unzipped/part0/sub099/CA-41_09_16_2015_CA-41_0015783.jpg,NACTI : CA-41_09_16_2015_CA-41_0015783.jpg,NACTI : unknown,NACTI : lebec_CA-41,-1,wild boar,,6,train
https://storage.googleapis.com/public-datasets-lila/nacti-unzipped/part0/sub058/CA-18_09_18_2015_CA-18_0019223.jpg,NACTI : CA-18_09_18_2015_CA-18_0019223.jpg,NACTI : unknown,NACTI : lebec_CA-18,-1,wild boar,,6,val
https://storage.googleapis.com/public-datasets-lila/nacti-unzipped/part2/sub261/FL-30_11_03_2015_FL-30_0041042.jpg,NACTI : FL-30_11_03_2015_FL-30_0041042.jpg,NACTI : unknown,NACTI : archbold_FL-30,-1,wild boar,,6,train
https://storage.googleapis.com/public-datasets-lila/nacti-unzipped/part2/sub267/FL-32_04_04_2016_FL-32_0008794.JPG,NACTI : FL-32_04_04_2016_FL-32_0008794.JPG,NACTI : unknown,NACTI : archbold_FL-32,-1,wild boar,,6,train
https://storage.googleapis.com/public-datasets-lila/nacti-unzipped/part2/sub279/FL-37_11_03_2015_FL-37_0001901.jpg,NACTI : FL-37_11_03_2015_FL-37_0001901.jpg,NACTI : unknown,NACTI : archbold_FL-37,-1,wild boar,,6,train
https://storage.googleapis.com/public-datasets-lila/nacti-unzipped/part1/sub199/FL-17_01_20_2016_FL-17_0063922.jpg,NACTI : FL-17_01_20_2016_FL-17_0063922.jpg,NACTI : unknown,NACTI : archbold_FL-17,-1,wild boar,,6,train
https://storage.googleapis.com/public-datasets-lila/nacti-unzipped/part0/sub041/CA-07_11_03_2016_CA-07_0015647.JPG,NACTI : CA-07_11_03_2016_CA-07_0015647.JPG,NACTI : unknown,NACTI : lebec_CA-07,-1,wild boar,,6,test
https://storage.googleapis.com/public-datasets-lila/nacti-unzipped/part2/sub275/FL-35_10_01_2015_FL-35_0000715.jpg,NACTI : FL-35_10_01_2015_FL-35_0000715.jpg,NACTI : unknown,NACTI : archbold_FL-35,-1,wild boar,,6,val
https://storage.googleapis.com/public-datasets-lila/nacti-unzipped/part0/sub087/CA-34_08_04_2015_CA-34_0001388.jpg,NACTI : CA-34_08_04_2015_CA-34_0001388.jpg,NACTI : unknown,NACTI : lebec_CA-34,-1,wild boar,,6,train
https://storage.googleapis.com/public-datasets-lila/nacti-unzipped/part2/sub285/FL-40_10_01_2015_FL-40_0000320.jpg,NACTI : FL-40_10_01_2015_FL-40_0000320.jpg,NACTI : unknown,NACTI : archbold_FL-40,-1,wild boar,,6,train
https://storage.googleapis.com/public-datasets-lila/nacti-unzipped/part0/sub054/CA-17_08_03_2015_CA-17_0022425.jpg,NACTI : CA-17_08_03_2015_CA-17_0022425.jpg,NACTI : unknown,NACTI : lebec_CA-17,-1,wild boar,,6,train
https://storage.googleapis.com/public-datasets-lila/nacti-unzipped/part0/sub099/CA-41_09_16_2015_CA-41_0016478.jpg,NACTI : CA-41_09_16_2015_CA-41_0016478.jpg,NACTI : unknown,NACTI : lebec_CA-41,-1,wild boar,,6,train
https://storage.googleapis.com/public-datasets-lila/nacti-unzipped/part1/sub161/FL-08_06_02_2015_FL-08_0004815.jpg,NACTI : FL-08_06_02_2015_FL-08_0004815.jpg,NACTI : unknown,NACTI : archbold_FL-08,-1,wild boar,,6,test
https://storage.googleapis.com/public-datasets-lila/nacti-unzipped/part2/sub241/FL-27_06_02_2015_FL-27_0002689.jpg,NACTI : FL-27_06_02_2015_FL-27_0002689.jpg,NACTI : unknown,NACTI : archbold_FL-27,-1,wild boar,,6,train
https://storage.googleapis.com/public-datasets-lila/nacti-unzipped/part1/sub112/FL-01_06_02_2016_FL-01_0061303.JPG,NACTI : FL-01_06_02_2016_FL-01_0061303.JPG,NACTI : unknown,NACTI : archbold_FL-01,-1,wild boar,,6,train
https://storage.googleapis.com/public-datasets-lila/nacti-unzipped/part2/sub277/FL-37_03_08_2016_FL-37_0008963.JPG,NACTI : FL-37_03_08_2016_FL-37_0008963.JPG,NACTI : unknown,NACTI : archbold_FL-37,-1,wild boar,,6,train
https://storage.googleapis.com/public-datasets-lila/nacti-unzipped/part0/sub082/CA-30_08_03_2015_CA-30_0031639.jpg,NACTI : CA-30_08_03_2015_CA-30_0031639.jpg,NACTI : unknown,NACTI : lebec_CA-30,-1,wild boar,,6,test
https://storage.googleapis.com/public-datasets-lila/nacti-unzipped/part2/sub275/FL-35_11_03_2015_FL-35_0001602.jpg,NACTI : FL-35_11_03_2015_FL-35_0001602.jpg,NACTI : unknown,NACTI : archbold_FL-35,-1,wild boar,,6,val
https://storage.googleapis.com/public-datasets-lila/nacti-unzipped/part0/sub085/CA-33_08_04_2015_CA-33_0011892.jpg,NACTI : CA-33_08_04_2015_CA-33_0011892.jpg,NACTI : unknown,NACTI : lebec_CA-33,-1,wild boar,,6,train
https://storage.googleapis.com/public-datasets-lila/nacti-unzipped/part1/sub131/FL-05_04_04_2016_FL-05_0034576.JPG,NACTI : FL-05_04_04_2016_FL-05_0034576.JPG,NACTI : unknown,NACTI : archbold_FL-05,-1,wild boar,,6,train
https://storage.googleapis.com/public-datasets-lila/nacti-unzipped/part2/sub290/FL-44_01_23_2016_FL-44_0001170.jpg,NACTI : FL-44_01_23_2016_FL-44_0001170.jpg,NACTI : unknown,NACTI : archbold_FL-44,-1,wild boar,,6,train
https://storage.googleapis.com/public-datasets-lila/nacti-unzipped/part1/sub189/FL-15_07_29_2015_FL-15_0007994.jpg,NACTI : FL-15_07_29_2015_FL-15_0007994.jpg,NACTI : unknown,NACTI : archbold_FL-15,-1,wild boar,,6,test
https://storage.googleapis.com/public-datasets-lila/nacti-unzipped/part1/sub129/FL-04_06_02_2016_FL-04_0023008.JPG,NACTI : FL-04_06_02_2016_FL-04_0023008.JPG,NACTI : unknown,NACTI : archbold_FL-04,-1,wild boar,,6,test
https://storage.googleapis.com/public-datasets-lila/nacti-unzipped/part0/sub066/CA-24_08_12_2015_CA-24_0010446.jpg,NACTI : CA-24_08_12_2015_CA-24_0010446.jpg,NACTI : unknown,NACTI : lebec_CA-24,-1,wild boar,,6,train
https://storage.googleapis.com/public-datasets-lila/nacti-unzipped/part1/sub194/FL-16_06_02_2015_FL-16_0039829.jpg,NACTI : FL-16_06_02_2015_FL-16_0039829.jpg,NACTI : unknown,NACTI : archbold_FL-16,-1,wild boar,,6,train
https://storage.googleapis.com/public-datasets-lila/nacti-unzipped/part2/sub274/FL-35_07_06_2016_FL-35_0048074.JPG,NACTI : FL-35_07_06_2016_FL-35_0048074.JPG,NACTI : unknown,NACTI : archbold_FL-35,-1,wild boar,,6,val
https://storage.googleapis.com/public-datasets-lila/nacti-unzipped/part2/sub240/FL-26_12_08_2015_FL-26_0022403.jpg,NACTI : FL-26_12_08_2015_FL-26_0022403.jpg,NACTI : unknown,NACTI : archbold_FL-26,-1,wild boar,,6,train
https://storage.googleapis.com/public-datasets-lila/nacti-unzipped/part0/sub061/CA-20_08_10_2016_CA-20_0024648.JPG,NACTI : CA-20_08_10_2016_CA-20_0024648.JPG,NACTI : unknown,NACTI : lebec_CA-20,-1,wild boar,,6,train
https://storage.googleapis.com/public-datasets-lila/nacti-unzipped/part0/sub066/CA-24_10_05_2016_CA-24_0023542.JPG,NACTI : CA-24_10_05_2016_CA-24_0023542.JPG,NACTI : unknown,NACTI : lebec_CA-24,-1,wild boar,,6,train
https://storage.googleapis.com/public-datasets-lila/nacti-unzipped/part1/sub170/FL-10_12_08_2015_FL-10_0010258.jpg,NACTI : FL-10_12_08_2015_FL-10_0010258.jpg,NACTI : unknown,NACTI : archbold_FL-10,-1,wild boar,,6,train
https://storage.googleapis.com/public-datasets-lila/nacti-unzipped/part1/sub130/FL-04_07_28_2015_FL-04_0008272.jpg,NACTI : FL-04_07_28_2015_FL-04_0008272.jpg,NACTI : unknown,NACTI : archbold_FL-04,-1,wild boar,,6,test
https://storage.googleapis.com/public-datasets-lila/nacti-unzipped/part1/sub106/CA-44_08_12_2015_CA-44_0001656.jpg,NACTI : CA-44_08_12_2015_CA-44_0001656.jpg,NACTI : unknown,NACTI : lebec_CA-44,-1,wild boar,,6,val
https://storage.googleapis.com/public-datasets-lila/nacti-unzipped/part0/sub077/CA-29_09_18_2015_CA-29_0027421.jpg,NACTI : CA-29_09_18_2015_CA-29_0027421.jpg,NACTI : unknown,NACTI : lebec_CA-29,-1,wild boar,,6,train
https://storage.googleapis.com/public-datasets-lila/nacti-unzipped/part0/sub071/CA-28_04_19_2016_CA-28_0014304.JPG,NACTI : CA-28_04_19_2016_CA-28_0014304.JPG,NACTI : unknown,NACTI : lebec_CA-28,-1,wild boar,,6,train
https://storage.googleapis.com/public-datasets-lila/nacti-unzipped/part0/sub092/CA-37_10_16_2015_CA-37_0020582.jpg,NACTI : CA-37_10_16_2015_CA-37_0020582.jpg,NACTI : unknown,NACTI : lebec_CA-37,-1,wild boar,,6,train
https://storage.googleapis.com/public-datasets-lila/nacti-unzipped/part0/sub085/CA-33_08_04_2015_CA-33_0013150.jpg,NACTI : CA-33_08_04_2015_CA-33_0013150.jpg,NACTI : unknown,NACTI : lebec_CA-33,-1,wild boar,,6,train
https://storage.googleapis.com/public-datasets-lila/nacti-unzipped/part1/sub198/FL-16_09_03_2015_FL-16_0090148.jpg,NACTI : FL-16_09_03_2015_FL-16_0090148.jpg,NACTI : unknown,NACTI : archbold_FL-16,-1,wild boar,,6,train
https://storage.googleapis.com/public-datasets-lila/nacti-unzipped/part0/sub088/CA-34_08_04_2015_CA-34_0011286.jpg,NACTI : CA-34_08_04_2015_CA-34_0011286.jpg,NACTI : unknown,NACTI : lebec_CA-34,-1,wild boar,,6,train
https://storage.googleapis.com/public-datasets-lila/nacti-unzipped/part2/sub277/FL-37_03_08_2016_FL-37_0007562.JPG,NACTI : FL-37_03_08_2016_FL-37_0007562.JPG,NACTI : unknown,NACTI : archbold_FL-37,-1,wild boar,,6,train
https://storage.googleapis.com/public-datasets-lila/nacti-unzipped/part0/sub073/CA-28_10_16_2015_CA-28_0013000.jpg,NACTI : CA-28_10_16_2015_CA-28_0013000.jpg,NACTI : unknown,NACTI : lebec_CA-28,-1,wild boar,,6,train
https://storage.googleapis.com/public-datasets-lila/nacti-unzipped/part2/sub246/FL-27_10_01_2015_FL-27_0039046.jpg,NACTI : FL-27_10_01_2015_FL-27_0039046.jpg,NACTI : unknown,NACTI : archbold_FL-27,-1,wild boar,,6,train
https://storage.googleapis.com/public-datasets-lila/nacti-unzipped/part0/sub041/CA-08_08_04_2015_CA-08_0003086.jpg,NACTI : CA-08_08_04_2015_CA-08_0003086.jpg,NACTI : unknown,NACTI : lebec_CA-08,-1,wild boar,,6,train
https://storage.googleapis.com/public-datasets-lila/nacti-unzipped/part2/sub285/FL-40_12_07_2015_FL-40_0003453.jpg,NACTI : FL-40_12_07_2015_FL-40_0003453.jpg,NACTI : unknown,NACTI : archbold_FL-40,-1,wild boar,,6,train
https://storage.googleapis.com/public-datasets-lila/nacti-unzipped/part1/sub160/FL-08_01_21_2016_FL-08_0014906.jpg,NACTI : FL-08_01_21_2016_FL-08_0014906.jpg,NACTI : unknown,NACTI : archbold_FL-08,-1,wild boar,,6,test
https://storage.googleapis.com/public-datasets-lila/nacti-unzipped/part2/sub283/FL-39_01_23_2016_FL-39_0004061.jpg,NACTI : FL-39_01_23_2016_FL-39_0004061.jpg,NACTI : unknown,NACTI : archbold_FL-39,-1,wild boar,,6,test
https://storage.googleapis.com/public-datasets-lila/nacti-unzipped/part0/sub041/CA-08_03_09_2015_CA-08_0000442.jpg,NACTI : CA-08_03_09_2015_CA-08_0000442.jpg,NACTI : unknown,NACTI : lebec_CA-08,-1,wild boar,,6,train
https://storage.googleapis.com/public-datasets-lila/nacti-unzipped/part2/sub213/FL-20_03_07_2016_FL-20_0029576.JPG,NACTI : FL-20_03_07_2016_FL-20_0029576.JPG,NACTI : unknown,NACTI : archbold_FL-20,-1,wild boar,,6,train
https://storage.googleapis.com/public-datasets-lila/nacti-unzipped/part1/sub129/FL-04_06_02_2016_FL-04_0021293.JPG,NACTI : FL-04_06_02_2016_FL-04_0021293.JPG,NACTI : unknown,NACTI : archbold_FL-04,-1,wild boar,,6,test
https://storage.googleapis.com/public-datasets-lila/nacti-unzipped/part1/sub196/FL-16_06_02_2016_FL-16_0133063.JPG,NACTI : FL-16_06_02_2016_FL-16_0133063.JPG,NACTI : unknown,NACTI : archbold_FL-16,-1,wild boar,,6,train
https://storage.googleapis.com/public-datasets-lila/nacti-unzipped/part1/sub192/FL-16_06_02_2015_FL-16_0016840.jpg,NACTI : FL-16_06_02_2015_FL-16_0016840.jpg,NACTI : unknown,NACTI : archbold_FL-16,-1,wild boar,,6,train
https://storage.googleapis.com/public-datasets-lila/nacti-unzipped/part2/sub240/FL-26_12_08_2015_FL-26_0021833.jpg,NACTI : FL-26_12_08_2015_FL-26_0021833.jpg,NACTI : unknown,NACTI : archbold_FL-26,-1,wild boar,,6,train
https://storage.googleapis.com/public-datasets-lila/nacti-unzipped/part2/sub283/FL-39_04_05_2016_FL-39_0007661.JPG,NACTI : FL-39_04_05_2016_FL-39_0007661.JPG,NACTI : unknown,NACTI : archbold_FL-39,-1,wild boar,,6,test
https://storage.googleapis.com/public-datasets-lila/nacti-unzipped/part1/sub106/CA-44_08_12_2015_CA-44_0003864.jpg,NACTI : CA-44_08_12_2015_CA-44_0003864.jpg,NACTI : unknown,NACTI : lebec_CA-44,-1,wild boar,,6,val
https://storage.googleapis.com/public-datasets-lila/nacti-unzipped/part1/sub175/FL-12_07_23_2016_FL-12_0060352.JPG,NACTI : FL-12_07_23_2016_FL-12_0060352.JPG,NACTI : unknown,NACTI : archbold_FL-12,-1,wild boar,,6,val
https://storage.googleapis.com/public-datasets-lila/nacti-unzipped/part0/sub063/CA-22_09_15_2015_CA-22_0009171.jpg,NACTI : CA-22_09_15_2015_CA-22_0009171.jpg,NACTI : unknown,NACTI : lebec_CA-22,-1,wild boar,,6,train
https://storage.googleapis.com/public-datasets-lila/nacti-unzipped/part1/sub134/FL-05_09_30_2015_FL-05_0024186.jpg,NACTI : FL-05_09_30_2015_FL-05_0024186.jpg,NACTI : unknown,NACTI : archbold_FL-05,-1,wild boar,,6,train
https://storage.googleapis.com/public-datasets-lila/nacti-unzipped/part2/sub283/FL-39_08_15_2016_FL-39_0011747.JPG,NACTI : FL-39_08_15_2016_FL-39_0011747.JPG,NACTI : unknown,NACTI : archbold_FL-39,-1,wild boar,,6,test
https://storage.googleapis.com/public-datasets-lila/nacti-unzipped/part2/sub272/FL-35_01_12_2016_FL-35_0015990.JPG,NACTI : FL-35_01_12_2016_FL-35_0015990.JPG,NACTI : unknown,NACTI : archbold_FL-35,-1,wild boar,,6,val
https://storage.googleapis.com/public-datasets-lila/nacti-unzipped/part2/sub258/FL-30_01_21_2016_FL-30_0044593.jpg,NACTI : FL-30_01_21_2016_FL-30_0044593.jpg,NACTI : unknown,NACTI : archbold_FL-30,-1,wild boar,,6,train
https://storage.googleapis.com/public-datasets-lila/wcs-unzipped/animals/0464/1311.jpg,WCS Camera Traps : 7134d692-92d5-11e9-815d-000d3a74c7de,WCS Camera Traps : idn-004-d0313-225,WCS Camera Traps : 3153,4,wild boar,06-03-2013 11:44:24,6,test
https://storage.googleapis.com/public-datasets-lila/nacti-unzipped/part1/sub179/FL-13_05_02_2016_FL-13_0076913.JPG,NACTI : FL-13_05_02_2016_FL-13_0076913.JPG,NACTI : unknown,NACTI : archbold_FL-13,-1,wild boar,,6,val
https://storage.googleapis.com/public-datasets-lila/nacti-unzipped/part1/sub173/FL-12_04_04_2016_FL-12_0034247.JPG,NACTI : FL-12_04_04_2016_FL-12_0034247.JPG,NACTI : unknown,NACTI : archbold_FL-12,-1,wild boar,,6,val
https://storage.googleapis.com/public-datasets-lila/nacti-unzipped/part0/sub073/CA-28_10_16_2015_CA-28_0012686.jpg,NACTI : CA-28_10_16_2015_CA-28_0012686.jpg,NACTI : unknown,NACTI : lebec_CA-28,-1,wild boar,,6,train
https://storage.googleapis.com/public-datasets-lila/nacti-unzipped/part0/sub041/CA-07_10_11_2016_CA-07_0014715.JPG,NACTI : CA-07_10_11_2016_CA-07_0014715.JPG,NACTI : unknown,NACTI : lebec_CA-07,-1,wild boar,,6,test
https://storage.googleapis.com/public-datasets-lila/nacti-unzipped/part1/sub106/CA-44_08_12_2015_CA-44_0002174.jpg,NACTI : CA-44_08_12_2015_CA-44_0002174.jpg,NACTI : unknown,NACTI : lebec_CA-44,-1,wild boar,,6,val
https://storage.googleapis.com/public-datasets-lila/nacti-unzipped/part2/sub279/FL-38_01_08_2016_FL-38_0019057.JPG,NACTI : FL-38_01_08_2016_FL-38_0019057.JPG,NACTI : unknown,NACTI : archbold_FL-38,-1,wild boar,,6,train
https://storage.googleapis.com/public-datasets-lila/nacti-unzipped/part2/sub236/FL-24_08_04_2016_FL-24_0061623.JPG,NACTI : FL-24_08_04_2016_FL-24_0061623.JPG,NACTI : unknown,NACTI : archbold_FL-24,-1,wild boar,,6,train
https://storage.googleapis.com/public-datasets-lila/nacti-unzipped/part1/sub189/FL-15_07_29_2015_FL-15_0007722.jpg,NACTI : FL-15_07_29_2015_FL-15_0007722.jpg,NACTI : unknown,NACTI : archbold_FL-15,-1,wild boar,,6,test
https://storage.googleapis.com/public-datasets-lila/nacti-unzipped/part0/sub092/CA-37_12_01_2015_CA-37_0021634.jpg,NACTI : CA-37_12_01_2015_CA-37_0021634.jpg,NACTI : unknown,NACTI : lebec_CA-37,-1,wild boar,,6,train
https://storage.googleapis.com/public-datasets-lila/nacti-unzipped/part2/sub211/FL-19_07_05_2016_FL-19_0056841.JPG,NACTI : FL-19_07_05_2016_FL-19_0056841.JPG,NACTI : unknown,NACTI : archbold_FL-19,-1,wild boar,,6,train
https://storage.googleapis.com/public-datasets-lila/nacti-unzipped/part2/sub284/FL-40_08_15_2016_FL-40_0023752.JPG,NACTI : FL-40_08_15_2016_FL-40_0023752.JPG,NACTI : unknown,NACTI : archbold_FL-40,-1,wild boar,,6,train
https://storage.googleapis.com/public-datasets-lila/nacti-unzipped/part2/sub232/FL-23_11_02_2015_FL-23_0014524.jpg,NACTI : FL-23_11_02_2015_FL-23_0014524.jpg,NACTI : unknown,NACTI : archbold_FL-23,-1,wild boar,,6,train
https://storage.googleapis.com/public-datasets-lila/nacti-unzipped/part1/sub191/FL-16_05_02_2016_FL-16_0127377.JPG,NACTI : FL-16_05_02_2016_FL-16_0127377.JPG,NACTI : unknown,NACTI : archbold_FL-16,-1,wild boar,,6,train
https://storage.googleapis.com/public-datasets-lila/nacti-unzipped/part1/sub109/CA-46_10_07_2015_CA-46_0009298.jpg,NACTI : CA-46_10_07_2015_CA-46_0009298.jpg,NACTI : unknown,NACTI : lebec_CA-46,-1,wild boar,,6,train
https://storage.googleapis.com/public-datasets-lila/nacti-unzipped/part2/sub283/FL-39_03_08_2016_FL-39_0006843.JPG,NACTI : FL-39_03_08_2016_FL-39_0006843.JPG,NACTI : unknown,NACTI : archbold_FL-39,-1,wild boar,,6,test
https://storage.googleapis.com/public-datasets-lila/nacti-unzipped/part2/sub232/FL-23_12_08_2015_FL-23_0016094.jpg,NACTI : FL-23_12_08_2015_FL-23_0016094.jpg,NACTI : unknown,NACTI : archbold_FL-23,-1,wild boar,,6,train
https://storage.googleapis.com/public-datasets-lila/nacti-unzipped/part0/sub082/CA-30_10_31_2016_CA-30_0060725.JPG,NACTI : CA-30_10_31_2016_CA-30_0060725.JPG,NACTI : unknown,NACTI : lebec_CA-30,-1,wild boar,,6,test
https://storage.googleapis.com/public-datasets-lila/nacti-unzipped/part0/sub065/CA-23_10_11_2016_CA-23_0023674.JPG,NACTI : CA-23_10_11_2016_CA-23_0023674.JPG,NACTI : unknown,NACTI : lebec_CA-23,-1,wild boar,,6,train
https://storage.googleapis.com/public-datasets-lila/nacti-unzipped/part0/sub089/CA-35_09_16_2015_CA-35_0003207.jpg,NACTI : CA-35_09_16_2015_CA-35_0003207.jpg,NACTI : unknown,NACTI : lebec_CA-35,-1,wild boar,,6,train
https://storage.googleapis.com/public-datasets-lila/nacti-unzipped/part1/sub177/FL-12_08_04_2016_FL-12_0071103.JPG,NACTI : FL-12_08_04_2016_FL-12_0071103.JPG,NACTI : unknown,NACTI : archbold_FL-12,-1,wild boar,,6,val
https://storage.googleapis.com/public-datasets-lila/nacti-unzipped/part0/sub084/CA-32_08_17_2015_CA-32_0003758.jpg,NACTI : CA-32_08_17_2015_CA-32_0003758.jpg,NACTI : unknown,NACTI : lebec_CA-32,-1,wild boar,,6,train
https://storage.googleapis.com/public-datasets-lila/nacti-unzipped/part2/sub285/FL-40_09_09_2016_FL-40_0027159.JPG,NACTI : FL-40_09_09_2016_FL-40_0027159.JPG,NACTI : unknown,NACTI : archbold_FL-40,-1,wild boar,,6,train
https://storage.googleapis.com/public-datasets-lila/nacti-unzipped/part2/sub222/FL-22_06_02_2015_FL-22_0009940.jpg,NACTI : FL-22_06_02_2015_FL-22_0009940.jpg,NACTI : unknown,NACTI : archbold_FL-22,-1,wild boar,,6,train
https://storage.googleapis.com/public-datasets-lila/nacti-unzipped/part2/sub232/FL-23_11_02_2015_FL-23_0015639.jpg,NACTI : FL-23_11_02_2015_FL-23_0015639.jpg,NACTI : unknown,NACTI : archbold_FL-23,-1,wild boar,,6,train
https://storage.googleapis.com/public-datasets-lila/nacti-unzipped/part0/sub050/CA-16_04_27_2016_CA-16_0003038.JPG,NACTI : CA-16_04_27_2016_CA-16_0003038.JPG,NACTI : unknown,NACTI : lebec_CA-16,-1,wild boar,,6,train
https://storage.googleapis.com/public-datasets-lila/nacti-unzipped/part1/sub191/FL-16_05_02_2016_FL-16_0124204.JPG,NACTI : FL-16_05_02_2016_FL-16_0124204.JPG,NACTI : unknown,NACTI : archbold_FL-16,-1,wild boar,,6,train
https://storage.googleapis.com/public-datasets-lila/nacti-unzipped/part0/sub088/CA-34_09_02_2016_CA-34_0030544.JPG,NACTI : CA-34_09_02_2016_CA-34_0030544.JPG,NACTI : unknown,NACTI : lebec_CA-34,-1,wild boar,,6,train
https://storage.googleapis.com/public-datasets-lila/nacti-unzipped/part2/sub217/FL-21_06_30_2015_FL-21_0004745.jpg,NACTI : FL-21_06_30_2015_FL-21_0004745.jpg,NACTI : unknown,NACTI : archbold_FL-21,-1,wild boar,,6,test
https://storage.googleapis.com/public-datasets-lila/nacti-unzipped/part0/sub062/CA-20_09_15_2015_CA-20_0011852.jpg,NACTI : CA-20_09_15_2015_CA-20_0011852.jpg,NACTI : unknown,NACTI : lebec_CA-20,-1,wild boar,,6,train
https://storage.googleapis.com/public-datasets-lila/nacti-unzipped/part0/sub038/CA-05_03_03_2015_CA-05_0000195.jpg,NACTI : CA-05_03_03_2015_CA-05_0000195.jpg,NACTI : unknown,NACTI : lebec_CA-05,-1,wild boar,,6,train
https://storage.googleapis.com/public-datasets-lila/nacti-unzipped/part2/sub208/FL-18_08_04_2016_FL-18_0027123.JPG,NACTI : FL-18_08_04_2016_FL-18_0027123.JPG,NACTI : unknown,NACTI : archbold_FL-18,-1,wild boar,,6,test
https://storage.googleapis.com/public-datasets-lila/nacti-unzipped/part0/sub095/CA-38_08_17_2015_CA-38_0021230.jpg,NACTI : CA-38_08_17_2015_CA-38_0021230.jpg,NACTI : unknown,NACTI : lebec_CA-38,-1,wild boar,,6,val
https://storage.googleapis.com/public-datasets-lila/nacti-unzipped/part1/sub130/FL-04_09_01_2016_FL-04_0031745.JPG,NACTI : FL-04_09_01_2016_FL-04_0031745.JPG,NACTI : unknown,NACTI : archbold_FL-04,-1,wild boar,,6,test
https://storage.googleapis.com/public-datasets-lila/nacti-unzipped/part2/sub241/FL-27_05_02_2016_FL-27_0055613.JPG,NACTI : FL-27_05_02_2016_FL-27_0055613.JPG,NACTI : unknown,NACTI : archbold_FL-27,-1,wild boar,,6,train
https://storage.googleapis.com/public-datasets-lila/nacti-unzipped/part2/sub283/FL-39_03_08_2016_FL-39_0005272.JPG,NACTI : FL-39_03_08_2016_FL-39_0005272.JPG,NACTI : unknown,NACTI : archbold_FL-39,-1,wild boar,,6,test
https://storage.googleapis.com/public-datasets-lila/nacti-unzipped/part0/sub058/CA-18_10_15_2015_CA-18_0020910.jpg,NACTI : CA-18_10_15_2015_CA-18_0020910.jpg,NACTI : unknown,NACTI : lebec_CA-18,-1,wild boar,,6,val
https://storage.googleapis.com/public-datasets-lila/nacti-unzipped/part0/sub058/CA-18_09_18_2015_CA-18_0019691.jpg,NACTI : CA-18_09_18_2015_CA-18_0019691.jpg,NACTI : unknown,NACTI : lebec_CA-18,-1,wild boar,,6,val
https://storage.googleapis.com/public-datasets-lila/nacti-unzipped/part1/sub193/FL-16_06_02_2015_FL-16_0019883.jpg,NACTI : FL-16_06_02_2015_FL-16_0019883.jpg,NACTI : unknown,NACTI : archbold_FL-16,-1,wild boar,,6,train
https://storage.googleapis.com/public-datasets-lila/nacti-unzipped/part0/sub089/CA-36_10_16_2015_CA-36_0002836.jpg,NACTI : CA-36_10_16_2015_CA-36_0002836.jpg,NACTI : unknown,NACTI : lebec_CA-36,-1,wild boar,,6,test
https://storage.googleapis.com/public-datasets-lila/nacti-unzipped/part1/sub171/FL-11_09_02_2015_FL-11_0012171.jpg,NACTI : FL-11_09_02_2015_FL-11_0012171.jpg,NACTI : unknown,NACTI : archbold_FL-11,-1,wild boar,,6,train
https://storage.googleapis.com/public-datasets-lila/nacti-unzipped/part0/sub088/CA-34_09_18_2015_CA-34_0018130.jpg,NACTI : CA-34_09_18_2015_CA-34_0018130.jpg,NACTI : unknown,NACTI : lebec_CA-34,-1,wild boar,,6,train
https://storage.googleapis.com/public-datasets-lila/nacti-unzipped/part1/sub172/FL-11_12_08_2015_FL-11_0014612.jpg,NACTI : FL-11_12_08_2015_FL-11_0014612.jpg,NACTI : unknown,NACTI : archbold_FL-11,-1,wild boar,,6,train
https://storage.googleapis.com/public-datasets-lila/nacti-unzipped/part1/sub129/FL-04_06_02_2016_FL-04_0022612.JPG,NACTI : FL-04_06_02_2016_FL-04_0022612.JPG,NACTI : unknown,NACTI : archbold_FL-04,-1,wild boar,,6,test
https://storage.googleapis.com/public-datasets-lila/nacti-unzipped/part2/sub284/FL-40_07_06_2016_FL-40_0022803.JPG,NACTI : FL-40_07_06_2016_FL-40_0022803.JPG,NACTI : unknown,NACTI : archbold_FL-40,-1,wild boar,,6,train
https://storage.googleapis.com/public-datasets-lila/nacti-unzipped/part0/sub095/CA-38_08_17_2015_CA-38_0021380.jpg,NACTI : CA-38_08_17_2015_CA-38_0021380.jpg,NACTI : unknown,NACTI : lebec_CA-38,-1,wild boar,,6,val
https://storage.googleapis.com/public-datasets-lila/nacti-unzipped/part2/sub240/FL-26_09_09_2016_FL-26_0031009.JPG,NACTI : FL-26_09_09_2016_FL-26_0031009.JPG,NACTI : unknown,NACTI : archbold_FL-26,-1,wild boar,,6,train
https://storage.googleapis.com/public-datasets-lila/nacti-unzipped/part2/sub285/FL-40_09_09_2016_FL-40_0026933.JPG,NACTI : FL-40_09_09_2016_FL-40_0026933.JPG,NACTI : unknown,NACTI : archbold_FL-40,-1,wild boar,,6,train
https://storage.googleapis.com/public-datasets-lila/nacti-unzipped/part0/sub062/CA-21_04_06_2015_CA-21_0000615.jpg,NACTI : CA-21_04_06_2015_CA-21_0000615.jpg,NACTI : unknown,NACTI : lebec_CA-21,-1,wild boar,,6,train
https://storage.googleapis.com/public-datasets-lila/nacti-unzipped/part1/sub102/CA-43_06_14_2016_CA-43_0009937.JPG,NACTI : CA-43_06_14_2016_CA-43_0009937.JPG,NACTI : unknown,NACTI : lebec_CA-43,-1,wild boar,,6,val
https://storage.googleapis.com/public-datasets-lila/nacti-unzipped/part2/sub290/FL-44_04_05_2016_FL-44_0004405.JPG,NACTI : FL-44_04_05_2016_FL-44_0004405.JPG,NACTI : unknown,NACTI : archbold_FL-44,-1,wild boar,,6,train
https://storage.googleapis.com/public-datasets-lila/nacti-unzipped/part2/sub283/FL-39_03_08_2016_FL-39_0006364.JPG,NACTI : FL-39_03_08_2016_FL-39_0006364.JPG,NACTI : unknown,NACTI : archbold_FL-39,-1,wild boar,,6,test
https://storage.googleapis.com/public-datasets-lila/nacti-unzipped/part2/sub265/FL-31_07_29_2015_FL-31_0021237.jpg,NACTI : FL-31_07_29_2015_FL-31_0021237.jpg,NACTI : unknown,NACTI : archbold_FL-31,-1,wild boar,,6,test
https://storage.googleapis.com/public-datasets-lila/nacti-unzipped/part1/sub198/FL-16_07_06_2016_FL-16_0139590.JPG,NACTI : FL-16_07_06_2016_FL-16_0139590.JPG,NACTI : unknown,NACTI : archbold_FL-16,-1,wild boar,,6,train
https://storage.googleapis.com/public-datasets-lila/nacti-unzipped/part0/sub052/CA-17_04_05_2016_CA-17_0030331.JPG,NACTI : CA-17_04_05_2016_CA-17_0030331.JPG,NACTI : unknown,NACTI : lebec_CA-17,-1,wild boar,,6,train
https://storage.googleapis.com/public-datasets-lila/nacti-unzipped/part2/sub239/FL-26_06_02_2016_FL-26_0028828.JPG,NACTI : FL-26_06_02_2016_FL-26_0028828.JPG,NACTI : unknown,NACTI : archbold_FL-26,-1,wild boar,,6,train
https://storage.googleapis.com/public-datasets-lila/nacti-unzipped/part2/sub285/FL-40_08_15_2016_FL-40_0026190.JPG,NACTI : FL-40_08_15_2016_FL-40_0026190.JPG,NACTI : unknown,NACTI : archbold_FL-40,-1,wild boar,,6,train
https://storage.googleapis.com/public-datasets-lila/nacti-unzipped/part1/sub129/FL-04_05_02_2016_FL-04_0020729.JPG,NACTI : FL-04_05_02_2016_FL-04_0020729.JPG,NACTI : unknown,NACTI : archbold_FL-04,-1,wild boar,,6,test
https://storage.googleapis.com/public-datasets-lila/nacti-unzipped/part2/sub279/FL-37_10_01_2015_FL-37_0000315.jpg,NACTI : FL-37_10_01_2015_FL-37_0000315.jpg,NACTI : unknown,NACTI : archbold_FL-37,-1,wild boar,,6,train
https://storage.googleapis.com/public-datasets-lila/nacti-unzipped/part2/sub283/FL-39_08_15_2016_FL-39_0011726.JPG,NACTI : FL-39_08_15_2016_FL-39_0011726.JPG,NACTI : unknown,NACTI : archbold_FL-39,-1,wild boar,,6,test
https://storage.googleapis.com/public-datasets-lila/nacti-unzipped/part1/sub176/FL-12_07_28_2015_FL-12_0007248.jpg,NACTI : FL-12_07_28_2015_FL-12_0007248.jpg,NACTI : unknown,NACTI : archbold_FL-12,-1,wild boar,,6,val
https://storage.googleapis.com/public-datasets-lila/nacti-unzipped/part1/sub104/CA-43_08_12_2015_CA-43_0001006.jpg,NACTI : CA-43_08_12_2015_CA-43_0001006.jpg,NACTI : unknown,NACTI : lebec_CA-43,-1,wild boar,,6,val
https://storage.googleapis.com/public-datasets-lila/nacti-unzipped/part0/sub049/CA-14_11_02_2015_CA-14_0007669.jpg,NACTI : CA-14_11_02_2015_CA-14_0007669.jpg,NACTI : unknown,NACTI : lebec_CA-14,-1,wild boar,,6,train
https://storage.googleapis.com/public-datasets-lila/nacti-unzipped/part0/sub089/CA-35_11_14_2015_CA-35_0004052.jpg,NACTI : CA-35_11_14_2015_CA-35_0004052.jpg,NACTI : unknown,NACTI : lebec_CA-35,-1,wild boar,,6,train
https://storage.googleapis.com/public-datasets-lila/nacti-unzipped/part2/sub290/TAG-LF12_08_31_2016_TAG-LF12_0002491.JPG,NACTI : TAG-LF12_08_31_2016_TAG-LF12_0002491.JPG,NACTI : unknown,NACTI : lebec_TAG-LF12,-1,wild boar,,6,test
https://storage.googleapis.com/public-datasets-lila/nacti-unzipped/part1/sub171/FL-11_12_08_2015_FL-11_0013864.jpg,NACTI : FL-11_12_08_2015_FL-11_0013864.jpg,NACTI : unknown,NACTI : archbold_FL-11,-1,wild boar,,6,train
https://storage.googleapis.com/public-datasets-lila/nacti-unzipped/part2/sub282/FL-38_11_03_2015_FL-38_0004846.jpg,NACTI : FL-38_11_03_2015_FL-38_0004846.jpg,NACTI : unknown,NACTI : archbold_FL-38,-1,wild boar,,6,train
https://storage.googleapis.com/public-datasets-lila/missouricameratraps/images/Set1/1.59-Wild_Boar/SEQ79850/SEQ79850_IMG_0008.JPG,Missouri Camera Traps : 97c53bf6-5c15-11ee-8d73-04421a1b1283,Missouri Camera Traps : SEQ79850,Missouri Camera Traps : missouri_camera_traps,65,wild boar,,6,train
https://storage.googleapis.com/public-datasets-lila/nacti-unzipped/part2/sub277/FL-37_05_03_2016_FL-37_0011555.JPG,NACTI : FL-37_05_03_2016_FL-37_0011555.JPG,NACTI : unknown,NACTI : archbold_FL-37,-1,wild boar,,6,train
https://storage.googleapis.com/public-datasets-lila/nacti-unzipped/part0/sub059/CA-19_10_04_2016_CA-19_0032195.JPG,NACTI : CA-19_10_04_2016_CA-19_0032195.JPG,NACTI : unknown,NACTI : lebec_CA-19,-1,wild boar,,6,train
https://storage.googleapis.com/public-datasets-lila/nacti-unzipped/part0/sub040/CA-06_11_13_2015_CA-06_0008887.jpg,NACTI : CA-06_11_13_2015_CA-06_0008887.jpg,NACTI : unknown,NACTI : lebec_CA-06,-1,wild boar,,6,val
https://storage.googleapis.com/public-datasets-lila/nacti-unzipped/part2/sub290/TAG-LF11_07_28_2016_TAG-LF11_0002301.JPG,NACTI : TAG-LF11_07_28_2016_TAG-LF11_0002301.JPG,NACTI : unknown,NACTI : lebec_TAG-LF11,-1,wild boar,,6,train
https://storage.googleapis.com/public-datasets-lila/nacti-unzipped/part1/sub124/FL-03_06_01_2015_FL-03_0003590.jpg,NACTI : FL-03_06_01_2015_FL-03_0003590.jpg,NACTI : unknown,NACTI : archbold_FL-03,-1,wild boar,,6,train
https://storage.googleapis.com/public-datasets-lila/nacti-unzipped/part1/sub134/FL-05_09_01_2016_FL-05_0044039.JPG,NACTI : FL-05_09_01_2016_FL-05_0044039.JPG,NACTI : unknown,NACTI : archbold_FL-05,-1,wild boar,,6,train
https://storage.googleapis.com/public-datasets-lila/nacti-unzipped/part1/sub107/CA-45_08_03_2015_CA-45_0002089.jpg,NACTI : CA-45_08_03_2015_CA-45_0002089.jpg,NACTI : unknown,NACTI : lebec_CA-45,-1,wild boar,,6,train
https://storage.googleapis.com/public-datasets-lila/nacti-unzipped/part1/sub126/FL-03_06_30_2015_FL-03_0020021.jpg,NACTI : FL-03_06_30_2015_FL-03_0020021.jpg,NACTI : unknown,NACTI : archbold_FL-03,-1,wild boar,,6,train
https://storage.googleapis.com/public-datasets-lila/nacti-unzipped/part2/sub240/FL-26_11_02_2015_FL-26_0021562.jpg,NACTI : FL-26_11_02_2015_FL-26_0021562.jpg,NACTI : unknown,NACTI : archbold_FL-26,-1,wild boar,,6,train
https://storage.googleapis.com/public-datasets-lila/nacti-unzipped/part1/sub125/FL-03_06_01_2015_FL-03_0019287.jpg,NACTI : FL-03_06_01_2015_FL-03_0019287.jpg,NACTI : unknown,NACTI : archbold_FL-03,-1,wild boar,,6,train
https://storage.googleapis.com/public-datasets-lila/nacti-unzipped/part1/sub105/CA-44_04_30_2015_CA-44_0000442.jpg,NACTI : CA-44_04_30_2015_CA-44_0000442.jpg,NACTI : unknown,NACTI : lebec_CA-44,-1,wild boar,,6,val
https://storage.googleapis.com/public-datasets-lila/nacti-unzipped/part2/sub275/FL-35_12_07_2015_FL-35_0008695.jpg,NACTI : FL-35_12_07_2015_FL-35_0008695.jpg,NACTI : unknown,NACTI : archbold_FL-35,-1,wild boar,,6,val
https://storage.googleapis.com/public-datasets-lila/nacti-unzipped/part0/sub088/CA-34_08_05_2016_CA-34_0029192.JPG,NACTI : CA-34_08_05_2016_CA-34_0029192.JPG,NACTI : unknown,NACTI : lebec_CA-34,-1,wild boar,,6,train
https://storage.googleapis.com/public-datasets-lila/nacti-unzipped/part2/sub290/TAG-TC01_09_21_2015_TAG-TC01_0001223.JPG,NACTI : TAG-TC01_09_21_2015_TAG-TC01_0001223.JPG,NACTI : unknown,NACTI : lebec_TAG-TC01,-1,wild boar,,6,train
https://storage.googleapis.com/public-datasets-lila/nacti-unzipped/part1/sub169/FL-10_09_02_2016_FL-10_0022265.JPG,NACTI : FL-10_09_02_2016_FL-10_0022265.JPG,NACTI : unknown,NACTI : archbold_FL-10,-1,wild boar,,6,train
https://storage.googleapis.com/public-datasets-lila/nacti-unzipped/part1/sub135/FL-05_12_08_2015_FL-05_0028527.jpg,NACTI : FL-05_12_08_2015_FL-05_0028527.jpg,NACTI : unknown,NACTI : archbold_FL-05,-1,wild boar,,6,train
https://storage.googleapis.com/public-datasets-lila/nacti-unzipped/part0/sub055/CA-18_03_04_2016_CA-18_0021492.JPG,NACTI : CA-18_03_04_2016_CA-18_0021492.JPG,NACTI : unknown,NACTI : lebec_CA-18,-1,wild boar,,6,val
https://storage.googleapis.com/public-datasets-lila/nacti-unzipped/part1/sub126/FL-03_06_30_2015_FL-03_0019732.jpg,NACTI : FL-03_06_30_2015_FL-03_0019732.jpg,NACTI : unknown,NACTI : archbold_FL-03,-1,wild boar,,6,train
https://storage.googleapis.com/public-datasets-lila/nacti-unzipped/part2/sub215/FL-20_07_06_2016_FL-20_0036307.JPG,NACTI : FL-20_07_06_2016_FL-20_0036307.JPG,NACTI : unknown,NACTI : archbold_FL-20,-1,wild boar,,6,train
https://storage.googleapis.com/public-datasets-lila/nacti-unzipped/part1/sub117/FL-02_05_02_2016_FL-02_0062655.JPG,NACTI : FL-02_05_02_2016_FL-02_0062655.JPG,NACTI : unknown,NACTI : archbold_FL-02,-1,wild boar,,6,train
https://storage.googleapis.com/public-datasets-lila/nacti-unzipped/part1/sub189/FL-15_12_06_2015_FL-15_0011755.jpg,NACTI : FL-15_12_06_2015_FL-15_0011755.jpg,NACTI : unknown,NACTI : archbold_FL-15,-1,wild boar,,6,test
https://storage.googleapis.com/public-datasets-lila/nacti-unzipped/part2/sub216/FL-20_08_04_2016_FL-20_0037847.JPG,NACTI : FL-20_08_04_2016_FL-20_0037847.JPG,NACTI : unknown,NACTI : archbold_FL-20,-1,wild boar,,6,train
https://storage.googleapis.com/public-datasets-lila/nacti-unzipped/part2/sub220/FL-22_04_05_2016_FL-22_0090085.JPG,NACTI : FL-22_04_05_2016_FL-22_0090085.JPG,NACTI : unknown,NACTI : archbold_FL-22,-1,wild boar,,6,train
https://storage.googleapis.com/public-datasets-lila/nacti-unzipped/part1/sub128/FL-04_05_02_2016_FL-04_0018702.JPG,NACTI : FL-04_05_02_2016_FL-04_0018702.JPG,NACTI : unknown,NACTI : archbold_FL-04,-1,wild boar,,6,test
https://storage.googleapis.com/public-datasets-lila/nacti-unzipped/part1/sub185/FL-14_03_07_2016_FL-14_0017411.JPG,NACTI : FL-14_03_07_2016_FL-14_0017411.JPG,NACTI : unknown,NACTI : archbold_FL-14,-1,wild boar,,6,val
https://storage.googleapis.com/public-datasets-lila/nacti-unzipped/part0/sub045/CA-11_08_13_2015_CA-11_0001291.jpg,NACTI : CA-11_08_13_2015_CA-11_0001291.jpg,NACTI : unknown,NACTI : lebec_CA-11,-1,wild boar,,6,train
https://storage.googleapis.com/public-datasets-lila/nacti-unzipped/part0/sub043/CA-10_07_08_2016_CA-10_0020663.JPG,NACTI : CA-10_07_08_2016_CA-10_0020663.JPG,NACTI : unknown,NACTI : lebec_CA-10,-1,wild boar,,6,train
https://storage.googleapis.com/public-datasets-lila/nacti-unzipped/part2/sub240/FL-26_10_01_2015_FL-26_0020899.jpg,NACTI : FL-26_10_01_2015_FL-26_0020899.jpg,NACTI : unknown,NACTI : archbold_FL-26,-1,wild boar,,6,train
https://storage.googleapis.com/public-datasets-lila/nacti-unzipped/part2/sub239/FL-26_03_07_2016_FL-26_0025526.JPG,NACTI : FL-26_03_07_2016_FL-26_0025526.JPG,NACTI : unknown,NACTI : archbold_FL-26,-1,wild boar,,6,train
https://storage.googleapis.com/public-datasets-lila/nacti-unzipped/part2/sub290/TAG-LF13_08_17_2016_TAG-LF13_0001108.JPG,NACTI : TAG-LF13_08_17_2016_TAG-LF13_0001108.JPG,NACTI : unknown,NACTI : lebec_TAG-LF13,-1,wild boar,,6,train
https://storage.googleapis.com/public-datasets-lila/nacti-unzipped/part1/sub129/FL-04_05_02_2016_FL-04_0020644.JPG,NACTI : FL-04_05_02_2016_FL-04_0020644.JPG,NACTI : unknown,NACTI : archbold_FL-04,-1,wild boar,,6,test
https://storage.googleapis.com/public-datasets-lila/nacti-unzipped/part0/sub064/CA-23_08_13_2015_CA-23_0005993.jpg,NACTI : CA-23_08_13_2015_CA-23_0005993.jpg,NACTI : unknown,NACTI : lebec_CA-23,-1,wild boar,,6,train
https://storage.googleapis.com/public-datasets-lila/nacti-unzipped/part0/sub065/CA-23_11_05_2015_CA-23_0020367.jpg,NACTI : CA-23_11_05_2015_CA-23_0020367.jpg,NACTI : unknown,NACTI : lebec_CA-23,-1,wild boar,,6,train
https://storage.googleapis.com/public-datasets-lila/nacti-unzipped/part2/sub243/FL-27_07_06_2016_FL-27_0064892.JPG,NACTI : FL-27_07_06_2016_FL-27_0064892.JPG,NACTI : unknown,NACTI : archbold_FL-27,-1,wild boar,,6,train
https://storage.googleapis.com/public-datasets-lila/nacti-unzipped/part2/sub290/FL-44_01_23_2016_FL-44_0001471.jpg,NACTI : FL-44_01_23_2016_FL-44_0001471.jpg,NACTI : unknown,NACTI : archbold_FL-44,-1,wild boar,,6,train
https://storage.googleapis.com/public-datasets-lila/nacti-unzipped/part0/sub042/CA-08_09_17_2015_CA-08_0005536.jpg,NACTI : CA-08_09_17_2015_CA-08_0005536.jpg,NACTI : unknown,NACTI : lebec_CA-08,-1,wild boar,,6,train
https://storage.googleapis.com/public-datasets-lila/nacti-unzipped/part2/sub245/FL-27_09_02_2016_FL-27_0072622.JPG,NACTI : FL-27_09_02_2016_FL-27_0072622.JPG,NACTI : unknown,NACTI : archbold_FL-27,-1,wild boar,,6,train
https://storage.googleapis.com/public-datasets-lila/nacti-unzipped/part1/sub129/FL-04_06_02_2016_FL-04_0021881.JPG,NACTI : FL-04_06_02_2016_FL-04_0021881.JPG,NACTI : unknown,NACTI : archbold_FL-04,-1,wild boar,,6,test
https://storage.googleapis.com/public-datasets-lila/nacti-unzipped/part0/sub047/CA-12_08_13_2015_CA-12_0004128.jpg,NACTI : CA-12_08_13_2015_CA-12_0004128.jpg,NACTI : unknown,NACTI : lebec_CA-12,-1,wild boar,,6,train
https://storage.googleapis.com/public-datasets-lila/nacti-unzipped/part1/sub136/FL-06_06_02_2016_FL-06_0030243.JPG,NACTI : FL-06_06_02_2016_FL-06_0030243.JPG,NACTI : unknown,NACTI : archbold_FL-06,-1,wild boar,,6,val
https://storage.googleapis.com/public-datasets-lila/nacti-unzipped/part2/sub242/FL-27_06_02_2015_FL-27_0005742.jpg,NACTI : FL-27_06_02_2015_FL-27_0005742.jpg,NACTI : unknown,NACTI : archbold_FL-27,-1,wild boar,,6,train
https://storage.googleapis.com/public-datasets-lila/nacti-unzipped/part2/sub272/FL-35_01_12_2016_FL-35_0015141.JPG,NACTI : FL-35_01_12_2016_FL-35_0015141.JPG,NACTI : unknown,NACTI : archbold_FL-35,-1,wild boar,,6,val
https://storage.googleapis.com/public-datasets-lila/nacti-unzipped/part0/sub047/CA-12_08_13_2015_CA-12_0003242.jpg,NACTI : CA-12_08_13_2015_CA-12_0003242.jpg,NACTI : unknown,NACTI : lebec_CA-12,-1,wild boar,,6,train
https://storage.googleapis.com/public-datasets-lila/nacti-unzipped/part2/sub284/FL-40_07_06_2016_FL-40_0022010.JPG,NACTI : FL-40_07_06_2016_FL-40_0022010.JPG,NACTI : unknown,NACTI : archbold_FL-40,-1,wild boar,,6,train
https://storage.googleapis.com/public-datasets-lila/nacti-unzipped/part2/sub268/FL-32_08_15_2016_FL-32_0014921.JPG,NACTI : FL-32_08_15_2016_FL-32_0014921.JPG,NACTI : unknown,NACTI : archbold_FL-32,-1,wild boar,,6,train
https://storage.googleapis.com/public-datasets-lila/nacti-unzipped/part1/sub161/FL-08_06_02_2015_FL-08_0002954.jpg,NACTI : FL-08_06_02_2015_FL-08_0002954.jpg,NACTI : unknown,NACTI : archbold_FL-08,-1,wild boar,,6,test
https://storage.googleapis.com/public-datasets-lila/nacti-unzipped/part2/sub267/FL-31_12_06_2015_FL-31_0030124.jpg,NACTI : FL-31_12_06_2015_FL-31_0030124.jpg,NACTI : unknown,NACTI : archbold_FL-31,-1,wild boar,,6,test
https://storage.googleapis.com/public-datasets-lila/nacti-unzipped/part2/sub289/FL-43_01_23_2016_FL-43_0004374.jpg,NACTI : FL-43_01_23_2016_FL-43_0004374.jpg,NACTI : unknown,NACTI : archbold_FL-43,-1,wild boar,,6,train
https://storage.googleapis.com/public-datasets-lila/nacti-unzipped/part2/sub266/FL-31_10_01_2015_FL-31_0026396.jpg,NACTI : FL-31_10_01_2015_FL-31_0026396.jpg,NACTI : unknown,NACTI : archbold_FL-31,-1,wild boar,,6,test
https://storage.googleapis.com/public-datasets-lila/nacti-unzipped/part1/sub102/CA-43_03_21_2016_CA-43_0006393.JPG,NACTI : CA-43_03_21_2016_CA-43_0006393.JPG,NACTI : unknown,NACTI : lebec_CA-43,-1,wild boar,,6,val
https://storage.googleapis.com/public-datasets-lila/nacti-unzipped/part2/sub282/FL-38_12_07_2015_FL-38_0009814.jpg,NACTI : FL-38_12_07_2015_FL-38_0009814.jpg,NACTI : unknown,NACTI : archbold_FL-38,-1,wild boar,,6,train
https://storage.googleapis.com/public-datasets-lila/nacti-unzipped/part2/sub281/FL-38_06_03_2016_FL-38_0040361.JPG,NACTI : FL-38_06_03_2016_FL-38_0040361.JPG,NACTI : unknown,NACTI : archbold_FL-38,-1,wild boar,,6,train
https://storage.googleapis.com/public-datasets-lila/nacti-unzipped/part0/sub035/CA-03_08_13_2015_CA-03_0011620.jpg,NACTI : CA-03_08_13_2015_CA-03_0011620.jpg,NACTI : unknown,NACTI : lebec_CA-03,-1,wild boar,,6,train
https://storage.googleapis.com/public-datasets-lila/nacti-unzipped/part2/sub281/FL-38_05_03_2016_FL-38_0033529.JPG,NACTI : FL-38_05_03_2016_FL-38_0033529.JPG,NACTI : unknown,NACTI : archbold_FL-38,-1,wild boar,,6,train
https://storage.googleapis.com/public-datasets-lila/nacti-unzipped/part2/sub289/FL-43_01_23_2016_FL-43_0004824.jpg,NACTI : FL-43_01_23_2016_FL-43_0004824.jpg,NACTI : unknown,NACTI : archbold_FL-43,-1,wild boar,,6,train
https://storage.googleapis.com/public-datasets-lila/nacti-unzipped/part2/sub270/FL-34_04_04_2016_FL-34_0006655.JPG,NACTI : FL-34_04_04_2016_FL-34_0006655.JPG,NACTI : unknown,NACTI : archbold_FL-34,-1,wild boar,,6,test
https://storage.googleapis.com/public-datasets-lila/missouricameratraps/images/Set1/1.59-Wild_Boar/SEQ76509/SEQ76509_IMG_0094.JPG,Missouri Camera Traps : 97d60e72-5c15-11ee-8d73-04421a1b1283,Missouri Camera Traps : SEQ76509,Missouri Camera Traps : missouri_camera_traps,16,wild boar,,6,train
https://storage.googleapis.com/public-datasets-lila/nacti-unzipped/part2/sub284/FL-40_07_06_2016_FL-40_0021301.JPG,NACTI : FL-40_07_06_2016_FL-40_0021301.JPG,NACTI : unknown,NACTI : archbold_FL-40,-1,wild boar,,6,train
https://storage.googleapis.com/public-datasets-lila/nacti-unzipped/part1/sub135/FL-05_11_02_2015_FL-05_0025490.jpg,NACTI : FL-05_11_02_2015_FL-05_0025490.jpg,NACTI : unknown,NACTI : archbold_FL-05,-1,wild boar,,6,train
https://storage.googleapis.com/public-datasets-lila/nacti-unzipped/part1/sub194/FL-16_06_02_2015_FL-16_0044879.jpg,NACTI : FL-16_06_02_2015_FL-16_0044879.jpg,NACTI : unknown,NACTI : archbold_FL-16,-1,wild boar,,6,train
https://storage.googleapis.com/public-datasets-lila/nacti-unzipped/part0/sub038/CA-05_08_12_2015_CA-05_0002155.jpg,NACTI : CA-05_08_12_2015_CA-05_0002155.jpg,NACTI : unknown,NACTI : lebec_CA-05,-1,wild boar,,6,train
https://storage.googleapis.com/public-datasets-lila/nacti-unzipped/part2/sub239/FL-26_01_21_2016_FL-26_0024632.jpg,NACTI : FL-26_01_21_2016_FL-26_0024632.jpg,NACTI : unknown,NACTI : archbold_FL-26,-1,wild boar,,6,train
https://storage.googleapis.com/public-datasets-lila/nacti-unzipped/part0/sub040/CA-06_12_03_2015_CA-06_0009215.jpg,NACTI : CA-06_12_03_2015_CA-06_0009215.jpg,NACTI : unknown,NACTI : lebec_CA-06,-1,wild boar,,6,val
https://storage.googleapis.com/public-datasets-lila/nacti-unzipped/part2/sub279/FL-37_08_15_2016_FL-37_0027656.JPG,NACTI : FL-37_08_15_2016_FL-37_0027656.JPG,NACTI : unknown,NACTI : archbold_FL-37,-1,wild boar,,6,train
https://storage.googleapis.com/public-datasets-lila/nacti-unzipped/part0/sub088/CA-34_09_02_2016_CA-34_0030150.JPG,NACTI : CA-34_09_02_2016_CA-34_0030150.JPG,NACTI : unknown,NACTI : lebec_CA-34,-1,wild boar,,6,train
https://storage.googleapis.com/public-datasets-lila/nacti-unzipped/part0/sub095/CA-39_01_27_2016_CA-39_0010845.jpg,NACTI : CA-39_01_27_2016_CA-39_0010845.jpg,NACTI : unknown,NACTI : lebec_CA-39,-1,wild boar,,6,train
https://storage.googleapis.com/public-datasets-lila/nacti-unzipped/part1/sub108/CA-46_01_21_2016_CA-46_0011463.jpg,NACTI : CA-46_01_21_2016_CA-46_0011463.jpg,NACTI : unknown,NACTI : lebec_CA-46,-1,wild boar,,6,train
https://storage.googleapis.com/public-datasets-lila/nacti-unzipped/part1/sub193/FL-16_06_02_2015_FL-16_0037502.jpg,NACTI : FL-16_06_02_2015_FL-16_0037502.jpg,NACTI : unknown,NACTI : archbold_FL-16,-1,wild boar,,6,train
https://storage.googleapis.com/public-datasets-lila/nacti-unzipped/part0/sub082/CA-30_08_03_2015_CA-30_0030670.jpg,NACTI : CA-30_08_03_2015_CA-30_0030670.jpg,NACTI : unknown,NACTI : lebec_CA-30,-1,wild boar,,6,test
https://storage.googleapis.com/public-datasets-lila/nacti-unzipped/part0/sub088/CA-34_09_02_2016_CA-34_0030161.JPG,NACTI : CA-34_09_02_2016_CA-34_0030161.JPG,NACTI : unknown,NACTI : lebec_CA-34,-1,wild boar,,6,train
https://storage.googleapis.com/public-datasets-lila/nacti-unzipped/part2/sub242/FL-27_06_02_2015_FL-27_0005670.jpg,NACTI : FL-27_06_02_2015_FL-27_0005670.jpg,NACTI : unknown,NACTI : archbold_FL-27,-1,wild boar,,6,train
https://storage.googleapis.com/public-datasets-lila/nacti-unzipped/part2/sub230/FL-23_01_20_2016_FL-23_0018211.jpg,NACTI : FL-23_01_20_2016_FL-23_0018211.jpg,NACTI : unknown,NACTI : archbold_FL-23,-1,wild boar,,6,train
https://storage.googleapis.com/public-datasets-lila/nacti-unzipped/part1/sub186/FL-14_06_02_2015_FL-14_0003813.jpg,NACTI : FL-14_06_02_2015_FL-14_0003813.jpg,NACTI : unknown,NACTI : archbold_FL-14,-1,wild boar,,6,val
https://storage.googleapis.com/public-datasets-lila/nacti-unzipped/part0/sub099/CA-41_08_04_2015_CA-41_0014215.jpg,NACTI : CA-41_08_04_2015_CA-41_0014215.jpg,NACTI : unknown,NACTI : lebec_CA-41,-1,wild boar,,6,train
https://storage.googleapis.com/public-datasets-lila/nacti-unzipped/part0/sub058/CA-18_08_08_2016_CA-18_0037467.JPG,NACTI : CA-18_08_08_2016_CA-18_0037467.JPG,NACTI : unknown,NACTI : lebec_CA-18,-1,wild boar,,6,val
https://storage.googleapis.com/public-datasets-lila/nacti-unzipped/part0/sub055/CA-17_11_08_2016_CA-17_0050176.JPG,NACTI : CA-17_11_08_2016_CA-17_0050176.JPG,NACTI : unknown,NACTI : lebec_CA-17,-1,wild boar,,6,train
https://storage.googleapis.com/public-datasets-lila/nacti-unzipped/part0/sub088/CA-34_11_08_2016_CA-34_0031734.JPG,NACTI : CA-34_11_08_2016_CA-34_0031734.JPG,NACTI : unknown,NACTI : lebec_CA-34,-1,wild boar,,6,train
https://storage.googleapis.com/public-datasets-lila/nacti-unzipped/part1/sub108/CA-46_01_21_2016_CA-46_0011408.jpg,NACTI : CA-46_01_21_2016_CA-46_0011408.jpg,NACTI : unknown,NACTI : lebec_CA-46,-1,wild boar,,6,train
https://storage.googleapis.com/public-datasets-lila/nacti-unzipped/part1/sub190/FL-16_03_07_2016_FL-16_0110895.JPG,NACTI : FL-16_03_07_2016_FL-16_0110895.JPG,NACTI : unknown,NACTI : archbold_FL-16,-1,wild boar,,6,train
https://storage.googleapis.com/public-datasets-lila/nacti-unzipped/part1/sub107/CA-45_03_04_2016_CA-45_0013229.JPG,NACTI : CA-45_03_04_2016_CA-45_0013229.JPG,NACTI : unknown,NACTI : lebec_CA-45,-1,wild boar,,6,train
https://storage.googleapis.com/public-datasets-lila/nacti-unzipped/part2/sub240/FL-26_07_29_2015_FL-26_0015868.jpg,NACTI : FL-26_07_29_2015_FL-26_0015868.jpg,NACTI : unknown,NACTI : archbold_FL-26,-1,wild boar,,6,train
https://storage.googleapis.com/public-datasets-lila/nacti-unzipped/part2/sub279/FL-37_11_03_2015_FL-37_0000816.jpg,NACTI : FL-37_11_03_2015_FL-37_0000816.jpg,NACTI : unknown,NACTI : archbold_FL-37,-1,wild boar,,6,train
https://storage.googleapis.com/public-datasets-lila/nacti-unzipped/part2/sub218/FL-21_07_29_2015_FL-21_0014552.jpg,NACTI : FL-21_07_29_2015_FL-21_0014552.jpg,NACTI : unknown,NACTI : archbold_FL-21,-1,wild boar,,6,test
https://storage.googleapis.com/public-datasets-lila/nacti-unzipped/part1/sub193/FL-16_06_02_2015_FL-16_0038716.jpg,NACTI : FL-16_06_02_2015_FL-16_0038716.jpg,NACTI : unknown,NACTI : archbold_FL-16,-1,wild boar,,6,train
https://storage.googleapis.com/public-datasets-lila/nacti-unzipped/part2/sub263/FL-31_05_03_2016_FL-31_0051850.JPG,NACTI : FL-31_05_03_2016_FL-31_0051850.JPG,NACTI : unknown,NACTI : archbold_FL-31,-1,wild boar,,6,test
https://storage.googleapis.com/public-datasets-lila/nacti-unzipped/part0/sub044/CA-10_08_13_2015_CA-10_0007290.jpg,NACTI : CA-10_08_13_2015_CA-10_0007290.jpg,NACTI : unknown,NACTI : lebec_CA-10,-1,wild boar,,6,train
https://storage.googleapis.com/public-datasets-lila/nacti-unzipped/part0/sub038/CA-05_08_12_2015_CA-05_0001971.jpg,NACTI : CA-05_08_12_2015_CA-05_0001971.jpg,NACTI : unknown,NACTI : lebec_CA-05,-1,wild boar,,6,train
https://storage.googleapis.com/public-datasets-lila/nacti-unzipped/part0/sub061/CA-20_08_13_2015_CA-20_0003938.jpg,NACTI : CA-20_08_13_2015_CA-20_0003938.jpg,NACTI : unknown,NACTI : lebec_CA-20,-1,wild boar,,6,train
https://storage.googleapis.com/public-datasets-lila/nacti-unzipped/part1/sub104/CA-43_08_12_2015_CA-43_0004543.jpg,NACTI : CA-43_08_12_2015_CA-43_0004543.jpg,NACTI : unknown,NACTI : lebec_CA-43,-1,wild boar,,6,val
https://storage.googleapis.com/public-datasets-lila/nacti-unzipped/part2/sub273/FL-35_06_03_2016_FL-35_0042917.JPG,NACTI : FL-35_06_03_2016_FL-35_0042917.JPG,NACTI : unknown,NACTI : archbold_FL-35,-1,wild boar,,6,val
https://storage.googleapis.com/public-datasets-lila/nacti-unzipped/part2/sub232/FL-23_11_02_2015_FL-23_0015653.jpg,NACTI : FL-23_11_02_2015_FL-23_0015653.jpg,NACTI : unknown,NACTI : archbold_FL-23,-1,wild boar,,6,train
https://storage.googleapis.com/public-datasets-lila/nacti-unzipped/part0/sub088/CA-35_08_04_2015_CA-35_0001741.jpg,NACTI : CA-35_08_04_2015_CA-35_0001741.jpg,NACTI : unknown,NACTI : lebec_CA-35,-1,wild boar,,6,train
https://storage.googleapis.com/public-datasets-lila/nacti-unzipped/part0/sub068/CA-26_04_05_2016_CA-26_0006450.JPG,NACTI : CA-26_04_05_2016_CA-26_0006450.JPG,NACTI : unknown,NACTI : lebec_CA-26,-1,wild boar,,6,test
https://storage.googleapis.com/public-datasets-lila/nacti-unzipped/part0/sub085/CA-33_08_04_2015_CA-33_0005170.jpg,NACTI : CA-33_08_04_2015_CA-33_0005170.jpg,NACTI : unknown,NACTI : lebec_CA-33,-1,wild boar,,6,train
https://storage.googleapis.com/public-datasets-lila/nacti-unzipped/part1/sub166/FL-09_06_02_2015_FL-09_0015904.jpg,NACTI : FL-09_06_02_2015_FL-09_0015904.jpg,NACTI : unknown,NACTI : archbold_FL-09,-1,wild boar,,6,train
https://storage.googleapis.com/public-datasets-lila/nacti-unzipped/part2/sub208/FL-18_08_04_2016_FL-18_0027306.JPG,NACTI : FL-18_08_04_2016_FL-18_0027306.JPG,NACTI : unknown,NACTI : archbold_FL-18,-1,wild boar,,6,test
https://storage.googleapis.com/public-datasets-lila/nacti-unzipped/part2/sub284/FL-40_06_03_2016_FL-40_0018009.JPG,NACTI : FL-40_06_03_2016_FL-40_0018009.JPG,NACTI : unknown,NACTI : archbold_FL-40,-1,wild boar,,6,train
https://storage.googleapis.com/public-datasets-lila/nacti-unzipped/part2/sub267/FL-31_12_06_2015_FL-31_0030391.jpg,NACTI : FL-31_12_06_2015_FL-31_0030391.jpg,NACTI : unknown,NACTI : archbold_FL-31,-1,wild boar,,6,test
https://storage.googleapis.com/public-datasets-lila/nacti-unzipped/part2/sub280/FL-38_03_07_2016_FL-38_0029644.JPG,NACTI : FL-38_03_07_2016_FL-38_0029644.JPG,NACTI : unknown,NACTI : archbold_FL-38,-1,wild boar,,6,train
https://storage.googleapis.com/public-datasets-lila/nacti-unzipped/part2/sub281/FL-38_05_03_2016_FL-38_0036541.JPG,NACTI : FL-38_05_03_2016_FL-38_0036541.JPG,NACTI : unknown,NACTI : archbold_FL-38,-1,wild boar,,6,train
https://storage.googleapis.com/public-datasets-lila/nacti-unzipped/part2/sub278/FL-37_07_08_2016_FL-37_0017377.JPG,NACTI : FL-37_07_08_2016_FL-37_0017377.JPG,NACTI : unknown,NACTI : archbold_FL-37,-1,wild boar,,6,train
https://storage.googleapis.com/public-datasets-lila/nacti-unzipped/part1/sub154/FL-07_07_28_2015_FL-07_0099650.jpg,NACTI : FL-07_07_28_2015_FL-07_0099650.jpg,NACTI : unknown,NACTI : archbold_FL-07,-1,wild boar,,6,train
https://storage.googleapis.com/public-datasets-lila/nacti-unzipped/part2/sub283/FL-39_06_03_2016_FL-39_0010097.JPG,NACTI : FL-39_06_03_2016_FL-39_0010097.JPG,NACTI : unknown,NACTI : archbold_FL-39,-1,wild boar,,6,test
https://storage.googleapis.com/public-datasets-lila/nacti-unzipped/part2/sub240/FL-27_01_21_2016_FL-27_0044376.jpg,NACTI : FL-27_01_21_2016_FL-27_0044376.jpg,NACTI : unknown,NACTI : archbold_FL-27,-1,wild boar,,6,train
https://storage.googleapis.com/public-datasets-lila/nacti-unzipped/part0/sub073/CA-28_10_03_2016_CA-28_0028002.JPG,NACTI : CA-28_10_03_2016_CA-28_0028002.JPG,NACTI : unknown,NACTI : lebec_CA-28,-1,wild boar,,6,train
https://storage.googleapis.com/public-datasets-lila/nacti-unzipped/part0/sub099/CA-41_09_16_2015_CA-41_0016326.jpg,NACTI : CA-41_09_16_2015_CA-41_0016326.jpg,NACTI : unknown,NACTI : lebec_CA-41,-1,wild boar,,6,train
https://storage.googleapis.com/public-datasets-lila/nacti-unzipped/part2/sub283/FL-39_08_15_2016_FL-39_0011616.JPG,NACTI : FL-39_08_15_2016_FL-39_0011616.JPG,NACTI : unknown,NACTI : archbold_FL-39,-1,wild boar,,6,test
https://storage.googleapis.com/public-datasets-lila/nacti-unzipped/part0/sub099/CA-41_08_04_2015_CA-41_0014718.jpg,NACTI : CA-41_08_04_2015_CA-41_0014718.jpg,NACTI : unknown,NACTI : lebec_CA-41,-1,wild boar,,6,train
https://storage.googleapis.com/public-datasets-lila/nacti-unzipped/part2/sub206/FL-17_07_28_2015_FL-17_0055866.jpg,NACTI : FL-17_07_28_2015_FL-17_0055866.jpg,NACTI : unknown,NACTI : archbold_FL-17,-1,wild boar,,6,train
https://storage.googleapis.com/public-datasets-lila/nacti-unzipped/part2/sub230/FL-23_05_02_2016_FL-23_0021488.JPG,NACTI : FL-23_05_02_2016_FL-23_0021488.JPG,NACTI : unknown,NACTI : archbold_FL-23,-1,wild boar,,6,train
https://storage.googleapis.com/public-datasets-lila/nacti-unzipped/part1/sub188/FL-15_06_02_2015_FL-15_0004532.jpg,NACTI : FL-15_06_02_2015_FL-15_0004532.jpg,NACTI : unknown,NACTI : archbold_FL-15,-1,wild boar,,6,test
https://storage.googleapis.com/public-datasets-lila/nacti-unzipped/part1/sub129/FL-04_06_02_2016_FL-04_0021202.JPG,NACTI : FL-04_06_02_2016_FL-04_0021202.JPG,NACTI : unknown,NACTI : archbold_FL-04,-1,wild boar,,6,test
https://storage.googleapis.com/public-datasets-lila/nacti-unzipped/part0/sub038/CA-06_03_09_2015_CA-06_0000086.jpg,NACTI : CA-06_03_09_2015_CA-06_0000086.jpg,NACTI : unknown,NACTI : lebec_CA-06,-1,wild boar,,6,val
https://storage.googleapis.com/public-datasets-lila/nacti-unzipped/part1/sub186/FL-14_06_02_2015_FL-14_0000690.jpg,NACTI : FL-14_06_02_2015_FL-14_0000690.jpg,NACTI : unknown,NACTI : archbold_FL-14,-1,wild boar,,6,val
https://storage.googleapis.com/public-datasets-lila/nacti-unzipped/part2/sub239/FL-26_04_05_2016_FL-26_0026777.JPG,NACTI : FL-26_04_05_2016_FL-26_0026777.JPG,NACTI : unknown,NACTI : archbold_FL-26,-1,wild boar,,6,train
https://storage.googleapis.com/public-datasets-lila/nacti-unzipped/part0/sub055/CA-17_11_08_2016_CA-17_0048488.JPG,NACTI : CA-17_11_08_2016_CA-17_0048488.JPG,NACTI : unknown,NACTI : lebec_CA-17,-1,wild boar,,6,train
https://storage.googleapis.com/public-datasets-lila/nacti-unzipped/part0/sub037/CA-04_08_12_2015_CA-04_0006849.jpg,NACTI : CA-04_08_12_2015_CA-04_0006849.jpg,NACTI : unknown,NACTI : lebec_CA-04,-1,wild boar,,6,train
https://storage.googleapis.com/public-datasets-lila/wcs-unzipped/animals/0433/0336.jpg,WCS Camera Traps : 64ef8102-92d5-11e9-acae-000d3a74c7de,WCS Camera Traps : idn-004-d0095-197,WCS Camera Traps : 3020,1,wild boar,02-08-2013 10:15:32,6,train
https://storage.googleapis.com/public-datasets-lila/nacti-unzipped/part1/sub198/FL-16_11_02_2015_FL-16_0095685.jpg,NACTI : FL-16_11_02_2015_FL-16_0095685.jpg,NACTI : unknown,NACTI : archbold_FL-16,-1,wild boar,,6,train
https://storage.googleapis.com/public-datasets-lila/nacti-unzipped/part2/sub219/FL-21_11_02_2015_FL-21_0020005.jpg,NACTI : FL-21_11_02_2015_FL-21_0020005.jpg,NACTI : unknown,NACTI : archbold_FL-21,-1,wild boar,,6,test
https://storage.googleapis.com/public-datasets-lila/nacti-unzipped/part2/sub213/FL-20_03_07_2016_FL-20_0028819.JPG,NACTI : FL-20_03_07_2016_FL-20_0028819.JPG,NACTI : unknown,NACTI : archbold_FL-20,-1,wild boar,,6,train
https://storage.googleapis.com/public-datasets-lila/nacti-unzipped/part2/sub241/FL-27_06_02_2015_FL-27_0001057.jpg,NACTI : FL-27_06_02_2015_FL-27_0001057.jpg,NACTI : unknown,NACTI : archbold_FL-27,-1,wild boar,,6,train
https://storage.googleapis.com/public-datasets-lila/nacti-unzipped/part1/sub104/CA-43_09_16_2015_CA-43_0004887.jpg,NACTI : CA-43_09_16_2015_CA-43_0004887.jpg,NACTI : unknown,NACTI : lebec_CA-43,-1,wild boar,,6,val
https://storage.googleapis.com/public-datasets-lila/nacti-unzipped/part2/sub219/FL-22_01_21_2016_FL-22_0079666.jpg,NACTI : FL-22_01_21_2016_FL-22_0079666.jpg,NACTI : unknown,NACTI : archbold_FL-22,-1,wild boar,,6,train
https://storage.googleapis.com/public-datasets-lila/nacti-unzipped/part1/sub172/FL-12_01_20_2016_FL-12_0021835.jpg,NACTI : FL-12_01_20_2016_FL-12_0021835.jpg,NACTI : unknown,NACTI : archbold_FL-12,-1,wild boar,,6,val
https://storage.googleapis.com/public-datasets-lila/nacti-unzipped/part1/sub100/CA-42_04_03_2015_CA-42_0000871.jpg,NACTI : CA-42_04_03_2015_CA-42_0000871.jpg,NACTI : unknown,NACTI : lebec_CA-42,-1,wild boar,,6,train
https://storage.googleapis.com/public-datasets-lila/nacti-unzipped/part1/sub135/FL-05_12_08_2015_FL-05_0026496.jpg,NACTI : FL-05_12_08_2015_FL-05_0026496.jpg,NACTI : unknown,NACTI : archbold_FL-05,-1,wild boar,,6,train
https://storage.googleapis.com/public-datasets-lila/nacti-unzipped/part0/sub049/CA-15_03_30_2015_CA-15_0000464.jpg,NACTI : CA-15_03_30_2015_CA-15_0000464.jpg,NACTI : unknown,NACTI : lebec_CA-15,-1,wild boar,,6,test
https://storage.googleapis.com/public-datasets-lila/nacti-unzipped/part0/sub073/CA-28_10_31_2016_CA-28_0029043.JPG,NACTI : CA-28_10_31_2016_CA-28_0029043.JPG,NACTI : unknown,NACTI : lebec_CA-28,-1,wild boar,,6,train
https://storage.googleapis.com/public-datasets-lila/nacti-unzipped/part1/sub189/FL-16_01_21_2016_FL-16_0103483.jpg,NACTI : FL-16_01_21_2016_FL-16_0103483.jpg,NACTI : unknown,NACTI : archbold_FL-16,-1,wild boar,,6,train
https://storage.googleapis.com/public-datasets-lila/nacti-unzipped/part1/sub106/CA-44_08_12_2015_CA-44_0002476.jpg,NACTI : CA-44_08_12_2015_CA-44_0002476.jpg,NACTI : unknown,NACTI : lebec_CA-44,-1,wild boar,,6,val
https://storage.googleapis.com/public-datasets-lila/nacti-unzipped/part0/sub087/CA-34_08_04_2015_CA-34_0003158.jpg,NACTI : CA-34_08_04_2015_CA-34_0003158.jpg,NACTI : unknown,NACTI : lebec_CA-34,-1,wild boar,,6,train
https://storage.googleapis.com/public-datasets-lila/wcs-unzipped/animals/0477/1788.jpg,WCS Camera Traps : 760e2118-92d5-11e9-aa18-000d3a74c7de,WCS Camera Traps : lao-004-d0024-17,WCS Camera Traps : 3773,1,wild boar,05-19-2011 14:48:00,6,train
https://storage.googleapis.com/public-datasets-lila/nacti-unzipped/part2/sub232/FL-23_11_02_2015_FL-23_0014146.jpg,NACTI : FL-23_11_02_2015_FL-23_0014146.jpg,NACTI : unknown,NACTI : archbold_FL-23,-1,wild boar,,6,train
https://storage.googleapis.com/public-datasets-lila/nacti-unzipped/part0/sub040/CA-06_11_03_2016_CA-06_0019899.JPG,NACTI : CA-06_11_03_2016_CA-06_0019899.JPG,NACTI : unknown,NACTI : lebec_CA-06,-1,wild boar,,6,val
https://storage.googleapis.com/public-datasets-lila/nacti-unzipped/part2/sub290/FL-44_11_03_2015_FL-44_0000458.jpg,NACTI : FL-44_11_03_2015_FL-44_0000458.jpg,NACTI : unknown,NACTI : archbold_FL-44,-1,wild boar,,6,train
https://storage.googleapis.com/public-datasets-lila/nacti-unzipped/part0/sub041/CA-08_03_09_2015_CA-08_0000391.jpg,NACTI : CA-08_03_09_2015_CA-08_0000391.jpg,NACTI : unknown,NACTI : lebec_CA-08,-1,wild boar,,6,train
https://storage.googleapis.com/public-datasets-lila/nacti-unzipped/part2/sub288/FL-42_04_05_2016_FL-42_0008828.JPG,NACTI : FL-42_04_05_2016_FL-42_0008828.JPG,NACTI : unknown,NACTI : archbold_FL-42,-1,wild boar,,6,train
https://storage.googleapis.com/public-datasets-lila/nacti-unzipped/part2/sub216/FL-21_01_21_2016_FL-21_0022222.jpg,NACTI : FL-21_01_21_2016_FL-21_0022222.jpg,NACTI : unknown,NACTI : archbold_FL-21,-1,wild boar,,6,test
https://storage.googleapis.com/public-datasets-lila/nacti-unzipped/part1/sub100/CA-41_10_06_2016_CA-41_0027434.JPG,NACTI : CA-41_10_06_2016_CA-41_0027434.JPG,NACTI : unknown,NACTI : lebec_CA-41,-1,wild boar,,6,train
https://storage.googleapis.com/public-datasets-lila/nacti-unzipped/part2/sub240/FL-26_07_29_2015_FL-26_0016107.jpg,NACTI : FL-26_07_29_2015_FL-26_0016107.jpg,NACTI : unknown,NACTI : archbold_FL-26,-1,wild boar,,6,train
https://storage.googleapis.com/public-datasets-lila/nacti-unzipped/part0/sub085/CA-33_08_04_2015_CA-33_0003605.jpg,NACTI : CA-33_08_04_2015_CA-33_0003605.jpg,NACTI : unknown,NACTI : lebec_CA-33,-1,wild boar,,6,train
https://storage.googleapis.com/public-datasets-lila/nacti-unzipped/part2/sub213/FL-19_09_01_2016_FL-19_0066070.JPG,NACTI : FL-19_09_01_2016_FL-19_0066070.JPG,NACTI : unknown,NACTI : archbold_FL-19,-1,wild boar,,6,train
https://storage.googleapis.com/public-datasets-lila/nacti-unzipped/part0/sub084/CA-31_09_10_2015_CA-31_0015700.jpg,NACTI : CA-31_09_10_2015_CA-31_0015700.jpg,NACTI : unknown,NACTI : lebec_CA-31,-1,wild boar,,6,train
https://storage.googleapis.com/public-datasets-lila/nacti-unzipped/part1/sub104/CA-43_08_12_2015_CA-43_0001464.jpg,NACTI : CA-43_08_12_2015_CA-43_0001464.jpg,NACTI : unknown,NACTI : lebec_CA-43,-1,wild boar,,6,val
https://storage.googleapis.com/public-datasets-lila/nacti-unzipped/part1/sub194/FL-16_06_02_2015_FL-16_0044801.jpg,NACTI : FL-16_06_02_2015_FL-16_0044801.jpg,NACTI : unknown,NACTI : archbold_FL-16,-1,wild boar,,6,train
https://storage.googleapis.com/public-datasets-lila/nacti-unzipped/part1/sub198/FL-16_07_06_2016_FL-16_0137925.JPG,NACTI : FL-16_07_06_2016_FL-16_0137925.JPG,NACTI : unknown,NACTI : archbold_FL-16,-1,wild boar,,6,train
https://storage.googleapis.com/public-datasets-lila/nacti-unzipped/part2/sub220/FL-22_03_07_2016_FL-22_0086611.JPG,NACTI : FL-22_03_07_2016_FL-22_0086611.JPG,NACTI : unknown,NACTI : archbold_FL-22,-1,wild boar,,6,train
https://storage.googleapis.com/public-datasets-lila/nacti-unzipped/part2/sub290/FL-44_07_06_2016_FL-44_0006232.JPG,NACTI : FL-44_07_06_2016_FL-44_0006232.JPG,NACTI : unknown,NACTI : archbold_FL-44,-1,wild boar,,6,train
https://storage.googleapis.com/public-datasets-lila/nacti-unzipped/part0/sub058/CA-18_11_08_2016_CA-18_0040822.JPG,NACTI : CA-18_11_08_2016_CA-18_0040822.JPG,NACTI : unknown,NACTI : lebec_CA-18,-1,wild boar,,6,val
https://storage.googleapis.com/public-datasets-lila/nacti-unzipped/part2/sub275/FL-35_09_05_2016_FL-35_0059277.JPG,NACTI : FL-35_09_05_2016_FL-35_0059277.JPG,NACTI : unknown,NACTI : archbold_FL-35,-1,wild boar,,6,val
https://storage.googleapis.com/public-datasets-lila/nacti-unzipped/part0/sub095/CA-38_10_31_2016_CA-38_0042357.JPG,NACTI : CA-38_10_31_2016_CA-38_0042357.JPG,NACTI : unknown,NACTI : lebec_CA-38,-1,wild boar,,6,val
https://storage.googleapis.com/public-datasets-lila/nacti-unzipped/part1/sub100/CA-41_11_08_2016_CA-41_0028484.JPG,NACTI : CA-41_11_08_2016_CA-41_0028484.JPG,NACTI : unknown,NACTI : lebec_CA-41,-1,wild boar,,6,train
https://storage.googleapis.com/public-datasets-lila/nacti-unzipped/part0/sub098/CA-41_03_04_2016_CA-41_0018896.JPG,NACTI : CA-41_03_04_2016_CA-41_0018896.JPG,NACTI : unknown,NACTI : lebec_CA-41,-1,wild boar,,6,train
https://storage.googleapis.com/public-datasets-lila/nacti-unzipped/part0/sub055/CA-17_11_08_2016_CA-17_0050020.JPG,NACTI : CA-17_11_08_2016_CA-17_0050020.JPG,NACTI : unknown,NACTI : lebec_CA-17,-1,wild boar,,6,train
https://storage.googleapis.com/public-datasets-lila/nacti-unzipped/part2/sub283/FL-39_12_07_2015_FL-39_0001519.jpg,NACTI : FL-39_12_07_2015_FL-39_0001519.jpg,NACTI : unknown,NACTI : archbold_FL-39,-1,wild boar,,6,test
https://storage.googleapis.com/public-datasets-lila/nacti-unzipped/part2/sub279/FL-37_09_08_2016_FL-37_0028822.JPG,NACTI : FL-37_09_08_2016_FL-37_0028822.JPG,NACTI : unknown,NACTI : archbold_FL-37,-1,wild boar,,6,train
https://storage.googleapis.com/public-datasets-lila/nacti-unzipped/part0/sub077/CA-29_09_18_2015_CA-29_0027624.jpg,NACTI : CA-29_09_18_2015_CA-29_0027624.jpg,NACTI : unknown,NACTI : lebec_CA-29,-1,wild boar,,6,train
https://storage.googleapis.com/public-datasets-lila/nacti-unzipped/part0/sub082/CA-30_12_01_2015_CA-30_0034266.jpg,NACTI : CA-30_12_01_2015_CA-30_0034266.jpg,NACTI : unknown,NACTI : lebec_CA-30,-1,wild boar,,6,test
https://storage.googleapis.com/public-datasets-lila/nacti-unzipped/part0/sub083/CA-31_06_06_2016_CA-31_0028567.JPG,NACTI : CA-31_06_06_2016_CA-31_0028567.JPG,NACTI : unknown,NACTI : lebec_CA-31,-1,wild boar,,6,train
https://storage.googleapis.com/public-datasets-lila/nacti-unzipped/part2/sub283/FL-39_05_03_2016_FL-39_0008910.JPG,NACTI : FL-39_05_03_2016_FL-39_0008910.JPG,NACTI : unknown,NACTI : archbold_FL-39,-1,wild boar,,6,test
https://storage.googleapis.com/public-datasets-lila/nacti-unzipped/part0/sub099/CA-41_09_16_2015_CA-41_0016148.jpg,NACTI : CA-41_09_16_2015_CA-41_0016148.jpg,NACTI : unknown,NACTI : lebec_CA-41,-1,wild boar,,6,train
https://storage.googleapis.com/public-datasets-lila/nacti-unzipped/part0/sub042/CA-08_09_17_2015_CA-08_0005457.jpg,NACTI : CA-08_09_17_2015_CA-08_0005457.jpg,NACTI : unknown,NACTI : lebec_CA-08,-1,wild boar,,6,train
https://storage.googleapis.com/public-datasets-lila/nacti-unzipped/part1/sub195/FL-16_06_02_2015_FL-16_0057930.jpg,NACTI : FL-16_06_02_2015_FL-16_0057930.jpg,NACTI : unknown,NACTI : archbold_FL-16,-1,wild boar,,6,train
https://storage.googleapis.com/public-datasets-lila/nacti-unzipped/part1/sub190/FL-16_05_02_2016_FL-16_0121438.JPG,NACTI : FL-16_05_02_2016_FL-16_0121438.JPG,NACTI : unknown,NACTI : archbold_FL-16,-1,wild boar,,6,train
https://storage.googleapis.com/public-datasets-lila/nacti-unzipped/part2/sub277/FL-37_03_08_2016_FL-37_0007691.JPG,NACTI : FL-37_03_08_2016_FL-37_0007691.JPG,NACTI : unknown,NACTI : archbold_FL-37,-1,wild boar,,6,train
https://storage.googleapis.com/public-datasets-lila/nacti-unzipped/part2/sub240/FL-26_12_08_2015_FL-26_0023221.jpg,NACTI : FL-26_12_08_2015_FL-26_0023221.jpg,NACTI : unknown,NACTI : archbold_FL-26,-1,wild boar,,6,train
https://storage.googleapis.com/public-datasets-lila/nacti-unzipped/part1/sub198/FL-16_07_06_2016_FL-16_0138117.JPG,NACTI : FL-16_07_06_2016_FL-16_0138117.JPG,NACTI : unknown,NACTI : archbold_FL-16,-1,wild boar,,6,train
https://storage.googleapis.com/public-datasets-lila/nacti-unzipped/part2/sub283/FL-39_05_03_2016_FL-39_0008793.JPG,NACTI : FL-39_05_03_2016_FL-39_0008793.JPG,NACTI : unknown,NACTI : archbold_FL-39,-1,wild boar,,6,test
https://storage.googleapis.com/public-datasets-lila/wcs-unzipped/animals/0433/0351.jpg,WCS Camera Traps : 64f01d4e-92d5-11e9-a942-000d3a74c7de,WCS Camera Traps : idn-004-d0095-200,WCS Camera Traps : 3020,4,wild boar,02-08-2013 13:29:01,6,train
https://storage.googleapis.com/public-datasets-lila/nacti-unzipped/part2/sub247/FL-28_05_03_2016_FL-28_0051260.JPG,NACTI : FL-28_05_03_2016_FL-28_0051260.JPG,NACTI : unknown,NACTI : archbold_FL-28,-1,wild boar,,6,train
https://storage.googleapis.com/public-datasets-lila/nacti-unzipped/part2/sub271/FL-34_12_07_2015_FL-34_0000622.jpg,NACTI : FL-34_12_07_2015_FL-34_0000622.jpg,NACTI : unknown,NACTI : archbold_FL-34,-1,wild boar,,6,test
https://storage.googleapis.com/public-datasets-lila/nacti-unzipped/part0/sub067/CA-25_04_06_2015_CA-25_0006250.jpg,NACTI : CA-25_04_06_2015_CA-25_0006250.jpg,NACTI : unknown,NACTI : lebec_CA-25,-1,wild boar,,6,train
https://storage.googleapis.com/public-datasets-lila/nacti-unzipped/part1/sub123/FL-02_10_05_2016_FL-02_0066791.JPG,NACTI : FL-02_10_05_2016_FL-02_0066791.JPG,NACTI : unknown,NACTI : archbold_FL-02,-1,wild boar,,6,train
https://storage.googleapis.com/public-datasets-lila/nacti-unzipped/part2/sub236/FL-24_07_05_2016_FL-24_0060193.JPG,NACTI : FL-24_07_05_2016_FL-24_0060193.JPG,NACTI : unknown,NACTI : archbold_FL-24,-1,wild boar,,6,train
https://storage.googleapis.com/public-datasets-lila/nacti-unzipped/part0/sub041/CA-08_08_04_2015_CA-08_0004085.jpg,NACTI : CA-08_08_04_2015_CA-08_0004085.jpg,NACTI : unknown,NACTI : lebec_CA-08,-1,wild boar,,6,train
https://storage.googleapis.com/public-datasets-lila/nacti-unzipped/part1/sub134/FL-05_07_28_2015_FL-05_0021604.jpg,NACTI : FL-05_07_28_2015_FL-05_0021604.jpg,NACTI : unknown,NACTI : archbold_FL-05,-1,wild boar,,6,train
https://storage.googleapis.com/public-datasets-lila/nacti-unzipped/part2/sub240/FL-26_12_08_2015_FL-26_0022510.jpg,NACTI : FL-26_12_08_2015_FL-26_0022510.jpg,NACTI : unknown,NACTI : archbold_FL-26,-1,wild boar,,6,train
https://storage.googleapis.com/public-datasets-lila/nacti-unzipped/part0/sub077/CA-29_09_18_2015_CA-29_0027630.jpg,NACTI : CA-29_09_18_2015_CA-29_0027630.jpg,NACTI : unknown,NACTI : lebec_CA-29,-1,wild boar,,6,train
https://storage.googleapis.com/public-datasets-lila/nacti-unzipped/part1/sub134/FL-05_07_28_2015_FL-05_0021636.jpg,NACTI : FL-05_07_28_2015_FL-05_0021636.jpg,NACTI : unknown,NACTI : archbold_FL-05,-1,wild boar,,6,train
https://storage.googleapis.com/public-datasets-lila/nacti-unzipped/part0/sub069/CA-27_01_29_2016_CA-27_0009402.jpg,NACTI : CA-27_01_29_2016_CA-27_0009402.jpg,NACTI : unknown,NACTI : lebec_CA-27,-1,wild boar,,6,train
https://storage.googleapis.com/public-datasets-lila/nacti-unzipped/part0/sub061/CA-20_08_13_2015_CA-20_0010845.jpg,NACTI : CA-20_08_13_2015_CA-20_0010845.jpg,NACTI : unknown,NACTI : lebec_CA-20,-1,wild boar,,6,train
https://storage.googleapis.com/public-datasets-lila/wcs-unzipped/animals/0328/1514.jpg,WCS Camera Traps : 3f180d78-92d5-11e9-98ce-000d3a74c7de,WCS Camera Traps : idn-001-d0665-2,WCS Camera Traps : 2185,1,wild boar,11-21-2002 08:26:00,6,val
https://storage.googleapis.com/public-datasets-lila/nacti-unzipped/part0/sub077/CA-30_01_28_2016_CA-30_0034446.jpg,NACTI : CA-30_01_28_2016_CA-30_0034446.jpg,NACTI : unknown,NACTI : lebec_CA-30,-1,wild boar,,6,test
https://storage.googleapis.com/public-datasets-lila/nacti-unzipped/part0/sub050/CA-16_08_04_2015_CA-16_0000434.jpg,NACTI : CA-16_08_04_2015_CA-16_0000434.jpg,NACTI : unknown,NACTI : lebec_CA-16,-1,wild boar,,6,train
https://storage.googleapis.com/public-datasets-lila/nacti-unzipped/part2/sub241/FL-27_06_02_2015_FL-27_0000467.jpg,NACTI : FL-27_06_02_2015_FL-27_0000467.jpg,NACTI : unknown,NACTI : archbold_FL-27,-1,wild boar,,6,train
https://storage.googleapis.com/public-datasets-lila/nacti-unzipped/part1/sub134/FL-05_07_28_2015_FL-05_0022393.jpg,NACTI : FL-05_07_28_2015_FL-05_0022393.jpg,NACTI : unknown,NACTI : archbold_FL-05,-1,wild boar,,6,train
https://storage.googleapis.com/public-datasets-lila/nacti-unzipped/part1/sub188/FL-15_03_07_2016_FL-15_0014419.JPG,NACTI : FL-15_03_07_2016_FL-15_0014419.JPG,NACTI : unknown,NACTI : archbold_FL-15,-1,wild boar,,6,test
https://storage.googleapis.com/public-datasets-lila/nacti-unzipped/part1/sub135/FL-05_12_08_2015_FL-05_0029299.jpg,NACTI : FL-05_12_08_2015_FL-05_0029299.jpg,NACTI : unknown,NACTI : archbold_FL-05,-1,wild boar,,6,train
https://storage.googleapis.com/public-datasets-lila/nacti-unzipped/part2/sub232/FL-23_12_08_2015_FL-23_0017720.jpg,NACTI : FL-23_12_08_2015_FL-23_0017720.jpg,NACTI : unknown,NACTI : archbold_FL-23,-1,wild boar,,6,train
https://storage.googleapis.com/public-datasets-lila/nacti-unzipped/part2/sub223/FL-22_06_02_2015_FL-22_0020478.jpg,NACTI : FL-22_06_02_2015_FL-22_0020478.jpg,NACTI : unknown,NACTI : archbold_FL-22,-1,wild boar,,6,train
https://storage.googleapis.com/public-datasets-lila/nacti-unzipped/part1/sub134/FL-05_07_28_2015_FL-05_0021687.jpg,NACTI : FL-05_07_28_2015_FL-05_0021687.jpg,NACTI : unknown,NACTI : archbold_FL-05,-1,wild boar,,6,train
https://storage.googleapis.com/public-datasets-lila/nacti-unzipped/part0/sub099/CA-41_08_05_2016_CA-41_0025587.JPG,NACTI : CA-41_08_05_2016_CA-41_0025587.JPG,NACTI : unknown,NACTI : lebec_CA-41,-1,wild boar,,6,train
https://storage.googleapis.com/public-datasets-lila/nacti-unzipped/part2/sub221/FL-22_06_02_2015_FL-22_0001463.jpg,NACTI : FL-22_06_02_2015_FL-22_0001463.jpg,NACTI : unknown,NACTI : archbold_FL-22,-1,wild boar,,6,train
https://storage.googleapis.com/public-datasets-lila/nacti-unzipped/part0/sub052/CA-17_05_10_2016_CA-17_0034588.JPG,NACTI : CA-17_05_10_2016_CA-17_0034588.JPG,NACTI : unknown,NACTI : lebec_CA-17,-1,wild boar,,6,train
https://storage.googleapis.com/public-datasets-lila/nacti-unzipped/part2/sub242/FL-27_06_02_2015_FL-27_0006341.jpg,NACTI : FL-27_06_02_2015_FL-27_0006341.jpg,NACTI : unknown,NACTI : archbold_FL-27,-1,wild boar,,6,train
https://storage.googleapis.com/public-datasets-lila/nacti-unzipped/part1/sub135/FL-05_12_08_2015_FL-05_0027230.jpg,NACTI : FL-05_12_08_2015_FL-05_0027230.jpg,NACTI : unknown,NACTI : archbold_FL-05,-1,wild boar,,6,train
https://storage.googleapis.com/public-datasets-lila/nacti-unzipped/part1/sub132/FL-05_05_02_2016_FL-05_0038469.JPG,NACTI : FL-05_05_02_2016_FL-05_0038469.JPG,NACTI : unknown,NACTI : archbold_FL-05,-1,wild boar,,6,train
https://storage.googleapis.com/public-datasets-lila/nacti-unzipped/part0/sub058/CA-18_10_06_2016_CA-18_0039629.JPG,NACTI : CA-18_10_06_2016_CA-18_0039629.JPG,NACTI : unknown,NACTI : lebec_CA-18,-1,wild boar,,6,val
https://storage.googleapis.com/public-datasets-lila/nacti-unzipped/part1/sub198/FL-16_08_05_2016_FL-16_0141006.JPG,NACTI : FL-16_08_05_2016_FL-16_0141006.JPG,NACTI : unknown,NACTI : archbold_FL-16,-1,wild boar,,6,train
https://storage.googleapis.com/public-datasets-lila/nacti-unzipped/part1/sub118/FL-02_06_01_2015_FL-02_0000078.jpg,NACTI : FL-02_06_01_2015_FL-02_0000078.jpg,NACTI : unknown,NACTI : archbold_FL-02,-1,wild boar,,6,train
https://storage.googleapis.com/public-datasets-lila/nacti-unzipped/part0/sub077/CA-29_09_18_2015_CA-29_0028136.jpg,NACTI : CA-29_09_18_2015_CA-29_0028136.jpg,NACTI : unknown,NACTI : lebec_CA-29,-1,wild boar,,6,train
https://storage.googleapis.com/public-datasets-lila/nacti-unzipped/part0/sub077/CA-30_03_06_2015_CA-30_0000290.jpg,NACTI : CA-30_03_06_2015_CA-30_0000290.jpg,NACTI : unknown,NACTI : lebec_CA-30,-1,wild boar,,6,test
https://storage.googleapis.com/public-datasets-lila/nacti-unzipped/part1/sub125/FL-03_06_01_2015_FL-03_0016138.jpg,NACTI : FL-03_06_01_2015_FL-03_0016138.jpg,NACTI : unknown,NACTI : archbold_FL-03,-1,wild boar,,6,train
https://storage.googleapis.com/public-datasets-lila/nacti-unzipped/part1/sub109/CA-46_11_02_2015_CA-46_0010004.jpg,NACTI : CA-46_11_02_2015_CA-46_0010004.jpg,NACTI : unknown,NACTI : lebec_CA-46,-1,wild boar,,6,train
https://storage.googleapis.com/public-datasets-lila/nacti-unzipped/part1/sub189/FL-15_07_29_2015_FL-15_0007805.jpg,NACTI : FL-15_07_29_2015_FL-15_0007805.jpg,NACTI : unknown,NACTI : archbold_FL-15,-1,wild boar,,6,test
https://storage.googleapis.com/public-datasets-lila/nacti-unzipped/part2/sub242/FL-27_06_02_2016_FL-27_0057661.JPG,NACTI : FL-27_06_02_2016_FL-27_0057661.JPG,NACTI : unknown,NACTI : archbold_FL-27,-1,wild boar,,6,train
https://storage.googleapis.com/public-datasets-lila/nacti-unzipped/part2/sub279/FL-37_08_15_2016_FL-37_0027468.JPG,NACTI : FL-37_08_15_2016_FL-37_0027468.JPG,NACTI : unknown,NACTI : archbold_FL-37,-1,wild boar,,6,train
https://storage.googleapis.com/public-datasets-lila/nacti-unzipped/part2/sub232/FL-23_11_02_2015_FL-23_0013788.jpg,NACTI : FL-23_11_02_2015_FL-23_0013788.jpg,NACTI : unknown,NACTI : archbold_FL-23,-1,wild boar,,6,train
https://storage.googleapis.com/public-datasets-lila/nacti-unzipped/part0/sub041/CA-08_08_04_2015_CA-08_0003088.jpg,NACTI : CA-08_08_04_2015_CA-08_0003088.jpg,NACTI : unknown,NACTI : lebec_CA-08,-1,wild boar,,6,train
https://storage.googleapis.com/public-datasets-lila/nacti-unzipped/part0/sub084/CA-31_09_10_2015_CA-31_0015347.jpg,NACTI : CA-31_09_10_2015_CA-31_0015347.jpg,NACTI : unknown,NACTI : lebec_CA-31,-1,wild boar,,6,train
https://storage.googleapis.com/public-datasets-lila/nacti-unzipped/part2/sub283/FL-39_07_06_2016_FL-39_0010476.JPG,NACTI : FL-39_07_06_2016_FL-39_0010476.JPG,NACTI : unknown,NACTI : archbold_FL-39,-1,wild boar,,6,test
https://storage.googleapis.com/public-datasets-lila/nacti-unzipped/part1/sub172/FL-11_12_08_2015_FL-11_0015069.jpg,NACTI : FL-11_12_08_2015_FL-11_0015069.jpg,NACTI : unknown,NACTI : archbold_FL-11,-1,wild boar,,6,train
https://storage.googleapis.com/public-datasets-lila/nacti-unzipped/part1/sub154/FL-07_07_28_2015_FL-07_0099026.jpg,NACTI : FL-07_07_28_2015_FL-07_0099026.jpg,NACTI : unknown,NACTI : archbold_FL-07,-1,wild boar,,6,train
https://storage.googleapis.com/public-datasets-lila/nacti-unzipped/part0/sub066/CA-24_08_12_2015_CA-24_0006835.jpg,NACTI : CA-24_08_12_2015_CA-24_0006835.jpg,NACTI : unknown,NACTI : lebec_CA-24,-1,wild boar,,6,train
https://storage.googleapis.com/public-datasets-lila/nacti-unzipped/part1/sub198/FL-16_11_02_2015_FL-16_0095896.jpg,NACTI : FL-16_11_02_2015_FL-16_0095896.jpg,NACTI : unknown,NACTI : archbold_FL-16,-1,wild boar,,6,train
https://storage.googleapis.com/public-datasets-lila/nacti-unzipped/part2/sub290/FL-43_11_03_2015_FL-43_0002071.jpg,NACTI : FL-43_11_03_2015_FL-43_0002071.jpg,NACTI : unknown,NACTI : archbold_FL-43,-1,wild boar,,6,train
https://storage.googleapis.com/public-datasets-lila/nacti-unzipped/part2/sub242/FL-27_06_02_2015_FL-27_0006771.jpg,NACTI : FL-27_06_02_2015_FL-27_0006771.jpg,NACTI : unknown,NACTI : archbold_FL-27,-1,wild boar,,6,train
https://storage.googleapis.com/public-datasets-lila/nacti-unzipped/part2/sub246/FL-27_12_06_2015_FL-27_0042263.jpg,NACTI : FL-27_12_06_2015_FL-27_0042263.jpg,NACTI : unknown,NACTI : archbold_FL-27,-1,wild boar,,6,train
https://storage.googleapis.com/public-datasets-lila/nacti-unzipped/part2/sub258/FL-30_01_21_2016_FL-30_0043551.jpg,NACTI : FL-30_01_21_2016_FL-30_0043551.jpg,NACTI : unknown,NACTI : archbold_FL-30,-1,wild boar,,6,train
https://storage.googleapis.com/public-datasets-lila/nacti-unzipped/part0/sub054/CA-17_08_03_2015_CA-17_0022432.jpg,NACTI : CA-17_08_03_2015_CA-17_0022432.jpg,NACTI : unknown,NACTI : lebec_CA-17,-1,wild boar,,6,train
https://storage.googleapis.com/public-datasets-lila/nacti-unzipped/part1/sub182/FL-13_06_02_2016_FL-13_0082308.JPG,NACTI : FL-13_06_02_2016_FL-13_0082308.JPG,NACTI : unknown,NACTI : archbold_FL-13,-1,wild boar,,6,val
https://storage.googleapis.com/public-datasets-lila/nacti-unzipped/part1/sub177/FL-12_09_02_2015_FL-12_0012807.jpg,NACTI : FL-12_09_02_2015_FL-12_0012807.jpg,NACTI : unknown,NACTI : archbold_FL-12,-1,wild boar,,6,val
https://storage.googleapis.com/public-datasets-lila/nacti-unzipped/part1/sub129/FL-04_06_01_2015_FL-04_0002770.jpg,NACTI : FL-04_06_01_2015_FL-04_0002770.jpg,NACTI : unknown,NACTI : archbold_FL-04,-1,wild boar,,6,test
https://storage.googleapis.com/public-datasets-lila/nacti-unzipped/part2/sub277/FL-37_03_08_2016_FL-37_0006923.JPG,NACTI : FL-37_03_08_2016_FL-37_0006923.JPG,NACTI : unknown,NACTI : archbold_FL-37,-1,wild boar,,6,train
https://storage.googleapis.com/public-datasets-lila/nacti-unzipped/part0/sub058/CA-18_11_08_2016_CA-18_0041253.JPG,NACTI : CA-18_11_08_2016_CA-18_0041253.JPG,NACTI : unknown,NACTI : lebec_CA-18,-1,wild boar,,6,val
https://storage.googleapis.com/public-datasets-lila/nacti-unzipped/part0/sub041/CA-08_09_06_2016_CA-08_0013566.JPG,NACTI : CA-08_09_06_2016_CA-08_0013566.JPG,NACTI : unknown,NACTI : lebec_CA-08,-1,wild boar,,6,train
https://storage.googleapis.com/public-datasets-lila/nacti-unzipped/part1/sub193/FL-16_06_02_2015_FL-16_0036786.jpg,NACTI : FL-16_06_02_2015_FL-16_0036786.jpg,NACTI : unknown,NACTI : archbold_FL-16,-1,wild boar,,6,train
https://storage.googleapis.com/public-datasets-lila/nacti-unzipped/part0/sub066/CA-24_09_11_2015_CA-24_0011153.jpg,NACTI : CA-24_09_11_2015_CA-24_0011153.jpg,NACTI : unknown,NACTI : lebec_CA-24,-1,wild boar,,6,train
https://storage.googleapis.com/public-datasets-lila/nacti-unzipped/part0/sub039/CA-06_09_08_2016_CA-06_0017877.JPG,NACTI : CA-06_09_08_2016_CA-06_0017877.JPG,NACTI : unknown,NACTI : lebec_CA-06,-1,wild boar,,6,val
https://storage.googleapis.com/public-datasets-lila/nacti-unzipped/part0/sub073/CA-28_10_03_2016_CA-28_0028389.JPG,NACTI : CA-28_10_03_2016_CA-28_0028389.JPG,NACTI : unknown,NACTI : lebec_CA-28,-1,wild boar,,6,train
https://storage.googleapis.com/public-datasets-lila/nacti-unzipped/part1/sub192/FL-16_06_02_2015_FL-16_0013326.jpg,NACTI : FL-16_06_02_2015_FL-16_0013326.jpg,NACTI : unknown,NACTI : archbold_FL-16,-1,wild boar,,6,train
https://storage.googleapis.com/public-datasets-lila/nacti-unzipped/part1/sub191/FL-16_06_02_2015_FL-16_0000851.jpg,NACTI : FL-16_06_02_2015_FL-16_0000851.jpg,NACTI : unknown,NACTI : archbold_FL-16,-1,wild boar,,6,train
https://storage.googleapis.com/public-datasets-lila/nacti-unzipped/part0/sub046/CA-11_08_13_2015_CA-11_0002055.jpg,NACTI : CA-11_08_13_2015_CA-11_0002055.jpg,NACTI : unknown,NACTI : lebec_CA-11,-1,wild boar,,6,train
https://storage.googleapis.com/public-datasets-lila/nacti-unzipped/part1/sub119/FL-02_06_02_2016_FL-02_0067061.JPG,NACTI : FL-02_06_02_2016_FL-02_0067061.JPG,NACTI : unknown,NACTI : archbold_FL-02,-1,wild boar,,6,train
https://storage.googleapis.com/public-datasets-lila/nacti-unzipped/part1/sub132/FL-05_05_02_2016_FL-05_0038228.JPG,NACTI : FL-05_05_02_2016_FL-05_0038228.JPG,NACTI : unknown,NACTI : archbold_FL-05,-1,wild boar,,6,train
https://storage.googleapis.com/public-datasets-lila/nacti-unzipped/part1/sub134/FL-05_09_02_2015_FL-05_0023596.jpg,NACTI : FL-05_09_02_2015_FL-05_0023596.jpg,NACTI : unknown,NACTI : archbold_FL-05,-1,wild boar,,6,train
https://storage.googleapis.com/public-datasets-lila/nacti-unzipped/part1/sub108/CA-46_01_21_2016_CA-46_0011600.jpg,NACTI : CA-46_01_21_2016_CA-46_0011600.jpg,NACTI : unknown,NACTI : lebec_CA-46,-1,wild boar,,6,train
https://storage.googleapis.com/public-datasets-lila/nacti-unzipped/part0/sub065/CA-23_11_05_2015_CA-23_0020213.jpg,NACTI : CA-23_11_05_2015_CA-23_0020213.jpg,NACTI : unknown,NACTI : lebec_CA-23,-1,wild boar,,6,train
https://storage.googleapis.com/public-datasets-lila/nacti-unzipped/part1/sub131/FL-05_04_04_2016_FL-05_0035211.JPG,NACTI : FL-05_04_04_2016_FL-05_0035211.JPG,NACTI : unknown,NACTI : archbold_FL-05,-1,wild boar,,6,train
https://storage.googleapis.com/public-datasets-lila/nacti-unzipped/part2/sub232/FL-24_03_01_2016_FL-24_0054917.JPG,NACTI : FL-24_03_01_2016_FL-24_0054917.JPG,NACTI : unknown,NACTI : archbold_FL-24,-1,wild boar,,6,train
https://storage.googleapis.com/public-datasets-lila/nacti-unzipped/part2/sub271/FL-34_12_07_2015_FL-34_0000953.jpg,NACTI : FL-34_12_07_2015_FL-34_0000953.jpg,NACTI : unknown,NACTI : archbold_FL-34,-1,wild boar,,6,test
https://storage.googleapis.com/public-datasets-lila/nacti-unzipped/part1/sub199/FL-17_04_04_2016_FL-17_0067304.JPG,NACTI : FL-17_04_04_2016_FL-17_0067304.JPG,NACTI : unknown,NACTI : archbold_FL-17,-1,wild boar,,6,train
https://storage.googleapis.com/public-datasets-lila/nacti-unzipped/part0/sub034/CA-02_08_10_2016_CA-02_0018118.JPG,NACTI : CA-02_08_10_2016_CA-02_0018118.JPG,NACTI : unknown,NACTI : lebec_CA-02,-1,wild boar,,6,train
https://storage.googleapis.com/public-datasets-lila/nacti-unzipped/part2/sub289/FL-42_12_08_2015_FL-42_0004014.jpg,NACTI : FL-42_12_08_2015_FL-42_0004014.jpg,NACTI : unknown,NACTI : archbold_FL-42,-1,wild boar,,6,train
https://storage.googleapis.com/public-datasets-lila/nacti-unzipped/part0/sub099/CA-41_09_16_2015_CA-41_0016983.jpg,NACTI : CA-41_09_16_2015_CA-41_0016983.jpg,NACTI : unknown,NACTI : lebec_CA-41,-1,wild boar,,6,train
https://storage.googleapis.com/public-datasets-lila/nacti-unzipped/part2/sub283/FL-39_01_23_2016_FL-39_0003849.jpg,NACTI : FL-39_01_23_2016_FL-39_0003849.jpg,NACTI : unknown,NACTI : archbold_FL-39,-1,wild boar,,6,test
https://storage.googleapis.com/public-datasets-lila/nacti-unzipped/part1/sub106/CA-44_08_12_2015_CA-44_0003070.jpg,NACTI : CA-44_08_12_2015_CA-44_0003070.jpg,NACTI : unknown,NACTI : lebec_CA-44,-1,wild boar,,6,val
https://storage.googleapis.com/public-datasets-lila/nacti-unzipped/part0/sub088/CA-34_09_02_2016_CA-34_0030256.JPG,NACTI : CA-34_09_02_2016_CA-34_0030256.JPG,NACTI : unknown,NACTI : lebec_CA-34,-1,wild boar,,6,train
https://storage.googleapis.com/public-datasets-lila/nacti-unzipped/part1/sub189/FL-15_10_01_2015_FL-15_0009333.jpg,NACTI : FL-15_10_01_2015_FL-15_0009333.jpg,NACTI : unknown,NACTI : archbold_FL-15,-1,wild boar,,6,test
https://storage.googleapis.com/public-datasets-lila/nacti-unzipped/part0/sub041/CA-08_05_13_2016_CA-08_0007828.JPG,NACTI : CA-08_05_13_2016_CA-08_0007828.JPG,NACTI : unknown,NACTI : lebec_CA-08,-1,wild boar,,6,train
https://storage.googleapis.com/public-datasets-lila/nacti-unzipped/part0/sub077/CA-30_01_28_2016_CA-30_0034552.jpg,NACTI : CA-30_01_28_2016_CA-30_0034552.jpg,NACTI : unknown,NACTI : lebec_CA-30,-1,wild boar,,6,test
https://storage.googleapis.com/public-datasets-lila/nacti-unzipped/part2/sub217/FL-21_06_30_2015_FL-21_0004918.jpg,NACTI : FL-21_06_30_2015_FL-21_0004918.jpg,NACTI : unknown,NACTI : archbold_FL-21,-1,wild boar,,6,test
https://storage.googleapis.com/public-datasets-lila/nacti-unzipped/part0/sub048/CA-13_10_05_2016_CA-13_0012054.JPG,NACTI : CA-13_10_05_2016_CA-13_0012054.JPG,NACTI : unknown,NACTI : lebec_CA-13,-1,wild boar,,6,val
https://storage.googleapis.com/public-datasets-lila/nacti-unzipped/part2/sub285/FL-40_11_03_2015_FL-40_0001685.jpg,NACTI : FL-40_11_03_2015_FL-40_0001685.jpg,NACTI : unknown,NACTI : archbold_FL-40,-1,wild boar,,6,train
https://storage.googleapis.com/public-datasets-lila/nacti-unzipped/part2/sub232/FL-23_12_08_2015_FL-23_0016244.jpg,NACTI : FL-23_12_08_2015_FL-23_0016244.jpg,NACTI : unknown,NACTI : archbold_FL-23,-1,wild boar,,6,train
https://storage.googleapis.com/public-datasets-lila/missouricameratraps/images/Set1/1.59-Wild_Boar/SEQ77098/SEQ77098_IMG_0009.JPG,Missouri Camera Traps : 97e072cc-5c15-11ee-8d73-04421a1b1283,Missouri Camera Traps : SEQ77098,Missouri Camera Traps : missouri_camera_traps,26,wild boar,,6,train
https://storage.googleapis.com/public-datasets-lila/nacti-unzipped/part1/sub189/FL-16_01_21_2016_FL-16_0103777.jpg,NACTI : FL-16_01_21_2016_FL-16_0103777.jpg,NACTI : unknown,NACTI : archbold_FL-16,-1,wild boar,,6,train
https://storage.googleapis.com/public-datasets-lila/nacti-unzipped/part2/sub232/FL-23_12_08_2015_FL-23_0016104.jpg,NACTI : FL-23_12_08_2015_FL-23_0016104.jpg,NACTI : unknown,NACTI : archbold_FL-23,-1,wild boar,,6,train
https://storage.googleapis.com/public-datasets-lila/nacti-unzipped/part1/sub195/FL-16_06_02_2015_FL-16_0056409.jpg,NACTI : FL-16_06_02_2015_FL-16_0056409.jpg,NACTI : unknown,NACTI : archbold_FL-16,-1,wild boar,,6,train
https://storage.googleapis.com/public-datasets-lila/nacti-unzipped/part0/sub063/CA-23_04_06_2015_CA-23_0000441.jpg,NACTI : CA-23_04_06_2015_CA-23_0000441.jpg,NACTI : unknown,NACTI : lebec_CA-23,-1,wild boar,,6,train
https://storage.googleapis.com/public-datasets-lila/nacti-unzipped/part0/sub082/CA-30_09_18_2015_CA-30_0032844.jpg,NACTI : CA-30_09_18_2015_CA-30_0032844.jpg,NACTI : unknown,NACTI : lebec_CA-30,-1,wild boar,,6,test
https://storage.googleapis.com/public-datasets-lila/nacti-unzipped/part0/sub082/CA-31_04_12_2015_CA-31_0009937.jpg,NACTI : CA-31_04_12_2015_CA-31_0009937.jpg,NACTI : unknown,NACTI : lebec_CA-31,-1,wild boar,,6,train
https://storage.googleapis.com/public-datasets-lila/nacti-unzipped/part1/sub198/FL-16_07_06_2016_FL-16_0139788.JPG,NACTI : FL-16_07_06_2016_FL-16_0139788.JPG,NACTI : unknown,NACTI : archbold_FL-16,-1,wild boar,,6,train
https://storage.googleapis.com/public-datasets-lila/nacti-unzipped/part1/sub135/FL-05_12_08_2015_FL-05_0029318.jpg,NACTI : FL-05_12_08_2015_FL-05_0029318.jpg,NACTI : unknown,NACTI : archbold_FL-05,-1,wild boar,,6,train
https://storage.googleapis.com/public-datasets-lila/nacti-unzipped/part2/sub226/FL-22_06_30_2015_FL-22_0050757.jpg,NACTI : FL-22_06_30_2015_FL-22_0050757.jpg,NACTI : unknown,NACTI : archbold_FL-22,-1,wild boar,,6,train
https://storage.googleapis.com/public-datasets-lila/nacti-unzipped/part0/sub085/CA-33_08_04_2015_CA-33_0006795.jpg,NACTI : CA-33_08_04_2015_CA-33_0006795.jpg,NACTI : unknown,NACTI : lebec_CA-33,-1,wild boar,,6,train
https://storage.googleapis.com/public-datasets-lila/nacti-unzipped/part0/sub070/CA-27_10_06_2016_CA-27_0020681.JPG,NACTI : CA-27_10_06_2016_CA-27_0020681.JPG,NACTI : unknown,NACTI : lebec_CA-27,-1,wild boar,,6,train
https://storage.googleapis.com/public-datasets-lila/nacti-unzipped/part0/sub089/CA-35_08_04_2015_CA-35_0002720.jpg,NACTI : CA-35_08_04_2015_CA-35_0002720.jpg,NACTI : unknown,NACTI : lebec_CA-35,-1,wild boar,,6,train
https://storage.googleapis.com/public-datasets-lila/nacti-unzipped/part2/sub278/FL-37_07_08_2016_FL-37_0019283.JPG,NACTI : FL-37_07_08_2016_FL-37_0019283.JPG,NACTI : unknown,NACTI : archbold_FL-37,-1,wild boar,,6,train
https://storage.googleapis.com/public-datasets-lila/nacti-unzipped/part0/sub099/CA-41_09_16_2015_CA-41_0015204.jpg,NACTI : CA-41_09_16_2015_CA-41_0015204.jpg,NACTI : unknown,NACTI : lebec_CA-41,-1,wild boar,,6,train
https://storage.googleapis.com/public-datasets-lila/nacti-unzipped/part0/sub092/CA-37_09_06_2016_CA-37_0035240.JPG,NACTI : CA-37_09_06_2016_CA-37_0035240.JPG,NACTI : unknown,NACTI : lebec_CA-37,-1,wild boar,,6,train
https://storage.googleapis.com/public-datasets-lila/nacti-unzipped/part1/sub162/FL-08_09_01_2016_FL-08_0025815.JPG,NACTI : FL-08_09_01_2016_FL-08_0025815.JPG,NACTI : unknown,NACTI : archbold_FL-08,-1,wild boar,,6,test
https://storage.googleapis.com/public-datasets-lila/nacti-unzipped/part2/sub245/FL-27_08_05_2016_FL-27_0067182.JPG,NACTI : FL-27_08_05_2016_FL-27_0067182.JPG,NACTI : unknown,NACTI : archbold_FL-27,-1,wild boar,,6,train
https://storage.googleapis.com/public-datasets-lila/nacti-unzipped/part2/sub285/FL-40_11_03_2015_FL-40_0002113.jpg,NACTI : FL-40_11_03_2015_FL-40_0002113.jpg,NACTI : unknown,NACTI : archbold_FL-40,-1,wild boar,,6,train
https://storage.googleapis.com/public-datasets-lila/nacti-unzipped/part2/sub237/FL-25_03_07_2016_FL-25_0022343.JPG,NACTI : FL-25_03_07_2016_FL-25_0022343.JPG,NACTI : unknown,NACTI : archbold_FL-25,-1,wild boar,,6,train
https://storage.googleapis.com/public-datasets-lila/nacti-unzipped/part0/sub053/CA-17_07_01_2016_CA-17_0037628.JPG,NACTI : CA-17_07_01_2016_CA-17_0037628.JPG,NACTI : unknown,NACTI : lebec_CA-17,-1,wild boar,,6,train
https://storage.googleapis.com/public-datasets-lila/nacti-unzipped/part1/sub194/FL-16_06_02_2015_FL-16_0041528.jpg,NACTI : FL-16_06_02_2015_FL-16_0041528.jpg,NACTI : unknown,NACTI : archbold_FL-16,-1,wild boar,,6,train
https://storage.googleapis.com/public-datasets-lila/nacti-unzipped/part1/sub176/FL-12_07_28_2015_FL-12_0004760.jpg,NACTI : FL-12_07_28_2015_FL-12_0004760.jpg,NACTI : unknown,NACTI : archbold_FL-12,-1,wild boar,,6,val
https://storage.googleapis.com/public-datasets-lila/nacti-unzipped/part0/sub099/CA-41_09_16_2015_CA-41_0015657.jpg,NACTI : CA-41_09_16_2015_CA-41_0015657.jpg,NACTI : unknown,NACTI : lebec_CA-41,-1,wild boar,,6,train
https://storage.googleapis.com/public-datasets-lila/nacti-unzipped/part1/sub177/FL-12_09_30_2015_FL-12_0015912.jpg,NACTI : FL-12_09_30_2015_FL-12_0015912.jpg,NACTI : unknown,NACTI : archbold_FL-12,-1,wild boar,,6,val
https://storage.googleapis.com/public-datasets-lila/nacti-unzipped/part1/sub106/CA-44_08_12_2015_CA-44_0003815.jpg,NACTI : CA-44_08_12_2015_CA-44_0003815.jpg,NACTI : unknown,NACTI : lebec_CA-44,-1,wild boar,,6,val
https://storage.googleapis.com/public-datasets-lila/nacti-unzipped/part2/sub242/FL-27_06_02_2015_FL-27_0007837.jpg,NACTI : FL-27_06_02_2015_FL-27_0007837.jpg,NACTI : unknown,NACTI : archbold_FL-27,-1,wild boar,,6,train
https://storage.googleapis.com/public-datasets-lila/nacti-unzipped/part0/sub050/CA-16_10_08_2015_CA-16_0001927.jpg,NACTI : CA-16_10_08_2015_CA-16_0001927.jpg,NACTI : unknown,NACTI : lebec_CA-16,-1,wild boar,,6,train
https://storage.googleapis.com/public-datasets-lila/nacti-unzipped/part0/sub058/CA-18_10_15_2015_CA-18_0020807.jpg,NACTI : CA-18_10_15_2015_CA-18_0020807.jpg,NACTI : unknown,NACTI : lebec_CA-18,-1,wild boar,,6,val
https://storage.googleapis.com/public-datasets-lila/nacti-unzipped/part2/sub270/FL-34_03_09_2016_FL-34_0002014.JPG,NACTI : FL-34_03_09_2016_FL-34_0002014.JPG,NACTI : unknown,NACTI : archbold_FL-34,-1,wild boar,,6,test
https://storage.googleapis.com/public-datasets-lila/nacti-unzipped/part0/sub077/CA-29_10_16_2015_CA-29_0028904.jpg,NACTI : CA-29_10_16_2015_CA-29_0028904.jpg,NACTI : unknown,NACTI : lebec_CA-29,-1,wild boar,,6,train
https://storage.googleapis.com/public-datasets-lila/nacti-unzipped/part2/sub241/FL-27_06_02_2015_FL-27_0000378.jpg,NACTI : FL-27_06_02_2015_FL-27_0000378.jpg,NACTI : unknown,NACTI : archbold_FL-27,-1,wild boar,,6,train
https://storage.googleapis.com/public-datasets-lila/nacti-unzipped/part1/sub195/FL-16_06_02_2016_FL-16_0128694.JPG,NACTI : FL-16_06_02_2016_FL-16_0128694.JPG,NACTI : unknown,NACTI : archbold_FL-16,-1,wild boar,,6,train
https://storage.googleapis.com/public-datasets-lila/nacti-unzipped/part1/sub100/CA-41_10_06_2016_CA-41_0028089.JPG,NACTI : CA-41_10_06_2016_CA-41_0028089.JPG,NACTI : unknown,NACTI : lebec_CA-41,-1,wild boar,,6,train
https://storage.googleapis.com/public-datasets-lila/nacti-unzipped/part0/sub057/CA-18_07_01_2016_CA-18_0032283.JPG,NACTI : CA-18_07_01_2016_CA-18_0032283.JPG,NACTI : unknown,NACTI : lebec_CA-18,-1,wild boar,,6,val
https://storage.googleapis.com/public-datasets-lila/nacti-unzipped/part0/sub039/CA-06_07_01_2016_CA-06_0013963.JPG,NACTI : CA-06_07_01_2016_CA-06_0013963.JPG,NACTI : unknown,NACTI : lebec_CA-06,-1,wild boar,,6,val
https://storage.googleapis.com/public-datasets-lila/nacti-unzipped/part2/sub284/FL-40_04_05_2016_FL-40_0015254.JPG,NACTI : FL-40_04_05_2016_FL-40_0015254.JPG,NACTI : unknown,NACTI : archbold_FL-40,-1,wild boar,,6,train
https://storage.googleapis.com/public-datasets-lila/nacti-unzipped/part2/sub241/FL-27_05_02_2016_FL-27_0056252.JPG,NACTI : FL-27_05_02_2016_FL-27_0056252.JPG,NACTI : unknown,NACTI : archbold_FL-27,-1,wild boar,,6,train
https://storage.googleapis.com/public-datasets-lila/nacti-unzipped/part0/sub042/CA-08_10_14_2015_CA-08_0005956.jpg,NACTI : CA-08_10_14_2015_CA-08_0005956.jpg,NACTI : unknown,NACTI : lebec_CA-08,-1,wild boar,,6,train
https://storage.googleapis.com/public-datasets-lila/nacti-unzipped/part2/sub279/FL-37_12_07_2015_FL-37_0002803.jpg,NACTI : FL-37_12_07_2015_FL-37_0002803.jpg,NACTI : unknown,NACTI : archbold_FL-37,-1,wild boar,,6,train
https://storage.googleapis.com/public-datasets-lila/nacti-unzipped/part2/sub217/FL-21_06_03_2015_FL-21_0001729.jpg,NACTI : FL-21_06_03_2015_FL-21_0001729.jpg,NACTI : unknown,NACTI : archbold_FL-21,-1,wild boar,,6,test
https://storage.googleapis.com/public-datasets-lila/nacti-unzipped/part0/sub064/CA-23_08_13_2015_CA-23_0006227.jpg,NACTI : CA-23_08_13_2015_CA-23_0006227.jpg,NACTI : unknown,NACTI : lebec_CA-23,-1,wild boar,,6,train
https://storage.googleapis.com/public-datasets-lila/nacti-unzipped/part1/sub135/FL-05_12_08_2015_FL-05_0027240.jpg,NACTI : FL-05_12_08_2015_FL-05_0027240.jpg,NACTI : unknown,NACTI : archbold_FL-05,-1,wild boar,,6,train
https://storage.googleapis.com/public-datasets-lila/nacti-unzipped/part2/sub219/FL-22_03_07_2016_FL-22_0080571.JPG,NACTI : FL-22_03_07_2016_FL-22_0080571.JPG,NACTI : unknown,NACTI : archbold_FL-22,-1,wild boar,,6,train
https://storage.googleapis.com/public-datasets-lila/nacti-unzipped/part2/sub290/FL-44_03_08_2016_FL-44_0002250.JPG,NACTI : FL-44_03_08_2016_FL-44_0002250.JPG,NACTI : unknown,NACTI : archbold_FL-44,-1,wild boar,,6,train
https://storage.googleapis.com/public-datasets-lila/nacti-unzipped/part0/sub085/CA-33_08_04_2015_CA-33_0005241.jpg,NACTI : CA-33_08_04_2015_CA-33_0005241.jpg,NACTI : unknown,NACTI : lebec_CA-33,-1,wild boar,,6,train
https://storage.googleapis.com/public-datasets-lila/nacti-unzipped/part2/sub285/FL-40_11_03_2015_FL-40_0001429.jpg,NACTI : FL-40_11_03_2015_FL-40_0001429.jpg,NACTI : unknown,NACTI : archbold_FL-40,-1,wild boar,,6,train
https://storage.googleapis.com/public-datasets-lila/nacti-unzipped/part0/sub059/CA-19_11_30_2015_CA-19_0016767.jpg,NACTI : CA-19_11_30_2015_CA-19_0016767.jpg,NACTI : unknown,NACTI : lebec_CA-19,-1,wild boar,,6,train
https://storage.googleapis.com/public-datasets-lila/nacti-unzipped/part1/sub124/FL-03_06_01_2015_FL-03_0003605.jpg,NACTI : FL-03_06_01_2015_FL-03_0003605.jpg,NACTI : unknown,NACTI : archbold_FL-03,-1,wild boar,,6,train
https://storage.googleapis.com/public-datasets-lila/nacti-unzipped/part1/sub104/CA-43_08_12_2015_CA-43_0001227.jpg,NACTI : CA-43_08_12_2015_CA-43_0001227.jpg,NACTI : unknown,NACTI : lebec_CA-43,-1,wild boar,,6,val
https://storage.googleapis.com/public-datasets-lila/nacti-unzipped/part2/sub242/FL-27_06_30_2015_FL-27_0010171.jpg,NACTI : FL-27_06_30_2015_FL-27_0010171.jpg,NACTI : unknown,NACTI : archbold_FL-27,-1,wild boar,,6,train
https://storage.googleapis.com/public-datasets-lila/nacti-unzipped/part2/sub290/FL-44_12_07_2015_FL-44_0000768.jpg,NACTI : FL-44_12_07_2015_FL-44_0000768.jpg,NACTI : unknown,NACTI : archbold_FL-44,-1,wild boar,,6,train
https://storage.googleapis.com/public-datasets-lila/nacti-unzipped/part2/sub240/FL-26_09_09_2016_FL-26_0030577.JPG,NACTI : FL-26_09_09_2016_FL-26_0030577.JPG,NACTI : unknown,NACTI : archbold_FL-26,-1,wild boar,,6,train
https://storage.googleapis.com/public-datasets-lila/nacti-unzipped/part2/sub285/FL-40_09_09_2016_FL-40_0026702.JPG,NACTI : FL-40_09_09_2016_FL-40_0026702.JPG,NACTI : unknown,NACTI : archbold_FL-40,-1,wild boar,,6,train
https://storage.googleapis.com/public-datasets-lila/nacti-unzipped/part0/sub041/CA-07_10_08_2015_CA-07_0006416.jpg,NACTI : CA-07_10_08_2015_CA-07_0006416.jpg,NACTI : unknown,NACTI : lebec_CA-07,-1,wild boar,,6,test
https://storage.googleapis.com/public-datasets-lila/nacti-unzipped/part0/sub084/CA-32_03_04_2015_CA-32_0000112.jpg,NACTI : CA-32_03_04_2015_CA-32_0000112.jpg,NACTI : unknown,NACTI : lebec_CA-32,-1,wild boar,,6,train
https://storage.googleapis.com/public-datasets-lila/nacti-unzipped/part1/sub195/FL-16_06_02_2015_FL-16_0058565.jpg,NACTI : FL-16_06_02_2015_FL-16_0058565.jpg,NACTI : unknown,NACTI : archbold_FL-16,-1,wild boar,,6,train
https://storage.googleapis.com/public-datasets-lila/nacti-unzipped/part0/sub046/CA-11_08_13_2015_CA-11_0001684.jpg,NACTI : CA-11_08_13_2015_CA-11_0001684.jpg,NACTI : unknown,NACTI : lebec_CA-11,-1,wild boar,,6,train
https://storage.googleapis.com/public-datasets-lila/nacti-unzipped/part0/sub089/CA-36_10_16_2015_CA-36_0002842.jpg,NACTI : CA-36_10_16_2015_CA-36_0002842.jpg,NACTI : unknown,NACTI : lebec_CA-36,-1,wild boar,,6,test
https://storage.googleapis.com/public-datasets-lila/nacti-unzipped/part1/sub132/FL-05_05_02_2016_FL-05_0038112.JPG,NACTI : FL-05_05_02_2016_FL-05_0038112.JPG,NACTI : unknown,NACTI : archbold_FL-05,-1,wild boar,,6,train
https://storage.googleapis.com/public-datasets-lila/nacti-unzipped/part0/sub048/CA-13_10_05_2016_CA-13_0013301.JPG,NACTI : CA-13_10_05_2016_CA-13_0013301.JPG,NACTI : unknown,NACTI : lebec_CA-13,-1,wild boar,,6,val
https://storage.googleapis.com/public-datasets-lila/nacti-unzipped/part1/sub176/FL-12_07_28_2015_FL-12_0009621.jpg,NACTI : FL-12_07_28_2015_FL-12_0009621.jpg,NACTI : unknown,NACTI : archbold_FL-12,-1,wild boar,,6,val
https://storage.googleapis.com/public-datasets-lila/nacti-unzipped/part0/sub042/CA-08_10_14_2015_CA-08_0005931.jpg,NACTI : CA-08_10_14_2015_CA-08_0005931.jpg,NACTI : unknown,NACTI : lebec_CA-08,-1,wild boar,,6,train
https://storage.googleapis.com/public-datasets-lila/nacti-unzipped/part1/sub122/FL-02_08_02_2016_FL-02_0066511.JPG,NACTI : FL-02_08_02_2016_FL-02_0066511.JPG,NACTI : unknown,NACTI : archbold_FL-02,-1,wild boar,,6,train
https://storage.googleapis.com/public-datasets-lila/nacti-unzipped/part0/sub063/CA-23_08_13_2015_CA-23_0000784.jpg,NACTI : CA-23_08_13_2015_CA-23_0000784.jpg,NACTI : unknown,NACTI : lebec_CA-23,-1,wild boar,,6,train
https://storage.googleapis.com/public-datasets-lila/nacti-unzipped/part0/sub084/CA-31_09_10_2015_CA-31_0015395.jpg,NACTI : CA-31_09_10_2015_CA-31_0015395.jpg,NACTI : unknown,NACTI : lebec_CA-31,-1,wild boar,,6,train
https://storage.googleapis.com/public-datasets-lila/nacti-unzipped/part1/sub134/FL-05_10_05_2016_FL-05_0044861.JPG,NACTI : FL-05_10_05_2016_FL-05_0044861.JPG,NACTI : unknown,NACTI : archbold_FL-05,-1,wild boar,,6,train
https://storage.googleapis.com/public-datasets-lila/nacti-unzipped/part0/sub077/CA-29_09_18_2015_CA-29_0027360.jpg,NACTI : CA-29_09_18_2015_CA-29_0027360.jpg,NACTI : unknown,NACTI : lebec_CA-29,-1,wild boar,,6,train
https://storage.googleapis.com/public-datasets-lila/nacti-unzipped/part2/sub278/FL-37_07_08_2016_FL-37_0017434.JPG,NACTI : FL-37_07_08_2016_FL-37_0017434.JPG,NACTI : unknown,NACTI : archbold_FL-37,-1,wild boar,,6,train
https://storage.googleapis.com/public-datasets-lila/nacti-unzipped/part2/sub215/FL-20_06_30_2015_FL-20_0014651.jpg,NACTI : FL-20_06_30_2015_FL-20_0014651.jpg,NACTI : unknown,NACTI : archbold_FL-20,-1,wild boar,,6,train
https://storage.googleapis.com/public-datasets-lila/nacti-unzipped/part1/sub170/FL-11_01_20_2016_FL-11_0016683.jpg,NACTI : FL-11_01_20_2016_FL-11_0016683.jpg,NACTI : unknown,NACTI : archbold_FL-11,-1,wild boar,,6,train
https://storage.googleapis.com/public-datasets-lila/nacti-unzipped/part2/sub240/FL-26_12_08_2015_FL-26_0022456.jpg,NACTI : FL-26_12_08_2015_FL-26_0022456.jpg,NACTI : unknown,NACTI : archbold_FL-26,-1,wild boar,,6,train
https://storage.googleapis.com/public-datasets-lila/nacti-unzipped/part0/sub038/CA-05_08_12_2015_CA-05_0001531.jpg,NACTI : CA-05_08_12_2015_CA-05_0001531.jpg,NACTI : unknown,NACTI : lebec_CA-05,-1,wild boar,,6,train
https://storage.googleapis.com/public-datasets-lila/nacti-unzipped/part1/sub108/CA-46_01_21_2016_CA-46_0011046.jpg,NACTI : CA-46_01_21_2016_CA-46_0011046.jpg,NACTI : unknown,NACTI : lebec_CA-46,-1,wild boar,,6,train
https://storage.googleapis.com/public-datasets-lila/nacti-unzipped/part0/sub073/CA-28_10_31_2016_CA-28_0030025.JPG,NACTI : CA-28_10_31_2016_CA-28_0030025.JPG,NACTI : unknown,NACTI : lebec_CA-28,-1,wild boar,,6,train
https://storage.googleapis.com/public-datasets-lila/nacti-unzipped/part2/sub283/FL-39_03_08_2016_FL-39_0005106.JPG,NACTI : FL-39_03_08_2016_FL-39_0005106.JPG,NACTI : unknown,NACTI : archbold_FL-39,-1,wild boar,,6,test
https://storage.googleapis.com/public-datasets-lila/nacti-unzipped/part0/sub099/CA-41_09_16_2015_CA-41_0016411.jpg,NACTI : CA-41_09_16_2015_CA-41_0016411.jpg,NACTI : unknown,NACTI : lebec_CA-41,-1,wild boar,,6,train
https://storage.googleapis.com/public-datasets-lila/nacti-unzipped/part0/sub088/CA-35_08_04_2015_CA-35_0000773.jpg,NACTI : CA-35_08_04_2015_CA-35_0000773.jpg,NACTI : unknown,NACTI : lebec_CA-35,-1,wild boar,,6,train
https://storage.googleapis.com/public-datasets-lila/nacti-unzipped/part2/sub232/FL-23_12_08_2015_FL-23_0016634.jpg,NACTI : FL-23_12_08_2015_FL-23_0016634.jpg,NACTI : unknown,NACTI : archbold_FL-23,-1,wild boar,,6,train
https://storage.googleapis.com/public-datasets-lila/nacti-unzipped/part0/sub085/CA-33_08_04_2015_CA-33_0002939.jpg,NACTI : CA-33_08_04_2015_CA-33_0002939.jpg,NACTI : unknown,NACTI : lebec_CA-33,-1,wild boar,,6,train
https://storage.googleapis.com/public-datasets-lila/nacti-unzipped/part0/sub039/CA-06_09_08_2016_CA-06_0017940.JPG,NACTI : CA-06_09_08_2016_CA-06_0017940.JPG,NACTI : unknown,NACTI : lebec_CA-06,-1,wild boar,,6,val
https://storage.googleapis.com/public-datasets-lila/nacti-unzipped/part2/sub225/FL-22_06_02_2015_FL-22_0038467.jpg,NACTI : FL-22_06_02_2015_FL-22_0038467.jpg,NACTI : unknown,NACTI : archbold_FL-22,-1,wild boar,,6,train
https://storage.googleapis.com/public-datasets-lila/nacti-unzipped/part2/sub240/FL-26_07_29_2015_FL-26_0015841.jpg,NACTI : FL-26_07_29_2015_FL-26_0015841.jpg,NACTI : unknown,NACTI : archbold_FL-26,-1,wild boar,,6,train
https://storage.googleapis.com/public-datasets-lila/nacti-unzipped/part2/sub230/FL-23_04_04_2016_FL-23_0019665.JPG,NACTI : FL-23_04_04_2016_FL-23_0019665.JPG,NACTI : unknown,NACTI : archbold_FL-23,-1,wild boar,,6,train
https://storage.googleapis.com/public-datasets-lila/nacti-unzipped/part0/sub099/CA-41_08_05_2016_CA-41_0025382.JPG,NACTI : CA-41_08_05_2016_CA-41_0025382.JPG,NACTI : unknown,NACTI : lebec_CA-41,-1,wild boar,,6,train
https://storage.googleapis.com/public-datasets-lila/nacti-unzipped/part1/sub187/FL-14_12_06_2015_FL-14_0013731.jpg,NACTI : FL-14_12_06_2015_FL-14_0013731.jpg,NACTI : unknown,NACTI : archbold_FL-14,-1,wild boar,,6,val
https://storage.googleapis.com/public-datasets-lila/nacti-unzipped/part0/sub084/CA-31_12_08_2015_CA-31_0016770.jpg,NACTI : CA-31_12_08_2015_CA-31_0016770.jpg,NACTI : unknown,NACTI : lebec_CA-31,-1,wild boar,,6,train
https://storage.googleapis.com/public-datasets-lila/nacti-unzipped/part2/sub290/FL-43_11_03_2015_FL-43_0000809.jpg,NACTI : FL-43_11_03_2015_FL-43_0000809.jpg,NACTI : unknown,NACTI : archbold_FL-43,-1,wild boar,,6,train
https://storage.googleapis.com/public-datasets-lila/nacti-unzipped/part2/sub271/FL-34_12_07_2015_FL-34_0001006.jpg,NACTI : FL-34_12_07_2015_FL-34_0001006.jpg,NACTI : unknown,NACTI : archbold_FL-34,-1,wild boar,,6,test
https://storage.googleapis.com/public-datasets-lila/nacti-unzipped/part1/sub170/FL-10_10_01_2015_FL-10_0006694.jpg,NACTI : FL-10_10_01_2015_FL-10_0006694.jpg,NACTI : unknown,NACTI : archbold_FL-10,-1,wild boar,,6,train
https://storage.googleapis.com/public-datasets-lila/nacti-unzipped/part2/sub283/FL-39_08_15_2016_FL-39_0011082.JPG,NACTI : FL-39_08_15_2016_FL-39_0011082.JPG,NACTI : unknown,NACTI : archbold_FL-39,-1,wild boar,,6,test
https://storage.googleapis.com/public-datasets-lila/nacti-unzipped/part2/sub239/FL-26_06_02_2016_FL-26_0028506.JPG,NACTI : FL-26_06_02_2016_FL-26_0028506.JPG,NACTI : unknown,NACTI : archbold_FL-26,-1,wild boar,,6,train
https://storage.googleapis.com/public-datasets-lila/nacti-unzipped/part2/sub284/FL-40_05_03_2016_FL-40_0016844.JPG,NACTI : FL-40_05_03_2016_FL-40_0016844.JPG,NACTI : unknown,NACTI : archbold_FL-40,-1,wild boar,,6,train
https://storage.googleapis.com/public-datasets-lila/nacti-unzipped/part0/sub054/CA-17_09_18_2015_CA-17_0024932.jpg,NACTI : CA-17_09_18_2015_CA-17_0024932.jpg,NACTI : unknown,NACTI : lebec_CA-17,-1,wild boar,,6,train
https://storage.googleapis.com/public-datasets-lila/nacti-unzipped/part0/sub082/CA-30_09_06_2016_CA-30_0059690.JPG,NACTI : CA-30_09_06_2016_CA-30_0059690.JPG,NACTI : unknown,NACTI : lebec_CA-30,-1,wild boar,,6,test
https://storage.googleapis.com/public-datasets-lila/nacti-unzipped/part0/sub084/CA-32_03_04_2015_CA-32_0000108.jpg,NACTI : CA-32_03_04_2015_CA-32_0000108.jpg,NACTI : unknown,NACTI : lebec_CA-32,-1,wild boar,,6,train
https://storage.googleapis.com/public-datasets-lila/nacti-unzipped/part2/sub280/FL-38_01_08_2016_FL-38_0024667.JPG,NACTI : FL-38_01_08_2016_FL-38_0024667.JPG,NACTI : unknown,NACTI : archbold_FL-38,-1,wild boar,,6,train
https://storage.googleapis.com/public-datasets-lila/nacti-unzipped/part0/sub038/CA-06_02_16_2016_CA-06_0009386.JPG,NACTI : CA-06_02_16_2016_CA-06_0009386.JPG,NACTI : unknown,NACTI : lebec_CA-06,-1,wild boar,,6,val
https://storage.googleapis.com/public-datasets-lila/nacti-unzipped/part2/sub232/FL-23_11_02_2015_FL-23_0014633.jpg,NACTI : FL-23_11_02_2015_FL-23_0014633.jpg,NACTI : unknown,NACTI : archbold_FL-23,-1,wild boar,,6,train
https://storage.googleapis.com/public-datasets-lila/nacti-unzipped/part1/sub135/FL-05_12_08_2015_FL-05_0027256.jpg,NACTI : FL-05_12_08_2015_FL-05_0027256.jpg,NACTI : unknown,NACTI : archbold_FL-05,-1,wild boar,,6,train
https://storage.googleapis.com/public-datasets-lila/nacti-unzipped/part2/sub283/FL-39_03_08_2016_FL-39_0006042.JPG,NACTI : FL-39_03_08_2016_FL-39_0006042.JPG,NACTI : unknown,NACTI : archbold_FL-39,-1,wild boar,,6,test
https://storage.googleapis.com/public-datasets-lila/nacti-unzipped/part2/sub241/FL-27_06_02_2015_FL-27_0002847.jpg,NACTI : FL-27_06_02_2015_FL-27_0002847.jpg,NACTI : unknown,NACTI : archbold_FL-27,-1,wild boar,,6,train
https://storage.googleapis.com/public-datasets-lila/nacti-unzipped/part1/sub100/CA-41_10_06_2016_CA-41_0027634.JPG,NACTI : CA-41_10_06_2016_CA-41_0027634.JPG,NACTI : unknown,NACTI : lebec_CA-41,-1,wild boar,,6,train
https://storage.googleapis.com/public-datasets-lila/nacti-unzipped/part2/sub278/FL-37_05_03_2016_FL-37_0013882.JPG,NACTI : FL-37_05_03_2016_FL-37_0013882.JPG,NACTI : unknown,NACTI : archbold_FL-37,-1,wild boar,,6,train
https://storage.googleapis.com/public-datasets-lila/nacti-unzipped/part0/sub073/CA-28_10_16_2015_CA-28_0012850.jpg,NACTI : CA-28_10_16_2015_CA-28_0012850.jpg,NACTI : unknown,NACTI : lebec_CA-28,-1,wild boar,,6,train
https://storage.googleapis.com/public-datasets-lila/nacti-unzipped/part2/sub247/FL-28_05_03_2016_FL-28_0051533.JPG,NACTI : FL-28_05_03_2016_FL-28_0051533.JPG,NACTI : unknown,NACTI : archbold_FL-28,-1,wild boar,,6,train
https://storage.googleapis.com/public-datasets-lila/nacti-unzipped/part1/sub109/CA-46_08_12_2015_CA-46_0007820.jpg,NACTI : CA-46_08_12_2015_CA-46_0007820.jpg,NACTI : unknown,NACTI : lebec_CA-46,-1,wild boar,,6,train
https://storage.googleapis.com/public-datasets-lila/nacti-unzipped/part1/sub162/FL-09_01_21_2016_FL-09_0040878.jpg,NACTI : FL-09_01_21_2016_FL-09_0040878.jpg,NACTI : unknown,NACTI : archbold_FL-09,-1,wild boar,,6,train
https://storage.googleapis.com/public-datasets-lila/nacti-unzipped/part1/sub106/CA-44_08_12_2015_CA-44_0004209.jpg,NACTI : CA-44_08_12_2015_CA-44_0004209.jpg,NACTI : unknown,NACTI : lebec_CA-44,-1,wild boar,,6,val
https://storage.googleapis.com/public-datasets-lila/nacti-unzipped/part1/sub194/FL-16_06_02_2015_FL-16_0042624.jpg,NACTI : FL-16_06_02_2015_FL-16_0042624.jpg,NACTI : unknown,NACTI : archbold_FL-16,-1,wild boar,,6,train
https://storage.googleapis.com/public-datasets-lila/nacti-unzipped/part1/sub100/CA-41_09_16_2015_CA-41_0017353.jpg,NACTI : CA-41_09_16_2015_CA-41_0017353.jpg,NACTI : unknown,NACTI : lebec_CA-41,-1,wild boar,,6,train
https://storage.googleapis.com/public-datasets-lila/nacti-unzipped/part1/sub198/FL-16_10_01_2015_FL-16_0091437.jpg,NACTI : FL-16_10_01_2015_FL-16_0091437.jpg,NACTI : unknown,NACTI : archbold_FL-16,-1,wild boar,,6,train
https://storage.googleapis.com/public-datasets-lila/nacti-unzipped/part2/sub232/FL-23_11_02_2015_FL-23_0015599.jpg,NACTI : FL-23_11_02_2015_FL-23_0015599.jpg,NACTI : unknown,NACTI : archbold_FL-23,-1,wild boar,,6,train
https://storage.googleapis.com/public-datasets-lila/nacti-unzipped/part1/sub179/FL-13_05_02_2016_FL-13_0078650.JPG,NACTI : FL-13_05_02_2016_FL-13_0078650.JPG,NACTI : unknown,NACTI : archbold_FL-13,-1,wild boar,,6,val
https://storage.googleapis.com/public-datasets-lila/nacti-unzipped/part0/sub088/CA-35_08_04_2015_CA-35_0000636.jpg,NACTI : CA-35_08_04_2015_CA-35_0000636.jpg,NACTI : unknown,NACTI : lebec_CA-35,-1,wild boar,,6,train
https://storage.googleapis.com/public-datasets-lila/nacti-unzipped/part2/sub265/FL-31_07_06_2016_FL-31_0058635.JPG,NACTI : FL-31_07_06_2016_FL-31_0058635.JPG,NACTI : unknown,NACTI : archbold_FL-31,-1,wild boar,,6,test
https://storage.googleapis.com/public-datasets-lila/nacti-unzipped/part0/sub065/CA-23_11_05_2015_CA-23_0020371.jpg,NACTI : CA-23_11_05_2015_CA-23_0020371.jpg,NACTI : unknown,NACTI : lebec_CA-23,-1,wild boar,,6,train
https://storage.googleapis.com/public-datasets-lila/nacti-unzipped/part0/sub099/CA-41_09_16_2015_CA-41_0015434.jpg,NACTI : CA-41_09_16_2015_CA-41_0015434.jpg,NACTI : unknown,NACTI : lebec_CA-41,-1,wild boar,,6,train
https://storage.googleapis.com/public-datasets-lila/nacti-unzipped/part0/sub098/CA-41_03_04_2016_CA-41_0018996.JPG,NACTI : CA-41_03_04_2016_CA-41_0018996.JPG,NACTI : unknown,NACTI : lebec_CA-41,-1,wild boar,,6,train
https://storage.googleapis.com/public-datasets-lila/nacti-unzipped/part2/sub277/FL-37_05_03_2016_FL-37_0011559.JPG,NACTI : FL-37_05_03_2016_FL-37_0011559.JPG,NACTI : unknown,NACTI : archbold_FL-37,-1,wild boar,,6,train
https://storage.googleapis.com/public-datasets-lila/nacti-unzipped/part2/sub282/FL-38_12_07_2015_FL-38_0004986.jpg,NACTI : FL-38_12_07_2015_FL-38_0004986.jpg,NACTI : unknown,NACTI : archbold_FL-38,-1,wild boar,,6,train
https://storage.googleapis.com/public-datasets-lila/nacti-unzipped/part1/sub124/FL-03_06_01_2015_FL-03_0000631.jpg,NACTI : FL-03_06_01_2015_FL-03_0000631.jpg,NACTI : unknown,NACTI : archbold_FL-03,-1,wild boar,,6,train
https://storage.googleapis.com/public-datasets-lila/nacti-unzipped/part1/sub162/FL-08_09_03_2015_FL-08_0010344.jpg,NACTI : FL-08_09_03_2015_FL-08_0010344.jpg,NACTI : unknown,NACTI : archbold_FL-08,-1,wild boar,,6,test
https://storage.googleapis.com/public-datasets-lila/nacti-unzipped/part2/sub289/FL-42_12_08_2015_FL-42_0004616.jpg,NACTI : FL-42_12_08_2015_FL-42_0004616.jpg,NACTI : unknown,NACTI : archbold_FL-42,-1,wild boar,,6,train
https://storage.googleapis.com/public-datasets-lila/nacti-unzipped/part0/sub099/CA-41_08_04_2015_CA-41_0011822.jpg,NACTI : CA-41_08_04_2015_CA-41_0011822.jpg,NACTI : unknown,NACTI : lebec_CA-41,-1,wild boar,,6,train
https://storage.googleapis.com/public-datasets-lila/nacti-unzipped/part2/sub208/FL-18_09_01_2016_FL-18_0028595.JPG,NACTI : FL-18_09_01_2016_FL-18_0028595.JPG,NACTI : unknown,NACTI : archbold_FL-18,-1,wild boar,,6,test
https://storage.googleapis.com/public-datasets-lila/nacti-unzipped/part2/sub222/FL-22_06_02_2015_FL-22_0010012.jpg,NACTI : FL-22_06_02_2015_FL-22_0010012.jpg,NACTI : unknown,NACTI : archbold_FL-22,-1,wild boar,,6,train
https://storage.googleapis.com/public-datasets-lila/nacti-unzipped/part0/sub038/CA-06_02_16_2016_CA-06_0009431.JPG,NACTI : CA-06_02_16_2016_CA-06_0009431.JPG,NACTI : unknown,NACTI : lebec_CA-06,-1,wild boar,,6,val
https://storage.googleapis.com/public-datasets-lila/nacti-unzipped/part2/sub267/FL-32_03_08_2016_FL-32_0006798.JPG,NACTI : FL-32_03_08_2016_FL-32_0006798.JPG,NACTI : unknown,NACTI : archbold_FL-32,-1,wild boar,,6,train
https://storage.googleapis.com/public-datasets-lila/nacti-unzipped/part1/sub185/FL-14_01_21_2016_FL-14_0014222.jpg,NACTI : FL-14_01_21_2016_FL-14_0014222.jpg,NACTI : unknown,NACTI : archbold_FL-14,-1,wild boar,,6,val
https://storage.googleapis.com/public-datasets-lila/nacti-unzipped/part1/sub135/FL-05_12_08_2015_FL-05_0028549.jpg,NACTI : FL-05_12_08_2015_FL-05_0028549.jpg,NACTI : unknown,NACTI : archbold_FL-05,-1,wild boar,,6,train
https://storage.googleapis.com/public-datasets-lila/nacti-unzipped/part1/sub129/FL-04_06_30_2015_FL-04_0005798.jpg,NACTI : FL-04_06_30_2015_FL-04_0005798.jpg,NACTI : unknown,NACTI : archbold_FL-04,-1,wild boar,,6,test
https://storage.googleapis.com/public-datasets-lila/nacti-unzipped/part0/sub086/CA-34_03_05_2015_CA-34_0000200.jpg,NACTI : CA-34_03_05_2015_CA-34_0000200.jpg,NACTI : unknown,NACTI : lebec_CA-34,-1,wild boar,,6,train
https://storage.googleapis.com/public-datasets-lila/nacti-unzipped/part1/sub134/FL-05_07_05_2016_FL-05_0043094.JPG,NACTI : FL-05_07_05_2016_FL-05_0043094.JPG,NACTI : unknown,NACTI : archbold_FL-05,-1,wild boar,,6,train
https://storage.googleapis.com/public-datasets-lila/nacti-unzipped/part2/sub214/FL-20_05_02_2016_FL-20_0031668.JPG,NACTI : FL-20_05_02_2016_FL-20_0031668.JPG,NACTI : unknown,NACTI : archbold_FL-20,-1,wild boar,,6,train
https://storage.googleapis.com/public-datasets-lila/nacti-unzipped/part2/sub240/FL-26_09_09_2016_FL-26_0030637.JPG,NACTI : FL-26_09_09_2016_FL-26_0030637.JPG,NACTI : unknown,NACTI : archbold_FL-26,-1,wild boar,,6,train
https://storage.googleapis.com/public-datasets-lila/nacti-unzipped/part0/sub058/CA-18_11_08_2016_CA-18_0041414.JPG,NACTI : CA-18_11_08_2016_CA-18_0041414.JPG,NACTI : unknown,NACTI : lebec_CA-18,-1,wild boar,,6,val
https://storage.googleapis.com/public-datasets-lila/nacti-unzipped/part2/sub228/FL-22_07_29_2015_FL-22_0062493.jpg,NACTI : FL-22_07_29_2015_FL-22_0062493.jpg,NACTI : unknown,NACTI : archbold_FL-22,-1,wild boar,,6,train
https://storage.googleapis.com/public-datasets-lila/nacti-unzipped/part1/sub196/FL-16_06_02_2016_FL-16_0131510.JPG,NACTI : FL-16_06_02_2016_FL-16_0131510.JPG,NACTI : unknown,NACTI : archbold_FL-16,-1,wild boar,,6,train
https://storage.googleapis.com/public-datasets-lila/nacti-unzipped/part2/sub280/FL-38_03_07_2016_FL-38_0029429.JPG,NACTI : FL-38_03_07_2016_FL-38_0029429.JPG,NACTI : unknown,NACTI : archbold_FL-38,-1,wild boar,,6,train
https://storage.googleapis.com/public-datasets-lila/nacti-unzipped/part1/sub176/FL-12_07_28_2015_FL-12_0008107.jpg,NACTI : FL-12_07_28_2015_FL-12_0008107.jpg,NACTI : unknown,NACTI : archbold_FL-12,-1,wild boar,,6,val
https://storage.googleapis.com/public-datasets-lila/nacti-unzipped/part0/sub099/CA-41_09_16_2015_CA-41_0016430.jpg,NACTI : CA-41_09_16_2015_CA-41_0016430.jpg,NACTI : unknown,NACTI : lebec_CA-41,-1,wild boar,,6,train
https://storage.googleapis.com/public-datasets-lila/nacti-unzipped/part2/sub284/FL-40_03_07_2016_FL-40_0010391.JPG,NACTI : FL-40_03_07_2016_FL-40_0010391.JPG,NACTI : unknown,NACTI : archbold_FL-40,-1,wild boar,,6,train
https://storage.googleapis.com/public-datasets-lila/nacti-unzipped/part1/sub194/FL-16_06_02_2015_FL-16_0039820.jpg,NACTI : FL-16_06_02_2015_FL-16_0039820.jpg,NACTI : unknown,NACTI : archbold_FL-16,-1,wild boar,,6,train
https://storage.googleapis.com/public-datasets-lila/nacti-unzipped/part2/sub278/FL-37_07_08_2016_FL-37_0017322.JPG,NACTI : FL-37_07_08_2016_FL-37_0017322.JPG,NACTI : unknown,NACTI : archbold_FL-37,-1,wild boar,,6,train
https://storage.googleapis.com/public-datasets-lila/nacti-unzipped/part2/sub285/FL-40_09_09_2016_FL-40_0026523.JPG,NACTI : FL-40_09_09_2016_FL-40_0026523.JPG,NACTI : unknown,NACTI : archbold_FL-40,-1,wild boar,,6,train
https://storage.googleapis.com/public-datasets-lila/nacti-unzipped/part2/sub289/FL-42_11_03_2015_FL-42_0002020.jpg,NACTI : FL-42_11_03_2015_FL-42_0002020.jpg,NACTI : unknown,NACTI : archbold_FL-42,-1,wild boar,,6,train
https://storage.googleapis.com/public-datasets-lila/nacti-unzipped/part2/sub207/FL-18_05_02_2016_FL-18_0021940.JPG,NACTI : FL-18_05_02_2016_FL-18_0021940.JPG,NACTI : unknown,NACTI : archbold_FL-18,-1,wild boar,,6,test
https://storage.googleapis.com/public-datasets-lila/nacti-unzipped/part2/sub272/FL-35_03_07_2016_FL-35_0023078.JPG,NACTI : FL-35_03_07_2016_FL-35_0023078.JPG,NACTI : unknown,NACTI : archbold_FL-35,-1,wild boar,,6,val
https://storage.googleapis.com/public-datasets-lila/nacti-unzipped/part2/sub283/FL-39_01_23_2016_FL-39_0004324.jpg,NACTI : FL-39_01_23_2016_FL-39_0004324.jpg,NACTI : unknown,NACTI : archbold_FL-39,-1,wild boar,,6,test
https://storage.googleapis.com/public-datasets-lila/nacti-unzipped/part0/sub088/CA-34_08_04_2015_CA-34_0017324.jpg,NACTI : CA-34_08_04_2015_CA-34_0017324.jpg,NACTI : unknown,NACTI : lebec_CA-34,-1,wild boar,,6,train
https://storage.googleapis.com/public-datasets-lila/nacti-unzipped/part1/sub109/CA-46_05_03_2016_CA-46_0014025.JPG,NACTI : CA-46_05_03_2016_CA-46_0014025.JPG,NACTI : unknown,NACTI : lebec_CA-46,-1,wild boar,,6,train
https://storage.googleapis.com/public-datasets-lila/nacti-unzipped/part0/sub045/CA-11_03_10_2015_CA-11_0000432.jpg,NACTI : CA-11_03_10_2015_CA-11_0000432.jpg,NACTI : unknown,NACTI : lebec_CA-11,-1,wild boar,,6,train
https://storage.googleapis.com/public-datasets-lila/nacti-unzipped/part1/sub131/FL-05_01_20_2016_FL-05_0030905.jpg,NACTI : FL-05_01_20_2016_FL-05_0030905.jpg,NACTI : unknown,NACTI : archbold_FL-05,-1,wild boar,,6,train
https://storage.googleapis.com/public-datasets-lila/nacti-unzipped/part2/sub224/FL-22_06_02_2015_FL-22_0024959.jpg,NACTI : FL-22_06_02_2015_FL-22_0024959.jpg,NACTI : unknown,NACTI : archbold_FL-22,-1,wild boar,,6,train
https://storage.googleapis.com/public-datasets-lila/nacti-unzipped/part0/sub050/CA-16_10_08_2015_CA-16_0001963.jpg,NACTI : CA-16_10_08_2015_CA-16_0001963.jpg,NACTI : unknown,NACTI : lebec_CA-16,-1,wild boar,,6,train
https://storage.googleapis.com/public-datasets-lila/nacti-unzipped/part1/sub109/CA-46_08_12_2015_CA-46_0001738.jpg,NACTI : CA-46_08_12_2015_CA-46_0001738.jpg,NACTI : unknown,NACTI : lebec_CA-46,-1,wild boar,,6,train
https://storage.googleapis.com/public-datasets-lila/nacti-unzipped/part1/sub129/FL-04_06_30_2015_FL-04_0003464.jpg,NACTI : FL-04_06_30_2015_FL-04_0003464.jpg,NACTI : unknown,NACTI : archbold_FL-04,-1,wild boar,,6,test
https://storage.googleapis.com/public-datasets-lila/nacti-unzipped/part1/sub135/FL-05_11_02_2015_FL-05_0025102.jpg,NACTI : FL-05_11_02_2015_FL-05_0025102.jpg,NACTI : unknown,NACTI : archbold_FL-05,-1,wild boar,,6,train
https://storage.googleapis.com/public-datasets-lila/nacti-unzipped/part2/sub220/FL-22_03_07_2016_FL-22_0087591.JPG,NACTI : FL-22_03_07_2016_FL-22_0087591.JPG,NACTI : unknown,NACTI : archbold_FL-22,-1,wild boar,,6,train
https://storage.googleapis.com/public-datasets-lila/nacti-unzipped/part2/sub231/FL-23_06_29_2015_FL-23_0005448.jpg,NACTI : FL-23_06_29_2015_FL-23_0005448.jpg,NACTI : unknown,NACTI : archbold_FL-23,-1,wild boar,,6,train
https://storage.googleapis.com/public-datasets-lila/nacti-unzipped/part2/sub290/TAG-AT01_08_17_2016_TAG-AT01_0002156.JPG,NACTI : TAG-AT01_08_17_2016_TAG-AT01_0002156.JPG,NACTI : unknown,NACTI : lebec_TAG-AT01,-1,wild boar,,6,train
https://storage.googleapis.com/public-datasets-lila/nacti-unzipped/part1/sub194/FL-16_06_02_2015_FL-16_0039842.jpg,NACTI : FL-16_06_02_2015_FL-16_0039842.jpg,NACTI : unknown,NACTI : archbold_FL-16,-1,wild boar,,6,train
https://storage.googleapis.com/public-datasets-lila/nacti-unzipped/part1/sub190/FL-16_05_02_2016_FL-16_0122746.JPG,NACTI : FL-16_05_02_2016_FL-16_0122746.JPG,NACTI : unknown,NACTI : archbold_FL-16,-1,wild boar,,6,train
https://storage.googleapis.com/public-datasets-lila/nacti-unzipped/part1/sub196/FL-16_06_30_2015_FL-16_0060651.jpg,NACTI : FL-16_06_30_2015_FL-16_0060651.jpg,NACTI : unknown,NACTI : archbold_FL-16,-1,wild boar,,6,train
https://storage.googleapis.com/public-datasets-lila/nacti-unzipped/part1/sub106/CA-44_08_12_2015_CA-44_0003461.jpg,NACTI : CA-44_08_12_2015_CA-44_0003461.jpg,NACTI : unknown,NACTI : lebec_CA-44,-1,wild boar,,6,val
https://storage.googleapis.com/public-datasets-lila/nacti-unzipped/part1/sub199/FL-17_04_04_2016_FL-17_0069080.JPG,NACTI : FL-17_04_04_2016_FL-17_0069080.JPG,NACTI : unknown,NACTI : archbold_FL-17,-1,wild boar,,6,train
https://storage.googleapis.com/public-datasets-lila/nacti-unzipped/part2/sub258/FL-29_11_03_2015_FL-29_0049029.jpg,NACTI : FL-29_11_03_2015_FL-29_0049029.jpg,NACTI : unknown,NACTI : archbold_FL-29,-1,wild boar,,6,train
https://storage.googleapis.com/public-datasets-lila/nacti-unzipped/part0/sub087/CA-34_08_04_2015_CA-34_0001583.jpg,NACTI : CA-34_08_04_2015_CA-34_0001583.jpg,NACTI : unknown,NACTI : lebec_CA-34,-1,wild boar,,6,train
https://storage.googleapis.com/public-datasets-lila/nacti-unzipped/part2/sub278/FL-37_07_08_2016_FL-37_0019520.JPG,NACTI : FL-37_07_08_2016_FL-37_0019520.JPG,NACTI : unknown,NACTI : archbold_FL-37,-1,wild boar,,6,train
https://storage.googleapis.com/public-datasets-lila/nacti-unzipped/part1/sub105/CA-44_04_30_2015_CA-44_0000451.jpg,NACTI : CA-44_04_30_2015_CA-44_0000451.jpg,NACTI : unknown,NACTI : lebec_CA-44,-1,wild boar,,6,val
https://storage.googleapis.com/public-datasets-lila/nacti-unzipped/part2/sub217/FL-21_06_03_2015_FL-21_0001846.jpg,NACTI : FL-21_06_03_2015_FL-21_0001846.jpg,NACTI : unknown,NACTI : archbold_FL-21,-1,wild boar,,6,test
https://storage.googleapis.com/public-datasets-lila/nacti-unzipped/part2/sub232/FL-23_12_08_2015_FL-23_0016657.jpg,NACTI : FL-23_12_08_2015_FL-23_0016657.jpg,NACTI : unknown,NACTI : archbold_FL-23,-1,wild boar,,6,train
https://storage.googleapis.com/public-datasets-lila/nacti-unzipped/part1/sub190/FL-16_03_07_2016_FL-16_0110220.JPG,NACTI : FL-16_03_07_2016_FL-16_0110220.JPG,NACTI : unknown,NACTI : archbold_FL-16,-1,wild boar,,6,train
https://storage.googleapis.com/public-datasets-lila/nacti-unzipped/part2/sub232/FL-23_12_08_2015_FL-23_0017378.jpg,NACTI : FL-23_12_08_2015_FL-23_0017378.jpg,NACTI : unknown,NACTI : archbold_FL-23,-1,wild boar,,6,train
https://storage.googleapis.com/public-datasets-lila/nacti-unzipped/part2/sub284/FL-40_05_03_2016_FL-40_0016961.JPG,NACTI : FL-40_05_03_2016_FL-40_0016961.JPG,NACTI : unknown,NACTI : archbold_FL-40,-1,wild boar,,6,train
https://storage.googleapis.com/public-datasets-lila/nacti-unzipped/part2/sub229/FL-22_08_05_2016_FL-22_0119570.JPG,NACTI : FL-22_08_05_2016_FL-22_0119570.JPG,NACTI : unknown,NACTI : archbold_FL-22,-1,wild boar,,6,train
https://storage.googleapis.com/public-datasets-lila/nacti-unzipped/part2/sub279/FL-37_11_03_2015_FL-37_0000740.jpg,NACTI : FL-37_11_03_2015_FL-37_0000740.jpg,NACTI : unknown,NACTI : archbold_FL-37,-1,wild boar,,6,train
https://storage.googleapis.com/public-datasets-lila/nacti-unzipped/part0/sub037/CA-04_08_12_2015_CA-04_0005541.jpg,NACTI : CA-04_08_12_2015_CA-04_0005541.jpg,NACTI : unknown,NACTI : lebec_CA-04,-1,wild boar,,6,train
https://storage.googleapis.com/public-datasets-lila/nacti-unzipped/part0/sub088/CA-34_08_05_2016_CA-34_0029041.JPG,NACTI : CA-34_08_05_2016_CA-34_0029041.JPG,NACTI : unknown,NACTI : lebec_CA-34,-1,wild boar,,6,train
https://storage.googleapis.com/public-datasets-lila/nacti-unzipped/part1/sub116/FL-01_06_29_2015_FL-01_0036817.jpg,NACTI : FL-01_06_29_2015_FL-01_0036817.jpg,NACTI : unknown,NACTI : archbold_FL-01,-1,wild boar,,6,train
https://storage.googleapis.com/public-datasets-lila/nacti-unzipped/part2/sub232/FL-23_12_08_2015_FL-23_0016044.jpg,NACTI : FL-23_12_08_2015_FL-23_0016044.jpg,NACTI : unknown,NACTI : archbold_FL-23,-1,wild boar,,6,train
https://storage.googleapis.com/public-datasets-lila/nacti-unzipped/part0/sub041/CA-08_03_09_2015_CA-08_0000328.jpg,NACTI : CA-08_03_09_2015_CA-08_0000328.jpg,NACTI : unknown,NACTI : lebec_CA-08,-1,wild boar,,6,train
https://storage.googleapis.com/public-datasets-lila/nacti-unzipped/part2/sub284/FL-40_07_06_2016_FL-40_0020314.JPG,NACTI : FL-40_07_06_2016_FL-40_0020314.JPG,NACTI : unknown,NACTI : archbold_FL-40,-1,wild boar,,6,train
https://storage.googleapis.com/public-datasets-lila/nacti-unzipped/part0/sub039/CA-06_09_14_2015_CA-06_0007823.jpg,NACTI : CA-06_09_14_2015_CA-06_0007823.jpg,NACTI : unknown,NACTI : lebec_CA-06,-1,wild boar,,6,val
https://storage.googleapis.com/public-datasets-lila/nacti-unzipped/part0/sub039/CA-06_10_08_2015_CA-06_0008499.jpg,NACTI : CA-06_10_08_2015_CA-06_0008499.jpg,NACTI : unknown,NACTI : lebec_CA-06,-1,wild boar,,6,val
https://storage.googleapis.com/public-datasets-lila/nacti-unzipped/part1/sub193/FL-16_06_02_2015_FL-16_0019500.jpg,NACTI : FL-16_06_02_2015_FL-16_0019500.jpg,NACTI : unknown,NACTI : archbold_FL-16,-1,wild boar,,6,train
https://storage.googleapis.com/public-datasets-lila/nacti-unzipped/part0/sub058/CA-18_11_08_2016_CA-18_0041266.JPG,NACTI : CA-18_11_08_2016_CA-18_0041266.JPG,NACTI : unknown,NACTI : lebec_CA-18,-1,wild boar,,6,val
https://storage.googleapis.com/public-datasets-lila/nacti-unzipped/part0/sub051/CA-17_03_04_2016_CA-17_0026920.JPG,NACTI : CA-17_03_04_2016_CA-17_0026920.JPG,NACTI : unknown,NACTI : lebec_CA-17,-1,wild boar,,6,train
https://storage.googleapis.com/public-datasets-lila/nacti-unzipped/part2/sub284/FL-40_04_05_2016_FL-40_0014205.JPG,NACTI : FL-40_04_05_2016_FL-40_0014205.JPG,NACTI : unknown,NACTI : archbold_FL-40,-1,wild boar,,6,train
https://storage.googleapis.com/public-datasets-lila/nacti-unzipped/part2/sub217/FL-21_01_21_2016_FL-21_0022523.jpg,NACTI : FL-21_01_21_2016_FL-21_0022523.jpg,NACTI : unknown,NACTI : archbold_FL-21,-1,wild boar,,6,test
https://storage.googleapis.com/public-datasets-lila/nacti-unzipped/part1/sub134/FL-05_09_02_2015_FL-05_0023629.jpg,NACTI : FL-05_09_02_2015_FL-05_0023629.jpg,NACTI : unknown,NACTI : archbold_FL-05,-1,wild boar,,6,train
https://storage.googleapis.com/public-datasets-lila/nacti-unzipped/part1/sub193/FL-16_06_02_2015_FL-16_0020563.jpg,NACTI : FL-16_06_02_2015_FL-16_0020563.jpg,NACTI : unknown,NACTI : archbold_FL-16,-1,wild boar,,6,train
https://storage.googleapis.com/public-datasets-lila/nacti-unzipped/part1/sub154/FL-07_07_28_2015_FL-07_0099466.jpg,NACTI : FL-07_07_28_2015_FL-07_0099466.jpg,NACTI : unknown,NACTI : archbold_FL-07,-1,wild boar,,6,train
https://storage.googleapis.com/public-datasets-lila/nacti-unzipped/part1/sub193/FL-16_06_02_2015_FL-16_0021161.jpg,NACTI : FL-16_06_02_2015_FL-16_0021161.jpg,NACTI : unknown,NACTI : archbold_FL-16,-1,wild boar,,6,train
https://storage.googleapis.com/public-datasets-lila/nacti-unzipped/part0/sub066/CA-24_08_12_2015_CA-24_0010002.jpg,NACTI : CA-24_08_12_2015_CA-24_0010002.jpg,NACTI : unknown,NACTI : lebec_CA-24,-1,wild boar,,6,train
https://storage.googleapis.com/public-datasets-lila/nacti-unzipped/part1/sub198/FL-16_11_02_2015_FL-16_0093921.jpg,NACTI : FL-16_11_02_2015_FL-16_0093921.jpg,NACTI : unknown,NACTI : archbold_FL-16,-1,wild boar,,6,train
https://storage.googleapis.com/public-datasets-lila/nacti-unzipped/part2/sub282/FL-38_07_08_2016_FL-38_0045663.JPG,NACTI : FL-38_07_08_2016_FL-38_0045663.JPG,NACTI : unknown,NACTI : archbold_FL-38,-1,wild boar,,6,train
https://storage.googleapis.com/public-datasets-lila/nacti-unzipped/part2/sub271/FL-35_01_12_2016_FL-35_0012547.JPG,NACTI : FL-35_01_12_2016_FL-35_0012547.JPG,NACTI : unknown,NACTI : archbold_FL-35,-1,wild boar,,6,val
https://storage.googleapis.com/public-datasets-lila/nacti-unzipped/part2/sub272/FL-35_01_12_2016_FL-35_0020506.JPG,NACTI : FL-35_01_12_2016_FL-35_0020506.JPG,NACTI : unknown,NACTI : archbold_FL-35,-1,wild boar,,6,val
https://storage.googleapis.com/public-datasets-lila/nacti-unzipped/part0/sub050/CA-15_08_12_2015_CA-15_0006951.jpg,NACTI : CA-15_08_12_2015_CA-15_0006951.jpg,NACTI : unknown,NACTI : lebec_CA-15,-1,wild boar,,6,test
https://storage.googleapis.com/public-datasets-lila/nacti-unzipped/part1/sub108/CA-45_10_07_2015_CA-45_0011835.jpg,NACTI : CA-45_10_07_2015_CA-45_0011835.jpg,NACTI : unknown,NACTI : lebec_CA-45,-1,wild boar,,6,train
https://storage.googleapis.com/public-datasets-lila/nacti-unzipped/part2/sub281/FL-38_05_03_2016_FL-38_0036522.JPG,NACTI : FL-38_05_03_2016_FL-38_0036522.JPG,NACTI : unknown,NACTI : archbold_FL-38,-1,wild boar,,6,train
https://storage.googleapis.com/public-datasets-lila/nacti-unzipped/part1/sub185/FL-14_01_21_2016_FL-14_0015030.jpg,NACTI : FL-14_01_21_2016_FL-14_0015030.jpg,NACTI : unknown,NACTI : archbold_FL-14,-1,wild boar,,6,val
https://storage.googleapis.com/public-datasets-lila/nacti-unzipped/part0/sub046/CA-11_09_07_2016_CA-11_0020293.JPG,NACTI : CA-11_09_07_2016_CA-11_0020293.JPG,NACTI : unknown,NACTI : lebec_CA-11,-1,wild boar,,6,train
https://storage.googleapis.com/public-datasets-lila/nacti-unzipped/part2/sub271/FL-34_09_08_2016_FL-34_0021103.JPG,NACTI : FL-34_09_08_2016_FL-34_0021103.JPG,NACTI : unknown,NACTI : archbold_FL-34,-1,wild boar,,6,test
https://storage.googleapis.com/public-datasets-lila/nacti-unzipped/part0/sub092/CA-37_11_01_2016_CA-37_0036472.JPG,NACTI : CA-37_11_01_2016_CA-37_0036472.JPG,NACTI : unknown,NACTI : lebec_CA-37,-1,wild boar,,6,train
https://storage.googleapis.com/public-datasets-lila/nacti-unzipped/part0/sub073/CA-28_10_31_2016_CA-28_0029529.JPG,NACTI : CA-28_10_31_2016_CA-28_0029529.JPG,NACTI : unknown,NACTI : lebec_CA-28,-1,wild boar,,6,train
https://storage.googleapis.com/public-datasets-lila/nacti-unzipped/part0/sub085/CA-33_08_04_2015_CA-33_0003546.jpg,NACTI : CA-33_08_04_2015_CA-33_0003546.jpg,NACTI : unknown,NACTI : lebec_CA-33,-1,wild boar,,6,train
https://storage.googleapis.com/public-datasets-lila/nacti-unzipped/part0/sub084/CA-32_08_17_2015_CA-32_0003894.jpg,NACTI : CA-32_08_17_2015_CA-32_0003894.jpg,NACTI : unknown,NACTI : lebec_CA-32,-1,wild boar,,6,train
https://storage.googleapis.com/public-datasets-lila/nacti-unzipped/part0/sub049/CA-14_04_30_2015_CA-14_0000995.jpg,NACTI : CA-14_04_30_2015_CA-14_0000995.jpg,NACTI : unknown,NACTI : lebec_CA-14,-1,wild boar,,6,train
https://storage.googleapis.com/public-datasets-lila/nacti-unzipped/part2/sub279/FL-37_08_15_2016_FL-37_0027651.JPG,NACTI : FL-37_08_15_2016_FL-37_0027651.JPG,NACTI : unknown,NACTI : archbold_FL-37,-1,wild boar,,6,train
https://storage.googleapis.com/public-datasets-lila/nacti-unzipped/part1/sub193/FL-16_06_02_2015_FL-16_0037019.jpg,NACTI : FL-16_06_02_2015_FL-16_0037019.jpg,NACTI : unknown,NACTI : archbold_FL-16,-1,wild boar,,6,train
https://storage.googleapis.com/public-datasets-lila/nacti-unzipped/part2/sub242/FL-27_06_02_2016_FL-27_0057138.JPG,NACTI : FL-27_06_02_2016_FL-27_0057138.JPG,NACTI : unknown,NACTI : archbold_FL-27,-1,wild boar,,6,train
https://storage.googleapis.com/public-datasets-lila/nacti-unzipped/part1/sub117/FL-02_01_20_2016_FL-02_0053167.jpg,NACTI : FL-02_01_20_2016_FL-02_0053167.jpg,NACTI : unknown,NACTI : archbold_FL-02,-1,wild boar,,6,train
https://storage.googleapis.com/public-datasets-lila/nacti-unzipped/part1/sub134/FL-05_07_05_2016_FL-05_0042015.JPG,NACTI : FL-05_07_05_2016_FL-05_0042015.JPG,NACTI : unknown,NACTI : archbold_FL-05,-1,wild boar,,6,train
https://storage.googleapis.com/public-datasets-lila/nacti-unzipped/part1/sub189/FL-16_01_21_2016_FL-16_0102490.jpg,NACTI : FL-16_01_21_2016_FL-16_0102490.jpg,NACTI : unknown,NACTI : archbold_FL-16,-1,wild boar,,6,train
https://storage.googleapis.com/public-datasets-lila/nacti-unzipped/part2/sub290/FL-43_11_03_2015_FL-43_0001352.jpg,NACTI : FL-43_11_03_2015_FL-43_0001352.jpg,NACTI : unknown,NACTI : archbold_FL-43,-1,wild boar,,6,train
https://storage.googleapis.com/public-datasets-lila/nacti-unzipped/part0/sub055/CA-17_10_15_2015_CA-17_0025736.jpg,NACTI : CA-17_10_15_2015_CA-17_0025736.jpg,NACTI : unknown,NACTI : lebec_CA-17,-1,wild boar,,6,train
https://storage.googleapis.com/public-datasets-lila/nacti-unzipped/part1/sub108/CA-46_01_21_2016_CA-46_0011227.jpg,NACTI : CA-46_01_21_2016_CA-46_0011227.jpg,NACTI : unknown,NACTI : lebec_CA-46,-1,wild boar,,6,train
https://storage.googleapis.com/public-datasets-lila/nacti-unzipped/part0/sub036/CA-03_08_13_2015_CA-03_0016112.jpg,NACTI : CA-03_08_13_2015_CA-03_0016112.jpg,NACTI : unknown,NACTI : lebec_CA-03,-1,wild boar,,6,train
https://storage.googleapis.com/public-datasets-lila/nacti-unzipped/part2/sub230/FL-22_12_06_2015_FL-22_0077827.jpg,NACTI : FL-22_12_06_2015_FL-22_0077827.jpg,NACTI : unknown,NACTI : archbold_FL-22,-1,wild boar,,6,train
https://storage.googleapis.com/public-datasets-lila/nacti-unzipped/part1/sub106/CA-44_08_12_2015_CA-44_0003758.jpg,NACTI : CA-44_08_12_2015_CA-44_0003758.jpg,NACTI : unknown,NACTI : lebec_CA-44,-1,wild boar,,6,val
https://storage.googleapis.com/public-datasets-lila/missouricameratraps/images/Set1/1.59-Wild_Boar/SEQ76593/SEQ76593_IMG_0008.JPG,Missouri Camera Traps : 97d4af96-5c15-11ee-8d73-04421a1b1283,Missouri Camera Traps : SEQ76593,Missouri Camera Traps : missouri_camera_traps,12,wild boar,,6,train
https://storage.googleapis.com/public-datasets-lila/nacti-unzipped/part1/sub161/FL-08_06_02_2016_FL-08_0028425.JPG,NACTI : FL-08_06_02_2016_FL-08_0028425.JPG,NACTI : unknown,NACTI : archbold_FL-08,-1,wild boar,,6,test
https://storage.googleapis.com/public-datasets-lila/nacti-unzipped/part2/sub281/FL-38_05_03_2016_FL-38_0035679.JPG,NACTI : FL-38_05_03_2016_FL-38_0035679.JPG,NACTI : unknown,NACTI : archbold_FL-38,-1,wild boar,,6,train
https://storage.googleapis.com/public-datasets-lila/nacti-unzipped/part2/sub289/FL-42_11_03_2015_FL-42_0002086.jpg,NACTI : FL-42_11_03_2015_FL-42_0002086.jpg,NACTI : unknown,NACTI : archbold_FL-42,-1,wild boar,,6,train
https://storage.googleapis.com/public-datasets-lila/nacti-unzipped/part0/sub058/CA-18_08_08_2016_CA-18_0038224.JPG,NACTI : CA-18_08_08_2016_CA-18_0038224.JPG,NACTI : unknown,NACTI : lebec_CA-18,-1,wild boar,,6,val
https://storage.googleapis.com/public-datasets-lila/nacti-unzipped/part1/sub198/FL-16_09_03_2015_FL-16_0090097.jpg,NACTI : FL-16_09_03_2015_FL-16_0090097.jpg,NACTI : unknown,NACTI : archbold_FL-16,-1,wild boar,,6,train
https://storage.googleapis.com/public-datasets-lila/nacti-unzipped/part0/sub082/CA-30_09_18_2015_CA-30_0032639.jpg,NACTI : CA-30_09_18_2015_CA-30_0032639.jpg,NACTI : unknown,NACTI : lebec_CA-30,-1,wild boar,,6,test
https://storage.googleapis.com/public-datasets-lila/nacti-unzipped/part2/sub281/FL-38_06_03_2016_FL-38_0040356.JPG,NACTI : FL-38_06_03_2016_FL-38_0040356.JPG,NACTI : unknown,NACTI : archbold_FL-38,-1,wild boar,,6,train
https://storage.googleapis.com/public-datasets-lila/nacti-unzipped/part1/sub194/FL-16_06_02_2015_FL-16_0041885.jpg,NACTI : FL-16_06_02_2015_FL-16_0041885.jpg,NACTI : unknown,NACTI : archbold_FL-16,-1,wild boar,,6,train
https://storage.googleapis.com/public-datasets-lila/nacti-unzipped/part1/sub189/FL-15_12_06_2015_FL-15_0011667.jpg,NACTI : FL-15_12_06_2015_FL-15_0011667.jpg,NACTI : unknown,NACTI : archbold_FL-15,-1,wild boar,,6,test
https://storage.googleapis.com/public-datasets-lila/nacti-unzipped/part0/sub082/CA-30_12_01_2015_CA-30_0034164.jpg,NACTI : CA-30_12_01_2015_CA-30_0034164.jpg,NACTI : unknown,NACTI : lebec_CA-30,-1,wild boar,,6,test
https://storage.googleapis.com/public-datasets-lila/nacti-unzipped/part2/sub242/FL-27_06_02_2015_FL-27_0003690.jpg,NACTI : FL-27_06_02_2015_FL-27_0003690.jpg,NACTI : unknown,NACTI : archbold_FL-27,-1,wild boar,,6,train
https://storage.googleapis.com/public-datasets-lila/nacti-unzipped/part2/sub235/FL-24_06_30_2015_FL-24_0029211.jpg,NACTI : FL-24_06_30_2015_FL-24_0029211.jpg,NACTI : unknown,NACTI : archbold_FL-24,-1,wild boar,,6,train
https://storage.googleapis.com/public-datasets-lila/nacti-unzipped/part2/sub276/FL-36_08_15_2016_FL-36_0022098.JPG,NACTI : FL-36_08_15_2016_FL-36_0022098.JPG,NACTI : unknown,NACTI : archbold_FL-36,-1,wild boar,,6,train
https://storage.googleapis.com/public-datasets-lila/nacti-unzipped/part0/sub092/CA-37_10_16_2015_CA-37_0020884.jpg,NACTI : CA-37_10_16_2015_CA-37_0020884.jpg,NACTI : unknown,NACTI : lebec_CA-37,-1,wild boar,,6,train
https://storage.googleapis.com/public-datasets-lila/nacti-unzipped/part0/sub092/CA-37_10_16_2015_CA-37_0019824.jpg,NACTI : CA-37_10_16_2015_CA-37_0019824.jpg,NACTI : unknown,NACTI : lebec_CA-37,-1,wild boar,,6,train
https://storage.googleapis.com/public-datasets-lila/nacti-unzipped/part2/sub290/FL-43_12_07_2015_FL-43_0002498.jpg,NACTI : FL-43_12_07_2015_FL-43_0002498.jpg,NACTI : unknown,NACTI : archbold_FL-43,-1,wild boar,,6,train
https://storage.googleapis.com/public-datasets-lila/nacti-unzipped/part1/sub130/FL-04_07_28_2015_FL-04_0008589.jpg,NACTI : FL-04_07_28_2015_FL-04_0008589.jpg,NACTI : unknown,NACTI : archbold_FL-04,-1,wild boar,,6,test
https://storage.googleapis.com/public-datasets-lila/nacti-unzipped/part0/sub048/CA-13_08_12_2015_CA-13_0004704.jpg,NACTI : CA-13_08_12_2015_CA-13_0004704.jpg,NACTI : unknown,NACTI : lebec_CA-13,-1,wild boar,,6,val
https://storage.googleapis.com/public-datasets-lila/nacti-unzipped/part1/sub191/FL-16_05_02_2016_FL-16_0123777.JPG,NACTI : FL-16_05_02_2016_FL-16_0123777.JPG,NACTI : unknown,NACTI : archbold_FL-16,-1,wild boar,,6,train
https://storage.googleapis.com/public-datasets-lila/nacti-unzipped/part1/sub112/FL-01_06_02_2016_FL-01_0058731.JPG,NACTI : FL-01_06_02_2016_FL-01_0058731.JPG,NACTI : unknown,NACTI : archbold_FL-01,-1,wild boar,,6,train
https://storage.googleapis.com/public-datasets-lila/nacti-unzipped/part1/sub131/FL-04_11_02_2015_FL-04_0011798.jpg,NACTI : FL-04_11_02_2015_FL-04_0011798.jpg,NACTI : unknown,NACTI : archbold_FL-04,-1,wild boar,,6,test
https://storage.googleapis.com/public-datasets-lila/nacti-unzipped/part0/sub055/CA-17_11_08_2016_CA-17_0049402.JPG,NACTI : CA-17_11_08_2016_CA-17_0049402.JPG,NACTI : unknown,NACTI : lebec_CA-17,-1,wild boar,,6,train
https://storage.googleapis.com/public-datasets-lila/nacti-unzipped/part1/sub135/FL-05_12_08_2015_FL-05_0025946.jpg,NACTI : FL-05_12_08_2015_FL-05_0025946.jpg,NACTI : unknown,NACTI : archbold_FL-05,-1,wild boar,,6,train
https://storage.googleapis.com/public-datasets-lila/nacti-unzipped/part1/sub106/CA-44_08_12_2015_CA-44_0003118.jpg,NACTI : CA-44_08_12_2015_CA-44_0003118.jpg,NACTI : unknown,NACTI : lebec_CA-44,-1,wild boar,,6,val
https://storage.googleapis.com/public-datasets-lila/nacti-unzipped/part0/sub066/CA-24_08_12_2015_CA-24_0007858.jpg,NACTI : CA-24_08_12_2015_CA-24_0007858.jpg,NACTI : unknown,NACTI : lebec_CA-24,-1,wild boar,,6,train
https://storage.googleapis.com/public-datasets-lila/nacti-unzipped/part0/sub092/CA-37_09_10_2015_CA-37_0019085.jpg,NACTI : CA-37_09_10_2015_CA-37_0019085.jpg,NACTI : unknown,NACTI : lebec_CA-37,-1,wild boar,,6,train
https://storage.googleapis.com/public-datasets-lila/nacti-unzipped/part2/sub225/FL-22_06_02_2015_FL-22_0033878.jpg,NACTI : FL-22_06_02_2015_FL-22_0033878.jpg,NACTI : unknown,NACTI : archbold_FL-22,-1,wild boar,,6,train
https://storage.googleapis.com/public-datasets-lila/nacti-unzipped/part1/sub154/FL-07_07_28_2015_FL-07_0100314.jpg,NACTI : FL-07_07_28_2015_FL-07_0100314.jpg,NACTI : unknown,NACTI : archbold_FL-07,-1,wild boar,,6,train
https://storage.googleapis.com/public-datasets-lila/nacti-unzipped/part2/sub290/FL-43_12_07_2015_FL-43_0003448.jpg,NACTI : FL-43_12_07_2015_FL-43_0003448.jpg,NACTI : unknown,NACTI : archbold_FL-43,-1,wild boar,,6,train
https://storage.googleapis.com/public-datasets-lila/nacti-unzipped/part0/sub097/CA-39_08_17_2015_CA-39_0006693.jpg,NACTI : CA-39_08_17_2015_CA-39_0006693.jpg,NACTI : unknown,NACTI : lebec_CA-39,-1,wild boar,,6,train
https://storage.googleapis.com/public-datasets-lila/nacti-unzipped/part1/sub135/FL-05_11_02_2015_FL-05_0025432.jpg,NACTI : FL-05_11_02_2015_FL-05_0025432.jpg,NACTI : unknown,NACTI : archbold_FL-05,-1,wild boar,,6,train
https://storage.googleapis.com/public-datasets-lila/nacti-unzipped/part2/sub232/FL-23_11_02_2015_FL-23_0012947.jpg,NACTI : FL-23_11_02_2015_FL-23_0012947.jpg,NACTI : unknown,NACTI : archbold_FL-23,-1,wild boar,,6,train
https://storage.googleapis.com/public-datasets-lila/nacti-unzipped/part0/sub059/CA-19_11_30_2015_CA-19_0016771.jpg,NACTI : CA-19_11_30_2015_CA-19_0016771.jpg,NACTI : unknown,NACTI : lebec_CA-19,-1,wild boar,,6,train
https://storage.googleapis.com/public-datasets-lila/nacti-unzipped/part0/sub058/CA-18_09_18_2015_CA-18_0020176.jpg,NACTI : CA-18_09_18_2015_CA-18_0020176.jpg,NACTI : unknown,NACTI : lebec_CA-18,-1,wild boar,,6,val
https://storage.googleapis.com/public-datasets-lila/nacti-unzipped/part2/sub289/FL-42_11_03_2015_FL-42_0003562.jpg,NACTI : FL-42_11_03_2015_FL-42_0003562.jpg,NACTI : unknown,NACTI : archbold_FL-42,-1,wild boar,,6,train
https://storage.googleapis.com/public-datasets-lila/nacti-unzipped/part0/sub043/CA-10_08_10_2016_CA-10_0025081.JPG,NACTI : CA-10_08_10_2016_CA-10_0025081.JPG,NACTI : unknown,NACTI : lebec_CA-10,-1,wild boar,,6,train
https://storage.googleapis.com/public-datasets-lila/nacti-unzipped/part0/sub040/CA-06_10_11_2016_CA-06_0019070.JPG,NACTI : CA-06_10_11_2016_CA-06_0019070.JPG,NACTI : unknown,NACTI : lebec_CA-06,-1,wild boar,,6,val
https://storage.googleapis.com/public-datasets-lila/nacti-unzipped/part0/sub058/CA-18_10_15_2015_CA-18_0020471.jpg,NACTI : CA-18_10_15_2015_CA-18_0020471.jpg,NACTI : unknown,NACTI : lebec_CA-18,-1,wild boar,,6,val
https://storage.googleapis.com/public-datasets-lila/nacti-unzipped/part2/sub289/FL-42_11_03_2015_FL-42_0002026.jpg,NACTI : FL-42_11_03_2015_FL-42_0002026.jpg,NACTI : unknown,NACTI : archbold_FL-42,-1,wild boar,,6,train
https://storage.googleapis.com/public-datasets-lila/nacti-unzipped/part0/sub085/CA-33_08_04_2015_CA-33_0005307.jpg,NACTI : CA-33_08_04_2015_CA-33_0005307.jpg,NACTI : unknown,NACTI : lebec_CA-33,-1,wild boar,,6,train
https://storage.googleapis.com/public-datasets-lila/nacti-unzipped/part2/sub246/FL-27_12_06_2015_FL-27_0041396.jpg,NACTI : FL-27_12_06_2015_FL-27_0041396.jpg,NACTI : unknown,NACTI : archbold_FL-27,-1,wild boar,,6,train
https://storage.googleapis.com/public-datasets-lila/nacti-unzipped/part2/sub239/FL-26_03_07_2016_FL-26_0026098.JPG,NACTI : FL-26_03_07_2016_FL-26_0026098.JPG,NACTI : unknown,NACTI : archbold_FL-26,-1,wild boar,,6,train
https://storage.googleapis.com/public-datasets-lila/nacti-unzipped/part0/sub077/CA-29_09_18_2015_CA-29_0027416.jpg,NACTI : CA-29_09_18_2015_CA-29_0027416.jpg,NACTI : unknown,NACTI : lebec_CA-29,-1,wild boar,,6,train
https://storage.googleapis.com/public-datasets-lila/nacti-unzipped/part1/sub199/FL-17_04_04_2016_FL-17_0069075.JPG,NACTI : FL-17_04_04_2016_FL-17_0069075.JPG,NACTI : unknown,NACTI : archbold_FL-17,-1,wild boar,,6,train
https://storage.googleapis.com/public-datasets-lila/nacti-unzipped/part0/sub068/CA-25_12_02_2015_CA-25_0013329.jpg,NACTI : CA-25_12_02_2015_CA-25_0013329.jpg,NACTI : unknown,NACTI : lebec_CA-25,-1,wild boar,,6,train
https://storage.googleapis.com/public-datasets-lila/nacti-unzipped/part2/sub232/FL-23_12_08_2015_FL-23_0017382.jpg,NACTI : FL-23_12_08_2015_FL-23_0017382.jpg,NACTI : unknown,NACTI : archbold_FL-23,-1,wild boar,,6,train
https://storage.googleapis.com/public-datasets-lila/nacti-unzipped/part1/sub162/FL-08_10_12_2016_FL-08_0026566.JPG,NACTI : FL-08_10_12_2016_FL-08_0026566.JPG,NACTI : unknown,NACTI : archbold_FL-08,-1,wild boar,,6,test
https://storage.googleapis.com/public-datasets-lila/wcs-unzipped/animals/0477/0210.jpg,WCS Camera Traps : 75c5cc0e-92d5-11e9-acbe-000d3a74c7de,WCS Camera Traps : lao-001-d0272-2,WCS Camera Traps : 3579,1,wild boar,11-22-2004 06:58:00,6,train
https://storage.googleapis.com/public-datasets-lila/nacti-unzipped/part2/sub271/FL-34_07_06_2016_FL-34_0018558.JPG,NACTI : FL-34_07_06_2016_FL-34_0018558.JPG,NACTI : unknown,NACTI : archbold_FL-34,-1,wild boar,,6,test
https://storage.googleapis.com/public-datasets-lila/nacti-unzipped/part2/sub283/FL-39_08_15_2016_FL-39_0011069.JPG,NACTI : FL-39_08_15_2016_FL-39_0011069.JPG,NACTI : unknown,NACTI : archbold_FL-39,-1,wild boar,,6,test
https://storage.googleapis.com/public-datasets-lila/nacti-unzipped/part0/sub042/CA-08_09_17_2015_CA-08_0005625.jpg,NACTI : CA-08_09_17_2015_CA-08_0005625.jpg,NACTI : unknown,NACTI : lebec_CA-08,-1,wild boar,,6,train
https://storage.googleapis.com/public-datasets-lila/nacti-unzipped/part0/sub087/CA-34_08_04_2015_CA-34_0008303.jpg,NACTI : CA-34_08_04_2015_CA-34_0008303.jpg,NACTI : unknown,NACTI : lebec_CA-34,-1,wild boar,,6,train
https://storage.googleapis.com/public-datasets-lila/nacti-unzipped/part1/sub132/FL-05_05_02_2016_FL-05_0037242.JPG,NACTI : FL-05_05_02_2016_FL-05_0037242.JPG,NACTI : unknown,NACTI : archbold_FL-05,-1,wild boar,,6,train
