url_gcp,image_id,sequence_id,location_id,frame_num,common_name,datetime,class_number,subset
https://storage.googleapis.com/public-datasets-lila/wcs-unzipped/animals/0325/1053.jpg,WCS Camera Traps : 3df0a484-92d5-11e9-9d0f-000d3a74c7de,WCS Camera Traps : idn-001-d0146-6,WCS Camera Traps : 1739,1,dhole,12-01-1998 14:12:00,4,train
https://storage.googleapis.com/public-datasets-lila/wcs-unzipped/animals/0325/1553.jpg,WCS Camera Traps : 3e0712ae-92d5-11e9-8c97-000d3a74c7de,WCS Camera Traps : idn-001-d0085-9,WCS Camera Traps : 1788,1,dhole,03-18-1999 12:31:00,4,train
https://storage.googleapis.com/public-datasets-lila/wcs-unzipped/animals/0328/0859.jpg,WCS Camera Traps : 3efa255e-92d5-11e9-9db9-000d3a74c7de,WCS Camera Traps : idn-001-d0611-3,WCS Camera Traps : 2143,1,dhole,07-18-2002 16:36:00,4,train
https://storage.googleapis.com/public-datasets-lila/wcs-unzipped/animals/0329/0416.jpg,WCS Camera Traps : 3f438a4a-92d5-11e9-9551-000d3a74c7de,WCS Camera Traps : idn-001-d0855-3,WCS Camera Traps : 2288,1,dhole,08-13-2003 15:54:00,4,train
https://storage.googleapis.com/public-datasets-lila/wcs-unzipped/animals/0420/1451.jpg,WCS Camera Traps : 60751af0-92d5-11e9-b921-000d3a74c7de,WCS Camera Traps : idn-004-d0018-13,WCS Camera Traps : 2996,1,dhole,02-02-2013 11:51:52,4,train
https://storage.googleapis.com/public-datasets-lila/wcs-unzipped/animals/0420/1452.jpg,WCS Camera Traps : 60751af2-92d5-11e9-af64-000d3a74c7de,WCS Camera Traps : idn-004-d0018-13,WCS Camera Traps : 2996,2,dhole,02-02-2013 11:51:57,4,train
https://storage.googleapis.com/public-datasets-lila/wcs-unzipped/animals/0420/1453.jpg,WCS Camera Traps : 607541ef-92d5-11e9-88a9-000d3a74c7de,WCS Camera Traps : idn-004-d0018-13,WCS Camera Traps : 2996,3,dhole,02-02-2013 11:52:02,4,train
https://storage.googleapis.com/public-datasets-lila/wcs-unzipped/animals/0420/1454.jpg,WCS Camera Traps : 607541f1-92d5-11e9-8459-000d3a74c7de,WCS Camera Traps : idn-004-d0018-13,WCS Camera Traps : 2996,4,dhole,02-02-2013 11:52:29,4,train
https://storage.googleapis.com/public-datasets-lila/wcs-unzipped/animals/0420/1457.jpg,WCS Camera Traps : 6075696e-92d5-11e9-bac3-000d3a74c7de,WCS Camera Traps : idn-004-d0018-13,WCS Camera Traps : 2996,7,dhole,02-02-2013 11:52:57,4,train
https://storage.googleapis.com/public-datasets-lila/wcs-unzipped/animals/0420/1460.jpg,WCS Camera Traps : 60759020-92d5-11e9-b0f2-000d3a74c7de,WCS Camera Traps : idn-004-d0018-13,WCS Camera Traps : 2996,10,dhole,02-02-2013 11:53:39,4,train
https://storage.googleapis.com/public-datasets-lila/wcs-unzipped/animals/0420/1547.jpg,WCS Camera Traps : 607960ca-92d5-11e9-a68e-000d3a74c7de,WCS Camera Traps : idn-004-d0020-4,WCS Camera Traps : 2996,1,dhole,02-02-2013 11:52:03,4,train
https://storage.googleapis.com/public-datasets-lila/wcs-unzipped/animals/0420/1548.jpg,WCS Camera Traps : 607960cc-92d5-11e9-9fbc-000d3a74c7de,WCS Camera Traps : idn-004-d0020-4,WCS Camera Traps : 2996,2,dhole,02-02-2013 11:52:07,4,train
https://storage.googleapis.com/public-datasets-lila/wcs-unzipped/animals/0420/1549.jpg,WCS Camera Traps : 607987af-92d5-11e9-9331-000d3a74c7de,WCS Camera Traps : idn-004-d0020-4,WCS Camera Traps : 2996,3,dhole,02-02-2013 11:52:11,4,train
https://storage.googleapis.com/public-datasets-lila/wcs-unzipped/animals/0420/1550.jpg,WCS Camera Traps : 607987b1-92d5-11e9-8e39-000d3a74c7de,WCS Camera Traps : idn-004-d0020-5,WCS Camera Traps : 2996,1,dhole,02-02-2013 11:53:17,4,train
https://storage.googleapis.com/public-datasets-lila/wcs-unzipped/animals/0457/1314.jpg,WCS Camera Traps : 6ea30642-92d5-11e9-86b8-000d3a74c7de,WCS Camera Traps : idn-004-d0252-16,WCS Camera Traps : 3107,1,dhole,06-14-2013 09:47:18,4,train
https://storage.googleapis.com/public-datasets-lila/wcs-unzipped/animals/0458/0726.jpg,WCS Camera Traps : 6ee454fc-92d5-11e9-bfa6-000d3a74c7de,WCS Camera Traps : idn-004-d0260-20,WCS Camera Traps : 3112,1,dhole,06-18-2013 11:09:38,4,train
https://storage.googleapis.com/public-datasets-lila/wcs-unzipped/animals/0458/0727.jpg,WCS Camera Traps : 6ee454fe-92d5-11e9-bb91-000d3a74c7de,WCS Camera Traps : idn-004-d0260-20,WCS Camera Traps : 3112,2,dhole,06-18-2013 11:09:38,4,train
https://storage.googleapis.com/public-datasets-lila/wcs-unzipped/animals/0458/0728.jpg,WCS Camera Traps : 6ee45500-92d5-11e9-ab30-000d3a74c7de,WCS Camera Traps : idn-004-d0260-20,WCS Camera Traps : 3112,3,dhole,06-18-2013 11:09:38,4,train
https://storage.googleapis.com/public-datasets-lila/wcs-unzipped/animals/0458/0736.jpg,WCS Camera Traps : 6ee4ca26-92d5-11e9-a5fd-000d3a74c7de,WCS Camera Traps : idn-004-d0261-5,WCS Camera Traps : 3112,1,dhole,06-18-2013 11:09:15,4,train
https://storage.googleapis.com/public-datasets-lila/wcs-unzipped/animals/0458/0737.jpg,WCS Camera Traps : 6ee4ca28-92d5-11e9-86fd-000d3a74c7de,WCS Camera Traps : idn-004-d0261-5,WCS Camera Traps : 3112,2,dhole,06-18-2013 11:09:22,4,train
https://storage.googleapis.com/public-datasets-lila/wcs-unzipped/animals/0458/0738.jpg,WCS Camera Traps : 6ee4ca2a-92d5-11e9-8913-000d3a74c7de,WCS Camera Traps : idn-004-d0261-5,WCS Camera Traps : 3112,3,dhole,06-18-2013 11:09:28,4,train
https://storage.googleapis.com/public-datasets-lila/wcs-unzipped/animals/0458/0739.jpg,WCS Camera Traps : 6ee4f13a-92d5-11e9-999f-000d3a74c7de,WCS Camera Traps : idn-004-d0261-6,WCS Camera Traps : 3112,1,dhole,06-18-2013 11:10:30,4,train
https://storage.googleapis.com/public-datasets-lila/wcs-unzipped/animals/0458/0740.jpg,WCS Camera Traps : 6ee4f13c-92d5-11e9-8842-000d3a74c7de,WCS Camera Traps : idn-004-d0261-6,WCS Camera Traps : 3112,2,dhole,06-18-2013 11:10:37,4,train
https://storage.googleapis.com/public-datasets-lila/wcs-unzipped/animals/0458/0741.jpg,WCS Camera Traps : 6ee4f13e-92d5-11e9-bc60-000d3a74c7de,WCS Camera Traps : idn-004-d0261-6,WCS Camera Traps : 3112,3,dhole,06-18-2013 11:10:43,4,train
https://storage.googleapis.com/public-datasets-lila/wcs-unzipped/animals/0458/0745.jpg,WCS Camera Traps : 6ee5184a-92d5-11e9-ac99-000d3a74c7de,WCS Camera Traps : idn-004-d0261-6,WCS Camera Traps : 3112,7,dhole,06-18-2013 11:12:19,4,train
https://storage.googleapis.com/public-datasets-lila/wcs-unzipped/animals/0458/0746.jpg,WCS Camera Traps : 6ee53f40-92d5-11e9-bc61-000d3a74c7de,WCS Camera Traps : idn-004-d0261-6,WCS Camera Traps : 3112,8,dhole,06-18-2013 11:12:26,4,train
https://storage.googleapis.com/public-datasets-lila/wcs-unzipped/animals/0458/0747.jpg,WCS Camera Traps : 6ee53f42-92d5-11e9-af9a-000d3a74c7de,WCS Camera Traps : idn-004-d0261-6,WCS Camera Traps : 3112,9,dhole,06-18-2013 11:12:33,4,train
https://storage.googleapis.com/public-datasets-lila/wcs-unzipped/animals/0476/1176.jpg,WCS Camera Traps : 7595bbb5-92d5-11e9-b828-000d3a74c7de,WCS Camera Traps : lao-001-d0052-3,WCS Camera Traps : 3467,1,dhole,11-03-2003 08:31:00,4,train
https://storage.googleapis.com/public-datasets-lila/wcs-unzipped/animals/0476/1177.jpg,WCS Camera Traps : 7595bbb7-92d5-11e9-820f-000d3a74c7de,WCS Camera Traps : lao-001-d0052-4,WCS Camera Traps : 3467,1,dhole,11-04-2003 11:33:00,4,train
https://storage.googleapis.com/public-datasets-lila/wcs-unzipped/animals/0476/1178.jpg,WCS Camera Traps : 7595bbb9-92d5-11e9-bdf1-000d3a74c7de,WCS Camera Traps : lao-001-d0052-5,WCS Camera Traps : 3467,1,dhole,11-04-2003 11:38:00,4,train
https://storage.googleapis.com/public-datasets-lila/wcs-unzipped/animals/0476/1184.jpg,WCS Camera Traps : 75960932-92d5-11e9-8dcd-000d3a74c7de,WCS Camera Traps : lao-001-d0053-3,WCS Camera Traps : 3467,1,dhole,10-24-2003 12:00:00,4,train
https://storage.googleapis.com/public-datasets-lila/wcs-unzipped/animals/0476/1185.jpg,WCS Camera Traps : 75960934-92d5-11e9-9ab0-000d3a74c7de,WCS Camera Traps : lao-001-d0053-3,WCS Camera Traps : 3467,2,dhole,10-24-2003 12:00:00,4,train
https://storage.googleapis.com/public-datasets-lila/wcs-unzipped/animals/0476/1186.jpg,WCS Camera Traps : 75963063-92d5-11e9-86c4-000d3a74c7de,WCS Camera Traps : lao-001-d0053-3,WCS Camera Traps : 3467,3,dhole,10-24-2003 12:00:00,4,train
https://storage.googleapis.com/public-datasets-lila/wcs-unzipped/animals/0476/1296.jpg,WCS Camera Traps : 759b3968-92d5-11e9-8f4d-000d3a74c7de,WCS Camera Traps : lao-001-d0074-2,WCS Camera Traps : 3478,1,dhole,11-03-2003 10:13:00,4,train
https://storage.googleapis.com/public-datasets-lila/wcs-unzipped/animals/0476/1304.jpg,WCS Camera Traps : 759b878f-92d5-11e9-aa18-000d3a74c7de,WCS Camera Traps : lao-001-d0075-2,WCS Camera Traps : 3478,1,dhole,11-03-2003 10:15:00,4,train
https://storage.googleapis.com/public-datasets-lila/wcs-unzipped/animals/0476/1421.jpg,WCS Camera Traps : 75a12cfb-92d5-11e9-8892-000d3a74c7de,WCS Camera Traps : lao-001-d0095-2,WCS Camera Traps : 3489,1,dhole,11-21-2003 10:17:00,4,train
https://storage.googleapis.com/public-datasets-lila/wcs-unzipped/animals/0476/1424.jpg,WCS Camera Traps : 75a15420-92d5-11e9-8ad2-000d3a74c7de,WCS Camera Traps : lao-001-d0096-2,WCS Camera Traps : 3489,1,dhole,11-15-2003 12:00:00,4,train
https://storage.googleapis.com/public-datasets-lila/wcs-unzipped/animals/0476/1550.jpg,WCS Camera Traps : 75a6d3be-92d5-11e9-9f3d-000d3a74c7de,WCS Camera Traps : lao-001-d0164-5,WCS Camera Traps : 3524,1,dhole,02-27-2004 02:27:00,4,val
https://storage.googleapis.com/public-datasets-lila/wcs-unzipped/animals/0476/1599.jpg,WCS Camera Traps : 75a8f532-92d5-11e9-9f06-000d3a74c7de,WCS Camera Traps : lao-001-d0174-2,WCS Camera Traps : 3529,1,dhole,02-22-2004 19:33:00,4,train
https://storage.googleapis.com/public-datasets-lila/wcs-unzipped/animals/0476/1648.jpg,WCS Camera Traps : 75ab3f44-92d5-11e9-9fb4-000d3a74c7de,WCS Camera Traps : lao-001-d0181-3,WCS Camera Traps : 3532,1,dhole,02-23-2004 12:00:00,4,train
https://storage.googleapis.com/public-datasets-lila/wcs-unzipped/animals/0476/1649.jpg,WCS Camera Traps : 75ab6622-92d5-11e9-a6a9-000d3a74c7de,WCS Camera Traps : lao-001-d0181-3,WCS Camera Traps : 3532,2,dhole,02-23-2004 12:00:00,4,train
https://storage.googleapis.com/public-datasets-lila/wcs-unzipped/animals/0476/1847.jpg,WCS Camera Traps : 75b502f6-92d5-11e9-a300-000d3a74c7de,WCS Camera Traps : lao-001-d0216-5,WCS Camera Traps : 3550,1,dhole,05-10-2004 11:38:00,4,train
https://storage.googleapis.com/public-datasets-lila/wcs-unzipped/animals/0477/0217.jpg,WCS Camera Traps : 75c61a2c-92d5-11e9-9703-000d3a74c7de,WCS Camera Traps : lao-001-d0273-4,WCS Camera Traps : 3580,1,dhole,11-30-2004 18:43:00,4,train
https://storage.googleapis.com/public-datasets-lila/wcs-unzipped/animals/0477/0639.jpg,WCS Camera Traps : 75d9caa8-92d5-11e9-9567-000d3a74c7de,WCS Camera Traps : lao-004-d0002-83,WCS Camera Traps : 3761,1,dhole,03-21-2011 16:42:00,4,train
https://storage.googleapis.com/public-datasets-lila/wcs-unzipped/animals/0477/0640.jpg,WCS Camera Traps : 75d9caaa-92d5-11e9-8617-000d3a74c7de,WCS Camera Traps : lao-004-d0002-83,WCS Camera Traps : 3761,2,dhole,03-21-2011 16:43:00,4,train
https://storage.googleapis.com/public-datasets-lila/wcs-unzipped/animals/0477/0641.jpg,WCS Camera Traps : 75d9f1dc-92d5-11e9-8b52-000d3a74c7de,WCS Camera Traps : lao-004-d0002-85,WCS Camera Traps : 3761,1,dhole,03-21-2011 17:20:00,4,train
https://storage.googleapis.com/public-datasets-lila/wcs-unzipped/animals/0477/0642.jpg,WCS Camera Traps : 75d9f1de-92d5-11e9-990a-000d3a74c7de,WCS Camera Traps : lao-004-d0002-86,WCS Camera Traps : 3761,1,dhole,03-21-2011 17:26:00,4,train
https://storage.googleapis.com/public-datasets-lila/wcs-unzipped/animals/0477/0643.jpg,WCS Camera Traps : 75d9f1e0-92d5-11e9-8595-000d3a74c7de,WCS Camera Traps : lao-004-d0002-87,WCS Camera Traps : 3761,1,dhole,03-21-2011 18:00:00,4,train
https://storage.googleapis.com/public-datasets-lila/wcs-unzipped/animals/0477/0644.jpg,WCS Camera Traps : 75da18d4-92d5-11e9-bd67-000d3a74c7de,WCS Camera Traps : lao-004-d0002-88,WCS Camera Traps : 3761,1,dhole,03-21-2011 18:38:00,4,train
https://storage.googleapis.com/public-datasets-lila/wcs-unzipped/animals/0477/0645.jpg,WCS Camera Traps : 75da18d6-92d5-11e9-abfe-000d3a74c7de,WCS Camera Traps : lao-004-d0002-89,WCS Camera Traps : 3761,1,dhole,03-21-2011 18:59:00,4,train
https://storage.googleapis.com/public-datasets-lila/wcs-unzipped/animals/0477/0647.jpg,WCS Camera Traps : 75da18da-92d5-11e9-9e60-000d3a74c7de,WCS Camera Traps : lao-004-d0002-91,WCS Camera Traps : 3761,1,dhole,03-22-2011 06:24:00,4,train
https://storage.googleapis.com/public-datasets-lila/wcs-unzipped/animals/0477/0648.jpg,WCS Camera Traps : 75da4018-92d5-11e9-95d5-000d3a74c7de,WCS Camera Traps : lao-004-d0002-92,WCS Camera Traps : 3761,1,dhole,03-22-2011 08:46:00,4,train
https://storage.googleapis.com/public-datasets-lila/wcs-unzipped/animals/0477/0649.jpg,WCS Camera Traps : 75da401a-92d5-11e9-80f4-000d3a74c7de,WCS Camera Traps : lao-004-d0002-92,WCS Camera Traps : 3761,2,dhole,03-22-2011 08:46:00,4,train
https://storage.googleapis.com/public-datasets-lila/wcs-unzipped/animals/0477/0650.jpg,WCS Camera Traps : 75da401c-92d5-11e9-8ef1-000d3a74c7de,WCS Camera Traps : lao-004-d0002-92,WCS Camera Traps : 3761,3,dhole,03-22-2011 08:46:00,4,train
https://storage.googleapis.com/public-datasets-lila/wcs-unzipped/animals/0477/0651.jpg,WCS Camera Traps : 75da670c-92d5-11e9-aec6-000d3a74c7de,WCS Camera Traps : lao-004-d0002-93,WCS Camera Traps : 3761,1,dhole,03-22-2011 14:00:00,4,train
https://storage.googleapis.com/public-datasets-lila/wcs-unzipped/animals/0477/0652.jpg,WCS Camera Traps : 75da670e-92d5-11e9-b3ff-000d3a74c7de,WCS Camera Traps : lao-004-d0002-93,WCS Camera Traps : 3761,2,dhole,03-22-2011 14:00:00,4,train
https://storage.googleapis.com/public-datasets-lila/wcs-unzipped/animals/0477/0653.jpg,WCS Camera Traps : 75da6710-92d5-11e9-971f-000d3a74c7de,WCS Camera Traps : lao-004-d0002-93,WCS Camera Traps : 3761,3,dhole,03-22-2011 14:00:00,4,train
https://storage.googleapis.com/public-datasets-lila/wcs-unzipped/animals/0477/0654.jpg,WCS Camera Traps : 75da6712-92d5-11e9-85a2-000d3a74c7de,WCS Camera Traps : lao-004-d0002-94,WCS Camera Traps : 3761,1,dhole,03-23-2011 06:24:00,4,train
https://storage.googleapis.com/public-datasets-lila/wcs-unzipped/animals/0477/0703.jpg,WCS Camera Traps : 75dd2616-92d5-11e9-b9ab-000d3a74c7de,WCS Camera Traps : lao-004-d0001-25,WCS Camera Traps : 3761,1,dhole,02-10-2011 10:07:00,4,train
https://storage.googleapis.com/public-datasets-lila/wcs-unzipped/animals/0477/0704.jpg,WCS Camera Traps : 75dd2618-92d5-11e9-851d-000d3a74c7de,WCS Camera Traps : lao-004-d0001-25,WCS Camera Traps : 3761,2,dhole,02-10-2011 10:07:00,4,train
https://storage.googleapis.com/public-datasets-lila/wcs-unzipped/animals/0477/0705.jpg,WCS Camera Traps : 75dd4d30-92d5-11e9-a24b-000d3a74c7de,WCS Camera Traps : lao-004-d0001-25,WCS Camera Traps : 3761,3,dhole,02-10-2011 10:07:00,4,train
https://storage.googleapis.com/public-datasets-lila/wcs-unzipped/animals/0477/0764.jpg,WCS Camera Traps : 75dfe528-92d5-11e9-b225-000d3a74c7de,WCS Camera Traps : lao-004-d0001-73,WCS Camera Traps : 3761,1,dhole,03-21-2011 17:57:00,4,train
https://storage.googleapis.com/public-datasets-lila/wcs-unzipped/animals/0477/0765.jpg,WCS Camera Traps : 75e00c5c-92d5-11e9-92ac-000d3a74c7de,WCS Camera Traps : lao-004-d0001-74,WCS Camera Traps : 3761,1,dhole,03-21-2011 18:35:00,4,train
https://storage.googleapis.com/public-datasets-lila/wcs-unzipped/animals/0477/0766.jpg,WCS Camera Traps : 75e00c5e-92d5-11e9-9f23-000d3a74c7de,WCS Camera Traps : lao-004-d0001-75,WCS Camera Traps : 3761,1,dhole,03-22-2011 08:43:00,4,train
https://storage.googleapis.com/public-datasets-lila/wcs-unzipped/animals/0477/0767.jpg,WCS Camera Traps : 75e00c60-92d5-11e9-96ed-000d3a74c7de,WCS Camera Traps : lao-004-d0001-75,WCS Camera Traps : 3761,2,dhole,03-22-2011 08:43:00,4,train
https://storage.googleapis.com/public-datasets-lila/wcs-unzipped/animals/0477/0768.jpg,WCS Camera Traps : 75e0334a-92d5-11e9-8f35-000d3a74c7de,WCS Camera Traps : lao-004-d0001-75,WCS Camera Traps : 3761,3,dhole,03-22-2011 08:43:00,4,train
https://storage.googleapis.com/public-datasets-lila/wcs-unzipped/animals/0477/0769.jpg,WCS Camera Traps : 75e0334c-92d5-11e9-9ee6-000d3a74c7de,WCS Camera Traps : lao-004-d0001-76,WCS Camera Traps : 3761,1,dhole,03-22-2011 13:57:00,4,train
https://storage.googleapis.com/public-datasets-lila/wcs-unzipped/animals/0477/0770.jpg,WCS Camera Traps : 75e0334e-92d5-11e9-8259-000d3a74c7de,WCS Camera Traps : lao-004-d0001-76,WCS Camera Traps : 3761,2,dhole,03-22-2011 13:57:00,4,train
https://storage.googleapis.com/public-datasets-lila/wcs-unzipped/animals/0477/0771.jpg,WCS Camera Traps : 75e03350-92d5-11e9-bc07-000d3a74c7de,WCS Camera Traps : lao-004-d0001-76,WCS Camera Traps : 3761,3,dhole,03-22-2011 13:57:00,4,train
https://storage.googleapis.com/public-datasets-lila/wcs-unzipped/animals/0477/0772.jpg,WCS Camera Traps : 75e05ae6-92d5-11e9-9d93-000d3a74c7de,WCS Camera Traps : lao-004-d0001-77,WCS Camera Traps : 3761,1,dhole,03-23-2011 06:21:00,4,train
https://storage.googleapis.com/public-datasets-lila/wcs-unzipped/animals/0477/0855.jpg,WCS Camera Traps : 75e3dd42-92d5-11e9-b963-000d3a74c7de,WCS Camera Traps : lao-004-d0012-13,WCS Camera Traps : 3764,1,dhole,03-18-2011 18:54:00,4,train
https://storage.googleapis.com/public-datasets-lila/wcs-unzipped/animals/0477/0871.jpg,WCS Camera Traps : 75e4a00a-92d5-11e9-8ab3-000d3a74c7de,WCS Camera Traps : lao-004-d0012-26,WCS Camera Traps : 3764,1,dhole,04-19-2011 16:06:00,4,train
https://storage.googleapis.com/public-datasets-lila/wcs-unzipped/animals/0477/0872.jpg,WCS Camera Traps : 75e4a00c-92d5-11e9-b84b-000d3a74c7de,WCS Camera Traps : lao-004-d0012-26,WCS Camera Traps : 3764,2,dhole,04-19-2011 16:06:00,4,train
https://storage.googleapis.com/public-datasets-lila/wcs-unzipped/animals/0477/0873.jpg,WCS Camera Traps : 75e4c746-92d5-11e9-bb93-000d3a74c7de,WCS Camera Traps : lao-004-d0012-26,WCS Camera Traps : 3764,3,dhole,04-19-2011 16:06:00,4,train
https://storage.googleapis.com/public-datasets-lila/wcs-unzipped/animals/0477/0874.jpg,WCS Camera Traps : 75e4c748-92d5-11e9-9687-000d3a74c7de,WCS Camera Traps : lao-004-d0012-26,WCS Camera Traps : 3764,4,dhole,04-19-2011 16:07:00,4,train
https://storage.googleapis.com/public-datasets-lila/wcs-unzipped/animals/0477/0875.jpg,WCS Camera Traps : 75e4c74a-92d5-11e9-ab76-000d3a74c7de,WCS Camera Traps : lao-004-d0012-26,WCS Camera Traps : 3764,5,dhole,04-19-2011 16:07:00,4,train
https://storage.googleapis.com/public-datasets-lila/wcs-unzipped/animals/0477/0876.jpg,WCS Camera Traps : 75e4c74c-92d5-11e9-9f9b-000d3a74c7de,WCS Camera Traps : lao-004-d0012-26,WCS Camera Traps : 3764,6,dhole,04-19-2011 16:07:00,4,train
https://storage.googleapis.com/public-datasets-lila/wcs-unzipped/animals/0477/0877.jpg,WCS Camera Traps : 75e4ee6e-92d5-11e9-91ad-000d3a74c7de,WCS Camera Traps : lao-004-d0012-26,WCS Camera Traps : 3764,7,dhole,04-19-2011 16:07:00,4,train
https://storage.googleapis.com/public-datasets-lila/wcs-unzipped/animals/0477/0878.jpg,WCS Camera Traps : 75e4ee70-92d5-11e9-82d5-000d3a74c7de,WCS Camera Traps : lao-004-d0012-26,WCS Camera Traps : 3764,8,dhole,04-19-2011 16:07:00,4,train
https://storage.googleapis.com/public-datasets-lila/wcs-unzipped/animals/0477/0879.jpg,WCS Camera Traps : 75e4ee72-92d5-11e9-9fb3-000d3a74c7de,WCS Camera Traps : lao-004-d0012-26,WCS Camera Traps : 3764,9,dhole,04-19-2011 16:08:00,4,train
https://storage.googleapis.com/public-datasets-lila/wcs-unzipped/animals/0477/0880.jpg,WCS Camera Traps : 75e51542-92d5-11e9-b597-000d3a74c7de,WCS Camera Traps : lao-004-d0012-26,WCS Camera Traps : 3764,10,dhole,04-19-2011 16:08:00,4,train
https://storage.googleapis.com/public-datasets-lila/wcs-unzipped/animals/0477/0881.jpg,WCS Camera Traps : 75e51544-92d5-11e9-b638-000d3a74c7de,WCS Camera Traps : lao-004-d0012-26,WCS Camera Traps : 3764,11,dhole,04-19-2011 16:08:00,4,train
https://storage.googleapis.com/public-datasets-lila/wcs-unzipped/animals/0477/0883.jpg,WCS Camera Traps : 75e51548-92d5-11e9-bc24-000d3a74c7de,WCS Camera Traps : lao-004-d0012-30,WCS Camera Traps : 3764,1,dhole,04-20-2011 06:36:00,4,train
https://storage.googleapis.com/public-datasets-lila/wcs-unzipped/animals/0477/0884.jpg,WCS Camera Traps : 75e53c26-92d5-11e9-8e49-000d3a74c7de,WCS Camera Traps : lao-004-d0012-30,WCS Camera Traps : 3764,2,dhole,04-20-2011 06:36:00,4,train
https://storage.googleapis.com/public-datasets-lila/wcs-unzipped/animals/0477/0909.jpg,WCS Camera Traps : 75e64e12-92d5-11e9-9787-000d3a74c7de,WCS Camera Traps : lao-004-d0011-8,WCS Camera Traps : 3764,1,dhole,04-19-2011 16:10:00,4,train
https://storage.googleapis.com/public-datasets-lila/wcs-unzipped/animals/0477/0910.jpg,WCS Camera Traps : 75e64e14-92d5-11e9-bff0-000d3a74c7de,WCS Camera Traps : lao-004-d0011-8,WCS Camera Traps : 3764,2,dhole,04-19-2011 16:10:00,4,train
https://storage.googleapis.com/public-datasets-lila/wcs-unzipped/animals/0477/0911.jpg,WCS Camera Traps : 75e6756e-92d5-11e9-a6b4-000d3a74c7de,WCS Camera Traps : lao-004-d0011-8,WCS Camera Traps : 3764,3,dhole,04-19-2011 16:10:00,4,train
https://storage.googleapis.com/public-datasets-lila/wcs-unzipped/animals/0477/0912.jpg,WCS Camera Traps : 75e67570-92d5-11e9-bf80-000d3a74c7de,WCS Camera Traps : lao-004-d0011-8,WCS Camera Traps : 3764,4,dhole,04-19-2011 16:10:00,4,train
https://storage.googleapis.com/public-datasets-lila/wcs-unzipped/animals/0477/0913.jpg,WCS Camera Traps : 75e67572-92d5-11e9-a249-000d3a74c7de,WCS Camera Traps : lao-004-d0011-8,WCS Camera Traps : 3764,5,dhole,04-19-2011 16:10:00,4,train
https://storage.googleapis.com/public-datasets-lila/wcs-unzipped/animals/0477/0914.jpg,WCS Camera Traps : 75e67574-92d5-11e9-80e4-000d3a74c7de,WCS Camera Traps : lao-004-d0011-8,WCS Camera Traps : 3764,6,dhole,04-19-2011 16:10:00,4,train
https://storage.googleapis.com/public-datasets-lila/wcs-unzipped/animals/0477/0915.jpg,WCS Camera Traps : 75e69c48-92d5-11e9-b164-000d3a74c7de,WCS Camera Traps : lao-004-d0011-8,WCS Camera Traps : 3764,7,dhole,04-19-2011 16:10:00,4,train
https://storage.googleapis.com/public-datasets-lila/wcs-unzipped/animals/0477/0916.jpg,WCS Camera Traps : 75e69c4a-92d5-11e9-9732-000d3a74c7de,WCS Camera Traps : lao-004-d0011-8,WCS Camera Traps : 3764,8,dhole,04-19-2011 16:11:00,4,train
https://storage.googleapis.com/public-datasets-lila/wcs-unzipped/animals/0477/0917.jpg,WCS Camera Traps : 75e69c4c-92d5-11e9-b91e-000d3a74c7de,WCS Camera Traps : lao-004-d0011-8,WCS Camera Traps : 3764,9,dhole,04-19-2011 16:11:00,4,train
https://storage.googleapis.com/public-datasets-lila/wcs-unzipped/animals/0477/0918.jpg,WCS Camera Traps : 75e6c2f6-92d5-11e9-a42a-000d3a74c7de,WCS Camera Traps : lao-004-d0011-8,WCS Camera Traps : 3764,10,dhole,04-19-2011 16:11:00,4,train
https://storage.googleapis.com/public-datasets-lila/wcs-unzipped/animals/0477/0919.jpg,WCS Camera Traps : 75e6c2f8-92d5-11e9-a470-000d3a74c7de,WCS Camera Traps : lao-004-d0011-8,WCS Camera Traps : 3764,11,dhole,04-19-2011 16:11:00,4,train
https://storage.googleapis.com/public-datasets-lila/wcs-unzipped/animals/0477/0920.jpg,WCS Camera Traps : 75e6c2fa-92d5-11e9-be70-000d3a74c7de,WCS Camera Traps : lao-004-d0011-10,WCS Camera Traps : 3764,1,dhole,04-20-2011 06:39:00,4,train
https://storage.googleapis.com/public-datasets-lila/wcs-unzipped/animals/0477/0921.jpg,WCS Camera Traps : 75e6c2fc-92d5-11e9-9955-000d3a74c7de,WCS Camera Traps : lao-004-d0011-10,WCS Camera Traps : 3764,2,dhole,04-20-2011 06:40:00,4,train
https://storage.googleapis.com/public-datasets-lila/wcs-unzipped/animals/0478/0384.jpg,WCS Camera Traps : 762a8118-92d5-11e9-9cc4-000d3a74c7de,WCS Camera Traps : lao-004-d0005-34,WCS Camera Traps : 3778,1,dhole,03-26-2011 15:34:00,4,train
https://storage.googleapis.com/public-datasets-lila/wcs-unzipped/animals/0478/0385.jpg,WCS Camera Traps : 762aa835-92d5-11e9-835f-000d3a74c7de,WCS Camera Traps : lao-004-d0005-34,WCS Camera Traps : 3778,2,dhole,03-26-2011 15:34:00,4,train
https://storage.googleapis.com/public-datasets-lila/wcs-unzipped/animals/0478/0386.jpg,WCS Camera Traps : 762aa837-92d5-11e9-b886-000d3a74c7de,WCS Camera Traps : lao-004-d0005-34,WCS Camera Traps : 3778,3,dhole,03-26-2011 15:34:00,4,train
https://storage.googleapis.com/public-datasets-lila/wcs-unzipped/animals/0478/0387.jpg,WCS Camera Traps : 762aa839-92d5-11e9-81f1-000d3a74c7de,WCS Camera Traps : lao-004-d0005-34,WCS Camera Traps : 3778,4,dhole,03-26-2011 15:34:00,4,train
https://storage.googleapis.com/public-datasets-lila/wcs-unzipped/animals/0478/0388.jpg,WCS Camera Traps : 762acf76-92d5-11e9-8a5e-000d3a74c7de,WCS Camera Traps : lao-004-d0005-34,WCS Camera Traps : 3778,5,dhole,03-26-2011 15:34:00,4,train
https://storage.googleapis.com/public-datasets-lila/wcs-unzipped/animals/0478/0389.jpg,WCS Camera Traps : 762acf78-92d5-11e9-92f1-000d3a74c7de,WCS Camera Traps : lao-004-d0005-34,WCS Camera Traps : 3778,6,dhole,03-26-2011 15:34:00,4,train
https://storage.googleapis.com/public-datasets-lila/wcs-unzipped/animals/0478/0391.jpg,WCS Camera Traps : 762acf7c-92d5-11e9-b2d2-000d3a74c7de,WCS Camera Traps : lao-004-d0005-36,WCS Camera Traps : 3778,1,dhole,03-26-2011 15:49:00,4,train
https://storage.googleapis.com/public-datasets-lila/wcs-unzipped/animals/0478/0392.jpg,WCS Camera Traps : 762af677-92d5-11e9-87b0-000d3a74c7de,WCS Camera Traps : lao-004-d0005-36,WCS Camera Traps : 3778,2,dhole,03-26-2011 15:49:00,4,train
https://storage.googleapis.com/public-datasets-lila/wcs-unzipped/animals/0478/0393.jpg,WCS Camera Traps : 762af679-92d5-11e9-9b6e-000d3a74c7de,WCS Camera Traps : lao-004-d0005-36,WCS Camera Traps : 3778,3,dhole,03-26-2011 15:49:00,4,train
https://storage.googleapis.com/public-datasets-lila/wcs-unzipped/animals/0478/0446.jpg,WCS Camera Traps : 762d404d-92d5-11e9-84b5-000d3a74c7de,WCS Camera Traps : lao-004-d0006-29,WCS Camera Traps : 3778,1,dhole,03-26-2011 15:35:00,4,train
https://storage.googleapis.com/public-datasets-lila/wcs-unzipped/animals/0478/0447.jpg,WCS Camera Traps : 762d404f-92d5-11e9-95d7-000d3a74c7de,WCS Camera Traps : lao-004-d0006-29,WCS Camera Traps : 3778,2,dhole,03-26-2011 15:36:00,4,train
https://storage.googleapis.com/public-datasets-lila/wcs-unzipped/animals/0478/0448.jpg,WCS Camera Traps : 762d678a-92d5-11e9-9605-000d3a74c7de,WCS Camera Traps : lao-004-d0006-29,WCS Camera Traps : 3778,3,dhole,03-26-2011 15:36:00,4,train
https://storage.googleapis.com/public-datasets-lila/wcs-unzipped/animals/0478/0449.jpg,WCS Camera Traps : 762d678c-92d5-11e9-a4f5-000d3a74c7de,WCS Camera Traps : lao-004-d0006-29,WCS Camera Traps : 3778,4,dhole,03-26-2011 15:36:00,4,train
https://storage.googleapis.com/public-datasets-lila/wcs-unzipped/animals/0478/0450.jpg,WCS Camera Traps : 762d678e-92d5-11e9-a27c-000d3a74c7de,WCS Camera Traps : lao-004-d0006-29,WCS Camera Traps : 3778,5,dhole,03-26-2011 15:36:00,4,train
https://storage.googleapis.com/public-datasets-lila/wcs-unzipped/animals/0478/0451.jpg,WCS Camera Traps : 762d8e99-92d5-11e9-9d85-000d3a74c7de,WCS Camera Traps : lao-004-d0006-31,WCS Camera Traps : 3778,1,dhole,03-26-2011 15:51:00,4,train
https://storage.googleapis.com/public-datasets-lila/wcs-unzipped/animals/0478/0452.jpg,WCS Camera Traps : 762db593-92d5-11e9-b322-000d3a74c7de,WCS Camera Traps : lao-004-d0006-31,WCS Camera Traps : 3778,2,dhole,03-26-2011 15:51:00,4,train
https://storage.googleapis.com/public-datasets-lila/wcs-unzipped/animals/0478/0453.jpg,WCS Camera Traps : 762db595-92d5-11e9-a277-000d3a74c7de,WCS Camera Traps : lao-004-d0006-31,WCS Camera Traps : 3778,3,dhole,03-26-2011 15:51:00,4,train
https://storage.googleapis.com/public-datasets-lila/wcs-unzipped/animals/0478/0981.jpg,WCS Camera Traps : 7646bba6-92d5-11e9-ba44-000d3a74c7de,WCS Camera Traps : lao-005-d0043-6,WCS Camera Traps : 3786,1,dhole,04-14-2012 08:27:00,4,train
https://storage.googleapis.com/public-datasets-lila/wcs-unzipped/animals/0478/0982.jpg,WCS Camera Traps : 7646bba8-92d5-11e9-a29e-000d3a74c7de,WCS Camera Traps : lao-005-d0043-6,WCS Camera Traps : 3786,2,dhole,04-14-2012 08:27:00,4,train
https://storage.googleapis.com/public-datasets-lila/wcs-unzipped/animals/0478/1000.jpg,WCS Camera Traps : 7647a628-92d5-11e9-a7f7-000d3a74c7de,WCS Camera Traps : lao-005-d0044-5,WCS Camera Traps : 3786,1,dhole,04-14-2012 08:29:00,4,train
https://storage.googleapis.com/public-datasets-lila/wcs-unzipped/animals/0478/1001.jpg,WCS Camera Traps : 7647a62a-92d5-11e9-9345-000d3a74c7de,WCS Camera Traps : lao-005-d0044-5,WCS Camera Traps : 3786,2,dhole,04-14-2012 08:29:00,4,train
https://storage.googleapis.com/public-datasets-lila/wcs-unzipped/animals/0478/1383.jpg,WCS Camera Traps : 7659ced3-92d5-11e9-920d-000d3a74c7de,WCS Camera Traps : lao-005-d0008-5,WCS Camera Traps : 3790,1,dhole,02-22-2012 14:02:00,4,train
https://storage.googleapis.com/public-datasets-lila/wcs-unzipped/animals/0478/1384.jpg,WCS Camera Traps : 7659ced5-92d5-11e9-84a1-000d3a74c7de,WCS Camera Traps : lao-005-d0008-5,WCS Camera Traps : 3790,2,dhole,02-22-2012 14:02:00,4,train
https://storage.googleapis.com/public-datasets-lila/wcs-unzipped/animals/0478/1385.jpg,WCS Camera Traps : 7659ced7-92d5-11e9-985d-000d3a74c7de,WCS Camera Traps : lao-005-d0008-5,WCS Camera Traps : 3790,3,dhole,02-22-2012 14:02:00,4,train
https://storage.googleapis.com/public-datasets-lila/wcs-unzipped/animals/0478/1392.jpg,WCS Camera Traps : 765a1cd1-92d5-11e9-b353-000d3a74c7de,WCS Camera Traps : lao-005-d0008-10,WCS Camera Traps : 3790,1,dhole,03-11-2012 16:32:00,4,train
https://storage.googleapis.com/public-datasets-lila/wcs-unzipped/animals/0478/1393.jpg,WCS Camera Traps : 765a443a-92d5-11e9-9463-000d3a74c7de,WCS Camera Traps : lao-005-d0008-10,WCS Camera Traps : 3790,2,dhole,03-11-2012 16:32:00,4,train
https://storage.googleapis.com/public-datasets-lila/wcs-unzipped/animals/0478/1394.jpg,WCS Camera Traps : 765a443c-92d5-11e9-b6a3-000d3a74c7de,WCS Camera Traps : lao-005-d0008-11,WCS Camera Traps : 3790,1,dhole,03-12-2012 22:41:00,4,train
https://storage.googleapis.com/public-datasets-lila/wcs-unzipped/animals/0478/1512.jpg,WCS Camera Traps : 765f9ae2-92d5-11e9-9dc3-000d3a74c7de,WCS Camera Traps : lao-005-d0019-16,WCS Camera Traps : 3793,1,dhole,02-24-2012 06:24:00,4,train
https://storage.googleapis.com/public-datasets-lila/wcs-unzipped/animals/0478/1523.jpg,WCS Camera Traps : 76601050-92d5-11e9-a41d-000d3a74c7de,WCS Camera Traps : lao-005-d0019-23,WCS Camera Traps : 3793,1,dhole,02-26-2012 13:59:00,4,train
https://storage.googleapis.com/public-datasets-lila/wcs-unzipped/animals/0478/1556.jpg,WCS Camera Traps : 76616f8a-92d5-11e9-87f8-000d3a74c7de,WCS Camera Traps : lao-005-d0020-10,WCS Camera Traps : 3793,2,dhole,02-21-2012 10:58:00,4,train
https://storage.googleapis.com/public-datasets-lila/wcs-unzipped/animals/0478/1565.jpg,WCS Camera Traps : 7661e4c4-92d5-11e9-8f08-000d3a74c7de,WCS Camera Traps : lao-005-d0020-15,WCS Camera Traps : 3793,1,dhole,02-26-2012 14:03:00,4,train
https://storage.googleapis.com/public-datasets-lila/wcs-unzipped/animals/0478/1596.jpg,WCS Camera Traps : 76634496-92d5-11e9-aa2d-000d3a74c7de,WCS Camera Traps : lao-005-d0015-2,WCS Camera Traps : 3794,1,dhole,02-12-2012 09:16:00,4,train
https://storage.googleapis.com/public-datasets-lila/wcs-unzipped/animals/0478/1597.jpg,WCS Camera Traps : 76634498-92d5-11e9-a792-000d3a74c7de,WCS Camera Traps : lao-005-d0015-3,WCS Camera Traps : 3794,1,dhole,02-12-2012 18:36:00,4,train
https://storage.googleapis.com/public-datasets-lila/wcs-unzipped/animals/0478/1607.jpg,WCS Camera Traps : 7663ba04-92d5-11e9-a7d5-000d3a74c7de,WCS Camera Traps : lao-005-d0016-2,WCS Camera Traps : 3794,1,dhole,02-12-2012 09:15:00,4,train
https://storage.googleapis.com/public-datasets-lila/wcs-unzipped/animals/0478/1949.jpg,WCS Camera Traps : 767399c2-92d5-11e9-86b2-000d3a74c7de,WCS Camera Traps : lao-005-d0041-23,WCS Camera Traps : 3800,1,dhole,03-26-2012 17:13:00,4,train
https://storage.googleapis.com/public-datasets-lila/wcs-unzipped/animals/0478/1950.jpg,WCS Camera Traps : 767399c4-92d5-11e9-9d42-000d3a74c7de,WCS Camera Traps : lao-005-d0041-23,WCS Camera Traps : 3800,2,dhole,03-26-2012 17:13:00,4,train
https://storage.googleapis.com/public-datasets-lila/wcs-unzipped/animals/0479/0033.jpg,WCS Camera Traps : 7677df6e-92d5-11e9-ac0c-000d3a74c7de,WCS Camera Traps : lao-005-d0064-56,WCS Camera Traps : 3801,1,dhole,05-15-2012 17:37:00,4,train
https://storage.googleapis.com/public-datasets-lila/wcs-unzipped/animals/0479/0522.jpg,WCS Camera Traps : 768e4d62-92d5-11e9-be3e-000d3a74c7de,WCS Camera Traps : lao-005-d0059-21,WCS Camera Traps : 3811,1,dhole,04-18-2012 16:15:00,4,train
https://storage.googleapis.com/public-datasets-lila/wcs-unzipped/animals/0479/0770.jpg,WCS Camera Traps : 7699e524-92d5-11e9-8b12-000d3a74c7de,WCS Camera Traps : lao-005-d0062-3,WCS Camera Traps : 3820,1,dhole,04-01-2012 07:21:00,4,train
https://storage.googleapis.com/public-datasets-lila/wcs-unzipped/animals/0479/0771.jpg,WCS Camera Traps : 7699e526-92d5-11e9-be2b-000d3a74c7de,WCS Camera Traps : lao-005-d0062-3,WCS Camera Traps : 3820,2,dhole,04-01-2012 07:21:00,4,train
https://storage.googleapis.com/public-datasets-lila/wcs-unzipped/animals/0479/0772.jpg,WCS Camera Traps : 769a0bda-92d5-11e9-a55d-000d3a74c7de,WCS Camera Traps : lao-005-d0062-3,WCS Camera Traps : 3820,3,dhole,04-01-2012 07:22:00,4,train
https://storage.googleapis.com/public-datasets-lila/wcs-unzipped/animals/0479/0796.jpg,WCS Camera Traps : 769af62a-92d5-11e9-b7d8-000d3a74c7de,WCS Camera Traps : lao-005-d0063-3,WCS Camera Traps : 3820,1,dhole,04-01-2012 06:31:00,4,train
https://storage.googleapis.com/public-datasets-lila/wcs-unzipped/animals/0479/1047.jpg,WCS Camera Traps : 76a69030-92d5-11e9-bf05-000d3a74c7de,WCS Camera Traps : lao-005-d0172-6,WCS Camera Traps : 3827,1,dhole,05-10-2012 08:31:00,4,train
https://storage.googleapis.com/public-datasets-lila/wcs-unzipped/animals/0479/1050.jpg,WCS Camera Traps : 76a6b773-92d5-11e9-a357-000d3a74c7de,WCS Camera Traps : lao-005-d0172-9,WCS Camera Traps : 3827,1,dhole,05-18-2012 16:10:00,4,train
https://storage.googleapis.com/public-datasets-lila/wcs-unzipped/animals/0479/1057.jpg,WCS Camera Traps : 76a7044d-92d5-11e9-b51b-000d3a74c7de,WCS Camera Traps : lao-005-d0173-5,WCS Camera Traps : 3827,1,dhole,05-10-2012 08:30:00,4,train
https://storage.googleapis.com/public-datasets-lila/wcs-unzipped/animals/0479/1063.jpg,WCS Camera Traps : 76a75283-92d5-11e9-9da6-000d3a74c7de,WCS Camera Traps : lao-005-d0173-10,WCS Camera Traps : 3827,1,dhole,05-18-2012 16:09:00,4,train
https://storage.googleapis.com/public-datasets-lila/wcs-unzipped/animals/0479/1064.jpg,WCS Camera Traps : 76a75285-92d5-11e9-bd30-000d3a74c7de,WCS Camera Traps : lao-005-d0173-11,WCS Camera Traps : 3827,1,dhole,05-18-2012 16:11:00,4,train
https://storage.googleapis.com/public-datasets-lila/wcs-unzipped/animals/0479/1256.jpg,WCS Camera Traps : 76b004c2-92d5-11e9-a54a-000d3a74c7de,WCS Camera Traps : lao-005-d0175-2,WCS Camera Traps : 3837,1,dhole,04-13-2012 06:46:00,4,val
https://storage.googleapis.com/public-datasets-lila/wcs-unzipped/animals/0479/1257.jpg,WCS Camera Traps : 76b02bd8-92d5-11e9-9ccc-000d3a74c7de,WCS Camera Traps : lao-005-d0175-2,WCS Camera Traps : 3837,2,dhole,04-13-2012 06:47:00,4,val
https://storage.googleapis.com/public-datasets-lila/wcs-unzipped/animals/0479/1517.jpg,WCS Camera Traps : 76bcfd7b-92d5-11e9-85ab-000d3a74c7de,WCS Camera Traps : lao-005-d0176-12,WCS Camera Traps : 3848,2,dhole,05-09-2012 09:05:00,4,train
https://storage.googleapis.com/public-datasets-lila/wcs-unzipped/animals/0479/1518.jpg,WCS Camera Traps : 76bd2448-92d5-11e9-afad-000d3a74c7de,WCS Camera Traps : lao-005-d0176-14,WCS Camera Traps : 3848,1,dhole,05-09-2012 09:09:00,4,train
https://storage.googleapis.com/public-datasets-lila/wcs-unzipped/animals/0479/1519.jpg,WCS Camera Traps : 76bd244a-92d5-11e9-862c-000d3a74c7de,WCS Camera Traps : lao-005-d0176-14,WCS Camera Traps : 3848,2,dhole,05-09-2012 09:09:00,4,train
https://storage.googleapis.com/public-datasets-lila/wcs-unzipped/animals/0479/1520.jpg,WCS Camera Traps : 76bd244c-92d5-11e9-a9eb-000d3a74c7de,WCS Camera Traps : lao-005-d0176-14,WCS Camera Traps : 3848,3,dhole,05-09-2012 09:09:00,4,train
https://storage.googleapis.com/public-datasets-lila/wcs-unzipped/animals/0479/1528.jpg,WCS Camera Traps : 76bd9962-92d5-11e9-9fa7-000d3a74c7de,WCS Camera Traps : lao-005-d0177-6,WCS Camera Traps : 3848,1,dhole,05-09-2012 09:07:00,4,train
https://storage.googleapis.com/public-datasets-lila/wcs-unzipped/animals/0479/1529.jpg,WCS Camera Traps : 76bd9964-92d5-11e9-a6ca-000d3a74c7de,WCS Camera Traps : lao-005-d0177-6,WCS Camera Traps : 3848,2,dhole,05-09-2012 09:08:00,4,train
https://storage.googleapis.com/public-datasets-lila/wcs-unzipped/animals/0479/1530.jpg,WCS Camera Traps : 76bd9966-92d5-11e9-9b66-000d3a74c7de,WCS Camera Traps : lao-005-d0177-6,WCS Camera Traps : 3848,3,dhole,05-09-2012 09:09:00,4,train
https://storage.googleapis.com/public-datasets-lila/wcs-unzipped/animals/0479/1531.jpg,WCS Camera Traps : 76bdc09c-92d5-11e9-9135-000d3a74c7de,WCS Camera Traps : lao-005-d0177-6,WCS Camera Traps : 3848,4,dhole,05-09-2012 09:09:00,4,train
https://storage.googleapis.com/public-datasets-lila/wcs-unzipped/animals/0479/1532.jpg,WCS Camera Traps : 76bdc09e-92d5-11e9-a6b8-000d3a74c7de,WCS Camera Traps : lao-005-d0177-6,WCS Camera Traps : 3848,5,dhole,05-09-2012 09:09:00,4,train
https://storage.googleapis.com/public-datasets-lila/wcs-unzipped/animals/0479/1550.jpg,WCS Camera Traps : 76be842c-92d5-11e9-aaa0-000d3a74c7de,WCS Camera Traps : lao-005-d0105-17,WCS Camera Traps : 3849,1,dhole,02-22-2012 17:59:00,4,train
https://storage.googleapis.com/public-datasets-lila/wcs-unzipped/animals/0479/1555.jpg,WCS Camera Traps : 76bed247-92d5-11e9-92c8-000d3a74c7de,WCS Camera Traps : lao-005-d0105-22,WCS Camera Traps : 3849,1,dhole,02-23-2012 07:19:00,4,train
https://storage.googleapis.com/public-datasets-lila/wcs-unzipped/animals/0479/1566.jpg,WCS Camera Traps : 76bf4749-92d5-11e9-9f8c-000d3a74c7de,WCS Camera Traps : lao-005-d0105-31,WCS Camera Traps : 3849,1,dhole,02-27-2012 16:17:00,4,train
https://storage.googleapis.com/public-datasets-lila/wcs-unzipped/animals/0480/0155.jpg,WCS Camera Traps : 76dabe4d-92d5-11e9-88c5-000d3a74c7de,WCS Camera Traps : lao-005-d0217-7,WCS Camera Traps : 3868,1,dhole,04-27-2012 06:34:00,4,train
https://storage.googleapis.com/public-datasets-lila/wcs-unzipped/animals/0480/0156.jpg,WCS Camera Traps : 76dabe4f-92d5-11e9-9b5d-000d3a74c7de,WCS Camera Traps : lao-005-d0217-7,WCS Camera Traps : 3868,2,dhole,04-27-2012 06:34:00,4,train
https://storage.googleapis.com/public-datasets-lila/wcs-unzipped/animals/0480/0157.jpg,WCS Camera Traps : 76dae570-92d5-11e9-9c03-000d3a74c7de,WCS Camera Traps : lao-005-d0217-8,WCS Camera Traps : 3868,1,dhole,04-27-2012 06:37:00,4,train
https://storage.googleapis.com/public-datasets-lila/wcs-unzipped/animals/0480/0563.jpg,WCS Camera Traps : 76edaa14-92d5-11e9-b243-000d3a74c7de,WCS Camera Traps : lao-005-d0214-8,WCS Camera Traps : 3872,1,dhole,03-29-2012 16:40:00,4,val
https://storage.googleapis.com/public-datasets-lila/wcs-unzipped/animals/0480/0595.jpg,WCS Camera Traps : 76ef09ba-92d5-11e9-9ca1-000d3a74c7de,WCS Camera Traps : lao-005-d0213-8,WCS Camera Traps : 3872,1,dhole,03-29-2012 16:40:00,4,val
https://storage.googleapis.com/public-datasets-lila/wcs-unzipped/animals/0480/0787.jpg,WCS Camera Traps : 76f8589c-92d5-11e9-8748-000d3a74c7de,WCS Camera Traps : lao-005-d0227-15,WCS Camera Traps : 3877,1,dhole,04-11-2012 16:37:00,4,val
https://storage.googleapis.com/public-datasets-lila/wcs-unzipped/animals/0480/0828.jpg,WCS Camera Traps : 76fa062d-92d5-11e9-8385-000d3a74c7de,WCS Camera Traps : lao-005-d0226-11,WCS Camera Traps : 3877,1,dhole,04-11-2012 16:36:00,4,val
https://storage.googleapis.com/public-datasets-lila/wcs-unzipped/animals/0480/1290.jpg,WCS Camera Traps : 770ec7ff-92d5-11e9-9144-000d3a74c7de,WCS Camera Traps : lao-005-d0195-7,WCS Camera Traps : 3886,1,dhole,04-30-2012 10:37:00,4,train
https://storage.googleapis.com/public-datasets-lila/wcs-unzipped/animals/0480/1291.jpg,WCS Camera Traps : 770eef1c-92d5-11e9-a2f1-000d3a74c7de,WCS Camera Traps : lao-005-d0195-7,WCS Camera Traps : 3886,2,dhole,04-30-2012 10:37:00,4,train
https://storage.googleapis.com/public-datasets-lila/wcs-unzipped/animals/0480/1292.jpg,WCS Camera Traps : 770eef1e-92d5-11e9-bfdd-000d3a74c7de,WCS Camera Traps : lao-005-d0195-7,WCS Camera Traps : 3886,3,dhole,04-30-2012 10:37:00,4,train
https://storage.googleapis.com/public-datasets-lila/wcs-unzipped/animals/0480/1310.jpg,WCS Camera Traps : 770fb256-92d5-11e9-9d90-000d3a74c7de,WCS Camera Traps : lao-005-d0196-13,WCS Camera Traps : 3886,1,dhole,04-30-2012 10:25:00,4,train
https://storage.googleapis.com/public-datasets-lila/wcs-unzipped/animals/0480/1311.jpg,WCS Camera Traps : 770fb258-92d5-11e9-8307-000d3a74c7de,WCS Camera Traps : lao-005-d0196-13,WCS Camera Traps : 3886,2,dhole,04-30-2012 10:25:00,4,train
https://storage.googleapis.com/public-datasets-lila/wcs-unzipped/animals/0480/1312.jpg,WCS Camera Traps : 770fb25a-92d5-11e9-9352-000d3a74c7de,WCS Camera Traps : lao-005-d0196-13,WCS Camera Traps : 3886,3,dhole,04-30-2012 10:25:00,4,train
https://storage.googleapis.com/public-datasets-lila/wcs-unzipped/animals/0480/1313.jpg,WCS Camera Traps : 770fd977-92d5-11e9-98d5-000d3a74c7de,WCS Camera Traps : lao-005-d0196-13,WCS Camera Traps : 3886,4,dhole,04-30-2012 10:25:00,4,train
https://storage.googleapis.com/public-datasets-lila/wcs-unzipped/animals/0480/1314.jpg,WCS Camera Traps : 770fd979-92d5-11e9-81ea-000d3a74c7de,WCS Camera Traps : lao-005-d0196-13,WCS Camera Traps : 3886,5,dhole,04-30-2012 10:25:00,4,train
https://storage.googleapis.com/public-datasets-lila/wcs-unzipped/animals/0480/1315.jpg,WCS Camera Traps : 770fd97b-92d5-11e9-8897-000d3a74c7de,WCS Camera Traps : lao-005-d0196-13,WCS Camera Traps : 3886,6,dhole,04-30-2012 10:25:00,4,train
https://storage.googleapis.com/public-datasets-lila/wcs-unzipped/animals/0480/1412.jpg,WCS Camera Traps : 771494c6-92d5-11e9-84f4-000d3a74c7de,WCS Camera Traps : lao-005-d0200-3,WCS Camera Traps : 3888,1,dhole,03-08-2012 18:02:00,4,train
https://storage.googleapis.com/public-datasets-lila/wcs-unzipped/animals/0480/1413.jpg,WCS Camera Traps : 771494c8-92d5-11e9-87f4-000d3a74c7de,WCS Camera Traps : lao-005-d0200-3,WCS Camera Traps : 3888,2,dhole,03-08-2012 18:02:00,4,train
https://storage.googleapis.com/public-datasets-lila/wcs-unzipped/animals/0480/1445.jpg,WCS Camera Traps : 77161b4a-92d5-11e9-8759-000d3a74c7de,WCS Camera Traps : lao-005-d0199-2,WCS Camera Traps : 3888,1,dhole,03-08-2012 18:01:00,4,train
https://storage.googleapis.com/public-datasets-lila/wcs-unzipped/animals/0480/1446.jpg,WCS Camera Traps : 77161b4c-92d5-11e9-92ca-000d3a74c7de,WCS Camera Traps : lao-005-d0199-2,WCS Camera Traps : 3888,2,dhole,03-08-2012 18:02:00,4,train
https://storage.googleapis.com/public-datasets-lila/wcs-unzipped/animals/0480/1510.jpg,WCS Camera Traps : 7718da7c-92d5-11e9-a112-000d3a74c7de,WCS Camera Traps : lao-005-d0193-20,WCS Camera Traps : 3889,1,dhole,04-23-2012 17:27:00,4,train
https://storage.googleapis.com/public-datasets-lila/wcs-unzipped/animals/0480/1511.jpg,WCS Camera Traps : 7719018c-92d5-11e9-b71b-000d3a74c7de,WCS Camera Traps : lao-005-d0193-20,WCS Camera Traps : 3889,2,dhole,04-23-2012 17:27:00,4,train
https://storage.googleapis.com/public-datasets-lila/wcs-unzipped/animals/0480/1512.jpg,WCS Camera Traps : 7719018e-92d5-11e9-bfe0-000d3a74c7de,WCS Camera Traps : lao-005-d0193-20,WCS Camera Traps : 3889,3,dhole,04-23-2012 17:27:00,4,train
https://storage.googleapis.com/public-datasets-lila/wcs-unzipped/animals/0480/1513.jpg,WCS Camera Traps : 77190190-92d5-11e9-8c6d-000d3a74c7de,WCS Camera Traps : lao-005-d0193-20,WCS Camera Traps : 3889,4,dhole,04-23-2012 17:28:00,4,train
https://storage.googleapis.com/public-datasets-lila/wcs-unzipped/animals/0480/1514.jpg,WCS Camera Traps : 771928ae-92d5-11e9-8bb8-000d3a74c7de,WCS Camera Traps : lao-005-d0193-20,WCS Camera Traps : 3889,5,dhole,04-23-2012 17:28:00,4,train
https://storage.googleapis.com/public-datasets-lila/wcs-unzipped/animals/0480/1515.jpg,WCS Camera Traps : 771928b0-92d5-11e9-aeed-000d3a74c7de,WCS Camera Traps : lao-005-d0193-20,WCS Camera Traps : 3889,6,dhole,04-23-2012 17:28:00,4,train
https://storage.googleapis.com/public-datasets-lila/wcs-unzipped/animals/0480/1540.jpg,WCS Camera Traps : 771aaef4-92d5-11e9-8684-000d3a74c7de,WCS Camera Traps : lao-005-d0192-15,WCS Camera Traps : 3889,1,dhole,04-23-2012 17:27:00,4,train
https://storage.googleapis.com/public-datasets-lila/snapshotserengeti-unzipped/S8/O03/O03_R3/S8_O03_R3_IMAG0753.JPG,Snapshot Serengeti : S8/O03/O03_R3/S8_O03_R3_IMAG0753,Snapshot Serengeti : SER_S8#O03#3#268,Snapshot Serengeti : O03,2,black-backed jackal,04-16-2014 13:54:38,4,train
https://storage.googleapis.com/public-datasets-lila/snapshot-safari/MTZ/MTZ_public/MTZ_S1/E06/E06_R1/MTZ_S1_E06_R1_IMAG0066.JPG,Snapshot Mountain Zebra : MTZ_S1/E06/E06_R1/MTZ_S1_E06_R1_IMAG0066,Snapshot Mountain Zebra : MTZ_S1#E06#1#66,Snapshot Mountain Zebra : E06,1,black-backed jackal,09-03-2017 15:54:26,4,train
https://storage.googleapis.com/public-datasets-lila/snapshot-safari/MTZ/MTZ_public/MTZ_S1/C08/C08_R3/MTZ_S1_C08_R3_IMAG0090.JPG,Snapshot Mountain Zebra : MTZ_S1/C08/C08_R3/MTZ_S1_C08_R3_IMAG0090,Snapshot Mountain Zebra : MTZ_S1#C08#3#53,Snapshot Mountain Zebra : C08,2,black-backed jackal,05-04-2018 09:53:26,4,train
https://storage.googleapis.com/public-datasets-lila/snapshot-safari-2024-expansion/Snapshot South Africa/MLP/MLP_S1/E05/E05_R1/MLP_S1_E05_R1_IMAG0070.JPG,Snapshot Safari 2024 Expansion : Snapshot South Africa/MLP/MLP_S1/E05/E05_R1/MLP_S1_E05_R1_IMAG0070.JPG,Snapshot Safari 2024 Expansion : MLP_S1#E05#1#40,Snapshot Safari 2024 Expansion : MLP_S1_E05,0,black-backed jackal,,4,val
https://storage.googleapis.com/public-datasets-lila/snapshot-safari-2024-expansion/KAR/KAR_S2/K01/K01_R5/KAR_S2_K01_R5_IMAG0939.JPG,Snapshot Safari 2024 Expansion : KAR/KAR_S2/K01/K01_R5/KAR_S2_K01_R5_IMAG0939.JPG,Snapshot Safari 2024 Expansion : KAR_S2#K01#5#313,Snapshot Safari 2024 Expansion : KAR_S2_K01,2,black-backed jackal,,4,test
https://storage.googleapis.com/public-datasets-lila/snapshotserengeti-unzipped/S8/N05/N05_R4/S8_N05_R4_IMAG0145.JPG,Snapshot Serengeti : S8/N05/N05_R4/S8_N05_R4_IMAG0145,Snapshot Serengeti : SER_S8#N05#4#57,Snapshot Serengeti : N05,1,black-backed jackal,06-25-2014 06:39:43,4,train
https://storage.googleapis.com/public-datasets-lila/desert-lion-camera-traps/annotated-imgs/canis mesomelas/Camera Trap/Events/Gc_Amps/2012/06/PvL_seq_847b327e-df43-4b25-9150-232466bd1fdb/SUNP0225.JPG,Desert Lion Conservation Camera Traps : canis mesomelas/Camera Trap/Events/Gc_Amps/2012/06/PvL_seq_847b327e-df43-4b25-9150-232466bd1fdb/SUNP0225.JPG,Desert Lion Conservation Camera Traps : unknown,Desert Lion Conservation Camera Traps : unknown,-1,black-backed jackal,,4,train
https://storage.googleapis.com/public-datasets-lila/snapshot-safari-2024-expansion/CDB/CDB_S3/B07/B07_R5/CDB_S3_B07_R5_IMAG0201.JPG,Snapshot Safari 2024 Expansion : CDB/CDB_S3/B07/B07_R5/CDB_S3_B07_R5_IMAG0201.JPG,Snapshot Safari 2024 Expansion : CDB_S3#B07#5#108,Snapshot Safari 2024 Expansion : CDB_S3_B07,1,black-backed jackal,,4,val
https://storage.googleapis.com/public-datasets-lila/wcs-unzipped/animals/0337/1376.jpg,WCS Camera Traps : 42507ea2-92d5-11e9-8151-000d3a74c7de,WCS Camera Traps : ken-016-d0026-6,WCS Camera Traps : 1245,1,black-backed jackal,01-26-2013 23:08:48,4,val
https://storage.googleapis.com/public-datasets-lila/snapshotserengeti-unzipped/SER_S11/E12/E12_R1/SER_S11_E12_R1_IMAG0062.JPG,Snapshot Serengeti : SER_S11/E12/E12_R1/SER_S11_E12_R1_IMAG0062,Snapshot Serengeti : SER_S11#E12#1#23,Snapshot Serengeti : E12,1,black-backed jackal,08-12-2015 20:00:33,4,train
https://storage.googleapis.com/public-datasets-lila/snapshotserengeti-unzipped/SER_S11/L10/L10_R2/SER_S11_L10_R2_IMAG4871.JPG,Snapshot Serengeti : SER_S11/L10/L10_R2/SER_S11_L10_R2_IMAG4871,Snapshot Serengeti : SER_S11#L10#2#1720,Snapshot Serengeti : L10,1,black-backed jackal,11-18-2015 01:25:07,4,train
https://storage.googleapis.com/public-datasets-lila/snapshotserengeti-unzipped/S4/S11/S11_R1/S4_S11_R1_IMAG0899.JPG,Snapshot Serengeti : S4/S11/S11_R1/S4_S11_R1_IMAG0899,Snapshot Serengeti : SER_S4#S11#1#317,Snapshot Serengeti : S11,3,black-backed jackal,02-12-2012 13:46:16,4,test
https://storage.googleapis.com/public-datasets-lila/desert-lion-camera-traps/annotated-imgs/canis mesomelas/Camera Trap/North/Okongwe/2013/11/PvL_seq_331f4e43-e8bb-436b-a697-ecac35dae287/IM000118.JPG,Desert Lion Conservation Camera Traps : canis mesomelas/Camera Trap/North/Okongwe/2013/11/PvL_seq_331f4e43-e8bb-436b-a697-ecac35dae287/IM000118.JPG,Desert Lion Conservation Camera Traps : unknown,Desert Lion Conservation Camera Traps : unknown,-1,black-backed jackal,,4,train
https://storage.googleapis.com/public-datasets-lila/snapshot-safari-2024-expansion/MTZ/MTZ_S3/E04/E04_R7/MTZ_S3_E04_R7_IMAG0038.JPG,Snapshot Safari 2024 Expansion : MTZ/MTZ_S3/E04/E04_R7/MTZ_S3_E04_R7_IMAG0038.JPG,Snapshot Safari 2024 Expansion : MTZ_S3#E04#7#38,Snapshot Safari 2024 Expansion : MTZ_S3_E04,0,black-backed jackal,,4,test
https://storage.googleapis.com/public-datasets-lila/snapshot-safari-2024-expansion/Snapshot South Africa/MLP/MLP_S3/E05/E05_R6/MLP_S3_E05_R6_IMAG1579.JPG,Snapshot Safari 2024 Expansion : Snapshot South Africa/MLP/MLP_S3/E05/E05_R6/MLP_S3_E05_R6_IMAG1579.JPG,Snapshot Safari 2024 Expansion : MLP_S3#E05#6#527,Snapshot Safari 2024 Expansion : MLP_S3_E05,0,black-backed jackal,,4,test
https://storage.googleapis.com/public-datasets-lila/snapshot-safari-2024-expansion/KAR/KAR_S2/K04/K04_R5/KAR_S2_K04_R5_IMAG0149.JPG,Snapshot Safari 2024 Expansion : KAR/KAR_S2/K04/K04_R5/KAR_S2_K04_R5_IMAG0149.JPG,Snapshot Safari 2024 Expansion : KAR_S2#K04#5#50,Snapshot Safari 2024 Expansion : KAR_S2_K04,1,black-backed jackal,,4,test
https://storage.googleapis.com/public-datasets-lila/snapshot-safari-2024-expansion/MTZ/MTZ_S1/E06/E06_R3/MTZ_S1_E06_R3_IMAG1768.JPG,Snapshot Safari 2024 Expansion : MTZ/MTZ_S1/E06/E06_R3/MTZ_S1_E06_R3_IMAG1768.JPG,Snapshot Safari 2024 Expansion : MTZ_S1#E06#3#1768,Snapshot Safari 2024 Expansion : MTZ_S1_E06,0,black-backed jackal,,4,train
https://storage.googleapis.com/public-datasets-lila/snapshotserengeti-unzipped/S2/I13/I13_R2/S2_I13_R2_PICT0375.JPG,Snapshot Serengeti : S2/I13/I13_R2/S2_I13_R2_PICT0375,Snapshot Serengeti : SER_S2#I13#2#126,Snapshot Serengeti : I13,2,black-backed jackal,03-12-2011 17:16:09,4,train
https://storage.googleapis.com/public-datasets-lila/desert-lion-camera-traps/annotated-imgs/canis mesomelas/Camera Trap/North/Okongwe/25Feb12/PvL_seq_b424f5d6-abbd-4d79-b9df-a3c064906fa7/PICT0060.JPG,Desert Lion Conservation Camera Traps : canis mesomelas/Camera Trap/North/Okongwe/25Feb12/PvL_seq_b424f5d6-abbd-4d79-b9df-a3c064906fa7/PICT0060.JPG,Desert Lion Conservation Camera Traps : unknown,Desert Lion Conservation Camera Traps : unknown,-1,black-backed jackal,,4,train
https://storage.googleapis.com/public-datasets-lila/snapshotserengeti-unzipped/S9/B06/B06_R2/S9_B06_R2_IMAG1145.JPG,Snapshot Serengeti : S9/B06/B06_R2/S9_B06_R2_IMAG1145,Snapshot Serengeti : SER_S9#B06#2#434,Snapshot Serengeti : B06,1,black-backed jackal,08-31-2014 18:57:32,4,train
https://storage.googleapis.com/public-datasets-lila/snapshot-safari-2024-expansion/KAR/KAR_S4/KARWA04/KARWA04_R9/KAR_S4_KARWA04_R9_IMAG1781.JPG,Snapshot Safari 2024 Expansion : KAR/KAR_S4/KARWA04/KARWA04_R9/KAR_S4_KARWA04_R9_IMAG1781.JPG,Snapshot Safari 2024 Expansion : KAR_S4#KARWA04#9#594,Snapshot Safari 2024 Expansion : KAR_S4_KARWA04,1,black-backed jackal,,4,train
https://storage.googleapis.com/public-datasets-lila/snapshot-safari-2024-expansion/PLN/PLN_S2/D02/D02_R4/PLN_S2_D02_R4_IMAG0135.JPG,Snapshot Safari 2024 Expansion : PLN/PLN_S2/D02/D02_R4/PLN_S2_D02_R4_IMAG0135.JPG,Snapshot Safari 2024 Expansion : PLN_S2#D02#4#95,Snapshot Safari 2024 Expansion : PLN_S2_D02,0,black-backed jackal,,4,train
https://storage.googleapis.com/public-datasets-lila/desert-lion-camera-traps/annotated-imgs/canis mesomelas/Camera Trap2/PvL_seq_00535e19-0a65-42d7-afce-4ada2ca1f9d3/SUNP0888.JPG,Desert Lion Conservation Camera Traps : canis mesomelas/Camera Trap2/PvL_seq_00535e19-0a65-42d7-afce-4ada2ca1f9d3/SUNP0888.JPG,Desert Lion Conservation Camera Traps : unknown,Desert Lion Conservation Camera Traps : unknown,-1,black-backed jackal,,4,train
https://storage.googleapis.com/public-datasets-lila/snapshot-safari-2024-expansion/MTZ/MTZ_S4/D06/D06_R9/MTZ_S4_D06_R9_IMAG0087.JPG,Snapshot Safari 2024 Expansion : MTZ/MTZ_S4/D06/D06_R9/MTZ_S4_D06_R9_IMAG0087.JPG,Snapshot Safari 2024 Expansion : MTZ_S4#D06#9#87,Snapshot Safari 2024 Expansion : MTZ_S4_D06,0,black-backed jackal,,4,train
https://storage.googleapis.com/public-datasets-lila/snapshot-safari-2024-expansion/KAR/KAR_S3/KARWA01/KARWA01_R7/KAR_S3_KARWA01_R7_IMAG1306.JPG,Snapshot Safari 2024 Expansion : KAR/KAR_S3/KARWA01/KARWA01_R7/KAR_S3_KARWA01_R7_IMAG1306.JPG,Snapshot Safari 2024 Expansion : KAR_S3#KARWA01#7#436,Snapshot Safari 2024 Expansion : KAR_S3_KARWA01,0,black-backed jackal,,4,train
https://storage.googleapis.com/public-datasets-lila/snapshot-safari/MTZ/MTZ_public/MTZ_S1/C06/C06_R1/MTZ_S1_C06_R1_IMAG0209.JPG,Snapshot Mountain Zebra : MTZ_S1/C06/C06_R1/MTZ_S1_C06_R1_IMAG0209,Snapshot Mountain Zebra : MTZ_S1#C06#1#190,Snapshot Mountain Zebra : C06,1,black-backed jackal,08-30-2017 14:35:34,4,train
https://storage.googleapis.com/public-datasets-lila/desert-lion-camera-traps/annotated-imgs/canis mesomelas/Camera Trap/Hoanib/X25cave/17Feb12/PvL_seq_196abf0e-a821-438a-9aee-3491ff67985b/PICT0139.JPG,Desert Lion Conservation Camera Traps : canis mesomelas/Camera Trap/Hoanib/X25cave/17Feb12/PvL_seq_196abf0e-a821-438a-9aee-3491ff67985b/PICT0139.JPG,Desert Lion Conservation Camera Traps : unknown,Desert Lion Conservation Camera Traps : unknown,-1,black-backed jackal,,4,train
https://storage.googleapis.com/public-datasets-lila/desert-lion-camera-traps/annotated-imgs/canis mesomelas/Camera Trap/Hoanib/Hnb_N_Gorge/2012/11/PvL_seq_50edae9f-0d1b-4039-9418-8c34f39eb35e/PICT0090.JPG,Desert Lion Conservation Camera Traps : canis mesomelas/Camera Trap/Hoanib/Hnb_N_Gorge/2012/11/PvL_seq_50edae9f-0d1b-4039-9418-8c34f39eb35e/PICT0090.JPG,Desert Lion Conservation Camera Traps : unknown,Desert Lion Conservation Camera Traps : unknown,-1,black-backed jackal,,4,train
https://storage.googleapis.com/public-datasets-lila/snapshot-safari-2024-expansion/KAR/KAR_S3/KARWA04/KARWA04_R7/KAR_S3_KARWA04_R7_IMAG4728.JPG,Snapshot Safari 2024 Expansion : KAR/KAR_S3/KARWA04/KARWA04_R7/KAR_S3_KARWA04_R7_IMAG4728.JPG,Snapshot Safari 2024 Expansion : KAR_S3#KARWA04#7#1576,Snapshot Safari 2024 Expansion : KAR_S3_KARWA04,2,black-backed jackal,,4,train
https://storage.googleapis.com/public-datasets-lila/snapshotserengeti-unzipped/S7/J09/J09_R1/S7_J09_R1_IMAG1316.JPG,Snapshot Serengeti : S7/J09/J09_R1/S7_J09_R1_IMAG1316,Snapshot Serengeti : SER_S7#J09#1#484,Snapshot Serengeti : J09,1,black-backed jackal,07-05-2013 22:44:02,4,train
https://storage.googleapis.com/public-datasets-lila/snapshot-safari-2024-expansion/KAR/KAR_S2/E03/E03_R5/KAR_S2_E03_R5_IMAG0162.JPG,Snapshot Safari 2024 Expansion : KAR/KAR_S2/E03/E03_R5/KAR_S2_E03_R5_IMAG0162.JPG,Snapshot Safari 2024 Expansion : KAR_S2#E03#5#58,Snapshot Safari 2024 Expansion : KAR_S2_E03,2,black-backed jackal,,4,val
https://storage.googleapis.com/public-datasets-lila/snapshot-safari-2024-expansion/SER/SER_S13/F05/F05_R2/SER_S13_F05_R2_IMAG0950.JPG,Snapshot Safari 2024 Expansion : SER/SER_S13/F05/F05_R2/SER_S13_F05_R2_IMAG0950.JPG,Snapshot Safari 2024 Expansion : SER_S13#F05#2#384,Snapshot Safari 2024 Expansion : SER_S13_F05,0,black-backed jackal,,4,train
https://storage.googleapis.com/public-datasets-lila/snapshot-safari-2024-expansion/SER/SER_S12/K09/K09_R1/SER_S12_K09_R1_IMAG4385.JPG,Snapshot Safari 2024 Expansion : SER/SER_S12/K09/K09_R1/SER_S12_K09_R1_IMAG4385.JPG,Snapshot Safari 2024 Expansion : SER_S12#K09#1#2471,Snapshot Safari 2024 Expansion : SER_S12_K09,2,black-backed jackal,,4,train
https://storage.googleapis.com/public-datasets-lila/wcs-unzipped/animals/0417/1579.jpg,WCS Camera Traps : 5f63f7e8-92d5-11e9-9d4e-000d3a74c7de,WCS Camera Traps : ken-017-d0074-74,WCS Camera Traps : 2970,1,black-backed jackal,02-18-2015 07:22:28,4,train
https://storage.googleapis.com/public-datasets-lila/snapshot-safari-2024-expansion/CDB/CDB_S3/D06/D06_R5/CDB_S3_D06_R5_IMAG0523.JPG,Snapshot Safari 2024 Expansion : CDB/CDB_S3/D06/D06_R5/CDB_S3_D06_R5_IMAG0523.JPG,Snapshot Safari 2024 Expansion : CDB_S3#D06#5#267,Snapshot Safari 2024 Expansion : CDB_S3_D06,0,black-backed jackal,,4,train
https://storage.googleapis.com/public-datasets-lila/snapshot-safari-2024-expansion/Snapshot South Africa/MLP/MLP_S2/C03/C03_R5/MLP_S2_C03_R5_IMAG0441.JPG,Snapshot Safari 2024 Expansion : Snapshot South Africa/MLP/MLP_S2/C03/C03_R5/MLP_S2_C03_R5_IMAG0441.JPG,Snapshot Safari 2024 Expansion : MLP_S2#C03#5#147,Snapshot Safari 2024 Expansion : MLP_S2_C03,2,black-backed jackal,,4,train
https://storage.googleapis.com/public-datasets-lila/snapshot-safari-2024-expansion/MTZ/MTZ_S4/E06/E06_R10/MTZ_S4_E06_R10_IMAG0056.JPG,Snapshot Safari 2024 Expansion : MTZ/MTZ_S4/E06/E06_R10/MTZ_S4_E06_R10_IMAG0056.JPG,Snapshot Safari 2024 Expansion : MTZ_S4#E06#10#19,Snapshot Safari 2024 Expansion : MTZ_S4_E06,1,black-backed jackal,,4,train
https://storage.googleapis.com/public-datasets-lila/snapshot-safari-2024-expansion/SER/SER_S12/J12/J12_R3/SER_S12_J12_R3_IMAG0609.JPG,Snapshot Safari 2024 Expansion : SER/SER_S12/J12/J12_R3/SER_S12_J12_R3_IMAG0609.JPG,Snapshot Safari 2024 Expansion : SER_S12#J12#3#223,Snapshot Safari 2024 Expansion : SER_S12_J12,0,black-backed jackal,,4,train
https://storage.googleapis.com/public-datasets-lila/snapshot-safari-2024-expansion/MTZ/MTZ_S3/C08/C08_R8/MTZ_S3_C08_R8_IMAG0037.JPG,Snapshot Safari 2024 Expansion : MTZ/MTZ_S3/C08/C08_R8/MTZ_S3_C08_R8_IMAG0037.JPG,Snapshot Safari 2024 Expansion : MTZ_S3#C08#8#13,Snapshot Safari 2024 Expansion : MTZ_S3_C08,0,black-backed jackal,,4,train
https://storage.googleapis.com/public-datasets-lila/snapshot-safari-2024-expansion/KAR/KAR_S2/K01/K01_R5/KAR_S2_K01_R5_IMAG0444.JPG,Snapshot Safari 2024 Expansion : KAR/KAR_S2/K01/K01_R5/KAR_S2_K01_R5_IMAG0444.JPG,Snapshot Safari 2024 Expansion : KAR_S2#K01#5#148,Snapshot Safari 2024 Expansion : KAR_S2_K01,2,black-backed jackal,,4,test
https://storage.googleapis.com/public-datasets-lila/snapshotserengeti-unzipped/SER_S11/M09/M09_R1/SER_S11_M09_R1_IMAG0057.JPG,Snapshot Serengeti : SER_S11/M09/M09_R1/SER_S11_M09_R1_IMAG0057,Snapshot Serengeti : SER_S11#M09#1#23,Snapshot Serengeti : M09,1,black-backed jackal,07-05-2015 18:28:01,4,train
https://storage.googleapis.com/public-datasets-lila/snapshotserengeti-unzipped/S10/N06/N06_R1/S10_N06_R1_IMAG1624.JPG,Snapshot Serengeti : S10/N06/N06_R1/S10_N06_R1_IMAG1624,Snapshot Serengeti : SER_S10#N06#1#666,Snapshot Serengeti : N06,3,black-backed jackal,04-09-2015 18:28:29,4,train
https://storage.googleapis.com/public-datasets-lila/snapshot-safari-2024-expansion/CDB/CDB_S1/B07/B07_R1/CDB_S1_B07_R1_IMAG0629.JPG,Snapshot Safari 2024 Expansion : CDB/CDB_S1/B07/B07_R1/CDB_S1_B07_R1_IMAG0629.JPG,Snapshot Safari 2024 Expansion : CDB_S1#B07#1#329,Snapshot Safari 2024 Expansion : CDB_S1_B07,0,black-backed jackal,,4,train
https://storage.googleapis.com/public-datasets-lila/snapshot-safari-2024-expansion/KAR/KAR_S2/K05/K05_R5/KAR_S2_K05_R5_IMAG4573.JPG,Snapshot Safari 2024 Expansion : KAR/KAR_S2/K05/K05_R5/KAR_S2_K05_R5_IMAG4573.JPG,Snapshot Safari 2024 Expansion : KAR_S2#K05#5#1525,Snapshot Safari 2024 Expansion : KAR_S2_K05,2,black-backed jackal,,4,train
https://storage.googleapis.com/public-datasets-lila/snapshot-safari-2024-expansion/MAD/MAD_S3/MAD01/MAD01_R09/MAD_S3_MAD01_R09_IMAG1889.JPG,Snapshot Safari 2024 Expansion : MAD/MAD_S3/MAD01/MAD01_R09/MAD_S3_MAD01_R09_IMAG1889.JPG,Snapshot Safari 2024 Expansion : MAD_S3#MAD01#09#630,Snapshot Safari 2024 Expansion : MAD_S3_MAD01,1,black-backed jackal,,4,train
https://storage.googleapis.com/public-datasets-lila/snapshot-safari-2024-expansion/KAR/KAR_S3/KARWA04/KARWA04_R8/KAR_S3_KARWA04_R8_IMAG2656.JPG,Snapshot Safari 2024 Expansion : KAR/KAR_S3/KARWA04/KARWA04_R8/KAR_S3_KARWA04_R8_IMAG2656.JPG,Snapshot Safari 2024 Expansion : KAR_S3#KARWA04#8#886,Snapshot Safari 2024 Expansion : KAR_S3_KARWA04,0,black-backed jackal,,4,train
https://storage.googleapis.com/public-datasets-lila/snapshotserengeti-unzipped/S6/T13/T13_R2/S6_T13_R2_IMAG0905.JPG,Snapshot Serengeti : S6/T13/T13_R2/S6_T13_R2_IMAG0905,Snapshot Serengeti : SER_S6#T13#2#542,Snapshot Serengeti : T13,2,black-backed jackal,03-03-2013 08:39:23,4,test
https://storage.googleapis.com/public-datasets-lila/snapshot-safari-2024-expansion/KAR/KAR_S2/K03/K03_R5/KAR_S2_K03_R5_IMAG3377.JPG,Snapshot Safari 2024 Expansion : KAR/KAR_S2/K03/K03_R5/KAR_S2_K03_R5_IMAG3377.JPG,Snapshot Safari 2024 Expansion : KAR_S2#K03#5#1126,Snapshot Safari 2024 Expansion : KAR_S2_K03,1,black-backed jackal,,4,train
https://storage.googleapis.com/public-datasets-lila/desert-lion-camera-traps/annotated-imgs/canis mesomelas/Camera Trap/North/Ganias/2013/08/PvL_seq_d0aa03c2-97bc-4614-96a0-78509bea607b/PICT8654.JPG,Desert Lion Conservation Camera Traps : canis mesomelas/Camera Trap/North/Ganias/2013/08/PvL_seq_d0aa03c2-97bc-4614-96a0-78509bea607b/PICT8654.JPG,Desert Lion Conservation Camera Traps : unknown,Desert Lion Conservation Camera Traps : unknown,-1,black-backed jackal,,4,train
https://storage.googleapis.com/public-datasets-lila/snapshot-safari-2024-expansion/CDB/CDB_S3/A05/A05_R4/CDB_S3_A05_R4_IMAG0008.JPG,Snapshot Safari 2024 Expansion : CDB/CDB_S3/A05/A05_R4/CDB_S3_A05_R4_IMAG0008.JPG,Snapshot Safari 2024 Expansion : CDB_S3#A05#4#4,Snapshot Safari 2024 Expansion : CDB_S3_A05,0,black-backed jackal,,4,train
https://storage.googleapis.com/public-datasets-lila/snapshot-safari-2024-expansion/CDB/CDB_S1/F03/F03_R1/CDB_S1_F03_R1_IMAG0014.JPG,Snapshot Safari 2024 Expansion : CDB/CDB_S1/F03/F03_R1/CDB_S1_F03_R1_IMAG0014.JPG,Snapshot Safari 2024 Expansion : CDB_S1#F03#1#8,Snapshot Safari 2024 Expansion : CDB_S1_F03,0,black-backed jackal,,4,train
https://storage.googleapis.com/public-datasets-lila/desert-lion-camera-traps/annotated-imgs/canis mesomelas/Camera Trap/Hoanib/X25cave/2014/03/PvL_seq_bdecdf2e-97b7-4568-acf4-2dda1921e2a6/20140331-PICT0084.JPG,Desert Lion Conservation Camera Traps : canis mesomelas/Camera Trap/Hoanib/X25cave/2014/03/PvL_seq_bdecdf2e-97b7-4568-acf4-2dda1921e2a6/20140331-PICT0084.JPG,Desert Lion Conservation Camera Traps : unknown,Desert Lion Conservation Camera Traps : unknown,-1,black-backed jackal,,4,train
https://storage.googleapis.com/public-datasets-lila/desert-lion-camera-traps/annotated-imgs/canis mesomelas/Camera Trap/North/Okongwe/2012/08/PvL_seq_1c25d70d-c683-4a24-b65a-b4fca2b73c3c/PICT0163.JPG,Desert Lion Conservation Camera Traps : canis mesomelas/Camera Trap/North/Okongwe/2012/08/PvL_seq_1c25d70d-c683-4a24-b65a-b4fca2b73c3c/PICT0163.JPG,Desert Lion Conservation Camera Traps : unknown,Desert Lion Conservation Camera Traps : unknown,-1,black-backed jackal,,4,train
https://storage.googleapis.com/public-datasets-lila/snapshotserengeti-unzipped/S9/N09/N09_R2/S9_N09_R2_IMAG0395.JPG,Snapshot Serengeti : S9/N09/N09_R2/S9_N09_R2_IMAG0395,Snapshot Serengeti : SER_S9#N09#2#150,Snapshot Serengeti : N09,2,black-backed jackal,11-02-2014 15:18:14,4,train
https://storage.googleapis.com/public-datasets-lila/snapshot-safari-2024-expansion/CDB/CDB_S1/B06/B06_R1/CDB_S1_B06_R1_IMAG0058.JPG,Snapshot Safari 2024 Expansion : CDB/CDB_S1/B06/B06_R1/CDB_S1_B06_R1_IMAG0058.JPG,Snapshot Safari 2024 Expansion : CDB_S1#B06#1#34,Snapshot Safari 2024 Expansion : CDB_S1_B06,0,black-backed jackal,,4,train
https://storage.googleapis.com/public-datasets-lila/snapshot-safari-2024-expansion/KGA/KGA_S3/KGAA11/KGAA11_R4/KGA_S3_KGAA11_R4_IMAG0035.JPG,Snapshot Safari 2024 Expansion : KGA/KGA_S3/KGAA11/KGAA11_R4/KGA_S3_KGAA11_R4_IMAG0035.JPG,Snapshot Safari 2024 Expansion : KGA_S3#KGAA11#4#19,Snapshot Safari 2024 Expansion : KGA_S3_KGAA11,2,black-backed jackal,,4,test
https://storage.googleapis.com/public-datasets-lila/snapshot-safari-2024-expansion/MTZ/MTZ_S1/E06/E06_R1/MTZ_S1_E06_R1_IMAG1821.JPG,Snapshot Safari 2024 Expansion : MTZ/MTZ_S1/E06/E06_R1/MTZ_S1_E06_R1_IMAG1821.JPG,Snapshot Safari 2024 Expansion : MTZ_S1#E06#1#1820,Snapshot Safari 2024 Expansion : MTZ_S1_E06,0,black-backed jackal,,4,train
https://storage.googleapis.com/public-datasets-lila/snapshot-safari-2024-expansion/KGA/KGA_S3/KGAB02/KGAB02_R3/KGA_S3_KGAB02_R3_IMAG0141.JPG,Snapshot Safari 2024 Expansion : KGA/KGA_S3/KGAB02/KGAB02_R3/KGA_S3_KGAB02_R3_IMAG0141.JPG,Snapshot Safari 2024 Expansion : KGA_S3#KGAB02#3#53,Snapshot Safari 2024 Expansion : KGA_S3_KGAB02,0,black-backed jackal,,4,train
https://storage.googleapis.com/public-datasets-lila/snapshotserengeti-unzipped/S9/H13/H13_R2/S9_H13_R2_IMAG0052.JPG,Snapshot Serengeti : S9/H13/H13_R2/S9_H13_R2_IMAG0052,Snapshot Serengeti : SER_S9#H13#2#20,Snapshot Serengeti : H13,2,black-backed jackal,08-25-2014 16:02:07,4,val
https://storage.googleapis.com/public-datasets-lila/snapshot-safari-2024-expansion/MTZ/MTZ_S2/D04/D04_R5/MTZ_S2_D04_R5_IMAG0291.JPG,Snapshot Safari 2024 Expansion : MTZ/MTZ_S2/D04/D04_R5/MTZ_S2_D04_R5_IMAG0291.JPG,Snapshot Safari 2024 Expansion : MTZ_S2#D04#5#291,Snapshot Safari 2024 Expansion : MTZ_S2_D04,0,black-backed jackal,,4,train
https://storage.googleapis.com/public-datasets-lila/desert-lion-camera-traps/annotated-imgs/canis mesomelas/Camera Trap/North/Mowe/41111/PvL_seq_c2cb6fc1-42a6-44cb-8c10-627b6959f98f/PICT0043.JPG,Desert Lion Conservation Camera Traps : canis mesomelas/Camera Trap/North/Mowe/41111/PvL_seq_c2cb6fc1-42a6-44cb-8c10-627b6959f98f/PICT0043.JPG,Desert Lion Conservation Camera Traps : unknown,Desert Lion Conservation Camera Traps : unknown,-1,black-backed jackal,,4,train
https://storage.googleapis.com/public-datasets-lila/snapshotserengeti-unzipped/S4/B09/B09_R1/S4_B09_R1_IMAG1252.JPG,Snapshot Serengeti : S4/B09/B09_R1/S4_B09_R1_IMAG1252,Snapshot Serengeti : SER_S4#B09#1#500,Snapshot Serengeti : B09,1,black-backed jackal,03-04-2012 17:51:38,4,train
https://storage.googleapis.com/public-datasets-lila/snapshot-safari-2024-expansion/Snapshot South Africa/MLP/MLP_S2/H05/H05_R5/MLP_S2_H05_R5_IMAG0033.JPG,Snapshot Safari 2024 Expansion : Snapshot South Africa/MLP/MLP_S2/H05/H05_R5/MLP_S2_H05_R5_IMAG0033.JPG,Snapshot Safari 2024 Expansion : MLP_S2#H05#5#11,Snapshot Safari 2024 Expansion : MLP_S2_H05,2,black-backed jackal,,4,train
https://storage.googleapis.com/public-datasets-lila/snapshotserengeti-unzipped/S9/Q09/Q09_R1/S9_Q09_R1_IMAG0015.JPG,Snapshot Serengeti : S9/Q09/Q09_R1/S9_Q09_R1_IMAG0015,Snapshot Serengeti : SER_S9#Q09#1#5,Snapshot Serengeti : Q09,3,black-backed jackal,07-10-2014 17:06:50,4,test
https://storage.googleapis.com/public-datasets-lila/snapshot-safari-2024-expansion/KAR/KAR_S4/KARWA01/KARWA01_R9/KAR_S4_KARWA01_R9_IMAG3228.JPG,Snapshot Safari 2024 Expansion : KAR/KAR_S4/KARWA01/KARWA01_R9/KAR_S4_KARWA01_R9_IMAG3228.JPG,Snapshot Safari 2024 Expansion : KAR_S4#KARWA01#9#1076,Snapshot Safari 2024 Expansion : KAR_S4_KARWA01,2,black-backed jackal,,4,train
https://storage.googleapis.com/public-datasets-lila/desert-lion-camera-traps/annotated-imgs/canis mesomelas/Camera Trap2/PvL_seq_ab719780-d146-4b01-8316-8b92789ace05/PICT0263.JPG,Desert Lion Conservation Camera Traps : canis mesomelas/Camera Trap2/PvL_seq_ab719780-d146-4b01-8316-8b92789ace05/PICT0263.JPG,Desert Lion Conservation Camera Traps : unknown,Desert Lion Conservation Camera Traps : unknown,-1,black-backed jackal,,4,train
https://storage.googleapis.com/public-datasets-lila/snapshotserengeti-unzipped/S6/B08/B08_R2/S6_B08_R2_IMAG0553.JPG,Snapshot Serengeti : S6/B08/B08_R2/S6_B08_R2_IMAG0553,Snapshot Serengeti : SER_S6#B08#2#225,Snapshot Serengeti : B08,2,black-backed jackal,03-12-2013 19:05:51,4,train
https://storage.googleapis.com/public-datasets-lila/snapshot-safari-2024-expansion/SER/SER_S13/M10/M10_R3/SER_S13_M10_R3_IMAG2802.JPG,Snapshot Safari 2024 Expansion : SER/SER_S13/M10/M10_R3/SER_S13_M10_R3_IMAG2802.JPG,Snapshot Safari 2024 Expansion : SER_S13#M10#3#1033,Snapshot Safari 2024 Expansion : SER_S13_M10,1,black-backed jackal,,4,train
https://storage.googleapis.com/public-datasets-lila/snapshot-safari-2024-expansion/MTZ/MTZ_S4/D03/D03_R9/MTZ_S4_D03_R9_IMAG0040.JPG,Snapshot Safari 2024 Expansion : MTZ/MTZ_S4/D03/D03_R9/MTZ_S4_D03_R9_IMAG0040.JPG,Snapshot Safari 2024 Expansion : MTZ_S4#D03#9#14,Snapshot Safari 2024 Expansion : MTZ_S4_D03,0,black-backed jackal,,4,val
https://storage.googleapis.com/public-datasets-lila/snapshot-safari-2024-expansion/KAR/KAR_S4/KARWA06/KARWA06_R9/KAR_S4_KARWA06_R9_IMAG0454.JPG,Snapshot Safari 2024 Expansion : KAR/KAR_S4/KARWA06/KARWA06_R9/KAR_S4_KARWA06_R9_IMAG0454.JPG,Snapshot Safari 2024 Expansion : KAR_S4#KARWA06#9#152,Snapshot Safari 2024 Expansion : KAR_S4_KARWA06,0,black-backed jackal,,4,train
https://storage.googleapis.com/public-datasets-lila/snapshot-safari-2024-expansion/MTZ/MTZ_S2/C08/C08_R4/MTZ_S2_C08_R4_IMAG0279.JPG,Snapshot Safari 2024 Expansion : MTZ/MTZ_S2/C08/C08_R4/MTZ_S2_C08_R4_IMAG0279.JPG,Snapshot Safari 2024 Expansion : MTZ_S2#C08#4#169,Snapshot Safari 2024 Expansion : MTZ_S2_C08,0,black-backed jackal,,4,val
https://storage.googleapis.com/public-datasets-lila/desert-lion-camera-traps/annotated-imgs/canis mesomelas/Camera Trap/North/Okongwe/29Nov11/PvL_seq_bcfeb7ea-4591-4f42-9b69-6f2e862b01d2/PICT0103.JPG,Desert Lion Conservation Camera Traps : canis mesomelas/Camera Trap/North/Okongwe/29Nov11/PvL_seq_bcfeb7ea-4591-4f42-9b69-6f2e862b01d2/PICT0103.JPG,Desert Lion Conservation Camera Traps : unknown,Desert Lion Conservation Camera Traps : unknown,-1,black-backed jackal,,4,train
https://storage.googleapis.com/public-datasets-lila/snapshot-safari-2024-expansion/KAR/KAR_S3/KARWA04/KARWA04_R8/KAR_S3_KARWA04_R8_IMAG2169.JPG,Snapshot Safari 2024 Expansion : KAR/KAR_S3/KARWA04/KARWA04_R8/KAR_S3_KARWA04_R8_IMAG2169.JPG,Snapshot Safari 2024 Expansion : KAR_S3#KARWA04#8#723,Snapshot Safari 2024 Expansion : KAR_S3_KARWA04,2,black-backed jackal,,4,train
https://storage.googleapis.com/public-datasets-lila/snapshotserengeti-unzipped/S9/D13/D13_R3/S9_D13_R3_IMAG1954.JPG,Snapshot Serengeti : S9/D13/D13_R3/S9_D13_R3_IMAG1954,Snapshot Serengeti : SER_S9#D13#3#697,Snapshot Serengeti : D13,3,black-backed jackal,11-13-2014 17:40:34,4,train
https://storage.googleapis.com/public-datasets-lila/snapshot-safari-2024-expansion/KAR/KAR_S3/KARWA06/KARWA06_R8/KAR_S3_KARWA06_R8_IMAG0464.JPG,Snapshot Safari 2024 Expansion : KAR/KAR_S3/KARWA06/KARWA06_R8/KAR_S3_KARWA06_R8_IMAG0464.JPG,Snapshot Safari 2024 Expansion : KAR_S3#KARWA06#8#155,Snapshot Safari 2024 Expansion : KAR_S3_KARWA06,1,black-backed jackal,,4,test
https://storage.googleapis.com/public-datasets-lila/snapshot-safari-2024-expansion/SER/SER_S13/O03/O03_R3/SER_S13_O03_R3_IMAG0018.JPG,Snapshot Safari 2024 Expansion : SER/SER_S13/O03/O03_R3/SER_S13_O03_R3_IMAG0018.JPG,Snapshot Safari 2024 Expansion : SER_S13#O03#3#18,Snapshot Safari 2024 Expansion : SER_S13_O03,0,black-backed jackal,,4,train
https://storage.googleapis.com/public-datasets-lila/snapshot-safari-2024-expansion/SER/SER_S12/K10/K10_R3/SER_S12_K10_R3_IMAG1759.JPG,Snapshot Safari 2024 Expansion : SER/SER_S12/K10/K10_R3/SER_S12_K10_R3_IMAG1759.JPG,Snapshot Safari 2024 Expansion : SER_S12#K10#3#1758,Snapshot Safari 2024 Expansion : SER_S12_K10,0,black-backed jackal,,4,train
https://storage.googleapis.com/public-datasets-lila/snapshot-safari-2024-expansion/KGA/KGA_S3/KGAA11/KGAA11_R4/KGA_S3_KGAA11_R4_IMAG0062.JPG,Snapshot Safari 2024 Expansion : KGA/KGA_S3/KGAA11/KGAA11_R4/KGA_S3_KGAA11_R4_IMAG0062.JPG,Snapshot Safari 2024 Expansion : KGA_S3#KGAA11#4#37,Snapshot Safari 2024 Expansion : KGA_S3_KGAA11,1,black-backed jackal,,4,test
https://storage.googleapis.com/public-datasets-lila/desert-lion-camera-traps/annotated-imgs/canis mesomelas/Camera Trap2/PvL_seq_faebaf7c-a011-47d1-a307-cfb571ef0e81/SUNP0021-2.JPG,Desert Lion Conservation Camera Traps : canis mesomelas/Camera Trap2/PvL_seq_faebaf7c-a011-47d1-a307-cfb571ef0e81/SUNP0021-2.JPG,Desert Lion Conservation Camera Traps : unknown,Desert Lion Conservation Camera Traps : unknown,-1,black-backed jackal,,4,train
https://storage.googleapis.com/public-datasets-lila/snapshot-safari-2024-expansion/TSW/TSW_S1/KB03/KB03_R1/TSW_S1_KB03_R1_IMAG0080.JPG,Snapshot Safari 2024 Expansion : TSW/TSW_S1/KB03/KB03_R1/TSW_S1_KB03_R1_IMAG0080.JPG,Snapshot Safari 2024 Expansion : TSW_S1#KB03#1#44,Snapshot Safari 2024 Expansion : TSW_S1_KB03,0,black-backed jackal,,4,train
https://storage.googleapis.com/public-datasets-lila/snapshot-safari-2024-expansion/MTZ/MTZ_S2/E08/E08_R6/MTZ_S2_E08_R6_IMAG0199.JPG,Snapshot Safari 2024 Expansion : MTZ/MTZ_S2/E08/E08_R6/MTZ_S2_E08_R6_IMAG0199.JPG,Snapshot Safari 2024 Expansion : MTZ_S2#E08#6#67,Snapshot Safari 2024 Expansion : MTZ_S2_E08,0,black-backed jackal,,4,train
https://storage.googleapis.com/public-datasets-lila/snapshot-safari/CDB/CDB_public/CDB_S1/B07/B07_R2/CDB_S1_B07_R2_IMAG0408.JPG,Snapshot Camdeboo : CDB_S1/B07/B07_R2/CDB_S1_B07_R2_IMAG0408,Snapshot Camdeboo : CDB_S1#B07#2#214,Snapshot Camdeboo : B07,3,black-backed jackal,,4,train
https://storage.googleapis.com/public-datasets-lila/snapshot-safari-2024-expansion/KAR/KAR_S3/KARWA01/KARWA01_R8/KAR_S3_KARWA01_R8_IMAG1292.JPG,Snapshot Safari 2024 Expansion : KAR/KAR_S3/KARWA01/KARWA01_R8/KAR_S3_KARWA01_R8_IMAG1292.JPG,Snapshot Safari 2024 Expansion : KAR_S3#KARWA01#8#431,Snapshot Safari 2024 Expansion : KAR_S3_KARWA01,1,black-backed jackal,,4,train
https://storage.googleapis.com/public-datasets-lila/snapshot-safari/CDB/CDB_public/CDB_S1/D02/D02_R2/CDB_S1_D02_R2_IMAG0283.JPG,Snapshot Camdeboo : CDB_S1/D02/D02_R2/CDB_S1_D02_R2_IMAG0283,Snapshot Camdeboo : CDB_S1#D02#2#124,Snapshot Camdeboo : D02,2,black-backed jackal,,4,val
https://storage.googleapis.com/public-datasets-lila/snapshot-safari-2024-expansion/KGA/KGA_S3/KGAB08/KGAB08_R3/KGA_S3_KGAB08_R3_IMAG0121.JPG,Snapshot Safari 2024 Expansion : KGA/KGA_S3/KGAB08/KGAB08_R3/KGA_S3_KGAB08_R3_IMAG0121.JPG,Snapshot Safari 2024 Expansion : KGA_S3#KGAB08#3#63,Snapshot Safari 2024 Expansion : KGA_S3_KGAB08,0,black-backed jackal,,4,train
https://storage.googleapis.com/public-datasets-lila/snapshotserengeti-unzipped/S1/U09/U09_R1/S1_U09_R1_PICT0094.JPG,Snapshot Serengeti : S1/U09/U09_R1/S1_U09_R1_PICT0094,Snapshot Serengeti : SER_S1#U09#1#32,Snapshot Serengeti : U09,3,black-backed jackal,09-20-2010 20:41:50,4,test
https://storage.googleapis.com/public-datasets-lila/snapshot-safari-2024-expansion/Snapshot South Africa/MLP/MLP_S1/D02/D02_R1/MLP_S1_D02_R1_IMAG0089.JPG,Snapshot Safari 2024 Expansion : Snapshot South Africa/MLP/MLP_S1/D02/D02_R1/MLP_S1_D02_R1_IMAG0089.JPG,Snapshot Safari 2024 Expansion : MLP_S1#D02#1#36,Snapshot Safari 2024 Expansion : MLP_S1_D02,1,black-backed jackal,,4,train
https://storage.googleapis.com/public-datasets-lila/snapshot-safari-2024-expansion/TSW/TSW_S3/KB02/KB02_R7/TSW_S3_KB02_R7_IMAG0061.JPG,Snapshot Safari 2024 Expansion : TSW/TSW_S3/KB02/KB02_R7/TSW_S3_KB02_R7_IMAG0061.JPG,Snapshot Safari 2024 Expansion : TSW_S3#KB02#7#31,Snapshot Safari 2024 Expansion : TSW_S3_KB02,0,black-backed jackal,,4,train
https://storage.googleapis.com/public-datasets-lila/snapshotserengeti-unzipped/S9/M06/M06_R4/S9_M06_R4_IMAG3518.JPG,Snapshot Serengeti : S9/M06/M06_R4/S9_M06_R4_IMAG3518,Snapshot Serengeti : SER_S9#M06#4#1260,Snapshot Serengeti : M06,1,black-backed jackal,02-01-2015 03:31:11,4,train
https://storage.googleapis.com/public-datasets-lila/snapshot-safari-2024-expansion/MTZ/MTZ_S2/C08/C08_R4/MTZ_S2_C08_R4_IMAG0191.JPG,Snapshot Safari 2024 Expansion : MTZ/MTZ_S2/C08/C08_R4/MTZ_S2_C08_R4_IMAG0191.JPG,Snapshot Safari 2024 Expansion : MTZ_S2#C08#4#115,Snapshot Safari 2024 Expansion : MTZ_S2_C08,0,black-backed jackal,,4,val
https://storage.googleapis.com/public-datasets-lila/snapshot-safari-2024-expansion/MTZ/MTZ_S1/F04/F04_R3/MTZ_S1_F04_R3_IMAG5659.JPG,Snapshot Safari 2024 Expansion : MTZ/MTZ_S1/F04/F04_R3/MTZ_S1_F04_R3_IMAG5659.JPG,Snapshot Safari 2024 Expansion : MTZ_S1#F04#3#5659,Snapshot Safari 2024 Expansion : MTZ_S1_F04,0,black-backed jackal,,4,train
https://storage.googleapis.com/public-datasets-lila/snapshot-safari-2024-expansion/TSW/TSW_S3/LC01/LC01_R7/TSW_S3_LC01_R7_IMAG0279.JPG,Snapshot Safari 2024 Expansion : TSW/TSW_S3/LC01/LC01_R7/TSW_S3_LC01_R7_IMAG0279.JPG,Snapshot Safari 2024 Expansion : TSW_S3#LC01#7#137,Snapshot Safari 2024 Expansion : TSW_S3_LC01,2,black-backed jackal,,4,test
https://storage.googleapis.com/public-datasets-lila/snapshot-safari-2024-expansion/SER/SER_S13/T13/T13_R3/SER_S13_T13_R3_IMAG0656.JPG,Snapshot Safari 2024 Expansion : SER/SER_S13/T13/T13_R3/SER_S13_T13_R3_IMAG0656.JPG,Snapshot Safari 2024 Expansion : SER_S13#T13#3#654,Snapshot Safari 2024 Expansion : SER_S13_T13,0,black-backed jackal,,4,train
https://storage.googleapis.com/public-datasets-lila/desert-lion-camera-traps/annotated-imgs/canis mesomelas/Camera Trap/North/Mowe/41111/PvL_seq_b353951f-6271-4573-be2d-9d8f82faf3e4/PICT0082.JPG,Desert Lion Conservation Camera Traps : canis mesomelas/Camera Trap/North/Mowe/41111/PvL_seq_b353951f-6271-4573-be2d-9d8f82faf3e4/PICT0082.JPG,Desert Lion Conservation Camera Traps : unknown,Desert Lion Conservation Camera Traps : unknown,-1,black-backed jackal,,4,train
https://storage.googleapis.com/public-datasets-lila/snapshotserengeti-unzipped/S2/B08/B08_R1/S2_B08_R1_PICT0149.JPG,Snapshot Serengeti : S2/B08/B08_R1/S2_B08_R1_PICT0149,Snapshot Serengeti : SER_S2#B08#1#51,Snapshot Serengeti : B08,1,black-backed jackal,02-19-2011 08:29:31,4,train
https://storage.googleapis.com/public-datasets-lila/snapshot-safari-2024-expansion/KAR/KAR_S3/C03/C03_R7/KAR_S3_C03_R7_IMAG0064.JPG,Snapshot Safari 2024 Expansion : KAR/KAR_S3/C03/C03_R7/KAR_S3_C03_R7_IMAG0064.JPG,Snapshot Safari 2024 Expansion : KAR_S3#C03#7#31,Snapshot Safari 2024 Expansion : KAR_S3_C03,1,black-backed jackal,,4,train
https://storage.googleapis.com/public-datasets-lila/desert-lion-camera-traps/annotated-imgs/canis mesomelas/Camera Trap2/PvL_seq_0c9b648b-98d0-464b-840a-a3f992a8f1da/CDY_0019.JPG,Desert Lion Conservation Camera Traps : canis mesomelas/Camera Trap2/PvL_seq_0c9b648b-98d0-464b-840a-a3f992a8f1da/CDY_0019.JPG,Desert Lion Conservation Camera Traps : unknown,Desert Lion Conservation Camera Traps : unknown,-1,black-backed jackal,,4,train
https://storage.googleapis.com/public-datasets-lila/snapshotserengeti-unzipped/S8/S11/S11_R1/S8_S11_R1_IMAG0491.JPG,Snapshot Serengeti : S8/S11/S11_R1/S8_S11_R1_IMAG0491,Snapshot Serengeti : SER_S8#S11#1#185,Snapshot Serengeti : S11,1,black-backed jackal,01-11-2014 17:59:00,4,test
https://storage.googleapis.com/public-datasets-lila/snapshotserengeti-unzipped/S8/O03/O03_R3/S8_O03_R3_IMAG0683.JPG,Snapshot Serengeti : S8/O03/O03_R3/S8_O03_R3_IMAG0683,Snapshot Serengeti : SER_S8#O03#3#245,Snapshot Serengeti : O03,1,black-backed jackal,04-16-2014 09:22:07,4,train
https://storage.googleapis.com/public-datasets-lila/snapshot-safari-2024-expansion/MTZ/MTZ_S3/C08/C08_R8/MTZ_S3_C08_R8_IMAG0567.JPG,Snapshot Safari 2024 Expansion : MTZ/MTZ_S3/C08/C08_R8/MTZ_S3_C08_R8_IMAG0567.JPG,Snapshot Safari 2024 Expansion : MTZ_S3#C08#8#189,Snapshot Safari 2024 Expansion : MTZ_S3_C08,2,black-backed jackal,,4,train
https://storage.googleapis.com/public-datasets-lila/snapshot-safari-2024-expansion/KAR/KAR_S3/KARWA04/KARWA04_R7/KAR_S3_KARWA04_R7_IMAG4226.JPG,Snapshot Safari 2024 Expansion : KAR/KAR_S3/KARWA04/KARWA04_R7/KAR_S3_KARWA04_R7_IMAG4226.JPG,Snapshot Safari 2024 Expansion : KAR_S3#KARWA04#7#1409,Snapshot Safari 2024 Expansion : KAR_S3_KARWA04,1,black-backed jackal,,4,train
https://storage.googleapis.com/public-datasets-lila/snapshot-safari-2024-expansion/KGA/KGA_S3/KGAB02/KGAB02_R4/KGA_S3_KGAB02_R4_IMAG0215.JPG,Snapshot Safari 2024 Expansion : KGA/KGA_S3/KGAB02/KGAB02_R4/KGA_S3_KGAB02_R4_IMAG0215.JPG,Snapshot Safari 2024 Expansion : KGA_S3#KGAB02#4#99,Snapshot Safari 2024 Expansion : KGA_S3_KGAB02,2,black-backed jackal,,4,train
https://storage.googleapis.com/public-datasets-lila/wcs-unzipped/animals/0367/1013.jpg,WCS Camera Traps : 4d252070-92d5-11e9-a7e7-000d3a74c7de,WCS Camera Traps : ken-014-d0034-23,WCS Camera Traps : 2703,2,black-backed jackal,07-18-2009 06:07:53,4,train
https://storage.googleapis.com/public-datasets-lila/desert-lion-camera-traps/annotated-imgs/canis mesomelas/Camera Trap/Hoanib/Hoanib3/18Feb12/PvL_seq_2e6a4dfb-14fc-4369-8998-9aa6539a1d87/PICT0041.JPG,Desert Lion Conservation Camera Traps : canis mesomelas/Camera Trap/Hoanib/Hoanib3/18Feb12/PvL_seq_2e6a4dfb-14fc-4369-8998-9aa6539a1d87/PICT0041.JPG,Desert Lion Conservation Camera Traps : unknown,Desert Lion Conservation Camera Traps : unknown,-1,black-backed jackal,,4,train
https://storage.googleapis.com/public-datasets-lila/snapshot-safari-2024-expansion/MAD/MAD_S3/MAD03/MAD03_R08/MAD_S3_MAD03_R08_IMAG6201.JPG,Snapshot Safari 2024 Expansion : MAD/MAD_S3/MAD03/MAD03_R08/MAD_S3_MAD03_R08_IMAG6201.JPG,Snapshot Safari 2024 Expansion : MAD_S3#MAD03#08#2067,Snapshot Safari 2024 Expansion : MAD_S3_MAD03,2,black-backed jackal,,4,train
https://storage.googleapis.com/public-datasets-lila/desert-lion-camera-traps/annotated-imgs/canis mesomelas/Camera Trap/North/Okongwe/29Nov11/PvL_seq_d7fd1c66-2d04-4dfc-acc8-6c8ca9fb393c/PICT0043.JPG,Desert Lion Conservation Camera Traps : canis mesomelas/Camera Trap/North/Okongwe/29Nov11/PvL_seq_d7fd1c66-2d04-4dfc-acc8-6c8ca9fb393c/PICT0043.JPG,Desert Lion Conservation Camera Traps : unknown,Desert Lion Conservation Camera Traps : unknown,-1,black-backed jackal,,4,train
https://storage.googleapis.com/public-datasets-lila/snapshot-safari/KAR/KAR_public/KAR_S1/B02/B02_R1/KAR_S1_B02_R1_IMAG0953.JPG,Snapshot Karoo : KAR_S1/B02/B02_R1/KAR_S1_B02_R1_IMAG0953,Snapshot Karoo : KAR_S1#B02#1#365,Snapshot Karoo : B02,1,black-backed jackal,01-26-2018 07:10:17,4,train
https://storage.googleapis.com/public-datasets-lila/desert-lion-camera-traps/annotated-imgs/canis mesomelas/Camera Trap/Hoanib/Hoanib3/27Feb12/PvL_seq_a9b8b279-aeba-4c26-9935-090d734fe854/PICT0007.JPG,Desert Lion Conservation Camera Traps : canis mesomelas/Camera Trap/Hoanib/Hoanib3/27Feb12/PvL_seq_a9b8b279-aeba-4c26-9935-090d734fe854/PICT0007.JPG,Desert Lion Conservation Camera Traps : unknown,Desert Lion Conservation Camera Traps : unknown,-1,black-backed jackal,,4,train
https://storage.googleapis.com/public-datasets-lila/snapshot-safari-2024-expansion/Snapshot South Africa/MLP/MLP_S1/F04/F04_R1/MLP_S1_F04_R1_IMAG0100.JPG,Snapshot Safari 2024 Expansion : Snapshot South Africa/MLP/MLP_S1/F04/F04_R1/MLP_S1_F04_R1_IMAG0100.JPG,Snapshot Safari 2024 Expansion : MLP_S1#F04#1#66,Snapshot Safari 2024 Expansion : MLP_S1_F04,0,black-backed jackal,,4,train
https://storage.googleapis.com/public-datasets-lila/snapshotserengeti-unzipped/S2/S13/S13_R2/S2_S13_R2_PICT0088.JPG,Snapshot Serengeti : S2/S13/S13_R2/S2_S13_R2_PICT0088,Snapshot Serengeti : SER_S2#S13#2#30,Snapshot Serengeti : S13,1,black-backed jackal,03-14-2011 06:47:25,4,train
https://storage.googleapis.com/public-datasets-lila/snapshot-safari-2024-expansion/MTZ/MTZ_S1/D04/D04_R3/MTZ_S1_D04_R3_IMAG0529.JPG,Snapshot Safari 2024 Expansion : MTZ/MTZ_S1/D04/D04_R3/MTZ_S1_D04_R3_IMAG0529.JPG,Snapshot Safari 2024 Expansion : MTZ_S1#D04#3#529,Snapshot Safari 2024 Expansion : MTZ_S1_D04,0,black-backed jackal,,4,train
https://storage.googleapis.com/public-datasets-lila/desert-lion-camera-traps/annotated-imgs/canis mesomelas/Camera Trap/Events/Gc_Amps/2012/06/PvL_seq_68c7ee11-5dd6-43eb-9681-72a25031f669/SUNP0344.JPG,Desert Lion Conservation Camera Traps : canis mesomelas/Camera Trap/Events/Gc_Amps/2012/06/PvL_seq_68c7ee11-5dd6-43eb-9681-72a25031f669/SUNP0344.JPG,Desert Lion Conservation Camera Traps : unknown,Desert Lion Conservation Camera Traps : unknown,-1,black-backed jackal,,4,train
https://storage.googleapis.com/public-datasets-lila/snapshot-safari-2024-expansion/MAD/MAD_S1/MAD04/MAD04_R3/MAD_S1_MAD04_R3_IMAG2113.JPG,Snapshot Safari 2024 Expansion : MAD/MAD_S1/MAD04/MAD04_R3/MAD_S1_MAD04_R3_IMAG2113.JPG,Snapshot Safari 2024 Expansion : MAD_S1#MAD04#3#705,Snapshot Safari 2024 Expansion : MAD_S1_MAD04,0,black-backed jackal,,4,train
https://storage.googleapis.com/public-datasets-lila/snapshot-safari-2024-expansion/KAR/KAR_S2/K04/K04_R5/KAR_S2_K04_R5_IMAG7250.JPG,Snapshot Safari 2024 Expansion : KAR/KAR_S2/K04/K04_R5/KAR_S2_K04_R5_IMAG7250.JPG,Snapshot Safari 2024 Expansion : KAR_S2#K04#5#2418,Snapshot Safari 2024 Expansion : KAR_S2_K04,1,black-backed jackal,,4,test
https://storage.googleapis.com/public-datasets-lila/snapshot-safari-2024-expansion/TSW/TSW_S1/KC05/KC05_R2/TSW_S1_KC05_R2_IMAG0042.JPG,Snapshot Safari 2024 Expansion : TSW/TSW_S1/KC05/KC05_R2/TSW_S1_KC05_R2_IMAG0042.JPG,Snapshot Safari 2024 Expansion : TSW_S1#KC05#2#24,Snapshot Safari 2024 Expansion : TSW_S1_KC05,0,black-backed jackal,,4,train
https://storage.googleapis.com/public-datasets-lila/snapshot-safari-2024-expansion/TSW/TSW_S3/LD02/LD02_R6/TSW_S3_LD02_R6_IMAG0771.JPG,Snapshot Safari 2024 Expansion : TSW/TSW_S3/LD02/LD02_R6/TSW_S3_LD02_R6_IMAG0771.JPG,Snapshot Safari 2024 Expansion : TSW_S3#LD02#6#324,Snapshot Safari 2024 Expansion : TSW_S3_LD02,1,black-backed jackal,,4,train
https://storage.googleapis.com/public-datasets-lila/snapshot-safari-2024-expansion/TSW/TSW_S2/KB07/KB07_R3/TSW_S2_KB07_R3_IMAG0298.JPG,Snapshot Safari 2024 Expansion : TSW/TSW_S2/KB07/KB07_R3/TSW_S2_KB07_R3_IMAG0298.JPG,Snapshot Safari 2024 Expansion : TSW_S2#KB07#3#170,Snapshot Safari 2024 Expansion : TSW_S2_KB07,0,black-backed jackal,,4,train
https://storage.googleapis.com/public-datasets-lila/snapshot-safari-2024-expansion/KAR/KAR_S3/KARWA04/KARWA04_R7/KAR_S3_KARWA04_R7_IMAG2280.JPG,Snapshot Safari 2024 Expansion : KAR/KAR_S3/KARWA04/KARWA04_R7/KAR_S3_KARWA04_R7_IMAG2280.JPG,Snapshot Safari 2024 Expansion : KAR_S3#KARWA04#7#760,Snapshot Safari 2024 Expansion : KAR_S3_KARWA04,2,black-backed jackal,,4,train
https://storage.googleapis.com/public-datasets-lila/snapshot-safari-2024-expansion/KGA/KGA_S3/KGAA11/KGAA11_R3/KGA_S3_KGAA11_R3_IMAG0228.JPG,Snapshot Safari 2024 Expansion : KGA/KGA_S3/KGAA11/KGAA11_R3/KGA_S3_KGAA11_R3_IMAG0228.JPG,Snapshot Safari 2024 Expansion : KGA_S3#KGAA11#3#95,Snapshot Safari 2024 Expansion : KGA_S3_KGAA11,1,black-backed jackal,,4,test
https://storage.googleapis.com/public-datasets-lila/snapshot-safari-2024-expansion/KAR/KAR_S2/B02/B02_R2/KAR_S2_B02_R2_IMAG0156.JPG,Snapshot Safari 2024 Expansion : KAR/KAR_S2/B02/B02_R2/KAR_S2_B02_R2_IMAG0156.JPG,Snapshot Safari 2024 Expansion : KAR_S2#B02#2#68,Snapshot Safari 2024 Expansion : KAR_S2_B02,0,black-backed jackal,,4,val
https://storage.googleapis.com/public-datasets-lila/desert-lion-camera-traps/annotated-imgs/canis mesomelas/Camera Trap2/PvL_seq_f113514c-1ca6-499a-9787-f4cbac0d92ec/SUNP0905.JPG,Desert Lion Conservation Camera Traps : canis mesomelas/Camera Trap2/PvL_seq_f113514c-1ca6-499a-9787-f4cbac0d92ec/SUNP0905.JPG,Desert Lion Conservation Camera Traps : unknown,Desert Lion Conservation Camera Traps : unknown,-1,black-backed jackal,,4,train
https://storage.googleapis.com/public-datasets-lila/snapshotserengeti-unzipped/S8/R10/R10_R3/S8_R10_R3_IMAG2037.JPG,Snapshot Serengeti : S8/R10/R10_R3/S8_R10_R3_IMAG2037,Snapshot Serengeti : SER_S8#R10#3#687,Snapshot Serengeti : R10,2,black-backed jackal,05-07-2014 07:13:57,4,test
https://storage.googleapis.com/public-datasets-lila/snapshot-safari-2024-expansion/SER/SER_S13/K10/K10_R3/SER_S13_K10_R3_IMAG0078.JPG,Snapshot Safari 2024 Expansion : SER/SER_S13/K10/K10_R3/SER_S13_K10_R3_IMAG0078.JPG,Snapshot Safari 2024 Expansion : SER_S13#K10#3#77,Snapshot Safari 2024 Expansion : SER_S13_K10,0,black-backed jackal,,4,train
https://storage.googleapis.com/public-datasets-lila/snapshotserengeti-unzipped/S6/B08/B08_R2/S6_B08_R2_IMAG0091.JPG,Snapshot Serengeti : S6/B08/B08_R2/S6_B08_R2_IMAG0091,Snapshot Serengeti : SER_S6#B08#2#52,Snapshot Serengeti : B08,1,black-backed jackal,02-23-2013 00:17:46,4,train
https://storage.googleapis.com/public-datasets-lila/desert-lion-camera-traps/annotated-imgs/canis mesomelas/Camera Trap/Hoanib/Hnb_N_Gorge/3Apr12/PvL_seq_c5ea93c6-5baf-459f-ba4d-bd5e9312ee9f/PICT0096.JPG,Desert Lion Conservation Camera Traps : canis mesomelas/Camera Trap/Hoanib/Hnb_N_Gorge/3Apr12/PvL_seq_c5ea93c6-5baf-459f-ba4d-bd5e9312ee9f/PICT0096.JPG,Desert Lion Conservation Camera Traps : unknown,Desert Lion Conservation Camera Traps : unknown,-1,black-backed jackal,,4,train
https://storage.googleapis.com/public-datasets-lila/snapshotserengeti-unzipped/S10/M09/M09_R2/S10_M09_R2_IMAG2260.JPG,Snapshot Serengeti : S10/M09/M09_R2/S10_M09_R2_IMAG2260,Snapshot Serengeti : SER_S10#M09#2#1136,Snapshot Serengeti : M09,1,black-backed jackal,02-14-2015 05:59:21,4,train
https://storage.googleapis.com/public-datasets-lila/snapshot-safari-2024-expansion/Snapshot South Africa/MLP/MLP_S1/D03/D03_R3/MLP_S1_D03_R3_IMAG0473.JPG,Snapshot Safari 2024 Expansion : Snapshot South Africa/MLP/MLP_S1/D03/D03_R3/MLP_S1_D03_R3_IMAG0473.JPG,Snapshot Safari 2024 Expansion : MLP_S1#D03#3#158,Snapshot Safari 2024 Expansion : MLP_S1_D03,1,black-backed jackal,,4,train
https://storage.googleapis.com/public-datasets-lila/snapshot-safari-2024-expansion/MTZ/MTZ_S2/D03/D03_R2/MTZ_S2_D03_R2_IMAG0571.JPG,Snapshot Safari 2024 Expansion : MTZ/MTZ_S2/D03/D03_R2/MTZ_S2_D03_R2_IMAG0571.JPG,Snapshot Safari 2024 Expansion : MTZ_S2#D03#2#571,Snapshot Safari 2024 Expansion : MTZ_S2_D03,0,black-backed jackal,,4,test
https://storage.googleapis.com/public-datasets-lila/desert-lion-camera-traps/annotated-imgs/canis mesomelas/Camera Trap/Hoanib/X25cave/2013/06/PvL_seq_52a09ed0-6123-4224-92b2-a6b63987830b/PICT0405.JPG,Desert Lion Conservation Camera Traps : canis mesomelas/Camera Trap/Hoanib/X25cave/2013/06/PvL_seq_52a09ed0-6123-4224-92b2-a6b63987830b/PICT0405.JPG,Desert Lion Conservation Camera Traps : unknown,Desert Lion Conservation Camera Traps : unknown,-1,black-backed jackal,,4,train
https://storage.googleapis.com/public-datasets-lila/desert-lion-camera-traps/annotated-imgs/canis mesomelas/Camera Trap2/PvL_seq_e36bd1c7-0b3f-4339-8d8f-e4609689eb8e/SUNP0087-2.JPG,Desert Lion Conservation Camera Traps : canis mesomelas/Camera Trap2/PvL_seq_e36bd1c7-0b3f-4339-8d8f-e4609689eb8e/SUNP0087-2.JPG,Desert Lion Conservation Camera Traps : unknown,Desert Lion Conservation Camera Traps : unknown,-1,black-backed jackal,,4,train
https://storage.googleapis.com/public-datasets-lila/snapshotserengeti-unzipped/S8/F03/F03_R2/S8_F03_R2_IMAG0376.JPG,Snapshot Serengeti : S8/F03/F03_R2/S8_F03_R2_IMAG0376,Snapshot Serengeti : SER_S8#F03#2#148,Snapshot Serengeti : F03,1,black-backed jackal,01-18-2014 21:08:53,4,train
https://storage.googleapis.com/public-datasets-lila/snapshot-safari-2024-expansion/KGA/KGA_S3/KGAB09/KGAB09_R4/KGA_S3_KGAB09_R4_IMAG0009.JPG,Snapshot Safari 2024 Expansion : KGA/KGA_S3/KGAB09/KGAB09_R4/KGA_S3_KGAB09_R4_IMAG0009.JPG,Snapshot Safari 2024 Expansion : KGA_S3#KGAB09#4#5,Snapshot Safari 2024 Expansion : KGA_S3_KGAB09,0,black-backed jackal,,4,train
https://storage.googleapis.com/public-datasets-lila/desert-lion-camera-traps/annotated-imgs/canis mesomelas/Camera Trap2/PvL_seq_3c23e5c5-ae60-43f6-926a-d56d4db56fd2/SUNP0892.JPG,Desert Lion Conservation Camera Traps : canis mesomelas/Camera Trap2/PvL_seq_3c23e5c5-ae60-43f6-926a-d56d4db56fd2/SUNP0892.JPG,Desert Lion Conservation Camera Traps : unknown,Desert Lion Conservation Camera Traps : unknown,-1,black-backed jackal,,4,train
https://storage.googleapis.com/public-datasets-lila/snapshot-safari-2024-expansion/MAD/MAD_S1/C07/C07_R4/MAD_S1_C07_R4_IMAG0162.JPG,Snapshot Safari 2024 Expansion : MAD/MAD_S1/C07/C07_R4/MAD_S1_C07_R4_IMAG0162.JPG,Snapshot Safari 2024 Expansion : MAD_S1#C07#4#54,Snapshot Safari 2024 Expansion : MAD_S1_C07,2,black-backed jackal,,4,train
https://storage.googleapis.com/public-datasets-lila/snapshot-safari-2024-expansion/KAR/KAR_S1/B02/B02_R1/KAR_S1_B02_R1_IMAG0075.JPG,Snapshot Safari 2024 Expansion : KAR/KAR_S1/B02/B02_R1/KAR_S1_B02_R1_IMAG0075.JPG,Snapshot Safari 2024 Expansion : KAR_S1#B02#1#27,Snapshot Safari 2024 Expansion : KAR_S1_B02,2,black-backed jackal,,4,train
https://storage.googleapis.com/public-datasets-lila/snapshot-safari-2024-expansion/TSW/TSW_S1/LC01/LC01_R2/TSW_S1_LC01_R2_IMAG0447.JPG,Snapshot Safari 2024 Expansion : TSW/TSW_S1/LC01/LC01_R2/TSW_S1_LC01_R2_IMAG0447.JPG,Snapshot Safari 2024 Expansion : TSW_S1#LC01#2#181,Snapshot Safari 2024 Expansion : TSW_S1_LC01,0,black-backed jackal,,4,train
https://storage.googleapis.com/public-datasets-lila/snapshot-safari-2024-expansion/PLN/PLN_S2/D02/D02_R4/PLN_S2_D02_R4_IMAG0132.JPG,Snapshot Safari 2024 Expansion : PLN/PLN_S2/D02/D02_R4/PLN_S2_D02_R4_IMAG0132.JPG,Snapshot Safari 2024 Expansion : PLN_S2#D02#4#92,Snapshot Safari 2024 Expansion : PLN_S2_D02,0,black-backed jackal,,4,train
https://storage.googleapis.com/public-datasets-lila/wcs-unzipped/animals/0335/0652.jpg,WCS Camera Traps : 417623ce-92d5-11e9-92e4-000d3a74c7de,WCS Camera Traps : ken-016-d0008-44,WCS Camera Traps : 1302,5,black-backed jackal,01-23-2013 23:26:00,4,train
https://storage.googleapis.com/public-datasets-lila/snapshot-safari-2024-expansion/SER/SER_S13/T13/T13_R3/SER_S13_T13_R3_IMAG0549.JPG,Snapshot Safari 2024 Expansion : SER/SER_S13/T13/T13_R3/SER_S13_T13_R3_IMAG0549.JPG,Snapshot Safari 2024 Expansion : SER_S13#T13#3#547,Snapshot Safari 2024 Expansion : SER_S13_T13,0,black-backed jackal,,4,train
https://storage.googleapis.com/public-datasets-lila/snapshot-safari-2024-expansion/Snapshot Cameo/DEB/DEB_S1/H4/H4_R46/DEB_S1_H4_R46_IMAG0168.JPG,Snapshot Safari 2024 Expansion : Snapshot Cameo/DEB/DEB_S1/H4/H4_R46/DEB_S1_H4_R46_IMAG0168.JPG,Snapshot Safari 2024 Expansion : DEB_S1#H4#46#167,Snapshot Safari 2024 Expansion : DEB_S1_H4,0,black-backed jackal,,4,train
https://storage.googleapis.com/public-datasets-lila/snapshot-safari-2024-expansion/KAR/KAR_S2/K04/K04_R5/KAR_S2_K04_R5_IMAG7281.JPG,Snapshot Safari 2024 Expansion : KAR/KAR_S2/K04/K04_R5/KAR_S2_K04_R5_IMAG7281.JPG,Snapshot Safari 2024 Expansion : KAR_S2#K04#5#2428,Snapshot Safari 2024 Expansion : KAR_S2_K04,2,black-backed jackal,,4,test
https://storage.googleapis.com/public-datasets-lila/snapshot-safari-2024-expansion/KAR/KAR_S4/KARWA01/KARWA01_R9/KAR_S4_KARWA01_R9_IMAG5881.JPG,Snapshot Safari 2024 Expansion : KAR/KAR_S4/KARWA01/KARWA01_R9/KAR_S4_KARWA01_R9_IMAG5881.JPG,Snapshot Safari 2024 Expansion : KAR_S4#KARWA01#9#1961,Snapshot Safari 2024 Expansion : KAR_S4_KARWA01,0,black-backed jackal,,4,train
https://storage.googleapis.com/public-datasets-lila/snapshot-safari/CDB/CDB_public/CDB_S1/E05/E05_R2/CDB_S1_E05_R2_IMAG0011.JPG,Snapshot Camdeboo : CDB_S1/E05/E05_R2/CDB_S1_E05_R2_IMAG0011,Snapshot Camdeboo : CDB_S1#E05#2#5,Snapshot Camdeboo : E05,1,black-backed jackal,,4,test
https://storage.googleapis.com/public-datasets-lila/snapshot-safari-2024-expansion/TSW/TSW_S1/KB03/KB03_R1/TSW_S1_KB03_R1_IMAG0112.JPG,Snapshot Safari 2024 Expansion : TSW/TSW_S1/KB03/KB03_R1/TSW_S1_KB03_R1_IMAG0112.JPG,Snapshot Safari 2024 Expansion : TSW_S1#KB03#1#62,Snapshot Safari 2024 Expansion : TSW_S1_KB03,0,black-backed jackal,,4,train
https://storage.googleapis.com/public-datasets-lila/snapshotserengeti-unzipped/S6/T13/T13_R2/S6_T13_R2_IMAG0904.JPG,Snapshot Serengeti : S6/T13/T13_R2/S6_T13_R2_IMAG0904,Snapshot Serengeti : SER_S6#T13#2#542,Snapshot Serengeti : T13,1,black-backed jackal,03-03-2013 08:39:23,4,test
https://storage.googleapis.com/public-datasets-lila/snapshot-safari/MTZ/MTZ_public/MTZ_S1/B04/B04_R3/MTZ_S1_B04_R3_IMAG0206.JPG,Snapshot Mountain Zebra : MTZ_S1/B04/B04_R3/MTZ_S1_B04_R3_IMAG0206,Snapshot Mountain Zebra : MTZ_S1#B04#3#206,Snapshot Mountain Zebra : B04,1,black-backed jackal,05-24-2018 11:27:07,4,train
https://storage.googleapis.com/public-datasets-lila/snapshot-safari-2024-expansion/MTZ/MTZ_S1/F04/F04_R3/MTZ_S1_F04_R3_IMAG0141.JPG,Snapshot Safari 2024 Expansion : MTZ/MTZ_S1/F04/F04_R3/MTZ_S1_F04_R3_IMAG0141.JPG,Snapshot Safari 2024 Expansion : MTZ_S1#F04#3#141,Snapshot Safari 2024 Expansion : MTZ_S1_F04,0,black-backed jackal,,4,train
https://storage.googleapis.com/public-datasets-lila/snapshot-safari-2024-expansion/Snapshot South Africa/MLP/MLP_S3/E05/E05_R6/MLP_S3_E05_R6_IMAG1547.JPG,Snapshot Safari 2024 Expansion : Snapshot South Africa/MLP/MLP_S3/E05/E05_R6/MLP_S3_E05_R6_IMAG1547.JPG,Snapshot Safari 2024 Expansion : MLP_S3#E05#6#516,Snapshot Safari 2024 Expansion : MLP_S3_E05,1,black-backed jackal,,4,test
https://storage.googleapis.com/public-datasets-lila/snapshot-safari/KGA/KGA_public/KGA_S1/B01/B01_R1/KGA_S1_B01_R1_IMAG0033.JPG,Snapshot Kgalagadi : KGA_S1/B01/B01_R1/KGA_S1_B01_R1_IMAG0033,Snapshot Kgalagadi : KGA_S1#B01#1#19,Snapshot Kgalagadi : B01,3,black-backed jackal,12-12-2018 08:45:47,4,train
https://storage.googleapis.com/public-datasets-lila/snapshot-safari-2024-expansion/MTZ/MTZ_S3/D03/D03_R7/MTZ_S3_D03_R7_IMAG0189.JPG,Snapshot Safari 2024 Expansion : MTZ/MTZ_S3/D03/D03_R7/MTZ_S3_D03_R7_IMAG0189.JPG,Snapshot Safari 2024 Expansion : MTZ_S3#D03#7#63,Snapshot Safari 2024 Expansion : MTZ_S3_D03,2,black-backed jackal,,4,train
https://storage.googleapis.com/public-datasets-lila/snapshotserengeti-unzipped/S5/L05/L05_R1/S5_L05_R1_IMAG2236.JPG,Snapshot Serengeti : S5/L05/L05_R1/S5_L05_R1_IMAG2236,Snapshot Serengeti : SER_S5#L05#1#823,Snapshot Serengeti : L05,2,black-backed jackal,07-19-2012 14:49:06,4,train
https://storage.googleapis.com/public-datasets-lila/snapshotserengeti-unzipped/S2/K13/K13_R1/S2_K13_R1_PICT5494.JPG,Snapshot Serengeti : S2/K13/K13_R1/S2_K13_R1_PICT5494,Snapshot Serengeti : SER_S2#K13#1#1832,Snapshot Serengeti : K13,3,black-backed jackal,03-07-2011 16:35:21,4,train
https://storage.googleapis.com/public-datasets-lila/wcs-unzipped/animals/0368/0437.jpg,WCS Camera Traps : 4d66bd37-92d5-11e9-a1f9-000d3a74c7de,WCS Camera Traps : ken-014-d0052-97,WCS Camera Traps : 2711,1,black-backed jackal,08-09-2009 05:13:48,4,train
https://storage.googleapis.com/public-datasets-lila/snapshot-safari-2024-expansion/Snapshot South Africa/MLP/MLP_S1/E02/E02_R2/MLP_S1_E02_R2_IMAG0136.JPG,Snapshot Safari 2024 Expansion : Snapshot South Africa/MLP/MLP_S1/E02/E02_R2/MLP_S1_E02_R2_IMAG0136.JPG,Snapshot Safari 2024 Expansion : MLP_S1#E02#2#70,Snapshot Safari 2024 Expansion : MLP_S1_E02,0,black-backed jackal,,4,val
https://storage.googleapis.com/public-datasets-lila/snapshot-safari/CDB/CDB_public/CDB_S1/B07/B07_R1/CDB_S1_B07_R1_IMAG0867.JPG,Snapshot Camdeboo : CDB_S1/B07/B07_R1/CDB_S1_B07_R1_IMAG0867,Snapshot Camdeboo : CDB_S1#B07#1#423,Snapshot Camdeboo : B07,1,black-backed jackal,,4,train
https://storage.googleapis.com/public-datasets-lila/desert-lion-camera-traps/annotated-imgs/canis mesomelas/Camera Trap/North/Ganias/2014/09/PvL_seq_401e9f16-cc24-4ccb-b577-80cda9a484d3/20140913-PICT4149.JPG,Desert Lion Conservation Camera Traps : canis mesomelas/Camera Trap/North/Ganias/2014/09/PvL_seq_401e9f16-cc24-4ccb-b577-80cda9a484d3/20140913-PICT4149.JPG,Desert Lion Conservation Camera Traps : unknown,Desert Lion Conservation Camera Traps : unknown,-1,black-backed jackal,,4,train
https://storage.googleapis.com/public-datasets-lila/snapshot-safari-2024-expansion/KAR/KAR_S2/K01/K01_R5/KAR_S2_K01_R5_IMAG6143.JPG,Snapshot Safari 2024 Expansion : KAR/KAR_S2/K01/K01_R5/KAR_S2_K01_R5_IMAG6143.JPG,Snapshot Safari 2024 Expansion : KAR_S2#K01#5#2048,Snapshot Safari 2024 Expansion : KAR_S2_K01,1,black-backed jackal,,4,test
https://storage.googleapis.com/public-datasets-lila/snapshot-safari-2024-expansion/CDB/CDB_S3/E02/E02_R4/CDB_S3_E02_R4_IMAG0112.JPG,Snapshot Safari 2024 Expansion : CDB/CDB_S3/E02/E02_R4/CDB_S3_E02_R4_IMAG0112.JPG,Snapshot Safari 2024 Expansion : CDB_S3#E02#4#48,Snapshot Safari 2024 Expansion : CDB_S3_E02,0,black-backed jackal,,4,train
https://storage.googleapis.com/public-datasets-lila/snapshot-safari-2024-expansion/Snapshot South Africa/MLP/MLP_S1/F04/F04_R2/MLP_S1_F04_R2_IMAG1241.JPG,Snapshot Safari 2024 Expansion : Snapshot South Africa/MLP/MLP_S1/F04/F04_R2/MLP_S1_F04_R2_IMAG1241.JPG,Snapshot Safari 2024 Expansion : MLP_S1#F04#2#431,Snapshot Safari 2024 Expansion : MLP_S1_F04,2,black-backed jackal,,4,train
https://storage.googleapis.com/public-datasets-lila/snapshot-safari-2024-expansion/CDB/CDB_S3/B07/B07_R4/CDB_S3_B07_R4_IMAG0672.JPG,Snapshot Safari 2024 Expansion : CDB/CDB_S3/B07/B07_R4/CDB_S3_B07_R4_IMAG0672.JPG,Snapshot Safari 2024 Expansion : CDB_S3#B07#4#400,Snapshot Safari 2024 Expansion : CDB_S3_B07,0,black-backed jackal,,4,val
https://storage.googleapis.com/public-datasets-lila/snapshot-safari-2024-expansion/KAR/KAR_S3/KARWA04/KARWA04_R7/KAR_S3_KARWA04_R7_IMAG1093.JPG,Snapshot Safari 2024 Expansion : KAR/KAR_S3/KARWA04/KARWA04_R7/KAR_S3_KARWA04_R7_IMAG1093.JPG,Snapshot Safari 2024 Expansion : KAR_S3#KARWA04#7#365,Snapshot Safari 2024 Expansion : KAR_S3_KARWA04,0,black-backed jackal,,4,train
https://storage.googleapis.com/public-datasets-lila/snapshot-safari-2024-expansion/PLN/PLN_S2/B04/B04_R5/PLN_S2_B04_R5_IMAG0150.JPG,Snapshot Safari 2024 Expansion : PLN/PLN_S2/B04/B04_R5/PLN_S2_B04_R5_IMAG0150.JPG,Snapshot Safari 2024 Expansion : PLN_S2#B04#5#67,Snapshot Safari 2024 Expansion : PLN_S2_B04,1,black-backed jackal,,4,train
https://storage.googleapis.com/public-datasets-lila/desert-lion-camera-traps/annotated-imgs/canis mesomelas/Camera Trap/North/Ganias/2013/08/PvL_seq_0db179a5-85c6-4b30-9d72-d4e4922d3502/PICT7729.JPG,Desert Lion Conservation Camera Traps : canis mesomelas/Camera Trap/North/Ganias/2013/08/PvL_seq_0db179a5-85c6-4b30-9d72-d4e4922d3502/PICT7729.JPG,Desert Lion Conservation Camera Traps : unknown,Desert Lion Conservation Camera Traps : unknown,-1,black-backed jackal,,4,train
https://storage.googleapis.com/public-datasets-lila/snapshot-safari-2024-expansion/KAR/KAR_S3/A02/A02_R8/KAR_S3_A02_R8_IMAG0154.JPG,Snapshot Safari 2024 Expansion : KAR/KAR_S3/A02/A02_R8/KAR_S3_A02_R8_IMAG0154.JPG,Snapshot Safari 2024 Expansion : KAR_S3#A02#8#68,Snapshot Safari 2024 Expansion : KAR_S3_A02,0,black-backed jackal,,4,test
https://storage.googleapis.com/public-datasets-lila/snapshot-safari-2024-expansion/MAD/MAD_S2/B06/B06_R6/MAD_S2_B06_R6_IMAG0096.JPG,Snapshot Safari 2024 Expansion : MAD/MAD_S2/B06/B06_R6/MAD_S2_B06_R6_IMAG0096.JPG,Snapshot Safari 2024 Expansion : MAD_S2#B06#6#32,Snapshot Safari 2024 Expansion : MAD_S2_B06,2,black-backed jackal,,4,val
https://storage.googleapis.com/public-datasets-lila/snapshot-safari-2024-expansion/PLN/PLN_S2/A01/A01_R5/PLN_S2_A01_R5_IMAG0198.JPG,Snapshot Safari 2024 Expansion : PLN/PLN_S2/A01/A01_R5/PLN_S2_A01_R5_IMAG0198.JPG,Snapshot Safari 2024 Expansion : PLN_S2#A01#5#78,Snapshot Safari 2024 Expansion : PLN_S2_A01,0,black-backed jackal,,4,train
https://storage.googleapis.com/public-datasets-lila/desert-lion-camera-traps/annotated-imgs/canis mesomelas/Camera Trap/North/Ganias/2013/09/PvL_seq_54770b69-50f8-4fb6-a1ca-d079f171c6af/PICT9989.JPG,Desert Lion Conservation Camera Traps : canis mesomelas/Camera Trap/North/Ganias/2013/09/PvL_seq_54770b69-50f8-4fb6-a1ca-d079f171c6af/PICT9989.JPG,Desert Lion Conservation Camera Traps : unknown,Desert Lion Conservation Camera Traps : unknown,-1,black-backed jackal,,4,train
https://storage.googleapis.com/public-datasets-lila/wcs-unzipped/animals/0371/1046.jpg,WCS Camera Traps : 4e97c484-92d5-11e9-a284-000d3a74c7de,WCS Camera Traps : ken-014-d0101-54,WCS Camera Traps : 2734,1,black-backed jackal,08-10-2009 10:04:16,4,train
https://storage.googleapis.com/public-datasets-lila/snapshot-safari-2024-expansion/MTZ/MTZ_S2/D03/D03_R6/MTZ_S2_D03_R6_IMAG0612.JPG,Snapshot Safari 2024 Expansion : MTZ/MTZ_S2/D03/D03_R6/MTZ_S2_D03_R6_IMAG0612.JPG,Snapshot Safari 2024 Expansion : MTZ_S2#D03#6#204,Snapshot Safari 2024 Expansion : MTZ_S2_D03,2,black-backed jackal,,4,test
https://storage.googleapis.com/public-datasets-lila/snapshotserengeti-unzipped/S2/B08/B08_R1/S2_B08_R1_PICT0238.JPG,Snapshot Serengeti : S2/B08/B08_R1/S2_B08_R1_PICT0238,Snapshot Serengeti : SER_S2#B08#1#80,Snapshot Serengeti : B08,3,black-backed jackal,03-06-2011 09:50:34,4,train
https://storage.googleapis.com/public-datasets-lila/snapshot-safari-2024-expansion/MTZ/MTZ_S2/D03/D03_R2/MTZ_S2_D03_R2_IMAG0160.JPG,Snapshot Safari 2024 Expansion : MTZ/MTZ_S2/D03/D03_R2/MTZ_S2_D03_R2_IMAG0160.JPG,Snapshot Safari 2024 Expansion : MTZ_S2#D03#2#160,Snapshot Safari 2024 Expansion : MTZ_S2_D03,0,black-backed jackal,,4,test
https://storage.googleapis.com/public-datasets-lila/snapshot-safari/MTZ/MTZ_public/MTZ_S1/C08/C08_R3/MTZ_S1_C08_R3_IMAG0113.JPG,Snapshot Mountain Zebra : MTZ_S1/C08/C08_R3/MTZ_S1_C08_R3_IMAG0113,Snapshot Mountain Zebra : MTZ_S1#C08#3#70,Snapshot Mountain Zebra : C08,2,black-backed jackal,05-12-2018 15:10:05,4,train
https://storage.googleapis.com/public-datasets-lila/snapshot-safari-2024-expansion/MTZ/MTZ_S2/F04/F04_R4/MTZ_S2_F04_R4_IMAG5407.JPG,Snapshot Safari 2024 Expansion : MTZ/MTZ_S2/F04/F04_R4/MTZ_S2_F04_R4_IMAG5407.JPG,Snapshot Safari 2024 Expansion : MTZ_S2#F04#4#5407,Snapshot Safari 2024 Expansion : MTZ_S2_F04,0,black-backed jackal,,4,val
https://storage.googleapis.com/public-datasets-lila/snapshot-safari-2024-expansion/KAR/KAR_S2/K05/K05_R5/KAR_S2_K05_R5_IMAG4594.JPG,Snapshot Safari 2024 Expansion : KAR/KAR_S2/K05/K05_R5/KAR_S2_K05_R5_IMAG4594.JPG,Snapshot Safari 2024 Expansion : KAR_S2#K05#5#1532,Snapshot Safari 2024 Expansion : KAR_S2_K05,2,black-backed jackal,,4,train
https://storage.googleapis.com/public-datasets-lila/snapshot-safari/ENO/ENO_public/ENO_S1/B06/B06_R1/ENO_S1_B06_R1_IMAG0043.JPG,Snapshot Enonkishu : ENO_S1/B06/B06_R1/ENO_S1_B06_R1_IMAG0043,Snapshot Enonkishu : ENO_S1#B06#1#19,Snapshot Enonkishu : B06,1,black-backed jackal,09-30-2018 17:58:36,4,train
https://storage.googleapis.com/public-datasets-lila/snapshot-safari-2024-expansion/MTZ/MTZ_S1/C08/C08_R3/MTZ_S1_C08_R3_IMAG0341.JPG,Snapshot Safari 2024 Expansion : MTZ/MTZ_S1/C08/C08_R3/MTZ_S1_C08_R3_IMAG0341.JPG,Snapshot Safari 2024 Expansion : MTZ_S1#C08#3#211,Snapshot Safari 2024 Expansion : MTZ_S1_C08,0,black-backed jackal,,4,test
https://storage.googleapis.com/public-datasets-lila/snapshotserengeti-unzipped/S9/C11/C11_R2/S9_C11_R2_IMAG0471.JPG,Snapshot Serengeti : S9/C11/C11_R2/S9_C11_R2_IMAG0471,Snapshot Serengeti : SER_S9#C11#2#247,Snapshot Serengeti : C11,3,black-backed jackal,09-26-2014 07:45:06,4,val
https://storage.googleapis.com/public-datasets-lila/snapshot-safari-2024-expansion/KAR/KAR_S3/KARWA04/KARWA04_R7/KAR_S3_KARWA04_R7_IMAG2778.JPG,Snapshot Safari 2024 Expansion : KAR/KAR_S3/KARWA04/KARWA04_R7/KAR_S3_KARWA04_R7_IMAG2778.JPG,Snapshot Safari 2024 Expansion : KAR_S3#KARWA04#7#926,Snapshot Safari 2024 Expansion : KAR_S3_KARWA04,2,black-backed jackal,,4,train
https://storage.googleapis.com/public-datasets-lila/snapshot-safari/CDB/CDB_public/CDB_S1/D02/D02_R2/CDB_S1_D02_R2_IMAG0024.JPG,Snapshot Camdeboo : CDB_S1/D02/D02_R2/CDB_S1_D02_R2_IMAG0024,Snapshot Camdeboo : CDB_S1#D02#2#12,Snapshot Camdeboo : D02,3,black-backed jackal,,4,val
https://storage.googleapis.com/public-datasets-lila/snapshot-safari-2024-expansion/MTZ/MTZ_S2/D05/D05_R4/MTZ_S2_D05_R4_IMAG0298.JPG,Snapshot Safari 2024 Expansion : MTZ/MTZ_S2/D05/D05_R4/MTZ_S2_D05_R4_IMAG0298.JPG,Snapshot Safari 2024 Expansion : MTZ_S2#D05#4#298,Snapshot Safari 2024 Expansion : MTZ_S2_D05,0,black-backed jackal,,4,train
https://storage.googleapis.com/public-datasets-lila/snapshotserengeti-unzipped/S4/F05/F05_R2/S4_F05_R2_IMAG0040.JPG,Snapshot Serengeti : S4/F05/F05_R2/S4_F05_R2_IMAG0040,Snapshot Serengeti : SER_S4#F05#2#18,Snapshot Serengeti : F05,1,black-backed jackal,02-16-2012 04:19:42,4,train
https://storage.googleapis.com/public-datasets-lila/snapshot-safari/MTZ/MTZ_public/MTZ_S1/E06/E06_R3/MTZ_S1_E06_R3_IMAG1771.JPG,Snapshot Mountain Zebra : MTZ_S1/E06/E06_R3/MTZ_S1_E06_R3_IMAG1771,Snapshot Mountain Zebra : MTZ_S1#E06#3#1771,Snapshot Mountain Zebra : E06,1,black-backed jackal,06-11-2018 12:12:54,4,train
https://storage.googleapis.com/public-datasets-lila/snapshot-safari-2024-expansion/KAR/KAR_S3/KARWA04/KARWA04_R7/KAR_S3_KARWA04_R7_IMAG3741.JPG,Snapshot Safari 2024 Expansion : KAR/KAR_S3/KARWA04/KARWA04_R7/KAR_S3_KARWA04_R7_IMAG3741.JPG,Snapshot Safari 2024 Expansion : KAR_S3#KARWA04#7#1247,Snapshot Safari 2024 Expansion : KAR_S3_KARWA04,2,black-backed jackal,,4,train
https://storage.googleapis.com/public-datasets-lila/snapshot-safari-2024-expansion/MAD/MAD_S2/MAD03/MAD03_R6/MAD_S2_MAD03_R6_IMAG2384.JPG,Snapshot Safari 2024 Expansion : MAD/MAD_S2/MAD03/MAD03_R6/MAD_S2_MAD03_R6_IMAG2384.JPG,Snapshot Safari 2024 Expansion : MAD_S2#MAD03#6#795,Snapshot Safari 2024 Expansion : MAD_S2_MAD03,1,black-backed jackal,,4,train
https://storage.googleapis.com/public-datasets-lila/snapshotserengeti-unzipped/S9/H02/H02_R3/S9_H02_R3_IMAG0498.JPG,Snapshot Serengeti : S9/H02/H02_R3/S9_H02_R3_IMAG0498,Snapshot Serengeti : SER_S9#H02#3#254,Snapshot Serengeti : H02,1,black-backed jackal,10-08-2014 05:26:13,4,train
https://storage.googleapis.com/public-datasets-lila/snapshot-safari-2024-expansion/ENO/ENO_S1/D04/D04_R2/ENO_S1_D04_R2_IMAG0395.JPG,Snapshot Safari 2024 Expansion : ENO/ENO_S1/D04/D04_R2/ENO_S1_D04_R2_IMAG0395.JPG,Snapshot Safari 2024 Expansion : ENO_S1#D04#2#172,Snapshot Safari 2024 Expansion : ENO_S1_D04,1,black-backed jackal,,4,train
https://storage.googleapis.com/public-datasets-lila/snapshotserengeti-unzipped/S9/J13/J13_R1/S9_J13_R1_IMAG0717.JPG,Snapshot Serengeti : S9/J13/J13_R1/S9_J13_R1_IMAG0717,Snapshot Serengeti : SER_S9#J13#1#245,Snapshot Serengeti : J13,3,black-backed jackal,09-09-2014 16:34:34,4,train
https://storage.googleapis.com/public-datasets-lila/snapshot-safari-2024-expansion/MTZ/MTZ_S1/C08/C08_R3/MTZ_S1_C08_R3_IMAG0313.JPG,Snapshot Safari 2024 Expansion : MTZ/MTZ_S1/C08/C08_R3/MTZ_S1_C08_R3_IMAG0313.JPG,Snapshot Safari 2024 Expansion : MTZ_S1#C08#3#193,Snapshot Safari 2024 Expansion : MTZ_S1_C08,0,black-backed jackal,,4,test
https://storage.googleapis.com/public-datasets-lila/snapshot-safari-2024-expansion/Snapshot South Africa/MLP/MLP_S1/E02/E02_R3/MLP_S1_E02_R3_IMAG0183.JPG,Snapshot Safari 2024 Expansion : Snapshot South Africa/MLP/MLP_S1/E02/E02_R3/MLP_S1_E02_R3_IMAG0183.JPG,Snapshot Safari 2024 Expansion : MLP_S1#E02#3#61,Snapshot Safari 2024 Expansion : MLP_S1_E02,2,black-backed jackal,,4,val
https://storage.googleapis.com/public-datasets-lila/snapshot-safari-2024-expansion/KAR/KAR_S3/KARWA01/KARWA01_R7/KAR_S3_KARWA01_R7_IMAG1569.JPG,Snapshot Safari 2024 Expansion : KAR/KAR_S3/KARWA01/KARWA01_R7/KAR_S3_KARWA01_R7_IMAG1569.JPG,Snapshot Safari 2024 Expansion : KAR_S3#KARWA01#7#523,Snapshot Safari 2024 Expansion : KAR_S3_KARWA01,2,black-backed jackal,,4,train
https://storage.googleapis.com/public-datasets-lila/snapshot-safari-2024-expansion/KAR/KAR_S2/D03/D03_R2/KAR_S2_D03_R2_IMAG0452.JPG,Snapshot Safari 2024 Expansion : KAR/KAR_S2/D03/D03_R2/KAR_S2_D03_R2_IMAG0452.JPG,Snapshot Safari 2024 Expansion : KAR_S2#D03#2#185,Snapshot Safari 2024 Expansion : KAR_S2_D03,1,black-backed jackal,,4,train
https://storage.googleapis.com/public-datasets-lila/wcs-unzipped/animals/0376/0212.jpg,WCS Camera Traps : 503c73f4-92d5-11e9-b3ff-000d3a74c7de,WCS Camera Traps : ken-014-d0158-182,WCS Camera Traps : 1379,1,black-backed jackal,10-19-2009 07:31:44,4,train
https://storage.googleapis.com/public-datasets-lila/snapshot-safari-2024-expansion/KAR/KAR_S2/C01/C01_R2/KAR_S2_C01_R2_IMAG0974.JPG,Snapshot Safari 2024 Expansion : KAR/KAR_S2/C01/C01_R2/KAR_S2_C01_R2_IMAG0974.JPG,Snapshot Safari 2024 Expansion : KAR_S2#C01#2#352,Snapshot Safari 2024 Expansion : KAR_S2_C01,2,black-backed jackal,,4,train
https://storage.googleapis.com/public-datasets-lila/snapshot-safari-2024-expansion/Snapshot South Africa/MLP/MLP_S2/F04/F04_R4/MLP_S2_F04_R4_IMAG0062.JPG,Snapshot Safari 2024 Expansion : Snapshot South Africa/MLP/MLP_S2/F04/F04_R4/MLP_S2_F04_R4_IMAG0062.JPG,Snapshot Safari 2024 Expansion : MLP_S2#F04#4#21,Snapshot Safari 2024 Expansion : MLP_S2_F04,1,black-backed jackal,,4,train
https://storage.googleapis.com/public-datasets-lila/snapshotserengeti-unzipped/SER_S11/J10/J10_R2/SER_S11_J10_R2_IMAG1203.JPG,Snapshot Serengeti : SER_S11/J10/J10_R2/SER_S11_J10_R2_IMAG1203,Snapshot Serengeti : SER_S11#J10#2#458,Snapshot Serengeti : J10,3,black-backed jackal,10-12-2015 06:21:05,4,train
https://storage.googleapis.com/public-datasets-lila/snapshotserengeti-unzipped/S4/L11/L11_R2/S4_L11_R2_IMAG0094.JPG,Snapshot Serengeti : S4/L11/L11_R2/S4_L11_R2_IMAG0094,Snapshot Serengeti : SER_S4#L11#2#34,Snapshot Serengeti : L11,1,black-backed jackal,03-28-2012 18:15:44,4,train
https://storage.googleapis.com/public-datasets-lila/wcs-unzipped/animals/0372/1078.jpg,WCS Camera Traps : 4ef5c1d6-92d5-11e9-b35d-000d3a74c7de,WCS Camera Traps : ken-014-d0108-4,WCS Camera Traps : 2738,10,black-backed jackal,08-31-2009 22:19:26,4,train
https://storage.googleapis.com/public-datasets-lila/wcs-unzipped/animals/0253/1176.jpg,WCS Camera Traps : 23b2c60c-92d5-11e9-93b5-000d3a74c7de,WCS Camera Traps : ken-010-d0052-71,WCS Camera Traps : 1368,2,black-backed jackal,07-11-2011 08:29:00,4,train
https://storage.googleapis.com/public-datasets-lila/snapshot-safari-2024-expansion/KAR/KAR_S2/K03/K03_R5/KAR_S2_K03_R5_IMAG3332.JPG,Snapshot Safari 2024 Expansion : KAR/KAR_S2/K03/K03_R5/KAR_S2_K03_R5_IMAG3332.JPG,Snapshot Safari 2024 Expansion : KAR_S2#K03#5#1111,Snapshot Safari 2024 Expansion : KAR_S2_K03,1,black-backed jackal,,4,train
https://storage.googleapis.com/public-datasets-lila/snapshot-safari-2024-expansion/KAR/KAR_S2/C01/C01_R2/KAR_S2_C01_R2_IMAG0611.JPG,Snapshot Safari 2024 Expansion : KAR/KAR_S2/C01/C01_R2/KAR_S2_C01_R2_IMAG0611.JPG,Snapshot Safari 2024 Expansion : KAR_S2#C01#2#217,Snapshot Safari 2024 Expansion : KAR_S2_C01,0,black-backed jackal,,4,train
https://storage.googleapis.com/public-datasets-lila/snapshotserengeti-unzipped/S2/G05/G05_R3/S2_G05_R3_IMAG0566.JPG,Snapshot Serengeti : S2/G05/G05_R3/S2_G05_R3_IMAG0566,Snapshot Serengeti : SER_S2#G05#3#216,Snapshot Serengeti : G05,3,black-backed jackal,06-10-2011 10:12:31,4,test
https://storage.googleapis.com/public-datasets-lila/snapshotserengeti-unzipped/S1/K09/K09_R1/S1_K09_R1_PICT5921.JPG,Snapshot Serengeti : S1/K09/K09_R1/S1_K09_R1_PICT5921,Snapshot Serengeti : SER_S1#K09#1#1276,Snapshot Serengeti : K09,1,black-backed jackal,10-17-2010 18:42:16,4,train
https://storage.googleapis.com/public-datasets-lila/snapshot-safari-2024-expansion/CDB/CDB_S2/C07/C07_R3/CDB_S2_C07_R3_IMAG1563.JPG,Snapshot Safari 2024 Expansion : CDB/CDB_S2/C07/C07_R3/CDB_S2_C07_R3_IMAG1563.JPG,Snapshot Safari 2024 Expansion : CDB_S2#C07#3#571,Snapshot Safari 2024 Expansion : CDB_S2_C07,0,black-backed jackal,,4,train
https://storage.googleapis.com/public-datasets-lila/desert-lion-camera-traps/annotated-imgs/canis mesomelas/Camera Trap/Events/Gc_Amps/2012/06/PvL_seq_fd4b98ac-69c4-48ee-b3ab-a483099529a8/SUNP0123.JPG,Desert Lion Conservation Camera Traps : canis mesomelas/Camera Trap/Events/Gc_Amps/2012/06/PvL_seq_fd4b98ac-69c4-48ee-b3ab-a483099529a8/SUNP0123.JPG,Desert Lion Conservation Camera Traps : unknown,Desert Lion Conservation Camera Traps : unknown,-1,black-backed jackal,,4,train
https://storage.googleapis.com/public-datasets-lila/snapshot-safari-2024-expansion/Snapshot South Africa/MLP/MLP_S1/E05/E05_R2/MLP_S1_E05_R2_IMAG1114.JPG,Snapshot Safari 2024 Expansion : Snapshot South Africa/MLP/MLP_S1/E05/E05_R2/MLP_S1_E05_R2_IMAG1114.JPG,Snapshot Safari 2024 Expansion : MLP_S1#E05#2#550,Snapshot Safari 2024 Expansion : MLP_S1_E05,2,black-backed jackal,,4,val
https://storage.googleapis.com/public-datasets-lila/snapshot-safari-2024-expansion/KAR/KAR_S1/B02/B02_R1/KAR_S1_B02_R1_IMAG0899.JPG,Snapshot Safari 2024 Expansion : KAR/KAR_S1/B02/B02_R1/KAR_S1_B02_R1_IMAG0899.JPG,Snapshot Safari 2024 Expansion : KAR_S1#B02#1#345,Snapshot Safari 2024 Expansion : KAR_S1_B02,0,black-backed jackal,,4,train
https://storage.googleapis.com/public-datasets-lila/snapshotserengeti-unzipped/S10/N06/N06_R2/S10_N06_R2_IMAG1405.JPG,Snapshot Serengeti : S10/N06/N06_R2/S10_N06_R2_IMAG1405,Snapshot Serengeti : SER_S10#N06#2#561,Snapshot Serengeti : N06,1,black-backed jackal,06-01-2015 03:01:30,4,train
https://storage.googleapis.com/public-datasets-lila/snapshot-safari-2024-expansion/SER/SER_S13/L10/L10_R1/SER_S13_L10_R1_IMAG0258.JPG,Snapshot Safari 2024 Expansion : SER/SER_S13/L10/L10_R1/SER_S13_L10_R1_IMAG0258.JPG,Snapshot Safari 2024 Expansion : SER_S13#L10#1#88,Snapshot Safari 2024 Expansion : SER_S13_L10,0,black-backed jackal,,4,train
https://storage.googleapis.com/public-datasets-lila/desert-lion-camera-traps/annotated-imgs/canis mesomelas/Camera Trap2/PvL_seq_7e4e0550-9592-458d-bdcc-fa997728477b/SUNP0262.JPG,Desert Lion Conservation Camera Traps : canis mesomelas/Camera Trap2/PvL_seq_7e4e0550-9592-458d-bdcc-fa997728477b/SUNP0262.JPG,Desert Lion Conservation Camera Traps : unknown,Desert Lion Conservation Camera Traps : unknown,-1,black-backed jackal,,4,train
https://storage.googleapis.com/public-datasets-lila/snapshot-safari/KAR/KAR_public/KAR_S1/B02/B02_R1/KAR_S1_B02_R1_IMAG0931.JPG,Snapshot Karoo : KAR_S1/B02/B02_R1/KAR_S1_B02_R1_IMAG0931,Snapshot Karoo : KAR_S1#B02#1#357,Snapshot Karoo : B02,3,black-backed jackal,01-26-2018 06:57:02,4,train
https://storage.googleapis.com/public-datasets-lila/snapshot-safari-2024-expansion/TSW/TSW_S1/KA05/KA05_R2/TSW_S1_KA05_R2_IMAG0116.JPG,Snapshot Safari 2024 Expansion : TSW/TSW_S1/KA05/KA05_R2/TSW_S1_KA05_R2_IMAG0116.JPG,Snapshot Safari 2024 Expansion : TSW_S1#KA05#2#58,Snapshot Safari 2024 Expansion : TSW_S1_KA05,0,black-backed jackal,,4,train
https://storage.googleapis.com/public-datasets-lila/snapshotserengeti-unzipped/S1/L12/L12_R1/S1_L12_R1_PICT4502.JPG,Snapshot Serengeti : S1/L12/L12_R1/S1_L12_R1_PICT4502,Snapshot Serengeti : SER_S1#L12#1#1502,Snapshot Serengeti : L12,1,black-backed jackal,09-12-2010 09:33:30,4,val
https://storage.googleapis.com/public-datasets-lila/snapshot-safari-2024-expansion/CDB/CDB_S3/C07/C07_R4/CDB_S3_C07_R4_IMAG0300.JPG,Snapshot Safari 2024 Expansion : CDB/CDB_S3/C07/C07_R4/CDB_S3_C07_R4_IMAG0300.JPG,Snapshot Safari 2024 Expansion : CDB_S3#C07#4#142,Snapshot Safari 2024 Expansion : CDB_S3_C07,0,black-backed jackal,,4,val
https://storage.googleapis.com/public-datasets-lila/desert-lion-camera-traps/annotated-imgs/canis mesomelas/Camera Trap/Hoanib/X25cave/2013/04/PvL_seq_c8914fd2-1c87-458a-9f0a-b6e79df1d54a/PICT0057.JPG,Desert Lion Conservation Camera Traps : canis mesomelas/Camera Trap/Hoanib/X25cave/2013/04/PvL_seq_c8914fd2-1c87-458a-9f0a-b6e79df1d54a/PICT0057.JPG,Desert Lion Conservation Camera Traps : unknown,Desert Lion Conservation Camera Traps : unknown,-1,black-backed jackal,,4,train
https://storage.googleapis.com/public-datasets-lila/snapshotserengeti-unzipped/S3/L11/L11_R11/S3_L11_R11_IMAG0253.JPG,Snapshot Serengeti : S3/L11/L11_R11/S3_L11_R11_IMAG0253,Snapshot Serengeti : SER_S3#L11#11#95,Snapshot Serengeti : L11,1,black-backed jackal,11-04-2011 13:46:23,4,train
https://storage.googleapis.com/public-datasets-lila/snapshot-safari-2024-expansion/KAR/KAR_S2/K06/K06_R6/KAR_S2_K06_R6_IMAG1317.JPG,Snapshot Safari 2024 Expansion : KAR/KAR_S2/K06/K06_R6/KAR_S2_K06_R6_IMAG1317.JPG,Snapshot Safari 2024 Expansion : KAR_S2#K06#6#440,Snapshot Safari 2024 Expansion : KAR_S2_K06,1,black-backed jackal,,4,train
https://storage.googleapis.com/public-datasets-lila/wcs-unzipped/animals/0366/0532.jpg,WCS Camera Traps : 4cb03e7e-92d5-11e9-83fe-000d3a74c7de,WCS Camera Traps : ken-014-d0019-9,WCS Camera Traps : 2696,8,black-backed jackal,07-16-2009 20:20:40,4,train
https://storage.googleapis.com/public-datasets-lila/snapshot-safari-2024-expansion/KAR/KAR_S2/K01/K01_R5/KAR_S2_K01_R5_IMAG0441.JPG,Snapshot Safari 2024 Expansion : KAR/KAR_S2/K01/K01_R5/KAR_S2_K01_R5_IMAG0441.JPG,Snapshot Safari 2024 Expansion : KAR_S2#K01#5#147,Snapshot Safari 2024 Expansion : KAR_S2_K01,2,black-backed jackal,,4,test
https://storage.googleapis.com/public-datasets-lila/snapshot-safari-2024-expansion/KAR/KAR_S1/B02/B02_R1/KAR_S1_B02_R1_IMAG0904.JPG,Snapshot Safari 2024 Expansion : KAR/KAR_S1/B02/B02_R1/KAR_S1_B02_R1_IMAG0904.JPG,Snapshot Safari 2024 Expansion : KAR_S1#B02#1#348,Snapshot Safari 2024 Expansion : KAR_S1_B02,2,black-backed jackal,,4,train
https://storage.googleapis.com/public-datasets-lila/snapshotserengeti-unzipped/S1/K09/K09_R1/S1_K09_R1_PICT5093.JPG,Snapshot Serengeti : S1/K09/K09_R1/S1_K09_R1_PICT5093,Snapshot Serengeti : SER_S1#K09#1#1000,Snapshot Serengeti : K09,1,black-backed jackal,10-04-2010 11:48:44,4,train
https://storage.googleapis.com/public-datasets-lila/snapshot-safari-2024-expansion/MTZ/MTZ_S4/D03/D03_R9/MTZ_S4_D03_R9_IMAG0106.JPG,Snapshot Safari 2024 Expansion : MTZ/MTZ_S4/D03/D03_R9/MTZ_S4_D03_R9_IMAG0106.JPG,Snapshot Safari 2024 Expansion : MTZ_S4#D03#9#36,Snapshot Safari 2024 Expansion : MTZ_S4_D03,0,black-backed jackal,,4,val
https://storage.googleapis.com/public-datasets-lila/snapshot-safari-2024-expansion/SER/SER_S13/B08/B08_R1/SER_S13_B08_R1_IMAG0562.JPG,Snapshot Safari 2024 Expansion : SER/SER_S13/B08/B08_R1/SER_S13_B08_R1_IMAG0562.JPG,Snapshot Safari 2024 Expansion : SER_S13#B08#1#561,Snapshot Safari 2024 Expansion : SER_S13_B08,0,black-backed jackal,,4,train
https://storage.googleapis.com/public-datasets-lila/snapshotserengeti-unzipped/S1/U11/U11_R1/S1_U11_R1_PICT0157.JPG,Snapshot Serengeti : S1/U11/U11_R1/S1_U11_R1_PICT0157,Snapshot Serengeti : SER_S1#U11#1#54,Snapshot Serengeti : U11,1,black-backed jackal,09-27-2010 15:40:24,4,val
https://storage.googleapis.com/public-datasets-lila/snapshotserengeti-unzipped/S2/H09/H09_R2/S2_H09_R2_PICT0033.JPG,Snapshot Serengeti : S2/H09/H09_R2/S2_H09_R2_PICT0033,Snapshot Serengeti : SER_S2#H09#2#13,Snapshot Serengeti : H09,1,black-backed jackal,03-06-2011 08:17:46,4,train
https://storage.googleapis.com/public-datasets-lila/snapshot-safari-2024-expansion/Snapshot South Africa/MLP/MLP_S2/E05/E05_R4/MLP_S2_E05_R4_IMAG0064.JPG,Snapshot Safari 2024 Expansion : Snapshot South Africa/MLP/MLP_S2/E05/E05_R4/MLP_S2_E05_R4_IMAG0064.JPG,Snapshot Safari 2024 Expansion : MLP_S2#E05#4#22,Snapshot Safari 2024 Expansion : MLP_S2_E05,0,black-backed jackal,,4,train
https://storage.googleapis.com/public-datasets-lila/snapshot-safari-2024-expansion/MTZ/MTZ_S4/C08/C08_R10/MTZ_S4_C08_R10_IMAG0134.JPG,Snapshot Safari 2024 Expansion : MTZ/MTZ_S4/C08/C08_R10/MTZ_S4_C08_R10_IMAG0134.JPG,Snapshot Safari 2024 Expansion : MTZ_S4#C08#10#45,Snapshot Safari 2024 Expansion : MTZ_S4_C08,1,black-backed jackal,,4,train
https://storage.googleapis.com/public-datasets-lila/snapshotserengeti-unzipped/SER_S11/R08/R08_R2/SER_S11_R08_R2_IMAG0854.JPG,Snapshot Serengeti : SER_S11/R08/R08_R2/SER_S11_R08_R2_IMAG0854,Snapshot Serengeti : SER_S11#R08#2#419,Snapshot Serengeti : R08,1,black-backed jackal,11-26-2015 04:14:43,4,train
https://storage.googleapis.com/public-datasets-lila/snapshotserengeti-unzipped/S8/K09/K09_R3/S8_K09_R3_IMAG0100.JPG,Snapshot Serengeti : S8/K09/K09_R3/S8_K09_R3_IMAG0100,Snapshot Serengeti : SER_S8#K09#3#41,Snapshot Serengeti : K09,1,black-backed jackal,05-09-2014 21:11:37,4,train
https://storage.googleapis.com/public-datasets-lila/snapshot-safari-2024-expansion/KAR/KAR_S2/K01/K01_R6/KAR_S2_K01_R6_IMAG1302.JPG,Snapshot Safari 2024 Expansion : KAR/KAR_S2/K01/K01_R6/KAR_S2_K01_R6_IMAG1302.JPG,Snapshot Safari 2024 Expansion : KAR_S2#K01#6#434,Snapshot Safari 2024 Expansion : KAR_S2_K01,2,black-backed jackal,,4,test
https://storage.googleapis.com/public-datasets-lila/desert-lion-camera-traps/annotated-imgs/canis mesomelas/Camera Trap2/PvL_seq_4a4d34bd-2bbd-469a-b54c-9ab05c6b98d0/CDY_0021.JPG,Desert Lion Conservation Camera Traps : canis mesomelas/Camera Trap2/PvL_seq_4a4d34bd-2bbd-469a-b54c-9ab05c6b98d0/CDY_0021.JPG,Desert Lion Conservation Camera Traps : unknown,Desert Lion Conservation Camera Traps : unknown,-1,black-backed jackal,,4,train
https://storage.googleapis.com/public-datasets-lila/snapshotserengeti-unzipped/S6/J09/J09_R2/S6_J09_R2_IMAG0872.JPG,Snapshot Serengeti : S6/J09/J09_R2/S6_J09_R2_IMAG0872,Snapshot Serengeti : SER_S6#J09#2#314,Snapshot Serengeti : J09,1,black-backed jackal,03-11-2013 06:54:46,4,train
https://storage.googleapis.com/public-datasets-lila/snapshot-safari-2024-expansion/KAR/KAR_S3/KARWA01/KARWA01_R7/KAR_S3_KARWA01_R7_IMAG2306.JPG,Snapshot Safari 2024 Expansion : KAR/KAR_S3/KARWA01/KARWA01_R7/KAR_S3_KARWA01_R7_IMAG2306.JPG,Snapshot Safari 2024 Expansion : KAR_S3#KARWA01#7#769,Snapshot Safari 2024 Expansion : KAR_S3_KARWA01,1,black-backed jackal,,4,train
https://storage.googleapis.com/public-datasets-lila/desert-lion-camera-traps/annotated-imgs/canis mesomelas/Camera Trap/Events/Gc_Amps/2012/06/PvL_seq_3cda6b6d-7325-429b-91de-aa9a54db266b/SUNP0269.JPG,Desert Lion Conservation Camera Traps : canis mesomelas/Camera Trap/Events/Gc_Amps/2012/06/PvL_seq_3cda6b6d-7325-429b-91de-aa9a54db266b/SUNP0269.JPG,Desert Lion Conservation Camera Traps : unknown,Desert Lion Conservation Camera Traps : unknown,-1,black-backed jackal,,4,train
https://storage.googleapis.com/public-datasets-lila/snapshot-safari-2024-expansion/KAR/KAR_S3/KARWA04/KARWA04_R8/KAR_S3_KARWA04_R8_IMAG0422.JPG,Snapshot Safari 2024 Expansion : KAR/KAR_S3/KARWA04/KARWA04_R8/KAR_S3_KARWA04_R8_IMAG0422.JPG,Snapshot Safari 2024 Expansion : KAR_S3#KARWA04#8#141,Snapshot Safari 2024 Expansion : KAR_S3_KARWA04,1,black-backed jackal,,4,train
https://storage.googleapis.com/public-datasets-lila/snapshot-safari-2024-expansion/TSW/TSW_S3/LC03/LC03_R7/TSW_S3_LC03_R7_IMAG0096.JPG,Snapshot Safari 2024 Expansion : TSW/TSW_S3/LC03/LC03_R7/TSW_S3_LC03_R7_IMAG0096.JPG,Snapshot Safari 2024 Expansion : TSW_S3#LC03#7#64,Snapshot Safari 2024 Expansion : TSW_S3_LC03,0,black-backed jackal,,4,train
https://storage.googleapis.com/public-datasets-lila/snapshotserengeti-unzipped/S5/Q12/Q12_R4/S5_Q12_R4_IMAG3128.JPG,Snapshot Serengeti : S5/Q12/Q12_R4/S5_Q12_R4_IMAG3128,Snapshot Serengeti : SER_S5#Q12#4#1071,Snapshot Serengeti : Q12,2,black-backed jackal,11-11-2012 18:19:34,4,train
https://storage.googleapis.com/public-datasets-lila/snapshot-safari-2024-expansion/Snapshot South Africa/MLP/MLP_S1/F05/F05_R3/MLP_S1_F05_R3_IMAG0138.JPG,Snapshot Safari 2024 Expansion : Snapshot South Africa/MLP/MLP_S1/F05/F05_R3/MLP_S1_F05_R3_IMAG0138.JPG,Snapshot Safari 2024 Expansion : MLP_S1#F05#3#46,Snapshot Safari 2024 Expansion : MLP_S1_F05,2,black-backed jackal,,4,train
https://storage.googleapis.com/public-datasets-lila/snapshotserengeti-unzipped/S3/I13/I13_R11/S3_I13_R11_IMAG0694.JPG,Snapshot Serengeti : S3/I13/I13_R11/S3_I13_R11_IMAG0694,Snapshot Serengeti : SER_S3#I13#11#258,Snapshot Serengeti : I13,3,black-backed jackal,11-02-2011 15:51:41,4,train
https://storage.googleapis.com/public-datasets-lila/snapshotserengeti-unzipped/S10/S11/S11_R1/S10_S11_R1_IMAG0273.JPG,Snapshot Serengeti : S10/S11/S11_R1/S10_S11_R1_IMAG0273,Snapshot Serengeti : SER_S10#S11#1#100,Snapshot Serengeti : S11,1,black-backed jackal,03-03-2015 18:31:00,4,test
https://storage.googleapis.com/public-datasets-lila/snapshotserengeti-unzipped/S8/L09/L09_R3/S8_L09_R3_IMAG0282.JPG,Snapshot Serengeti : S8/L09/L09_R3/S8_L09_R3_IMAG0282,Snapshot Serengeti : SER_S8#L09#3#142,Snapshot Serengeti : L09,2,black-backed jackal,05-24-2014 07:58:06,4,train
https://storage.googleapis.com/public-datasets-lila/snapshot-safari-2024-expansion/KAR/KAR_S2/K04/K04_R5/KAR_S2_K04_R5_IMAG7684.JPG,Snapshot Safari 2024 Expansion : KAR/KAR_S2/K04/K04_R5/KAR_S2_K04_R5_IMAG7684.JPG,Snapshot Safari 2024 Expansion : KAR_S2#K04#5#2563,Snapshot Safari 2024 Expansion : KAR_S2_K04,0,black-backed jackal,,4,test
https://storage.googleapis.com/public-datasets-lila/snapshot-safari-2024-expansion/CDB/CDB_S1/C07/C07_R1/CDB_S1_C07_R1_IMAG0418.JPG,Snapshot Safari 2024 Expansion : CDB/CDB_S1/C07/C07_R1/CDB_S1_C07_R1_IMAG0418.JPG,Snapshot Safari 2024 Expansion : CDB_S1#C07#1#180,Snapshot Safari 2024 Expansion : CDB_S1_C07,0,black-backed jackal,,4,test
https://storage.googleapis.com/public-datasets-lila/snapshot-safari-2024-expansion/KGA/KGA_S3/KGAB02/KGAB02_R4/KGA_S3_KGAB02_R4_IMAG0174.JPG,Snapshot Safari 2024 Expansion : KGA/KGA_S3/KGAB02/KGAB02_R4/KGA_S3_KGAB02_R4_IMAG0174.JPG,Snapshot Safari 2024 Expansion : KGA_S3#KGAB02#4#76,Snapshot Safari 2024 Expansion : KGA_S3_KGAB02,0,black-backed jackal,,4,train
https://storage.googleapis.com/public-datasets-lila/snapshot-safari/MTZ/MTZ_public/MTZ_S1/C08/C08_R3/MTZ_S1_C08_R3_IMAG0112.JPG,Snapshot Mountain Zebra : MTZ_S1/C08/C08_R3/MTZ_S1_C08_R3_IMAG0112,Snapshot Mountain Zebra : MTZ_S1#C08#3#70,Snapshot Mountain Zebra : C08,1,black-backed jackal,05-12-2018 15:10:05,4,train
https://storage.googleapis.com/public-datasets-lila/snapshotserengeti-unzipped/S1/L12/L12_R1/S1_L12_R1_PICT4504.JPG,Snapshot Serengeti : S1/L12/L12_R1/S1_L12_R1_PICT4504,Snapshot Serengeti : SER_S1#L12#1#1502,Snapshot Serengeti : L12,3,black-backed jackal,09-12-2010 09:33:30,4,val
https://storage.googleapis.com/public-datasets-lila/snapshot-safari/KAR/KAR_public/KAR_S1/B02/B02_R1/KAR_S1_B02_R1_IMAG0892.JPG,Snapshot Karoo : KAR_S1/B02/B02_R1/KAR_S1_B02_R1_IMAG0892,Snapshot Karoo : KAR_S1#B02#1#338,Snapshot Karoo : B02,1,black-backed jackal,01-26-2018 05:00:26,4,train
https://storage.googleapis.com/public-datasets-lila/snapshotserengeti-unzipped/S5/H05/H05_R2/S5_H05_R2_IMAG1011.JPG,Snapshot Serengeti : S5/H05/H05_R2/S5_H05_R2_IMAG1011,Snapshot Serengeti : SER_S5#H05#2#348,Snapshot Serengeti : H05,3,black-backed jackal,08-22-2012 07:49:01,4,train
https://storage.googleapis.com/public-datasets-lila/snapshotserengeti-unzipped/S9/C04/C04_R3/S9_C04_R3_IMAG1291.JPG,Snapshot Serengeti : S9/C04/C04_R3/S9_C04_R3_IMAG1291,Snapshot Serengeti : SER_S9#C04#3#710,Snapshot Serengeti : C04,1,black-backed jackal,11-12-2014 00:38:54,4,train
https://storage.googleapis.com/public-datasets-lila/snapshot-safari-2024-expansion/KGA/KGA_S3/KGAA10/KGAA10_R4/KGA_S3_KGAA10_R4_IMAG0041.JPG,Snapshot Safari 2024 Expansion : KGA/KGA_S3/KGAA10/KGAA10_R4/KGA_S3_KGAA10_R4_IMAG0041.JPG,Snapshot Safari 2024 Expansion : KGA_S3#KGAA10#4#18,Snapshot Safari 2024 Expansion : KGA_S3_KGAA10,1,black-backed jackal,,4,train
https://storage.googleapis.com/public-datasets-lila/snapshot-safari-2024-expansion/KAR/KAR_S3/KARWA01/KARWA01_R7/KAR_S3_KARWA01_R7_IMAG3471.JPG,Snapshot Safari 2024 Expansion : KAR/KAR_S3/KARWA01/KARWA01_R7/KAR_S3_KARWA01_R7_IMAG3471.JPG,Snapshot Safari 2024 Expansion : KAR_S3#KARWA01#7#1158,Snapshot Safari 2024 Expansion : KAR_S3_KARWA01,0,black-backed jackal,,4,train
https://storage.googleapis.com/public-datasets-lila/snapshotserengeti-unzipped/S5/E05/E05_R1/S5_E05_R1_IMAG2069.JPG,Snapshot Serengeti : S5/E05/E05_R1/S5_E05_R1_IMAG2069,Snapshot Serengeti : SER_S5#E05#1#868,Snapshot Serengeti : E05,2,black-backed jackal,07-09-2012 11:47:08,4,train
https://storage.googleapis.com/public-datasets-lila/snapshot-safari-2024-expansion/MTZ/MTZ_S2/F05/F05_R2/MTZ_S2_F05_R2_IMAG1538.JPG,Snapshot Safari 2024 Expansion : MTZ/MTZ_S2/F05/F05_R2/MTZ_S2_F05_R2_IMAG1538.JPG,Snapshot Safari 2024 Expansion : MTZ_S2#F05#2#1538,Snapshot Safari 2024 Expansion : MTZ_S2_F05,0,black-backed jackal,,4,train
https://storage.googleapis.com/public-datasets-lila/snapshot-safari/MTZ/MTZ_public/MTZ_S1/E05/E05_R1/MTZ_S1_E05_R1_IMAG0957.JPG,Snapshot Mountain Zebra : MTZ_S1/E05/E05_R1/MTZ_S1_E05_R1_IMAG0957,Snapshot Mountain Zebra : MTZ_S1#E05#1#957,Snapshot Mountain Zebra : E05,1,black-backed jackal,09-15-2017 04:01:35,4,train
https://storage.googleapis.com/public-datasets-lila/snapshotserengeti-unzipped/S6/C04/C04_R1/S6_C04_R1_IMAG0252.JPG,Snapshot Serengeti : S6/C04/C04_R1/S6_C04_R1_IMAG0252,Snapshot Serengeti : SER_S6#C04#1#84,Snapshot Serengeti : C04,3,black-backed jackal,11-27-2012 18:08:51,4,train
https://storage.googleapis.com/public-datasets-lila/snapshot-safari-2024-expansion/MTZ/MTZ_S2/C08/C08_R2/MTZ_S2_C08_R2_IMAG0193.JPG,Snapshot Safari 2024 Expansion : MTZ/MTZ_S2/C08/C08_R2/MTZ_S2_C08_R2_IMAG0193.JPG,Snapshot Safari 2024 Expansion : MTZ_S2#C08#2#193,Snapshot Safari 2024 Expansion : MTZ_S2_C08,0,black-backed jackal,,4,val
https://storage.googleapis.com/public-datasets-lila/snapshotserengeti-unzipped/SER_S11/L06/L06_R2/SER_S11_L06_R2_IMAG0437.JPG,Snapshot Serengeti : SER_S11/L06/L06_R2/SER_S11_L06_R2_IMAG0437,Snapshot Serengeti : SER_S11#L06#2#210,Snapshot Serengeti : L06,1,black-backed jackal,11-17-2015 14:24:15,4,train
https://storage.googleapis.com/public-datasets-lila/snapshot-safari-2024-expansion/MTZ/MTZ_S1/D07/D07_R1/MTZ_S1_D07_R1_IMAG2366.JPG,Snapshot Safari 2024 Expansion : MTZ/MTZ_S1/D07/D07_R1/MTZ_S1_D07_R1_IMAG2366.JPG,Snapshot Safari 2024 Expansion : MTZ_S1#D07#1#2366,Snapshot Safari 2024 Expansion : MTZ_S1_D07,0,black-backed jackal,,4,test
https://storage.googleapis.com/public-datasets-lila/snapshot-safari-2024-expansion/CDB/CDB_S3/B07/B07_R4/CDB_S3_B07_R4_IMAG0376.JPG,Snapshot Safari 2024 Expansion : CDB/CDB_S3/B07/B07_R4/CDB_S3_B07_R4_IMAG0376.JPG,Snapshot Safari 2024 Expansion : CDB_S3#B07#4#230,Snapshot Safari 2024 Expansion : CDB_S3_B07,0,black-backed jackal,,4,val
https://storage.googleapis.com/public-datasets-lila/desert-lion-camera-traps/annotated-imgs/canis mesomelas/Camera Trap/Hoanib/X25cave/27Feb12/PvL_seq_29440df8-86ac-468d-9f6f-4850b76f2be8/PICT0028.JPG,Desert Lion Conservation Camera Traps : canis mesomelas/Camera Trap/Hoanib/X25cave/27Feb12/PvL_seq_29440df8-86ac-468d-9f6f-4850b76f2be8/PICT0028.JPG,Desert Lion Conservation Camera Traps : unknown,Desert Lion Conservation Camera Traps : unknown,-1,black-backed jackal,,4,train
https://storage.googleapis.com/public-datasets-lila/snapshotserengeti-unzipped/S1/E05/E05_R4/S1_E05_R4_PICT0923.JPG,Snapshot Serengeti : S1/E05/E05_R4/S1_E05_R4_PICT0923,Snapshot Serengeti : SER_S1#E05#4#309,Snapshot Serengeti : E05,1,black-backed jackal,09-16-2010 20:01:28,4,train
https://storage.googleapis.com/public-datasets-lila/snapshot-safari-2024-expansion/KAR/KAR_S3/KARWA01/KARWA01_R7/KAR_S3_KARWA01_R7_IMAG0018.JPG,Snapshot Safari 2024 Expansion : KAR/KAR_S3/KARWA01/KARWA01_R7/KAR_S3_KARWA01_R7_IMAG0018.JPG,Snapshot Safari 2024 Expansion : KAR_S3#KARWA01#7#6,Snapshot Safari 2024 Expansion : KAR_S3_KARWA01,2,black-backed jackal,,4,train
https://storage.googleapis.com/public-datasets-lila/snapshotserengeti-unzipped/S9/N06/N06_R3/S9_N06_R3_IMAG0930.JPG,Snapshot Serengeti : S9/N06/N06_R3/S9_N06_R3_IMAG0930,Snapshot Serengeti : SER_S9#N06#3#355,Snapshot Serengeti : N06,2,black-backed jackal,02-03-2015 09:36:09,4,train
https://storage.googleapis.com/public-datasets-lila/desert-lion-camera-traps/annotated-imgs/canis mesomelas/Camera Trap/North/Ganias/2013/08/PvL_seq_263154c2-7602-4105-8004-474d6116d4ab/PICT9454.JPG,Desert Lion Conservation Camera Traps : canis mesomelas/Camera Trap/North/Ganias/2013/08/PvL_seq_263154c2-7602-4105-8004-474d6116d4ab/PICT9454.JPG,Desert Lion Conservation Camera Traps : unknown,Desert Lion Conservation Camera Traps : unknown,-1,black-backed jackal,,4,train
https://storage.googleapis.com/public-datasets-lila/snapshot-safari-2024-expansion/MTZ/MTZ_S4/D03/D03_R9/MTZ_S4_D03_R9_IMAG0375.JPG,Snapshot Safari 2024 Expansion : MTZ/MTZ_S4/D03/D03_R9/MTZ_S4_D03_R9_IMAG0375.JPG,Snapshot Safari 2024 Expansion : MTZ_S4#D03#9#125,Snapshot Safari 2024 Expansion : MTZ_S4_D03,2,black-backed jackal,,4,val
https://storage.googleapis.com/public-datasets-lila/snapshot-safari/KAR/KAR_public/KAR_S1/B02/B02_R1/KAR_S1_B02_R1_IMAG0966.JPG,Snapshot Karoo : KAR_S1/B02/B02_R1/KAR_S1_B02_R1_IMAG0966,Snapshot Karoo : KAR_S1#B02#1#369,Snapshot Karoo : B02,2,black-backed jackal,01-26-2018 16:27:27,4,train
https://storage.googleapis.com/public-datasets-lila/snapshot-safari-2024-expansion/KAR/KAR_S2/K01/K01_R5/KAR_S2_K01_R5_IMAG5716.JPG,Snapshot Safari 2024 Expansion : KAR/KAR_S2/K01/K01_R5/KAR_S2_K01_R5_IMAG5716.JPG,Snapshot Safari 2024 Expansion : KAR_S2#K01#5#1906,Snapshot Safari 2024 Expansion : KAR_S2_K01,0,black-backed jackal,,4,test
https://storage.googleapis.com/public-datasets-lila/snapshot-safari-2024-expansion/MTZ/MTZ_S2/C08/C08_R4/MTZ_S2_C08_R4_IMAG0188.JPG,Snapshot Safari 2024 Expansion : MTZ/MTZ_S2/C08/C08_R4/MTZ_S2_C08_R4_IMAG0188.JPG,Snapshot Safari 2024 Expansion : MTZ_S2#C08#4#112,Snapshot Safari 2024 Expansion : MTZ_S2_C08,2,black-backed jackal,,4,val
https://storage.googleapis.com/public-datasets-lila/snapshot-safari-2024-expansion/KAR/KAR_S2/K01/K01_R5/KAR_S2_K01_R5_IMAG5695.JPG,Snapshot Safari 2024 Expansion : KAR/KAR_S2/K01/K01_R5/KAR_S2_K01_R5_IMAG5695.JPG,Snapshot Safari 2024 Expansion : KAR_S2#K01#5#1899,Snapshot Safari 2024 Expansion : KAR_S2_K01,0,black-backed jackal,,4,test
https://storage.googleapis.com/public-datasets-lila/snapshot-safari-2024-expansion/KAR/KAR_S2/F02/F02_R6/KAR_S2_F02_R6_IMAG0263.JPG,Snapshot Safari 2024 Expansion : KAR/KAR_S2/F02/F02_R6/KAR_S2_F02_R6_IMAG0263.JPG,Snapshot Safari 2024 Expansion : KAR_S2#F02#6#97,Snapshot Safari 2024 Expansion : KAR_S2_F02,2,black-backed jackal,,4,train
https://storage.googleapis.com/public-datasets-lila/snapshot-safari-2024-expansion/Snapshot South Africa/MLP/MLP_S1/F04/F04_R1/MLP_S1_F04_R1_IMAG0104.JPG,Snapshot Safari 2024 Expansion : Snapshot South Africa/MLP/MLP_S1/F04/F04_R1/MLP_S1_F04_R1_IMAG0104.JPG,Snapshot Safari 2024 Expansion : MLP_S1#F04#1#67,Snapshot Safari 2024 Expansion : MLP_S1_F04,1,black-backed jackal,,4,train
https://storage.googleapis.com/public-datasets-lila/snapshot-safari-2024-expansion/KAR/KAR_S2/D03/D03_R2/KAR_S2_D03_R2_IMAG0453.JPG,Snapshot Safari 2024 Expansion : KAR/KAR_S2/D03/D03_R2/KAR_S2_D03_R2_IMAG0453.JPG,Snapshot Safari 2024 Expansion : KAR_S2#D03#2#185,Snapshot Safari 2024 Expansion : KAR_S2_D03,2,black-backed jackal,,4,train
https://storage.googleapis.com/public-datasets-lila/snapshotserengeti-unzipped/S1/U11/U11_R1/S1_U11_R1_PICT0168.JPG,Snapshot Serengeti : S1/U11/U11_R1/S1_U11_R1_PICT0168,Snapshot Serengeti : SER_S1#U11#1#57,Snapshot Serengeti : U11,3,black-backed jackal,09-27-2010 16:23:20,4,val
https://storage.googleapis.com/public-datasets-lila/snapshot-safari/CDB/CDB_public/CDB_S1/F03/F03_R1/CDB_S1_F03_R1_IMAG0026.JPG,Snapshot Camdeboo : CDB_S1/F03/F03_R1/CDB_S1_F03_R1_IMAG0026,Snapshot Camdeboo : CDB_S1#F03#1#14,Snapshot Camdeboo : F03,1,black-backed jackal,,4,train
https://storage.googleapis.com/public-datasets-lila/wcs-unzipped/animals/0335/0651.jpg,WCS Camera Traps : 417623cc-92d5-11e9-bf9a-000d3a74c7de,WCS Camera Traps : ken-016-d0008-44,WCS Camera Traps : 1302,4,black-backed jackal,01-23-2013 23:25:59,4,train
https://storage.googleapis.com/public-datasets-lila/snapshotserengeti-unzipped/S2/M10/M10_R1/S2_M10_R1_PICT0060.JPG,Snapshot Serengeti : S2/M10/M10_R1/S2_M10_R1_PICT0060,Snapshot Serengeti : SER_S2#M10#1#7,Snapshot Serengeti : M10,1,black-backed jackal,03-24-2011 06:25:42,4,train
https://storage.googleapis.com/public-datasets-lila/snapshot-safari-2024-expansion/TSW/TSW_S1/KB03/KB03_R2/TSW_S1_KB03_R2_IMAG0709.JPG,Snapshot Safari 2024 Expansion : TSW/TSW_S1/KB03/KB03_R2/TSW_S1_KB03_R2_IMAG0709.JPG,Snapshot Safari 2024 Expansion : TSW_S1#KB03#2#278,Snapshot Safari 2024 Expansion : TSW_S1_KB03,1,black-backed jackal,,4,train
https://storage.googleapis.com/public-datasets-lila/snapshot-safari-2024-expansion/TSW/TSW_S1/KB07/KB07_R2/TSW_S1_KB07_R2_IMAG0203.JPG,Snapshot Safari 2024 Expansion : TSW/TSW_S1/KB07/KB07_R2/TSW_S1_KB07_R2_IMAG0203.JPG,Snapshot Safari 2024 Expansion : TSW_S1#KB07#2#124,Snapshot Safari 2024 Expansion : TSW_S1_KB07,1,black-backed jackal,,4,train
https://storage.googleapis.com/public-datasets-lila/snapshotserengeti-unzipped/S1/K09/K09_R1/S1_K09_R1_PICT5099.JPG,Snapshot Serengeti : S1/K09/K09_R1/S1_K09_R1_PICT5099,Snapshot Serengeti : SER_S1#K09#1#1002,Snapshot Serengeti : K09,1,black-backed jackal,10-04-2010 11:52:56,4,train
https://storage.googleapis.com/public-datasets-lila/snapshot-safari-2024-expansion/KGA/KGA_S4/KGAB02/KGAB02_R5/KGA_S4_KGAB02_R5_IMAG0663.JPG,Snapshot Safari 2024 Expansion : KGA/KGA_S4/KGAB02/KGAB02_R5/KGA_S4_KGAB02_R5_IMAG0663.JPG,Snapshot Safari 2024 Expansion : KGA_S4#KGAB02#5#231,Snapshot Safari 2024 Expansion : KGA_S4_KGAB02,2,black-backed jackal,,4,train
https://storage.googleapis.com/public-datasets-lila/snapshot-safari-2024-expansion/KAR/KAR_S2/B02/B02_R2/KAR_S2_B02_R2_IMAG0623.JPG,Snapshot Safari 2024 Expansion : KAR/KAR_S2/B02/B02_R2/KAR_S2_B02_R2_IMAG0623.JPG,Snapshot Safari 2024 Expansion : KAR_S2#B02#2#261,Snapshot Safari 2024 Expansion : KAR_S2_B02,0,black-backed jackal,,4,val
https://storage.googleapis.com/public-datasets-lila/snapshot-safari-2024-expansion/TSW/TSW_S3/KA07/KA07_R7/TSW_S3_KA07_R7_IMAG0833.JPG,Snapshot Safari 2024 Expansion : TSW/TSW_S3/KA07/KA07_R7/TSW_S3_KA07_R7_IMAG0833.JPG,Snapshot Safari 2024 Expansion : TSW_S3#KA07#7#347,Snapshot Safari 2024 Expansion : TSW_S3_KA07,0,black-backed jackal,,4,train
https://storage.googleapis.com/public-datasets-lila/snapshotserengeti-unzipped/S10/N05/N05_R1/S10_N05_R1_IMAG0053.JPG,Snapshot Serengeti : S10/N05/N05_R1/S10_N05_R1_IMAG0053,Snapshot Serengeti : SER_S10#N05#1#23,Snapshot Serengeti : N05,2,black-backed jackal,12-07-2014 10:25:44,4,train
https://storage.googleapis.com/public-datasets-lila/snapshot-safari-2024-expansion/TSW/TSW_S1/KB05/KB05_R2/TSW_S1_KB05_R2_IMAG0047.JPG,Snapshot Safari 2024 Expansion : TSW/TSW_S1/KB05/KB05_R2/TSW_S1_KB05_R2_IMAG0047.JPG,Snapshot Safari 2024 Expansion : TSW_S1#KB05#2#23,Snapshot Safari 2024 Expansion : TSW_S1_KB05,0,black-backed jackal,,4,val
https://storage.googleapis.com/public-datasets-lila/snapshotserengeti-unzipped/S9/N09/N09_R2/S9_N09_R2_IMAG0305.JPG,Snapshot Serengeti : S9/N09/N09_R2/S9_N09_R2_IMAG0305,Snapshot Serengeti : SER_S9#N09#2#109,Snapshot Serengeti : N09,1,black-backed jackal,10-25-2014 14:46:06,4,train
https://storage.googleapis.com/public-datasets-lila/snapshot-safari-2024-expansion/PLN/PLN_S3a/B05/B05_R8/PLN_S3a_B05_R8_IMAG0282.JPG,Snapshot Safari 2024 Expansion : PLN/PLN_S3a/B05/B05_R8/PLN_S3a_B05_R8_IMAG0282.JPG,Snapshot Safari 2024 Expansion : PLN_S3a#B05#8#150,Snapshot Safari 2024 Expansion : PLN_S3A_B05,2,black-backed jackal,,4,train
https://storage.googleapis.com/public-datasets-lila/desert-lion-camera-traps/annotated-imgs/canis mesomelas/Camera Trap2/PvL_seq_31be84f2-d13f-48e1-acda-b574bf62e662/CDY_0143.JPG,Desert Lion Conservation Camera Traps : canis mesomelas/Camera Trap2/PvL_seq_31be84f2-d13f-48e1-acda-b574bf62e662/CDY_0143.JPG,Desert Lion Conservation Camera Traps : unknown,Desert Lion Conservation Camera Traps : unknown,-1,black-backed jackal,,4,train
https://storage.googleapis.com/public-datasets-lila/snapshot-safari-2024-expansion/KGA/KGA_S3/KGAB08/KGAB08_R3/KGA_S3_KGAB08_R3_IMAG0124.JPG,Snapshot Safari 2024 Expansion : KGA/KGA_S3/KGAB08/KGAB08_R3/KGA_S3_KGAB08_R3_IMAG0124.JPG,Snapshot Safari 2024 Expansion : KGA_S3#KGAB08#3#64,Snapshot Safari 2024 Expansion : KGA_S3_KGAB08,0,black-backed jackal,,4,train
https://storage.googleapis.com/public-datasets-lila/snapshot-safari-2024-expansion/KAR/KAR_S3/KARWA04/KARWA04_R7/KAR_S3_KARWA04_R7_IMAG4688.JPG,Snapshot Safari 2024 Expansion : KAR/KAR_S3/KARWA04/KARWA04_R7/KAR_S3_KARWA04_R7_IMAG4688.JPG,Snapshot Safari 2024 Expansion : KAR_S3#KARWA04#7#1563,Snapshot Safari 2024 Expansion : KAR_S3_KARWA04,1,black-backed jackal,,4,train
https://storage.googleapis.com/public-datasets-lila/snapshot-safari-2024-expansion/SER/SER_S12/J12/J12_R2/SER_S12_J12_R2_IMAG2858.JPG,Snapshot Safari 2024 Expansion : SER/SER_S12/J12/J12_R2/SER_S12_J12_R2_IMAG2858.JPG,Snapshot Safari 2024 Expansion : SER_S12#J12#2#966,Snapshot Safari 2024 Expansion : SER_S12_J12,0,black-backed jackal,,4,train
https://storage.googleapis.com/public-datasets-lila/snapshot-safari-2024-expansion/KAR/KAR_S3/KARWA04/KARWA04_R7/KAR_S3_KARWA04_R7_IMAG5102.JPG,Snapshot Safari 2024 Expansion : KAR/KAR_S3/KARWA04/KARWA04_R7/KAR_S3_KARWA04_R7_IMAG5102.JPG,Snapshot Safari 2024 Expansion : KAR_S3#KARWA04#7#1701,Snapshot Safari 2024 Expansion : KAR_S3_KARWA04,1,black-backed jackal,,4,train
https://storage.googleapis.com/public-datasets-lila/snapshot-safari-2024-expansion/Snapshot South Africa/MLP/MLP_S1/D03/D03_R3/MLP_S1_D03_R3_IMAG0474.JPG,Snapshot Safari 2024 Expansion : Snapshot South Africa/MLP/MLP_S1/D03/D03_R3/MLP_S1_D03_R3_IMAG0474.JPG,Snapshot Safari 2024 Expansion : MLP_S1#D03#3#158,Snapshot Safari 2024 Expansion : MLP_S1_D03,2,black-backed jackal,,4,train
https://storage.googleapis.com/public-datasets-lila/snapshot-safari-2024-expansion/MTZ/MTZ_S3/D03/D03_R8/MTZ_S3_D03_R8_IMAG0030.JPG,Snapshot Safari 2024 Expansion : MTZ/MTZ_S3/D03/D03_R8/MTZ_S3_D03_R8_IMAG0030.JPG,Snapshot Safari 2024 Expansion : MTZ_S3#D03#8#10,Snapshot Safari 2024 Expansion : MTZ_S3_D03,2,black-backed jackal,,4,train
https://storage.googleapis.com/public-datasets-lila/snapshotserengeti-unzipped/S10/K09/K09_R1/S10_K09_R1_IMAG0934.JPG,Snapshot Serengeti : S10/K09/K09_R1/S10_K09_R1_IMAG0934,Snapshot Serengeti : SER_S10#K09#1#368,Snapshot Serengeti : K09,1,black-backed jackal,01-08-2015 11:15:09,4,train
https://storage.googleapis.com/public-datasets-lila/snapshotserengeti-unzipped/SER_S11/M09/M09_R1/SER_S11_M09_R1_IMAG4653.JPG,Snapshot Serengeti : SER_S11/M09/M09_R1/SER_S11_M09_R1_IMAG4653,Snapshot Serengeti : SER_S11#M09#1#1686,Snapshot Serengeti : M09,2,black-backed jackal,09-05-2015 15:39:19,4,train
https://storage.googleapis.com/public-datasets-lila/snapshotserengeti-unzipped/SER_S11/J10/J10_R2/SER_S11_J10_R2_IMAG0373.JPG,Snapshot Serengeti : SER_S11/J10/J10_R2/SER_S11_J10_R2_IMAG0373,Snapshot Serengeti : SER_S11#J10#2#146,Snapshot Serengeti : J10,3,black-backed jackal,09-27-2015 15:28:22,4,train
https://storage.googleapis.com/public-datasets-lila/snapshot-safari-2024-expansion/KAR/KAR_S2/K04/K04_R6/KAR_S2_K04_R6_IMAG0919.JPG,Snapshot Safari 2024 Expansion : KAR/KAR_S2/K04/K04_R6/KAR_S2_K04_R6_IMAG0919.JPG,Snapshot Safari 2024 Expansion : KAR_S2#K04#6#307,Snapshot Safari 2024 Expansion : KAR_S2_K04,0,black-backed jackal,,4,test
https://storage.googleapis.com/public-datasets-lila/snapshot-safari-2024-expansion/RUA/RUA_S1/ML36/ML36_R1/RUA_S1_ML36_R1_IMAG4195.JPG,Snapshot Safari 2024 Expansion : RUA/RUA_S1/ML36/ML36_R1/RUA_S1_ML36_R1_IMAG4195.JPG,Snapshot Safari 2024 Expansion : RUA_S1#ML36#1#4195,Snapshot Safari 2024 Expansion : RUA_S1_ML36,0,black-backed jackal,,4,train
https://storage.googleapis.com/public-datasets-lila/snapshot-safari-2024-expansion/PLN/PLN_S2/D02/D02_R4/PLN_S2_D02_R4_IMAG0102.JPG,Snapshot Safari 2024 Expansion : PLN/PLN_S2/D02/D02_R4/PLN_S2_D02_R4_IMAG0102.JPG,Snapshot Safari 2024 Expansion : PLN_S2#D02#4#62,Snapshot Safari 2024 Expansion : PLN_S2_D02,0,black-backed jackal,,4,train
https://storage.googleapis.com/public-datasets-lila/wcs-unzipped/animals/0016/1080.jpg,WCS Camera Traps : cd0c83c4-92d4-11e9-aa72-000d3a74c7de,WCS Camera Traps : ken-004-d0019-19,WCS Camera Traps : 308,3,black-backed jackal,11-23-2010 01:28:40,4,test
https://storage.googleapis.com/public-datasets-lila/snapshotserengeti-unzipped/S4/N13/N13_R2/S4_N13_R2_IMAG4935.JPG,Snapshot Serengeti : S4/N13/N13_R2/S4_N13_R2_IMAG4935,Snapshot Serengeti : SER_S4#N13#2#1739,Snapshot Serengeti : N13,1,black-backed jackal,03-12-2012 06:23:56,4,train
https://storage.googleapis.com/public-datasets-lila/desert-lion-camera-traps/annotated-imgs/canis mesomelas/Camera Trap/North/Mowe/16212/PvL_seq_c6b7550d-2977-4717-a754-1f7d0e76b4c1/PICT0183.JPG,Desert Lion Conservation Camera Traps : canis mesomelas/Camera Trap/North/Mowe/16212/PvL_seq_c6b7550d-2977-4717-a754-1f7d0e76b4c1/PICT0183.JPG,Desert Lion Conservation Camera Traps : unknown,Desert Lion Conservation Camera Traps : unknown,-1,black-backed jackal,,4,train
https://storage.googleapis.com/public-datasets-lila/desert-lion-camera-traps/annotated-imgs/canis mesomelas/Camera Trap/Hoanib/Hnb_N_Gorge/2012/10/PvL_seq_64a3bfed-d1d1-4090-b370-be18d246a310/PICT0004.JPG,Desert Lion Conservation Camera Traps : canis mesomelas/Camera Trap/Hoanib/Hnb_N_Gorge/2012/10/PvL_seq_64a3bfed-d1d1-4090-b370-be18d246a310/PICT0004.JPG,Desert Lion Conservation Camera Traps : unknown,Desert Lion Conservation Camera Traps : unknown,-1,black-backed jackal,,4,train
https://storage.googleapis.com/public-datasets-lila/snapshot-safari-2024-expansion/Snapshot Cameo/DEB/DEB_S1/I3/I3_R37/DEB_S1_I3_R37_IMAG0310.JPG,Snapshot Safari 2024 Expansion : Snapshot Cameo/DEB/DEB_S1/I3/I3_R37/DEB_S1_I3_R37_IMAG0310.JPG,Snapshot Safari 2024 Expansion : DEB_S1#I3#37#310,Snapshot Safari 2024 Expansion : DEB_S1_I3,0,black-backed jackal,,4,val
https://storage.googleapis.com/public-datasets-lila/snapshot-safari-2024-expansion/TSW/TSW_S2/KD02/KD02_R3/TSW_S2_KD02_R3_IMAG0005.JPG,Snapshot Safari 2024 Expansion : TSW/TSW_S2/KD02/KD02_R3/TSW_S2_KD02_R3_IMAG0005.JPG,Snapshot Safari 2024 Expansion : TSW_S2#KD02#3#2,Snapshot Safari 2024 Expansion : TSW_S2_KD02,1,black-backed jackal,,4,val
https://storage.googleapis.com/public-datasets-lila/snapshot-safari-2024-expansion/MTZ/MTZ_S4/C08/C08_R10/MTZ_S4_C08_R10_IMAG0027.JPG,Snapshot Safari 2024 Expansion : MTZ/MTZ_S4/C08/C08_R10/MTZ_S4_C08_R10_IMAG0027.JPG,Snapshot Safari 2024 Expansion : MTZ_S4#C08#10#9,Snapshot Safari 2024 Expansion : MTZ_S4_C08,2,black-backed jackal,,4,train
https://storage.googleapis.com/public-datasets-lila/snapshotserengeti-unzipped/S2/J09/J09_R1/S2_J09_R1_PICT0138.JPG,Snapshot Serengeti : S2/J09/J09_R1/S2_J09_R1_PICT0138,Snapshot Serengeti : SER_S2#J09#1#47,Snapshot Serengeti : J09,2,black-backed jackal,02-23-2011 03:53:43,4,train
https://storage.googleapis.com/public-datasets-lila/snapshot-safari-2024-expansion/Snapshot South Africa/MLP/MLP_S2/E02/E02_R5/MLP_S2_E02_R5_IMAG0065.JPG,Snapshot Safari 2024 Expansion : Snapshot South Africa/MLP/MLP_S2/E02/E02_R5/MLP_S2_E02_R5_IMAG0065.JPG,Snapshot Safari 2024 Expansion : MLP_S2#E02#5#22,Snapshot Safari 2024 Expansion : MLP_S2_E02,1,black-backed jackal,,4,val
https://storage.googleapis.com/public-datasets-lila/snapshot-safari-2024-expansion/MTZ/MTZ_S2/C08/C08_R4/MTZ_S2_C08_R4_IMAG0143.JPG,Snapshot Safari 2024 Expansion : MTZ/MTZ_S2/C08/C08_R4/MTZ_S2_C08_R4_IMAG0143.JPG,Snapshot Safari 2024 Expansion : MTZ_S2#C08#4#87,Snapshot Safari 2024 Expansion : MTZ_S2_C08,0,black-backed jackal,,4,val
https://storage.googleapis.com/public-datasets-lila/desert-lion-camera-traps/annotated-imgs/canis mesomelas/Camera Trap/Hoanib/Hnb_N_Gorge/2012/11/PvL_seq_5e6fc0d7-59b7-4e1b-b419-a65835ef33b7/PICT0054.JPG,Desert Lion Conservation Camera Traps : canis mesomelas/Camera Trap/Hoanib/Hnb_N_Gorge/2012/11/PvL_seq_5e6fc0d7-59b7-4e1b-b419-a65835ef33b7/PICT0054.JPG,Desert Lion Conservation Camera Traps : unknown,Desert Lion Conservation Camera Traps : unknown,-1,black-backed jackal,,4,train
https://storage.googleapis.com/public-datasets-lila/snapshot-safari-2024-expansion/KAR/KAR_S1/B02/B02_R1/KAR_S1_B02_R1_IMAG0961.JPG,Snapshot Safari 2024 Expansion : KAR/KAR_S1/B02/B02_R1/KAR_S1_B02_R1_IMAG0961.JPG,Snapshot Safari 2024 Expansion : KAR_S1#B02#1#367,Snapshot Safari 2024 Expansion : KAR_S1_B02,2,black-backed jackal,,4,train
https://storage.googleapis.com/public-datasets-lila/snapshot-safari-2024-expansion/MTZ/MTZ_S1/C08/C08_R3/MTZ_S1_C08_R3_IMAG0158.JPG,Snapshot Safari 2024 Expansion : MTZ/MTZ_S1/C08/C08_R3/MTZ_S1_C08_R3_IMAG0158.JPG,Snapshot Safari 2024 Expansion : MTZ_S1#C08#3#102,Snapshot Safari 2024 Expansion : MTZ_S1_C08,0,black-backed jackal,,4,test
https://storage.googleapis.com/public-datasets-lila/desert-lion-camera-traps/annotated-imgs/canis mesomelas/Camera Trap/Hoanib/X25cave/14Mar12/PvL_seq_633fd38c-7b83-43aa-aa23-b0660d76fb5b/PICT0035.JPG,Desert Lion Conservation Camera Traps : canis mesomelas/Camera Trap/Hoanib/X25cave/14Mar12/PvL_seq_633fd38c-7b83-43aa-aa23-b0660d76fb5b/PICT0035.JPG,Desert Lion Conservation Camera Traps : unknown,Desert Lion Conservation Camera Traps : unknown,-1,black-backed jackal,,4,train
https://storage.googleapis.com/public-datasets-lila/snapshotserengeti-unzipped/S6/I12/I12_R1/S6_I12_R1_IMAG2149.JPG,Snapshot Serengeti : S6/I12/I12_R1/S6_I12_R1_IMAG2149,Snapshot Serengeti : SER_S6#I12#1#741,Snapshot Serengeti : I12,3,black-backed jackal,01-25-2013 08:27:05,4,train
https://storage.googleapis.com/public-datasets-lila/snapshot-safari-2024-expansion/Snapshot South Africa/MLP/MLP_S3/D03/D03_R6/MLP_S3_D03_R6_IMAG0194.JPG,Snapshot Safari 2024 Expansion : Snapshot South Africa/MLP/MLP_S3/D03/D03_R6/MLP_S3_D03_R6_IMAG0194.JPG,Snapshot Safari 2024 Expansion : MLP_S3#D03#6#65,Snapshot Safari 2024 Expansion : MLP_S3_D03,1,black-backed jackal,,4,train
https://storage.googleapis.com/public-datasets-lila/desert-lion-camera-traps/annotated-imgs/canis mesomelas/Camera Trap/2015/09/PvL_seq_8be8a735-edbc-49bf-829d-577f4934dd96/20150923-RCX_0595.JPG,Desert Lion Conservation Camera Traps : canis mesomelas/Camera Trap/2015/09/PvL_seq_8be8a735-edbc-49bf-829d-577f4934dd96/20150923-RCX_0595.JPG,Desert Lion Conservation Camera Traps : unknown,Desert Lion Conservation Camera Traps : unknown,-1,black-backed jackal,,4,train
https://storage.googleapis.com/public-datasets-lila/snapshot-safari/MTZ/MTZ_public/MTZ_S1/C06/C06_R1/MTZ_S1_C06_R1_IMAG0502.JPG,Snapshot Mountain Zebra : MTZ_S1/C06/C06_R1/MTZ_S1_C06_R1_IMAG0502,Snapshot Mountain Zebra : MTZ_S1#C06#1#483,Snapshot Mountain Zebra : C06,1,black-backed jackal,09-06-2017 05:06:00,4,train
https://storage.googleapis.com/public-datasets-lila/snapshotserengeti-unzipped/S10/N05/N05_R1/S10_N05_R1_IMAG0107.JPG,Snapshot Serengeti : S10/N05/N05_R1/S10_N05_R1_IMAG0107,Snapshot Serengeti : SER_S10#N05#1#44,Snapshot Serengeti : N05,1,black-backed jackal,12-12-2014 08:42:48,4,train
https://storage.googleapis.com/public-datasets-lila/snapshot-safari-2024-expansion/KRU/KRU_S2/20/20_R3/KRU_S2_20_R3_IMAG0085.JPG,Snapshot Safari 2024 Expansion : KRU/KRU_S2/20/20_R3/KRU_S2_20_R3_IMAG0085.JPG,Snapshot Safari 2024 Expansion : KRU_S2#20#3#34,Snapshot Safari 2024 Expansion : KRU_S2_20,0,black-backed jackal,,4,train
https://storage.googleapis.com/public-datasets-lila/snapshot-safari/CDB/CDB_public/CDB_S1/B06/B06_R1/CDB_S1_B06_R1_IMAG0071.JPG,Snapshot Camdeboo : CDB_S1/B06/B06_R1/CDB_S1_B06_R1_IMAG0071,Snapshot Camdeboo : CDB_S1#B06#1#40,Snapshot Camdeboo : B06,2,black-backed jackal,,4,train
https://storage.googleapis.com/public-datasets-lila/snapshot-safari-2024-expansion/PLN/PLN_S2/A02/A02_R4/PLN_S2_A02_R4_IMAG0154.JPG,Snapshot Safari 2024 Expansion : PLN/PLN_S2/A02/A02_R4/PLN_S2_A02_R4_IMAG0154.JPG,Snapshot Safari 2024 Expansion : PLN_S2#A02#4#109,Snapshot Safari 2024 Expansion : PLN_S2_A02,1,black-backed jackal,,4,test
https://storage.googleapis.com/public-datasets-lila/snapshot-safari-2024-expansion/KAR/KAR_S3/KARWA01/KARWA01_R7/KAR_S3_KARWA01_R7_IMAG1568.JPG,Snapshot Safari 2024 Expansion : KAR/KAR_S3/KARWA01/KARWA01_R7/KAR_S3_KARWA01_R7_IMAG1568.JPG,Snapshot Safari 2024 Expansion : KAR_S3#KARWA01#7#523,Snapshot Safari 2024 Expansion : KAR_S3_KARWA01,1,black-backed jackal,,4,train
https://storage.googleapis.com/public-datasets-lila/snapshot-safari-2024-expansion/KGA/KGA_S3/KGAB08/KGAB08_R3/KGA_S3_KGAB08_R3_IMAG0053.JPG,Snapshot Safari 2024 Expansion : KGA/KGA_S3/KGAB08/KGAB08_R3/KGA_S3_KGAB08_R3_IMAG0053.JPG,Snapshot Safari 2024 Expansion : KGA_S3#KGAB08#3#29,Snapshot Safari 2024 Expansion : KGA_S3_KGAB08,0,black-backed jackal,,4,train
https://storage.googleapis.com/public-datasets-lila/snapshotserengeti-unzipped/S10/M09/M09_R1/S10_M09_R1_IMAG1278.JPG,Snapshot Serengeti : S10/M09/M09_R1/S10_M09_R1_IMAG1278,Snapshot Serengeti : SER_S10#M09#1#550,Snapshot Serengeti : M09,1,black-backed jackal,01-08-2015 21:45:29,4,train
https://storage.googleapis.com/public-datasets-lila/snapshot-safari-2024-expansion/KAR/KAR_S2/K04/K04_R5/KAR_S2_K04_R5_IMAG6796.JPG,Snapshot Safari 2024 Expansion : KAR/KAR_S2/K04/K04_R5/KAR_S2_K04_R5_IMAG6796.JPG,Snapshot Safari 2024 Expansion : KAR_S2#K04#5#2267,Snapshot Safari 2024 Expansion : KAR_S2_K04,0,black-backed jackal,,4,test
https://storage.googleapis.com/public-datasets-lila/snapshot-safari-2024-expansion/KAR/KAR_S3/KARWA04/KARWA04_R7/KAR_S3_KARWA04_R7_IMAG4731.JPG,Snapshot Safari 2024 Expansion : KAR/KAR_S3/KARWA04/KARWA04_R7/KAR_S3_KARWA04_R7_IMAG4731.JPG,Snapshot Safari 2024 Expansion : KAR_S3#KARWA04#7#1577,Snapshot Safari 2024 Expansion : KAR_S3_KARWA04,2,black-backed jackal,,4,train
https://storage.googleapis.com/public-datasets-lila/snapshot-safari-2024-expansion/TSW/TSW_S2/KB07/KB07_R3/TSW_S2_KB07_R3_IMAG0160.JPG,Snapshot Safari 2024 Expansion : TSW/TSW_S2/KB07/KB07_R3/TSW_S2_KB07_R3_IMAG0160.JPG,Snapshot Safari 2024 Expansion : TSW_S2#KB07#3#92,Snapshot Safari 2024 Expansion : TSW_S2_KB07,0,black-backed jackal,,4,train
https://storage.googleapis.com/public-datasets-lila/snapshot-safari-2024-expansion/MAD/MAD_S2/B06/B06_R5/MAD_S2_B06_R5_IMAG0044.JPG,Snapshot Safari 2024 Expansion : MAD/MAD_S2/B06/B06_R5/MAD_S2_B06_R5_IMAG0044.JPG,Snapshot Safari 2024 Expansion : MAD_S2#B06#5#15,Snapshot Safari 2024 Expansion : MAD_S2_B06,1,black-backed jackal,,4,val
https://storage.googleapis.com/public-datasets-lila/snapshot-safari-2024-expansion/Snapshot South Africa/MLP/MLP_S2/E05/E05_R5/MLP_S2_E05_R5_IMAG0040.JPG,Snapshot Safari 2024 Expansion : Snapshot South Africa/MLP/MLP_S2/E05/E05_R5/MLP_S2_E05_R5_IMAG0040.JPG,Snapshot Safari 2024 Expansion : MLP_S2#E05#5#14,Snapshot Safari 2024 Expansion : MLP_S2_E05,0,black-backed jackal,,4,train
https://storage.googleapis.com/public-datasets-lila/snapshotserengeti-unzipped/S2/S11/S11_R1/S2_S11_R1_PICT0778.JPG,Snapshot Serengeti : S2/S11/S11_R1/S2_S11_R1_PICT0778,Snapshot Serengeti : SER_S2#S11#1#260,Snapshot Serengeti : S11,3,black-backed jackal,02-19-2011 18:58:40,4,test
https://storage.googleapis.com/public-datasets-lila/snapshot-safari-2024-expansion/MTZ/MTZ_S3/D03/D03_R8/MTZ_S3_D03_R8_IMAG0478.JPG,Snapshot Safari 2024 Expansion : MTZ/MTZ_S3/D03/D03_R8/MTZ_S3_D03_R8_IMAG0478.JPG,Snapshot Safari 2024 Expansion : MTZ_S3#D03#8#160,Snapshot Safari 2024 Expansion : MTZ_S3_D03,0,black-backed jackal,,4,train
https://storage.googleapis.com/public-datasets-lila/snapshot-safari-2024-expansion/KAR/KAR_S2/E02/E02_R3/KAR_S2_E02_R3_IMAG1149.JPG,Snapshot Safari 2024 Expansion : KAR/KAR_S2/E02/E02_R3/KAR_S2_E02_R3_IMAG1149.JPG,Snapshot Safari 2024 Expansion : KAR_S2#E02#3#467,Snapshot Safari 2024 Expansion : KAR_S2_E02,2,black-backed jackal,,4,train
https://storage.googleapis.com/public-datasets-lila/snapshot-safari-2024-expansion/MTZ/MTZ_S1/C08/C08_R3/MTZ_S1_C08_R3_IMAG0085.JPG,Snapshot Safari 2024 Expansion : MTZ/MTZ_S1/C08/C08_R3/MTZ_S1_C08_R3_IMAG0085.JPG,Snapshot Safari 2024 Expansion : MTZ_S1#C08#3#51,Snapshot Safari 2024 Expansion : MTZ_S1_C08,0,black-backed jackal,,4,test
https://storage.googleapis.com/public-datasets-lila/snapshot-safari-2024-expansion/KAR/KAR_S2/K04/K04_R6/KAR_S2_K04_R6_IMAG0916.JPG,Snapshot Safari 2024 Expansion : KAR/KAR_S2/K04/K04_R6/KAR_S2_K04_R6_IMAG0916.JPG,Snapshot Safari 2024 Expansion : KAR_S2#K04#6#306,Snapshot Safari 2024 Expansion : KAR_S2_K04,0,black-backed jackal,,4,test
https://storage.googleapis.com/public-datasets-lila/snapshotserengeti-unzipped/S7/S13/S13_R1/S7_S13_R1_IMAG0869.JPG,Snapshot Serengeti : S7/S13/S13_R1/S7_S13_R1_IMAG0869,Snapshot Serengeti : SER_S7#S13#1#346,Snapshot Serengeti : S13,2,black-backed jackal,06-24-2013 10:45:41,4,train
https://storage.googleapis.com/public-datasets-lila/snapshot-safari-2024-expansion/KGA/KGA_S2/KGAB01/KGAB01_R1/KGA_S2_KGAB01_R1_IMAG0154.JPG,Snapshot Safari 2024 Expansion : KGA/KGA_S2/KGAB01/KGAB01_R1/KGA_S2_KGAB01_R1_IMAG0154.JPG,Snapshot Safari 2024 Expansion : KGA_S2#KGAB01#1#58,Snapshot Safari 2024 Expansion : KGA_S2_KGAB01,0,black-backed jackal,,4,train
https://storage.googleapis.com/public-datasets-lila/snapshot-safari-2024-expansion/MTZ/MTZ_S1/G04/G04_R1/MTZ_S1_G04_R1_IMAG1084.JPG,Snapshot Safari 2024 Expansion : MTZ/MTZ_S1/G04/G04_R1/MTZ_S1_G04_R1_IMAG1084.JPG,Snapshot Safari 2024 Expansion : MTZ_S1#G04#1#1048,Snapshot Safari 2024 Expansion : MTZ_S1_G04,0,black-backed jackal,,4,val
https://storage.googleapis.com/public-datasets-lila/snapshot-safari-2024-expansion/MTZ/MTZ_S2/D03/D03_R2/MTZ_S2_D03_R2_IMAG0527.JPG,Snapshot Safari 2024 Expansion : MTZ/MTZ_S2/D03/D03_R2/MTZ_S2_D03_R2_IMAG0527.JPG,Snapshot Safari 2024 Expansion : MTZ_S2#D03#2#527,Snapshot Safari 2024 Expansion : MTZ_S2_D03,0,black-backed jackal,,4,test
https://storage.googleapis.com/public-datasets-lila/snapshotserengeti-unzipped/S10/J03/J03_R2/S10_J03_R2_IMAG1438.JPG,Snapshot Serengeti : S10/J03/J03_R2/S10_J03_R2_IMAG1438,Snapshot Serengeti : SER_S10#J03#2#600,Snapshot Serengeti : J03,1,black-backed jackal,05-23-2015 02:38:59,4,train
https://storage.googleapis.com/public-datasets-lila/snapshot-safari-2024-expansion/KAR/KAR_S1/B02/B02_R1/KAR_S1_B02_R1_IMAG0932.JPG,Snapshot Safari 2024 Expansion : KAR/KAR_S1/B02/B02_R1/KAR_S1_B02_R1_IMAG0932.JPG,Snapshot Safari 2024 Expansion : KAR_S1#B02#1#358,Snapshot Safari 2024 Expansion : KAR_S1_B02,0,black-backed jackal,,4,train
https://storage.googleapis.com/public-datasets-lila/snapshotserengeti-unzipped/S1/K06/K06_R1/S1_K06_R1_PICT2160.JPG,Snapshot Serengeti : S1/K06/K06_R1/S1_K06_R1_PICT2160,Snapshot Serengeti : SER_S1#K06#1#721,Snapshot Serengeti : K06,2,black-backed jackal,08-02-2010 09:41:22,4,train
https://storage.googleapis.com/public-datasets-lila/snapshot-safari-2024-expansion/CDB/CDB_S3/B07/B07_R5/CDB_S3_B07_R5_IMAG0301.JPG,Snapshot Safari 2024 Expansion : CDB/CDB_S3/B07/B07_R5/CDB_S3_B07_R5_IMAG0301.JPG,Snapshot Safari 2024 Expansion : CDB_S3#B07#5#165,Snapshot Safari 2024 Expansion : CDB_S3_B07,0,black-backed jackal,,4,val
https://storage.googleapis.com/public-datasets-lila/snapshot-safari-2024-expansion/TSW/TSW_S2/KC03/KC03_R3/TSW_S2_KC03_R3_IMAG5571.JPG,Snapshot Safari 2024 Expansion : TSW/TSW_S2/KC03/KC03_R3/TSW_S2_KC03_R3_IMAG5571.JPG,Snapshot Safari 2024 Expansion : TSW_S2#KC03#3#1911,Snapshot Safari 2024 Expansion : TSW_S2_KC03,0,black-backed jackal,,4,train
https://storage.googleapis.com/public-datasets-lila/snapshot-safari-2024-expansion/LEC/LEC_S1/K29/K29_R2/LEC_S1_K29_R2_IMAG0115.JPG,Snapshot Safari 2024 Expansion : LEC/LEC_S1/K29/K29_R2/LEC_S1_K29_R2_IMAG0115.JPG,Snapshot Safari 2024 Expansion : LEC_S1#K29#2#52,Snapshot Safari 2024 Expansion : LEC_S1_K29,1,black-backed jackal,,4,train
https://storage.googleapis.com/public-datasets-lila/snapshotserengeti-unzipped/S5/E04/E04_R3/S5_E04_R3_IMAG0088.JPG,Snapshot Serengeti : S5/E04/E04_R3/S5_E04_R3_IMAG0088,Snapshot Serengeti : SER_S5#E04#3#34,Snapshot Serengeti : E04,1,black-backed jackal,10-11-2012 22:23:06,4,train
https://storage.googleapis.com/public-datasets-lila/wcs-unzipped/animals/0415/0971.jpg,WCS Camera Traps : 5e8f4430-92d5-11e9-9877-000d3a74c7de,WCS Camera Traps : ken-017-d0060-49,WCS Camera Traps : 2958,1,black-backed jackal,02-16-2015 07:12:40,4,train
https://storage.googleapis.com/public-datasets-lila/snapshot-safari-2024-expansion/MTZ/MTZ_S2/E06/E06_R2/MTZ_S2_E06_R2_IMAG1700.JPG,Snapshot Safari 2024 Expansion : MTZ/MTZ_S2/E06/E06_R2/MTZ_S2_E06_R2_IMAG1700.JPG,Snapshot Safari 2024 Expansion : MTZ_S2#E06#2#1700,Snapshot Safari 2024 Expansion : MTZ_S2_E06,0,black-backed jackal,,4,train
https://storage.googleapis.com/public-datasets-lila/desert-lion-camera-traps/annotated-imgs/canis mesomelas/Camera Trap2/PvL_seq_327b096f-e22b-4612-92f8-f785d914a658/SUNP1212.JPG,Desert Lion Conservation Camera Traps : canis mesomelas/Camera Trap2/PvL_seq_327b096f-e22b-4612-92f8-f785d914a658/SUNP1212.JPG,Desert Lion Conservation Camera Traps : unknown,Desert Lion Conservation Camera Traps : unknown,-1,black-backed jackal,,4,train
https://storage.googleapis.com/public-datasets-lila/snapshot-safari-2024-expansion/Snapshot South Africa/MLP/MLP_S2/E05/E05_R4/MLP_S2_E05_R4_IMAG0066.JPG,Snapshot Safari 2024 Expansion : Snapshot South Africa/MLP/MLP_S2/E05/E05_R4/MLP_S2_E05_R4_IMAG0066.JPG,Snapshot Safari 2024 Expansion : MLP_S2#E05#4#22,Snapshot Safari 2024 Expansion : MLP_S2_E05,2,black-backed jackal,,4,train
https://storage.googleapis.com/public-datasets-lila/snapshot-safari-2024-expansion/MTZ/MTZ_S2/E08/E08_R6/MTZ_S2_E08_R6_IMAG0116.JPG,Snapshot Safari 2024 Expansion : MTZ/MTZ_S2/E08/E08_R6/MTZ_S2_E08_R6_IMAG0116.JPG,Snapshot Safari 2024 Expansion : MTZ_S2#E08#6#39,Snapshot Safari 2024 Expansion : MTZ_S2_E08,1,black-backed jackal,,4,train
https://storage.googleapis.com/public-datasets-lila/desert-lion-camera-traps/annotated-imgs/canis mesomelas/Camera Trap2/PvL_seq_881a849f-02af-41de-8a72-3ca1a95c7638/SUNP0098-3.JPG,Desert Lion Conservation Camera Traps : canis mesomelas/Camera Trap2/PvL_seq_881a849f-02af-41de-8a72-3ca1a95c7638/SUNP0098-3.JPG,Desert Lion Conservation Camera Traps : unknown,Desert Lion Conservation Camera Traps : unknown,-1,black-backed jackal,,4,train
https://storage.googleapis.com/public-datasets-lila/snapshot-safari-2024-expansion/KGA/KGA_S3/KGAA07/KGAA07_R3/KGA_S3_KGAA07_R3_IMAG0041.JPG,Snapshot Safari 2024 Expansion : KGA/KGA_S3/KGAA07/KGAA07_R3/KGA_S3_KGAA07_R3_IMAG0041.JPG,Snapshot Safari 2024 Expansion : KGA_S3#KGAA07#3#21,Snapshot Safari 2024 Expansion : KGA_S3_KGAA07,0,black-backed jackal,,4,train
https://storage.googleapis.com/public-datasets-lila/snapshotserengeti-unzipped/S9/M06/M06_R4/S9_M06_R4_IMAG1850.JPG,Snapshot Serengeti : S9/M06/M06_R4/S9_M06_R4_IMAG1850,Snapshot Serengeti : SER_S9#M06#4#624,Snapshot Serengeti : M06,1,black-backed jackal,12-12-2014 01:45:23,4,train
https://storage.googleapis.com/public-datasets-lila/snapshotserengeti-unzipped/S10/M06/M06_R2/S10_M06_R2_IMAG1313.JPG,Snapshot Serengeti : S10/M06/M06_R2/S10_M06_R2_IMAG1313,Snapshot Serengeti : SER_S10#M06#2#483,Snapshot Serengeti : M06,3,black-backed jackal,05-27-2015 18:39:11,4,train
https://storage.googleapis.com/public-datasets-lila/desert-lion-camera-traps/annotated-imgs/canis mesomelas/Camera Trap/North/Okongwe_Water/2011/01/PvL_seq_440e5d80-2b12-4874-b3e3-0b8225cc8df7/20110131-PICT4257.JPG,Desert Lion Conservation Camera Traps : canis mesomelas/Camera Trap/North/Okongwe_Water/2011/01/PvL_seq_440e5d80-2b12-4874-b3e3-0b8225cc8df7/20110131-PICT4257.JPG,Desert Lion Conservation Camera Traps : unknown,Desert Lion Conservation Camera Traps : unknown,-1,black-backed jackal,,4,train
https://storage.googleapis.com/public-datasets-lila/snapshotserengeti-unzipped/SER_S11/M09/M09_R1/SER_S11_M09_R1_IMAG0954.JPG,Snapshot Serengeti : SER_S11/M09/M09_R1/SER_S11_M09_R1_IMAG0954,Snapshot Serengeti : SER_S11#M09#1#335,Snapshot Serengeti : M09,2,black-backed jackal,07-22-2015 18:23:53,4,train
https://storage.googleapis.com/public-datasets-lila/snapshot-safari-2024-expansion/CDB/CDB_S3/B07/B07_R5/CDB_S3_B07_R5_IMAG0202.JPG,Snapshot Safari 2024 Expansion : CDB/CDB_S3/B07/B07_R5/CDB_S3_B07_R5_IMAG0202.JPG,Snapshot Safari 2024 Expansion : CDB_S3#B07#5#108,Snapshot Safari 2024 Expansion : CDB_S3_B07,2,black-backed jackal,,4,val
https://storage.googleapis.com/public-datasets-lila/snapshot-safari-2024-expansion/KAR/KAR_S3/C01/C01_R8/KAR_S3_C01_R8_IMAG1145.JPG,Snapshot Safari 2024 Expansion : KAR/KAR_S3/C01/C01_R8/KAR_S3_C01_R8_IMAG1145.JPG,Snapshot Safari 2024 Expansion : KAR_S3#C01#8#397,Snapshot Safari 2024 Expansion : KAR_S3_C01,2,black-backed jackal,,4,train
https://storage.googleapis.com/public-datasets-lila/snapshot-safari-2024-expansion/MTZ/MTZ_S3/F05/F05_R8/MTZ_S3_F05_R8_IMAG0823.JPG,Snapshot Safari 2024 Expansion : MTZ/MTZ_S3/F05/F05_R8/MTZ_S3_F05_R8_IMAG0823.JPG,Snapshot Safari 2024 Expansion : MTZ_S3#F05#8#275,Snapshot Safari 2024 Expansion : MTZ_S3_F05,0,black-backed jackal,,4,train
https://storage.googleapis.com/public-datasets-lila/snapshot-safari-2024-expansion/KAR/KAR_S3/KARWA04/KARWA04_R7/KAR_S3_KARWA04_R7_IMAG4482.JPG,Snapshot Safari 2024 Expansion : KAR/KAR_S3/KARWA04/KARWA04_R7/KAR_S3_KARWA04_R7_IMAG4482.JPG,Snapshot Safari 2024 Expansion : KAR_S3#KARWA04#7#1494,Snapshot Safari 2024 Expansion : KAR_S3_KARWA04,2,black-backed jackal,,4,train
https://storage.googleapis.com/public-datasets-lila/snapshot-safari-2024-expansion/KAR/KAR_S3/KARWA04/KARWA04_R7/KAR_S3_KARWA04_R7_IMAG5025.JPG,Snapshot Safari 2024 Expansion : KAR/KAR_S3/KARWA04/KARWA04_R7/KAR_S3_KARWA04_R7_IMAG5025.JPG,Snapshot Safari 2024 Expansion : KAR_S3#KARWA04#7#1675,Snapshot Safari 2024 Expansion : KAR_S3_KARWA04,2,black-backed jackal,,4,train
https://storage.googleapis.com/public-datasets-lila/snapshotserengeti-unzipped/S9/R12/R12_R1/S9_R12_R1_IMAG0079.JPG,Snapshot Serengeti : S9/R12/R12_R1/S9_R12_R1_IMAG0079,Snapshot Serengeti : SER_S9#R12#1#29,Snapshot Serengeti : R12,2,black-backed jackal,05-08-2014 17:19:49,4,train
https://storage.googleapis.com/public-datasets-lila/snapshot-safari-2024-expansion/KAR/KAR_S2/F03/F03_R2/KAR_S2_F03_R2_IMAG0207.JPG,Snapshot Safari 2024 Expansion : KAR/KAR_S2/F03/F03_R2/KAR_S2_F03_R2_IMAG0207.JPG,Snapshot Safari 2024 Expansion : KAR_S2#F03#2#81,Snapshot Safari 2024 Expansion : KAR_S2_F03,0,black-backed jackal,,4,train
https://storage.googleapis.com/public-datasets-lila/desert-lion-camera-traps/annotated-imgs/canis mesomelas/Camera Trap/Hoanib/FldPln_Arch/2013/10/PvL_seq_ac5b6ac0-eb1a-46f9-b7a3-b7692e1d88ec/PICT0043.JPG,Desert Lion Conservation Camera Traps : canis mesomelas/Camera Trap/Hoanib/FldPln_Arch/2013/10/PvL_seq_ac5b6ac0-eb1a-46f9-b7a3-b7692e1d88ec/PICT0043.JPG,Desert Lion Conservation Camera Traps : unknown,Desert Lion Conservation Camera Traps : unknown,-1,black-backed jackal,,4,train
https://storage.googleapis.com/public-datasets-lila/snapshotserengeti-unzipped/S6/C04/C04_R1/S6_C04_R1_IMAG0251.JPG,Snapshot Serengeti : S6/C04/C04_R1/S6_C04_R1_IMAG0251,Snapshot Serengeti : SER_S6#C04#1#84,Snapshot Serengeti : C04,2,black-backed jackal,11-27-2012 18:08:51,4,train
https://storage.googleapis.com/public-datasets-lila/snapshot-safari-2024-expansion/KAR/KAR_S1/B01/B01_R1/KAR_S1_B01_R1_IMAG3836.JPG,Snapshot Safari 2024 Expansion : KAR/KAR_S1/B01/B01_R1/KAR_S1_B01_R1_IMAG3836.JPG,Snapshot Safari 2024 Expansion : KAR_S1#B01#1#1570,Snapshot Safari 2024 Expansion : KAR_S1_B01,2,black-backed jackal,,4,val
https://storage.googleapis.com/public-datasets-lila/snapshot-safari-2024-expansion/SER/SER_S12/L10/L10_R2/SER_S12_L10_R2_IMAG0468.JPG,Snapshot Safari 2024 Expansion : SER/SER_S12/L10/L10_R2/SER_S12_L10_R2_IMAG0468.JPG,Snapshot Safari 2024 Expansion : SER_S12#L10#2#162,Snapshot Safari 2024 Expansion : SER_S12_L10,0,black-backed jackal,,4,test
https://storage.googleapis.com/public-datasets-lila/snapshot-safari-2024-expansion/KAR/KAR_S1/B02/B02_R1/KAR_S1_B02_R1_IMAG0933.JPG,Snapshot Safari 2024 Expansion : KAR/KAR_S1/B02/B02_R1/KAR_S1_B02_R1_IMAG0933.JPG,Snapshot Safari 2024 Expansion : KAR_S1#B02#1#358,Snapshot Safari 2024 Expansion : KAR_S1_B02,1,black-backed jackal,,4,train
https://storage.googleapis.com/public-datasets-lila/desert-lion-camera-traps/annotated-imgs/canis mesomelas/Camera Trap/Hoanib/Hnb_N_Gorge/14Mar12/PvL_seq_57c90127-010e-4265-9a6c-52c616ddab31/PICT0039.JPG,Desert Lion Conservation Camera Traps : canis mesomelas/Camera Trap/Hoanib/Hnb_N_Gorge/14Mar12/PvL_seq_57c90127-010e-4265-9a6c-52c616ddab31/PICT0039.JPG,Desert Lion Conservation Camera Traps : unknown,Desert Lion Conservation Camera Traps : unknown,-1,black-backed jackal,,4,train
https://storage.googleapis.com/public-datasets-lila/snapshot-safari-2024-expansion/MTZ/MTZ_S2/C08/C08_R4/MTZ_S2_C08_R4_IMAG0163.JPG,Snapshot Safari 2024 Expansion : MTZ/MTZ_S2/C08/C08_R4/MTZ_S2_C08_R4_IMAG0163.JPG,Snapshot Safari 2024 Expansion : MTZ_S2#C08#4#102,Snapshot Safari 2024 Expansion : MTZ_S2_C08,1,black-backed jackal,,4,val
https://storage.googleapis.com/public-datasets-lila/snapshot-safari-2024-expansion/KAR/KAR_S1/B02/B02_R1/KAR_S1_B02_R1_IMAG0941.JPG,Snapshot Safari 2024 Expansion : KAR/KAR_S1/B02/B02_R1/KAR_S1_B02_R1_IMAG0941.JPG,Snapshot Safari 2024 Expansion : KAR_S1#B02#1#361,Snapshot Safari 2024 Expansion : KAR_S1_B02,0,black-backed jackal,,4,train
https://storage.googleapis.com/public-datasets-lila/snapshot-safari-2024-expansion/Snapshot Cameo/DEB/DEB_S1/C2/C2_R22/DEB_S1_C2_R22_IMAG0076.JPG,Snapshot Safari 2024 Expansion : Snapshot Cameo/DEB/DEB_S1/C2/C2_R22/DEB_S1_C2_R22_IMAG0076.JPG,Snapshot Safari 2024 Expansion : DEB_S1#C2#22#76,Snapshot Safari 2024 Expansion : DEB_S1_C2,0,black-backed jackal,,4,val
https://storage.googleapis.com/public-datasets-lila/wcs-unzipped/animals/0373/1903.jpg,WCS Camera Traps : 4f7838b3-92d5-11e9-920e-000d3a74c7de,WCS Camera Traps : ken-014-d0124-59,WCS Camera Traps : 2746,1,black-backed jackal,09-12-2009 07:24:34,4,train
https://storage.googleapis.com/public-datasets-lila/snapshotserengeti-unzipped/S9/R10/R10_R3/S9_R10_R3_IMAG3802.JPG,Snapshot Serengeti : S9/R10/R10_R3/S9_R10_R3_IMAG3802,Snapshot Serengeti : SER_S9#R10#3#1289,Snapshot Serengeti : R10,1,black-backed jackal,12-03-2014 20:18:11,4,test
https://storage.googleapis.com/public-datasets-lila/desert-lion-camera-traps/annotated-imgs/canis mesomelas/Camera Trap/Hoanib/FldPln_Arch/14Mar12/PvL_seq_0bb30cdc-1129-466d-a0cf-4122091fc15d/PICT0025.JPG,Desert Lion Conservation Camera Traps : canis mesomelas/Camera Trap/Hoanib/FldPln_Arch/14Mar12/PvL_seq_0bb30cdc-1129-466d-a0cf-4122091fc15d/PICT0025.JPG,Desert Lion Conservation Camera Traps : unknown,Desert Lion Conservation Camera Traps : unknown,-1,black-backed jackal,,4,train
https://storage.googleapis.com/public-datasets-lila/snapshotserengeti-unzipped/S9/M09/M09_R2/S9_M09_R2_IMAG1305.JPG,Snapshot Serengeti : S9/M09/M09_R2/S9_M09_R2_IMAG1305,Snapshot Serengeti : SER_S9#M09#2#475,Snapshot Serengeti : M09,1,black-backed jackal,10-25-2014 02:40:02,4,train
https://storage.googleapis.com/public-datasets-lila/snapshot-safari-2024-expansion/KGA/KGA_S2/KGAB02/KGAB02_R1/KGA_S2_KGAB02_R1_IMAG0247.JPG,Snapshot Safari 2024 Expansion : KGA/KGA_S2/KGAB02/KGAB02_R1/KGA_S2_KGAB02_R1_IMAG0247.JPG,Snapshot Safari 2024 Expansion : KGA_S2#KGAB02#1#89,Snapshot Safari 2024 Expansion : KGA_S2_KGAB02,0,black-backed jackal,,4,train
https://storage.googleapis.com/public-datasets-lila/snapshot-safari-2024-expansion/KAR/KAR_S2/C01/C01_R4/KAR_S2_C01_R4_IMAG0043.JPG,Snapshot Safari 2024 Expansion : KAR/KAR_S2/C01/C01_R4/KAR_S2_C01_R4_IMAG0043.JPG,Snapshot Safari 2024 Expansion : KAR_S2#C01#4#17,Snapshot Safari 2024 Expansion : KAR_S2_C01,0,black-backed jackal,,4,train
https://storage.googleapis.com/public-datasets-lila/desert-lion-camera-traps/annotated-imgs/canis mesomelas/Camera Trap2/PvL_seq_7b476501-27a6-41e2-a9a2-61a7033d15e0/PICT0299.JPG,Desert Lion Conservation Camera Traps : canis mesomelas/Camera Trap2/PvL_seq_7b476501-27a6-41e2-a9a2-61a7033d15e0/PICT0299.JPG,Desert Lion Conservation Camera Traps : unknown,Desert Lion Conservation Camera Traps : unknown,-1,black-backed jackal,,4,train
https://storage.googleapis.com/public-datasets-lila/snapshot-safari-2024-expansion/CDB/CDB_S1/B06/B06_R2/CDB_S1_B06_R2_IMAG0069.JPG,Snapshot Safari 2024 Expansion : CDB/CDB_S1/B06/B06_R2/CDB_S1_B06_R2_IMAG0069.JPG,Snapshot Safari 2024 Expansion : CDB_S1#B06#2#31,Snapshot Safari 2024 Expansion : CDB_S1_B06,2,black-backed jackal,,4,train
https://storage.googleapis.com/public-datasets-lila/snapshotserengeti-unzipped/S9/M06/M06_R4/S9_M06_R4_IMAG2517.JPG,Snapshot Serengeti : S9/M06/M06_R4/S9_M06_R4_IMAG2517,Snapshot Serengeti : SER_S9#M06#4#883,Snapshot Serengeti : M06,1,black-backed jackal,01-11-2015 18:16:07,4,train
https://storage.googleapis.com/public-datasets-lila/snapshot-safari-2024-expansion/KGA/KGA_S1/B08/B08_R1/KGA_S1_B08_R1_IMAG0092.JPG,Snapshot Safari 2024 Expansion : KGA/KGA_S1/B08/B08_R1/KGA_S1_B08_R1_IMAG0092.JPG,Snapshot Safari 2024 Expansion : KGA_S1#B08#1#32,Snapshot Safari 2024 Expansion : KGA_S1_B08,0,black-backed jackal,,4,train
https://storage.googleapis.com/public-datasets-lila/snapshot-safari-2024-expansion/KAR/KAR_S3/KARWA01/KARWA01_R7/KAR_S3_KARWA01_R7_IMAG1530.JPG,Snapshot Safari 2024 Expansion : KAR/KAR_S3/KARWA01/KARWA01_R7/KAR_S3_KARWA01_R7_IMAG1530.JPG,Snapshot Safari 2024 Expansion : KAR_S3#KARWA01#7#510,Snapshot Safari 2024 Expansion : KAR_S3_KARWA01,2,black-backed jackal,,4,train
https://storage.googleapis.com/public-datasets-lila/snapshotserengeti-unzipped/S6/O13/O13_R2/S6_O13_R2_IMAG5471.JPG,Snapshot Serengeti : S6/O13/O13_R2/S6_O13_R2_IMAG5471,Snapshot Serengeti : SER_S6#O13#2#1857,Snapshot Serengeti : O13,1,black-backed jackal,02-24-2013 20:09:24,4,train
https://storage.googleapis.com/public-datasets-lila/snapshot-safari-2024-expansion/MTZ/MTZ_S2/E04/E04_R5/MTZ_S2_E04_R5_IMAG0510.JPG,Snapshot Safari 2024 Expansion : MTZ/MTZ_S2/E04/E04_R5/MTZ_S2_E04_R5_IMAG0510.JPG,Snapshot Safari 2024 Expansion : MTZ_S2#E04#5#510,Snapshot Safari 2024 Expansion : MTZ_S2_E04,0,black-backed jackal,,4,train
https://storage.googleapis.com/public-datasets-lila/desert-lion-camera-traps/annotated-imgs/canis mesomelas/Camera Trap/Events/Gc_Amps/2012/06/PvL_seq_a8bfe232-2565-4905-9925-74e1255d9d44/SUNP0155.JPG,Desert Lion Conservation Camera Traps : canis mesomelas/Camera Trap/Events/Gc_Amps/2012/06/PvL_seq_a8bfe232-2565-4905-9925-74e1255d9d44/SUNP0155.JPG,Desert Lion Conservation Camera Traps : unknown,Desert Lion Conservation Camera Traps : unknown,-1,black-backed jackal,,4,train
https://storage.googleapis.com/public-datasets-lila/snapshotserengeti-unzipped/S7/S13/S13_R1/S7_S13_R1_IMAG0870.JPG,Snapshot Serengeti : S7/S13/S13_R1/S7_S13_R1_IMAG0870,Snapshot Serengeti : SER_S7#S13#1#346,Snapshot Serengeti : S13,3,black-backed jackal,06-24-2013 10:45:41,4,train
https://storage.googleapis.com/public-datasets-lila/desert-lion-camera-traps/annotated-imgs/canis mesomelas/Camera Trap/North/Mowe/41111/PvL_seq_2ef332ca-2393-44bf-a876-780802e0cb33/PICT0072.JPG,Desert Lion Conservation Camera Traps : canis mesomelas/Camera Trap/North/Mowe/41111/PvL_seq_2ef332ca-2393-44bf-a876-780802e0cb33/PICT0072.JPG,Desert Lion Conservation Camera Traps : unknown,Desert Lion Conservation Camera Traps : unknown,-1,black-backed jackal,,4,train
https://storage.googleapis.com/public-datasets-lila/snapshotserengeti-unzipped/S9/O07/O07_R2/S9_O07_R2_IMAG5202.JPG,Snapshot Serengeti : S9/O07/O07_R2/S9_O07_R2_IMAG5202,Snapshot Serengeti : SER_S9#O07#2#1739,Snapshot Serengeti : O07,3,black-backed jackal,09-11-2014 14:38:49,4,train
https://storage.googleapis.com/public-datasets-lila/snapshotserengeti-unzipped/S2/F05/F05_R1/S2_F05_R1_IMAG0092.JPG,Snapshot Serengeti : S2/F05/F05_R1/S2_F05_R1_IMAG0092,Snapshot Serengeti : SER_S2#F05#1#41,Snapshot Serengeti : F05,2,black-backed jackal,04-12-2011 07:04:33,4,train
https://storage.googleapis.com/public-datasets-lila/snapshot-safari-2024-expansion/KAR/KAR_S2/K04/K04_R5/KAR_S2_K04_R5_IMAG0816.JPG,Snapshot Safari 2024 Expansion : KAR/KAR_S2/K04/K04_R5/KAR_S2_K04_R5_IMAG0816.JPG,Snapshot Safari 2024 Expansion : KAR_S2#K04#5#272,Snapshot Safari 2024 Expansion : KAR_S2_K04,2,black-backed jackal,,4,test
https://storage.googleapis.com/public-datasets-lila/snapshotserengeti-unzipped/S9/N06/N06_R3/S9_N06_R3_IMAG0835.JPG,Snapshot Serengeti : S9/N06/N06_R3/S9_N06_R3_IMAG0835,Snapshot Serengeti : SER_S9#N06#3#312,Snapshot Serengeti : N06,2,black-backed jackal,01-19-2015 18:11:24,4,train
https://storage.googleapis.com/public-datasets-lila/snapshotserengeti-unzipped/S9/D13/D13_R3/S9_D13_R3_IMAG1946.JPG,Snapshot Serengeti : S9/D13/D13_R3/S9_D13_R3_IMAG1946,Snapshot Serengeti : SER_S9#D13#3#695,Snapshot Serengeti : D13,1,black-backed jackal,11-13-2014 17:33:30,4,train
https://storage.googleapis.com/public-datasets-lila/snapshot-safari-2024-expansion/TSW/TSW_S2/LD02/LD02_R4/TSW_S2_LD02_R4_IMAG0081.JPG,Snapshot Safari 2024 Expansion : TSW/TSW_S2/LD02/LD02_R4/TSW_S2_LD02_R4_IMAG0081.JPG,Snapshot Safari 2024 Expansion : TSW_S2#LD02#4#36,Snapshot Safari 2024 Expansion : TSW_S2_LD02,1,black-backed jackal,,4,train
https://storage.googleapis.com/public-datasets-lila/snapshot-safari/KAR/KAR_public/KAR_S1/B03/B03_R1/KAR_S1_B03_R1_IMAG0922.JPG,Snapshot Karoo : KAR_S1/B03/B03_R1/KAR_S1_B03_R1_IMAG0922,Snapshot Karoo : KAR_S1#B03#1#342,Snapshot Karoo : B03,1,black-backed jackal,12-20-2017 19:10:58,4,train
https://storage.googleapis.com/public-datasets-lila/snapshot-safari-2024-expansion/MTZ/MTZ_S1/E05/E05_R1/MTZ_S1_E05_R1_IMAG0593.JPG,Snapshot Safari 2024 Expansion : MTZ/MTZ_S1/E05/E05_R1/MTZ_S1_E05_R1_IMAG0593.JPG,Snapshot Safari 2024 Expansion : MTZ_S1#E05#1#593,Snapshot Safari 2024 Expansion : MTZ_S1_E05,0,black-backed jackal,,4,train
https://storage.googleapis.com/public-datasets-lila/snapshot-safari-2024-expansion/SER/SER_S13/J13/J13_R1/SER_S13_J13_R1_IMAG0414.JPG,Snapshot Safari 2024 Expansion : SER/SER_S13/J13/J13_R1/SER_S13_J13_R1_IMAG0414.JPG,Snapshot Safari 2024 Expansion : SER_S13#J13#1#138,Snapshot Safari 2024 Expansion : SER_S13_J13,2,black-backed jackal,,4,train
https://storage.googleapis.com/public-datasets-lila/snapshot-safari-2024-expansion/KAR/KAR_S2/K04/K04_R5/KAR_S2_K04_R5_IMAG7674.JPG,Snapshot Safari 2024 Expansion : KAR/KAR_S2/K04/K04_R5/KAR_S2_K04_R5_IMAG7674.JPG,Snapshot Safari 2024 Expansion : KAR_S2#K04#5#2559,Snapshot Safari 2024 Expansion : KAR_S2_K04,2,black-backed jackal,,4,test
https://storage.googleapis.com/public-datasets-lila/wcs-unzipped/animals/0377/1191.jpg,WCS Camera Traps : 50c5c22c-92d5-11e9-b84c-000d3a74c7de,WCS Camera Traps : ken-014-d0180-60,WCS Camera Traps : 2771,1,black-backed jackal,10-14-2009 09:26:24,4,train
https://storage.googleapis.com/public-datasets-lila/wcs-unzipped/animals/0029/1104.jpg,WCS Camera Traps : d1c50ea2-92d4-11e9-b82c-000d3a74c7de,WCS Camera Traps : ken-004-d0054-264,WCS Camera Traps : 341,2,black-backed jackal,11-10-2010 18:11:23,4,train
https://storage.googleapis.com/public-datasets-lila/snapshot-safari-2024-expansion/CDB/CDB_S3/B06/B06_R5/CDB_S3_B06_R5_IMAG0275.JPG,Snapshot Safari 2024 Expansion : CDB/CDB_S3/B06/B06_R5/CDB_S3_B06_R5_IMAG0275.JPG,Snapshot Safari 2024 Expansion : CDB_S3#B06#5#129,Snapshot Safari 2024 Expansion : CDB_S3_B06,0,black-backed jackal,,4,train
https://storage.googleapis.com/public-datasets-lila/snapshot-safari-2024-expansion/KAR/KAR_S2/E03/E03_R4/KAR_S2_E03_R4_IMAG0050.JPG,Snapshot Safari 2024 Expansion : KAR/KAR_S2/E03/E03_R4/KAR_S2_E03_R4_IMAG0050.JPG,Snapshot Safari 2024 Expansion : KAR_S2#E03#4#22,Snapshot Safari 2024 Expansion : KAR_S2_E03,0,black-backed jackal,,4,val
https://storage.googleapis.com/public-datasets-lila/snapshot-safari-2024-expansion/MTZ/MTZ_S3/C08/C08_R8/MTZ_S3_C08_R8_IMAG0369.JPG,Snapshot Safari 2024 Expansion : MTZ/MTZ_S3/C08/C08_R8/MTZ_S3_C08_R8_IMAG0369.JPG,Snapshot Safari 2024 Expansion : MTZ_S3#C08#8#123,Snapshot Safari 2024 Expansion : MTZ_S3_C08,2,black-backed jackal,,4,train
https://storage.googleapis.com/public-datasets-lila/snapshotserengeti-unzipped/S5/G03/G03_R3/S5_G03_R3_IMAG0629.JPG,Snapshot Serengeti : S5/G03/G03_R3/S5_G03_R3_IMAG0629,Snapshot Serengeti : SER_S5#G03#3#248,Snapshot Serengeti : G03,2,black-backed jackal,11-07-2012 08:22:35,4,train
https://storage.googleapis.com/public-datasets-lila/snapshotserengeti-unzipped/S9/M06/M06_R3/S9_M06_R3_IMAG2642.JPG,Snapshot Serengeti : S9/M06/M06_R3/S9_M06_R3_IMAG2642,Snapshot Serengeti : SER_S9#M06#3#949,Snapshot Serengeti : M06,1,black-backed jackal,10-16-2014 03:48:31,4,train
https://storage.googleapis.com/public-datasets-lila/snapshotserengeti-unzipped/S5/O07/O07_R3/S5_O07_R3_IMAG0651.JPG,Snapshot Serengeti : S5/O07/O07_R3/S5_O07_R3_IMAG0651,Snapshot Serengeti : SER_S5#O07#3#245,Snapshot Serengeti : O07,1,black-backed jackal,12-15-2012 20:17:35,4,train
https://storage.googleapis.com/public-datasets-lila/snapshot-safari/MTZ/MTZ_public/MTZ_S1/C08/C08_R3/MTZ_S1_C08_R3_IMAG0285.JPG,Snapshot Mountain Zebra : MTZ_S1/C08/C08_R3/MTZ_S1_C08_R3_IMAG0285,Snapshot Mountain Zebra : MTZ_S1#C08#3#177,Snapshot Mountain Zebra : C08,1,black-backed jackal,06-06-2018 02:53:58,4,train
https://storage.googleapis.com/public-datasets-lila/desert-lion-camera-traps/annotated-imgs/canis mesomelas/Camera Trap/Hoanib/X25cave/2012/06/PvL_seq_2715fbd5-350d-4bab-a8be-2a911c286415/PICT0176.JPG,Desert Lion Conservation Camera Traps : canis mesomelas/Camera Trap/Hoanib/X25cave/2012/06/PvL_seq_2715fbd5-350d-4bab-a8be-2a911c286415/PICT0176.JPG,Desert Lion Conservation Camera Traps : unknown,Desert Lion Conservation Camera Traps : unknown,-1,black-backed jackal,,4,train
https://storage.googleapis.com/public-datasets-lila/snapshot-safari-2024-expansion/KAR/KAR_S2/K04/K04_R5/KAR_S2_K04_R5_IMAG7397.JPG,Snapshot Safari 2024 Expansion : KAR/KAR_S2/K04/K04_R5/KAR_S2_K04_R5_IMAG7397.JPG,Snapshot Safari 2024 Expansion : KAR_S2#K04#5#2467,Snapshot Safari 2024 Expansion : KAR_S2_K04,1,black-backed jackal,,4,test
https://storage.googleapis.com/public-datasets-lila/wcs-unzipped/animals/0369/1100.jpg,WCS Camera Traps : 4de1461e-92d5-11e9-bd65-000d3a74c7de,WCS Camera Traps : ken-014-d0070-30,WCS Camera Traps : 2720,3,black-backed jackal,08-15-2009 05:33:49,4,train
https://storage.googleapis.com/public-datasets-lila/snapshot-safari-2024-expansion/MTZ/MTZ_S2/C08/C08_R4/MTZ_S2_C08_R4_IMAG0299.JPG,Snapshot Safari 2024 Expansion : MTZ/MTZ_S2/C08/C08_R4/MTZ_S2_C08_R4_IMAG0299.JPG,Snapshot Safari 2024 Expansion : MTZ_S2#C08#4#178,Snapshot Safari 2024 Expansion : MTZ_S2_C08,1,black-backed jackal,,4,val
https://storage.googleapis.com/public-datasets-lila/snapshot-safari-2024-expansion/CDB/CDB_S1/D03/D03_R2/CDB_S1_D03_R2_IMAG0303.JPG,Snapshot Safari 2024 Expansion : CDB/CDB_S1/D03/D03_R2/CDB_S1_D03_R2_IMAG0303.JPG,Snapshot Safari 2024 Expansion : CDB_S1#D03#2#131,Snapshot Safari 2024 Expansion : CDB_S1_D03,2,black-backed jackal,,4,val
https://storage.googleapis.com/public-datasets-lila/snapshot-safari-2024-expansion/KAR/KAR_S2/K04/K04_R5/KAR_S2_K04_R5_IMAG7193.JPG,Snapshot Safari 2024 Expansion : KAR/KAR_S2/K04/K04_R5/KAR_S2_K04_R5_IMAG7193.JPG,Snapshot Safari 2024 Expansion : KAR_S2#K04#5#2399,Snapshot Safari 2024 Expansion : KAR_S2_K04,1,black-backed jackal,,4,test
https://storage.googleapis.com/public-datasets-lila/snapshot-safari-2024-expansion/KAR/KAR_S3/KARWA04/KARWA04_R8/KAR_S3_KARWA04_R8_IMAG1202.JPG,Snapshot Safari 2024 Expansion : KAR/KAR_S3/KARWA04/KARWA04_R8/KAR_S3_KARWA04_R8_IMAG1202.JPG,Snapshot Safari 2024 Expansion : KAR_S3#KARWA04#8#401,Snapshot Safari 2024 Expansion : KAR_S3_KARWA04,1,black-backed jackal,,4,train
https://storage.googleapis.com/public-datasets-lila/snapshot-safari/MTZ/MTZ_public/MTZ_S1/D07/D07_R1/MTZ_S1_D07_R1_IMAG2366.JPG,Snapshot Mountain Zebra : MTZ_S1/D07/D07_R1/MTZ_S1_D07_R1_IMAG2366,Snapshot Mountain Zebra : MTZ_S1#D07#1#2366,Snapshot Mountain Zebra : D07,1,black-backed jackal,11-24-2017 05:56:07,4,train
https://storage.googleapis.com/public-datasets-lila/snapshot-safari-2024-expansion/MTZ/MTZ_S4/D03/D03_R9/MTZ_S4_D03_R9_IMAG0335.JPG,Snapshot Safari 2024 Expansion : MTZ/MTZ_S4/D03/D03_R9/MTZ_S4_D03_R9_IMAG0335.JPG,Snapshot Safari 2024 Expansion : MTZ_S4#D03#9#112,Snapshot Safari 2024 Expansion : MTZ_S4_D03,1,black-backed jackal,,4,val
https://storage.googleapis.com/public-datasets-lila/snapshot-safari-2024-expansion/RUA/RUA_S1/M2/M2_R1/RUA_S1_M2_R1_IMAG0465.JPG,Snapshot Safari 2024 Expansion : RUA/RUA_S1/M2/M2_R1/RUA_S1_M2_R1_IMAG0465.JPG,Snapshot Safari 2024 Expansion : RUA_S1#M2#1#465,Snapshot Safari 2024 Expansion : RUA_S1_M2,0,black-backed jackal,,4,train
https://storage.googleapis.com/public-datasets-lila/snapshotserengeti-unzipped/S5/G03/G03_R3/S5_G03_R3_IMAG0630.JPG,Snapshot Serengeti : S5/G03/G03_R3/S5_G03_R3_IMAG0630,Snapshot Serengeti : SER_S5#G03#3#248,Snapshot Serengeti : G03,3,black-backed jackal,11-07-2012 08:22:35,4,train
https://storage.googleapis.com/public-datasets-lila/snapshot-safari-2024-expansion/KAR/KAR_S3/B02/B02_R7/KAR_S3_B02_R7_IMAG0017.JPG,Snapshot Safari 2024 Expansion : KAR/KAR_S3/B02/B02_R7/KAR_S3_B02_R7_IMAG0017.JPG,Snapshot Safari 2024 Expansion : KAR_S3#B02#7#9,Snapshot Safari 2024 Expansion : KAR_S3_B02,0,black-backed jackal,,4,train
https://storage.googleapis.com/public-datasets-lila/snapshot-safari-2024-expansion/SER/SER_S13/G11/G11_R3/SER_S13_G11_R3_IMAG0264.JPG,Snapshot Safari 2024 Expansion : SER/SER_S13/G11/G11_R3/SER_S13_G11_R3_IMAG0264.JPG,Snapshot Safari 2024 Expansion : SER_S13#G11#3#262,Snapshot Safari 2024 Expansion : SER_S13_G11,0,black-backed jackal,,4,train
https://storage.googleapis.com/public-datasets-lila/snapshotserengeti-unzipped/S6/C04/C04_R2/S6_C04_R2_IMAG0386.JPG,Snapshot Serengeti : S6/C04/C04_R2/S6_C04_R2_IMAG0386,Snapshot Serengeti : SER_S6#C04#2#150,Snapshot Serengeti : C04,1,black-backed jackal,03-21-2013 23:44:05,4,train
https://storage.googleapis.com/public-datasets-lila/snapshot-safari-2024-expansion/Snapshot South Africa/MLP/MLP_S1/E05/E05_R1/MLP_S1_E05_R1_IMAG0011.JPG,Snapshot Safari 2024 Expansion : Snapshot South Africa/MLP/MLP_S1/E05/E05_R1/MLP_S1_E05_R1_IMAG0011.JPG,Snapshot Safari 2024 Expansion : MLP_S1#E05#1#6,Snapshot Safari 2024 Expansion : MLP_S1_E05,1,black-backed jackal,,4,val
https://storage.googleapis.com/public-datasets-lila/snapshot-safari-2024-expansion/MTZ/MTZ_S1/C06/C06_R1/MTZ_S1_C06_R1_IMAG0209.JPG,Snapshot Safari 2024 Expansion : MTZ/MTZ_S1/C06/C06_R1/MTZ_S1_C06_R1_IMAG0209.JPG,Snapshot Safari 2024 Expansion : MTZ_S1#C06#1#190,Snapshot Safari 2024 Expansion : MTZ_S1_C06,0,black-backed jackal,,4,train
https://storage.googleapis.com/public-datasets-lila/snapshot-safari-2024-expansion/KAR/KAR_S2/K04/K04_R5/KAR_S2_K04_R5_IMAG7198.JPG,Snapshot Safari 2024 Expansion : KAR/KAR_S2/K04/K04_R5/KAR_S2_K04_R5_IMAG7198.JPG,Snapshot Safari 2024 Expansion : KAR_S2#K04#5#2401,Snapshot Safari 2024 Expansion : KAR_S2_K04,0,black-backed jackal,,4,test
https://storage.googleapis.com/public-datasets-lila/snapshot-safari-2024-expansion/Snapshot South Africa/MLP/MLP_S3/F05/F05_R6/MLP_S3_F05_R6_IMAG0019.JPG,Snapshot Safari 2024 Expansion : Snapshot South Africa/MLP/MLP_S3/F05/F05_R6/MLP_S3_F05_R6_IMAG0019.JPG,Snapshot Safari 2024 Expansion : MLP_S3#F05#6#7,Snapshot Safari 2024 Expansion : MLP_S3_F05,0,black-backed jackal,,4,train
https://storage.googleapis.com/public-datasets-lila/desert-lion-camera-traps/annotated-imgs/canis mesomelas/Camera Trap2/PvL_seq_5d679dad-092e-4407-8a99-1a7f6824fee9/SUNP1218.JPG,Desert Lion Conservation Camera Traps : canis mesomelas/Camera Trap2/PvL_seq_5d679dad-092e-4407-8a99-1a7f6824fee9/SUNP1218.JPG,Desert Lion Conservation Camera Traps : unknown,Desert Lion Conservation Camera Traps : unknown,-1,black-backed jackal,,4,train
https://storage.googleapis.com/public-datasets-lila/snapshot-safari-2024-expansion/Snapshot South Africa/MLP/MLP_S1/E05/E05_R1/MLP_S1_E05_R1_IMAG0943.JPG,Snapshot Safari 2024 Expansion : Snapshot South Africa/MLP/MLP_S1/E05/E05_R1/MLP_S1_E05_R1_IMAG0943.JPG,Snapshot Safari 2024 Expansion : MLP_S1#E05#1#463,Snapshot Safari 2024 Expansion : MLP_S1_E05,0,black-backed jackal,,4,val
https://storage.googleapis.com/public-datasets-lila/snapshot-safari-2024-expansion/TSW/TSW_S1/KC07/KC07_R2/TSW_S1_KC07_R2_IMAG0026.JPG,Snapshot Safari 2024 Expansion : TSW/TSW_S1/KC07/KC07_R2/TSW_S1_KC07_R2_IMAG0026.JPG,Snapshot Safari 2024 Expansion : TSW_S1#KC07#2#16,Snapshot Safari 2024 Expansion : TSW_S1_KC07,0,black-backed jackal,,4,train
https://storage.googleapis.com/public-datasets-lila/snapshot-safari-2024-expansion/SER/SER_S13/B05/B05_R2/SER_S13_B05_R2_IMAG0279.JPG,Snapshot Safari 2024 Expansion : SER/SER_S13/B05/B05_R2/SER_S13_B05_R2_IMAG0279.JPG,Snapshot Safari 2024 Expansion : SER_S13#B05#2#277,Snapshot Safari 2024 Expansion : SER_S13_B05,0,black-backed jackal,,4,val
https://storage.googleapis.com/public-datasets-lila/snapshotserengeti-unzipped/S4/S13/S13_R2/S4_S13_R2_IMAG0495.JPG,Snapshot Serengeti : S4/S13/S13_R2/S4_S13_R2_IMAG0495,Snapshot Serengeti : SER_S4#S13#2#172,Snapshot Serengeti : S13,2,black-backed jackal,02-22-2012 09:04:52,4,train
https://storage.googleapis.com/public-datasets-lila/desert-lion-camera-traps/annotated-imgs/canis mesomelas/Camera Trap/Events/Uniab_Lower_Pp/PvL_seq_f4e3ca2a-c3e0-4b0f-93d3-923b7e104b1c/IM000060.JPG,Desert Lion Conservation Camera Traps : canis mesomelas/Camera Trap/Events/Uniab_Lower_Pp/PvL_seq_f4e3ca2a-c3e0-4b0f-93d3-923b7e104b1c/IM000060.JPG,Desert Lion Conservation Camera Traps : unknown,Desert Lion Conservation Camera Traps : unknown,-1,black-backed jackal,,4,train
https://storage.googleapis.com/public-datasets-lila/snapshot-safari-2024-expansion/MTZ/MTZ_S2/D04/D04_R4/MTZ_S2_D04_R4_IMAG0039.JPG,Snapshot Safari 2024 Expansion : MTZ/MTZ_S2/D04/D04_R4/MTZ_S2_D04_R4_IMAG0039.JPG,Snapshot Safari 2024 Expansion : MTZ_S2#D04#4#39,Snapshot Safari 2024 Expansion : MTZ_S2_D04,0,black-backed jackal,,4,train
https://storage.googleapis.com/public-datasets-lila/desert-lion-camera-traps/annotated-imgs/canis mesomelas/Camera Trap/Events/Gc_Amps/2012/06/PvL_seq_0efdbc84-d841-453c-9b02-78cc27156e6e/SUNP0469.JPG,Desert Lion Conservation Camera Traps : canis mesomelas/Camera Trap/Events/Gc_Amps/2012/06/PvL_seq_0efdbc84-d841-453c-9b02-78cc27156e6e/SUNP0469.JPG,Desert Lion Conservation Camera Traps : unknown,Desert Lion Conservation Camera Traps : unknown,-1,black-backed jackal,,4,train
https://storage.googleapis.com/public-datasets-lila/snapshotserengeti-unzipped/S5/N12/N12_R1/S5_N12_R1_IMAG0611.JPG,Snapshot Serengeti : S5/N12/N12_R1/S5_N12_R1_IMAG0611,Snapshot Serengeti : SER_S5#N12#1#231,Snapshot Serengeti : N12,2,black-backed jackal,06-04-2012 16:06:21,4,train
https://storage.googleapis.com/public-datasets-lila/snapshot-safari-2024-expansion/MTZ/MTZ_S2/D05/D05_R5/MTZ_S2_D05_R5_IMAG1244.JPG,Snapshot Safari 2024 Expansion : MTZ/MTZ_S2/D05/D05_R5/MTZ_S2_D05_R5_IMAG1244.JPG,Snapshot Safari 2024 Expansion : MTZ_S2#D05#5#1244,Snapshot Safari 2024 Expansion : MTZ_S2_D05,0,black-backed jackal,,4,train
https://storage.googleapis.com/public-datasets-lila/snapshot-safari-2024-expansion/MAD/MAD_S1/MAD06/MAD06_R4/MAD_S1_MAD06_R4_IMAG2628.JPG,Snapshot Safari 2024 Expansion : MAD/MAD_S1/MAD06/MAD06_R4/MAD_S1_MAD06_R4_IMAG2628.JPG,Snapshot Safari 2024 Expansion : MAD_S1#MAD06#4#876,Snapshot Safari 2024 Expansion : MAD_S1_MAD06,2,black-backed jackal,,4,train
https://storage.googleapis.com/public-datasets-lila/snapshot-safari-2024-expansion/KAR/KAR_S3/KARWA04/KARWA04_R7/KAR_S3_KARWA04_R7_IMAG4232.JPG,Snapshot Safari 2024 Expansion : KAR/KAR_S3/KARWA04/KARWA04_R7/KAR_S3_KARWA04_R7_IMAG4232.JPG,Snapshot Safari 2024 Expansion : KAR_S3#KARWA04#7#1411,Snapshot Safari 2024 Expansion : KAR_S3_KARWA04,1,black-backed jackal,,4,train
https://storage.googleapis.com/public-datasets-lila/snapshot-safari-2024-expansion/KGA/KGA_S3/KHOLA07/KHOLA07_R3/KGA_S3_KHOLA07_R3_IMAG0719.JPG,Snapshot Safari 2024 Expansion : KGA/KGA_S3/KHOLA07/KHOLA07_R3/KGA_S3_KHOLA07_R3_IMAG0719.JPG,Snapshot Safari 2024 Expansion : KGA_S3#KHOLA07#3#415,Snapshot Safari 2024 Expansion : KGA_S3_KHOLA07,0,black-backed jackal,,4,train
https://storage.googleapis.com/public-datasets-lila/snapshot-safari-2024-expansion/TSW/TSW_S3/LC03/LC03_R7/TSW_S3_LC03_R7_IMAG0158.JPG,Snapshot Safari 2024 Expansion : TSW/TSW_S3/LC03/LC03_R7/TSW_S3_LC03_R7_IMAG0158.JPG,Snapshot Safari 2024 Expansion : TSW_S3#LC03#7#104,Snapshot Safari 2024 Expansion : TSW_S3_LC03,0,black-backed jackal,,4,train
https://storage.googleapis.com/public-datasets-lila/snapshotserengeti-unzipped/S2/O12/O12_R2/S2_O12_R2_PICT1448.JPG,Snapshot Serengeti : S2/O12/O12_R2/S2_O12_R2_PICT1448,Snapshot Serengeti : SER_S2#O12#2#475,Snapshot Serengeti : O12,3,black-backed jackal,04-13-2011 21:01:56,4,train
https://storage.googleapis.com/public-datasets-lila/snapshot-safari-2024-expansion/MTZ/MTZ_S2/C08/C08_R4/MTZ_S2_C08_R4_IMAG0064.JPG,Snapshot Safari 2024 Expansion : MTZ/MTZ_S2/C08/C08_R4/MTZ_S2_C08_R4_IMAG0064.JPG,Snapshot Safari 2024 Expansion : MTZ_S2#C08#4#38,Snapshot Safari 2024 Expansion : MTZ_S2_C08,0,black-backed jackal,,4,val
https://storage.googleapis.com/public-datasets-lila/snapshot-safari-2024-expansion/MTZ/MTZ_S2/C08/C08_R4/MTZ_S2_C08_R4_IMAG0379.JPG,Snapshot Safari 2024 Expansion : MTZ/MTZ_S2/C08/C08_R4/MTZ_S2_C08_R4_IMAG0379.JPG,Snapshot Safari 2024 Expansion : MTZ_S2#C08#4#223,Snapshot Safari 2024 Expansion : MTZ_S2_C08,2,black-backed jackal,,4,val
https://storage.googleapis.com/public-datasets-lila/desert-lion-camera-traps/annotated-imgs/canis mesomelas/Camera Trap/North/Okongwe/2012/07/PvL_seq_d341922c-793f-4f27-9b15-4f789b718c58/PICT0068.JPG,Desert Lion Conservation Camera Traps : canis mesomelas/Camera Trap/North/Okongwe/2012/07/PvL_seq_d341922c-793f-4f27-9b15-4f789b718c58/PICT0068.JPG,Desert Lion Conservation Camera Traps : unknown,Desert Lion Conservation Camera Traps : unknown,-1,black-backed jackal,,4,train
https://storage.googleapis.com/public-datasets-lila/snapshotserengeti-unzipped/S5/V10/V10_R1/S5_V10_R1_IMAG0565.JPG,Snapshot Serengeti : S5/V10/V10_R1/S5_V10_R1_IMAG0565,Snapshot Serengeti : SER_S5#V10#1#218,Snapshot Serengeti : V10,1,black-backed jackal,05-09-2012 02:28:47,4,train
https://storage.googleapis.com/public-datasets-lila/snapshot-safari-2024-expansion/MTZ/MTZ_S2/E08/E08_R6/MTZ_S2_E08_R6_IMAG0023.JPG,Snapshot Safari 2024 Expansion : MTZ/MTZ_S2/E08/E08_R6/MTZ_S2_E08_R6_IMAG0023.JPG,Snapshot Safari 2024 Expansion : MTZ_S2#E08#6#8,Snapshot Safari 2024 Expansion : MTZ_S2_E08,1,black-backed jackal,,4,train
https://storage.googleapis.com/public-datasets-lila/snapshot-safari-2024-expansion/Snapshot South Africa/MLP/MLP_S3/E05/E05_R6/MLP_S3_E05_R6_IMAG1575.JPG,Snapshot Safari 2024 Expansion : Snapshot South Africa/MLP/MLP_S3/E05/E05_R6/MLP_S3_E05_R6_IMAG1575.JPG,Snapshot Safari 2024 Expansion : MLP_S3#E05#6#525,Snapshot Safari 2024 Expansion : MLP_S3_E05,2,black-backed jackal,,4,test
https://storage.googleapis.com/public-datasets-lila/snapshot-safari-2024-expansion/RUA/RUA_S1/M33/M33_R1/RUA_S1_M33_R1_IMAG0331.JPG,Snapshot Safari 2024 Expansion : RUA/RUA_S1/M33/M33_R1/RUA_S1_M33_R1_IMAG0331.JPG,Snapshot Safari 2024 Expansion : RUA_S1#M33#1#331,Snapshot Safari 2024 Expansion : RUA_S1_M33,0,black-backed jackal,,4,test
https://storage.googleapis.com/public-datasets-lila/snapshot-safari-2024-expansion/MTZ/MTZ_S2/C08/C08_R4/MTZ_S2_C08_R4_IMAG0254.JPG,Snapshot Safari 2024 Expansion : MTZ/MTZ_S2/C08/C08_R4/MTZ_S2_C08_R4_IMAG0254.JPG,Snapshot Safari 2024 Expansion : MTZ_S2#C08#4#152,Snapshot Safari 2024 Expansion : MTZ_S2_C08,0,black-backed jackal,,4,val
https://storage.googleapis.com/public-datasets-lila/wcs-unzipped/animals/0203/1249.jpg,WCS Camera Traps : 10f4b694-92d5-11e9-a06a-000d3a74c7de,WCS Camera Traps : ken-007-d0038-45,WCS Camera Traps : 1257,6,black-backed jackal,02-12-2012 22:38:40,4,test
https://storage.googleapis.com/public-datasets-lila/snapshotserengeti-unzipped/S1/K09/K09_R1/S1_K09_R1_PICT4193.JPG,Snapshot Serengeti : S1/K09/K09_R1/S1_K09_R1_PICT4193,Snapshot Serengeti : SER_S1#K09#1#700,Snapshot Serengeti : K09,1,black-backed jackal,09-26-2010 16:55:06,4,train
https://storage.googleapis.com/public-datasets-lila/snapshot-safari-2024-expansion/CDB/CDB_S1/B07/B07_R1/CDB_S1_B07_R1_IMAG0865.JPG,Snapshot Safari 2024 Expansion : CDB/CDB_S1/B07/B07_R1/CDB_S1_B07_R1_IMAG0865.JPG,Snapshot Safari 2024 Expansion : CDB_S1#B07#1#422,Snapshot Safari 2024 Expansion : CDB_S1_B07,1,black-backed jackal,,4,train
https://storage.googleapis.com/public-datasets-lila/snapshot-safari-2024-expansion/MTZ/MTZ_S2/D03/D03_R6/MTZ_S2_D03_R6_IMAG0474.JPG,Snapshot Safari 2024 Expansion : MTZ/MTZ_S2/D03/D03_R6/MTZ_S2_D03_R6_IMAG0474.JPG,Snapshot Safari 2024 Expansion : MTZ_S2#D03#6#158,Snapshot Safari 2024 Expansion : MTZ_S2_D03,2,black-backed jackal,,4,test
https://storage.googleapis.com/public-datasets-lila/snapshot-safari-2024-expansion/KAR/KAR_S3/KARWA04/KARWA04_R7/KAR_S3_KARWA04_R7_IMAG2279.JPG,Snapshot Safari 2024 Expansion : KAR/KAR_S3/KARWA04/KARWA04_R7/KAR_S3_KARWA04_R7_IMAG2279.JPG,Snapshot Safari 2024 Expansion : KAR_S3#KARWA04#7#760,Snapshot Safari 2024 Expansion : KAR_S3_KARWA04,1,black-backed jackal,,4,train
https://storage.googleapis.com/public-datasets-lila/snapshot-safari-2024-expansion/MTZ/MTZ_S2/D03/D03_R4/MTZ_S2_D03_R4_IMAG0322.JPG,Snapshot Safari 2024 Expansion : MTZ/MTZ_S2/D03/D03_R4/MTZ_S2_D03_R4_IMAG0322.JPG,Snapshot Safari 2024 Expansion : MTZ_S2#D03#4#120,Snapshot Safari 2024 Expansion : MTZ_S2_D03,0,black-backed jackal,,4,test
https://storage.googleapis.com/public-datasets-lila/snapshotserengeti-unzipped/S7/C07/C07_R3/S7_C07_R3_IMAG1748.JPG,Snapshot Serengeti : S7/C07/C07_R3/S7_C07_R3_IMAG1748,Snapshot Serengeti : SER_S7#C07#3#676,Snapshot Serengeti : C07,3,black-backed jackal,09-25-2013 13:54:27,4,train
https://storage.googleapis.com/public-datasets-lila/snapshot-safari-2024-expansion/CDB/CDB_S3/B06/B06_R5/CDB_S3_B06_R5_IMAG0028.JPG,Snapshot Safari 2024 Expansion : CDB/CDB_S3/B06/B06_R5/CDB_S3_B06_R5_IMAG0028.JPG,Snapshot Safari 2024 Expansion : CDB_S3#B06#5#12,Snapshot Safari 2024 Expansion : CDB_S3_B06,2,black-backed jackal,,4,train
https://storage.googleapis.com/public-datasets-lila/snapshot-safari-2024-expansion/MTZ/MTZ_S2/C08/C08_R5/MTZ_S2_C08_R5_IMAG0048.JPG,Snapshot Safari 2024 Expansion : MTZ/MTZ_S2/C08/C08_R5/MTZ_S2_C08_R5_IMAG0048.JPG,Snapshot Safari 2024 Expansion : MTZ_S2#C08#5#16,Snapshot Safari 2024 Expansion : MTZ_S2_C08,2,black-backed jackal,,4,val
https://storage.googleapis.com/public-datasets-lila/wcs-unzipped/animals/0372/0201.jpg,WCS Camera Traps : 4ecda078-92d5-11e9-adf5-000d3a74c7de,WCS Camera Traps : ken-014-d0109-5,WCS Camera Traps : 2738,4,black-backed jackal,08-31-2009 22:20:53,4,train
https://storage.googleapis.com/public-datasets-lila/snapshot-safari-2024-expansion/MTZ/MTZ_S2/C08/C08_R2/MTZ_S2_C08_R2_IMAG0158.JPG,Snapshot Safari 2024 Expansion : MTZ/MTZ_S2/C08/C08_R2/MTZ_S2_C08_R2_IMAG0158.JPG,Snapshot Safari 2024 Expansion : MTZ_S2#C08#2#158,Snapshot Safari 2024 Expansion : MTZ_S2_C08,0,black-backed jackal,,4,val
https://storage.googleapis.com/public-datasets-lila/snapshot-safari-2024-expansion/MTZ/MTZ_S2/C08/C08_R4/MTZ_S2_C08_R4_IMAG0534.JPG,Snapshot Safari 2024 Expansion : MTZ/MTZ_S2/C08/C08_R4/MTZ_S2_C08_R4_IMAG0534.JPG,Snapshot Safari 2024 Expansion : MTZ_S2#C08#4#300,Snapshot Safari 2024 Expansion : MTZ_S2_C08,0,black-backed jackal,,4,val
https://storage.googleapis.com/public-datasets-lila/snapshot-safari-2024-expansion/CDB/CDB_S1/B07/B07_R2/CDB_S1_B07_R2_IMAG0407.JPG,Snapshot Safari 2024 Expansion : CDB/CDB_S1/B07/B07_R2/CDB_S1_B07_R2_IMAG0407.JPG,Snapshot Safari 2024 Expansion : CDB_S1#B07#2#214,Snapshot Safari 2024 Expansion : CDB_S1_B07,1,black-backed jackal,,4,train
https://storage.googleapis.com/public-datasets-lila/desert-lion-camera-traps/annotated-imgs/canis mesomelas/Camera Trap/Hoanib/FldPln_Arch/29Nov11/PvL_seq_6790c5f9-cc85-4ca5-896d-99c9371ca045/PICT0019.JPG,Desert Lion Conservation Camera Traps : canis mesomelas/Camera Trap/Hoanib/FldPln_Arch/29Nov11/PvL_seq_6790c5f9-cc85-4ca5-896d-99c9371ca045/PICT0019.JPG,Desert Lion Conservation Camera Traps : unknown,Desert Lion Conservation Camera Traps : unknown,-1,black-backed jackal,,4,train
https://storage.googleapis.com/public-datasets-lila/snapshot-safari-2024-expansion/KAR/KAR_S3/KARWA04/KARWA04_R7/KAR_S3_KARWA04_R7_IMAG4208.JPG,Snapshot Safari 2024 Expansion : KAR/KAR_S3/KARWA04/KARWA04_R7/KAR_S3_KARWA04_R7_IMAG4208.JPG,Snapshot Safari 2024 Expansion : KAR_S3#KARWA04#7#1403,Snapshot Safari 2024 Expansion : KAR_S3_KARWA04,1,black-backed jackal,,4,train
https://storage.googleapis.com/public-datasets-lila/desert-lion-camera-traps/annotated-imgs/canis mesomelas/Camera Trap2/PvL_seq_69a64c86-5f4d-4b4a-8dcc-7c25f14351bb/PICT0015.JPG,Desert Lion Conservation Camera Traps : canis mesomelas/Camera Trap2/PvL_seq_69a64c86-5f4d-4b4a-8dcc-7c25f14351bb/PICT0015.JPG,Desert Lion Conservation Camera Traps : unknown,Desert Lion Conservation Camera Traps : unknown,-1,black-backed jackal,,4,train
https://storage.googleapis.com/public-datasets-lila/snapshot-safari-2024-expansion/MAD/MAD_S1/MAD06/MAD06_R4/MAD_S1_MAD06_R4_IMAG2658.JPG,Snapshot Safari 2024 Expansion : MAD/MAD_S1/MAD06/MAD06_R4/MAD_S1_MAD06_R4_IMAG2658.JPG,Snapshot Safari 2024 Expansion : MAD_S1#MAD06#4#886,Snapshot Safari 2024 Expansion : MAD_S1_MAD06,2,black-backed jackal,,4,train
https://storage.googleapis.com/public-datasets-lila/snapshot-safari/KGA/KGA_public/KGA_S1/B07/B07_R1/KGA_S1_B07_R1_IMAG0131.JPG,Snapshot Kgalagadi : KGA_S1/B07/B07_R1/KGA_S1_B07_R1_IMAG0131,Snapshot Kgalagadi : KGA_S1#B07#1#49,Snapshot Kgalagadi : B07,1,black-backed jackal,12-27-2018 02:52:47,4,train
https://storage.googleapis.com/public-datasets-lila/snapshot-safari-2024-expansion/KAR/KAR_S3/KARWA06/KARWA06_R7/KAR_S3_KARWA06_R7_IMAG0172.JPG,Snapshot Safari 2024 Expansion : KAR/KAR_S3/KARWA06/KARWA06_R7/KAR_S3_KARWA06_R7_IMAG0172.JPG,Snapshot Safari 2024 Expansion : KAR_S3#KARWA06#7#58,Snapshot Safari 2024 Expansion : KAR_S3_KARWA06,0,black-backed jackal,,4,test
https://storage.googleapis.com/public-datasets-lila/snapshot-safari-2024-expansion/KGA/KGA_S2/KGAB07/KGAB07_R1/KGA_S2_KGAB07_R1_IMAG0367.JPG,Snapshot Safari 2024 Expansion : KGA/KGA_S2/KGAB07/KGAB07_R1/KGA_S2_KGAB07_R1_IMAG0367.JPG,Snapshot Safari 2024 Expansion : KGA_S2#KGAB07#1#129,Snapshot Safari 2024 Expansion : KGA_S2_KGAB07,2,black-backed jackal,,4,train
https://storage.googleapis.com/public-datasets-lila/snapshot-safari-2024-expansion/TSW/TSW_S3/LD03/LD03_R7/TSW_S3_LD03_R7_IMAG0100.JPG,Snapshot Safari 2024 Expansion : TSW/TSW_S3/LD03/LD03_R7/TSW_S3_LD03_R7_IMAG0100.JPG,Snapshot Safari 2024 Expansion : TSW_S3#LD03#7#56,Snapshot Safari 2024 Expansion : TSW_S3_LD03,0,black-backed jackal,,4,train
https://storage.googleapis.com/public-datasets-lila/snapshot-safari-2024-expansion/SER/SER_S13/R11/R11_R3/SER_S13_R11_R3_IMAG0190.JPG,Snapshot Safari 2024 Expansion : SER/SER_S13/R11/R11_R3/SER_S13_R11_R3_IMAG0190.JPG,Snapshot Safari 2024 Expansion : SER_S13#R11#3#188,Snapshot Safari 2024 Expansion : SER_S13_R11,0,black-backed jackal,,4,train
https://storage.googleapis.com/public-datasets-lila/snapshot-safari/MTZ/MTZ_public/MTZ_S1/D05/D05_R1/MTZ_S1_D05_R1_IMAG0075.JPG,Snapshot Mountain Zebra : MTZ_S1/D05/D05_R1/MTZ_S1_D05_R1_IMAG0075,Snapshot Mountain Zebra : MTZ_S1#D05#1#75,Snapshot Mountain Zebra : D05,1,black-backed jackal,08-27-2017 07:55:35,4,train
https://storage.googleapis.com/public-datasets-lila/snapshot-safari/KGA/KGA_public/KGA_S1/B03/B03_R1/KGA_S1_B03_R1_IMAG0010.JPG,Snapshot Kgalagadi : KGA_S1/B03/B03_R1/KGA_S1_B03_R1_IMAG0010,Snapshot Kgalagadi : KGA_S1#B03#1#4,Snapshot Kgalagadi : B03,1,black-backed jackal,12-05-2018 09:44:24,4,val
https://storage.googleapis.com/public-datasets-lila/snapshotserengeti-unzipped/S6/U10/U10_R2/S6_U10_R2_IMAG0392.JPG,Snapshot Serengeti : S6/U10/U10_R2/S6_U10_R2_IMAG0392,Snapshot Serengeti : SER_S6#U10#2#138,Snapshot Serengeti : U10,1,black-backed jackal,03-05-2013 14:18:54,4,test
https://storage.googleapis.com/public-datasets-lila/snapshot-safari-2024-expansion/ENO/ENO_S4/C02/C02_R1/ENO_S4_C02_R1_IMAG0570.JPG,Snapshot Safari 2024 Expansion : ENO/ENO_S4/C02/C02_R1/ENO_S4_C02_R1_IMAG0570.JPG,Snapshot Safari 2024 Expansion : ENO_S4#C02#1#224,Snapshot Safari 2024 Expansion : ENO_S4_C02,2,black-backed jackal,,4,val
https://storage.googleapis.com/public-datasets-lila/snapshot-safari-2024-expansion/KAR/KAR_S1/B02/B02_R1/KAR_S1_B02_R1_IMAG0864.JPG,Snapshot Safari 2024 Expansion : KAR/KAR_S1/B02/B02_R1/KAR_S1_B02_R1_IMAG0864.JPG,Snapshot Safari 2024 Expansion : KAR_S1#B02#1#325,Snapshot Safari 2024 Expansion : KAR_S1_B02,1,black-backed jackal,,4,train
https://storage.googleapis.com/public-datasets-lila/snapshot-safari-2024-expansion/CDB/CDB_S3/B06/B06_R4/CDB_S3_B06_R4_IMAG0582.JPG,Snapshot Safari 2024 Expansion : CDB/CDB_S3/B06/B06_R4/CDB_S3_B06_R4_IMAG0582.JPG,Snapshot Safari 2024 Expansion : CDB_S3#B06#4#314,Snapshot Safari 2024 Expansion : CDB_S3_B06,2,black-backed jackal,,4,train
https://storage.googleapis.com/public-datasets-lila/snapshot-safari-2024-expansion/KAR/KAR_S4/KARWA04/KARWA04_R9/KAR_S4_KARWA04_R9_IMAG4266.JPG,Snapshot Safari 2024 Expansion : KAR/KAR_S4/KARWA04/KARWA04_R9/KAR_S4_KARWA04_R9_IMAG4266.JPG,Snapshot Safari 2024 Expansion : KAR_S4#KARWA04#9#1422,Snapshot Safari 2024 Expansion : KAR_S4_KARWA04,2,black-backed jackal,,4,train
https://storage.googleapis.com/public-datasets-lila/snapshotserengeti-unzipped/S1/I08/I08_R1/S1_I08_R1_PICT0046.JPG,Snapshot Serengeti : S1/I08/I08_R1/S1_I08_R1_PICT0046,Snapshot Serengeti : SER_S1#I08#1#16,Snapshot Serengeti : I08,3,black-backed jackal,09-07-2010 22:46:58,4,train
https://storage.googleapis.com/public-datasets-lila/snapshotserengeti-unzipped/S9/L11/L11_R2/S9_L11_R2_IMAG0566.JPG,Snapshot Serengeti : S9/L11/L11_R2/S9_L11_R2_IMAG0566,Snapshot Serengeti : SER_S9#L11#2#212,Snapshot Serengeti : L11,1,black-backed jackal,09-29-2014 21:46:55,4,train
https://storage.googleapis.com/public-datasets-lila/snapshot-safari-2024-expansion/KAR/KAR_S2/K04/K04_R6/KAR_S2_K04_R6_IMAG1339.JPG,Snapshot Safari 2024 Expansion : KAR/KAR_S2/K04/K04_R6/KAR_S2_K04_R6_IMAG1339.JPG,Snapshot Safari 2024 Expansion : KAR_S2#K04#6#447,Snapshot Safari 2024 Expansion : KAR_S2_K04,0,black-backed jackal,,4,test
https://storage.googleapis.com/public-datasets-lila/snapshot-safari-2024-expansion/KGA/KGA_S1/A10/A10_R1/KGA_S1_A10_R1_IMAG0033.JPG,Snapshot Safari 2024 Expansion : KGA/KGA_S1/A10/A10_R1/KGA_S1_A10_R1_IMAG0033.JPG,Snapshot Safari 2024 Expansion : KGA_S1#A10#1#15,Snapshot Safari 2024 Expansion : KGA_S1_A10,0,black-backed jackal,,4,test
https://storage.googleapis.com/public-datasets-lila/snapshot-safari/MTZ/MTZ_public/MTZ_S1/E06/E06_R3/MTZ_S1_E06_R3_IMAG1811.JPG,Snapshot Mountain Zebra : MTZ_S1/E06/E06_R3/MTZ_S1_E06_R3_IMAG1811,Snapshot Mountain Zebra : MTZ_S1#E06#3#1811,Snapshot Mountain Zebra : E06,1,black-backed jackal,06-12-2018 02:04:38,4,train
https://storage.googleapis.com/public-datasets-lila/snapshot-safari-2024-expansion/KAR/KAR_S3/KARWA01/KARWA01_R7/KAR_S3_KARWA01_R7_IMAG0662.JPG,Snapshot Safari 2024 Expansion : KAR/KAR_S3/KARWA01/KARWA01_R7/KAR_S3_KARWA01_R7_IMAG0662.JPG,Snapshot Safari 2024 Expansion : KAR_S3#KARWA01#7#221,Snapshot Safari 2024 Expansion : KAR_S3_KARWA01,1,black-backed jackal,,4,train
https://storage.googleapis.com/public-datasets-lila/snapshot-safari-2024-expansion/PLN/PLN_S1/C02/C02_R1/PLN_S1_C02_R1_IMAG0889.JPG,Snapshot Safari 2024 Expansion : PLN/PLN_S1/C02/C02_R1/PLN_S1_C02_R1_IMAG0889.JPG,Snapshot Safari 2024 Expansion : PLN_S1#C02#1#395,Snapshot Safari 2024 Expansion : PLN_S1_C02,0,black-backed jackal,,4,train
https://storage.googleapis.com/public-datasets-lila/snapshot-safari-2024-expansion/KAR/KAR_S1/B02/B02_R1/KAR_S1_B02_R1_IMAG1099.JPG,Snapshot Safari 2024 Expansion : KAR/KAR_S1/B02/B02_R1/KAR_S1_B02_R1_IMAG1099.JPG,Snapshot Safari 2024 Expansion : KAR_S1#B02#1#425,Snapshot Safari 2024 Expansion : KAR_S1_B02,0,black-backed jackal,,4,train
https://storage.googleapis.com/public-datasets-lila/snapshotserengeti-unzipped/S8/O03/O03_R3/S8_O03_R3_IMAG0702.JPG,Snapshot Serengeti : S8/O03/O03_R3/S8_O03_R3_IMAG0702,Snapshot Serengeti : SER_S8#O03#3#251,Snapshot Serengeti : O03,2,black-backed jackal,04-16-2014 09:56:05,4,train
https://storage.googleapis.com/public-datasets-lila/snapshot-safari-2024-expansion/KAR/KAR_S4/KARWA04/KARWA04_R9/KAR_S4_KARWA04_R9_IMAG4270.JPG,Snapshot Safari 2024 Expansion : KAR/KAR_S4/KARWA04/KARWA04_R9/KAR_S4_KARWA04_R9_IMAG4270.JPG,Snapshot Safari 2024 Expansion : KAR_S4#KARWA04#9#1424,Snapshot Safari 2024 Expansion : KAR_S4_KARWA04,0,black-backed jackal,,4,train
https://storage.googleapis.com/public-datasets-lila/snapshot-safari-2024-expansion/KAR/KAR_S2/D04/D04_R3/KAR_S2_D04_R3_IMAG0058.JPG,Snapshot Safari 2024 Expansion : KAR/KAR_S2/D04/D04_R3/KAR_S2_D04_R3_IMAG0058.JPG,Snapshot Safari 2024 Expansion : KAR_S2#D04#3#28,Snapshot Safari 2024 Expansion : KAR_S2_D04,0,black-backed jackal,,4,val
https://storage.googleapis.com/public-datasets-lila/snapshotserengeti-unzipped/S1/P06/P06_R1/S1_P06_R1_PICT0009.JPG,Snapshot Serengeti : S1/P06/P06_R1/S1_P06_R1_PICT0009,Snapshot Serengeti : SER_S1#P06#1#4,Snapshot Serengeti : P06,2,black-backed jackal,09-11-2010 18:20:40,4,train
https://storage.googleapis.com/public-datasets-lila/snapshotserengeti-unzipped/S8/O03/O03_R3/S8_O03_R3_IMAG0750.JPG,Snapshot Serengeti : S8/O03/O03_R3/S8_O03_R3_IMAG0750,Snapshot Serengeti : SER_S8#O03#3#267,Snapshot Serengeti : O03,2,black-backed jackal,04-16-2014 13:49:24,4,train
https://storage.googleapis.com/public-datasets-lila/snapshot-safari-2024-expansion/KAR/KAR_S2/K04/K04_R6/KAR_S2_K04_R6_IMAG1400.JPG,Snapshot Safari 2024 Expansion : KAR/KAR_S2/K04/K04_R6/KAR_S2_K04_R6_IMAG1400.JPG,Snapshot Safari 2024 Expansion : KAR_S2#K04#6#467,Snapshot Safari 2024 Expansion : KAR_S2_K04,1,black-backed jackal,,4,test
https://storage.googleapis.com/public-datasets-lila/snapshotserengeti-unzipped/S9/M06/M06_R1/S9_M06_R1_IMAG1241.JPG,Snapshot Serengeti : S9/M06/M06_R1/S9_M06_R1_IMAG1241,Snapshot Serengeti : SER_S9#M06#1#417,Snapshot Serengeti : M06,1,black-backed jackal,05-12-2014 18:30:31,4,train
https://storage.googleapis.com/public-datasets-lila/snapshot-safari-2024-expansion/MTZ/MTZ_S3/D03/D03_R7/MTZ_S3_D03_R7_IMAG0334.JPG,Snapshot Safari 2024 Expansion : MTZ/MTZ_S3/D03/D03_R7/MTZ_S3_D03_R7_IMAG0334.JPG,Snapshot Safari 2024 Expansion : MTZ_S3#D03#7#112,Snapshot Safari 2024 Expansion : MTZ_S3_D03,0,black-backed jackal,,4,train
https://storage.googleapis.com/public-datasets-lila/snapshot-safari-2024-expansion/KAR/KAR_S3/KARWA04/KARWA04_R7/KAR_S3_KARWA04_R7_IMAG5071.JPG,Snapshot Safari 2024 Expansion : KAR/KAR_S3/KARWA04/KARWA04_R7/KAR_S3_KARWA04_R7_IMAG5071.JPG,Snapshot Safari 2024 Expansion : KAR_S3#KARWA04#7#1691,Snapshot Safari 2024 Expansion : KAR_S3_KARWA04,0,black-backed jackal,,4,train
https://storage.googleapis.com/public-datasets-lila/snapshot-safari-2024-expansion/KAR/KAR_S4/KARWA04/KARWA04_R9/KAR_S4_KARWA04_R9_IMAG4287.JPG,Snapshot Safari 2024 Expansion : KAR/KAR_S4/KARWA04/KARWA04_R9/KAR_S4_KARWA04_R9_IMAG4287.JPG,Snapshot Safari 2024 Expansion : KAR_S4#KARWA04#9#1429,Snapshot Safari 2024 Expansion : KAR_S4_KARWA04,2,black-backed jackal,,4,train
https://storage.googleapis.com/public-datasets-lila/snapshot-safari-2024-expansion/KGA/KGA_S3/KGAA11/KGAA11_R4/KGA_S3_KGAA11_R4_IMAG0030.JPG,Snapshot Safari 2024 Expansion : KGA/KGA_S3/KGAA11/KGAA11_R4/KGA_S3_KGAA11_R4_IMAG0030.JPG,Snapshot Safari 2024 Expansion : KGA_S3#KGAA11#4#18,Snapshot Safari 2024 Expansion : KGA_S3_KGAA11,0,black-backed jackal,,4,test
https://storage.googleapis.com/public-datasets-lila/snapshot-safari-2024-expansion/KAR/KAR_S2/K04/K04_R5/KAR_S2_K04_R5_IMAG7248.JPG,Snapshot Safari 2024 Expansion : KAR/KAR_S2/K04/K04_R5/KAR_S2_K04_R5_IMAG7248.JPG,Snapshot Safari 2024 Expansion : KAR_S2#K04#5#2417,Snapshot Safari 2024 Expansion : KAR_S2_K04,2,black-backed jackal,,4,test
https://storage.googleapis.com/public-datasets-lila/snapshot-safari-2024-expansion/KAR/KAR_S1/B02/B02_R1/KAR_S1_B02_R1_IMAG1071.JPG,Snapshot Safari 2024 Expansion : KAR/KAR_S1/B02/B02_R1/KAR_S1_B02_R1_IMAG1071.JPG,Snapshot Safari 2024 Expansion : KAR_S1#B02#1#413,Snapshot Safari 2024 Expansion : KAR_S1_B02,0,black-backed jackal,,4,train
https://storage.googleapis.com/public-datasets-lila/desert-lion-camera-traps/annotated-imgs/canis mesomelas/Camera Trap/North/Okongwe/2013/03/PvL_seq_237e0da3-fb54-4b18-a539-0e42430c3036/PICT0089.JPG,Desert Lion Conservation Camera Traps : canis mesomelas/Camera Trap/North/Okongwe/2013/03/PvL_seq_237e0da3-fb54-4b18-a539-0e42430c3036/PICT0089.JPG,Desert Lion Conservation Camera Traps : unknown,Desert Lion Conservation Camera Traps : unknown,-1,black-backed jackal,,4,train
https://storage.googleapis.com/public-datasets-lila/desert-lion-camera-traps/annotated-imgs/canis mesomelas/Camera Trap/North/Ganias/2013/03/PvL_seq_52fb9bdf-1626-4cf5-8e92-4228b18a4148/PICT1307.JPG,Desert Lion Conservation Camera Traps : canis mesomelas/Camera Trap/North/Ganias/2013/03/PvL_seq_52fb9bdf-1626-4cf5-8e92-4228b18a4148/PICT1307.JPG,Desert Lion Conservation Camera Traps : unknown,Desert Lion Conservation Camera Traps : unknown,-1,black-backed jackal,,4,train
https://storage.googleapis.com/public-datasets-lila/snapshot-safari-2024-expansion/KAR/KAR_S3/KARWA04/KARWA04_R7/KAR_S3_KARWA04_R7_IMAG4489.JPG,Snapshot Safari 2024 Expansion : KAR/KAR_S3/KARWA04/KARWA04_R7/KAR_S3_KARWA04_R7_IMAG4489.JPG,Snapshot Safari 2024 Expansion : KAR_S3#KARWA04#7#1497,Snapshot Safari 2024 Expansion : KAR_S3_KARWA04,0,black-backed jackal,,4,train
https://storage.googleapis.com/public-datasets-lila/snapshot-safari-2024-expansion/SER/SER_S13/P13/P13_R2/SER_S13_P13_R2_IMAG0872.JPG,Snapshot Safari 2024 Expansion : SER/SER_S13/P13/P13_R2/SER_S13_P13_R2_IMAG0872.JPG,Snapshot Safari 2024 Expansion : SER_S13#P13#2#872,Snapshot Safari 2024 Expansion : SER_S13_P13,0,black-backed jackal,,4,train
https://storage.googleapis.com/public-datasets-lila/snapshotserengeti-unzipped/S9/O07/O07_R2/S9_O07_R2_IMAG5201.JPG,Snapshot Serengeti : S9/O07/O07_R2/S9_O07_R2_IMAG5201,Snapshot Serengeti : SER_S9#O07#2#1739,Snapshot Serengeti : O07,2,black-backed jackal,09-11-2014 14:38:49,4,train
https://storage.googleapis.com/public-datasets-lila/snapshotserengeti-unzipped/S10/M06/M06_R2/S10_M06_R2_IMAG1192.JPG,Snapshot Serengeti : S10/M06/M06_R2/S10_M06_R2_IMAG1192,Snapshot Serengeti : SER_S10#M06#2#434,Snapshot Serengeti : M06,1,black-backed jackal,05-18-2015 18:27:59,4,train
https://storage.googleapis.com/public-datasets-lila/wcs-unzipped/animals/0324/1169.jpg,WCS Camera Traps : 3d9abc54-92d5-11e9-801e-000d3a74c7de,WCS Camera Traps : ken-015-d0093-61,WCS Camera Traps : 1696,2,black-backed jackal,03-17-2010 23:57:21,4,train
https://storage.googleapis.com/public-datasets-lila/desert-lion-camera-traps/annotated-imgs/canis mesomelas/Camera Trap/North/Ganias/2013/08/PvL_seq_0db179a5-85c6-4b30-9d72-d4e4922d3502/PICT7730.JPG,Desert Lion Conservation Camera Traps : canis mesomelas/Camera Trap/North/Ganias/2013/08/PvL_seq_0db179a5-85c6-4b30-9d72-d4e4922d3502/PICT7730.JPG,Desert Lion Conservation Camera Traps : unknown,Desert Lion Conservation Camera Traps : unknown,-1,black-backed jackal,,4,train
https://storage.googleapis.com/public-datasets-lila/snapshotserengeti-unzipped/S7/H07/H07_R1/S7_H07_R1_IMAG2251.JPG,Snapshot Serengeti : S7/H07/H07_R1/S7_H07_R1_IMAG2251,Snapshot Serengeti : SER_S7#H07#1#963,Snapshot Serengeti : H07,3,black-backed jackal,06-09-2013 10:22:43,4,val
https://storage.googleapis.com/public-datasets-lila/snapshotserengeti-unzipped/S9/Q12/Q12_R3/S9_Q12_R3_IMAG6408.JPG,Snapshot Serengeti : S9/Q12/Q12_R3/S9_Q12_R3_IMAG6408,Snapshot Serengeti : SER_S9#Q12#3#2179,Snapshot Serengeti : Q12,3,black-backed jackal,01-02-2015 17:31:35,4,train
https://storage.googleapis.com/public-datasets-lila/snapshot-safari-2024-expansion/MTZ/MTZ_S2/D03/D03_R4/MTZ_S2_D03_R4_IMAG0211.JPG,Snapshot Safari 2024 Expansion : MTZ/MTZ_S2/D03/D03_R4/MTZ_S2_D03_R4_IMAG0211.JPG,Snapshot Safari 2024 Expansion : MTZ_S2#D03#4#80,Snapshot Safari 2024 Expansion : MTZ_S2_D03,1,black-backed jackal,,4,test
https://storage.googleapis.com/public-datasets-lila/snapshot-safari-2024-expansion/KAR/KAR_S3/KARWA04/KARWA04_R8/KAR_S3_KARWA04_R8_IMAG0409.JPG,Snapshot Safari 2024 Expansion : KAR/KAR_S3/KARWA04/KARWA04_R8/KAR_S3_KARWA04_R8_IMAG0409.JPG,Snapshot Safari 2024 Expansion : KAR_S3#KARWA04#8#137,Snapshot Safari 2024 Expansion : KAR_S3_KARWA04,0,black-backed jackal,,4,train
https://storage.googleapis.com/public-datasets-lila/snapshot-safari-2024-expansion/MTZ/MTZ_S4/D03/D03_R9/MTZ_S4_D03_R9_IMAG0108.JPG,Snapshot Safari 2024 Expansion : MTZ/MTZ_S4/D03/D03_R9/MTZ_S4_D03_R9_IMAG0108.JPG,Snapshot Safari 2024 Expansion : MTZ_S4#D03#9#36,Snapshot Safari 2024 Expansion : MTZ_S4_D03,2,black-backed jackal,,4,val
https://storage.googleapis.com/public-datasets-lila/snapshot-safari-2024-expansion/KGA/KGA_S3/KGAB02/KGAB02_R4/KGA_S3_KGAB02_R4_IMAG0043.JPG,Snapshot Safari 2024 Expansion : KGA/KGA_S3/KGAB02/KGAB02_R4/KGA_S3_KGAB02_R4_IMAG0043.JPG,Snapshot Safari 2024 Expansion : KGA_S3#KGAB02#4#23,Snapshot Safari 2024 Expansion : KGA_S3_KGAB02,0,black-backed jackal,,4,train
https://storage.googleapis.com/public-datasets-lila/snapshot-safari-2024-expansion/KAR/KAR_S3/KARWA04/KARWA04_R7/KAR_S3_KARWA04_R7_IMAG4514.JPG,Snapshot Safari 2024 Expansion : KAR/KAR_S3/KARWA04/KARWA04_R7/KAR_S3_KARWA04_R7_IMAG4514.JPG,Snapshot Safari 2024 Expansion : KAR_S3#KARWA04#7#1505,Snapshot Safari 2024 Expansion : KAR_S3_KARWA04,1,black-backed jackal,,4,train
https://storage.googleapis.com/public-datasets-lila/snapshot-safari-2024-expansion/MTZ/MTZ_S2/C08/C08_R4/MTZ_S2_C08_R4_IMAG0156.JPG,Snapshot Safari 2024 Expansion : MTZ/MTZ_S2/C08/C08_R4/MTZ_S2_C08_R4_IMAG0156.JPG,Snapshot Safari 2024 Expansion : MTZ_S2#C08#4#96,Snapshot Safari 2024 Expansion : MTZ_S2_C08,0,black-backed jackal,,4,val
https://storage.googleapis.com/public-datasets-lila/snapshot-safari-2024-expansion/CDB/CDB_S3/B06/B06_R5/CDB_S3_B06_R5_IMAG0276.JPG,Snapshot Safari 2024 Expansion : CDB/CDB_S3/B06/B06_R5/CDB_S3_B06_R5_IMAG0276.JPG,Snapshot Safari 2024 Expansion : CDB_S3#B06#5#129,Snapshot Safari 2024 Expansion : CDB_S3_B06,1,black-backed jackal,,4,train
https://storage.googleapis.com/public-datasets-lila/snapshot-safari-2024-expansion/MTZ/MTZ_S3/D03/D03_R8/MTZ_S3_D03_R8_IMAG0114.JPG,Snapshot Safari 2024 Expansion : MTZ/MTZ_S3/D03/D03_R8/MTZ_S3_D03_R8_IMAG0114.JPG,Snapshot Safari 2024 Expansion : MTZ_S3#D03#8#38,Snapshot Safari 2024 Expansion : MTZ_S3_D03,2,black-backed jackal,,4,train
https://storage.googleapis.com/public-datasets-lila/desert-lion-camera-traps/annotated-imgs/canis mesomelas/Camera Trap2/PvL_seq_4b94eb5c-1c80-44a4-aa03-fe536d71f8fa/SUNP0105-2.JPG,Desert Lion Conservation Camera Traps : canis mesomelas/Camera Trap2/PvL_seq_4b94eb5c-1c80-44a4-aa03-fe536d71f8fa/SUNP0105-2.JPG,Desert Lion Conservation Camera Traps : unknown,Desert Lion Conservation Camera Traps : unknown,-1,black-backed jackal,,4,train
https://storage.googleapis.com/public-datasets-lila/desert-lion-camera-traps/annotated-imgs/canis mesomelas/Camera Trap/Hoanib/FldPln_Arch/2012/10/PvL_seq_864c35f8-2831-4d80-bd1e-05905438d36c/PICT0066.JPG,Desert Lion Conservation Camera Traps : canis mesomelas/Camera Trap/Hoanib/FldPln_Arch/2012/10/PvL_seq_864c35f8-2831-4d80-bd1e-05905438d36c/PICT0066.JPG,Desert Lion Conservation Camera Traps : unknown,Desert Lion Conservation Camera Traps : unknown,-1,black-backed jackal,,4,train
https://storage.googleapis.com/public-datasets-lila/snapshot-safari-2024-expansion/KGA/KGA_S1/B07/B07_R1/KGA_S1_B07_R1_IMAG0199.JPG,Snapshot Safari 2024 Expansion : KGA/KGA_S1/B07/B07_R1/KGA_S1_B07_R1_IMAG0199.JPG,Snapshot Safari 2024 Expansion : KGA_S1#B07#1#75,Snapshot Safari 2024 Expansion : KGA_S1_B07,0,black-backed jackal,,4,train
https://storage.googleapis.com/public-datasets-lila/snapshotserengeti-unzipped/S2/D04/D04_R1/S2_D04_R1_PICT2150.JPG,Snapshot Serengeti : S2/D04/D04_R1/S2_D04_R1_PICT2150,Snapshot Serengeti : SER_S2#D04#1#718,Snapshot Serengeti : D04,1,black-backed jackal,03-05-2011 08:00:34,4,test
https://storage.googleapis.com/public-datasets-lila/snapshot-safari-2024-expansion/MTZ/MTZ_S1/C08/C08_R3/MTZ_S1_C08_R3_IMAG0101.JPG,Snapshot Safari 2024 Expansion : MTZ/MTZ_S1/C08/C08_R3/MTZ_S1_C08_R3_IMAG0101.JPG,Snapshot Safari 2024 Expansion : MTZ_S1#C08#3#63,Snapshot Safari 2024 Expansion : MTZ_S1_C08,0,black-backed jackal,,4,test
https://storage.googleapis.com/public-datasets-lila/snapshot-safari-2024-expansion/MAD/MAD_S1/MAD04/MAD04_R3/MAD_S1_MAD04_R3_IMAG3347.JPG,Snapshot Safari 2024 Expansion : MAD/MAD_S1/MAD04/MAD04_R3/MAD_S1_MAD04_R3_IMAG3347.JPG,Snapshot Safari 2024 Expansion : MAD_S1#MAD04#3#1116,Snapshot Safari 2024 Expansion : MAD_S1_MAD04,1,black-backed jackal,,4,train
https://storage.googleapis.com/public-datasets-lila/snapshotserengeti-unzipped/S8/N05/N05_R4/S8_N05_R4_IMAG0365.JPG,Snapshot Serengeti : S8/N05/N05_R4/S8_N05_R4_IMAG0365,Snapshot Serengeti : SER_S8#N05#4#135,Snapshot Serengeti : N05,1,black-backed jackal,06-29-2014 04:20:00,4,train
https://storage.googleapis.com/public-datasets-lila/snapshot-safari-2024-expansion/MTZ/MTZ_S3/C08/C08_R8/MTZ_S3_C08_R8_IMAG0731.JPG,Snapshot Safari 2024 Expansion : MTZ/MTZ_S3/C08/C08_R8/MTZ_S3_C08_R8_IMAG0731.JPG,Snapshot Safari 2024 Expansion : MTZ_S3#C08#8#244,Snapshot Safari 2024 Expansion : MTZ_S3_C08,1,black-backed jackal,,4,train
https://storage.googleapis.com/public-datasets-lila/snapshot-safari-2024-expansion/KGA/KGA_S3/KGAA09/KGAA09_R4/KGA_S3_KGAA09_R4_IMAG0118.JPG,Snapshot Safari 2024 Expansion : KGA/KGA_S3/KGAA09/KGAA09_R4/KGA_S3_KGAA09_R4_IMAG0118.JPG,Snapshot Safari 2024 Expansion : KGA_S3#KGAA09#4#48,Snapshot Safari 2024 Expansion : KGA_S3_KGAA09,2,black-backed jackal,,4,val
https://storage.googleapis.com/public-datasets-lila/desert-lion-camera-traps/annotated-imgs/canis mesomelas/Camera Trap/Hoanib/X25cave/2013/04/PvL_seq_c8914fd2-1c87-458a-9f0a-b6e79df1d54a/PICT0052.JPG,Desert Lion Conservation Camera Traps : canis mesomelas/Camera Trap/Hoanib/X25cave/2013/04/PvL_seq_c8914fd2-1c87-458a-9f0a-b6e79df1d54a/PICT0052.JPG,Desert Lion Conservation Camera Traps : unknown,Desert Lion Conservation Camera Traps : unknown,-1,black-backed jackal,,4,train
https://storage.googleapis.com/public-datasets-lila/snapshot-safari-2024-expansion/Snapshot South Africa/MLP/MLP_S1/E05/E05_R2/MLP_S1_E05_R2_IMAG1035.JPG,Snapshot Safari 2024 Expansion : Snapshot South Africa/MLP/MLP_S1/E05/E05_R2/MLP_S1_E05_R2_IMAG1035.JPG,Snapshot Safari 2024 Expansion : MLP_S1#E05#2#519,Snapshot Safari 2024 Expansion : MLP_S1_E05,2,black-backed jackal,,4,val
https://storage.googleapis.com/public-datasets-lila/desert-lion-camera-traps/annotated-imgs/canis mesomelas/Camera Trap/Hoanib/X25cave/2013/06/PvL_seq_52a09ed0-6123-4224-92b2-a6b63987830b/PICT0403.JPG,Desert Lion Conservation Camera Traps : canis mesomelas/Camera Trap/Hoanib/X25cave/2013/06/PvL_seq_52a09ed0-6123-4224-92b2-a6b63987830b/PICT0403.JPG,Desert Lion Conservation Camera Traps : unknown,Desert Lion Conservation Camera Traps : unknown,-1,black-backed jackal,,4,train
https://storage.googleapis.com/public-datasets-lila/snapshot-safari-2024-expansion/KAR/KAR_S2/K03/K03_R5/KAR_S2_K03_R5_IMAG4882.JPG,Snapshot Safari 2024 Expansion : KAR/KAR_S2/K03/K03_R5/KAR_S2_K03_R5_IMAG4882.JPG,Snapshot Safari 2024 Expansion : KAR_S2#K03#5#1628,Snapshot Safari 2024 Expansion : KAR_S2_K03,0,black-backed jackal,,4,train
https://storage.googleapis.com/public-datasets-lila/snapshotserengeti-unzipped/S6/N06/N06_R2/S6_N06_R2_IMAG0067.JPG,Snapshot Serengeti : S6/N06/N06_R2/S6_N06_R2_IMAG0067,Snapshot Serengeti : SER_S6#N06#2#27,Snapshot Serengeti : N06,3,black-backed jackal,03-10-2013 07:39:22,4,train
https://storage.googleapis.com/public-datasets-lila/snapshot-safari-2024-expansion/TSW/TSW_S1/KB03/KB03_R1/TSW_S1_KB03_R1_IMAG0104.JPG,Snapshot Safari 2024 Expansion : TSW/TSW_S1/KB03/KB03_R1/TSW_S1_KB03_R1_IMAG0104.JPG,Snapshot Safari 2024 Expansion : TSW_S1#KB03#1#58,Snapshot Safari 2024 Expansion : TSW_S1_KB03,0,black-backed jackal,,4,train
https://storage.googleapis.com/public-datasets-lila/wcs-unzipped/animals/0299/1520.jpg,WCS Camera Traps : 349cc9ba-92d5-11e9-84d8-000d3a74c7de,WCS Camera Traps : ken-013-d0049-16,WCS Camera Traps : 1528,1,black-backed jackal,02-21-2009 01:30:00,4,train
https://storage.googleapis.com/public-datasets-lila/snapshot-safari-2024-expansion/KGA/KGA_S1/B03/B03_R1/KGA_S1_B03_R1_IMAG0011.JPG,Snapshot Safari 2024 Expansion : KGA/KGA_S1/B03/B03_R1/KGA_S1_B03_R1_IMAG0011.JPG,Snapshot Safari 2024 Expansion : KGA_S1#B03#1#4,Snapshot Safari 2024 Expansion : KGA_S1_B03,1,black-backed jackal,,4,train
https://storage.googleapis.com/public-datasets-lila/snapshot-safari-2024-expansion/TSW/TSW_S3/KA07/KA07_R7/TSW_S3_KA07_R7_IMAG0782.JPG,Snapshot Safari 2024 Expansion : TSW/TSW_S3/KA07/KA07_R7/TSW_S3_KA07_R7_IMAG0782.JPG,Snapshot Safari 2024 Expansion : TSW_S3#KA07#7#326,Snapshot Safari 2024 Expansion : TSW_S3_KA07,0,black-backed jackal,,4,train
https://storage.googleapis.com/public-datasets-lila/snapshot-safari-2024-expansion/CDB/CDB_S3/E02/E02_R4/CDB_S3_E02_R4_IMAG0113.JPG,Snapshot Safari 2024 Expansion : CDB/CDB_S3/E02/E02_R4/CDB_S3_E02_R4_IMAG0113.JPG,Snapshot Safari 2024 Expansion : CDB_S3#E02#4#48,Snapshot Safari 2024 Expansion : CDB_S3_E02,1,black-backed jackal,,4,train
https://storage.googleapis.com/public-datasets-lila/snapshotserengeti-unzipped/SER_S11/K13/K13_R2/SER_S11_K13_R2_IMAG1550.JPG,Snapshot Serengeti : SER_S11/K13/K13_R2/SER_S11_K13_R2_IMAG1550,Snapshot Serengeti : SER_S11#K13#2#595,Snapshot Serengeti : K13,1,black-backed jackal,10-05-2015 05:47:03,4,train
https://storage.googleapis.com/public-datasets-lila/snapshotserengeti-unzipped/SER_S11/L06/L06_R2/SER_S11_L06_R2_IMAG0477.JPG,Snapshot Serengeti : SER_S11/L06/L06_R2/SER_S11_L06_R2_IMAG0477,Snapshot Serengeti : SER_S11#L06#2#223,Snapshot Serengeti : L06,2,black-backed jackal,11-21-2015 15:08:44,4,train
https://storage.googleapis.com/public-datasets-lila/wcs-unzipped/animals/0372/1073.jpg,WCS Camera Traps : 4ef59ab3-92d5-11e9-bf96-000d3a74c7de,WCS Camera Traps : ken-014-d0108-4,WCS Camera Traps : 2738,5,black-backed jackal,08-31-2009 22:19:19,4,train
https://storage.googleapis.com/public-datasets-lila/snapshot-safari-2024-expansion/TSW/TSW_S2/LC01/LC01_R4/TSW_S2_LC01_R4_IMAG0176.JPG,Snapshot Safari 2024 Expansion : TSW/TSW_S2/LC01/LC01_R4/TSW_S2_LC01_R4_IMAG0176.JPG,Snapshot Safari 2024 Expansion : TSW_S2#LC01#4#88,Snapshot Safari 2024 Expansion : TSW_S2_LC01,0,black-backed jackal,,4,train
https://storage.googleapis.com/public-datasets-lila/snapshot-safari-2024-expansion/Snapshot South Africa/MLP/MLP_S1/F05/F05_R1/MLP_S1_F05_R1_IMAG0351.JPG,Snapshot Safari 2024 Expansion : Snapshot South Africa/MLP/MLP_S1/F05/F05_R1/MLP_S1_F05_R1_IMAG0351.JPG,Snapshot Safari 2024 Expansion : MLP_S1#F05#1#168,Snapshot Safari 2024 Expansion : MLP_S1_F05,1,black-backed jackal,,4,train
https://storage.googleapis.com/public-datasets-lila/snapshot-safari-2024-expansion/ENO/ENO_S4/C02/C02_R1/ENO_S4_C02_R1_IMAG0726.JPG,Snapshot Safari 2024 Expansion : ENO/ENO_S4/C02/C02_R1/ENO_S4_C02_R1_IMAG0726.JPG,Snapshot Safari 2024 Expansion : ENO_S4#C02#1#342,Snapshot Safari 2024 Expansion : ENO_S4_C02,0,black-backed jackal,,4,val
https://storage.googleapis.com/public-datasets-lila/desert-lion-camera-traps/annotated-imgs/canis mesomelas/Camera Trap/Events/Leopard/1/PvL_seq_f686b96f-58e7-41de-9db3-770a02ab2362/PICT0216.JPG,Desert Lion Conservation Camera Traps : canis mesomelas/Camera Trap/Events/Leopard/1/PvL_seq_f686b96f-58e7-41de-9db3-770a02ab2362/PICT0216.JPG,Desert Lion Conservation Camera Traps : unknown,Desert Lion Conservation Camera Traps : unknown,-1,black-backed jackal,,4,train
https://storage.googleapis.com/public-datasets-lila/snapshot-safari-2024-expansion/MTZ/MTZ_S1/E06/E06_R3/MTZ_S1_E06_R3_IMAG1780.JPG,Snapshot Safari 2024 Expansion : MTZ/MTZ_S1/E06/E06_R3/MTZ_S1_E06_R3_IMAG1780.JPG,Snapshot Safari 2024 Expansion : MTZ_S1#E06#3#1780,Snapshot Safari 2024 Expansion : MTZ_S1_E06,0,black-backed jackal,,4,train
https://storage.googleapis.com/public-datasets-lila/snapshot-safari-2024-expansion/Snapshot Cameo/DEB/DEB_S1/E11/E11_R46/DEB_S1_E11_R46_IMAG0101.JPG,Snapshot Safari 2024 Expansion : Snapshot Cameo/DEB/DEB_S1/E11/E11_R46/DEB_S1_E11_R46_IMAG0101.JPG,Snapshot Safari 2024 Expansion : DEB_S1#E11#46#101,Snapshot Safari 2024 Expansion : DEB_S1_E11,0,black-backed jackal,,4,train
https://storage.googleapis.com/public-datasets-lila/snapshot-safari-2024-expansion/KAR/KAR_S2/K04/K04_R5/KAR_S2_K04_R5_IMAG7290.JPG,Snapshot Safari 2024 Expansion : KAR/KAR_S2/K04/K04_R5/KAR_S2_K04_R5_IMAG7290.JPG,Snapshot Safari 2024 Expansion : KAR_S2#K04#5#2431,Snapshot Safari 2024 Expansion : KAR_S2_K04,2,black-backed jackal,,4,test
https://storage.googleapis.com/public-datasets-lila/snapshotserengeti-unzipped/S8/N10/N10_R3/S8_N10_R3_IMAG1230.JPG,Snapshot Serengeti : S8/N10/N10_R3/S8_N10_R3_IMAG1230,Snapshot Serengeti : SER_S8#N10#3#420,Snapshot Serengeti : N10,2,black-backed jackal,05-13-2014 07:48:44,4,test
https://storage.googleapis.com/public-datasets-lila/snapshotserengeti-unzipped/S4/S13/S13_R2/S4_S13_R2_IMAG0496.JPG,Snapshot Serengeti : S4/S13/S13_R2/S4_S13_R2_IMAG0496,Snapshot Serengeti : SER_S4#S13#2#172,Snapshot Serengeti : S13,3,black-backed jackal,02-22-2012 09:04:52,4,train
https://storage.googleapis.com/public-datasets-lila/desert-lion-camera-traps/annotated-imgs/canis mesomelas/Camera Trap/South/Gai-Ais/2014/03/PvL_seq_934692b0-2c28-44e6-9279-b4b57e01da2d/20140307-PICT0118.JPG,Desert Lion Conservation Camera Traps : canis mesomelas/Camera Trap/South/Gai-Ais/2014/03/PvL_seq_934692b0-2c28-44e6-9279-b4b57e01da2d/20140307-PICT0118.JPG,Desert Lion Conservation Camera Traps : unknown,Desert Lion Conservation Camera Traps : unknown,-1,black-backed jackal,,4,train
https://storage.googleapis.com/public-datasets-lila/snapshotserengeti-unzipped/S8/H02/H02_R3/S8_H02_R3_IMAG0498.JPG,Snapshot Serengeti : S8/H02/H02_R3/S8_H02_R3_IMAG0498,Snapshot Serengeti : SER_S8#H02#3#187,Snapshot Serengeti : H02,1,black-backed jackal,03-11-2014 00:51:33,4,train
https://storage.googleapis.com/public-datasets-lila/wcs-unzipped/animals/0203/1886.jpg,WCS Camera Traps : 11129e6a-92d5-11e9-9c58-000d3a74c7de,WCS Camera Traps : ken-007-d0038-114,WCS Camera Traps : 1257,1,black-backed jackal,02-25-2012 02:22:01,4,test
https://storage.googleapis.com/public-datasets-lila/snapshotserengeti-unzipped/S1/G09/G09_R1/S1_G09_R1_PICT3418.JPG,Snapshot Serengeti : S1/G09/G09_R1/S1_G09_R1_PICT3418,Snapshot Serengeti : SER_S1#G09#1#1136,Snapshot Serengeti : G09,3,black-backed jackal,11-04-2010 06:29:22,4,train
https://storage.googleapis.com/public-datasets-lila/snapshot-safari-2024-expansion/MTZ/MTZ_S3/C08/C08_R8/MTZ_S3_C08_R8_IMAG0068.JPG,Snapshot Safari 2024 Expansion : MTZ/MTZ_S3/C08/C08_R8/MTZ_S3_C08_R8_IMAG0068.JPG,Snapshot Safari 2024 Expansion : MTZ_S3#C08#8#23,Snapshot Safari 2024 Expansion : MTZ_S3_C08,1,black-backed jackal,,4,train
https://storage.googleapis.com/public-datasets-lila/snapshot-safari-2024-expansion/KAR/KAR_S2/A02/A02_R3/KAR_S2_A02_R3_IMAG0180.JPG,Snapshot Safari 2024 Expansion : KAR/KAR_S2/A02/A02_R3/KAR_S2_A02_R3_IMAG0180.JPG,Snapshot Safari 2024 Expansion : KAR_S2#A02#3#76,Snapshot Safari 2024 Expansion : KAR_S2_A02,0,black-backed jackal,,4,train
https://storage.googleapis.com/public-datasets-lila/snapshot-safari/CDB/CDB_public/CDB_S1/C07/C07_R2/CDB_S1_C07_R2_IMAG2581.JPG,Snapshot Camdeboo : CDB_S1/C07/C07_R2/CDB_S1_C07_R2_IMAG2581,Snapshot Camdeboo : CDB_S1#C07#2#881,Snapshot Camdeboo : C07,1,black-backed jackal,,4,train
https://storage.googleapis.com/public-datasets-lila/snapshot-safari-2024-expansion/Snapshot South Africa/MLP/MLP_S2/E05/E05_R5/MLP_S2_E05_R5_IMAG0041.JPG,Snapshot Safari 2024 Expansion : Snapshot South Africa/MLP/MLP_S2/E05/E05_R5/MLP_S2_E05_R5_IMAG0041.JPG,Snapshot Safari 2024 Expansion : MLP_S2#E05#5#14,Snapshot Safari 2024 Expansion : MLP_S2_E05,1,black-backed jackal,,4,train
https://storage.googleapis.com/public-datasets-lila/snapshot-safari-2024-expansion/ENO/ENO_S2/C04/C04_R1/ENO_S2_C04_R1_IMAG0495.JPG,Snapshot Safari 2024 Expansion : ENO/ENO_S2/C04/C04_R1/ENO_S2_C04_R1_IMAG0495.JPG,Snapshot Safari 2024 Expansion : ENO_S2#C04#1#223,Snapshot Safari 2024 Expansion : ENO_S2_C04,2,black-backed jackal,,4,train
https://storage.googleapis.com/public-datasets-lila/desert-lion-camera-traps/annotated-imgs/canis mesomelas/Camera Trap/North/Ganias/2013/04/PvL_seq_8f1b6204-f13d-42da-95cc-f4af71010656/PICT1349.JPG,Desert Lion Conservation Camera Traps : canis mesomelas/Camera Trap/North/Ganias/2013/04/PvL_seq_8f1b6204-f13d-42da-95cc-f4af71010656/PICT1349.JPG,Desert Lion Conservation Camera Traps : unknown,Desert Lion Conservation Camera Traps : unknown,-1,black-backed jackal,,4,train
https://storage.googleapis.com/public-datasets-lila/snapshotserengeti-unzipped/S8/P05/P05_R4/S8_P05_R4_IMAG0318.JPG,Snapshot Serengeti : S8/P05/P05_R4/S8_P05_R4_IMAG0318,Snapshot Serengeti : SER_S8#P05#4#152,Snapshot Serengeti : P05,2,black-backed jackal,07-01-2014 07:26:26,4,train
https://storage.googleapis.com/public-datasets-lila/snapshotserengeti-unzipped/S7/M08/M08_R3/S7_M08_R3_IMAG3690.JPG,Snapshot Serengeti : S7/M08/M08_R3/S7_M08_R3_IMAG3690,Snapshot Serengeti : SER_S7#M08#3#1314,Snapshot Serengeti : M08,1,black-backed jackal,11-10-2013 11:49:48,4,train
https://storage.googleapis.com/public-datasets-lila/snapshot-safari-2024-expansion/MAD/MAD_S2/B04/B04_R5/MAD_S2_B04_R5_IMAG0249.JPG,Snapshot Safari 2024 Expansion : MAD/MAD_S2/B04/B04_R5/MAD_S2_B04_R5_IMAG0249.JPG,Snapshot Safari 2024 Expansion : MAD_S2#B04#5#83,Snapshot Safari 2024 Expansion : MAD_S2_B04,2,black-backed jackal,,4,test
https://storage.googleapis.com/public-datasets-lila/wcs-unzipped/animals/0417/0075.jpg,WCS Camera Traps : 5f1f4dc7-92d5-11e9-8ad3-000d3a74c7de,WCS Camera Traps : ken-017-d0068-33,WCS Camera Traps : 2966,3,black-backed jackal,02-11-2015 07:50:34,4,test
https://storage.googleapis.com/public-datasets-lila/snapshot-safari/CDB/CDB_public/CDB_S1/D05/D05_R2/CDB_S1_D05_R2_IMAG1236.JPG,Snapshot Camdeboo : CDB_S1/D05/D05_R2/CDB_S1_D05_R2_IMAG1236,Snapshot Camdeboo : CDB_S1#D05#2#457,Snapshot Camdeboo : D05,2,black-backed jackal,,4,train
https://storage.googleapis.com/public-datasets-lila/snapshot-safari-2024-expansion/MTZ/MTZ_S1/E05/E05_R1/MTZ_S1_E05_R1_IMAG1110.JPG,Snapshot Safari 2024 Expansion : MTZ/MTZ_S1/E05/E05_R1/MTZ_S1_E05_R1_IMAG1110.JPG,Snapshot Safari 2024 Expansion : MTZ_S1#E05#1#1110,Snapshot Safari 2024 Expansion : MTZ_S1_E05,0,black-backed jackal,,4,train
https://storage.googleapis.com/public-datasets-lila/snapshot-safari-2024-expansion/SER/SER_S13/K10/K10_R1/SER_S13_K10_R1_IMAG5127.JPG,Snapshot Safari 2024 Expansion : SER/SER_S13/K10/K10_R1/SER_S13_K10_R1_IMAG5127.JPG,Snapshot Safari 2024 Expansion : SER_S13#K10#1#5126,Snapshot Safari 2024 Expansion : SER_S13_K10,0,black-backed jackal,,4,train
https://storage.googleapis.com/public-datasets-lila/snapshot-safari-2024-expansion/KAR/KAR_S1/B02/B02_R1/KAR_S1_B02_R1_IMAG0905.JPG,Snapshot Safari 2024 Expansion : KAR/KAR_S1/B02/B02_R1/KAR_S1_B02_R1_IMAG0905.JPG,Snapshot Safari 2024 Expansion : KAR_S1#B02#1#349,Snapshot Safari 2024 Expansion : KAR_S1_B02,0,black-backed jackal,,4,train
https://storage.googleapis.com/public-datasets-lila/snapshotserengeti-unzipped/S2/H11/H11_R1/S2_H11_R1_IMAG0168.JPG,Snapshot Serengeti : S2/H11/H11_R1/S2_H11_R1_IMAG0168,Snapshot Serengeti : SER_S2#H11#1#122,Snapshot Serengeti : H11,1,black-backed jackal,03-08-2011 04:22:59,4,val
https://storage.googleapis.com/public-datasets-lila/snapshot-safari-2024-expansion/Snapshot South Africa/MLP/MLP_S2/E05/E05_R5/MLP_S2_E05_R5_IMAG0852.JPG,Snapshot Safari 2024 Expansion : Snapshot South Africa/MLP/MLP_S2/E05/E05_R5/MLP_S2_E05_R5_IMAG0852.JPG,Snapshot Safari 2024 Expansion : MLP_S2#E05#5#284,Snapshot Safari 2024 Expansion : MLP_S2_E05,2,black-backed jackal,,4,train
https://storage.googleapis.com/public-datasets-lila/desert-lion-camera-traps/annotated-imgs/canis mesomelas/Camera Trap/Events/Gc_Amps/2012/06/PvL_seq_191fb76d-8f8c-463e-bafa-92cdf1c25af4/SUNP0054.JPG,Desert Lion Conservation Camera Traps : canis mesomelas/Camera Trap/Events/Gc_Amps/2012/06/PvL_seq_191fb76d-8f8c-463e-bafa-92cdf1c25af4/SUNP0054.JPG,Desert Lion Conservation Camera Traps : unknown,Desert Lion Conservation Camera Traps : unknown,-1,black-backed jackal,,4,train
https://storage.googleapis.com/public-datasets-lila/snapshot-safari-2024-expansion/MAD/MAD_S1/MAD03/MAD03_R3/MAD_S1_MAD03_R3_IMAG2879.JPG,Snapshot Safari 2024 Expansion : MAD/MAD_S1/MAD03/MAD03_R3/MAD_S1_MAD03_R3_IMAG2879.JPG,Snapshot Safari 2024 Expansion : MAD_S1#MAD03#3#960,Snapshot Safari 2024 Expansion : MAD_S1_MAD03,1,black-backed jackal,,4,train
https://storage.googleapis.com/public-datasets-lila/snapshot-safari-2024-expansion/MAD/MAD_S1/MAD03/MAD03_R3/MAD_S1_MAD03_R3_IMAG2878.JPG,Snapshot Safari 2024 Expansion : MAD/MAD_S1/MAD03/MAD03_R3/MAD_S1_MAD03_R3_IMAG2878.JPG,Snapshot Safari 2024 Expansion : MAD_S1#MAD03#3#960,Snapshot Safari 2024 Expansion : MAD_S1_MAD03,0,black-backed jackal,,4,train
https://storage.googleapis.com/public-datasets-lila/snapshot-safari-2024-expansion/KAR/KAR_S3/KARWA04/KARWA04_R8/KAR_S3_KARWA04_R8_IMAG2272.JPG,Snapshot Safari 2024 Expansion : KAR/KAR_S3/KARWA04/KARWA04_R8/KAR_S3_KARWA04_R8_IMAG2272.JPG,Snapshot Safari 2024 Expansion : KAR_S3#KARWA04#8#758,Snapshot Safari 2024 Expansion : KAR_S3_KARWA04,0,black-backed jackal,,4,train
https://storage.googleapis.com/public-datasets-lila/snapshot-safari-2024-expansion/MTZ/MTZ_S2/C08/C08_R4/MTZ_S2_C08_R4_IMAG0222.JPG,Snapshot Safari 2024 Expansion : MTZ/MTZ_S2/C08/C08_R4/MTZ_S2_C08_R4_IMAG0222.JPG,Snapshot Safari 2024 Expansion : MTZ_S2#C08#4#136,Snapshot Safari 2024 Expansion : MTZ_S2_C08,0,black-backed jackal,,4,val
https://storage.googleapis.com/public-datasets-lila/snapshotserengeti-unzipped/S4/S13/S13_R2/S4_S13_R2_IMAG0747.JPG,Snapshot Serengeti : S4/S13/S13_R2/S4_S13_R2_IMAG0747,Snapshot Serengeti : SER_S4#S13#2#256,Snapshot Serengeti : S13,2,black-backed jackal,02-25-2012 07:56:23,4,train
https://storage.googleapis.com/public-datasets-lila/snapshot-safari-2024-expansion/KAR/KAR_S4/KARWA06/KARWA06_R9/KAR_S4_KARWA06_R9_IMAG1272.JPG,Snapshot Safari 2024 Expansion : KAR/KAR_S4/KARWA06/KARWA06_R9/KAR_S4_KARWA06_R9_IMAG1272.JPG,Snapshot Safari 2024 Expansion : KAR_S4#KARWA06#9#424,Snapshot Safari 2024 Expansion : KAR_S4_KARWA06,2,black-backed jackal,,4,train
https://storage.googleapis.com/public-datasets-lila/wcs-unzipped/animals/0322/1225.jpg,WCS Camera Traps : 3ce2ddf7-92d5-11e9-8227-000d3a74c7de,WCS Camera Traps : ken-015-d0072-48,WCS Camera Traps : 1675,6,black-backed jackal,02-13-2010 04:08:45,4,train
https://storage.googleapis.com/public-datasets-lila/snapshot-safari-2024-expansion/MTZ/MTZ_S4/D03/D03_R9/MTZ_S4_D03_R9_IMAG0044.JPG,Snapshot Safari 2024 Expansion : MTZ/MTZ_S4/D03/D03_R9/MTZ_S4_D03_R9_IMAG0044.JPG,Snapshot Safari 2024 Expansion : MTZ_S4#D03#9#15,Snapshot Safari 2024 Expansion : MTZ_S4_D03,1,black-backed jackal,,4,val
https://storage.googleapis.com/public-datasets-lila/snapshot-safari-2024-expansion/KAR/KAR_S2/K01/K01_R5/KAR_S2_K01_R5_IMAG6071.JPG,Snapshot Safari 2024 Expansion : KAR/KAR_S2/K01/K01_R5/KAR_S2_K01_R5_IMAG6071.JPG,Snapshot Safari 2024 Expansion : KAR_S2#K01#5#2024,Snapshot Safari 2024 Expansion : KAR_S2_K01,1,black-backed jackal,,4,test
https://storage.googleapis.com/public-datasets-lila/wcs-unzipped/animals/0303/0852.jpg,WCS Camera Traps : 35f294a2-92d5-11e9-bf8b-000d3a74c7de,WCS Camera Traps : ken-011-d0236-9,WCS Camera Traps : 1462,1,black-backed jackal,03-06-2008 08:17:00,4,val
https://storage.googleapis.com/public-datasets-lila/snapshotserengeti-unzipped/SER_S11/J10/J10_R1/SER_S11_J10_R1_IMAG1868.JPG,Snapshot Serengeti : SER_S11/J10/J10_R1/SER_S11_J10_R1_IMAG1868,Snapshot Serengeti : SER_S11#J10#1#638,Snapshot Serengeti : J10,1,black-backed jackal,09-06-2015 21:09:54,4,train
https://storage.googleapis.com/public-datasets-lila/snapshot-safari-2024-expansion/Snapshot South Africa/MLP/MLP_S1/E05/E05_R2/MLP_S1_E05_R2_IMAG1110.JPG,Snapshot Safari 2024 Expansion : Snapshot South Africa/MLP/MLP_S1/E05/E05_R2/MLP_S1_E05_R2_IMAG1110.JPG,Snapshot Safari 2024 Expansion : MLP_S1#E05#2#549,Snapshot Safari 2024 Expansion : MLP_S1_E05,1,black-backed jackal,,4,val
https://storage.googleapis.com/public-datasets-lila/snapshot-safari-2024-expansion/MTZ/MTZ_S2/C08/C08_R5/MTZ_S2_C08_R5_IMAG0146.JPG,Snapshot Safari 2024 Expansion : MTZ/MTZ_S2/C08/C08_R5/MTZ_S2_C08_R5_IMAG0146.JPG,Snapshot Safari 2024 Expansion : MTZ_S2#C08#5#49,Snapshot Safari 2024 Expansion : MTZ_S2_C08,1,black-backed jackal,,4,val
https://storage.googleapis.com/public-datasets-lila/desert-lion-camera-traps/annotated-imgs/canis mesomelas/Camera Trap/North/Mowe/16212/PvL_seq_1badd90b-b44e-4138-86e9-a42b9e848986/PICT0201.JPG,Desert Lion Conservation Camera Traps : canis mesomelas/Camera Trap/North/Mowe/16212/PvL_seq_1badd90b-b44e-4138-86e9-a42b9e848986/PICT0201.JPG,Desert Lion Conservation Camera Traps : unknown,Desert Lion Conservation Camera Traps : unknown,-1,black-backed jackal,,4,train
https://storage.googleapis.com/public-datasets-lila/snapshotserengeti-unzipped/S8/O03/O03_R3/S8_O03_R3_IMAG0672.JPG,Snapshot Serengeti : S8/O03/O03_R3/S8_O03_R3_IMAG0672,Snapshot Serengeti : SER_S8#O03#3#241,Snapshot Serengeti : O03,2,black-backed jackal,04-16-2014 09:12:04,4,train
https://storage.googleapis.com/public-datasets-lila/snapshot-safari-2024-expansion/Snapshot South Africa/MLP/MLP_S1/E05/E05_R1/MLP_S1_E05_R1_IMAG0488.JPG,Snapshot Safari 2024 Expansion : Snapshot South Africa/MLP/MLP_S1/E05/E05_R1/MLP_S1_E05_R1_IMAG0488.JPG,Snapshot Safari 2024 Expansion : MLP_S1#E05#1#256,Snapshot Safari 2024 Expansion : MLP_S1_E05,0,black-backed jackal,,4,val
https://storage.googleapis.com/public-datasets-lila/desert-lion-camera-traps/annotated-imgs/canis mesomelas/Camera Trap/Hoanib/Hnb_Fldpln/211011/PvL_seq_6d9b1a00-f161-4d3b-9db6-b6dd444e075a/PICT0062.JPG,Desert Lion Conservation Camera Traps : canis mesomelas/Camera Trap/Hoanib/Hnb_Fldpln/211011/PvL_seq_6d9b1a00-f161-4d3b-9db6-b6dd444e075a/PICT0062.JPG,Desert Lion Conservation Camera Traps : unknown,Desert Lion Conservation Camera Traps : unknown,-1,black-backed jackal,,4,train
https://storage.googleapis.com/public-datasets-lila/snapshotserengeti-unzipped/S2/E02/E02_R3/S2_E02_R3_PICT1848.JPG,Snapshot Serengeti : S2/E02/E02_R3/S2_E02_R3_PICT1848,Snapshot Serengeti : SER_S2#E02#3#617,Snapshot Serengeti : E02,2,black-backed jackal,05-22-2011 02:32:47,4,train
https://storage.googleapis.com/public-datasets-lila/snapshot-safari-2024-expansion/MTZ/MTZ_S2/C08/C08_R4/MTZ_S2_C08_R4_IMAG0480.JPG,Snapshot Safari 2024 Expansion : MTZ/MTZ_S2/C08/C08_R4/MTZ_S2_C08_R4_IMAG0480.JPG,Snapshot Safari 2024 Expansion : MTZ_S2#C08#4#267,Snapshot Safari 2024 Expansion : MTZ_S2_C08,1,black-backed jackal,,4,val
https://storage.googleapis.com/public-datasets-lila/snapshot-safari-2024-expansion/KAR/KAR_S3/KARWA04/KARWA04_R7/KAR_S3_KARWA04_R7_IMAG5430.JPG,Snapshot Safari 2024 Expansion : KAR/KAR_S3/KARWA04/KARWA04_R7/KAR_S3_KARWA04_R7_IMAG5430.JPG,Snapshot Safari 2024 Expansion : KAR_S3#KARWA04#7#1810,Snapshot Safari 2024 Expansion : KAR_S3_KARWA04,2,black-backed jackal,,4,train
https://storage.googleapis.com/public-datasets-lila/snapshotserengeti-unzipped/S1/G06/G06_R3/S1_G06_R3_PICT0592.JPG,Snapshot Serengeti : S1/G06/G06_R3/S1_G06_R3_PICT0592,Snapshot Serengeti : SER_S1#G06#3#198,Snapshot Serengeti : G06,1,black-backed jackal,10-23-2010 07:54:04,4,train
https://storage.googleapis.com/public-datasets-lila/snapshot-safari-2024-expansion/TSW/TSW_S2/KA05/KA05_R3/TSW_S2_KA05_R3_IMAG0257.JPG,Snapshot Safari 2024 Expansion : TSW/TSW_S2/KA05/KA05_R3/TSW_S2_KA05_R3_IMAG0257.JPG,Snapshot Safari 2024 Expansion : TSW_S2#KA05#3#125,Snapshot Safari 2024 Expansion : TSW_S2_KA05,0,black-backed jackal,,4,train
https://storage.googleapis.com/public-datasets-lila/snapshot-safari-2024-expansion/Snapshot South Africa/MLP/MLP_S1/F02/F02_R2/MLP_S1_F02_R2_IMAG3287.JPG,Snapshot Safari 2024 Expansion : Snapshot South Africa/MLP/MLP_S1/F02/F02_R2/MLP_S1_F02_R2_IMAG3287.JPG,Snapshot Safari 2024 Expansion : MLP_S1#F02#2#1106,Snapshot Safari 2024 Expansion : MLP_S1_F02,0,black-backed jackal,,4,test
https://storage.googleapis.com/public-datasets-lila/snapshot-safari-2024-expansion/MTZ/MTZ_S2/E08/E08_R6/MTZ_S2_E08_R6_IMAG0228.JPG,Snapshot Safari 2024 Expansion : MTZ/MTZ_S2/E08/E08_R6/MTZ_S2_E08_R6_IMAG0228.JPG,Snapshot Safari 2024 Expansion : MTZ_S2#E08#6#76,Snapshot Safari 2024 Expansion : MTZ_S2_E08,2,black-backed jackal,,4,train
https://storage.googleapis.com/public-datasets-lila/snapshot-safari-2024-expansion/CDB/CDB_S3/D05/D05_R5/CDB_S3_D05_R5_IMAG0023.JPG,Snapshot Safari 2024 Expansion : CDB/CDB_S3/D05/D05_R5/CDB_S3_D05_R5_IMAG0023.JPG,Snapshot Safari 2024 Expansion : CDB_S3#D05#5#9,Snapshot Safari 2024 Expansion : CDB_S3_D05,2,black-backed jackal,,4,train
https://storage.googleapis.com/public-datasets-lila/wcs-unzipped/animals/0340/0650.jpg,WCS Camera Traps : 4344a258-92d5-11e9-9d59-000d3a74c7de,WCS Camera Traps : ken-016-d0030-38,WCS Camera Traps : 2656,1,black-backed jackal,02-08-2013 21:37:24,4,train
https://storage.googleapis.com/public-datasets-lila/desert-lion-camera-traps/annotated-imgs/canis mesomelas/Camera Trap/Events/Gc_Amps/2012/06/PvL_seq_d5521cf9-3ded-43dc-9c74-5f80c546317d/SUNP0434.JPG,Desert Lion Conservation Camera Traps : canis mesomelas/Camera Trap/Events/Gc_Amps/2012/06/PvL_seq_d5521cf9-3ded-43dc-9c74-5f80c546317d/SUNP0434.JPG,Desert Lion Conservation Camera Traps : unknown,Desert Lion Conservation Camera Traps : unknown,-1,black-backed jackal,,4,train
https://storage.googleapis.com/public-datasets-lila/snapshotserengeti-unzipped/S7/O11/O11_R1/S7_O11_R1_IMAG1124.JPG,Snapshot Serengeti : S7/O11/O11_R1/S7_O11_R1_IMAG1124,Snapshot Serengeti : SER_S7#O11#1#396,Snapshot Serengeti : O11,1,black-backed jackal,06-25-2013 03:30:35,4,train
https://storage.googleapis.com/public-datasets-lila/snapshot-safari-2024-expansion/MTZ/MTZ_S2/C08/C08_R5/MTZ_S2_C08_R5_IMAG0350.JPG,Snapshot Safari 2024 Expansion : MTZ/MTZ_S2/C08/C08_R5/MTZ_S2_C08_R5_IMAG0350.JPG,Snapshot Safari 2024 Expansion : MTZ_S2#C08#5#117,Snapshot Safari 2024 Expansion : MTZ_S2_C08,1,black-backed jackal,,4,val
https://storage.googleapis.com/public-datasets-lila/snapshot-safari-2024-expansion/RUA/RUA_S1/M30/M30_R1/RUA_S1_M30_R1_IMAG0155.JPG,Snapshot Safari 2024 Expansion : RUA/RUA_S1/M30/M30_R1/RUA_S1_M30_R1_IMAG0155.JPG,Snapshot Safari 2024 Expansion : RUA_S1#M30#1#155,Snapshot Safari 2024 Expansion : RUA_S1_M30,0,black-backed jackal,,4,train
https://storage.googleapis.com/public-datasets-lila/snapshotserengeti-unzipped/S9/N06/N06_R3/S9_N06_R3_IMAG0567.JPG,Snapshot Serengeti : S9/N06/N06_R3/S9_N06_R3_IMAG0567,Snapshot Serengeti : SER_S9#N06#3#207,Snapshot Serengeti : N06,1,black-backed jackal,12-29-2014 03:47:23,4,train
https://storage.googleapis.com/public-datasets-lila/snapshot-safari-2024-expansion/KAR/KAR_S2/K04/K04_R5/KAR_S2_K04_R5_IMAG7271.JPG,Snapshot Safari 2024 Expansion : KAR/KAR_S2/K04/K04_R5/KAR_S2_K04_R5_IMAG7271.JPG,Snapshot Safari 2024 Expansion : KAR_S2#K04#5#2425,Snapshot Safari 2024 Expansion : KAR_S2_K04,1,black-backed jackal,,4,test
https://storage.googleapis.com/public-datasets-lila/snapshot-safari-2024-expansion/MTZ/MTZ_S2/D03/D03_R6/MTZ_S2_D03_R6_IMAG0607.JPG,Snapshot Safari 2024 Expansion : MTZ/MTZ_S2/D03/D03_R6/MTZ_S2_D03_R6_IMAG0607.JPG,Snapshot Safari 2024 Expansion : MTZ_S2#D03#6#203,Snapshot Safari 2024 Expansion : MTZ_S2_D03,0,black-backed jackal,,4,test
https://storage.googleapis.com/public-datasets-lila/desert-lion-camera-traps/annotated-imgs/canis mesomelas/Camera Trap/North/Ganias/2013/09/PvL_seq_54770b69-50f8-4fb6-a1ca-d079f171c6af/PICT9990.JPG,Desert Lion Conservation Camera Traps : canis mesomelas/Camera Trap/North/Ganias/2013/09/PvL_seq_54770b69-50f8-4fb6-a1ca-d079f171c6af/PICT9990.JPG,Desert Lion Conservation Camera Traps : unknown,Desert Lion Conservation Camera Traps : unknown,-1,black-backed jackal,,4,train
https://storage.googleapis.com/public-datasets-lila/snapshot-safari-2024-expansion/KGA/KGA_S4/KGAB02/KGAB02_R5/KGA_S4_KGAB02_R5_IMAG0834.JPG,Snapshot Safari 2024 Expansion : KGA/KGA_S4/KGAB02/KGAB02_R5/KGA_S4_KGAB02_R5_IMAG0834.JPG,Snapshot Safari 2024 Expansion : KGA_S4#KGAB02#5#295,Snapshot Safari 2024 Expansion : KGA_S4_KGAB02,1,black-backed jackal,,4,train
https://storage.googleapis.com/public-datasets-lila/desert-lion-camera-traps/annotated-imgs/canis mesomelas/Camera Trap/Events/Leopard/1/PvL_seq_185b254c-00a1-48fb-aaa8-927148e83fcb/PICT0162.JPG,Desert Lion Conservation Camera Traps : canis mesomelas/Camera Trap/Events/Leopard/1/PvL_seq_185b254c-00a1-48fb-aaa8-927148e83fcb/PICT0162.JPG,Desert Lion Conservation Camera Traps : unknown,Desert Lion Conservation Camera Traps : unknown,-1,black-backed jackal,,4,train
https://storage.googleapis.com/public-datasets-lila/snapshot-safari-2024-expansion/MTZ/MTZ_S3/C08/C08_R8/MTZ_S3_C08_R8_IMAG0730.JPG,Snapshot Safari 2024 Expansion : MTZ/MTZ_S3/C08/C08_R8/MTZ_S3_C08_R8_IMAG0730.JPG,Snapshot Safari 2024 Expansion : MTZ_S3#C08#8#244,Snapshot Safari 2024 Expansion : MTZ_S3_C08,0,black-backed jackal,,4,train
https://storage.googleapis.com/public-datasets-lila/snapshotserengeti-unzipped/S2/I13/I13_R2/S2_I13_R2_PICT0050.JPG,Snapshot Serengeti : S2/I13/I13_R2/S2_I13_R2_PICT0050,Snapshot Serengeti : SER_S2#I13#2#18,Snapshot Serengeti : I13,1,black-backed jackal,03-05-2011 22:45:37,4,train
https://storage.googleapis.com/public-datasets-lila/snapshot-safari-2024-expansion/ENO/ENO_S2/C04/C04_R2/ENO_S2_C04_R2_IMAG0274.JPG,Snapshot Safari 2024 Expansion : ENO/ENO_S2/C04/C04_R2/ENO_S2_C04_R2_IMAG0274.JPG,Snapshot Safari 2024 Expansion : ENO_S2#C04#2#131,Snapshot Safari 2024 Expansion : ENO_S2_C04,1,black-backed jackal,,4,train
https://storage.googleapis.com/public-datasets-lila/snapshotserengeti-unzipped/S2/J08/J08_R3/S2_J08_R3_PICT1370.JPG,Snapshot Serengeti : S2/J08/J08_R3/S2_J08_R3_PICT1370,Snapshot Serengeti : SER_S2#J08#3#457,Snapshot Serengeti : J08,2,black-backed jackal,07-31-2011 05:50:03,4,train
https://storage.googleapis.com/public-datasets-lila/snapshot-safari-2024-expansion/KAR/KAR_S2/K05/K05_R5/KAR_S2_K05_R5_IMAG1850.JPG,Snapshot Safari 2024 Expansion : KAR/KAR_S2/K05/K05_R5/KAR_S2_K05_R5_IMAG1850.JPG,Snapshot Safari 2024 Expansion : KAR_S2#K05#5#617,Snapshot Safari 2024 Expansion : KAR_S2_K05,1,black-backed jackal,,4,train
https://storage.googleapis.com/public-datasets-lila/snapshotserengeti-unzipped/S8/H02/H02_R3/S8_H02_R3_IMAG4997.JPG,Snapshot Serengeti : S8/H02/H02_R3/S8_H02_R3_IMAG4997,Snapshot Serengeti : SER_S8#H02#3#1920,Snapshot Serengeti : H02,1,black-backed jackal,04-24-2014 03:02:23,4,train
https://storage.googleapis.com/public-datasets-lila/snapshotserengeti-unzipped/S7/O11/O11_R2/S7_O11_R2_IMAG0215.JPG,Snapshot Serengeti : S7/O11/O11_R2/S7_O11_R2_IMAG0215,Snapshot Serengeti : SER_S7#O11#2#79,Snapshot Serengeti : O11,1,black-backed jackal,07-18-2013 15:02:25,4,train
https://storage.googleapis.com/public-datasets-lila/desert-lion-camera-traps/annotated-imgs/canis mesomelas/Camera Trap/Hoanib/FldPln_Arch/29Nov11/PvL_seq_c556c438-80c5-46ca-9def-2e886715baf0/PICT0062.JPG,Desert Lion Conservation Camera Traps : canis mesomelas/Camera Trap/Hoanib/FldPln_Arch/29Nov11/PvL_seq_c556c438-80c5-46ca-9def-2e886715baf0/PICT0062.JPG,Desert Lion Conservation Camera Traps : unknown,Desert Lion Conservation Camera Traps : unknown,-1,black-backed jackal,,4,train
https://storage.googleapis.com/public-datasets-lila/snapshot-safari-2024-expansion/TSW/TSW_S2/KB04/KB04_R3/TSW_S2_KB04_R3_IMAG0645.JPG,Snapshot Safari 2024 Expansion : TSW/TSW_S2/KB04/KB04_R3/TSW_S2_KB04_R3_IMAG0645.JPG,Snapshot Safari 2024 Expansion : TSW_S2#KB04#3#240,Snapshot Safari 2024 Expansion : TSW_S2_KB04,1,black-backed jackal,,4,train
https://storage.googleapis.com/public-datasets-lila/snapshot-safari-2024-expansion/Snapshot South Africa/MLP/MLP_S3/E05/E05_R6/MLP_S3_E05_R6_IMAG1638.JPG,Snapshot Safari 2024 Expansion : Snapshot South Africa/MLP/MLP_S3/E05/E05_R6/MLP_S3_E05_R6_IMAG1638.JPG,Snapshot Safari 2024 Expansion : MLP_S3#E05#6#546,Snapshot Safari 2024 Expansion : MLP_S3_E05,2,black-backed jackal,,4,test
https://storage.googleapis.com/public-datasets-lila/wcs-unzipped/animals/0301/1564.jpg,WCS Camera Traps : 355c4814-92d5-11e9-8465-000d3a74c7de,WCS Camera Traps : ken-011-d0151-11,WCS Camera Traps : 1439,1,black-backed jackal,02-06-2008 08:42:00,4,train
https://storage.googleapis.com/public-datasets-lila/snapshot-safari-2024-expansion/APN/APN_S4/WB4/WB4_R8/APN_S4_WB4_R8_IMAG0885.JPG,Snapshot Safari 2024 Expansion : APN/APN_S4/WB4/WB4_R8/APN_S4_WB4_R8_IMAG0885.JPG,Snapshot Safari 2024 Expansion : APN_S4#WB4#8#423,Snapshot Safari 2024 Expansion : APN_S4_WB4,0,black-backed jackal,,4,train
https://storage.googleapis.com/public-datasets-lila/desert-lion-camera-traps/annotated-imgs/canis mesomelas/Camera Trap/North/Okongwe/2012/07/PvL_seq_8339d697-f0de-4924-96ff-5b4fdf7e91ec/PICT0138.JPG,Desert Lion Conservation Camera Traps : canis mesomelas/Camera Trap/North/Okongwe/2012/07/PvL_seq_8339d697-f0de-4924-96ff-5b4fdf7e91ec/PICT0138.JPG,Desert Lion Conservation Camera Traps : unknown,Desert Lion Conservation Camera Traps : unknown,-1,black-backed jackal,,4,train
https://storage.googleapis.com/public-datasets-lila/snapshot-safari-2024-expansion/CDB/CDB_S3/C07/C07_R4/CDB_S3_C07_R4_IMAG0294.JPG,Snapshot Safari 2024 Expansion : CDB/CDB_S3/C07/C07_R4/CDB_S3_C07_R4_IMAG0294.JPG,Snapshot Safari 2024 Expansion : CDB_S3#C07#4#136,Snapshot Safari 2024 Expansion : CDB_S3_C07,0,black-backed jackal,,4,val
https://storage.googleapis.com/public-datasets-lila/desert-lion-camera-traps/annotated-imgs/canis mesomelas/Camera Trap/North/Okongwe_Water/2011/02/PvL_seq_11862016-1461-48bc-b287-1df951f24e82/20110225-PICT6631.JPG,Desert Lion Conservation Camera Traps : canis mesomelas/Camera Trap/North/Okongwe_Water/2011/02/PvL_seq_11862016-1461-48bc-b287-1df951f24e82/20110225-PICT6631.JPG,Desert Lion Conservation Camera Traps : unknown,Desert Lion Conservation Camera Traps : unknown,-1,black-backed jackal,,4,train
https://storage.googleapis.com/public-datasets-lila/snapshot-safari-2024-expansion/SER/SER_S12/L10/L10_R2/SER_S12_L10_R2_IMAG2274.JPG,Snapshot Safari 2024 Expansion : SER/SER_S12/L10/L10_R2/SER_S12_L10_R2_IMAG2274.JPG,Snapshot Safari 2024 Expansion : SER_S12#L10#2#802,Snapshot Safari 2024 Expansion : SER_S12_L10,0,black-backed jackal,,4,test
https://storage.googleapis.com/public-datasets-lila/snapshot-safari-2024-expansion/CDB/CDB_S2/B06/B06_R3/CDB_S2_B06_R3_IMAG0296.JPG,Snapshot Safari 2024 Expansion : CDB/CDB_S2/B06/B06_R3/CDB_S2_B06_R3_IMAG0296.JPG,Snapshot Safari 2024 Expansion : CDB_S2#B06#3#150,Snapshot Safari 2024 Expansion : CDB_S2_B06,0,black-backed jackal,,4,train
https://storage.googleapis.com/public-datasets-lila/snapshotserengeti-unzipped/S2/K11/K11_R1/S2_K11_R1_PICT0025.JPG,Snapshot Serengeti : S2/K11/K11_R1/S2_K11_R1_PICT0025,Snapshot Serengeti : SER_S2#K11#1#9,Snapshot Serengeti : K11,3,black-backed jackal,03-04-2011 06:46:07,4,train
https://storage.googleapis.com/public-datasets-lila/snapshot-safari-2024-expansion/KAR/KAR_S2/K04/K04_R5/KAR_S2_K04_R5_IMAG5729.JPG,Snapshot Safari 2024 Expansion : KAR/KAR_S2/K04/K04_R5/KAR_S2_K04_R5_IMAG5729.JPG,Snapshot Safari 2024 Expansion : KAR_S2#K04#5#1911,Snapshot Safari 2024 Expansion : KAR_S2_K04,1,black-backed jackal,,4,test
https://storage.googleapis.com/public-datasets-lila/desert-lion-camera-traps/annotated-imgs/canis mesomelas/Camera Trap/North/Okongwe/2012/08/PvL_seq_efd8dd97-cc1f-4e1f-910d-823651448da8/PICT0183.JPG,Desert Lion Conservation Camera Traps : canis mesomelas/Camera Trap/North/Okongwe/2012/08/PvL_seq_efd8dd97-cc1f-4e1f-910d-823651448da8/PICT0183.JPG,Desert Lion Conservation Camera Traps : unknown,Desert Lion Conservation Camera Traps : unknown,-1,black-backed jackal,,4,train
https://storage.googleapis.com/public-datasets-lila/snapshot-safari-2024-expansion/KGA/KGA_S2/KGAB07/KGAB07_R1/KGA_S2_KGAB07_R1_IMAG0210.JPG,Snapshot Safari 2024 Expansion : KGA/KGA_S2/KGAB07/KGAB07_R1/KGA_S2_KGAB07_R1_IMAG0210.JPG,Snapshot Safari 2024 Expansion : KGA_S2#KGAB07#1#74,Snapshot Safari 2024 Expansion : KGA_S2_KGAB07,2,black-backed jackal,,4,train
https://storage.googleapis.com/public-datasets-lila/snapshot-safari-2024-expansion/Snapshot South Africa/MLP/MLP_S1/E05/E05_R2/MLP_S1_E05_R2_IMAG1246.JPG,Snapshot Safari 2024 Expansion : Snapshot South Africa/MLP/MLP_S1/E05/E05_R2/MLP_S1_E05_R2_IMAG1246.JPG,Snapshot Safari 2024 Expansion : MLP_S1#E05#2#606,Snapshot Safari 2024 Expansion : MLP_S1_E05,0,black-backed jackal,,4,val
https://storage.googleapis.com/public-datasets-lila/desert-lion-camera-traps/annotated-imgs/canis mesomelas/Camera Trap/North/Okongwe/25Feb12/PvL_seq_2e5adf0e-992b-4cbe-805d-06e8cefef21b/PICT1176.JPG,Desert Lion Conservation Camera Traps : canis mesomelas/Camera Trap/North/Okongwe/25Feb12/PvL_seq_2e5adf0e-992b-4cbe-805d-06e8cefef21b/PICT1176.JPG,Desert Lion Conservation Camera Traps : unknown,Desert Lion Conservation Camera Traps : unknown,-1,black-backed jackal,,4,train
https://storage.googleapis.com/public-datasets-lila/snapshot-safari-2024-expansion/Snapshot South Africa/MLP/MLP_S2/F04/F04_R4/MLP_S2_F04_R4_IMAG0316.JPG,Snapshot Safari 2024 Expansion : Snapshot South Africa/MLP/MLP_S2/F04/F04_R4/MLP_S2_F04_R4_IMAG0316.JPG,Snapshot Safari 2024 Expansion : MLP_S2#F04#4#106,Snapshot Safari 2024 Expansion : MLP_S2_F04,0,black-backed jackal,,4,train
https://storage.googleapis.com/public-datasets-lila/snapshotserengeti-unzipped/S2/S13/S13_R2/S2_S13_R2_PICT0702.JPG,Snapshot Serengeti : S2/S13/S13_R2/S2_S13_R2_PICT0702,Snapshot Serengeti : SER_S2#S13#2#234,Snapshot Serengeti : S13,3,black-backed jackal,03-28-2011 04:25:59,4,train
https://storage.googleapis.com/public-datasets-lila/snapshotserengeti-unzipped/S1/K09/K09_R1/S1_K09_R1_PICT6241.JPG,Snapshot Serengeti : S1/K09/K09_R1/S1_K09_R1_PICT6241,Snapshot Serengeti : SER_S1#K09#1#1382,Snapshot Serengeti : K09,3,black-backed jackal,10-25-2010 18:52:50,4,train
https://storage.googleapis.com/public-datasets-lila/snapshot-safari-2024-expansion/RUA/RUA_S1/M7/M7_R1/RUA_S1_M7_R1_IMAG0246.JPG,Snapshot Safari 2024 Expansion : RUA/RUA_S1/M7/M7_R1/RUA_S1_M7_R1_IMAG0246.JPG,Snapshot Safari 2024 Expansion : RUA_S1#M7#1#246,Snapshot Safari 2024 Expansion : RUA_S1_M7,0,black-backed jackal,,4,train
https://storage.googleapis.com/public-datasets-lila/snapshot-safari-2024-expansion/KAR/KAR_S2/K04/K04_R5/KAR_S2_K04_R5_IMAG7681.JPG,Snapshot Safari 2024 Expansion : KAR/KAR_S2/K04/K04_R5/KAR_S2_K04_R5_IMAG7681.JPG,Snapshot Safari 2024 Expansion : KAR_S2#K04#5#2562,Snapshot Safari 2024 Expansion : KAR_S2_K04,0,black-backed jackal,,4,test
https://storage.googleapis.com/public-datasets-lila/snapshot-safari-2024-expansion/KGA/KGA_S3/KGAA09/KGAA09_R4/KGA_S3_KGAA09_R4_IMAG0289.JPG,Snapshot Safari 2024 Expansion : KGA/KGA_S3/KGAA09/KGAA09_R4/KGA_S3_KGAA09_R4_IMAG0289.JPG,Snapshot Safari 2024 Expansion : KGA_S3#KGAA09#4#119,Snapshot Safari 2024 Expansion : KGA_S3_KGAA09,2,black-backed jackal,,4,val
https://storage.googleapis.com/public-datasets-lila/snapshot-safari-2024-expansion/KAR/KAR_S2/K03/K03_R5/KAR_S2_K03_R5_IMAG4880.JPG,Snapshot Safari 2024 Expansion : KAR/KAR_S2/K03/K03_R5/KAR_S2_K03_R5_IMAG4880.JPG,Snapshot Safari 2024 Expansion : KAR_S2#K03#5#1627,Snapshot Safari 2024 Expansion : KAR_S2_K03,1,black-backed jackal,,4,train
https://storage.googleapis.com/public-datasets-lila/snapshot-safari-2024-expansion/TSW/TSW_S2/KB03/KB03_R4/TSW_S2_KB03_R4_IMAG0267.JPG,Snapshot Safari 2024 Expansion : TSW/TSW_S2/KB03/KB03_R4/TSW_S2_KB03_R4_IMAG0267.JPG,Snapshot Safari 2024 Expansion : TSW_S2#KB03#4#140,Snapshot Safari 2024 Expansion : TSW_S2_KB03,1,black-backed jackal,,4,train
https://storage.googleapis.com/public-datasets-lila/snapshot-safari-2024-expansion/Snapshot South Africa/MLP/MLP_S1/E05/E05_R2/MLP_S1_E05_R2_IMAG0762.JPG,Snapshot Safari 2024 Expansion : Snapshot South Africa/MLP/MLP_S1/E05/E05_R2/MLP_S1_E05_R2_IMAG0762.JPG,Snapshot Safari 2024 Expansion : MLP_S1#E05#2#404,Snapshot Safari 2024 Expansion : MLP_S1_E05,2,black-backed jackal,,4,val
https://storage.googleapis.com/public-datasets-lila/desert-lion-camera-traps/annotated-imgs/canis mesomelas/Camera Trap2/PvL_seq_52c87edc-7344-4e9e-ad80-959cd82bc870/PICT0204.JPG,Desert Lion Conservation Camera Traps : canis mesomelas/Camera Trap2/PvL_seq_52c87edc-7344-4e9e-ad80-959cd82bc870/PICT0204.JPG,Desert Lion Conservation Camera Traps : unknown,Desert Lion Conservation Camera Traps : unknown,-1,black-backed jackal,,4,train
https://storage.googleapis.com/public-datasets-lila/desert-lion-camera-traps/annotated-imgs/canis mesomelas/Camera Trap/North/Okongwe_Water/2014/11/PvL_seq_fd8248ce-6130-4cbf-8382-81ed49c1439f/20141105-PICT0169.JPG,Desert Lion Conservation Camera Traps : canis mesomelas/Camera Trap/North/Okongwe_Water/2014/11/PvL_seq_fd8248ce-6130-4cbf-8382-81ed49c1439f/20141105-PICT0169.JPG,Desert Lion Conservation Camera Traps : unknown,Desert Lion Conservation Camera Traps : unknown,-1,black-backed jackal,,4,train
https://storage.googleapis.com/public-datasets-lila/snapshot-safari-2024-expansion/MTZ/MTZ_S3/C08/C08_R8/MTZ_S3_C08_R8_IMAG0355.JPG,Snapshot Safari 2024 Expansion : MTZ/MTZ_S3/C08/C08_R8/MTZ_S3_C08_R8_IMAG0355.JPG,Snapshot Safari 2024 Expansion : MTZ_S3#C08#8#119,Snapshot Safari 2024 Expansion : MTZ_S3_C08,0,black-backed jackal,,4,train
https://storage.googleapis.com/public-datasets-lila/snapshot-safari-2024-expansion/Snapshot South Africa/MLP/MLP_S2/D03/D03_R5/MLP_S2_D03_R5_IMAG0345.JPG,Snapshot Safari 2024 Expansion : Snapshot South Africa/MLP/MLP_S2/D03/D03_R5/MLP_S2_D03_R5_IMAG0345.JPG,Snapshot Safari 2024 Expansion : MLP_S2#D03#5#115,Snapshot Safari 2024 Expansion : MLP_S2_D03,2,black-backed jackal,,4,train
https://storage.googleapis.com/public-datasets-lila/desert-lion-camera-traps/annotated-imgs/canis mesomelas/Camera Trap2/PvL_seq_0728c489-80b1-422c-ab74-360574b7be30/SUNP1374.JPG,Desert Lion Conservation Camera Traps : canis mesomelas/Camera Trap2/PvL_seq_0728c489-80b1-422c-ab74-360574b7be30/SUNP1374.JPG,Desert Lion Conservation Camera Traps : unknown,Desert Lion Conservation Camera Traps : unknown,-1,black-backed jackal,,4,train
https://storage.googleapis.com/public-datasets-lila/snapshotserengeti-unzipped/S5/U13/U13_R3/S5_U13_R3_IMAG1076.JPG,Snapshot Serengeti : S5/U13/U13_R3/S5_U13_R3_IMAG1076,Snapshot Serengeti : SER_S5#U13#3#416,Snapshot Serengeti : U13,3,black-backed jackal,09-15-2012 16:31:16,4,train
https://storage.googleapis.com/public-datasets-lila/desert-lion-camera-traps/annotated-imgs/canis mesomelas/Camera Trap/2016/01/PvL_seq_955ba730-67e3-4249-a422-3a3b4f0d9806/20160122-RCX_1144.JPG,Desert Lion Conservation Camera Traps : canis mesomelas/Camera Trap/2016/01/PvL_seq_955ba730-67e3-4249-a422-3a3b4f0d9806/20160122-RCX_1144.JPG,Desert Lion Conservation Camera Traps : unknown,Desert Lion Conservation Camera Traps : unknown,-1,black-backed jackal,,4,train
https://storage.googleapis.com/public-datasets-lila/snapshot-safari-2024-expansion/KGA/KGA_S3/KGAA05/KGAA05_R4/KGA_S3_KGAA05_R4_IMAG0685.JPG,Snapshot Safari 2024 Expansion : KGA/KGA_S3/KGAA05/KGAA05_R4/KGA_S3_KGAA05_R4_IMAG0685.JPG,Snapshot Safari 2024 Expansion : KGA_S3#KGAA05#4#261,Snapshot Safari 2024 Expansion : KGA_S3_KGAA05,0,black-backed jackal,,4,train
https://storage.googleapis.com/public-datasets-lila/snapshot-safari-2024-expansion/KAR/KAR_S4/KARWA02/KARWA02_R9/KAR_S4_KARWA02_R9_IMAG1178.JPG,Snapshot Safari 2024 Expansion : KAR/KAR_S4/KARWA02/KARWA02_R9/KAR_S4_KARWA02_R9_IMAG1178.JPG,Snapshot Safari 2024 Expansion : KAR_S4#KARWA02#9#394,Snapshot Safari 2024 Expansion : KAR_S4_KARWA02,0,black-backed jackal,,4,train
https://storage.googleapis.com/public-datasets-lila/snapshot-safari-2024-expansion/Snapshot South Africa/MLP/MLP_S2/G06/G06_R5/MLP_S2_G06_R5_IMAG1223.JPG,Snapshot Safari 2024 Expansion : Snapshot South Africa/MLP/MLP_S2/G06/G06_R5/MLP_S2_G06_R5_IMAG1223.JPG,Snapshot Safari 2024 Expansion : MLP_S2#G06#5#408,Snapshot Safari 2024 Expansion : MLP_S2_G06,1,black-backed jackal,,4,train
https://storage.googleapis.com/public-datasets-lila/snapshot-safari/KGA/KGA_public/KGA_S1/B08/B08_R1/KGA_S1_B08_R1_IMAG0085.JPG,Snapshot Kgalagadi : KGA_S1/B08/B08_R1/KGA_S1_B08_R1_IMAG0085,Snapshot Kgalagadi : KGA_S1#B08#1#29,Snapshot Kgalagadi : B08,3,black-backed jackal,12-19-2018 17:32:29,4,val
https://storage.googleapis.com/public-datasets-lila/snapshot-safari/MTZ/MTZ_public/MTZ_S1/E05/E05_R1/MTZ_S1_E05_R1_IMAG1102.JPG,Snapshot Mountain Zebra : MTZ_S1/E05/E05_R1/MTZ_S1_E05_R1_IMAG1102,Snapshot Mountain Zebra : MTZ_S1#E05#1#1102,Snapshot Mountain Zebra : E05,1,black-backed jackal,09-20-2017 21:07:00,4,train
https://storage.googleapis.com/public-datasets-lila/snapshotserengeti-unzipped/S9/N09/N09_R2/S9_N09_R2_IMAG0386.JPG,Snapshot Serengeti : S9/N09/N09_R2/S9_N09_R2_IMAG0386,Snapshot Serengeti : SER_S9#N09#2#147,Snapshot Serengeti : N09,2,black-backed jackal,10-31-2014 13:53:17,4,train
https://storage.googleapis.com/public-datasets-lila/snapshotserengeti-unzipped/S9/L11/L11_R2/S9_L11_R2_IMAG0949.JPG,Snapshot Serengeti : S9/L11/L11_R2/S9_L11_R2_IMAG0949,Snapshot Serengeti : SER_S9#L11#2#357,Snapshot Serengeti : L11,1,black-backed jackal,10-07-2014 20:34:55,4,train
https://storage.googleapis.com/public-datasets-lila/snapshot-safari-2024-expansion/Snapshot South Africa/MLP/MLP_S1/E05/E05_R2/MLP_S1_E05_R2_IMAG1135.JPG,Snapshot Safari 2024 Expansion : Snapshot South Africa/MLP/MLP_S1/E05/E05_R2/MLP_S1_E05_R2_IMAG1135.JPG,Snapshot Safari 2024 Expansion : MLP_S1#E05#2#557,Snapshot Safari 2024 Expansion : MLP_S1_E05,2,black-backed jackal,,4,val
https://storage.googleapis.com/public-datasets-lila/snapshot-safari-2024-expansion/CDB/CDB_S3/C07/C07_R5/CDB_S3_C07_R5_IMAG0141.JPG,Snapshot Safari 2024 Expansion : CDB/CDB_S3/C07/C07_R5/CDB_S3_C07_R5_IMAG0141.JPG,Snapshot Safari 2024 Expansion : CDB_S3#C07#5#67,Snapshot Safari 2024 Expansion : CDB_S3_C07,0,black-backed jackal,,4,val
https://storage.googleapis.com/public-datasets-lila/snapshot-safari-2024-expansion/KAR/KAR_S2/K05/K05_R5/KAR_S2_K05_R5_IMAG4568.JPG,Snapshot Safari 2024 Expansion : KAR/KAR_S2/K05/K05_R5/KAR_S2_K05_R5_IMAG4568.JPG,Snapshot Safari 2024 Expansion : KAR_S2#K05#5#1524,Snapshot Safari 2024 Expansion : KAR_S2_K05,0,black-backed jackal,,4,train
https://storage.googleapis.com/public-datasets-lila/snapshot-safari-2024-expansion/MTZ/MTZ_S2/E08/E08_R6/MTZ_S2_E08_R6_IMAG0223.JPG,Snapshot Safari 2024 Expansion : MTZ/MTZ_S2/E08/E08_R6/MTZ_S2_E08_R6_IMAG0223.JPG,Snapshot Safari 2024 Expansion : MTZ_S2#E08#6#75,Snapshot Safari 2024 Expansion : MTZ_S2_E08,0,black-backed jackal,,4,train
https://storage.googleapis.com/public-datasets-lila/snapshot-safari-2024-expansion/CDB/CDB_S2/B06/B06_R3/CDB_S2_B06_R3_IMAG0217.JPG,Snapshot Safari 2024 Expansion : CDB/CDB_S2/B06/B06_R3/CDB_S2_B06_R3_IMAG0217.JPG,Snapshot Safari 2024 Expansion : CDB_S2#B06#3#101,Snapshot Safari 2024 Expansion : CDB_S2_B06,0,black-backed jackal,,4,train
https://storage.googleapis.com/public-datasets-lila/snapshot-safari-2024-expansion/Snapshot South Africa/MLP/MLP_S1/E05/E05_R2/MLP_S1_E05_R2_IMAG1060.JPG,Snapshot Safari 2024 Expansion : Snapshot South Africa/MLP/MLP_S1/E05/E05_R2/MLP_S1_E05_R2_IMAG1060.JPG,Snapshot Safari 2024 Expansion : MLP_S1#E05#2#528,Snapshot Safari 2024 Expansion : MLP_S1_E05,0,black-backed jackal,,4,val
https://storage.googleapis.com/public-datasets-lila/snapshotserengeti-unzipped/S1/H06/H06_R4/S1_H06_R4_PICT0009.JPG,Snapshot Serengeti : S1/H06/H06_R4/S1_H06_R4_PICT0009,Snapshot Serengeti : SER_S1#H06#4#4,Snapshot Serengeti : H06,2,black-backed jackal,08-23-2010 07:42:24,4,train
https://storage.googleapis.com/public-datasets-lila/snapshot-safari/KAR/KAR_public/KAR_S1/B02/B02_R1/KAR_S1_B02_R1_IMAG0910.JPG,Snapshot Karoo : KAR_S1/B02/B02_R1/KAR_S1_B02_R1_IMAG0910,Snapshot Karoo : KAR_S1#B02#1#350,Snapshot Karoo : B02,3,black-backed jackal,01-26-2018 06:46:13,4,train
https://storage.googleapis.com/public-datasets-lila/snapshot-safari-2024-expansion/KAR/KAR_S4/A02/A02_R9/KAR_S4_A02_R9_IMAG0054.JPG,Snapshot Safari 2024 Expansion : KAR/KAR_S4/A02/A02_R9/KAR_S4_A02_R9_IMAG0054.JPG,Snapshot Safari 2024 Expansion : KAR_S4#A02#9#18,Snapshot Safari 2024 Expansion : KAR_S4_A02,2,black-backed jackal,,4,train
https://storage.googleapis.com/public-datasets-lila/desert-lion-camera-traps/annotated-imgs/canis mesomelas/Camera Trap/Events/Gc_Amps/2012/06/PvL_seq_0efdbc84-d841-453c-9b02-78cc27156e6e/SUNP0470.JPG,Desert Lion Conservation Camera Traps : canis mesomelas/Camera Trap/Events/Gc_Amps/2012/06/PvL_seq_0efdbc84-d841-453c-9b02-78cc27156e6e/SUNP0470.JPG,Desert Lion Conservation Camera Traps : unknown,Desert Lion Conservation Camera Traps : unknown,-1,black-backed jackal,,4,train
https://storage.googleapis.com/public-datasets-lila/snapshot-safari-2024-expansion/MTZ/MTZ_S2/C08/C08_R4/MTZ_S2_C08_R4_IMAG0242.JPG,Snapshot Safari 2024 Expansion : MTZ/MTZ_S2/C08/C08_R4/MTZ_S2_C08_R4_IMAG0242.JPG,Snapshot Safari 2024 Expansion : MTZ_S2#C08#4#144,Snapshot Safari 2024 Expansion : MTZ_S2_C08,0,black-backed jackal,,4,val
https://storage.googleapis.com/public-datasets-lila/snapshot-safari-2024-expansion/KGA/KGA_S4/KGAA10/KGAA10_R5/KGA_S4_KGAA10_R5_IMAG0025.JPG,Snapshot Safari 2024 Expansion : KGA/KGA_S4/KGAA10/KGAA10_R5/KGA_S4_KGAA10_R5_IMAG0025.JPG,Snapshot Safari 2024 Expansion : KGA_S4#KGAA10#5#15,Snapshot Safari 2024 Expansion : KGA_S4_KGAA10,0,black-backed jackal,,4,train
https://storage.googleapis.com/public-datasets-lila/snapshot-safari-2024-expansion/SER/SER_S13/T13/T13_R3/SER_S13_T13_R3_IMAG1460.JPG,Snapshot Safari 2024 Expansion : SER/SER_S13/T13/T13_R3/SER_S13_T13_R3_IMAG1460.JPG,Snapshot Safari 2024 Expansion : SER_S13#T13#3#1458,Snapshot Safari 2024 Expansion : SER_S13_T13,0,black-backed jackal,,4,train
https://storage.googleapis.com/public-datasets-lila/snapshot-safari/CDB/CDB_public/CDB_S1/B07/B07_R2/CDB_S1_B07_R2_IMAG0407.JPG,Snapshot Camdeboo : CDB_S1/B07/B07_R2/CDB_S1_B07_R2_IMAG0407,Snapshot Camdeboo : CDB_S1#B07#2#214,Snapshot Camdeboo : B07,2,black-backed jackal,,4,train
https://storage.googleapis.com/public-datasets-lila/snapshot-safari-2024-expansion/MTZ/MTZ_S2/D03/D03_R5/MTZ_S2_D03_R5_IMAG2004.JPG,Snapshot Safari 2024 Expansion : MTZ/MTZ_S2/D03/D03_R5/MTZ_S2_D03_R5_IMAG2004.JPG,Snapshot Safari 2024 Expansion : MTZ_S2#D03#5#668,Snapshot Safari 2024 Expansion : MTZ_S2_D03,2,black-backed jackal,,4,test
https://storage.googleapis.com/public-datasets-lila/snapshot-safari-2024-expansion/TSW/TSW_S3/KB07/KB07_R7/TSW_S3_KB07_R7_IMAG0097.JPG,Snapshot Safari 2024 Expansion : TSW/TSW_S3/KB07/KB07_R7/TSW_S3_KB07_R7_IMAG0097.JPG,Snapshot Safari 2024 Expansion : TSW_S3#KB07#7#39,Snapshot Safari 2024 Expansion : TSW_S3_KB07,0,black-backed jackal,,4,train
https://storage.googleapis.com/public-datasets-lila/snapshot-safari-2024-expansion/Snapshot Cameo/EFA/EFA_S1/EFA06/EFA06_R16/EFA_S1_EFA06_R16_IMAG0298.JPG,Snapshot Safari 2024 Expansion : Snapshot Cameo/EFA/EFA_S1/EFA06/EFA06_R16/EFA_S1_EFA06_R16_IMAG0298.JPG,Snapshot Safari 2024 Expansion : EFA_S1#EFA06#16#264,Snapshot Safari 2024 Expansion : EFA_S1_EFA06,0,black-backed jackal,,4,train
https://storage.googleapis.com/public-datasets-lila/desert-lion-camera-traps/annotated-imgs/canis mesomelas/Camera Trap2/PvL_seq_90610bbc-1f30-4dd0-bcfc-88235e296824/PICT0311.JPG,Desert Lion Conservation Camera Traps : canis mesomelas/Camera Trap2/PvL_seq_90610bbc-1f30-4dd0-bcfc-88235e296824/PICT0311.JPG,Desert Lion Conservation Camera Traps : unknown,Desert Lion Conservation Camera Traps : unknown,-1,black-backed jackal,,4,train
https://storage.googleapis.com/public-datasets-lila/snapshot-safari-2024-expansion/MTZ/MTZ_S2/C08/C08_R2/MTZ_S2_C08_R2_IMAG0164.JPG,Snapshot Safari 2024 Expansion : MTZ/MTZ_S2/C08/C08_R2/MTZ_S2_C08_R2_IMAG0164.JPG,Snapshot Safari 2024 Expansion : MTZ_S2#C08#2#164,Snapshot Safari 2024 Expansion : MTZ_S2_C08,0,black-backed jackal,,4,val
https://storage.googleapis.com/public-datasets-lila/snapshot-safari/MTZ/MTZ_public/MTZ_S1/B05/B05_R3/MTZ_S1_B05_R3_IMAG7362.JPG,Snapshot Mountain Zebra : MTZ_S1/B05/B05_R3/MTZ_S1_B05_R3_IMAG7362,Snapshot Mountain Zebra : MTZ_S1#B05#3#7362,Snapshot Mountain Zebra : B05,1,black-backed jackal,04-30-2018 16:55:03,4,train
https://storage.googleapis.com/public-datasets-lila/snapshot-safari-2024-expansion/MTZ/MTZ_S3/D03/D03_R7/MTZ_S3_D03_R7_IMAG0279.JPG,Snapshot Safari 2024 Expansion : MTZ/MTZ_S3/D03/D03_R7/MTZ_S3_D03_R7_IMAG0279.JPG,Snapshot Safari 2024 Expansion : MTZ_S3#D03#7#93,Snapshot Safari 2024 Expansion : MTZ_S3_D03,2,black-backed jackal,,4,train
https://storage.googleapis.com/public-datasets-lila/snapshot-safari-2024-expansion/RUA/RUA_S1/M30/M30_R1/RUA_S1_M30_R1_IMAG0107.JPG,Snapshot Safari 2024 Expansion : RUA/RUA_S1/M30/M30_R1/RUA_S1_M30_R1_IMAG0107.JPG,Snapshot Safari 2024 Expansion : RUA_S1#M30#1#107,Snapshot Safari 2024 Expansion : RUA_S1_M30,0,black-backed jackal,,4,train
https://storage.googleapis.com/public-datasets-lila/snapshot-safari-2024-expansion/MTZ/MTZ_S1/C08/C08_R3/MTZ_S1_C08_R3_IMAG0331.JPG,Snapshot Safari 2024 Expansion : MTZ/MTZ_S1/C08/C08_R3/MTZ_S1_C08_R3_IMAG0331.JPG,Snapshot Safari 2024 Expansion : MTZ_S1#C08#3#204,Snapshot Safari 2024 Expansion : MTZ_S1_C08,1,black-backed jackal,,4,test
https://storage.googleapis.com/public-datasets-lila/snapshotserengeti-unzipped/S2/Q11/Q11_R1/S2_Q11_R1_PICT0254.JPG,Snapshot Serengeti : S2/Q11/Q11_R1/S2_Q11_R1_PICT0254,Snapshot Serengeti : SER_S2#Q11#1#86,Snapshot Serengeti : Q11,1,black-backed jackal,02-26-2011 18:35:54,4,val
https://storage.googleapis.com/public-datasets-lila/snapshot-safari-2024-expansion/MTZ/MTZ_S2/C08/C08_R4/MTZ_S2_C08_R4_IMAG0185.JPG,Snapshot Safari 2024 Expansion : MTZ/MTZ_S2/C08/C08_R4/MTZ_S2_C08_R4_IMAG0185.JPG,Snapshot Safari 2024 Expansion : MTZ_S2#C08#4#111,Snapshot Safari 2024 Expansion : MTZ_S2_C08,2,black-backed jackal,,4,val
https://storage.googleapis.com/public-datasets-lila/snapshot-safari-2024-expansion/Snapshot South Africa/MLP/MLP_S2/E05/E05_R5/MLP_S2_E05_R5_IMAG0887.JPG,Snapshot Safari 2024 Expansion : Snapshot South Africa/MLP/MLP_S2/E05/E05_R5/MLP_S2_E05_R5_IMAG0887.JPG,Snapshot Safari 2024 Expansion : MLP_S2#E05#5#296,Snapshot Safari 2024 Expansion : MLP_S2_E05,1,black-backed jackal,,4,train
https://storage.googleapis.com/public-datasets-lila/snapshot-safari-2024-expansion/Snapshot South Africa/MLP/MLP_S3/E05/E05_R6/MLP_S3_E05_R6_IMAG1578.JPG,Snapshot Safari 2024 Expansion : Snapshot South Africa/MLP/MLP_S3/E05/E05_R6/MLP_S3_E05_R6_IMAG1578.JPG,Snapshot Safari 2024 Expansion : MLP_S3#E05#6#526,Snapshot Safari 2024 Expansion : MLP_S3_E05,2,black-backed jackal,,4,test
https://storage.googleapis.com/public-datasets-lila/snapshotserengeti-unzipped/S5/M11/M11_R2/S5_M11_R2_IMAG0033.JPG,Snapshot Serengeti : S5/M11/M11_R2/S5_M11_R2_IMAG0033,Snapshot Serengeti : SER_S5#M11#2#12,Snapshot Serengeti : M11,2,black-backed jackal,07-27-2012 08:42:18,4,train
https://storage.googleapis.com/public-datasets-lila/snapshot-safari-2024-expansion/KAR/KAR_S2/K01/K01_R5/KAR_S2_K01_R5_IMAG5103.JPG,Snapshot Safari 2024 Expansion : KAR/KAR_S2/K01/K01_R5/KAR_S2_K01_R5_IMAG5103.JPG,Snapshot Safari 2024 Expansion : KAR_S2#K01#5#1701,Snapshot Safari 2024 Expansion : KAR_S2_K01,2,black-backed jackal,,4,test
https://storage.googleapis.com/public-datasets-lila/snapshot-safari-2024-expansion/MTZ/MTZ_S2/D03/D03_R5/MTZ_S2_D03_R5_IMAG0183.JPG,Snapshot Safari 2024 Expansion : MTZ/MTZ_S2/D03/D03_R5/MTZ_S2_D03_R5_IMAG0183.JPG,Snapshot Safari 2024 Expansion : MTZ_S2#D03#5#61,Snapshot Safari 2024 Expansion : MTZ_S2_D03,2,black-backed jackal,,4,test
https://storage.googleapis.com/public-datasets-lila/snapshotserengeti-unzipped/S9/M09/M09_R2/S9_M09_R2_IMAG0168.JPG,Snapshot Serengeti : S9/M09/M09_R2/S9_M09_R2_IMAG0168,Snapshot Serengeti : SER_S9#M09#2#58,Snapshot Serengeti : M09,1,black-backed jackal,10-03-2014 22:26:36,4,train
https://storage.googleapis.com/public-datasets-lila/snapshot-safari-2024-expansion/KGA/KGA_S4/KGAB02/KGAB02_R5/KGA_S4_KGAB02_R5_IMAG0666.JPG,Snapshot Safari 2024 Expansion : KGA/KGA_S4/KGAB02/KGAB02_R5/KGA_S4_KGAB02_R5_IMAG0666.JPG,Snapshot Safari 2024 Expansion : KGA_S4#KGAB02#5#232,Snapshot Safari 2024 Expansion : KGA_S4_KGAB02,2,black-backed jackal,,4,train
https://storage.googleapis.com/public-datasets-lila/snapshot-safari-2024-expansion/MTZ/MTZ_S1/D07/D07_R1/MTZ_S1_D07_R1_IMAG2020.JPG,Snapshot Safari 2024 Expansion : MTZ/MTZ_S1/D07/D07_R1/MTZ_S1_D07_R1_IMAG2020.JPG,Snapshot Safari 2024 Expansion : MTZ_S1#D07#1#2020,Snapshot Safari 2024 Expansion : MTZ_S1_D07,0,black-backed jackal,,4,test
https://storage.googleapis.com/public-datasets-lila/snapshotserengeti-unzipped/S2/F05/F05_R1/S2_F05_R1_IMAG0056.JPG,Snapshot Serengeti : S2/F05/F05_R1/S2_F05_R1_IMAG0056,Snapshot Serengeti : SER_S2#F05#1#26,Snapshot Serengeti : F05,1,black-backed jackal,04-09-2011 14:15:18,4,train
https://storage.googleapis.com/public-datasets-lila/desert-lion-camera-traps/annotated-imgs/canis mesomelas/Camera Trap2/PvL_seq_1ea825b3-f5a8-4334-bd84-87c06f802592/SUNP1629.JPG,Desert Lion Conservation Camera Traps : canis mesomelas/Camera Trap2/PvL_seq_1ea825b3-f5a8-4334-bd84-87c06f802592/SUNP1629.JPG,Desert Lion Conservation Camera Traps : unknown,Desert Lion Conservation Camera Traps : unknown,-1,black-backed jackal,,4,train
https://storage.googleapis.com/public-datasets-lila/snapshot-safari/CDB/CDB_public/CDB_S1/B07/B07_R1/CDB_S1_B07_R1_IMAG0350.JPG,Snapshot Camdeboo : CDB_S1/B07/B07_R1/CDB_S1_B07_R1_IMAG0350,Snapshot Camdeboo : CDB_S1#B07#1#196,Snapshot Camdeboo : B07,1,black-backed jackal,,4,train
https://storage.googleapis.com/public-datasets-lila/desert-lion-camera-traps/annotated-imgs/canis mesomelas/Camera Trap/Hoanib/Hnb_N_Gorge/2012/07/PvL_seq_bbe4a9c3-3a95-4515-ad16-826a3de1bbeb/PICT0286-2.JPG,Desert Lion Conservation Camera Traps : canis mesomelas/Camera Trap/Hoanib/Hnb_N_Gorge/2012/07/PvL_seq_bbe4a9c3-3a95-4515-ad16-826a3de1bbeb/PICT0286-2.JPG,Desert Lion Conservation Camera Traps : unknown,Desert Lion Conservation Camera Traps : unknown,-1,black-backed jackal,,4,train
https://storage.googleapis.com/public-datasets-lila/snapshot-safari-2024-expansion/TSW/TSW_S3/KB03/KB03_R6/TSW_S3_KB03_R6_IMAG0069.JPG,Snapshot Safari 2024 Expansion : TSW/TSW_S3/KB03/KB03_R6/TSW_S3_KB03_R6_IMAG0069.JPG,Snapshot Safari 2024 Expansion : TSW_S3#KB03#6#33,Snapshot Safari 2024 Expansion : TSW_S3_KB03,0,black-backed jackal,,4,train
https://storage.googleapis.com/public-datasets-lila/snapshotserengeti-unzipped/S8/Q09/Q09_R3/S8_Q09_R3_IMAG0009.JPG,Snapshot Serengeti : S8/Q09/Q09_R3/S8_Q09_R3_IMAG0009,Snapshot Serengeti : SER_S8#Q09#3#4,Snapshot Serengeti : Q09,2,black-backed jackal,05-02-2014 06:49:33,4,test
https://storage.googleapis.com/public-datasets-lila/snapshotserengeti-unzipped/S10/H02/H02_R1/S10_H02_R1_IMAG0563.JPG,Snapshot Serengeti : S10/H02/H02_R1/S10_H02_R1_IMAG0563,Snapshot Serengeti : SER_S10#H02#1#223,Snapshot Serengeti : H02,1,black-backed jackal,12-14-2014 01:30:32,4,train
https://storage.googleapis.com/public-datasets-lila/snapshot-safari-2024-expansion/KAR/KAR_S2/K02/K02_R5/KAR_S2_K02_R5_IMAG5832.JPG,Snapshot Safari 2024 Expansion : KAR/KAR_S2/K02/K02_R5/KAR_S2_K02_R5_IMAG5832.JPG,Snapshot Safari 2024 Expansion : KAR_S2#K02#5#1945,Snapshot Safari 2024 Expansion : KAR_S2_K02,1,black-backed jackal,,4,train
https://storage.googleapis.com/public-datasets-lila/desert-lion-camera-traps/annotated-imgs/canis mesomelas/Camera Trap/Hoanib/FldPln_Arch/17oct09/PvL_seq_15972492-9784-4af4-83fa-e0ff7b1178d5/CDY_0009.JPG,Desert Lion Conservation Camera Traps : canis mesomelas/Camera Trap/Hoanib/FldPln_Arch/17oct09/PvL_seq_15972492-9784-4af4-83fa-e0ff7b1178d5/CDY_0009.JPG,Desert Lion Conservation Camera Traps : unknown,Desert Lion Conservation Camera Traps : unknown,-1,black-backed jackal,,4,train
https://storage.googleapis.com/public-datasets-lila/snapshot-safari-2024-expansion/MTZ/MTZ_S4/C08/C08_R9/MTZ_S4_C08_R9_IMAG0094.JPG,Snapshot Safari 2024 Expansion : MTZ/MTZ_S4/C08/C08_R9/MTZ_S4_C08_R9_IMAG0094.JPG,Snapshot Safari 2024 Expansion : MTZ_S4#C08#9#32,Snapshot Safari 2024 Expansion : MTZ_S4_C08,0,black-backed jackal,,4,train
https://storage.googleapis.com/public-datasets-lila/snapshotserengeti-unzipped/S5/Q11/Q11_R2/S5_Q11_R2_IMAG0123.JPG,Snapshot Serengeti : S5/Q11/Q11_R2/S5_Q11_R2_IMAG0123,Snapshot Serengeti : SER_S5#Q11#2#49,Snapshot Serengeti : Q11,3,black-backed jackal,07-05-2012 17:57:50,4,val
https://storage.googleapis.com/public-datasets-lila/desert-lion-camera-traps/annotated-imgs/canis mesomelas/Camera Trap/North/Mowe/41111/PvL_seq_eb8e6c74-c851-4118-b62f-06b80880e517/PICT0052.JPG,Desert Lion Conservation Camera Traps : canis mesomelas/Camera Trap/North/Mowe/41111/PvL_seq_eb8e6c74-c851-4118-b62f-06b80880e517/PICT0052.JPG,Desert Lion Conservation Camera Traps : unknown,Desert Lion Conservation Camera Traps : unknown,-1,black-backed jackal,,4,train
https://storage.googleapis.com/public-datasets-lila/snapshotserengeti-unzipped/S6/O12/O12_R2/S6_O12_R2_IMAG0790.JPG,Snapshot Serengeti : S6/O12/O12_R2/S6_O12_R2_IMAG0790,Snapshot Serengeti : SER_S6#O12#2#264,Snapshot Serengeti : O12,3,black-backed jackal,02-09-2013 08:29:10,4,train
https://storage.googleapis.com/public-datasets-lila/snapshot-safari-2024-expansion/Snapshot South Africa/MLP/MLP_S2/F04/F04_R4/MLP_S2_F04_R4_IMAG0317.JPG,Snapshot Safari 2024 Expansion : Snapshot South Africa/MLP/MLP_S2/F04/F04_R4/MLP_S2_F04_R4_IMAG0317.JPG,Snapshot Safari 2024 Expansion : MLP_S2#F04#4#106,Snapshot Safari 2024 Expansion : MLP_S2_F04,1,black-backed jackal,,4,train
https://storage.googleapis.com/public-datasets-lila/snapshotserengeti-unzipped/S6/D13/D13_R2/S6_D13_R2_IMAG0336.JPG,Snapshot Serengeti : S6/D13/D13_R2/S6_D13_R2_IMAG0336,Snapshot Serengeti : SER_S6#D13#2#132,Snapshot Serengeti : D13,1,black-backed jackal,02-20-2013 19:13:23,4,train
https://storage.googleapis.com/public-datasets-lila/snapshotserengeti-unzipped/S7/M10/M10_R1/S7_M10_R1_IMAG1114.JPG,Snapshot Serengeti : S7/M10/M10_R1/S7_M10_R1_IMAG1114,Snapshot Serengeti : SER_S7#M10#1#396,Snapshot Serengeti : M10,3,black-backed jackal,06-21-2013 14:01:32,4,train
https://storage.googleapis.com/public-datasets-lila/snapshot-safari-2024-expansion/Snapshot South Africa/MLP/MLP_S2/H05/H05_R5/MLP_S2_H05_R5_IMAG0377.JPG,Snapshot Safari 2024 Expansion : Snapshot South Africa/MLP/MLP_S2/H05/H05_R5/MLP_S2_H05_R5_IMAG0377.JPG,Snapshot Safari 2024 Expansion : MLP_S2#H05#5#126,Snapshot Safari 2024 Expansion : MLP_S2_H05,1,black-backed jackal,,4,train
https://storage.googleapis.com/public-datasets-lila/snapshot-safari-2024-expansion/CDB/CDB_S1/B07/B07_R1/CDB_S1_B07_R1_IMAG0978.JPG,Snapshot Safari 2024 Expansion : CDB/CDB_S1/B07/B07_R1/CDB_S1_B07_R1_IMAG0978.JPG,Snapshot Safari 2024 Expansion : CDB_S1#B07#1#469,Snapshot Safari 2024 Expansion : CDB_S1_B07,1,black-backed jackal,,4,train
https://storage.googleapis.com/public-datasets-lila/snapshotserengeti-unzipped/S2/M13/M13_R1/S2_M13_R1_PICT1600.JPG,Snapshot Serengeti : S2/M13/M13_R1/S2_M13_R1_PICT1600,Snapshot Serengeti : SER_S2#M13#1#534,Snapshot Serengeti : M13,3,black-backed jackal,02-23-2011 17:51:04,4,test
https://storage.googleapis.com/public-datasets-lila/snapshot-safari-2024-expansion/KAR/KAR_S2/B03/B03_R4/KAR_S2_B03_R4_IMAG0233.JPG,Snapshot Safari 2024 Expansion : KAR/KAR_S2/B03/B03_R4/KAR_S2_B03_R4_IMAG0233.JPG,Snapshot Safari 2024 Expansion : KAR_S2#B03#4#85,Snapshot Safari 2024 Expansion : KAR_S2_B03,0,black-backed jackal,,4,train
https://storage.googleapis.com/public-datasets-lila/snapshot-safari-2024-expansion/MAD/MAD_S1/A05/A05_R3/MAD_S1_A05_R3_IMAG0322.JPG,Snapshot Safari 2024 Expansion : MAD/MAD_S1/A05/A05_R3/MAD_S1_A05_R3_IMAG0322.JPG,Snapshot Safari 2024 Expansion : MAD_S1#A05#3#108,Snapshot Safari 2024 Expansion : MAD_S1_A05,0,black-backed jackal,,4,train
https://storage.googleapis.com/public-datasets-lila/snapshot-safari/CDB/CDB_public/CDB_S1/F03/F03_R1/CDB_S1_F03_R1_IMAG0224.JPG,Snapshot Camdeboo : CDB_S1/F03/F03_R1/CDB_S1_F03_R1_IMAG0224,Snapshot Camdeboo : CDB_S1#F03#1#120,Snapshot Camdeboo : F03,1,black-backed jackal,,4,train
https://storage.googleapis.com/public-datasets-lila/snapshot-safari-2024-expansion/MTZ/MTZ_S1/E06/E06_R3/MTZ_S1_E06_R3_IMAG1809.JPG,Snapshot Safari 2024 Expansion : MTZ/MTZ_S1/E06/E06_R3/MTZ_S1_E06_R3_IMAG1809.JPG,Snapshot Safari 2024 Expansion : MTZ_S1#E06#3#1809,Snapshot Safari 2024 Expansion : MTZ_S1_E06,0,black-backed jackal,,4,train
https://storage.googleapis.com/public-datasets-lila/snapshotserengeti-unzipped/SER_S11/I11/I11_R1/SER_S11_I11_R1_IMAG0061.JPG,Snapshot Serengeti : SER_S11/I11/I11_R1/SER_S11_I11_R1_IMAG0061,Snapshot Serengeti : SER_S11#I11#1#60,Snapshot Serengeti : I11,1,black-backed jackal,09-07-2015 20:22:26,4,test
https://storage.googleapis.com/public-datasets-lila/snapshot-safari-2024-expansion/KGA/KGA_S3/KGAB09/KGAB09_R3/KGA_S3_KGAB09_R3_IMAG0086.JPG,Snapshot Safari 2024 Expansion : KGA/KGA_S3/KGAB09/KGAB09_R3/KGA_S3_KGAB09_R3_IMAG0086.JPG,Snapshot Safari 2024 Expansion : KGA_S3#KGAB09#3#38,Snapshot Safari 2024 Expansion : KGA_S3_KGAB09,0,black-backed jackal,,4,train
https://storage.googleapis.com/public-datasets-lila/snapshot-safari-2024-expansion/KAR/KAR_S2/B02/B02_R2/KAR_S2_B02_R2_IMAG0103.JPG,Snapshot Safari 2024 Expansion : KAR/KAR_S2/B02/B02_R2/KAR_S2_B02_R2_IMAG0103.JPG,Snapshot Safari 2024 Expansion : KAR_S2#B02#2#48,Snapshot Safari 2024 Expansion : KAR_S2_B02,1,black-backed jackal,,4,val
https://storage.googleapis.com/public-datasets-lila/snapshot-safari-2024-expansion/LEC/LEC_S1/K29/K29_R2/LEC_S1_K29_R2_IMAG0114.JPG,Snapshot Safari 2024 Expansion : LEC/LEC_S1/K29/K29_R2/LEC_S1_K29_R2_IMAG0114.JPG,Snapshot Safari 2024 Expansion : LEC_S1#K29#2#52,Snapshot Safari 2024 Expansion : LEC_S1_K29,0,black-backed jackal,,4,train
https://storage.googleapis.com/public-datasets-lila/snapshot-safari-2024-expansion/MTZ/MTZ_S2/E03/E03_R2/MTZ_S2_E03_R2_IMAG0009.JPG,Snapshot Safari 2024 Expansion : MTZ/MTZ_S2/E03/E03_R2/MTZ_S2_E03_R2_IMAG0009.JPG,Snapshot Safari 2024 Expansion : MTZ_S2#E03#2#9,Snapshot Safari 2024 Expansion : MTZ_S2_E03,0,black-backed jackal,,4,train
https://storage.googleapis.com/public-datasets-lila/snapshotserengeti-unzipped/S9/H02/H02_R3/S9_H02_R3_IMAG0364.JPG,Snapshot Serengeti : S9/H02/H02_R3/S9_H02_R3_IMAG0364,Snapshot Serengeti : SER_S9#H02#3#192,Snapshot Serengeti : H02,1,black-backed jackal,10-03-2014 01:27:44,4,train
https://storage.googleapis.com/public-datasets-lila/snapshotserengeti-unzipped/SER_S11/J12/J12_R1/SER_S11_J12_R1_IMAG2417.JPG,Snapshot Serengeti : SER_S11/J12/J12_R1/SER_S11_J12_R1_IMAG2417,Snapshot Serengeti : SER_S11#J12#1#849,Snapshot Serengeti : J12,3,black-backed jackal,10-27-2015 07:55:51,4,train
https://storage.googleapis.com/public-datasets-lila/snapshotserengeti-unzipped/S2/J08/J08_R3/S2_J08_R3_PICT1369.JPG,Snapshot Serengeti : S2/J08/J08_R3/S2_J08_R3_PICT1369,Snapshot Serengeti : SER_S2#J08#3#457,Snapshot Serengeti : J08,1,black-backed jackal,07-31-2011 05:50:03,4,train
https://storage.googleapis.com/public-datasets-lila/desert-lion-camera-traps/annotated-imgs/canis mesomelas/Camera Trap/South/Gai-Ais/2014/11/PvL_seq_b0bfb69e-e345-4114-aaab-7c0e939d3575/20141124-PICT9587.JPG,Desert Lion Conservation Camera Traps : canis mesomelas/Camera Trap/South/Gai-Ais/2014/11/PvL_seq_b0bfb69e-e345-4114-aaab-7c0e939d3575/20141124-PICT9587.JPG,Desert Lion Conservation Camera Traps : unknown,Desert Lion Conservation Camera Traps : unknown,-1,black-backed jackal,,4,train
https://storage.googleapis.com/public-datasets-lila/snapshotserengeti-unzipped/SER_S11/N06/N06_R1/SER_S11_N06_R1_IMAG0746.JPG,Snapshot Serengeti : SER_S11/N06/N06_R1/SER_S11_N06_R1_IMAG0746,Snapshot Serengeti : SER_S11#N06#1#269,Snapshot Serengeti : N06,1,black-backed jackal,09-30-2015 12:08:08,4,train
https://storage.googleapis.com/public-datasets-lila/wcs-unzipped/animals/0029/1105.jpg,WCS Camera Traps : d1c50ea4-92d4-11e9-92f6-000d3a74c7de,WCS Camera Traps : ken-004-d0054-264,WCS Camera Traps : 341,3,black-backed jackal,11-10-2010 18:11:23,4,train
https://storage.googleapis.com/public-datasets-lila/snapshot-safari-2024-expansion/KAR/KAR_S2/K01/K01_R6/KAR_S2_K01_R6_IMAG0980.JPG,Snapshot Safari 2024 Expansion : KAR/KAR_S2/K01/K01_R6/KAR_S2_K01_R6_IMAG0980.JPG,Snapshot Safari 2024 Expansion : KAR_S2#K01#6#327,Snapshot Safari 2024 Expansion : KAR_S2_K01,1,black-backed jackal,,4,test
https://storage.googleapis.com/public-datasets-lila/snapshot-safari-2024-expansion/KAR/KAR_S4/KARWA03/KARWA03_R9/KAR_S4_KARWA03_R9_IMAG2373.JPG,Snapshot Safari 2024 Expansion : KAR/KAR_S4/KARWA03/KARWA03_R9/KAR_S4_KARWA03_R9_IMAG2373.JPG,Snapshot Safari 2024 Expansion : KAR_S4#KARWA03#9#791,Snapshot Safari 2024 Expansion : KAR_S4_KARWA03,2,black-backed jackal,,4,train
https://storage.googleapis.com/public-datasets-lila/snapshot-safari/KAR/KAR_public/KAR_S1/B02/B02_R1/KAR_S1_B02_R1_IMAG0912.JPG,Snapshot Karoo : KAR_S1/B02/B02_R1/KAR_S1_B02_R1_IMAG0912,Snapshot Karoo : KAR_S1#B02#1#351,Snapshot Karoo : B02,2,black-backed jackal,01-26-2018 06:47:30,4,train
https://storage.googleapis.com/public-datasets-lila/snapshot-safari-2024-expansion/SER/SER_S13/C13/C13_R2/SER_S13_C13_R2_IMAG0562.JPG,Snapshot Safari 2024 Expansion : SER/SER_S13/C13/C13_R2/SER_S13_C13_R2_IMAG0562.JPG,Snapshot Safari 2024 Expansion : SER_S13#C13#2#560,Snapshot Safari 2024 Expansion : SER_S13_C13,0,black-backed jackal,,4,train
https://storage.googleapis.com/public-datasets-lila/snapshot-safari-2024-expansion/MTZ/MTZ_S2/C08/C08_R4/MTZ_S2_C08_R4_IMAG0385.JPG,Snapshot Safari 2024 Expansion : MTZ/MTZ_S2/C08/C08_R4/MTZ_S2_C08_R4_IMAG0385.JPG,Snapshot Safari 2024 Expansion : MTZ_S2#C08#4#225,Snapshot Safari 2024 Expansion : MTZ_S2_C08,2,black-backed jackal,,4,val
https://storage.googleapis.com/public-datasets-lila/desert-lion-camera-traps/annotated-imgs/canis mesomelas/Camera Trap/North/Ganias/2013/09/PvL_seq_88370428-6766-4c28-a487-12d914ab0f3e/PICT9980.JPG,Desert Lion Conservation Camera Traps : canis mesomelas/Camera Trap/North/Ganias/2013/09/PvL_seq_88370428-6766-4c28-a487-12d914ab0f3e/PICT9980.JPG,Desert Lion Conservation Camera Traps : unknown,Desert Lion Conservation Camera Traps : unknown,-1,black-backed jackal,,4,train
https://storage.googleapis.com/public-datasets-lila/snapshot-safari-2024-expansion/Snapshot South Africa/MLP/MLP_S3/E05/E05_R6/MLP_S3_E05_R6_IMAG1518.JPG,Snapshot Safari 2024 Expansion : Snapshot South Africa/MLP/MLP_S3/E05/E05_R6/MLP_S3_E05_R6_IMAG1518.JPG,Snapshot Safari 2024 Expansion : MLP_S3#E05#6#506,Snapshot Safari 2024 Expansion : MLP_S3_E05,2,black-backed jackal,,4,test
https://storage.googleapis.com/public-datasets-lila/snapshotserengeti-unzipped/S10/C11/C11_R1/S10_C11_R1_IMAG0475.JPG,Snapshot Serengeti : S10/C11/C11_R1/S10_C11_R1_IMAG0475,Snapshot Serengeti : SER_S10#C11#1#195,Snapshot Serengeti : C11,1,black-backed jackal,02-25-2015 07:26:54,4,val
https://storage.googleapis.com/public-datasets-lila/snapshot-safari-2024-expansion/ENO/ENO_S4/C02/C02_R1/ENO_S4_C02_R1_IMAG0581.JPG,Snapshot Safari 2024 Expansion : ENO/ENO_S4/C02/C02_R1/ENO_S4_C02_R1_IMAG0581.JPG,Snapshot Safari 2024 Expansion : ENO_S4#C02#1#228,Snapshot Safari 2024 Expansion : ENO_S4_C02,1,black-backed jackal,,4,val
https://storage.googleapis.com/public-datasets-lila/snapshot-safari-2024-expansion/CDB/CDB_S3/E02/E02_R5/CDB_S3_E02_R5_IMAG0198.JPG,Snapshot Safari 2024 Expansion : CDB/CDB_S3/E02/E02_R5/CDB_S3_E02_R5_IMAG0198.JPG,Snapshot Safari 2024 Expansion : CDB_S3#E02#5#96,Snapshot Safari 2024 Expansion : CDB_S3_E02,0,black-backed jackal,,4,train
https://storage.googleapis.com/public-datasets-lila/snapshot-safari-2024-expansion/ENO/ENO_S3/B03/B03_R1/ENO_S3_B03_R1_IMAG0026.JPG,Snapshot Safari 2024 Expansion : ENO/ENO_S3/B03/B03_R1/ENO_S3_B03_R1_IMAG0026.JPG,Snapshot Safari 2024 Expansion : ENO_S3#B03#1#18,Snapshot Safari 2024 Expansion : ENO_S3_B03,0,black-backed jackal,,4,train
https://storage.googleapis.com/public-datasets-lila/desert-lion-camera-traps/annotated-imgs/canis mesomelas/Camera Trap/North/Ganias/2013/08/PvL_seq_1add72ff-da84-44e3-b6ec-4040799361e5/PICT7668.JPG,Desert Lion Conservation Camera Traps : canis mesomelas/Camera Trap/North/Ganias/2013/08/PvL_seq_1add72ff-da84-44e3-b6ec-4040799361e5/PICT7668.JPG,Desert Lion Conservation Camera Traps : unknown,Desert Lion Conservation Camera Traps : unknown,-1,black-backed jackal,,4,train
https://storage.googleapis.com/public-datasets-lila/snapshot-safari-2024-expansion/MTZ/MTZ_S3/C07/C07_R8/MTZ_S3_C07_R8_IMAG0036.JPG,Snapshot Safari 2024 Expansion : MTZ/MTZ_S3/C07/C07_R8/MTZ_S3_C07_R8_IMAG0036.JPG,Snapshot Safari 2024 Expansion : MTZ_S3#C07#8#36,Snapshot Safari 2024 Expansion : MTZ_S3_C07,0,black-backed jackal,,4,train
https://storage.googleapis.com/public-datasets-lila/desert-lion-camera-traps/annotated-imgs/canis mesomelas/Camera Trap2/PvL_seq_5d679dad-092e-4407-8a99-1a7f6824fee9/SUNP1216.JPG,Desert Lion Conservation Camera Traps : canis mesomelas/Camera Trap2/PvL_seq_5d679dad-092e-4407-8a99-1a7f6824fee9/SUNP1216.JPG,Desert Lion Conservation Camera Traps : unknown,Desert Lion Conservation Camera Traps : unknown,-1,black-backed jackal,,4,train
https://storage.googleapis.com/public-datasets-lila/snapshot-safari-2024-expansion/KAR/KAR_S4/KARWA03/KARWA03_R9/KAR_S4_KARWA03_R9_IMAG4292.JPG,Snapshot Safari 2024 Expansion : KAR/KAR_S4/KARWA03/KARWA03_R9/KAR_S4_KARWA03_R9_IMAG4292.JPG,Snapshot Safari 2024 Expansion : KAR_S4#KARWA03#9#1432,Snapshot Safari 2024 Expansion : KAR_S4_KARWA03,0,black-backed jackal,,4,train
https://storage.googleapis.com/public-datasets-lila/snapshot-safari/CDB/CDB_public/CDB_S1/B07/B07_R2/CDB_S1_B07_R2_IMAG0014.JPG,Snapshot Camdeboo : CDB_S1/B07/B07_R2/CDB_S1_B07_R2_IMAG0014,Snapshot Camdeboo : CDB_S1#B07#2#6,Snapshot Camdeboo : B07,1,black-backed jackal,,4,train
https://storage.googleapis.com/public-datasets-lila/snapshot-safari/CDB/CDB_public/CDB_S1/F03/F03_R1/CDB_S1_F03_R1_IMAG0103.JPG,Snapshot Camdeboo : CDB_S1/F03/F03_R1/CDB_S1_F03_R1_IMAG0103,Snapshot Camdeboo : CDB_S1#F03#1#65,Snapshot Camdeboo : F03,1,black-backed jackal,,4,train
https://storage.googleapis.com/public-datasets-lila/snapshotserengeti-unzipped/S8/C11/C11_R1/S8_C11_R1_IMAG0589.JPG,Snapshot Serengeti : S8/C11/C11_R1/S8_C11_R1_IMAG0589,Snapshot Serengeti : SER_S8#C11#1#199,Snapshot Serengeti : C11,1,black-backed jackal,11-01-2013 20:54:25,4,val
https://storage.googleapis.com/public-datasets-lila/snapshot-safari-2024-expansion/TSW/TSW_S1/LC03/LC03_R1/TSW_S1_LC03_R1_IMAG0993.JPG,Snapshot Safari 2024 Expansion : TSW/TSW_S1/LC03/LC03_R1/TSW_S1_LC03_R1_IMAG0993.JPG,Snapshot Safari 2024 Expansion : TSW_S1#LC03#1#371,Snapshot Safari 2024 Expansion : TSW_S1_LC03,0,black-backed jackal,,4,test
https://storage.googleapis.com/public-datasets-lila/snapshotserengeti-unzipped/S9/B06/B06_R1/S9_B06_R1_IMAG2021.JPG,Snapshot Serengeti : S9/B06/B06_R1/S9_B06_R1_IMAG2021,Snapshot Serengeti : SER_S9#B06#1#737,Snapshot Serengeti : B06,2,black-backed jackal,08-07-2014 17:48:04,4,train
https://storage.googleapis.com/public-datasets-lila/snapshot-safari-2024-expansion/MTZ/MTZ_S3/E03/E03_R7/MTZ_S3_E03_R7_IMAG0029.JPG,Snapshot Safari 2024 Expansion : MTZ/MTZ_S3/E03/E03_R7/MTZ_S3_E03_R7_IMAG0029.JPG,Snapshot Safari 2024 Expansion : MTZ_S3#E03#7#10,Snapshot Safari 2024 Expansion : MTZ_S3_E03,1,black-backed jackal,,4,train
https://storage.googleapis.com/public-datasets-lila/snapshot-safari-2024-expansion/Snapshot South Africa/MLP/MLP_S2/H05/H05_R5/MLP_S2_H05_R5_IMAG0031.JPG,Snapshot Safari 2024 Expansion : Snapshot South Africa/MLP/MLP_S2/H05/H05_R5/MLP_S2_H05_R5_IMAG0031.JPG,Snapshot Safari 2024 Expansion : MLP_S2#H05#5#11,Snapshot Safari 2024 Expansion : MLP_S2_H05,0,black-backed jackal,,4,train
https://storage.googleapis.com/public-datasets-lila/snapshot-safari-2024-expansion/TSW/TSW_S1/LD03/LD03_R2/TSW_S1_LD03_R2_IMAG0107.JPG,Snapshot Safari 2024 Expansion : TSW/TSW_S1/LD03/LD03_R2/TSW_S1_LD03_R2_IMAG0107.JPG,Snapshot Safari 2024 Expansion : TSW_S1#LD03#2#45,Snapshot Safari 2024 Expansion : TSW_S1_LD03,0,black-backed jackal,,4,train
https://storage.googleapis.com/public-datasets-lila/snapshot-safari-2024-expansion/CDB/CDB_S2/E02/E02_R3/CDB_S2_E02_R3_IMAG0037.JPG,Snapshot Safari 2024 Expansion : CDB/CDB_S2/E02/E02_R3/CDB_S2_E02_R3_IMAG0037.JPG,Snapshot Safari 2024 Expansion : CDB_S2#E02#3#15,Snapshot Safari 2024 Expansion : CDB_S2_E02,0,black-backed jackal,,4,train
https://storage.googleapis.com/public-datasets-lila/snapshot-safari-2024-expansion/SER/SER_S12/H08/H08_R2/SER_S12_H08_R2_IMAG1418.JPG,Snapshot Safari 2024 Expansion : SER/SER_S12/H08/H08_R2/SER_S12_H08_R2_IMAG1418.JPG,Snapshot Safari 2024 Expansion : SER_S12#H08#2#1416,Snapshot Safari 2024 Expansion : SER_S12_H08,0,black-backed jackal,,4,train
https://storage.googleapis.com/public-datasets-lila/snapshot-safari-2024-expansion/TSW/TSW_S2/KB03/KB03_R4/TSW_S2_KB03_R4_IMAG0112.JPG,Snapshot Safari 2024 Expansion : TSW/TSW_S2/KB03/KB03_R4/TSW_S2_KB03_R4_IMAG0112.JPG,Snapshot Safari 2024 Expansion : TSW_S2#KB03#4#60,Snapshot Safari 2024 Expansion : TSW_S2_KB03,0,black-backed jackal,,4,train
https://storage.googleapis.com/public-datasets-lila/snapshot-safari-2024-expansion/MTZ/MTZ_S1/E05/E05_R1/MTZ_S1_E05_R1_IMAG0555.JPG,Snapshot Safari 2024 Expansion : MTZ/MTZ_S1/E05/E05_R1/MTZ_S1_E05_R1_IMAG0555.JPG,Snapshot Safari 2024 Expansion : MTZ_S1#E05#1#555,Snapshot Safari 2024 Expansion : MTZ_S1_E05,0,black-backed jackal,,4,train
https://storage.googleapis.com/public-datasets-lila/snapshot-safari-2024-expansion/SER/SER_S13/C01/C01_R2/SER_S13_C01_R2_IMAG0968.JPG,Snapshot Safari 2024 Expansion : SER/SER_S13/C01/C01_R2/SER_S13_C01_R2_IMAG0968.JPG,Snapshot Safari 2024 Expansion : SER_S13#C01#2#967,Snapshot Safari 2024 Expansion : SER_S13_C01,0,black-backed jackal,,4,test
https://storage.googleapis.com/public-datasets-lila/snapshot-safari-2024-expansion/KAR/KAR_S2/B02/B02_R2/KAR_S2_B02_R2_IMAG0152.JPG,Snapshot Safari 2024 Expansion : KAR/KAR_S2/B02/B02_R2/KAR_S2_B02_R2_IMAG0152.JPG,Snapshot Safari 2024 Expansion : KAR_S2#B02#2#66,Snapshot Safari 2024 Expansion : KAR_S2_B02,2,black-backed jackal,,4,val
https://storage.googleapis.com/public-datasets-lila/snapshot-safari-2024-expansion/Snapshot South Africa/MLP/MLP_S3/D01/D01_R6/MLP_S3_D01_R6_IMAG0079.JPG,Snapshot Safari 2024 Expansion : Snapshot South Africa/MLP/MLP_S3/D01/D01_R6/MLP_S3_D01_R6_IMAG0079.JPG,Snapshot Safari 2024 Expansion : MLP_S3#D01#6#27,Snapshot Safari 2024 Expansion : MLP_S3_D01,0,black-backed jackal,,4,train
https://storage.googleapis.com/public-datasets-lila/snapshot-safari-2024-expansion/SER/SER_S13/Q08/Q08_R2/SER_S13_Q08_R2_IMAG2601.JPG,Snapshot Safari 2024 Expansion : SER/SER_S13/Q08/Q08_R2/SER_S13_Q08_R2_IMAG2601.JPG,Snapshot Safari 2024 Expansion : SER_S13#Q08#2#903,Snapshot Safari 2024 Expansion : SER_S13_Q08,0,black-backed jackal,,4,train
https://storage.googleapis.com/public-datasets-lila/snapshot-safari-2024-expansion/KAR/KAR_S1/B03/B03_R1/KAR_S1_B03_R1_IMAG0230.JPG,Snapshot Safari 2024 Expansion : KAR/KAR_S1/B03/B03_R1/KAR_S1_B03_R1_IMAG0230.JPG,Snapshot Safari 2024 Expansion : KAR_S1#B03#1#94,Snapshot Safari 2024 Expansion : KAR_S1_B03,0,black-backed jackal,,4,train
https://storage.googleapis.com/public-datasets-lila/snapshot-safari-2024-expansion/PLN/PLN_S3a/C01/C01_R8/PLN_S3a_C01_R8_IMAG0043.JPG,Snapshot Safari 2024 Expansion : PLN/PLN_S3a/C01/C01_R8/PLN_S3a_C01_R8_IMAG0043.JPG,Snapshot Safari 2024 Expansion : PLN_S3a#C01#8#22,Snapshot Safari 2024 Expansion : PLN_S3A_C01,1,black-backed jackal,,4,val
https://storage.googleapis.com/public-datasets-lila/snapshot-safari-2024-expansion/SER/SER_S13/P05/P05_R1/SER_S13_P05_R1_IMAG1438.JPG,Snapshot Safari 2024 Expansion : SER/SER_S13/P05/P05_R1/SER_S13_P05_R1_IMAG1438.JPG,Snapshot Safari 2024 Expansion : SER_S13#P05#1#498,Snapshot Safari 2024 Expansion : SER_S13_P05,0,black-backed jackal,,4,val
https://storage.googleapis.com/public-datasets-lila/snapshotserengeti-unzipped/S4/U09/U09_R2/S4_U09_R2_IMAG0073.JPG,Snapshot Serengeti : S4/U09/U09_R2/S4_U09_R2_IMAG0073,Snapshot Serengeti : SER_S4#U09#2#25,Snapshot Serengeti : U09,3,black-backed jackal,02-29-2012 06:43:13,4,test
https://storage.googleapis.com/public-datasets-lila/snapshot-safari-2024-expansion/TSW/TSW_S1/LD03/LD03_R1/TSW_S1_LD03_R1_IMAG2724.JPG,Snapshot Safari 2024 Expansion : TSW/TSW_S1/LD03/LD03_R1/TSW_S1_LD03_R1_IMAG2724.JPG,Snapshot Safari 2024 Expansion : TSW_S1#LD03#1#930,Snapshot Safari 2024 Expansion : TSW_S1_LD03,2,black-backed jackal,,4,train
https://storage.googleapis.com/public-datasets-lila/snapshotserengeti-unzipped/S4/S13/S13_R2/S4_S13_R2_IMAG0779.JPG,Snapshot Serengeti : S4/S13/S13_R2/S4_S13_R2_IMAG0779,Snapshot Serengeti : SER_S4#S13#2#267,Snapshot Serengeti : S13,3,black-backed jackal,02-28-2012 16:13:02,4,train
https://storage.googleapis.com/public-datasets-lila/snapshot-safari/KAR/KAR_public/KAR_S1/B02/B02_R1/KAR_S1_B02_R1_IMAG0074.JPG,Snapshot Karoo : KAR_S1/B02/B02_R1/KAR_S1_B02_R1_IMAG0074,Snapshot Karoo : KAR_S1#B02#1#27,Snapshot Karoo : B02,2,black-backed jackal,10-13-2017 07:16:47,4,train
https://storage.googleapis.com/public-datasets-lila/snapshot-safari-2024-expansion/MTZ/MTZ_S4/E06/E06_R10/MTZ_S4_E06_R10_IMAG0055.JPG,Snapshot Safari 2024 Expansion : MTZ/MTZ_S4/E06/E06_R10/MTZ_S4_E06_R10_IMAG0055.JPG,Snapshot Safari 2024 Expansion : MTZ_S4#E06#10#19,Snapshot Safari 2024 Expansion : MTZ_S4_E06,0,black-backed jackal,,4,train
https://storage.googleapis.com/public-datasets-lila/desert-lion-camera-traps/annotated-imgs/canis mesomelas/Camera Trap/Events/Leopard/1/PvL_seq_901b0bee-de87-4f10-b4ac-82c39908c606/PICT0203.JPG,Desert Lion Conservation Camera Traps : canis mesomelas/Camera Trap/Events/Leopard/1/PvL_seq_901b0bee-de87-4f10-b4ac-82c39908c606/PICT0203.JPG,Desert Lion Conservation Camera Traps : unknown,Desert Lion Conservation Camera Traps : unknown,-1,black-backed jackal,,4,train
https://storage.googleapis.com/public-datasets-lila/snapshotserengeti-unzipped/S10/M06/M06_R2/S10_M06_R2_IMAG1621.JPG,Snapshot Serengeti : S10/M06/M06_R2/S10_M06_R2_IMAG1621,Snapshot Serengeti : SER_S10#M06#2#647,Snapshot Serengeti : M06,1,black-backed jackal,06-07-2015 02:52:47,4,train
https://storage.googleapis.com/public-datasets-lila/snapshot-safari-2024-expansion/MAD/MAD_S3/MAD06/MAD06_R09/MAD_S3_MAD06_R09_IMAG0141.JPG,Snapshot Safari 2024 Expansion : MAD/MAD_S3/MAD06/MAD06_R09/MAD_S3_MAD06_R09_IMAG0141.JPG,Snapshot Safari 2024 Expansion : MAD_S3#MAD06#09#47,Snapshot Safari 2024 Expansion : MAD_S3_MAD06,2,black-backed jackal,,4,train
https://storage.googleapis.com/public-datasets-lila/desert-lion-camera-traps/annotated-imgs/canis mesomelas/Camera Trap/Hoanib/Hnb_N_Gorge/2012/05/PvL_seq_dde458a5-1117-43c1-97b3-e43205bcce5e/PICT0100.JPG,Desert Lion Conservation Camera Traps : canis mesomelas/Camera Trap/Hoanib/Hnb_N_Gorge/2012/05/PvL_seq_dde458a5-1117-43c1-97b3-e43205bcce5e/PICT0100.JPG,Desert Lion Conservation Camera Traps : unknown,Desert Lion Conservation Camera Traps : unknown,-1,black-backed jackal,,4,train
https://storage.googleapis.com/public-datasets-lila/snapshotserengeti-unzipped/S9/D13/D13_R3/S9_D13_R3_IMAG0729.JPG,Snapshot Serengeti : S9/D13/D13_R3/S9_D13_R3_IMAG0729,Snapshot Serengeti : SER_S9#D13#3#276,Snapshot Serengeti : D13,1,black-backed jackal,11-07-2014 23:52:50,4,train
https://storage.googleapis.com/public-datasets-lila/snapshot-safari-2024-expansion/MAD/MAD_S3/B03/B03_R08/MAD_S3_B03_R08_IMAG0088.JPG,Snapshot Safari 2024 Expansion : MAD/MAD_S3/B03/B03_R08/MAD_S3_B03_R08_IMAG0088.JPG,Snapshot Safari 2024 Expansion : MAD_S3#B03#08#30,Snapshot Safari 2024 Expansion : MAD_S3_B03,0,black-backed jackal,,4,train
https://storage.googleapis.com/public-datasets-lila/snapshotserengeti-unzipped/S9/N09/N09_R2/S9_N09_R2_IMAG0306.JPG,Snapshot Serengeti : S9/N09/N09_R2/S9_N09_R2_IMAG0306,Snapshot Serengeti : SER_S9#N09#2#109,Snapshot Serengeti : N09,2,black-backed jackal,10-25-2014 14:46:06,4,train
https://storage.googleapis.com/public-datasets-lila/snapshot-safari-2024-expansion/KAR/KAR_S4/KARWA06/KARWA06_R9/KAR_S4_KARWA06_R9_IMAG2769.JPG,Snapshot Safari 2024 Expansion : KAR/KAR_S4/KARWA06/KARWA06_R9/KAR_S4_KARWA06_R9_IMAG2769.JPG,Snapshot Safari 2024 Expansion : KAR_S4#KARWA06#9#924,Snapshot Safari 2024 Expansion : KAR_S4_KARWA06,1,black-backed jackal,,4,train
https://storage.googleapis.com/public-datasets-lila/snapshot-safari-2024-expansion/KAR/KAR_S2/K01/K01_R5/KAR_S2_K01_R5_IMAG6070.JPG,Snapshot Safari 2024 Expansion : KAR/KAR_S2/K01/K01_R5/KAR_S2_K01_R5_IMAG6070.JPG,Snapshot Safari 2024 Expansion : KAR_S2#K01#5#2024,Snapshot Safari 2024 Expansion : KAR_S2_K01,0,black-backed jackal,,4,test
https://storage.googleapis.com/public-datasets-lila/snapshot-safari-2024-expansion/MTZ/MTZ_S2/F04/F04_R4/MTZ_S2_F04_R4_IMAG0039.JPG,Snapshot Safari 2024 Expansion : MTZ/MTZ_S2/F04/F04_R4/MTZ_S2_F04_R4_IMAG0039.JPG,Snapshot Safari 2024 Expansion : MTZ_S2#F04#4#39,Snapshot Safari 2024 Expansion : MTZ_S2_F04,0,black-backed jackal,,4,val
https://storage.googleapis.com/public-datasets-lila/snapshot-safari-2024-expansion/KAR/KAR_S4/KARWA04/KARWA04_R9/KAR_S4_KARWA04_R9_IMAG5944.JPG,Snapshot Safari 2024 Expansion : KAR/KAR_S4/KARWA04/KARWA04_R9/KAR_S4_KARWA04_R9_IMAG5944.JPG,Snapshot Safari 2024 Expansion : KAR_S4#KARWA04#9#1982,Snapshot Safari 2024 Expansion : KAR_S4_KARWA04,0,black-backed jackal,,4,train
https://storage.googleapis.com/public-datasets-lila/snapshot-safari/KAR/KAR_public/KAR_S1/B02/B02_R1/KAR_S1_B02_R1_IMAG0900.JPG,Snapshot Karoo : KAR_S1/B02/B02_R1/KAR_S1_B02_R1_IMAG0900,Snapshot Karoo : KAR_S1#B02#1#346,Snapshot Karoo : B02,1,black-backed jackal,01-26-2018 05:24:26,4,train
https://storage.googleapis.com/public-datasets-lila/snapshot-safari-2024-expansion/MTZ/MTZ_S2/E06/E06_R2/MTZ_S2_E06_R2_IMAG1611.JPG,Snapshot Safari 2024 Expansion : MTZ/MTZ_S2/E06/E06_R2/MTZ_S2_E06_R2_IMAG1611.JPG,Snapshot Safari 2024 Expansion : MTZ_S2#E06#2#1611,Snapshot Safari 2024 Expansion : MTZ_S2_E06,0,black-backed jackal,,4,train
https://storage.googleapis.com/public-datasets-lila/snapshotserengeti-unzipped/S6/T12/T12_R2/S6_T12_R2_IMAG0395.JPG,Snapshot Serengeti : S6/T12/T12_R2/S6_T12_R2_IMAG0395,Snapshot Serengeti : SER_S6#T12#2#144,Snapshot Serengeti : T12,2,black-backed jackal,03-16-2013 08:48:25,4,train
https://storage.googleapis.com/public-datasets-lila/snapshotserengeti-unzipped/S9/M09/M09_R2/S9_M09_R2_IMAG0174.JPG,Snapshot Serengeti : S9/M09/M09_R2/S9_M09_R2_IMAG0174,Snapshot Serengeti : SER_S9#M09#2#60,Snapshot Serengeti : M09,3,black-backed jackal,10-04-2014 06:18:12,4,train
https://storage.googleapis.com/public-datasets-lila/snapshot-safari-2024-expansion/CDB/CDB_S2/C07/C07_R3/CDB_S2_C07_R3_IMAG1685.JPG,Snapshot Safari 2024 Expansion : CDB/CDB_S2/C07/C07_R3/CDB_S2_C07_R3_IMAG1685.JPG,Snapshot Safari 2024 Expansion : CDB_S2#C07#3#619,Snapshot Safari 2024 Expansion : CDB_S2_C07,0,black-backed jackal,,4,train
https://storage.googleapis.com/public-datasets-lila/snapshotserengeti-unzipped/S9/E06/E06_R1/S9_E06_R1_IMAG0573.JPG,Snapshot Serengeti : S9/E06/E06_R1/S9_E06_R1_IMAG0573,Snapshot Serengeti : SER_S9#E06#1#217,Snapshot Serengeti : E06,1,black-backed jackal,07-20-2014 01:32:09,4,train
https://storage.googleapis.com/public-datasets-lila/snapshot-safari-2024-expansion/TSW/TSW_S3/LD02/LD02_R6/TSW_S3_LD02_R6_IMAG0055.JPG,Snapshot Safari 2024 Expansion : TSW/TSW_S3/LD02/LD02_R6/TSW_S3_LD02_R6_IMAG0055.JPG,Snapshot Safari 2024 Expansion : TSW_S3#LD02#6#31,Snapshot Safari 2024 Expansion : TSW_S3_LD02,2,black-backed jackal,,4,train
https://storage.googleapis.com/public-datasets-lila/snapshot-safari-2024-expansion/MTZ/MTZ_S4/C08/C08_R10/MTZ_S4_C08_R10_IMAG0019.JPG,Snapshot Safari 2024 Expansion : MTZ/MTZ_S4/C08/C08_R10/MTZ_S4_C08_R10_IMAG0019.JPG,Snapshot Safari 2024 Expansion : MTZ_S4#C08#10#7,Snapshot Safari 2024 Expansion : MTZ_S4_C08,0,black-backed jackal,,4,train
https://storage.googleapis.com/public-datasets-lila/desert-lion-camera-traps/annotated-imgs/canis mesomelas/Camera Trap/North/Mowe/16212/PvL_seq_a403abdc-56b1-44ef-86c6-3abd314f2763/PICT0176.JPG,Desert Lion Conservation Camera Traps : canis mesomelas/Camera Trap/North/Mowe/16212/PvL_seq_a403abdc-56b1-44ef-86c6-3abd314f2763/PICT0176.JPG,Desert Lion Conservation Camera Traps : unknown,Desert Lion Conservation Camera Traps : unknown,-1,black-backed jackal,,4,train
https://storage.googleapis.com/public-datasets-lila/wcs-unzipped/animals/0368/0548.jpg,WCS Camera Traps : 4d6b7827-92d5-11e9-9f39-000d3a74c7de,WCS Camera Traps : ken-014-d0055-10,WCS Camera Traps : 2712,1,black-backed jackal,07-13-2009 19:16:00,4,train
https://storage.googleapis.com/public-datasets-lila/snapshotserengeti-unzipped/S1/G06/G06_R3/S1_G06_R3_PICT0606.JPG,Snapshot Serengeti : S1/G06/G06_R3/S1_G06_R3_PICT0606,Snapshot Serengeti : SER_S1#G06#3#202,Snapshot Serengeti : G06,3,black-backed jackal,10-27-2010 01:24:14,4,train
https://storage.googleapis.com/public-datasets-lila/snapshot-safari-2024-expansion/KAR/KAR_S3/KARWA04/KARWA04_R8/KAR_S3_KARWA04_R8_IMAG2357.JPG,Snapshot Safari 2024 Expansion : KAR/KAR_S3/KARWA04/KARWA04_R8/KAR_S3_KARWA04_R8_IMAG2357.JPG,Snapshot Safari 2024 Expansion : KAR_S3#KARWA04#8#786,Snapshot Safari 2024 Expansion : KAR_S3_KARWA04,1,black-backed jackal,,4,train
https://storage.googleapis.com/public-datasets-lila/snapshot-safari-2024-expansion/KGA/KGA_S3/KGAB01/KGAB01_R4/KGA_S3_KGAB01_R4_IMAG0080.JPG,Snapshot Safari 2024 Expansion : KGA/KGA_S3/KGAB01/KGAB01_R4/KGA_S3_KGAB01_R4_IMAG0080.JPG,Snapshot Safari 2024 Expansion : KGA_S3#KGAB01#4#52,Snapshot Safari 2024 Expansion : KGA_S3_KGAB01,0,black-backed jackal,,4,test
https://storage.googleapis.com/public-datasets-lila/desert-lion-camera-traps/annotated-imgs/canis mesomelas/Camera Trap/Hoanib/FldPln_Arch/2Jul10/PvL_seq_28737ec8-25f2-4efe-b532-4a93c29d76c8/CDY_0013.JPG,Desert Lion Conservation Camera Traps : canis mesomelas/Camera Trap/Hoanib/FldPln_Arch/2Jul10/PvL_seq_28737ec8-25f2-4efe-b532-4a93c29d76c8/CDY_0013.JPG,Desert Lion Conservation Camera Traps : unknown,Desert Lion Conservation Camera Traps : unknown,-1,black-backed jackal,,4,train
https://storage.googleapis.com/public-datasets-lila/desert-lion-camera-traps/annotated-imgs/canis mesomelas/Camera Trap2/PvL_seq_cb5437fe-2b1d-4869-b4de-d73c302deec5/PICT1026.JPG,Desert Lion Conservation Camera Traps : canis mesomelas/Camera Trap2/PvL_seq_cb5437fe-2b1d-4869-b4de-d73c302deec5/PICT1026.JPG,Desert Lion Conservation Camera Traps : unknown,Desert Lion Conservation Camera Traps : unknown,-1,black-backed jackal,,4,train
https://storage.googleapis.com/public-datasets-lila/snapshot-safari/KAR/KAR_public/KAR_S1/B03/B03_R1/KAR_S1_B03_R1_IMAG0230.JPG,Snapshot Karoo : KAR_S1/B03/B03_R1/KAR_S1_B03_R1_IMAG0230,Snapshot Karoo : KAR_S1#B03#1#94,Snapshot Karoo : B03,1,black-backed jackal,10-31-2017 14:32:52,4,train
https://storage.googleapis.com/public-datasets-lila/snapshotserengeti-unzipped/S9/L08/L08_R2/S9_L08_R2_IMAG1062.JPG,Snapshot Serengeti : S9/L08/L08_R2/S9_L08_R2_IMAG1062,Snapshot Serengeti : SER_S9#L08#2#366,Snapshot Serengeti : L08,3,black-backed jackal,10-26-2014 10:38:23,4,train
https://storage.googleapis.com/public-datasets-lila/snapshot-safari-2024-expansion/KAR/KAR_S1/B02/B02_R1/KAR_S1_B02_R1_IMAG0991.JPG,Snapshot Safari 2024 Expansion : KAR/KAR_S1/B02/B02_R1/KAR_S1_B02_R1_IMAG0991.JPG,Snapshot Safari 2024 Expansion : KAR_S1#B02#1#383,Snapshot Safari 2024 Expansion : KAR_S1_B02,0,black-backed jackal,,4,train
https://storage.googleapis.com/public-datasets-lila/snapshot-safari-2024-expansion/APN/APN_S4/LL5/LL5_R7/APN_S4_LL5_R7_IMAG0486.JPG,Snapshot Safari 2024 Expansion : APN/APN_S4/LL5/LL5_R7/APN_S4_LL5_R7_IMAG0486.JPG,Snapshot Safari 2024 Expansion : APN_S4#LL5#7#208,Snapshot Safari 2024 Expansion : APN_S4_LL5,2,black-backed jackal,,4,train
https://storage.googleapis.com/public-datasets-lila/snapshot-safari-2024-expansion/MTZ/MTZ_S1/E06/E06_R3/MTZ_S1_E06_R3_IMAG1782.JPG,Snapshot Safari 2024 Expansion : MTZ/MTZ_S1/E06/E06_R3/MTZ_S1_E06_R3_IMAG1782.JPG,Snapshot Safari 2024 Expansion : MTZ_S1#E06#3#1782,Snapshot Safari 2024 Expansion : MTZ_S1_E06,0,black-backed jackal,,4,train
https://storage.googleapis.com/public-datasets-lila/snapshot-safari-2024-expansion/KGA/KGA_S3/KGAB01/KGAB01_R4/KGA_S3_KGAB01_R4_IMAG0009.JPG,Snapshot Safari 2024 Expansion : KGA/KGA_S3/KGAB01/KGAB01_R4/KGA_S3_KGAB01_R4_IMAG0009.JPG,Snapshot Safari 2024 Expansion : KGA_S3#KGAB01#4#5,Snapshot Safari 2024 Expansion : KGA_S3_KGAB01,2,black-backed jackal,,4,test
https://storage.googleapis.com/public-datasets-lila/snapshot-safari-2024-expansion/MAD/MAD_S1/MAD04/MAD04_R3/MAD_S1_MAD04_R3_IMAG2789.JPG,Snapshot Safari 2024 Expansion : MAD/MAD_S1/MAD04/MAD04_R3/MAD_S1_MAD04_R3_IMAG2789.JPG,Snapshot Safari 2024 Expansion : MAD_S1#MAD04#3#930,Snapshot Safari 2024 Expansion : MAD_S1_MAD04,1,black-backed jackal,,4,train
https://storage.googleapis.com/public-datasets-lila/snapshot-safari-2024-expansion/TSW/TSW_S1/LC01/LC01_R2/TSW_S1_LC01_R2_IMAG0504.JPG,Snapshot Safari 2024 Expansion : TSW/TSW_S1/LC01/LC01_R2/TSW_S1_LC01_R2_IMAG0504.JPG,Snapshot Safari 2024 Expansion : TSW_S1#LC01#2#212,Snapshot Safari 2024 Expansion : TSW_S1_LC01,2,black-backed jackal,,4,train
https://storage.googleapis.com/public-datasets-lila/snapshotserengeti-unzipped/S4/L11/L11_R2/S4_L11_R2_IMAG0096.JPG,Snapshot Serengeti : S4/L11/L11_R2/S4_L11_R2_IMAG0096,Snapshot Serengeti : SER_S4#L11#2#34,Snapshot Serengeti : L11,3,black-backed jackal,03-28-2012 18:15:44,4,train
https://storage.googleapis.com/public-datasets-lila/snapshotserengeti-unzipped/S2/O09/O09_R2/S2_O09_R2_IMAG2022.JPG,Snapshot Serengeti : S2/O09/O09_R2/S2_O09_R2_IMAG2022,Snapshot Serengeti : SER_S2#O09#2#690,Snapshot Serengeti : O09,3,black-backed jackal,07-17-2011 18:38:24,4,val
https://storage.googleapis.com/public-datasets-lila/snapshotserengeti-unzipped/S6/B09/B09_R1/S6_B09_R1_IMAG0117.JPG,Snapshot Serengeti : S6/B09/B09_R1/S6_B09_R1_IMAG0117,Snapshot Serengeti : SER_S6#B09#1#40,Snapshot Serengeti : B09,3,black-backed jackal,01-18-2013 17:43:28,4,train
https://storage.googleapis.com/public-datasets-lila/snapshotserengeti-unzipped/S5/G03/G03_R1/S5_G03_R1_IMAG1369.JPG,Snapshot Serengeti : S5/G03/G03_R1/S5_G03_R1_IMAG1369,Snapshot Serengeti : SER_S5#G03#1#510,Snapshot Serengeti : G03,2,black-backed jackal,07-12-2012 08:15:46,4,train
https://storage.googleapis.com/public-datasets-lila/snapshot-safari-2024-expansion/CDB/CDB_S3/C07/C07_R4/CDB_S3_C07_R4_IMAG0373.JPG,Snapshot Safari 2024 Expansion : CDB/CDB_S3/C07/C07_R4/CDB_S3_C07_R4_IMAG0373.JPG,Snapshot Safari 2024 Expansion : CDB_S3#C07#4#185,Snapshot Safari 2024 Expansion : CDB_S3_C07,0,black-backed jackal,,4,val
https://storage.googleapis.com/public-datasets-lila/desert-lion-camera-traps/annotated-imgs/canis mesomelas/Camera Trap/Hoanib/Hnb_N_Gorge/2012/04/PvL_seq_5c70dcf5-efba-42b2-bd94-c8f013fbdc2a/PICT0226.JPG,Desert Lion Conservation Camera Traps : canis mesomelas/Camera Trap/Hoanib/Hnb_N_Gorge/2012/04/PvL_seq_5c70dcf5-efba-42b2-bd94-c8f013fbdc2a/PICT0226.JPG,Desert Lion Conservation Camera Traps : unknown,Desert Lion Conservation Camera Traps : unknown,-1,black-backed jackal,,4,train
https://storage.googleapis.com/public-datasets-lila/desert-lion-camera-traps/annotated-imgs/canis mesomelas/Camera Trap/Hoanib/X25cave/17Feb12/PvL_seq_196abf0e-a821-438a-9aee-3491ff67985b/PICT0141.JPG,Desert Lion Conservation Camera Traps : canis mesomelas/Camera Trap/Hoanib/X25cave/17Feb12/PvL_seq_196abf0e-a821-438a-9aee-3491ff67985b/PICT0141.JPG,Desert Lion Conservation Camera Traps : unknown,Desert Lion Conservation Camera Traps : unknown,-1,black-backed jackal,,4,train
https://storage.googleapis.com/public-datasets-lila/snapshot-safari-2024-expansion/KAR/KAR_S3/KARWA01/KARWA01_R8/KAR_S3_KARWA01_R8_IMAG0339.JPG,Snapshot Safari 2024 Expansion : KAR/KAR_S3/KARWA01/KARWA01_R8/KAR_S3_KARWA01_R8_IMAG0339.JPG,Snapshot Safari 2024 Expansion : KAR_S3#KARWA01#8#113,Snapshot Safari 2024 Expansion : KAR_S3_KARWA01,2,black-backed jackal,,4,train
https://storage.googleapis.com/public-datasets-lila/snapshot-safari-2024-expansion/MTZ/MTZ_S3/D03/D03_R7/MTZ_S3_D03_R7_IMAG0336.JPG,Snapshot Safari 2024 Expansion : MTZ/MTZ_S3/D03/D03_R7/MTZ_S3_D03_R7_IMAG0336.JPG,Snapshot Safari 2024 Expansion : MTZ_S3#D03#7#112,Snapshot Safari 2024 Expansion : MTZ_S3_D03,2,black-backed jackal,,4,train
https://storage.googleapis.com/public-datasets-lila/snapshotserengeti-unzipped/S8/O07/O07_R3/S8_O07_R3_IMAG0494.JPG,Snapshot Serengeti : S8/O07/O07_R3/S8_O07_R3_IMAG0494,Snapshot Serengeti : SER_S8#O07#3#169,Snapshot Serengeti : O07,1,black-backed jackal,03-28-2014 13:08:03,4,train
https://storage.googleapis.com/public-datasets-lila/snapshot-safari-2024-expansion/RUA/RUA_S1/M11/M11_R1/RUA_S1_M11_R1_IMAG1910.JPG,Snapshot Safari 2024 Expansion : RUA/RUA_S1/M11/M11_R1/RUA_S1_M11_R1_IMAG1910.JPG,Snapshot Safari 2024 Expansion : RUA_S1#M11#1#1910,Snapshot Safari 2024 Expansion : RUA_S1_M11,0,black-backed jackal,,4,train
https://storage.googleapis.com/public-datasets-lila/snapshotserengeti-unzipped/S7/J06/J06_R3/S7_J06_R3_IMAG0115.JPG,Snapshot Serengeti : S7/J06/J06_R3/S7_J06_R3_IMAG0115,Snapshot Serengeti : SER_S7#J06#3#64,Snapshot Serengeti : J06,1,black-backed jackal,10-09-2013 13:46:37,4,val
https://storage.googleapis.com/public-datasets-lila/snapshot-safari-2024-expansion/SER/SER_S13/J12/J12_R1/SER_S13_J12_R1_IMAG1663.JPG,Snapshot Safari 2024 Expansion : SER/SER_S13/J12/J12_R1/SER_S13_J12_R1_IMAG1663.JPG,Snapshot Safari 2024 Expansion : SER_S13#J12#1#570,Snapshot Safari 2024 Expansion : SER_S13_J12,1,black-backed jackal,,4,train
https://storage.googleapis.com/public-datasets-lila/snapshot-safari-2024-expansion/TSW/TSW_S1/LD03/LD03_R2/TSW_S1_LD03_R2_IMAG0268.JPG,Snapshot Safari 2024 Expansion : TSW/TSW_S1/LD03/LD03_R2/TSW_S1_LD03_R2_IMAG0268.JPG,Snapshot Safari 2024 Expansion : TSW_S1#LD03#2#134,Snapshot Safari 2024 Expansion : TSW_S1_LD03,0,black-backed jackal,,4,train
https://storage.googleapis.com/public-datasets-lila/snapshot-safari-2024-expansion/KAR/KAR_S2/K04/K04_R5/KAR_S2_K04_R5_IMAG7401.JPG,Snapshot Safari 2024 Expansion : KAR/KAR_S2/K04/K04_R5/KAR_S2_K04_R5_IMAG7401.JPG,Snapshot Safari 2024 Expansion : KAR_S2#K04#5#2468,Snapshot Safari 2024 Expansion : KAR_S2_K04,2,black-backed jackal,,4,test
https://storage.googleapis.com/public-datasets-lila/snapshotserengeti-unzipped/S8/K09/K09_R3/S8_K09_R3_IMAG0023.JPG,Snapshot Serengeti : S8/K09/K09_R3/S8_K09_R3_IMAG0023,Snapshot Serengeti : SER_S8#K09#3#10,Snapshot Serengeti : K09,1,black-backed jackal,05-03-2014 20:07:53,4,train
https://storage.googleapis.com/public-datasets-lila/snapshot-safari-2024-expansion/MTZ/MTZ_S2/C08/C08_R4/MTZ_S2_C08_R4_IMAG0183.JPG,Snapshot Safari 2024 Expansion : MTZ/MTZ_S2/C08/C08_R4/MTZ_S2_C08_R4_IMAG0183.JPG,Snapshot Safari 2024 Expansion : MTZ_S2#C08#4#111,Snapshot Safari 2024 Expansion : MTZ_S2_C08,0,black-backed jackal,,4,val
https://storage.googleapis.com/public-datasets-lila/wcs-unzipped/animals/0337/1378.jpg,WCS Camera Traps : 4250a57c-92d5-11e9-a942-000d3a74c7de,WCS Camera Traps : ken-016-d0026-6,WCS Camera Traps : 1245,3,black-backed jackal,01-26-2013 23:08:50,4,val
https://storage.googleapis.com/public-datasets-lila/snapshotserengeti-unzipped/S9/D13/D13_R3/S9_D13_R3_IMAG0155.JPG,Snapshot Serengeti : S9/D13/D13_R3/S9_D13_R3_IMAG0155,Snapshot Serengeti : SER_S9#D13#3#61,Snapshot Serengeti : D13,2,black-backed jackal,10-29-2014 07:01:08,4,train
https://storage.googleapis.com/public-datasets-lila/snapshot-safari-2024-expansion/MAD/MAD_S1/A05/A05_R3/MAD_S1_A05_R3_IMAG0193.JPG,Snapshot Safari 2024 Expansion : MAD/MAD_S1/A05/A05_R3/MAD_S1_A05_R3_IMAG0193.JPG,Snapshot Safari 2024 Expansion : MAD_S1#A05#3#65,Snapshot Safari 2024 Expansion : MAD_S1_A05,0,black-backed jackal,,4,train
https://storage.googleapis.com/public-datasets-lila/desert-lion-camera-traps/annotated-imgs/canis mesomelas/Camera Trap/Hoanib/X25cave/2013/09/PvL_seq_eed4ba66-a7e7-431d-9876-2b6f08c1f172/PICT0018.JPG,Desert Lion Conservation Camera Traps : canis mesomelas/Camera Trap/Hoanib/X25cave/2013/09/PvL_seq_eed4ba66-a7e7-431d-9876-2b6f08c1f172/PICT0018.JPG,Desert Lion Conservation Camera Traps : unknown,Desert Lion Conservation Camera Traps : unknown,-1,black-backed jackal,,4,train
https://storage.googleapis.com/public-datasets-lila/wcs-unzipped/animals/0194/1585.jpg,WCS Camera Traps : 0db5b7c7-92d5-11e9-9663-000d3a74c7de,WCS Camera Traps : ken-008-d0033-17,WCS Camera Traps : 1215,3,black-backed jackal,09-23-2010 00:00:38,4,test
https://storage.googleapis.com/public-datasets-lila/snapshot-safari-2024-expansion/TSW/TSW_S2/KC04/KC04_R4/TSW_S2_KC04_R4_IMAG0046.JPG,Snapshot Safari 2024 Expansion : TSW/TSW_S2/KC04/KC04_R4/TSW_S2_KC04_R4_IMAG0046.JPG,Snapshot Safari 2024 Expansion : TSW_S2#KC04#4#20,Snapshot Safari 2024 Expansion : TSW_S2_KC04,0,black-backed jackal,,4,train
https://storage.googleapis.com/public-datasets-lila/snapshot-safari-2024-expansion/SER/SER_S13/T13/T13_R3/SER_S13_T13_R3_IMAG0841.JPG,Snapshot Safari 2024 Expansion : SER/SER_S13/T13/T13_R3/SER_S13_T13_R3_IMAG0841.JPG,Snapshot Safari 2024 Expansion : SER_S13#T13#3#839,Snapshot Safari 2024 Expansion : SER_S13_T13,0,black-backed jackal,,4,train
https://storage.googleapis.com/public-datasets-lila/desert-lion-camera-traps/annotated-imgs/canis mesomelas/Camera Trap2/PvL_seq_aa932501-6d8e-4ef6-856f-8a81c759d7de/SUNP0096-2.JPG,Desert Lion Conservation Camera Traps : canis mesomelas/Camera Trap2/PvL_seq_aa932501-6d8e-4ef6-856f-8a81c759d7de/SUNP0096-2.JPG,Desert Lion Conservation Camera Traps : unknown,Desert Lion Conservation Camera Traps : unknown,-1,black-backed jackal,,4,train
https://storage.googleapis.com/public-datasets-lila/snapshot-safari-2024-expansion/SER/SER_S12/H12/H12_R2/SER_S12_H12_R2_IMAG1817.JPG,Snapshot Safari 2024 Expansion : SER/SER_S12/H12/H12_R2/SER_S12_H12_R2_IMAG1817.JPG,Snapshot Safari 2024 Expansion : SER_S12#H12#2#771,Snapshot Safari 2024 Expansion : SER_S12_H12,0,black-backed jackal,,4,train
https://storage.googleapis.com/public-datasets-lila/snapshot-safari-2024-expansion/KAR/KAR_S2/K04/K04_R5/KAR_S2_K04_R5_IMAG6343.JPG,Snapshot Safari 2024 Expansion : KAR/KAR_S2/K04/K04_R5/KAR_S2_K04_R5_IMAG6343.JPG,Snapshot Safari 2024 Expansion : KAR_S2#K04#5#2116,Snapshot Safari 2024 Expansion : KAR_S2_K04,0,black-backed jackal,,4,test
https://storage.googleapis.com/public-datasets-lila/snapshot-safari-2024-expansion/KGA/KGA_S1/A05/A05_R1/KGA_S1_A05_R1_IMAG0199.JPG,Snapshot Safari 2024 Expansion : KGA/KGA_S1/A05/A05_R1/KGA_S1_A05_R1_IMAG0199.JPG,Snapshot Safari 2024 Expansion : KGA_S1#A05#1#71,Snapshot Safari 2024 Expansion : KGA_S1_A05,0,black-backed jackal,,4,train
https://storage.googleapis.com/public-datasets-lila/snapshot-safari-2024-expansion/MTZ/MTZ_S2/C08/C08_R4/MTZ_S2_C08_R4_IMAG0484.JPG,Snapshot Safari 2024 Expansion : MTZ/MTZ_S2/C08/C08_R4/MTZ_S2_C08_R4_IMAG0484.JPG,Snapshot Safari 2024 Expansion : MTZ_S2#C08#4#269,Snapshot Safari 2024 Expansion : MTZ_S2_C08,1,black-backed jackal,,4,val
https://storage.googleapis.com/public-datasets-lila/snapshot-safari/KAR/KAR_public/KAR_S1/B02/B02_R1/KAR_S1_B02_R1_IMAG0887.JPG,Snapshot Karoo : KAR_S1/B02/B02_R1/KAR_S1_B02_R1_IMAG0887,Snapshot Karoo : KAR_S1#B02#1#333,Snapshot Karoo : B02,1,black-backed jackal,01-26-2018 03:13:54,4,train
https://storage.googleapis.com/public-datasets-lila/snapshot-safari-2024-expansion/TSW/TSW_S1/KD06/KD06_R2/TSW_S1_KD06_R2_IMAG4675.JPG,Snapshot Safari 2024 Expansion : TSW/TSW_S1/KD06/KD06_R2/TSW_S1_KD06_R2_IMAG4675.JPG,Snapshot Safari 2024 Expansion : TSW_S1#KD06#2#1583,Snapshot Safari 2024 Expansion : TSW_S1_KD06,0,black-backed jackal,,4,train
https://storage.googleapis.com/public-datasets-lila/snapshot-safari-2024-expansion/KGA/KGA_S3/KGAB08/KGAB08_R4/KGA_S3_KGAB08_R4_IMAG0009.JPG,Snapshot Safari 2024 Expansion : KGA/KGA_S3/KGAB08/KGAB08_R4/KGA_S3_KGAB08_R4_IMAG0009.JPG,Snapshot Safari 2024 Expansion : KGA_S3#KGAB08#4#5,Snapshot Safari 2024 Expansion : KGA_S3_KGAB08,0,black-backed jackal,,4,train
https://storage.googleapis.com/public-datasets-lila/snapshot-safari-2024-expansion/MTZ/MTZ_S2/C08/C08_R4/MTZ_S2_C08_R4_IMAG0278.JPG,Snapshot Safari 2024 Expansion : MTZ/MTZ_S2/C08/C08_R4/MTZ_S2_C08_R4_IMAG0278.JPG,Snapshot Safari 2024 Expansion : MTZ_S2#C08#4#168,Snapshot Safari 2024 Expansion : MTZ_S2_C08,0,black-backed jackal,,4,val
https://storage.googleapis.com/public-datasets-lila/snapshotserengeti-unzipped/S8/H02/H02_R3/S8_H02_R3_IMAG5188.JPG,Snapshot Serengeti : S8/H02/H02_R3/S8_H02_R3_IMAG5188,Snapshot Serengeti : SER_S8#H02#3#1987,Snapshot Serengeti : H02,1,black-backed jackal,04-25-2014 05:26:27,4,train
https://storage.googleapis.com/public-datasets-lila/snapshot-safari-2024-expansion/PLN/PLN_S2/B05/B05_R6/PLN_S2_B05_R6_IMAG1696.JPG,Snapshot Safari 2024 Expansion : PLN/PLN_S2/B05/B05_R6/PLN_S2_B05_R6_IMAG1696.JPG,Snapshot Safari 2024 Expansion : PLN_S2#B05#6#572,Snapshot Safari 2024 Expansion : PLN_S2_B05,0,black-backed jackal,,4,val
https://storage.googleapis.com/public-datasets-lila/snapshot-safari-2024-expansion/ENO/ENO_S3/B03/B03_R1/ENO_S3_B03_R1_IMAG0135.JPG,Snapshot Safari 2024 Expansion : ENO/ENO_S3/B03/B03_R1/ENO_S3_B03_R1_IMAG0135.JPG,Snapshot Safari 2024 Expansion : ENO_S3#B03#1#72,Snapshot Safari 2024 Expansion : ENO_S3_B03,1,black-backed jackal,,4,train
https://storage.googleapis.com/public-datasets-lila/snapshot-safari-2024-expansion/CDB/CDB_S3/D02/D02_R4/CDB_S3_D02_R4_IMAG0223.JPG,Snapshot Safari 2024 Expansion : CDB/CDB_S3/D02/D02_R4/CDB_S3_D02_R4_IMAG0223.JPG,Snapshot Safari 2024 Expansion : CDB_S3#D02#4#135,Snapshot Safari 2024 Expansion : CDB_S3_D02,0,black-backed jackal,,4,train
https://storage.googleapis.com/public-datasets-lila/snapshot-safari-2024-expansion/KAR/KAR_S3/KARWA04/KARWA04_R7/KAR_S3_KARWA04_R7_IMAG2693.JPG,Snapshot Safari 2024 Expansion : KAR/KAR_S3/KARWA04/KARWA04_R7/KAR_S3_KARWA04_R7_IMAG2693.JPG,Snapshot Safari 2024 Expansion : KAR_S3#KARWA04#7#898,Snapshot Safari 2024 Expansion : KAR_S3_KARWA04,1,black-backed jackal,,4,train
https://storage.googleapis.com/public-datasets-lila/snapshot-safari-2024-expansion/MTZ/MTZ_S2/F04/F04_R2/MTZ_S2_F04_R2_IMAG2381.JPG,Snapshot Safari 2024 Expansion : MTZ/MTZ_S2/F04/F04_R2/MTZ_S2_F04_R2_IMAG2381.JPG,Snapshot Safari 2024 Expansion : MTZ_S2#F04#2#2381,Snapshot Safari 2024 Expansion : MTZ_S2_F04,0,black-backed jackal,,4,val
https://storage.googleapis.com/public-datasets-lila/snapshot-safari-2024-expansion/SER/SER_S13/O11/O11_R3/SER_S13_O11_R3_IMAG0753.JPG,Snapshot Safari 2024 Expansion : SER/SER_S13/O11/O11_R3/SER_S13_O11_R3_IMAG0753.JPG,Snapshot Safari 2024 Expansion : SER_S13#O11#3#753,Snapshot Safari 2024 Expansion : SER_S13_O11,0,black-backed jackal,,4,train
https://storage.googleapis.com/public-datasets-lila/wcs-unzipped/animals/0417/1581.jpg,WCS Camera Traps : 5f641ee0-92d5-11e9-8456-000d3a74c7de,WCS Camera Traps : ken-017-d0074-74,WCS Camera Traps : 2970,3,black-backed jackal,02-18-2015 07:22:31,4,train
https://storage.googleapis.com/public-datasets-lila/wcs-unzipped/animals/0229/0861.jpg,WCS Camera Traps : 1a6bd9ba-92d5-11e9-8bc0-000d3a74c7de,WCS Camera Traps : ken-010-d0003-76,WCS Camera Traps : 1324,1,black-backed jackal,08-02-2011 17:35:58,4,train
https://storage.googleapis.com/public-datasets-lila/desert-lion-camera-traps/annotated-imgs/canis mesomelas/Camera Trap/North/Mowe/111111/PvL_seq_e921d78a-799f-4516-9b31-61b3c3720859/PICT0045.JPG,Desert Lion Conservation Camera Traps : canis mesomelas/Camera Trap/North/Mowe/111111/PvL_seq_e921d78a-799f-4516-9b31-61b3c3720859/PICT0045.JPG,Desert Lion Conservation Camera Traps : unknown,Desert Lion Conservation Camera Traps : unknown,-1,black-backed jackal,,4,train
https://storage.googleapis.com/public-datasets-lila/snapshot-safari-2024-expansion/KAR/KAR_S2/K01/K01_R6/KAR_S2_K01_R6_IMAG0853.JPG,Snapshot Safari 2024 Expansion : KAR/KAR_S2/K01/K01_R6/KAR_S2_K01_R6_IMAG0853.JPG,Snapshot Safari 2024 Expansion : KAR_S2#K01#6#285,Snapshot Safari 2024 Expansion : KAR_S2_K01,0,black-backed jackal,,4,test
https://storage.googleapis.com/public-datasets-lila/snapshotserengeti-unzipped/SER_S11/J10/J10_R2/SER_S11_J10_R2_IMAG1851.JPG,Snapshot Serengeti : SER_S11/J10/J10_R2/SER_S11_J10_R2_IMAG1851,Snapshot Serengeti : SER_S11#J10#2#706,Snapshot Serengeti : J10,1,black-backed jackal,11-07-2015 01:20:00,4,train
https://storage.googleapis.com/public-datasets-lila/desert-lion-camera-traps/annotated-imgs/canis mesomelas/Camera Trap/North/Ganias/2014/09/PvL_seq_58bfeba9-b5da-45da-a2f3-3b04d035ab2c/20140913-PICT4278.JPG,Desert Lion Conservation Camera Traps : canis mesomelas/Camera Trap/North/Ganias/2014/09/PvL_seq_58bfeba9-b5da-45da-a2f3-3b04d035ab2c/20140913-PICT4278.JPG,Desert Lion Conservation Camera Traps : unknown,Desert Lion Conservation Camera Traps : unknown,-1,black-backed jackal,,4,train
https://storage.googleapis.com/public-datasets-lila/snapshot-safari-2024-expansion/KAR/KAR_S2/K04/K04_R5/KAR_S2_K04_R5_IMAG5630.JPG,Snapshot Safari 2024 Expansion : KAR/KAR_S2/K04/K04_R5/KAR_S2_K04_R5_IMAG5630.JPG,Snapshot Safari 2024 Expansion : KAR_S2#K04#5#1878,Snapshot Safari 2024 Expansion : KAR_S2_K04,1,black-backed jackal,,4,test
https://storage.googleapis.com/public-datasets-lila/snapshot-safari-2024-expansion/CDB/CDB_S3/D03/D03_R5/CDB_S3_D03_R5_IMAG0848.JPG,Snapshot Safari 2024 Expansion : CDB/CDB_S3/D03/D03_R5/CDB_S3_D03_R5_IMAG0848.JPG,Snapshot Safari 2024 Expansion : CDB_S3#D03#5#346,Snapshot Safari 2024 Expansion : CDB_S3_D03,0,black-backed jackal,,4,test
https://storage.googleapis.com/public-datasets-lila/snapshotserengeti-unzipped/S8/T08/T08_R2/S8_T08_R2_IMAG1742.JPG,Snapshot Serengeti : S8/T08/T08_R2/S8_T08_R2_IMAG1742,Snapshot Serengeti : SER_S8#T08#2#692,Snapshot Serengeti : T08,1,black-backed jackal,04-13-2014 06:51:58,4,test
https://storage.googleapis.com/public-datasets-lila/snapshot-safari-2024-expansion/ENO/ENO_S4/C03/C03_R2/ENO_S4_C03_R2_IMAG0368.JPG,Snapshot Safari 2024 Expansion : ENO/ENO_S4/C03/C03_R2/ENO_S4_C03_R2_IMAG0368.JPG,Snapshot Safari 2024 Expansion : ENO_S4#C03#2#166,Snapshot Safari 2024 Expansion : ENO_S4_C03,0,black-backed jackal,,4,train
https://storage.googleapis.com/public-datasets-lila/snapshot-safari/KGA/KGA_public/KGA_S1/B01/B01_R1/KGA_S1_B01_R1_IMAG0028.JPG,Snapshot Kgalagadi : KGA_S1/B01/B01_R1/KGA_S1_B01_R1_IMAG0028,Snapshot Kgalagadi : KGA_S1#B01#1#18,Snapshot Kgalagadi : B01,1,black-backed jackal,12-12-2018 08:44:32,4,train
https://storage.googleapis.com/public-datasets-lila/snapshot-safari/KAR/KAR_public/KAR_S1/B02/B02_R1/KAR_S1_B02_R1_IMAG0096.JPG,Snapshot Karoo : KAR_S1/B02/B02_R1/KAR_S1_B02_R1_IMAG0096,Snapshot Karoo : KAR_S1#B02#1#38,Snapshot Karoo : B02,1,black-backed jackal,10-23-2017 00:00:28,4,train
https://storage.googleapis.com/public-datasets-lila/snapshot-safari/MTZ/MTZ_public/MTZ_S1/C08/C08_R3/MTZ_S1_C08_R3_IMAG0086.JPG,Snapshot Mountain Zebra : MTZ_S1/C08/C08_R3/MTZ_S1_C08_R3_IMAG0086,Snapshot Mountain Zebra : MTZ_S1#C08#3#51,Snapshot Mountain Zebra : C08,2,black-backed jackal,05-03-2018 15:59:10,4,train
https://storage.googleapis.com/public-datasets-lila/snapshot-safari-2024-expansion/CDB/CDB_S1/F03/F03_R1/CDB_S1_F03_R1_IMAG0172.JPG,Snapshot Safari 2024 Expansion : CDB/CDB_S1/F03/F03_R1/CDB_S1_F03_R1_IMAG0172.JPG,Snapshot Safari 2024 Expansion : CDB_S1#F03#1#94,Snapshot Safari 2024 Expansion : CDB_S1_F03,0,black-backed jackal,,4,train
https://storage.googleapis.com/public-datasets-lila/snapshotserengeti-unzipped/S8/O03/O03_R3/S8_O03_R3_IMAG0708.JPG,Snapshot Serengeti : S8/O03/O03_R3/S8_O03_R3_IMAG0708,Snapshot Serengeti : SER_S8#O03#3#253,Snapshot Serengeti : O03,2,black-backed jackal,04-16-2014 10:44:40,4,train
https://storage.googleapis.com/public-datasets-lila/snapshot-safari-2024-expansion/MTZ/MTZ_S4/D03/D03_R9/MTZ_S4_D03_R9_IMAG0380.JPG,Snapshot Safari 2024 Expansion : MTZ/MTZ_S4/D03/D03_R9/MTZ_S4_D03_R9_IMAG0380.JPG,Snapshot Safari 2024 Expansion : MTZ_S4#D03#9#127,Snapshot Safari 2024 Expansion : MTZ_S4_D03,1,black-backed jackal,,4,val
https://storage.googleapis.com/public-datasets-lila/wcs-unzipped/animals/0198/1059.jpg,WCS Camera Traps : 0f154834-92d5-11e9-b136-000d3a74c7de,WCS Camera Traps : ken-007-d0036-58,WCS Camera Traps : 1255,7,black-backed jackal,02-22-2008 11:09:17,4,train
https://storage.googleapis.com/public-datasets-lila/wcs-unzipped/animals/0301/1680.jpg,WCS Camera Traps : 35623c41-92d5-11e9-924c-000d3a74c7de,WCS Camera Traps : ken-011-d0160-16,WCS Camera Traps : 1441,1,black-backed jackal,02-12-2008 02:57:00,4,train
https://storage.googleapis.com/public-datasets-lila/snapshot-safari-2024-expansion/TSW/TSW_S1/KD02/KD02_R1/TSW_S1_KD02_R1_IMAG5937.JPG,Snapshot Safari 2024 Expansion : TSW/TSW_S1/KD02/KD02_R1/TSW_S1_KD02_R1_IMAG5937.JPG,Snapshot Safari 2024 Expansion : TSW_S1#KD02#1#2001,Snapshot Safari 2024 Expansion : TSW_S1_KD02,2,black-backed jackal,,4,train
https://storage.googleapis.com/public-datasets-lila/snapshot-safari-2024-expansion/Snapshot South Africa/MLP/MLP_S3/F03/F03_R6/MLP_S3_F03_R6_IMAG0014.JPG,Snapshot Safari 2024 Expansion : Snapshot South Africa/MLP/MLP_S3/F03/F03_R6/MLP_S3_F03_R6_IMAG0014.JPG,Snapshot Safari 2024 Expansion : MLP_S3#F03#6#5,Snapshot Safari 2024 Expansion : MLP_S3_F03,1,black-backed jackal,,4,train
https://storage.googleapis.com/public-datasets-lila/snapshot-safari-2024-expansion/MTZ/MTZ_S2/C08/C08_R4/MTZ_S2_C08_R4_IMAG0029.JPG,Snapshot Safari 2024 Expansion : MTZ/MTZ_S2/C08/C08_R4/MTZ_S2_C08_R4_IMAG0029.JPG,Snapshot Safari 2024 Expansion : MTZ_S2#C08#4#20,Snapshot Safari 2024 Expansion : MTZ_S2_C08,1,black-backed jackal,,4,val
https://storage.googleapis.com/public-datasets-lila/snapshot-safari-2024-expansion/RUA/RUA_S1/M2/M2_R1/RUA_S1_M2_R1_IMAG1118.JPG,Snapshot Safari 2024 Expansion : RUA/RUA_S1/M2/M2_R1/RUA_S1_M2_R1_IMAG1118.JPG,Snapshot Safari 2024 Expansion : RUA_S1#M2#1#1118,Snapshot Safari 2024 Expansion : RUA_S1_M2,0,black-backed jackal,,4,train
https://storage.googleapis.com/public-datasets-lila/snapshot-safari-2024-expansion/KAR/KAR_S3/KARWA04/KARWA04_R7/KAR_S3_KARWA04_R7_IMAG5437.JPG,Snapshot Safari 2024 Expansion : KAR/KAR_S3/KARWA04/KARWA04_R7/KAR_S3_KARWA04_R7_IMAG5437.JPG,Snapshot Safari 2024 Expansion : KAR_S3#KARWA04#7#1813,Snapshot Safari 2024 Expansion : KAR_S3_KARWA04,0,black-backed jackal,,4,train
https://storage.googleapis.com/public-datasets-lila/desert-lion-camera-traps/annotated-imgs/canis mesomelas/Camera Trap2/PvL_seq_fe04511a-5446-4dd6-845e-5cab24f8834a/SUNP1370.JPG,Desert Lion Conservation Camera Traps : canis mesomelas/Camera Trap2/PvL_seq_fe04511a-5446-4dd6-845e-5cab24f8834a/SUNP1370.JPG,Desert Lion Conservation Camera Traps : unknown,Desert Lion Conservation Camera Traps : unknown,-1,black-backed jackal,,4,train
https://storage.googleapis.com/public-datasets-lila/snapshot-safari-2024-expansion/Snapshot South Africa/MLP/MLP_S1/F04/F04_R1/MLP_S1_F04_R1_IMAG0103.JPG,Snapshot Safari 2024 Expansion : Snapshot South Africa/MLP/MLP_S1/F04/F04_R1/MLP_S1_F04_R1_IMAG0103.JPG,Snapshot Safari 2024 Expansion : MLP_S1#F04#1#67,Snapshot Safari 2024 Expansion : MLP_S1_F04,0,black-backed jackal,,4,train
https://storage.googleapis.com/public-datasets-lila/snapshot-safari-2024-expansion/TSW/TSW_S2/LD03/LD03_R3/TSW_S2_LD03_R3_IMAG0049.JPG,Snapshot Safari 2024 Expansion : TSW/TSW_S2/LD03/LD03_R3/TSW_S2_LD03_R3_IMAG0049.JPG,Snapshot Safari 2024 Expansion : TSW_S2#LD03#3#25,Snapshot Safari 2024 Expansion : TSW_S2_LD03,0,black-backed jackal,,4,train
https://storage.googleapis.com/public-datasets-lila/snapshot-safari-2024-expansion/KAR/KAR_S3/C03/C03_R8/KAR_S3_C03_R8_IMAG0186.JPG,Snapshot Safari 2024 Expansion : KAR/KAR_S3/C03/C03_R8/KAR_S3_C03_R8_IMAG0186.JPG,Snapshot Safari 2024 Expansion : KAR_S3#C03#8#74,Snapshot Safari 2024 Expansion : KAR_S3_C03,2,black-backed jackal,,4,train
https://storage.googleapis.com/public-datasets-lila/snapshot-safari-2024-expansion/KAR/KAR_S2/K04/K04_R5/KAR_S2_K04_R5_IMAG0443.JPG,Snapshot Safari 2024 Expansion : KAR/KAR_S2/K04/K04_R5/KAR_S2_K04_R5_IMAG0443.JPG,Snapshot Safari 2024 Expansion : KAR_S2#K04#5#148,Snapshot Safari 2024 Expansion : KAR_S2_K04,1,black-backed jackal,,4,test
https://storage.googleapis.com/public-datasets-lila/wcs-unzipped/animals/0227/0624.jpg,WCS Camera Traps : 19a6dc1c-92d5-11e9-9cb2-000d3a74c7de,WCS Camera Traps : ken-007-d0094-99,WCS Camera Traps : 1318,1,black-backed jackal,02-14-2012 00:11:24,4,train
https://storage.googleapis.com/public-datasets-lila/snapshot-safari-2024-expansion/KAR/KAR_S3/KARWA03/KARWA03_R7/KAR_S3_KARWA03_R7_IMAG2027.JPG,Snapshot Safari 2024 Expansion : KAR/KAR_S3/KARWA03/KARWA03_R7/KAR_S3_KARWA03_R7_IMAG2027.JPG,Snapshot Safari 2024 Expansion : KAR_S3#KARWA03#7#688,Snapshot Safari 2024 Expansion : KAR_S3_KARWA03,0,black-backed jackal,,4,test
https://storage.googleapis.com/public-datasets-lila/snapshotserengeti-unzipped/S6/L10/L10_R1/S6_L10_R1_IMAG0753.JPG,Snapshot Serengeti : S6/L10/L10_R1/S6_L10_R1_IMAG0753,Snapshot Serengeti : SER_S6#L10#1#252,Snapshot Serengeti : L10,1,black-backed jackal,02-19-2013 06:41:38,4,train
https://storage.googleapis.com/public-datasets-lila/snapshot-safari-2024-expansion/KAR/KAR_S3/KARWA01/KARWA01_R8/KAR_S3_KARWA01_R8_IMAG0447.JPG,Snapshot Safari 2024 Expansion : KAR/KAR_S3/KARWA01/KARWA01_R8/KAR_S3_KARWA01_R8_IMAG0447.JPG,Snapshot Safari 2024 Expansion : KAR_S3#KARWA01#8#149,Snapshot Safari 2024 Expansion : KAR_S3_KARWA01,2,black-backed jackal,,4,train
https://storage.googleapis.com/public-datasets-lila/snapshot-safari/CDB/CDB_public/CDB_S1/B07/B07_R1/CDB_S1_B07_R1_IMAG0101.JPG,Snapshot Camdeboo : CDB_S1/B07/B07_R1/CDB_S1_B07_R1_IMAG0101,Snapshot Camdeboo : CDB_S1#B07#1#65,Snapshot Camdeboo : B07,1,black-backed jackal,,4,train
https://storage.googleapis.com/public-datasets-lila/snapshot-safari-2024-expansion/CDB/CDB_S2/D02/D02_R3/CDB_S2_D02_R3_IMAG0198.JPG,Snapshot Safari 2024 Expansion : CDB/CDB_S2/D02/D02_R3/CDB_S2_D02_R3_IMAG0198.JPG,Snapshot Safari 2024 Expansion : CDB_S2#D02#3#102,Snapshot Safari 2024 Expansion : CDB_S2_D02,0,black-backed jackal,,4,train
https://storage.googleapis.com/public-datasets-lila/snapshot-safari-2024-expansion/KAR/KAR_S2/E02/E02_R3/KAR_S2_E02_R3_IMAG0844.JPG,Snapshot Safari 2024 Expansion : KAR/KAR_S2/E02/E02_R3/KAR_S2_E02_R3_IMAG0844.JPG,Snapshot Safari 2024 Expansion : KAR_S2#E02#3#331,Snapshot Safari 2024 Expansion : KAR_S2_E02,1,black-backed jackal,,4,train
https://storage.googleapis.com/public-datasets-lila/snapshot-safari-2024-expansion/RUA/RUA_S1/ML36/ML36_R1/RUA_S1_ML36_R1_IMAG1263.JPG,Snapshot Safari 2024 Expansion : RUA/RUA_S1/ML36/ML36_R1/RUA_S1_ML36_R1_IMAG1263.JPG,Snapshot Safari 2024 Expansion : RUA_S1#ML36#1#1263,Snapshot Safari 2024 Expansion : RUA_S1_ML36,0,black-backed jackal,,4,train
https://storage.googleapis.com/public-datasets-lila/snapshot-safari-2024-expansion/KGA/KGA_S1/A01/A01_R1/KGA_S1_A01_R1_IMAG0213.JPG,Snapshot Safari 2024 Expansion : KGA/KGA_S1/A01/A01_R1/KGA_S1_A01_R1_IMAG0213.JPG,Snapshot Safari 2024 Expansion : KGA_S1#A01#1#87,Snapshot Safari 2024 Expansion : KGA_S1_A01,0,black-backed jackal,,4,train
https://storage.googleapis.com/public-datasets-lila/snapshot-safari-2024-expansion/KGA/KGA_S3/KHOLA07/KHOLA07_R3/KGA_S3_KHOLA07_R3_IMAG0631.JPG,Snapshot Safari 2024 Expansion : KGA/KGA_S3/KHOLA07/KHOLA07_R3/KGA_S3_KHOLA07_R3_IMAG0631.JPG,Snapshot Safari 2024 Expansion : KGA_S3#KHOLA07#3#366,Snapshot Safari 2024 Expansion : KGA_S3_KHOLA07,1,black-backed jackal,,4,train
https://storage.googleapis.com/public-datasets-lila/snapshot-safari-2024-expansion/KAR/KAR_S2/K04/K04_R5/KAR_S2_K04_R5_IMAG7482.JPG,Snapshot Safari 2024 Expansion : KAR/KAR_S2/K04/K04_R5/KAR_S2_K04_R5_IMAG7482.JPG,Snapshot Safari 2024 Expansion : KAR_S2#K04#5#2495,Snapshot Safari 2024 Expansion : KAR_S2_K04,2,black-backed jackal,,4,test
https://storage.googleapis.com/public-datasets-lila/snapshotserengeti-unzipped/SER_S11/M06/M06_R1/SER_S11_M06_R1_IMAG0583.JPG,Snapshot Serengeti : SER_S11/M06/M06_R1/SER_S11_M06_R1_IMAG0583,Snapshot Serengeti : SER_S11#M06#1#204,Snapshot Serengeti : M06,1,black-backed jackal,09-16-2015 02:13:22,4,train
https://storage.googleapis.com/public-datasets-lila/snapshot-safari/KAR/KAR_public/KAR_S1/B02/B02_R1/KAR_S1_B02_R1_IMAG0992.JPG,Snapshot Karoo : KAR_S1/B02/B02_R1/KAR_S1_B02_R1_IMAG0992,Snapshot Karoo : KAR_S1#B02#1#384,Snapshot Karoo : B02,1,black-backed jackal,01-29-2018 06:30:03,4,train
https://storage.googleapis.com/public-datasets-lila/snapshot-safari-2024-expansion/KGA/KGA_S3/KGAB02/KGAB02_R3/KGA_S3_KGAB02_R3_IMAG2001.JPG,Snapshot Safari 2024 Expansion : KGA/KGA_S3/KGAB02/KGAB02_R3/KGA_S3_KGAB02_R3_IMAG2001.JPG,Snapshot Safari 2024 Expansion : KGA_S3#KGAB02#3#685,Snapshot Safari 2024 Expansion : KGA_S3_KGAB02,2,black-backed jackal,,4,train
https://storage.googleapis.com/public-datasets-lila/snapshot-safari-2024-expansion/KAR/KAR_S2/K04/K04_R5/KAR_S2_K04_R5_IMAG7662.JPG,Snapshot Safari 2024 Expansion : KAR/KAR_S2/K04/K04_R5/KAR_S2_K04_R5_IMAG7662.JPG,Snapshot Safari 2024 Expansion : KAR_S2#K04#5#2555,Snapshot Safari 2024 Expansion : KAR_S2_K04,2,black-backed jackal,,4,test
https://storage.googleapis.com/public-datasets-lila/desert-lion-camera-traps/annotated-imgs/canis mesomelas/Camera Trap/North/Okongwe_Water/PvL_seq_99f06fb0-96b1-434a-a26c-489cead51e5a/SUNP2239.JPG,Desert Lion Conservation Camera Traps : canis mesomelas/Camera Trap/North/Okongwe_Water/PvL_seq_99f06fb0-96b1-434a-a26c-489cead51e5a/SUNP2239.JPG,Desert Lion Conservation Camera Traps : unknown,Desert Lion Conservation Camera Traps : unknown,-1,black-backed jackal,,4,train
https://storage.googleapis.com/public-datasets-lila/snapshot-safari-2024-expansion/MTZ/MTZ_S3/C08/C08_R7/MTZ_S3_C08_R7_IMAG0249.JPG,Snapshot Safari 2024 Expansion : MTZ/MTZ_S3/C08/C08_R7/MTZ_S3_C08_R7_IMAG0249.JPG,Snapshot Safari 2024 Expansion : MTZ_S3#C08#7#83,Snapshot Safari 2024 Expansion : MTZ_S3_C08,2,black-backed jackal,,4,train
https://storage.googleapis.com/public-datasets-lila/snapshot-safari-2024-expansion/KAR/KAR_S2/E02/E02_R3/KAR_S2_E02_R3_IMAG0366.JPG,Snapshot Safari 2024 Expansion : KAR/KAR_S2/E02/E02_R3/KAR_S2_E02_R3_IMAG0366.JPG,Snapshot Safari 2024 Expansion : KAR_S2#E02#3#134,Snapshot Safari 2024 Expansion : KAR_S2_E02,0,black-backed jackal,,4,train
https://storage.googleapis.com/public-datasets-lila/snapshot-safari-2024-expansion/KRU/KRU_S2/27/27_R4/KRU_S2_27_R4_IMAG0188.JPG,Snapshot Safari 2024 Expansion : KRU/KRU_S2/27/27_R4/KRU_S2_27_R4_IMAG0188.JPG,Snapshot Safari 2024 Expansion : KRU_S2#27#4#84,Snapshot Safari 2024 Expansion : KRU_S2_27,0,black-backed jackal,,4,train
https://storage.googleapis.com/public-datasets-lila/snapshot-safari-2024-expansion/SER/SER_S13/H09/H09_R3/SER_S13_H09_R3_IMAG0300.JPG,Snapshot Safari 2024 Expansion : SER/SER_S13/H09/H09_R3/SER_S13_H09_R3_IMAG0300.JPG,Snapshot Safari 2024 Expansion : SER_S13#H09#3#298,Snapshot Safari 2024 Expansion : SER_S13_H09,0,black-backed jackal,,4,val
https://storage.googleapis.com/public-datasets-lila/snapshot-safari-2024-expansion/Snapshot Cameo/DEB/DEB_S1/D7/D7_R52/DEB_S1_D7_R52_IMAG0639.JPG,Snapshot Safari 2024 Expansion : Snapshot Cameo/DEB/DEB_S1/D7/D7_R52/DEB_S1_D7_R52_IMAG0639.JPG,Snapshot Safari 2024 Expansion : DEB_S1#D7#52#639,Snapshot Safari 2024 Expansion : DEB_S1_D7,0,black-backed jackal,,4,train
https://storage.googleapis.com/public-datasets-lila/snapshot-safari-2024-expansion/ENO/ENO_S4/C02/C02_R1/ENO_S4_C02_R1_IMAG0670.JPG,Snapshot Safari 2024 Expansion : ENO/ENO_S4/C02/C02_R1/ENO_S4_C02_R1_IMAG0670.JPG,Snapshot Safari 2024 Expansion : ENO_S4#C02#1#286,Snapshot Safari 2024 Expansion : ENO_S4_C02,0,black-backed jackal,,4,val
https://storage.googleapis.com/public-datasets-lila/wcs-unzipped/animals/0373/1902.jpg,WCS Camera Traps : 4f7838b1-92d5-11e9-9c49-000d3a74c7de,WCS Camera Traps : ken-014-d0124-58,WCS Camera Traps : 2746,1,black-backed jackal,09-12-2009 07:20:48,4,train
https://storage.googleapis.com/public-datasets-lila/snapshotserengeti-unzipped/S10/F10/F10_R1/S10_F10_R1_IMAG4357.JPG,Snapshot Serengeti : S10/F10/F10_R1/S10_F10_R1_IMAG4357,Snapshot Serengeti : SER_S10#F10#1#1504,Snapshot Serengeti : F10,1,black-backed jackal,04-11-2015 09:13:20,4,train
https://storage.googleapis.com/public-datasets-lila/desert-lion-camera-traps/annotated-imgs/canis mesomelas/Camera Trap2/PvL_seq_ed233b04-8e38-4385-ba4e-63bbe52222ac/SUNP1221.JPG,Desert Lion Conservation Camera Traps : canis mesomelas/Camera Trap2/PvL_seq_ed233b04-8e38-4385-ba4e-63bbe52222ac/SUNP1221.JPG,Desert Lion Conservation Camera Traps : unknown,Desert Lion Conservation Camera Traps : unknown,-1,black-backed jackal,,4,train
https://storage.googleapis.com/public-datasets-lila/snapshotserengeti-unzipped/S8/T08/T08_R2/S8_T08_R2_IMAG0132.JPG,Snapshot Serengeti : S8/T08/T08_R2/S8_T08_R2_IMAG0132,Snapshot Serengeti : SER_S8#T08#2#50,Snapshot Serengeti : T08,1,black-backed jackal,03-04-2014 20:15:23,4,test
https://storage.googleapis.com/public-datasets-lila/snapshot-safari-2024-expansion/CDB/CDB_S3/E05/E05_R4/CDB_S3_E05_R4_IMAG0365.JPG,Snapshot Safari 2024 Expansion : CDB/CDB_S3/E05/E05_R4/CDB_S3_E05_R4_IMAG0365.JPG,Snapshot Safari 2024 Expansion : CDB_S3#E05#4#323,Snapshot Safari 2024 Expansion : CDB_S3_E05,0,black-backed jackal,,4,train
https://storage.googleapis.com/public-datasets-lila/snapshot-safari-2024-expansion/Snapshot Cameo/DEB/DEB_S1/C2/C2_R22/DEB_S1_C2_R22_IMAG0086.JPG,Snapshot Safari 2024 Expansion : Snapshot Cameo/DEB/DEB_S1/C2/C2_R22/DEB_S1_C2_R22_IMAG0086.JPG,Snapshot Safari 2024 Expansion : DEB_S1#C2#22#86,Snapshot Safari 2024 Expansion : DEB_S1_C2,0,black-backed jackal,,4,val
https://storage.googleapis.com/public-datasets-lila/snapshot-safari-2024-expansion/KAR/KAR_S2/F03/F03_R2/KAR_S2_F03_R2_IMAG0205.JPG,Snapshot Safari 2024 Expansion : KAR/KAR_S2/F03/F03_R2/KAR_S2_F03_R2_IMAG0205.JPG,Snapshot Safari 2024 Expansion : KAR_S2#F03#2#79,Snapshot Safari 2024 Expansion : KAR_S2_F03,0,black-backed jackal,,4,train
https://storage.googleapis.com/public-datasets-lila/desert-lion-camera-traps/annotated-imgs/canis mesomelas/Camera Trap/North/Ganias/2014/03/PvL_seq_6dc36502-0af5-48e2-9fca-e1386ea03dd9/20140331-PICT0957.JPG,Desert Lion Conservation Camera Traps : canis mesomelas/Camera Trap/North/Ganias/2014/03/PvL_seq_6dc36502-0af5-48e2-9fca-e1386ea03dd9/20140331-PICT0957.JPG,Desert Lion Conservation Camera Traps : unknown,Desert Lion Conservation Camera Traps : unknown,-1,black-backed jackal,,4,train
https://storage.googleapis.com/public-datasets-lila/snapshotserengeti-unzipped/S4/F05/F05_R2/S4_F05_R2_IMAG0862.JPG,Snapshot Serengeti : S4/F05/F05_R2/S4_F05_R2_IMAG0862,Snapshot Serengeti : SER_S4#F05#2#326,Snapshot Serengeti : F05,1,black-backed jackal,03-20-2012 23:29:31,4,train
https://storage.googleapis.com/public-datasets-lila/snapshotserengeti-unzipped/S4/E13/E13_R3/S4_E13_R3_IMAG0007.JPG,Snapshot Serengeti : S4/E13/E13_R3/S4_E13_R3_IMAG0007,Snapshot Serengeti : SER_S4#E13#3#3,Snapshot Serengeti : E13,1,black-backed jackal,03-19-2012 04:47:31,4,test
https://storage.googleapis.com/public-datasets-lila/snapshotserengeti-unzipped/S9/F09/F09_R2/S9_F09_R2_IMAG1808.JPG,Snapshot Serengeti : S9/F09/F09_R2/S9_F09_R2_IMAG1808,Snapshot Serengeti : SER_S9#F09#2#625,Snapshot Serengeti : F09,3,black-backed jackal,09-14-2014 12:11:32,4,train
https://storage.googleapis.com/public-datasets-lila/nacti-unzipped/part0/sub034/CA-02_11_13_2015_CA-02_0010830.jpg,NACTI : CA-02_11_13_2015_CA-02_0010830.jpg,NACTI : unknown,NACTI : lebec_CA-02,-1,gray fox,,4,train
https://storage.googleapis.com/public-datasets-lila/nacti-unzipped/part0/sub047/CA-13_02_29_2016_CA-13_0007510.JPG,NACTI : CA-13_02_29_2016_CA-13_0007510.JPG,NACTI : unknown,NACTI : lebec_CA-13,-1,gray fox,,4,train
https://storage.googleapis.com/public-datasets-lila/nacti-unzipped/part0/sub088/CA-34_09_02_2016_CA-34_0029944.JPG,NACTI : CA-34_09_02_2016_CA-34_0029944.JPG,NACTI : unknown,NACTI : lebec_CA-34,-1,gray fox,,4,val
https://storage.googleapis.com/public-datasets-lila/ena24/images/4748.jpg,ENA24 : 4748,ENA24 : unknown,ENA24,-1,gray fox,,4,train
https://storage.googleapis.com/public-datasets-lila/nacti-unzipped/part0/sub049/CA-14_02_29_2016_CA-14_0009637.JPG,NACTI : CA-14_02_29_2016_CA-14_0009637.JPG,NACTI : unknown,NACTI : lebec_CA-14,-1,gray fox,,4,train
https://storage.googleapis.com/public-datasets-lila/nacti-unzipped/part0/sub065/CA-24_05_03_2016_CA-24_0019449.JPG,NACTI : CA-24_05_03_2016_CA-24_0019449.JPG,NACTI : unknown,NACTI : lebec_CA-24,-1,gray fox,,4,test
https://storage.googleapis.com/public-datasets-lila/nacti-unzipped/part0/sub038/CA-05_07_05_2016_CA-05_0004988.JPG,NACTI : CA-05_07_05_2016_CA-05_0004988.JPG,NACTI : unknown,NACTI : lebec_CA-05,-1,gray fox,,4,train
https://storage.googleapis.com/public-datasets-lila/nacti-unzipped/part0/sub038/CA-05_08_12_2015_CA-05_0001927.jpg,NACTI : CA-05_08_12_2015_CA-05_0001927.jpg,NACTI : unknown,NACTI : lebec_CA-05,-1,gray fox,,4,train
https://storage.googleapis.com/public-datasets-lila/caltech-unzipped/cct_images/58f42287-23d2-11e8-a6a3-ec086b02610b.jpg,Caltech Camera Traps : 58f42287-23d2-11e8-a6a3-ec086b02610b,Caltech Camera Traps : 7016c70f-5567-11e8-914c-dca9047ef277,Caltech Camera Traps : 135,3,gray fox,08-22-2014 23:48:39,4,test
https://storage.googleapis.com/public-datasets-lila/nacti-unzipped/part0/sub055/CA-17_11_08_2016_CA-17_0050330.JPG,NACTI : CA-17_11_08_2016_CA-17_0050330.JPG,NACTI : unknown,NACTI : lebec_CA-17,-1,gray fox,,4,train
https://storage.googleapis.com/public-datasets-lila/wcs-unzipped/animals/0557/1141.jpg,WCS Camera Traps : 936c4795-92d5-11e9-9e5a-000d3a74c7de,WCS Camera Traps : unknown,WCS Camera Traps : 4338,-1,gray fox,04-18-2013 19:52:05,4,val
https://storage.googleapis.com/public-datasets-lila/wcs-unzipped/animals/0537/0054.jpg,WCS Camera Traps : 8bc3cf83-92d5-11e9-8f86-000d3a74c7de,WCS Camera Traps : unknown,WCS Camera Traps : 4318,-1,gray fox,06-16-2013 09:24:00,4,train
https://storage.googleapis.com/public-datasets-lila/wcs-unzipped/animals/0539/0413.jpg,WCS Camera Traps : 8c932c95-92d5-11e9-bf70-000d3a74c7de,WCS Camera Traps : unknown,WCS Camera Traps : 4319,-1,gray fox,07-12-2013 11:37:51,4,test
https://storage.googleapis.com/public-datasets-lila/nacti-unzipped/part0/sub036/CA-04_03_30_2015_CA-04_0000262.jpg,NACTI : CA-04_03_30_2015_CA-04_0000262.jpg,NACTI : unknown,NACTI : lebec_CA-04,-1,gray fox,,4,val
https://storage.googleapis.com/public-datasets-lila/nacti-unzipped/part0/sub040/CA-07_08_04_2015_CA-07_0004193.jpg,NACTI : CA-07_08_04_2015_CA-07_0004193.jpg,NACTI : unknown,NACTI : lebec_CA-07,-1,gray fox,,4,train
https://storage.googleapis.com/public-datasets-lila/nacti-unzipped/part1/sub110/CA-48_01_21_2016_CA-48_0006093.jpg,NACTI : CA-48_01_21_2016_CA-48_0006093.jpg,NACTI : unknown,NACTI : lebec_CA-48,-1,gray fox,,4,test
https://storage.googleapis.com/public-datasets-lila/nacti-unzipped/part0/sub098/CA-40_10_05_2016_CA-40_0012087.JPG,NACTI : CA-40_10_05_2016_CA-40_0012087.JPG,NACTI : unknown,NACTI : lebec_CA-40,-1,gray fox,,4,test
https://storage.googleapis.com/public-datasets-lila/wcs-unzipped/animals/0579/1468.jpg,WCS Camera Traps : 9bb279b1-92d5-11e9-8f3a-000d3a74c7de,WCS Camera Traps : unknown,WCS Camera Traps : 4322,-1,gray fox,05-20-2013 19:58:20,4,train
https://storage.googleapis.com/public-datasets-lila/nacti-unzipped/part0/sub045/CA-11_03_17_2016_CA-11_0009210.JPG,NACTI : CA-11_03_17_2016_CA-11_0009210.JPG,NACTI : unknown,NACTI : lebec_CA-11,-1,gray fox,,4,train
https://storage.googleapis.com/public-datasets-lila/nacti-unzipped/part1/sub106/CA-44_07_06_2016_CA-44_0016562.JPG,NACTI : CA-44_07_06_2016_CA-44_0016562.JPG,NACTI : unknown,NACTI : lebec_CA-44,-1,gray fox,,4,train
https://storage.googleapis.com/public-datasets-lila/nacti-unzipped/part0/sub067/CA-25_04_05_2016_CA-25_0014964.JPG,NACTI : CA-25_04_05_2016_CA-25_0014964.JPG,NACTI : unknown,NACTI : lebec_CA-25,-1,gray fox,,4,train
https://storage.googleapis.com/public-datasets-lila/nacti-unzipped/part0/sub088/CA-34_08_04_2015_CA-34_0016611.jpg,NACTI : CA-34_08_04_2015_CA-34_0016611.jpg,NACTI : unknown,NACTI : lebec_CA-34,-1,gray fox,,4,val
https://storage.googleapis.com/public-datasets-lila/wcs-unzipped/animals/0574/0897.jpg,WCS Camera Traps : 99b6f9f5-92d5-11e9-84df-000d3a74c7de,WCS Camera Traps : unknown,WCS Camera Traps : 4316,-1,gray fox,08-01-2013 11:16:36,4,test
https://storage.googleapis.com/public-datasets-lila/caltech-unzipped/cct_images/59b12f38-23d2-11e8-a6a3-ec086b02610b.jpg,Caltech Camera Traps : 59b12f38-23d2-11e8-a6a3-ec086b02610b,Caltech Camera Traps : 70188eeb-5567-11e8-94a2-dca9047ef277,Caltech Camera Traps : 55,3,gray fox,09-20-2013 23:51:13,4,train
https://storage.googleapis.com/public-datasets-lila/wcs-unzipped/animals/0561/0681.jpg,WCS Camera Traps : 94d80dc2-92d5-11e9-ab57-000d3a74c7de,WCS Camera Traps : unknown,WCS Camera Traps : 4344,-1,gray fox,04-26-2013 03:06:24,4,train
https://storage.googleapis.com/public-datasets-lila/nacti-unzipped/part0/sub088/CA-34_08_04_2015_CA-34_0017686.jpg,NACTI : CA-34_08_04_2015_CA-34_0017686.jpg,NACTI : unknown,NACTI : lebec_CA-34,-1,gray fox,,4,val
https://storage.googleapis.com/public-datasets-lila/wcs-unzipped/animals/0393/0463.jpg,WCS Camera Traps : 5674fa8a-92d5-11e9-98c2-000d3a74c7de,WCS Camera Traps : gtm-002-d0019-22,WCS Camera Traps : 2828,1,gray fox,06-10-2012 15:02:13,4,train
https://storage.googleapis.com/public-datasets-lila/wcs-unzipped/animals/0537/1939.jpg,WCS Camera Traps : 8c1dfc92-92d5-11e9-b872-000d3a74c7de,WCS Camera Traps : unknown,WCS Camera Traps : 4319,-1,gray fox,04-20-2013 04:43:21,4,test
https://storage.googleapis.com/public-datasets-lila/wcs-unzipped/animals/0528/0862.jpg,WCS Camera Traps : 88989600-92d5-11e9-b61e-000d3a74c7de,WCS Camera Traps : unknown,WCS Camera Traps : 4307,-1,gray fox,07-27-2013 07:09:28,4,train
https://storage.googleapis.com/public-datasets-lila/nacti-unzipped/part1/sub107/CA-45_04_07_2016_CA-45_0013337.JPG,NACTI : CA-45_04_07_2016_CA-45_0013337.JPG,NACTI : unknown,NACTI : lebec_CA-45,-1,gray fox,,4,train
https://storage.googleapis.com/public-datasets-lila/nacti-unzipped/part0/sub088/CA-34_12_02_2015_CA-34_0019105.jpg,NACTI : CA-34_12_02_2015_CA-34_0019105.jpg,NACTI : unknown,NACTI : lebec_CA-34,-1,gray fox,,4,val
https://storage.googleapis.com/public-datasets-lila/nacti-unzipped/part0/sub063/CA-22_11_02_2015_CA-22_0012479.jpg,NACTI : CA-22_11_02_2015_CA-22_0012479.jpg,NACTI : unknown,NACTI : lebec_CA-22,-1,gray fox,,4,test
https://storage.googleapis.com/public-datasets-lila/nacti-unzipped/part0/sub063/CA-22_09_15_2015_CA-22_0010061.jpg,NACTI : CA-22_09_15_2015_CA-22_0010061.jpg,NACTI : unknown,NACTI : lebec_CA-22,-1,gray fox,,4,test
https://storage.googleapis.com/public-datasets-lila/nacti-unzipped/part0/sub050/CA-16_10_11_2016_CA-16_0006185.JPG,NACTI : CA-16_10_11_2016_CA-16_0006185.JPG,NACTI : unknown,NACTI : lebec_CA-16,-1,gray fox,,4,train
https://storage.googleapis.com/public-datasets-lila/nacti-unzipped/part0/sub037/CA-04_08_12_2015_CA-04_0006449.jpg,NACTI : CA-04_08_12_2015_CA-04_0006449.jpg,NACTI : unknown,NACTI : lebec_CA-04,-1,gray fox,,4,val
https://storage.googleapis.com/public-datasets-lila/wcs-unzipped/animals/0388/0439.jpg,WCS Camera Traps : 54a03ac0-92d5-11e9-874c-000d3a74c7de,WCS Camera Traps : gtm-002-d0031-85,WCS Camera Traps : 2814,1,gray fox,06-05-2012 14:10:15,4,train
https://storage.googleapis.com/public-datasets-lila/wcs-unzipped/animals/0390/1586.jpg,WCS Camera Traps : 558fa39f-92d5-11e9-9ad5-000d3a74c7de,WCS Camera Traps : gtm-002-d0043-27,WCS Camera Traps : 2820,1,gray fox,05-27-2012 15:27:52,4,train
https://storage.googleapis.com/public-datasets-lila/nacti-unzipped/part0/sub037/CA-04_08_12_2015_CA-04_0002463.jpg,NACTI : CA-04_08_12_2015_CA-04_0002463.jpg,NACTI : unknown,NACTI : lebec_CA-04,-1,gray fox,,4,val
https://storage.googleapis.com/public-datasets-lila/wcs-unzipped/animals/0545/0903.jpg,WCS Camera Traps : 8ee88e4a-92d5-11e9-8571-000d3a74c7de,WCS Camera Traps : unknown,WCS Camera Traps : 4324,-1,gray fox,05-12-2013 14:30:27,4,train
https://storage.googleapis.com/public-datasets-lila/wcs-unzipped/animals/0534/1813.jpg,WCS Camera Traps : 8afe9950-92d5-11e9-ad1d-000d3a74c7de,WCS Camera Traps : unknown,WCS Camera Traps : 4315,-1,gray fox,07-17-2013 09:17:47,4,train
https://storage.googleapis.com/public-datasets-lila/nacti-unzipped/part0/sub037/CA-04_08_12_2015_CA-04_0006853.jpg,NACTI : CA-04_08_12_2015_CA-04_0006853.jpg,NACTI : unknown,NACTI : lebec_CA-04,-1,gray fox,,4,val
https://storage.googleapis.com/public-datasets-lila/nacti-unzipped/part0/sub062/CA-21_08_13_2015_CA-21_0005276.jpg,NACTI : CA-21_08_13_2015_CA-21_0005276.jpg,NACTI : unknown,NACTI : lebec_CA-21,-1,gray fox,,4,train
https://storage.googleapis.com/public-datasets-lila/caltech-unzipped/cct_images/58a1cb15-23d2-11e8-a6a3-ec086b02610b.jpg,Caltech Camera Traps : 58a1cb15-23d2-11e8-a6a3-ec086b02610b,Caltech Camera Traps : 7017ad19-5567-11e8-92b9-dca9047ef277,Caltech Camera Traps : 79,2,gray fox,10-24-2014 20:03:18,4,val
https://storage.googleapis.com/public-datasets-lila/wcs-unzipped/animals/0531/1554.jpg,WCS Camera Traps : 89d6940c-92d5-11e9-a892-000d3a74c7de,WCS Camera Traps : unknown,WCS Camera Traps : 4311,-1,gray fox,06-23-2013 14:40:30,4,train
https://storage.googleapis.com/public-datasets-lila/nacti-unzipped/part0/sub059/CA-19_04_06_2015_CA-19_0001170.jpg,NACTI : CA-19_04_06_2015_CA-19_0001170.jpg,NACTI : unknown,NACTI : lebec_CA-19,-1,gray fox,,4,train
https://storage.googleapis.com/public-datasets-lila/nacti-unzipped/part1/sub107/CA-44_09_11_2015_CA-44_0007054.jpg,NACTI : CA-44_09_11_2015_CA-44_0007054.jpg,NACTI : unknown,NACTI : lebec_CA-44,-1,gray fox,,4,train
https://storage.googleapis.com/public-datasets-lila/nacti-unzipped/part0/sub037/CA-04_07_05_2016_CA-04_0022073.JPG,NACTI : CA-04_07_05_2016_CA-04_0022073.JPG,NACTI : unknown,NACTI : lebec_CA-04,-1,gray fox,,4,val
https://storage.googleapis.com/public-datasets-lila/wcs-unzipped/animals/0581/0884.jpg,WCS Camera Traps : 9c58cc07-92d5-11e9-94b6-000d3a74c7de,WCS Camera Traps : unknown,WCS Camera Traps : 4325,-1,gray fox,04-24-2013 06:14:27,4,train
https://storage.googleapis.com/public-datasets-lila/wcs-unzipped/animals/0391/0775.jpg,WCS Camera Traps : 55c70756-92d5-11e9-b93e-000d3a74c7de,WCS Camera Traps : gtm-002-d0047-15,WCS Camera Traps : 2822,3,gray fox,05-26-2012 09:55:47,4,train
https://storage.googleapis.com/public-datasets-lila/nacti-unzipped/part0/sub062/CA-21_11_01_2016_CA-21_0060320.JPG,NACTI : CA-21_11_01_2016_CA-21_0060320.JPG,NACTI : unknown,NACTI : lebec_CA-21,-1,gray fox,,4,train
https://storage.googleapis.com/public-datasets-lila/wcs-unzipped/animals/0586/1138.jpg,WCS Camera Traps : 9e442198-92d5-11e9-9ecf-000d3a74c7de,WCS Camera Traps : unknown,WCS Camera Traps : 4332,-1,gray fox,06-10-2013 22:53:53,4,train
https://storage.googleapis.com/public-datasets-lila/wcs-unzipped/animals/0547/1196.jpg,WCS Camera Traps : 8fb8d68e-92d5-11e9-b5c6-000d3a74c7de,WCS Camera Traps : unknown,WCS Camera Traps : 4328,-1,gray fox,05-09-2013 04:42:34,4,train
https://storage.googleapis.com/public-datasets-lila/nacti-unzipped/part0/sub086/CA-34_04_03_2015_CA-34_0000420.jpg,NACTI : CA-34_04_03_2015_CA-34_0000420.jpg,NACTI : unknown,NACTI : lebec_CA-34,-1,gray fox,,4,val
https://storage.googleapis.com/public-datasets-lila/nacti-unzipped/part1/sub101/CA-42_10_14_2015_CA-42_0011346.jpg,NACTI : CA-42_10_14_2015_CA-42_0011346.jpg,NACTI : unknown,NACTI : lebec_CA-42,-1,gray fox,,4,val
https://storage.googleapis.com/public-datasets-lila/wcs-unzipped/animals/0396/1086.jpg,WCS Camera Traps : 57a7d550-92d5-11e9-abd5-000d3a74c7de,WCS Camera Traps : gtm-002-d0031-235,WCS Camera Traps : 2814,2,gray fox,07-01-2012 07:13:04,4,train
https://storage.googleapis.com/public-datasets-lila/caltech-unzipped/cct_images/59ec556d-23d2-11e8-a6a3-ec086b02610b.jpg,Caltech Camera Traps : 59ec556d-23d2-11e8-a6a3-ec086b02610b,Caltech Camera Traps : 701d8473-5567-11e8-8aa4-dca9047ef277,Caltech Camera Traps : 10,3,gray fox,06-04-2014 07:25:42,4,train
https://storage.googleapis.com/public-datasets-lila/wcs-unzipped/animals/0529/1086.jpg,WCS Camera Traps : 890169fa-92d5-11e9-82bf-000d3a74c7de,WCS Camera Traps : unknown,WCS Camera Traps : 4309,-1,gray fox,05-14-2013 12:56:01,4,train
https://storage.googleapis.com/public-datasets-lila/wcs-unzipped/animals/0597/1377.jpg,WCS Camera Traps : a26960c6-92d5-11e9-87aa-000d3a74c7de,WCS Camera Traps : unknown,WCS Camera Traps : 4352,-1,gray fox,05-03-2013 04:27:24,4,train
https://storage.googleapis.com/public-datasets-lila/nacti-unzipped/part0/sub037/CA-04_08_12_2015_CA-04_0004569.jpg,NACTI : CA-04_08_12_2015_CA-04_0004569.jpg,NACTI : unknown,NACTI : lebec_CA-04,-1,gray fox,,4,val
https://storage.googleapis.com/public-datasets-lila/wcs-unzipped/animals/0540/0870.jpg,WCS Camera Traps : 8d07723a-92d5-11e9-b16c-000d3a74c7de,WCS Camera Traps : unknown,WCS Camera Traps : 4320,-1,gray fox,07-26-2013 06:36:22,4,test
https://storage.googleapis.com/public-datasets-lila/wcs-unzipped/animals/0539/0568.jpg,WCS Camera Traps : 8c9aa6a2-92d5-11e9-80e4-000d3a74c7de,WCS Camera Traps : unknown,WCS Camera Traps : 4319,-1,gray fox,07-21-2013 12:49:48,4,test
https://storage.googleapis.com/public-datasets-lila/nacti-unzipped/part0/sub036/CA-04_03_21_2016_CA-04_0011954.JPG,NACTI : CA-04_03_21_2016_CA-04_0011954.JPG,NACTI : unknown,NACTI : lebec_CA-04,-1,gray fox,,4,val
https://storage.googleapis.com/public-datasets-lila/nacti-unzipped/part0/sub040/CA-07_08_04_2015_CA-07_0004462.jpg,NACTI : CA-07_08_04_2015_CA-07_0004462.jpg,NACTI : unknown,NACTI : lebec_CA-07,-1,gray fox,,4,train
https://storage.googleapis.com/public-datasets-lila/wcs-unzipped/animals/0584/1096.jpg,WCS Camera Traps : 9d834208-92d5-11e9-a48b-000d3a74c7de,WCS Camera Traps : unknown,WCS Camera Traps : 4331,-1,gray fox,05-07-2013 18:09:12,4,val
https://storage.googleapis.com/public-datasets-lila/caltech-unzipped/cct_images/598ace08-23d2-11e8-a6a3-ec086b02610b.jpg,Caltech Camera Traps : 598ace08-23d2-11e8-a6a3-ec086b02610b,Caltech Camera Traps : 70187af5-5567-11e8-a457-dca9047ef277,Caltech Camera Traps : 59,1,gray fox,02-06-2014 04:22:58,4,train
https://storage.googleapis.com/public-datasets-lila/nacti-unzipped/part0/sub097/CA-40_02_29_2016_CA-40_0007705.JPG,NACTI : CA-40_02_29_2016_CA-40_0007705.JPG,NACTI : unknown,NACTI : lebec_CA-40,-1,gray fox,,4,test
https://storage.googleapis.com/public-datasets-lila/nacti-unzipped/part0/sub061/CA-20_09_07_2016_CA-20_0025021.JPG,NACTI : CA-20_09_07_2016_CA-20_0025021.JPG,NACTI : unknown,NACTI : lebec_CA-20,-1,gray fox,,4,train
https://storage.googleapis.com/public-datasets-lila/nacti-unzipped/part1/sub107/CA-45_03_04_2016_CA-45_0013102.JPG,NACTI : CA-45_03_04_2016_CA-45_0013102.JPG,NACTI : unknown,NACTI : lebec_CA-45,-1,gray fox,,4,train
https://storage.googleapis.com/public-datasets-lila/nacti-unzipped/part0/sub037/CA-04_06_06_2016_CA-04_0018282.JPG,NACTI : CA-04_06_06_2016_CA-04_0018282.JPG,NACTI : unknown,NACTI : lebec_CA-04,-1,gray fox,,4,val
https://storage.googleapis.com/public-datasets-lila/nacti-unzipped/part0/sub034/CA-03_03_10_2015_CA-03_0000567.jpg,NACTI : CA-03_03_10_2015_CA-03_0000567.jpg,NACTI : unknown,NACTI : lebec_CA-03,-1,gray fox,,4,test
https://storage.googleapis.com/public-datasets-lila/wcs-unzipped/animals/0527/0146.jpg,WCS Camera Traps : 881949bc-92d5-11e9-84b6-000d3a74c7de,WCS Camera Traps : unknown,WCS Camera Traps : 4304,-1,gray fox,06-02-2013 03:25:29,4,train
https://storage.googleapis.com/public-datasets-lila/wcs-unzipped/animals/0552/1707.jpg,WCS Camera Traps : 91ae3de4-92d5-11e9-aa2f-000d3a74c7de,WCS Camera Traps : unknown,WCS Camera Traps : 4332,-1,gray fox,08-01-2013 10:16:18,4,train
https://storage.googleapis.com/public-datasets-lila/nacti-unzipped/part1/sub105/CA-44_04_19_2016_CA-44_0013665.JPG,NACTI : CA-44_04_19_2016_CA-44_0013665.JPG,NACTI : unknown,NACTI : lebec_CA-44,-1,gray fox,,4,train
https://storage.googleapis.com/public-datasets-lila/wcs-unzipped/animals/0390/1905.jpg,WCS Camera Traps : 559f5b0d-92d5-11e9-b636-000d3a74c7de,WCS Camera Traps : gtm-002-d0043-100,WCS Camera Traps : 2820,4,gray fox,06-04-2012 18:15:31,4,train
https://storage.googleapis.com/public-datasets-lila/wcs-unzipped/animals/0532/0278.jpg,WCS Camera Traps : 89f8c20c-92d5-11e9-980b-000d3a74c7de,WCS Camera Traps : unknown,WCS Camera Traps : 4311,-1,gray fox,07-27-2013 07:07:01,4,train
https://storage.googleapis.com/public-datasets-lila/caltech-unzipped/cct_images/58a52f73-23d2-11e8-a6a3-ec086b02610b.jpg,Caltech Camera Traps : 58a52f73-23d2-11e8-a6a3-ec086b02610b,Caltech Camera Traps : 701869ba-5567-11e8-8b11-dca9047ef277,Caltech Camera Traps : 129,2,gray fox,10-30-2014 03:17:54,4,train
https://storage.googleapis.com/public-datasets-lila/nacti-unzipped/part0/sub049/CA-14_02_29_2016_CA-14_0009422.JPG,NACTI : CA-14_02_29_2016_CA-14_0009422.JPG,NACTI : unknown,NACTI : lebec_CA-14,-1,gray fox,,4,train
https://storage.googleapis.com/public-datasets-lila/wcs-unzipped/animals/0527/0061.jpg,WCS Camera Traps : 8815a028-92d5-11e9-933a-000d3a74c7de,WCS Camera Traps : unknown,WCS Camera Traps : 4304,-1,gray fox,05-30-2013 02:28:03,4,train
https://storage.googleapis.com/public-datasets-lila/nacti-unzipped/part0/sub095/CA-39_03_05_2015_CA-39_0000107.jpg,NACTI : CA-39_03_05_2015_CA-39_0000107.jpg,NACTI : unknown,NACTI : lebec_CA-39,-1,gray fox,,4,train
https://storage.googleapis.com/public-datasets-lila/wcs-unzipped/animals/0588/0619.jpg,WCS Camera Traps : 9eef5578-92d5-11e9-94e5-000d3a74c7de,WCS Camera Traps : unknown,WCS Camera Traps : 4334,-1,gray fox,06-25-2013 09:05:55,4,train
https://storage.googleapis.com/public-datasets-lila/wcs-unzipped/animals/0388/0031.jpg,WCS Camera Traps : 548d00e8-92d5-11e9-982e-000d3a74c7de,WCS Camera Traps : gtm-002-d0029-47,WCS Camera Traps : 2813,5,gray fox,06-08-2012 18:59:37,4,val
https://storage.googleapis.com/public-datasets-lila/nacti-unzipped/part0/sub084/CA-31_09_06_2016_CA-31_0030965.JPG,NACTI : CA-31_09_06_2016_CA-31_0030965.JPG,NACTI : unknown,NACTI : lebec_CA-31,-1,gray fox,,4,train
https://storage.googleapis.com/public-datasets-lila/nacti-unzipped/part0/sub062/CA-21_10_13_2015_CA-21_0006208.jpg,NACTI : CA-21_10_13_2015_CA-21_0006208.jpg,NACTI : unknown,NACTI : lebec_CA-21,-1,gray fox,,4,train
https://storage.googleapis.com/public-datasets-lila/nacti-unzipped/part0/sub034/CA-03_02_11_2016_CA-03_0019237.jpg,NACTI : CA-03_02_11_2016_CA-03_0019237.jpg,NACTI : unknown,NACTI : lebec_CA-03,-1,gray fox,,4,test
https://storage.googleapis.com/public-datasets-lila/nacti-unzipped/part1/sub106/CA-44_08_12_2015_CA-44_0004279.jpg,NACTI : CA-44_08_12_2015_CA-44_0004279.jpg,NACTI : unknown,NACTI : lebec_CA-44,-1,gray fox,,4,train
https://storage.googleapis.com/public-datasets-lila/wcs-unzipped/animals/0580/0143.jpg,WCS Camera Traps : 9bd39668-92d5-11e9-9f78-000d3a74c7de,WCS Camera Traps : unknown,WCS Camera Traps : 4322,-1,gray fox,06-28-2013 11:05:48,4,train
https://storage.googleapis.com/public-datasets-lila/caltech-unzipped/cct_images/5860ef98-23d2-11e8-a6a3-ec086b02610b.jpg,Caltech Camera Traps : 5860ef98-23d2-11e8-a6a3-ec086b02610b,Caltech Camera Traps : 7016b391-5567-11e8-89b5-dca9047ef277,Caltech Camera Traps : 135,3,gray fox,08-05-2014 22:31:12,4,test
https://storage.googleapis.com/public-datasets-lila/nacti-unzipped/part0/sub038/CA-05_01_21_2016_CA-05_0003312.jpg,NACTI : CA-05_01_21_2016_CA-05_0003312.jpg,NACTI : unknown,NACTI : lebec_CA-05,-1,gray fox,,4,train
https://storage.googleapis.com/public-datasets-lila/wcs-unzipped/animals/0544/1143.jpg,WCS Camera Traps : 8e93b75a-92d5-11e9-8f5b-000d3a74c7de,WCS Camera Traps : unknown,WCS Camera Traps : 4323,-1,gray fox,05-11-2013 00:57:04,4,train
https://storage.googleapis.com/public-datasets-lila/nacti-unzipped/part0/sub049/CA-14_08_12_2015_CA-14_0005782.jpg,NACTI : CA-14_08_12_2015_CA-14_0005782.jpg,NACTI : unknown,NACTI : lebec_CA-14,-1,gray fox,,4,train
https://storage.googleapis.com/public-datasets-lila/nacti-unzipped/part0/sub062/CA-21_09_07_2016_CA-21_0029976.JPG,NACTI : CA-21_09_07_2016_CA-21_0029976.JPG,NACTI : unknown,NACTI : lebec_CA-21,-1,gray fox,,4,train
https://storage.googleapis.com/public-datasets-lila/wcs-unzipped/animals/0591/1147.jpg,WCS Camera Traps : a025160f-92d5-11e9-9142-000d3a74c7de,WCS Camera Traps : unknown,WCS Camera Traps : 4338,-1,gray fox,06-01-2013 03:42:59,4,val
https://storage.googleapis.com/public-datasets-lila/wcs-unzipped/animals/0552/1372.jpg,WCS Camera Traps : 919e3834-92d5-11e9-97c2-000d3a74c7de,WCS Camera Traps : unknown,WCS Camera Traps : 4332,-1,gray fox,07-20-2013 19:51:39,4,train
https://storage.googleapis.com/public-datasets-lila/wcs-unzipped/animals/0527/0631.jpg,WCS Camera Traps : 8830a34c-92d5-11e9-81df-000d3a74c7de,WCS Camera Traps : unknown,WCS Camera Traps : 4304,-1,gray fox,07-13-2013 19:25:47,4,train
https://storage.googleapis.com/public-datasets-lila/nacti-unzipped/part0/sub062/CA-21_04_06_2015_CA-21_0000902.jpg,NACTI : CA-21_04_06_2015_CA-21_0000902.jpg,NACTI : unknown,NACTI : lebec_CA-21,-1,gray fox,,4,train
https://storage.googleapis.com/public-datasets-lila/nacti-unzipped/part1/sub106/CA-44_08_12_2015_CA-44_0001317.jpg,NACTI : CA-44_08_12_2015_CA-44_0001317.jpg,NACTI : unknown,NACTI : lebec_CA-44,-1,gray fox,,4,train
https://storage.googleapis.com/public-datasets-lila/nacti-unzipped/part0/sub068/CA-25_11_08_2016_CA-25_0028091.JPG,NACTI : CA-25_11_08_2016_CA-25_0028091.JPG,NACTI : unknown,NACTI : lebec_CA-25,-1,gray fox,,4,train
https://storage.googleapis.com/public-datasets-lila/caltech-unzipped/cct_images/5a0fcf6c-23d2-11e8-a6a3-ec086b02610b.jpg,Caltech Camera Traps : 5a0fcf6c-23d2-11e8-a6a3-ec086b02610b,Caltech Camera Traps : 701e9fb3-5567-11e8-84b3-dca9047ef277,Caltech Camera Traps : 19,3,gray fox,12-03-2013 15:27:32,4,train
https://storage.googleapis.com/public-datasets-lila/nacti-unzipped/part0/sub067/CA-24_10_31_2016_CA-24_0024059.JPG,NACTI : CA-24_10_31_2016_CA-24_0024059.JPG,NACTI : unknown,NACTI : lebec_CA-24,-1,gray fox,,4,test
https://storage.googleapis.com/public-datasets-lila/nacti-unzipped/part0/sub095/CA-39_04_02_2015_CA-39_0000413.jpg,NACTI : CA-39_04_02_2015_CA-39_0000413.jpg,NACTI : unknown,NACTI : lebec_CA-39,-1,gray fox,,4,train
https://storage.googleapis.com/public-datasets-lila/wcs-unzipped/animals/0586/1139.jpg,WCS Camera Traps : 9e44219a-92d5-11e9-b329-000d3a74c7de,WCS Camera Traps : unknown,WCS Camera Traps : 4332,-1,gray fox,06-10-2013 22:53:54,4,train
https://storage.googleapis.com/public-datasets-lila/nacti-unzipped/part0/sub063/CA-22_09_15_2015_CA-22_0009196.jpg,NACTI : CA-22_09_15_2015_CA-22_0009196.jpg,NACTI : unknown,NACTI : lebec_CA-22,-1,gray fox,,4,test
https://storage.googleapis.com/public-datasets-lila/wcs-unzipped/animals/0539/0528.jpg,WCS Camera Traps : 8c985cb8-92d5-11e9-b335-000d3a74c7de,WCS Camera Traps : unknown,WCS Camera Traps : 4319,-1,gray fox,07-17-2013 09:24:40,4,test
https://storage.googleapis.com/public-datasets-lila/wcs-unzipped/animals/0536/1228.jpg,WCS Camera Traps : 8b9d34b2-92d5-11e9-818c-000d3a74c7de,WCS Camera Traps : unknown,WCS Camera Traps : 4318,-1,gray fox,05-26-2013 00:54:44,4,train
https://storage.googleapis.com/public-datasets-lila/nacti-unzipped/part0/sub040/CA-07_08_04_2015_CA-07_0003559.jpg,NACTI : CA-07_08_04_2015_CA-07_0003559.jpg,NACTI : unknown,NACTI : lebec_CA-07,-1,gray fox,,4,train
https://storage.googleapis.com/public-datasets-lila/caltech-unzipped/cct_images/58643831-23d2-11e8-a6a3-ec086b02610b.jpg,Caltech Camera Traps : 58643831-23d2-11e8-a6a3-ec086b02610b,Caltech Camera Traps : 7016abc2-5567-11e8-b8ee-dca9047ef277,Caltech Camera Traps : 135,1,gray fox,11-04-2013 04:39:19,4,test
https://storage.googleapis.com/public-datasets-lila/caltech-unzipped/cct_images/586fdd1c-23d2-11e8-a6a3-ec086b02610b.jpg,Caltech Camera Traps : 586fdd1c-23d2-11e8-a6a3-ec086b02610b,Caltech Camera Traps : 701a7799-5567-11e8-bf78-dca9047ef277,Caltech Camera Traps : 82,1,gray fox,12-24-2014 19:58:03,4,train
https://storage.googleapis.com/public-datasets-lila/caltech-unzipped/cct_images/5a049408-23d2-11e8-a6a3-ec086b02610b.jpg,Caltech Camera Traps : 5a049408-23d2-11e8-a6a3-ec086b02610b,Caltech Camera Traps : 70189805-5567-11e8-b19b-dca9047ef277,Caltech Camera Traps : 55,2,gray fox,10-19-2014 06:06:32,4,train
https://storage.googleapis.com/public-datasets-lila/nacti-unzipped/part1/sub106/CA-44_08_12_2015_CA-44_0000929.jpg,NACTI : CA-44_08_12_2015_CA-44_0000929.jpg,NACTI : unknown,NACTI : lebec_CA-44,-1,gray fox,,4,train
https://storage.googleapis.com/public-datasets-lila/wcs-unzipped/animals/0530/0106.jpg,WCS Camera Traps : 89330184-92d5-11e9-b5fa-000d3a74c7de,WCS Camera Traps : unknown,WCS Camera Traps : 4310,-1,gray fox,05-08-2013 04:05:45,4,train
https://storage.googleapis.com/public-datasets-lila/nacti-unzipped/part0/sub049/CA-14_10_31_2016_CA-14_0028433.JPG,NACTI : CA-14_10_31_2016_CA-14_0028433.JPG,NACTI : unknown,NACTI : lebec_CA-14,-1,gray fox,,4,train
https://storage.googleapis.com/public-datasets-lila/wcs-unzipped/animals/0563/0461.jpg,WCS Camera Traps : 958edacc-92d5-11e9-94b7-000d3a74c7de,WCS Camera Traps : unknown,WCS Camera Traps : 4346,-1,gray fox,07-26-2013 08:19:48,4,train
https://storage.googleapis.com/public-datasets-lila/wcs-unzipped/animals/0527/0390.jpg,WCS Camera Traps : 8824e3fd-92d5-11e9-ba5b-000d3a74c7de,WCS Camera Traps : unknown,WCS Camera Traps : 4304,-1,gray fox,06-09-2013 04:27:42,4,train
https://storage.googleapis.com/public-datasets-lila/wcs-unzipped/animals/0561/1957.jpg,WCS Camera Traps : 95158a80-92d5-11e9-9f19-000d3a74c7de,WCS Camera Traps : unknown,WCS Camera Traps : 4345,-1,gray fox,04-30-2013 03:08:39,4,train
https://storage.googleapis.com/public-datasets-lila/nacti-unzipped/part0/sub049/CA-14_08_12_2015_CA-14_0006537.jpg,NACTI : CA-14_08_12_2015_CA-14_0006537.jpg,NACTI : unknown,NACTI : lebec_CA-14,-1,gray fox,,4,train
https://storage.googleapis.com/public-datasets-lila/caltech-unzipped/cct_images/5a217766-23d2-11e8-a6a3-ec086b02610b.jpg,Caltech Camera Traps : 5a217766-23d2-11e8-a6a3-ec086b02610b,Caltech Camera Traps : 701103f3-5567-11e8-9008-dca9047ef277,Caltech Camera Traps : 56,1,gray fox,09-03-2013 02:16:59,4,train
https://storage.googleapis.com/public-datasets-lila/wcs-unzipped/animals/0545/0734.jpg,WCS Camera Traps : 8ee11448-92d5-11e9-b2f4-000d3a74c7de,WCS Camera Traps : unknown,WCS Camera Traps : 4324,-1,gray fox,05-05-2013 19:00:15,4,train
https://storage.googleapis.com/public-datasets-lila/caltech-unzipped/cct_images/59ec52c9-23d2-11e8-a6a3-ec086b02610b.jpg,Caltech Camera Traps : 59ec52c9-23d2-11e8-a6a3-ec086b02610b,Caltech Camera Traps : 7019bbdc-5567-11e8-8b62-dca9047ef277,Caltech Camera Traps : 30,3,gray fox,01-17-2014 04:29:47,4,test
https://storage.googleapis.com/public-datasets-lila/wcs-unzipped/animals/0544/0992.jpg,WCS Camera Traps : 8e8b2c32-92d5-11e9-942f-000d3a74c7de,WCS Camera Traps : unknown,WCS Camera Traps : 4323,-1,gray fox,05-04-2013 00:48:01,4,train
https://storage.googleapis.com/public-datasets-lila/nacti-unzipped/part0/sub046/CA-11_09_09_2015_CA-11_0007834.jpg,NACTI : CA-11_09_09_2015_CA-11_0007834.jpg,NACTI : unknown,NACTI : lebec_CA-11,-1,gray fox,,4,train
https://storage.googleapis.com/public-datasets-lila/wcs-unzipped/animals/0547/1999.jpg,WCS Camera Traps : 8fdeae50-92d5-11e9-9f18-000d3a74c7de,WCS Camera Traps : unknown,WCS Camera Traps : 4328,-1,gray fox,07-08-2013 22:54:16,4,train
https://storage.googleapis.com/public-datasets-lila/wcs-unzipped/animals/0538/0750.jpg,WCS Camera Traps : 8c44be72-92d5-11e9-91ed-000d3a74c7de,WCS Camera Traps : unknown,WCS Camera Traps : 4319,-1,gray fox,05-10-2013 08:22:44,4,test
https://storage.googleapis.com/public-datasets-lila/nacti-unzipped/part0/sub040/CA-07_08_04_2015_CA-07_0002925.jpg,NACTI : CA-07_08_04_2015_CA-07_0002925.jpg,NACTI : unknown,NACTI : lebec_CA-07,-1,gray fox,,4,train
https://storage.googleapis.com/public-datasets-lila/wcs-unzipped/animals/0534/1811.jpg,WCS Camera Traps : 8afe994c-92d5-11e9-8083-000d3a74c7de,WCS Camera Traps : unknown,WCS Camera Traps : 4315,-1,gray fox,07-17-2013 09:17:45,4,train
https://storage.googleapis.com/public-datasets-lila/nacti-unzipped/part0/sub038/CA-05_03_03_2015_CA-05_0000102.jpg,NACTI : CA-05_03_03_2015_CA-05_0000102.jpg,NACTI : unknown,NACTI : lebec_CA-05,-1,gray fox,,4,train
https://storage.googleapis.com/public-datasets-lila/nacti-unzipped/part0/sub036/CA-04_03_21_2016_CA-04_0011852.JPG,NACTI : CA-04_03_21_2016_CA-04_0011852.JPG,NACTI : unknown,NACTI : lebec_CA-04,-1,gray fox,,4,val
https://storage.googleapis.com/public-datasets-lila/nacti-unzipped/part1/sub104/CA-44_02_29_2016_CA-44_0009227.JPG,NACTI : CA-44_02_29_2016_CA-44_0009227.JPG,NACTI : unknown,NACTI : lebec_CA-44,-1,gray fox,,4,train
https://storage.googleapis.com/public-datasets-lila/nacti-unzipped/part0/sub041/CA-08_05_13_2016_CA-08_0008103.JPG,NACTI : CA-08_05_13_2016_CA-08_0008103.JPG,NACTI : unknown,NACTI : lebec_CA-08,-1,gray fox,,4,train
https://storage.googleapis.com/public-datasets-lila/nacti-unzipped/part0/sub097/CA-39_10_04_2016_CA-39_0021433.JPG,NACTI : CA-39_10_04_2016_CA-39_0021433.JPG,NACTI : unknown,NACTI : lebec_CA-39,-1,gray fox,,4,train
https://storage.googleapis.com/public-datasets-lila/wcs-unzipped/animals/0545/0878.jpg,WCS Camera Traps : 8ee755ce-92d5-11e9-8e22-000d3a74c7de,WCS Camera Traps : unknown,WCS Camera Traps : 4324,-1,gray fox,05-11-2013 18:58:16,4,train
https://storage.googleapis.com/public-datasets-lila/caltech-unzipped/cct_images/58e280c9-23d2-11e8-a6a3-ec086b02610b.jpg,Caltech Camera Traps : 58e280c9-23d2-11e8-a6a3-ec086b02610b,Caltech Camera Traps : 701cee6b-5567-11e8-ae3c-dca9047ef277,Caltech Camera Traps : 110,3,gray fox,02-11-2014 06:59:30,4,train
https://storage.googleapis.com/public-datasets-lila/nacti-unzipped/part0/sub048/CA-13_08_12_2015_CA-13_0005597.jpg,NACTI : CA-13_08_12_2015_CA-13_0005597.jpg,NACTI : unknown,NACTI : lebec_CA-13,-1,gray fox,,4,train
https://storage.googleapis.com/public-datasets-lila/wcs-unzipped/animals/0534/1824.jpg,WCS Camera Traps : 8aff0e86-92d5-11e9-aea9-000d3a74c7de,WCS Camera Traps : unknown,WCS Camera Traps : 4315,-1,gray fox,07-18-2013 14:48:48,4,train
https://storage.googleapis.com/public-datasets-lila/wcs-unzipped/animals/0527/0469.jpg,WCS Camera Traps : 8828665c-92d5-11e9-8616-000d3a74c7de,WCS Camera Traps : unknown,WCS Camera Traps : 4304,-1,gray fox,07-06-2013 04:32:42,4,train
https://storage.googleapis.com/public-datasets-lila/nacti-unzipped/part0/sub067/CA-25_02_11_2016_CA-25_0013912.jpg,NACTI : CA-25_02_11_2016_CA-25_0013912.jpg,NACTI : unknown,NACTI : lebec_CA-25,-1,gray fox,,4,train
https://storage.googleapis.com/public-datasets-lila/nacti-unzipped/part0/sub037/CA-04_08_12_2015_CA-04_0002366.jpg,NACTI : CA-04_08_12_2015_CA-04_0002366.jpg,NACTI : unknown,NACTI : lebec_CA-04,-1,gray fox,,4,val
https://storage.googleapis.com/public-datasets-lila/wcs-unzipped/animals/0538/0710.jpg,WCS Camera Traps : 8c42e9ba-92d5-11e9-a761-000d3a74c7de,WCS Camera Traps : unknown,WCS Camera Traps : 4319,-1,gray fox,05-09-2013 06:17:23,4,test
https://storage.googleapis.com/public-datasets-lila/wcs-unzipped/animals/0530/0103.jpg,WCS Camera Traps : 8932da3c-92d5-11e9-a889-000d3a74c7de,WCS Camera Traps : unknown,WCS Camera Traps : 4310,-1,gray fox,05-08-2013 04:05:43,4,train
https://storage.googleapis.com/public-datasets-lila/nacti-unzipped/part0/sub086/CA-34_04_03_2015_CA-34_0000799.jpg,NACTI : CA-34_04_03_2015_CA-34_0000799.jpg,NACTI : unknown,NACTI : lebec_CA-34,-1,gray fox,,4,val
https://storage.googleapis.com/public-datasets-lila/nacti-unzipped/part0/sub084/CA-33_03_04_2016_CA-33_0020235.JPG,NACTI : CA-33_03_04_2016_CA-33_0020235.JPG,NACTI : unknown,NACTI : lebec_CA-33,-1,gray fox,,4,val
https://storage.googleapis.com/public-datasets-lila/wcs-unzipped/animals/0534/1047.jpg,WCS Camera Traps : 8adc4448-92d5-11e9-a104-000d3a74c7de,WCS Camera Traps : unknown,WCS Camera Traps : 4315,-1,gray fox,06-09-2013 04:35:19,4,train
https://storage.googleapis.com/public-datasets-lila/nacti-unzipped/part0/sub068/CA-25_09_12_2016_CA-25_0024457.JPG,NACTI : CA-25_09_12_2016_CA-25_0024457.JPG,NACTI : unknown,NACTI : lebec_CA-25,-1,gray fox,,4,train
https://storage.googleapis.com/public-datasets-lila/caltech-unzipped/cct_images/5911d775-23d2-11e8-a6a3-ec086b02610b.jpg,Caltech Camera Traps : 5911d775-23d2-11e8-a6a3-ec086b02610b,Caltech Camera Traps : 7019880f-5567-11e8-8023-dca9047ef277,Caltech Camera Traps : 86,2,gray fox,03-01-2014 03:56:23,4,train
https://storage.googleapis.com/public-datasets-lila/caltech-unzipped/cct_images/598acf9a-23d2-11e8-a6a3-ec086b02610b.jpg,Caltech Camera Traps : 598acf9a-23d2-11e8-a6a3-ec086b02610b,Caltech Camera Traps : 701d8e9c-5567-11e8-b759-dca9047ef277,Caltech Camera Traps : 10,3,gray fox,09-11-2014 23:12:41,4,train
https://storage.googleapis.com/public-datasets-lila/wcs-unzipped/animals/0539/0522.jpg,WCS Camera Traps : 8c980e98-92d5-11e9-b4a6-000d3a74c7de,WCS Camera Traps : unknown,WCS Camera Traps : 4319,-1,gray fox,07-17-2013 09:24:35,4,test
https://storage.googleapis.com/public-datasets-lila/nacti-unzipped/part0/sub088/CA-34_10_06_2016_CA-34_0031124.JPG,NACTI : CA-34_10_06_2016_CA-34_0031124.JPG,NACTI : unknown,NACTI : lebec_CA-34,-1,gray fox,,4,val
https://storage.googleapis.com/public-datasets-lila/nacti-unzipped/part0/sub084/CA-33_03_04_2016_CA-33_0019327.JPG,NACTI : CA-33_03_04_2016_CA-33_0019327.JPG,NACTI : unknown,NACTI : lebec_CA-33,-1,gray fox,,4,val
https://storage.googleapis.com/public-datasets-lila/caltech-unzipped/cct_images/5a09696e-23d2-11e8-a6a3-ec086b02610b.jpg,Caltech Camera Traps : 5a09696e-23d2-11e8-a6a3-ec086b02610b,Caltech Camera Traps : 701cce94-5567-11e8-b8ad-dca9047ef277,Caltech Camera Traps : 3,1,gray fox,11-29-2014 23:22:47,4,train
https://storage.googleapis.com/public-datasets-lila/nacti-unzipped/part0/sub063/CA-22_10_07_2015_CA-22_0011629.jpg,NACTI : CA-22_10_07_2015_CA-22_0011629.jpg,NACTI : unknown,NACTI : lebec_CA-22,-1,gray fox,,4,test
https://storage.googleapis.com/public-datasets-lila/nacti-unzipped/part0/sub038/CA-05_01_21_2016_CA-05_0003495.jpg,NACTI : CA-05_01_21_2016_CA-05_0003495.jpg,NACTI : unknown,NACTI : lebec_CA-05,-1,gray fox,,4,train
https://storage.googleapis.com/public-datasets-lila/wcs-unzipped/animals/0580/1027.jpg,WCS Camera Traps : 9bfe4fd5-92d5-11e9-a054-000d3a74c7de,WCS Camera Traps : unknown,WCS Camera Traps : 4323,-1,gray fox,04-30-2013 03:19:26,4,train
https://storage.googleapis.com/public-datasets-lila/nacti-unzipped/part0/sub045/CA-11_03_17_2016_CA-11_0009208.JPG,NACTI : CA-11_03_17_2016_CA-11_0009208.JPG,NACTI : unknown,NACTI : lebec_CA-11,-1,gray fox,,4,train
https://storage.googleapis.com/public-datasets-lila/wcs-unzipped/animals/0397/0868.jpg,WCS Camera Traps : 580050a2-92d5-11e9-8f8f-000d3a74c7de,WCS Camera Traps : gtm-002-d0037-157,WCS Camera Traps : 2817,3,gray fox,06-27-2012 14:18:21,4,train
https://storage.googleapis.com/public-datasets-lila/wcs-unzipped/animals/0584/1849.jpg,WCS Camera Traps : 9da8a47a-92d5-11e9-81e9-000d3a74c7de,WCS Camera Traps : unknown,WCS Camera Traps : 4331,-1,gray fox,07-13-2013 20:15:05,4,val
https://storage.googleapis.com/public-datasets-lila/caltech-unzipped/cct_images/5a2963ec-23d2-11e8-a6a3-ec086b02610b.jpg,Caltech Camera Traps : 5a2963ec-23d2-11e8-a6a3-ec086b02610b,Caltech Camera Traps : 7014b93d-5567-11e8-b368-dca9047ef277,Caltech Camera Traps : 34,3,gray fox,08-26-2013 19:05:33,4,train
https://storage.googleapis.com/public-datasets-lila/caltech-unzipped/cct_images/59b93953-23d2-11e8-a6a3-ec086b02610b.jpg,Caltech Camera Traps : 59b93953-23d2-11e8-a6a3-ec086b02610b,Caltech Camera Traps : 70189e0a-5567-11e8-a6a1-dca9047ef277,Caltech Camera Traps : 55,3,gray fox,04-08-2015 19:19:15,4,train
https://storage.googleapis.com/public-datasets-lila/ena24/images/4485.jpg,ENA24 : 4485,ENA24 : unknown,ENA24,-1,gray fox,,4,train
https://storage.googleapis.com/public-datasets-lila/caltech-unzipped/cct_images/59df5bee-23d2-11e8-a6a3-ec086b02610b.jpg,Caltech Camera Traps : 59df5bee-23d2-11e8-a6a3-ec086b02610b,Caltech Camera Traps : 7010fca3-5567-11e8-a809-dca9047ef277,Caltech Camera Traps : 56,1,gray fox,08-15-2013 23:59:52,4,train
https://storage.googleapis.com/public-datasets-lila/wcs-unzipped/animals/0557/1921.jpg,WCS Camera Traps : 9390e7be-92d5-11e9-a989-000d3a74c7de,WCS Camera Traps : unknown,WCS Camera Traps : 4338,-1,gray fox,05-27-2013 01:49:24,4,val
https://storage.googleapis.com/public-datasets-lila/nacti-unzipped/part0/sub048/CA-13_08_12_2015_CA-13_0004666.jpg,NACTI : CA-13_08_12_2015_CA-13_0004666.jpg,NACTI : unknown,NACTI : lebec_CA-13,-1,gray fox,,4,train
https://storage.googleapis.com/public-datasets-lila/nacti-unzipped/part0/sub038/CA-05_08_12_2015_CA-05_0001263.jpg,NACTI : CA-05_08_12_2015_CA-05_0001263.jpg,NACTI : unknown,NACTI : lebec_CA-05,-1,gray fox,,4,train
https://storage.googleapis.com/public-datasets-lila/ena24/images/4548.jpg,ENA24 : 4548,ENA24 : unknown,ENA24,-1,gray fox,,4,train
https://storage.googleapis.com/public-datasets-lila/nacti-unzipped/part0/sub088/CA-34_09_18_2015_CA-34_0018365.jpg,NACTI : CA-34_09_18_2015_CA-34_0018365.jpg,NACTI : unknown,NACTI : lebec_CA-34,-1,gray fox,,4,val
https://storage.googleapis.com/public-datasets-lila/caltech-unzipped/cct_images/589cb3ac-23d2-11e8-a6a3-ec086b02610b.jpg,Caltech Camera Traps : 589cb3ac-23d2-11e8-a6a3-ec086b02610b,Caltech Camera Traps : 701d1ac0-5567-11e8-890b-dca9047ef277,Caltech Camera Traps : 104,2,gray fox,11-02-2014 01:36:39,4,train
https://storage.googleapis.com/public-datasets-lila/nacti-unzipped/part0/sub097/CA-40_09_09_2016_CA-40_0011580.JPG,NACTI : CA-40_09_09_2016_CA-40_0011580.JPG,NACTI : unknown,NACTI : lebec_CA-40,-1,gray fox,,4,test
https://storage.googleapis.com/public-datasets-lila/nacti-unzipped/part0/sub049/CA-14_01_21_2016_CA-14_0008867.jpg,NACTI : CA-14_01_21_2016_CA-14_0008867.jpg,NACTI : unknown,NACTI : lebec_CA-14,-1,gray fox,,4,train
https://storage.googleapis.com/public-datasets-lila/wcs-unzipped/animals/0558/1921.jpg,WCS Camera Traps : 93ef59e8-92d5-11e9-bf38-000d3a74c7de,WCS Camera Traps : unknown,WCS Camera Traps : 4340,-1,gray fox,05-14-2013 01:41:32,4,val
https://storage.googleapis.com/public-datasets-lila/wcs-unzipped/animals/0548/0286.jpg,WCS Camera Traps : 8fec42a7-92d5-11e9-92e2-000d3a74c7de,WCS Camera Traps : unknown,WCS Camera Traps : 4328,-1,gray fox,07-26-2013 09:53:43,4,train
https://storage.googleapis.com/public-datasets-lila/wcs-unzipped/animals/0572/0294.jpg,WCS Camera Traps : 98dc035a-92d5-11e9-bd51-000d3a74c7de,WCS Camera Traps : unknown,WCS Camera Traps : 4312,-1,gray fox,04-28-2013 03:42:04,4,train
https://storage.googleapis.com/public-datasets-lila/nacti-unzipped/part1/sub106/CA-44_08_12_2015_CA-44_0001460.jpg,NACTI : CA-44_08_12_2015_CA-44_0001460.jpg,NACTI : unknown,NACTI : lebec_CA-44,-1,gray fox,,4,train
https://storage.googleapis.com/public-datasets-lila/caltech-unzipped/cct_images/58e40e0e-23d2-11e8-a6a3-ec086b02610b.jpg,Caltech Camera Traps : 58e40e0e-23d2-11e8-a6a3-ec086b02610b,Caltech Camera Traps : 701cec26-5567-11e8-86eb-dca9047ef277,Caltech Camera Traps : 110,2,gray fox,02-07-2014 12:36:09,4,train
https://storage.googleapis.com/public-datasets-lila/wcs-unzipped/animals/0532/0748.jpg,WCS Camera Traps : 8a0ff38b-92d5-11e9-a50d-000d3a74c7de,WCS Camera Traps : unknown,WCS Camera Traps : 4312,-1,gray fox,05-14-2013 03:41:03,4,train
https://storage.googleapis.com/public-datasets-lila/caltech-unzipped/cct_images/58aa57f9-23d2-11e8-a6a3-ec086b02610b.jpg,Caltech Camera Traps : 58aa57f9-23d2-11e8-a6a3-ec086b02610b,Caltech Camera Traps : 70177354-5567-11e8-bdf2-dca9047ef277,Caltech Camera Traps : 84,2,gray fox,04-23-2014 23:19:41,4,train
https://storage.googleapis.com/public-datasets-lila/nacti-unzipped/part0/sub096/CA-39_07_12_2016_CA-39_0015208.JPG,NACTI : CA-39_07_12_2016_CA-39_0015208.JPG,NACTI : unknown,NACTI : lebec_CA-39,-1,gray fox,,4,train
https://storage.googleapis.com/public-datasets-lila/wcs-unzipped/animals/0390/0153.jpg,WCS Camera Traps : 554b7a4a-92d5-11e9-a258-000d3a74c7de,WCS Camera Traps : gtm-002-d0041-8,WCS Camera Traps : 2819,2,gray fox,05-26-2012 05:05:36,4,train
https://storage.googleapis.com/public-datasets-lila/nacti-unzipped/part0/sub044/CA-11_02_11_2016_CA-11_0008931.jpg,NACTI : CA-11_02_11_2016_CA-11_0008931.jpg,NACTI : unknown,NACTI : lebec_CA-11,-1,gray fox,,4,train
https://storage.googleapis.com/public-datasets-lila/ena24/images/4549.jpg,ENA24 : 4549,ENA24 : unknown,ENA24,-1,gray fox,,4,train
https://storage.googleapis.com/public-datasets-lila/caltech-unzipped/cct_images/59e5dfd3-23d2-11e8-a6a3-ec086b02610b.jpg,Caltech Camera Traps : 59e5dfd3-23d2-11e8-a6a3-ec086b02610b,Caltech Camera Traps : 70189c97-5567-11e8-83da-dca9047ef277,Caltech Camera Traps : 55,1,gray fox,04-07-2015 19:34:02,4,train
https://storage.googleapis.com/public-datasets-lila/nacti-unzipped/part0/sub038/CA-05_08_12_2015_CA-05_0002137.jpg,NACTI : CA-05_08_12_2015_CA-05_0002137.jpg,NACTI : unknown,NACTI : lebec_CA-05,-1,gray fox,,4,train
https://storage.googleapis.com/public-datasets-lila/nacti-unzipped/part0/sub037/CA-04_08_12_2015_CA-04_0005392.jpg,NACTI : CA-04_08_12_2015_CA-04_0005392.jpg,NACTI : unknown,NACTI : lebec_CA-04,-1,gray fox,,4,val
https://storage.googleapis.com/public-datasets-lila/caltech-unzipped/cct_images/5888bd1a-23d2-11e8-a6a3-ec086b02610b.jpg,Caltech Camera Traps : 5888bd1a-23d2-11e8-a6a3-ec086b02610b,Caltech Camera Traps : 7018df4f-5567-11e8-922f-dca9047ef277,Caltech Camera Traps : 92,1,gray fox,07-29-2014 01:57:08,4,train
https://storage.googleapis.com/public-datasets-lila/nacti-unzipped/part0/sub068/CA-25_08_17_2015_CA-25_0011786.jpg,NACTI : CA-25_08_17_2015_CA-25_0011786.jpg,NACTI : unknown,NACTI : lebec_CA-25,-1,gray fox,,4,train
https://storage.googleapis.com/public-datasets-lila/wcs-unzipped/animals/0379/0371.jpg,WCS Camera Traps : 51577b38-92d5-11e9-bb82-000d3a74c7de,WCS Camera Traps : gtm-002-d0011-31,WCS Camera Traps : 2802,4,gray fox,06-04-2012 11:45:52,4,train
https://storage.googleapis.com/public-datasets-lila/nacti-unzipped/part0/sub097/CA-40_10_05_2016_CA-40_0011895.JPG,NACTI : CA-40_10_05_2016_CA-40_0011895.JPG,NACTI : unknown,NACTI : lebec_CA-40,-1,gray fox,,4,test
https://storage.googleapis.com/public-datasets-lila/caltech-unzipped/cct_images/592de5ee-23d2-11e8-a6a3-ec086b02610b.jpg,Caltech Camera Traps : 592de5ee-23d2-11e8-a6a3-ec086b02610b,Caltech Camera Traps : 6f96e005-5567-11e8-b7c1-dca9047ef277,Caltech Camera Traps : 96,1,gray fox,03-10-2014 01:32:04,4,test
https://storage.googleapis.com/public-datasets-lila/wcs-unzipped/animals/0548/0174.jpg,WCS Camera Traps : 8fe6ece5-92d5-11e9-a1f9-000d3a74c7de,WCS Camera Traps : unknown,WCS Camera Traps : 4328,-1,gray fox,07-15-2013 10:06:30,4,train
https://storage.googleapis.com/public-datasets-lila/nacti-unzipped/part0/sub048/CA-13_03_30_2015_CA-13_0000453.jpg,NACTI : CA-13_03_30_2015_CA-13_0000453.jpg,NACTI : unknown,NACTI : lebec_CA-13,-1,gray fox,,4,train
https://storage.googleapis.com/public-datasets-lila/wcs-unzipped/animals/0539/1158.jpg,WCS Camera Traps : 8cb6931a-92d5-11e9-b771-000d3a74c7de,WCS Camera Traps : unknown,WCS Camera Traps : 4320,-1,gray fox,04-27-2013 01:46:31,4,test
https://storage.googleapis.com/public-datasets-lila/wcs-unzipped/animals/0557/1183.jpg,WCS Camera Traps : 936e1c9d-92d5-11e9-8202-000d3a74c7de,WCS Camera Traps : unknown,WCS Camera Traps : 4338,-1,gray fox,04-22-2013 03:25:53,4,val
https://storage.googleapis.com/public-datasets-lila/nacti-unzipped/part0/sub049/CA-14_08_12_2015_CA-14_0005922.jpg,NACTI : CA-14_08_12_2015_CA-14_0005922.jpg,NACTI : unknown,NACTI : lebec_CA-14,-1,gray fox,,4,train
https://storage.googleapis.com/public-datasets-lila/caltech-unzipped/cct_images/5a2af4f1-23d2-11e8-a6a3-ec086b02610b.jpg,Caltech Camera Traps : 5a2af4f1-23d2-11e8-a6a3-ec086b02610b,Caltech Camera Traps : 7019f9ee-5567-11e8-bfd6-dca9047ef277,Caltech Camera Traps : 42,3,gray fox,12-31-2014 21:09:03,4,train
https://storage.googleapis.com/public-datasets-lila/nacti-unzipped/part0/sub037/CA-04_08_12_2015_CA-04_0004312.jpg,NACTI : CA-04_08_12_2015_CA-04_0004312.jpg,NACTI : unknown,NACTI : lebec_CA-04,-1,gray fox,,4,val
https://storage.googleapis.com/public-datasets-lila/nacti-unzipped/part0/sub038/CA-05_11_02_2015_CA-05_0002692.jpg,NACTI : CA-05_11_02_2015_CA-05_0002692.jpg,NACTI : unknown,NACTI : lebec_CA-05,-1,gray fox,,4,train
https://storage.googleapis.com/public-datasets-lila/wcs-unzipped/animals/0589/0612.jpg,WCS Camera Traps : 9f4d7ad2-92d5-11e9-a3a7-000d3a74c7de,WCS Camera Traps : unknown,WCS Camera Traps : 4335,-1,gray fox,07-21-2013 13:33:26,4,train
https://storage.googleapis.com/public-datasets-lila/nacti-unzipped/part0/sub088/CA-34_09_02_2016_CA-34_0029933.JPG,NACTI : CA-34_09_02_2016_CA-34_0029933.JPG,NACTI : unknown,NACTI : lebec_CA-34,-1,gray fox,,4,val
https://storage.googleapis.com/public-datasets-lila/nacti-unzipped/part0/sub088/CA-34_08_04_2015_CA-34_0013983.jpg,NACTI : CA-34_08_04_2015_CA-34_0013983.jpg,NACTI : unknown,NACTI : lebec_CA-34,-1,gray fox,,4,val
https://storage.googleapis.com/public-datasets-lila/nacti-unzipped/part0/sub086/CA-34_02_16_2016_CA-34_0019659.jpg,NACTI : CA-34_02_16_2016_CA-34_0019659.jpg,NACTI : unknown,NACTI : lebec_CA-34,-1,gray fox,,4,val
https://storage.googleapis.com/public-datasets-lila/wcs-unzipped/animals/0559/0034.jpg,WCS Camera Traps : 93f59b82-92d5-11e9-8ed4-000d3a74c7de,WCS Camera Traps : unknown,WCS Camera Traps : 4340,-1,gray fox,06-01-2013 04:08:24,4,val
https://storage.googleapis.com/public-datasets-lila/caltech-unzipped/cct_images/59e77d4f-23d2-11e8-a6a3-ec086b02610b.jpg,Caltech Camera Traps : 59e77d4f-23d2-11e8-a6a3-ec086b02610b,Caltech Camera Traps : 7019df99-5567-11e8-b356-dca9047ef277,Caltech Camera Traps : 42,2,gray fox,08-06-2014 04:31:54,4,train
https://storage.googleapis.com/public-datasets-lila/nacti-unzipped/part0/sub041/CA-08_05_13_2016_CA-08_0008679.JPG,NACTI : CA-08_05_13_2016_CA-08_0008679.JPG,NACTI : unknown,NACTI : lebec_CA-08,-1,gray fox,,4,train
https://storage.googleapis.com/public-datasets-lila/caltech-unzipped/cct_images/59452e41-23d2-11e8-a6a3-ec086b02610b.jpg,Caltech Camera Traps : 59452e41-23d2-11e8-a6a3-ec086b02610b,Caltech Camera Traps : 70152e00-5567-11e8-af16-dca9047ef277,Caltech Camera Traps : 111,1,gray fox,10-09-2013 05:45:08,4,train
https://storage.googleapis.com/public-datasets-lila/wcs-unzipped/animals/0580/1031.jpg,WCS Camera Traps : 9bfe76ea-92d5-11e9-9512-000d3a74c7de,WCS Camera Traps : unknown,WCS Camera Traps : 4323,-1,gray fox,04-30-2013 03:19:30,4,train
https://storage.googleapis.com/public-datasets-lila/wcs-unzipped/animals/0586/1142.jpg,WCS Camera Traps : 9e444869-92d5-11e9-ba14-000d3a74c7de,WCS Camera Traps : unknown,WCS Camera Traps : 4332,-1,gray fox,06-10-2013 22:53:57,4,train
https://storage.googleapis.com/public-datasets-lila/wcs-unzipped/animals/0588/0439.jpg,WCS Camera Traps : 9ee6c9b8-92d5-11e9-9313-000d3a74c7de,WCS Camera Traps : unknown,WCS Camera Traps : 4334,-1,gray fox,06-02-2013 02:48:14,4,train
https://storage.googleapis.com/public-datasets-lila/caltech-unzipped/cct_images/59cb391b-23d2-11e8-a6a3-ec086b02610b.jpg,Caltech Camera Traps : 59cb391b-23d2-11e8-a6a3-ec086b02610b,Caltech Camera Traps : 7015ac66-5567-11e8-b797-dca9047ef277,Caltech Camera Traps : 1,2,gray fox,02-17-2014 22:22:32,4,train
https://storage.googleapis.com/public-datasets-lila/nacti-unzipped/part0/sub063/CA-22_09_15_2015_CA-22_0010060.jpg,NACTI : CA-22_09_15_2015_CA-22_0010060.jpg,NACTI : unknown,NACTI : lebec_CA-22,-1,gray fox,,4,test
https://storage.googleapis.com/public-datasets-lila/wcs-unzipped/animals/0397/1015.jpg,WCS Camera Traps : 58092a44-92d5-11e9-a8b3-000d3a74c7de,WCS Camera Traps : gtm-002-d0041-218,WCS Camera Traps : 2819,2,gray fox,06-20-2012 11:40:48,4,train
https://storage.googleapis.com/public-datasets-lila/nacti-unzipped/part0/sub073/CA-29_01_28_2016_CA-29_0029754.jpg,NACTI : CA-29_01_28_2016_CA-29_0029754.jpg,NACTI : unknown,NACTI : lebec_CA-29,-1,gray fox,,4,train
https://storage.googleapis.com/public-datasets-lila/wcs-unzipped/animals/0586/1160.jpg,WCS Camera Traps : 9e450ba0-92d5-11e9-a669-000d3a74c7de,WCS Camera Traps : unknown,WCS Camera Traps : 4332,-1,gray fox,06-11-2013 00:19:58,4,train
https://storage.googleapis.com/public-datasets-lila/nacti-unzipped/part0/sub037/CA-04_08_12_2015_CA-04_0004316.jpg,NACTI : CA-04_08_12_2015_CA-04_0004316.jpg,NACTI : unknown,NACTI : lebec_CA-04,-1,gray fox,,4,val
https://storage.googleapis.com/public-datasets-lila/nacti-unzipped/part0/sub038/CA-05_07_05_2016_CA-05_0005013.JPG,NACTI : CA-05_07_05_2016_CA-05_0005013.JPG,NACTI : unknown,NACTI : lebec_CA-05,-1,gray fox,,4,train
https://storage.googleapis.com/public-datasets-lila/nacti-unzipped/part1/sub105/CA-44_04_30_2015_CA-44_0000522.jpg,NACTI : CA-44_04_30_2015_CA-44_0000522.jpg,NACTI : unknown,NACTI : lebec_CA-44,-1,gray fox,,4,train
https://storage.googleapis.com/public-datasets-lila/wcs-unzipped/animals/0543/0881.jpg,WCS Camera Traps : 8e262872-92d5-11e9-9436-000d3a74c7de,WCS Camera Traps : unknown,WCS Camera Traps : 4322,-1,gray fox,05-07-2013 01:55:37,4,train
https://storage.googleapis.com/public-datasets-lila/nacti-unzipped/part1/sub105/CA-44_04_30_2015_CA-44_0000793.jpg,NACTI : CA-44_04_30_2015_CA-44_0000793.jpg,NACTI : unknown,NACTI : lebec_CA-44,-1,gray fox,,4,train
https://storage.googleapis.com/public-datasets-lila/wcs-unzipped/animals/0529/1589.jpg,WCS Camera Traps : 8918e99e-92d5-11e9-aa89-000d3a74c7de,WCS Camera Traps : unknown,WCS Camera Traps : 4309,-1,gray fox,07-31-2013 05:01:27,4,train
https://storage.googleapis.com/public-datasets-lila/wcs-unzipped/animals/0553/1675.jpg,WCS Camera Traps : 920cb30c-92d5-11e9-8cf1-000d3a74c7de,WCS Camera Traps : unknown,WCS Camera Traps : 4334,-1,gray fox,06-13-2013 12:31:27,4,train
https://storage.googleapis.com/public-datasets-lila/nacti-unzipped/part0/sub038/CA-05_08_01_2016_CA-05_0005306.JPG,NACTI : CA-05_08_01_2016_CA-05_0005306.JPG,NACTI : unknown,NACTI : lebec_CA-05,-1,gray fox,,4,train
https://storage.googleapis.com/public-datasets-lila/nacti-unzipped/part0/sub088/CA-34_08_04_2015_CA-34_0017681.jpg,NACTI : CA-34_08_04_2015_CA-34_0017681.jpg,NACTI : unknown,NACTI : lebec_CA-34,-1,gray fox,,4,val
https://storage.googleapis.com/public-datasets-lila/nacti-unzipped/part0/sub096/CA-39_08_17_2015_CA-39_0003024.jpg,NACTI : CA-39_08_17_2015_CA-39_0003024.jpg,NACTI : unknown,NACTI : lebec_CA-39,-1,gray fox,,4,train
https://storage.googleapis.com/public-datasets-lila/wcs-unzipped/animals/0573/0546.jpg,WCS Camera Traps : 994748a0-92d5-11e9-9c73-000d3a74c7de,WCS Camera Traps : unknown,WCS Camera Traps : 4314,-1,gray fox,05-08-2013 17:04:50,4,train
https://storage.googleapis.com/public-datasets-lila/wcs-unzipped/animals/0586/0537.jpg,WCS Camera Traps : 9e2834dc-92d5-11e9-a69f-000d3a74c7de,WCS Camera Traps : unknown,WCS Camera Traps : 4332,-1,gray fox,05-13-2013 20:33:46,4,train
https://storage.googleapis.com/public-datasets-lila/caltech-unzipped/cct_images/59452de3-23d2-11e8-a6a3-ec086b02610b.jpg,Caltech Camera Traps : 59452de3-23d2-11e8-a6a3-ec086b02610b,Caltech Camera Traps : 7018736b-5567-11e8-90e7-dca9047ef277,Caltech Camera Traps : 122,3,gray fox,11-15-2014 01:35:49,4,train
https://storage.googleapis.com/public-datasets-lila/wcs-unzipped/animals/0572/0296.jpg,WCS Camera Traps : 98dc2a4c-92d5-11e9-b066-000d3a74c7de,WCS Camera Traps : unknown,WCS Camera Traps : 4312,-1,gray fox,04-28-2013 03:42:05,4,train
https://storage.googleapis.com/public-datasets-lila/nacti-unzipped/part0/sub049/CA-14_11_02_2015_CA-14_0007646.jpg,NACTI : CA-14_11_02_2015_CA-14_0007646.jpg,NACTI : unknown,NACTI : lebec_CA-14,-1,gray fox,,4,train
https://storage.googleapis.com/public-datasets-lila/wcs-unzipped/animals/0544/0882.jpg,WCS Camera Traps : 8e864a59-92d5-11e9-ae1d-000d3a74c7de,WCS Camera Traps : unknown,WCS Camera Traps : 4323,-1,gray fox,04-30-2013 01:34:28,4,train
https://storage.googleapis.com/public-datasets-lila/nacti-unzipped/part0/sub049/CA-14_04_30_2015_CA-14_0001347.jpg,NACTI : CA-14_04_30_2015_CA-14_0001347.jpg,NACTI : unknown,NACTI : lebec_CA-14,-1,gray fox,,4,train
https://storage.googleapis.com/public-datasets-lila/nacti-unzipped/part0/sub066/CA-24_10_07_2015_CA-24_0011647.jpg,NACTI : CA-24_10_07_2015_CA-24_0011647.jpg,NACTI : unknown,NACTI : lebec_CA-24,-1,gray fox,,4,test
https://storage.googleapis.com/public-datasets-lila/wcs-unzipped/animals/0557/1456.jpg,WCS Camera Traps : 937b14ec-92d5-11e9-bdc4-000d3a74c7de,WCS Camera Traps : unknown,WCS Camera Traps : 4338,-1,gray fox,05-05-2013 02:25:16,4,val
https://storage.googleapis.com/public-datasets-lila/caltech-unzipped/cct_images/58ce3dc6-23d2-11e8-a6a3-ec086b02610b.jpg,Caltech Camera Traps : 58ce3dc6-23d2-11e8-a6a3-ec086b02610b,Caltech Camera Traps : 701a4763-5567-11e8-bae1-dca9047ef277,Caltech Camera Traps : 137,3,gray fox,01-02-2015 18:19:22,4,train
https://storage.googleapis.com/public-datasets-lila/wcs-unzipped/animals/0539/0921.jpg,WCS Camera Traps : 8cab9692-92d5-11e9-975b-000d3a74c7de,WCS Camera Traps : unknown,WCS Camera Traps : 4320,-1,gray fox,04-15-2013 08:04:53,4,test
https://storage.googleapis.com/public-datasets-lila/wcs-unzipped/animals/0540/0208.jpg,WCS Camera Traps : 8ce80356-92d5-11e9-aed9-000d3a74c7de,WCS Camera Traps : unknown,WCS Camera Traps : 4320,-1,gray fox,07-01-2013 05:32:41,4,test
https://storage.googleapis.com/public-datasets-lila/wcs-unzipped/animals/0527/0229.jpg,WCS Camera Traps : 881d1a9c-92d5-11e9-9a84-000d3a74c7de,WCS Camera Traps : unknown,WCS Camera Traps : 4304,-1,gray fox,06-07-2013 03:22:42,4,train
https://storage.googleapis.com/public-datasets-lila/wcs-unzipped/animals/0538/0350.jpg,WCS Camera Traps : 8c3220d2-92d5-11e9-96de-000d3a74c7de,WCS Camera Traps : unknown,WCS Camera Traps : 4319,-1,gray fox,04-29-2013 04:28:50,4,test
https://storage.googleapis.com/public-datasets-lila/nacti-unzipped/part0/sub097/CA-39_10_16_2015_CA-39_0010065.jpg,NACTI : CA-39_10_16_2015_CA-39_0010065.jpg,NACTI : unknown,NACTI : lebec_CA-39,-1,gray fox,,4,train
https://storage.googleapis.com/public-datasets-lila/caltech-unzipped/cct_images/58b4a970-23d2-11e8-a6a3-ec086b02610b.jpg,Caltech Camera Traps : 58b4a970-23d2-11e8-a6a3-ec086b02610b,Caltech Camera Traps : 701a9dcc-5567-11e8-bb89-dca9047ef277,Caltech Camera Traps : 128,2,gray fox,09-10-2014 04:45:13,4,train
https://storage.googleapis.com/public-datasets-lila/wcs-unzipped/animals/0535/0882.jpg,WCS Camera Traps : 8b2f6d52-92d5-11e9-92c7-000d3a74c7de,WCS Camera Traps : unknown,WCS Camera Traps : 4316,-1,gray fox,05-01-2013 06:18:56,4,test
https://storage.googleapis.com/public-datasets-lila/nacti-unzipped/part0/sub041/CA-08_08_04_2015_CA-08_0002877.jpg,NACTI : CA-08_08_04_2015_CA-08_0002877.jpg,NACTI : unknown,NACTI : lebec_CA-08,-1,gray fox,,4,train
https://storage.googleapis.com/public-datasets-lila/wcs-unzipped/animals/0397/1763.jpg,WCS Camera Traps : 582c69a8-92d5-11e9-a44f-000d3a74c7de,WCS Camera Traps : gtm-002-d0043-177,WCS Camera Traps : 2820,1,gray fox,06-24-2012 13:50:39,4,train
https://storage.googleapis.com/public-datasets-lila/nacti-unzipped/part0/sub068/CA-25_08_17_2015_CA-25_0011785.jpg,NACTI : CA-25_08_17_2015_CA-25_0011785.jpg,NACTI : unknown,NACTI : lebec_CA-25,-1,gray fox,,4,train
https://storage.googleapis.com/public-datasets-lila/nacti-unzipped/part0/sub040/CA-07_08_04_2015_CA-07_0003904.jpg,NACTI : CA-07_08_04_2015_CA-07_0003904.jpg,NACTI : unknown,NACTI : lebec_CA-07,-1,gray fox,,4,train
https://storage.googleapis.com/public-datasets-lila/wcs-unzipped/animals/0533/1565.jpg,WCS Camera Traps : 8a952928-92d5-11e9-96df-000d3a74c7de,WCS Camera Traps : unknown,WCS Camera Traps : 4314,-1,gray fox,05-08-2013 17:14:48,4,train
https://storage.googleapis.com/public-datasets-lila/nacti-unzipped/part0/sub097/CA-40_03_30_2015_CA-40_0000962.jpg,NACTI : CA-40_03_30_2015_CA-40_0000962.jpg,NACTI : unknown,NACTI : lebec_CA-40,-1,gray fox,,4,test
https://storage.googleapis.com/public-datasets-lila/caltech-unzipped/cct_images/59973e26-23d2-11e8-a6a3-ec086b02610b.jpg,Caltech Camera Traps : 59973e26-23d2-11e8-a6a3-ec086b02610b,Caltech Camera Traps : 701b373a-5567-11e8-b858-dca9047ef277,Caltech Camera Traps : 48,2,gray fox,12-12-2013 12:41:17,4,test
https://storage.googleapis.com/public-datasets-lila/nacti-unzipped/part0/sub038/CA-04_09_11_2015_CA-04_0009875.jpg,NACTI : CA-04_09_11_2015_CA-04_0009875.jpg,NACTI : unknown,NACTI : lebec_CA-04,-1,gray fox,,4,val
https://storage.googleapis.com/public-datasets-lila/nacti-unzipped/part0/sub095/CA-39_01_27_2016_CA-39_0010874.jpg,NACTI : CA-39_01_27_2016_CA-39_0010874.jpg,NACTI : unknown,NACTI : lebec_CA-39,-1,gray fox,,4,train
https://storage.googleapis.com/public-datasets-lila/nacti-unzipped/part1/sub105/CA-44_04_30_2015_CA-44_0000542.jpg,NACTI : CA-44_04_30_2015_CA-44_0000542.jpg,NACTI : unknown,NACTI : lebec_CA-44,-1,gray fox,,4,train
https://storage.googleapis.com/public-datasets-lila/nacti-unzipped/part0/sub063/CA-22_06_13_2015_CA-22_0007646.jpg,NACTI : CA-22_06_13_2015_CA-22_0007646.jpg,NACTI : unknown,NACTI : lebec_CA-22,-1,gray fox,,4,test
https://storage.googleapis.com/public-datasets-lila/wcs-unzipped/animals/0537/1952.jpg,WCS Camera Traps : 8c1f0e04-92d5-11e9-8329-000d3a74c7de,WCS Camera Traps : unknown,WCS Camera Traps : 4319,-1,gray fox,04-20-2013 07:34:56,4,test
https://storage.googleapis.com/public-datasets-lila/nacti-unzipped/part0/sub096/CA-39_08_17_2015_CA-39_0001889.jpg,NACTI : CA-39_08_17_2015_CA-39_0001889.jpg,NACTI : unknown,NACTI : lebec_CA-39,-1,gray fox,,4,train
https://storage.googleapis.com/public-datasets-lila/ena24/images/4341.jpg,ENA24 : 4341,ENA24 : unknown,ENA24,-1,gray fox,,4,train
https://storage.googleapis.com/public-datasets-lila/nacti-unzipped/part1/sub110/CA-48_05_03_2016_CA-48_0007997.JPG,NACTI : CA-48_05_03_2016_CA-48_0007997.JPG,NACTI : unknown,NACTI : lebec_CA-48,-1,gray fox,,4,test
https://storage.googleapis.com/public-datasets-lila/wcs-unzipped/animals/0544/1014.jpg,WCS Camera Traps : 8e8d4ed4-92d5-11e9-b2c6-000d3a74c7de,WCS Camera Traps : unknown,WCS Camera Traps : 4323,-1,gray fox,05-04-2013 04:18:33,4,train
https://storage.googleapis.com/public-datasets-lila/caltech-unzipped/cct_images/59e44148-23d2-11e8-a6a3-ec086b02610b.jpg,Caltech Camera Traps : 59e44148-23d2-11e8-a6a3-ec086b02610b,Caltech Camera Traps : 701e9f61-5567-11e8-b390-dca9047ef277,Caltech Camera Traps : 19,2,gray fox,12-03-2013 15:27:27,4,train
https://storage.googleapis.com/public-datasets-lila/wcs-unzipped/animals/0592/0222.jpg,WCS Camera Traps : a05a3164-92d5-11e9-a7ee-000d3a74c7de,WCS Camera Traps : unknown,WCS Camera Traps : 4338,-1,gray fox,07-14-2013 10:57:59,4,val
https://storage.googleapis.com/public-datasets-lila/caltech-unzipped/cct_images/593a5001-23d2-11e8-a6a3-ec086b02610b.jpg,Caltech Camera Traps : 593a5001-23d2-11e8-a6a3-ec086b02610b,Caltech Camera Traps : 701ce899-5567-11e8-8ac4-dca9047ef277,Caltech Camera Traps : 110,3,gray fox,02-05-2014 19:09:49,4,train
https://storage.googleapis.com/public-datasets-lila/wcs-unzipped/animals/0546/0096.jpg,WCS Camera Traps : 8f22d97a-92d5-11e9-9626-000d3a74c7de,WCS Camera Traps : unknown,WCS Camera Traps : 4325,-1,gray fox,05-02-2013 06:29:35,4,train
https://storage.googleapis.com/public-datasets-lila/wcs-unzipped/animals/0532/1884.jpg,WCS Camera Traps : 8a461ec1-92d5-11e9-a6a9-000d3a74c7de,WCS Camera Traps : unknown,WCS Camera Traps : 4312,-1,gray fox,07-08-2013 06:20:32,4,train
https://storage.googleapis.com/public-datasets-lila/nacti-unzipped/part1/sub110/CA-48_08_12_2015_CA-48_0004381.jpg,NACTI : CA-48_08_12_2015_CA-48_0004381.jpg,NACTI : unknown,NACTI : lebec_CA-48,-1,gray fox,,4,test
https://storage.googleapis.com/public-datasets-lila/nacti-unzipped/part0/sub038/CA-05_07_05_2016_CA-05_0005017.JPG,NACTI : CA-05_07_05_2016_CA-05_0005017.JPG,NACTI : unknown,NACTI : lebec_CA-05,-1,gray fox,,4,train
https://storage.googleapis.com/public-datasets-lila/nacti-unzipped/part0/sub065/CA-23_09_14_2015_CA-23_0019634.jpg,NACTI : CA-23_09_14_2015_CA-23_0019634.jpg,NACTI : unknown,NACTI : lebec_CA-23,-1,gray fox,,4,val
https://storage.googleapis.com/public-datasets-lila/nacti-unzipped/part1/sub104/CA-44_02_29_2016_CA-44_0009275.JPG,NACTI : CA-44_02_29_2016_CA-44_0009275.JPG,NACTI : unknown,NACTI : lebec_CA-44,-1,gray fox,,4,train
https://storage.googleapis.com/public-datasets-lila/nacti-unzipped/part0/sub037/CA-04_08_12_2015_CA-04_0005378.jpg,NACTI : CA-04_08_12_2015_CA-04_0005378.jpg,NACTI : unknown,NACTI : lebec_CA-04,-1,gray fox,,4,val
https://storage.googleapis.com/public-datasets-lila/nacti-unzipped/part0/sub088/CA-34_08_04_2015_CA-34_0013445.jpg,NACTI : CA-34_08_04_2015_CA-34_0013445.jpg,NACTI : unknown,NACTI : lebec_CA-34,-1,gray fox,,4,val
https://storage.googleapis.com/public-datasets-lila/nacti-unzipped/part0/sub049/CA-14_03_03_2015_CA-14_0000162.jpg,NACTI : CA-14_03_03_2015_CA-14_0000162.jpg,NACTI : unknown,NACTI : lebec_CA-14,-1,gray fox,,4,train
https://storage.googleapis.com/public-datasets-lila/nacti-unzipped/part0/sub039/CA-06_10_08_2015_CA-06_0008134.jpg,NACTI : CA-06_10_08_2015_CA-06_0008134.jpg,NACTI : unknown,NACTI : lebec_CA-06,-1,gray fox,,4,train
https://storage.googleapis.com/public-datasets-lila/caltech-unzipped/cct_images/592de504-23d2-11e8-a6a3-ec086b02610b.jpg,Caltech Camera Traps : 592de504-23d2-11e8-a6a3-ec086b02610b,Caltech Camera Traps : 701076c7-5567-11e8-a1be-dca9047ef277,Caltech Camera Traps : 134,2,gray fox,12-24-2014 05:20:56,4,train
https://storage.googleapis.com/public-datasets-lila/nacti-unzipped/part0/sub049/CA-14_04_07_2016_CA-14_0010341.JPG,NACTI : CA-14_04_07_2016_CA-14_0010341.JPG,NACTI : unknown,NACTI : lebec_CA-14,-1,gray fox,,4,train
https://storage.googleapis.com/public-datasets-lila/wcs-unzipped/animals/0540/0654.jpg,WCS Camera Traps : 8cfd390a-92d5-11e9-b537-000d3a74c7de,WCS Camera Traps : unknown,WCS Camera Traps : 4320,-1,gray fox,07-17-2013 16:24:21,4,test
https://storage.googleapis.com/public-datasets-lila/nacti-unzipped/part0/sub068/CA-25_11_08_2016_CA-25_0028147.JPG,NACTI : CA-25_11_08_2016_CA-25_0028147.JPG,NACTI : unknown,NACTI : lebec_CA-25,-1,gray fox,,4,train
https://storage.googleapis.com/public-datasets-lila/nacti-unzipped/part0/sub066/CA-24_08_12_2015_CA-24_0002021.jpg,NACTI : CA-24_08_12_2015_CA-24_0002021.jpg,NACTI : unknown,NACTI : lebec_CA-24,-1,gray fox,,4,test
https://storage.googleapis.com/public-datasets-lila/caltech-unzipped/cct_images/59929338-23d2-11e8-a6a3-ec086b02610b.jpg,Caltech Camera Traps : 59929338-23d2-11e8-a6a3-ec086b02610b,Caltech Camera Traps : 70188eeb-5567-11e8-94a2-dca9047ef277,Caltech Camera Traps : 55,1,gray fox,09-20-2013 23:51:11,4,train
https://storage.googleapis.com/public-datasets-lila/nacti-unzipped/part0/sub049/CA-14_02_29_2016_CA-14_0009456.JPG,NACTI : CA-14_02_29_2016_CA-14_0009456.JPG,NACTI : unknown,NACTI : lebec_CA-14,-1,gray fox,,4,train
https://storage.googleapis.com/public-datasets-lila/nacti-unzipped/part0/sub037/CA-04_08_12_2015_CA-04_0002435.jpg,NACTI : CA-04_08_12_2015_CA-04_0002435.jpg,NACTI : unknown,NACTI : lebec_CA-04,-1,gray fox,,4,val
https://storage.googleapis.com/public-datasets-lila/nacti-unzipped/part0/sub084/CA-32_01_27_2016_CA-32_0004802.jpg,NACTI : CA-32_01_27_2016_CA-32_0004802.jpg,NACTI : unknown,NACTI : lebec_CA-32,-1,gray fox,,4,train
https://storage.googleapis.com/public-datasets-lila/nacti-unzipped/part0/sub062/CA-21_04_06_2015_CA-21_0000443.jpg,NACTI : CA-21_04_06_2015_CA-21_0000443.jpg,NACTI : unknown,NACTI : lebec_CA-21,-1,gray fox,,4,train
https://storage.googleapis.com/public-datasets-lila/nacti-unzipped/part0/sub062/CA-21_10_13_2015_CA-21_0006269.jpg,NACTI : CA-21_10_13_2015_CA-21_0006269.jpg,NACTI : unknown,NACTI : lebec_CA-21,-1,gray fox,,4,train
https://storage.googleapis.com/public-datasets-lila/nacti-unzipped/part1/sub110/CA-48_04_07_2016_CA-48_0007141.JPG,NACTI : CA-48_04_07_2016_CA-48_0007141.JPG,NACTI : unknown,NACTI : lebec_CA-48,-1,gray fox,,4,test
https://storage.googleapis.com/public-datasets-lila/caltech-unzipped/cct_images/58b13158-23d2-11e8-a6a3-ec086b02610b.jpg,Caltech Camera Traps : 58b13158-23d2-11e8-a6a3-ec086b02610b,Caltech Camera Traps : 70157361-5567-11e8-84af-dca9047ef277,Caltech Camera Traps : 109,2,gray fox,02-07-2015 03:17:59,4,train
https://storage.googleapis.com/public-datasets-lila/wcs-unzipped/animals/0545/1982.jpg,WCS Camera Traps : 8f1d8237-92d5-11e9-8aa4-000d3a74c7de,WCS Camera Traps : unknown,WCS Camera Traps : 4325,-1,gray fox,04-24-2013 06:14:28,4,train
https://storage.googleapis.com/public-datasets-lila/caltech-unzipped/cct_images/58f8cefa-23d2-11e8-a6a3-ec086b02610b.jpg,Caltech Camera Traps : 58f8cefa-23d2-11e8-a6a3-ec086b02610b,Caltech Camera Traps : 701ac035-5567-11e8-b069-dca9047ef277,Caltech Camera Traps : 87,3,gray fox,05-02-2014 21:35:57,4,test
https://storage.googleapis.com/public-datasets-lila/wcs-unzipped/animals/0574/1303.jpg,WCS Camera Traps : 99ca0cc8-92d5-11e9-b519-000d3a74c7de,WCS Camera Traps : unknown,WCS Camera Traps : 4317,-1,gray fox,07-08-2013 07:25:12,4,train
https://storage.googleapis.com/public-datasets-lila/caltech-unzipped/cct_images/5976a35d-23d2-11e8-a6a3-ec086b02610b.jpg,Caltech Camera Traps : 5976a35d-23d2-11e8-a6a3-ec086b02610b,Caltech Camera Traps : 7019ed6e-5567-11e8-b9c2-dca9047ef277,Caltech Camera Traps : 42,2,gray fox,08-25-2014 15:46:48,4,train
https://storage.googleapis.com/public-datasets-lila/nacti-unzipped/part0/sub088/CA-34_11_08_2016_CA-34_0031420.JPG,NACTI : CA-34_11_08_2016_CA-34_0031420.JPG,NACTI : unknown,NACTI : lebec_CA-34,-1,gray fox,,4,val
https://storage.googleapis.com/public-datasets-lila/nacti-unzipped/part1/sub109/CA-46_08_12_2015_CA-46_0003636.jpg,NACTI : CA-46_08_12_2015_CA-46_0003636.jpg,NACTI : unknown,NACTI : lebec_CA-46,-1,gray fox,,4,val
https://storage.googleapis.com/public-datasets-lila/nacti-unzipped/part0/sub037/CA-04_08_12_2015_CA-04_0002449.jpg,NACTI : CA-04_08_12_2015_CA-04_0002449.jpg,NACTI : unknown,NACTI : lebec_CA-04,-1,gray fox,,4,val
https://storage.googleapis.com/public-datasets-lila/wcs-unzipped/animals/0594/0275.jpg,WCS Camera Traps : a119d69e-92d5-11e9-b441-000d3a74c7de,WCS Camera Traps : unknown,WCS Camera Traps : 4343,-1,gray fox,06-23-2013 03:08:53,4,val
https://storage.googleapis.com/public-datasets-lila/nacti-unzipped/part0/sub059/CA-19_11_01_2016_CA-19_0032354.JPG,NACTI : CA-19_11_01_2016_CA-19_0032354.JPG,NACTI : unknown,NACTI : lebec_CA-19,-1,gray fox,,4,train
https://storage.googleapis.com/public-datasets-lila/wcs-unzipped/animals/0588/0431.jpg,WCS Camera Traps : 9ee65480-92d5-11e9-b42a-000d3a74c7de,WCS Camera Traps : unknown,WCS Camera Traps : 4334,-1,gray fox,06-02-2013 02:48:05,4,train
https://storage.googleapis.com/public-datasets-lila/caltech-unzipped/cct_images/585da909-23d2-11e8-a6a3-ec086b02610b.jpg,Caltech Camera Traps : 585da909-23d2-11e8-a6a3-ec086b02610b,Caltech Camera Traps : 70107278-5567-11e8-99cf-dca9047ef277,Caltech Camera Traps : 134,2,gray fox,12-05-2014 01:30:06,4,train
https://storage.googleapis.com/public-datasets-lila/wcs-unzipped/animals/0552/0520.jpg,WCS Camera Traps : 91757c1a-92d5-11e9-a56f-000d3a74c7de,WCS Camera Traps : unknown,WCS Camera Traps : 4332,-1,gray fox,06-15-2013 11:03:02,4,train
https://storage.googleapis.com/public-datasets-lila/caltech-unzipped/cct_images/58ce3e0f-23d2-11e8-a6a3-ec086b02610b.jpg,Caltech Camera Traps : 58ce3e0f-23d2-11e8-a6a3-ec086b02610b,Caltech Camera Traps : 701ae6ae-5567-11e8-b3e7-dca9047ef277,Caltech Camera Traps : 87,1,gray fox,06-02-2014 20:52:38,4,test
https://storage.googleapis.com/public-datasets-lila/nacti-unzipped/part0/sub042/CA-08_12_08_2015_CA-08_0007411.jpg,NACTI : CA-08_12_08_2015_CA-08_0007411.jpg,NACTI : unknown,NACTI : lebec_CA-08,-1,gray fox,,4,train
https://storage.googleapis.com/public-datasets-lila/nacti-unzipped/part0/sub049/CA-14_08_12_2015_CA-14_0002422.jpg,NACTI : CA-14_08_12_2015_CA-14_0002422.jpg,NACTI : unknown,NACTI : lebec_CA-14,-1,gray fox,,4,train
https://storage.googleapis.com/public-datasets-lila/nacti-unzipped/part1/sub101/CA-42_10_14_2015_CA-42_0011219.jpg,NACTI : CA-42_10_14_2015_CA-42_0011219.jpg,NACTI : unknown,NACTI : lebec_CA-42,-1,gray fox,,4,val
https://storage.googleapis.com/public-datasets-lila/wcs-unzipped/animals/0594/0276.jpg,WCS Camera Traps : a119fdd9-92d5-11e9-8bef-000d3a74c7de,WCS Camera Traps : unknown,WCS Camera Traps : 4343,-1,gray fox,06-23-2013 03:08:53,4,val
https://storage.googleapis.com/public-datasets-lila/caltech-unzipped/cct_images/58ddd7af-23d2-11e8-a6a3-ec086b02610b.jpg,Caltech Camera Traps : 58ddd7af-23d2-11e8-a6a3-ec086b02610b,Caltech Camera Traps : 7016a314-5567-11e8-ab56-dca9047ef277,Caltech Camera Traps : 135,3,gray fox,09-03-2013 09:35:51,4,test
https://storage.googleapis.com/public-datasets-lila/nacti-unzipped/part0/sub036/CA-04_01_21_2016_CA-04_0011689.jpg,NACTI : CA-04_01_21_2016_CA-04_0011689.jpg,NACTI : unknown,NACTI : lebec_CA-04,-1,gray fox,,4,val
https://storage.googleapis.com/public-datasets-lila/nacti-unzipped/part0/sub066/CA-24_08_12_2015_CA-24_0002876.jpg,NACTI : CA-24_08_12_2015_CA-24_0002876.jpg,NACTI : unknown,NACTI : lebec_CA-24,-1,gray fox,,4,test
https://storage.googleapis.com/public-datasets-lila/nacti-unzipped/part0/sub063/CA-22_06_13_2015_CA-22_0007633.jpg,NACTI : CA-22_06_13_2015_CA-22_0007633.jpg,NACTI : unknown,NACTI : lebec_CA-22,-1,gray fox,,4,test
https://storage.googleapis.com/public-datasets-lila/nacti-unzipped/part0/sub095/CA-39_01_27_2016_CA-39_0010812.jpg,NACTI : CA-39_01_27_2016_CA-39_0010812.jpg,NACTI : unknown,NACTI : lebec_CA-39,-1,gray fox,,4,train
https://storage.googleapis.com/public-datasets-lila/nacti-unzipped/part1/sub106/CA-44_07_06_2016_CA-44_0016581.JPG,NACTI : CA-44_07_06_2016_CA-44_0016581.JPG,NACTI : unknown,NACTI : lebec_CA-44,-1,gray fox,,4,train
https://storage.googleapis.com/public-datasets-lila/nacti-unzipped/part1/sub110/CA-48_03_30_2015_CA-48_0000673.jpg,NACTI : CA-48_03_30_2015_CA-48_0000673.jpg,NACTI : unknown,NACTI : lebec_CA-48,-1,gray fox,,4,test
https://storage.googleapis.com/public-datasets-lila/caltech-unzipped/cct_images/5935a7fb-23d2-11e8-a6a3-ec086b02610b.jpg,Caltech Camera Traps : 5935a7fb-23d2-11e8-a6a3-ec086b02610b,Caltech Camera Traps : 7019ca9e-5567-11e8-b607-dca9047ef277,Caltech Camera Traps : 127,1,gray fox,11-28-2013 18:39:21,4,train
https://storage.googleapis.com/public-datasets-lila/wcs-unzipped/animals/0534/0095.jpg,WCS Camera Traps : 8aade140-92d5-11e9-bf8f-000d3a74c7de,WCS Camera Traps : unknown,WCS Camera Traps : 4315,-1,gray fox,04-28-2013 02:50:33,4,train
https://storage.googleapis.com/public-datasets-lila/wcs-unzipped/animals/0589/0606.jpg,WCS Camera Traps : 9f4d53ba-92d5-11e9-a9e2-000d3a74c7de,WCS Camera Traps : unknown,WCS Camera Traps : 4335,-1,gray fox,07-21-2013 13:33:02,4,train
https://storage.googleapis.com/public-datasets-lila/wcs-unzipped/animals/0576/0228.jpg,WCS Camera Traps : 9a564d10-92d5-11e9-8e29-000d3a74c7de,WCS Camera Traps : unknown,WCS Camera Traps : 4319,-1,gray fox,07-13-2013 08:03:52,4,test
https://storage.googleapis.com/public-datasets-lila/wcs-unzipped/animals/0529/1597.jpg,WCS Camera Traps : 891937ba-92d5-11e9-9cc6-000d3a74c7de,WCS Camera Traps : unknown,WCS Camera Traps : 4309,-1,gray fox,07-31-2013 05:02:14,4,train
https://storage.googleapis.com/public-datasets-lila/wcs-unzipped/animals/0537/0249.jpg,WCS Camera Traps : 8bcca928-92d5-11e9-8f4b-000d3a74c7de,WCS Camera Traps : unknown,WCS Camera Traps : 4318,-1,gray fox,06-19-2013 13:05:43,4,train
https://storage.googleapis.com/public-datasets-lila/nacti-unzipped/part0/sub095/CA-39_01_27_2016_CA-39_0010819.jpg,NACTI : CA-39_01_27_2016_CA-39_0010819.jpg,NACTI : unknown,NACTI : lebec_CA-39,-1,gray fox,,4,train
https://storage.googleapis.com/public-datasets-lila/wcs-unzipped/animals/0536/1223.jpg,WCS Camera Traps : 8b9ce692-92d5-11e9-afd7-000d3a74c7de,WCS Camera Traps : unknown,WCS Camera Traps : 4318,-1,gray fox,05-26-2013 00:54:40,4,train
https://storage.googleapis.com/public-datasets-lila/nacti-unzipped/part0/sub060/CA-20_06_07_2016_CA-20_0023175.JPG,NACTI : CA-20_06_07_2016_CA-20_0023175.JPG,NACTI : unknown,NACTI : lebec_CA-20,-1,gray fox,,4,train
https://storage.googleapis.com/public-datasets-lila/nacti-unzipped/part0/sub089/CA-35_09_16_2015_CA-35_0003017.jpg,NACTI : CA-35_09_16_2015_CA-35_0003017.jpg,NACTI : unknown,NACTI : lebec_CA-35,-1,gray fox,,4,train
https://storage.googleapis.com/public-datasets-lila/caltech-unzipped/cct_images/5888bdd0-23d2-11e8-a6a3-ec086b02610b.jpg,Caltech Camera Traps : 5888bdd0-23d2-11e8-a6a3-ec086b02610b,Caltech Camera Traps : 70109cf0-5567-11e8-b1e5-dca9047ef277,Caltech Camera Traps : 102,2,gray fox,03-29-2014 03:04:37,4,train
https://storage.googleapis.com/public-datasets-lila/nacti-unzipped/part0/sub049/CA-14_02_29_2016_CA-14_0009335.JPG,NACTI : CA-14_02_29_2016_CA-14_0009335.JPG,NACTI : unknown,NACTI : lebec_CA-14,-1,gray fox,,4,train
https://storage.googleapis.com/public-datasets-lila/caltech-unzipped/cct_images/59cf479b-23d2-11e8-a6a3-ec086b02610b.jpg,Caltech Camera Traps : 59cf479b-23d2-11e8-a6a3-ec086b02610b,Caltech Camera Traps : 7019ed6e-5567-11e8-b9c2-dca9047ef277,Caltech Camera Traps : 42,1,gray fox,08-25-2014 15:46:47,4,train
https://storage.googleapis.com/public-datasets-lila/wcs-unzipped/animals/0526/1860.jpg,WCS Camera Traps : 880c04ca-92d5-11e9-903c-000d3a74c7de,WCS Camera Traps : unknown,WCS Camera Traps : 4304,-1,gray fox,05-17-2013 01:15:56,4,train
https://storage.googleapis.com/public-datasets-lila/nacti-unzipped/part1/sub104/CA-44_01_27_2016_CA-44_0008690.jpg,NACTI : CA-44_01_27_2016_CA-44_0008690.jpg,NACTI : unknown,NACTI : lebec_CA-44,-1,gray fox,,4,train
https://storage.googleapis.com/public-datasets-lila/caltech-unzipped/cct_images/58dc4a66-23d2-11e8-a6a3-ec086b02610b.jpg,Caltech Camera Traps : 58dc4a66-23d2-11e8-a6a3-ec086b02610b,Caltech Camera Traps : 70168305-5567-11e8-bb37-dca9047ef277,Caltech Camera Traps : 94,1,gray fox,11-09-2013 12:34:56,4,train
https://storage.googleapis.com/public-datasets-lila/wcs-unzipped/animals/0539/1200.jpg,WCS Camera Traps : 8cb867da-92d5-11e9-9725-000d3a74c7de,WCS Camera Traps : unknown,WCS Camera Traps : 4320,-1,gray fox,04-29-2013 01:49:06,4,test
https://storage.googleapis.com/public-datasets-lila/wcs-unzipped/animals/0543/0335.jpg,WCS Camera Traps : 8e0cad10-92d5-11e9-a833-000d3a74c7de,WCS Camera Traps : unknown,WCS Camera Traps : 4322,-1,gray fox,04-15-2013 21:15:29,4,train
https://storage.googleapis.com/public-datasets-lila/nacti-unzipped/part0/sub049/CA-14_12_08_2015_CA-14_0008014.jpg,NACTI : CA-14_12_08_2015_CA-14_0008014.jpg,NACTI : unknown,NACTI : lebec_CA-14,-1,gray fox,,4,train
https://storage.googleapis.com/public-datasets-lila/caltech-unzipped/cct_images/586e30c9-23d2-11e8-a6a3-ec086b02610b.jpg,Caltech Camera Traps : 586e30c9-23d2-11e8-a6a3-ec086b02610b,Caltech Camera Traps : 70184a99-5567-11e8-bf8c-dca9047ef277,Caltech Camera Traps : 129,1,gray fox,08-26-2013 03:42:57,4,train
https://storage.googleapis.com/public-datasets-lila/wcs-unzipped/animals/0535/1540.jpg,WCS Camera Traps : 8b4f0353-92d5-11e9-8410-000d3a74c7de,WCS Camera Traps : unknown,WCS Camera Traps : 4316,-1,gray fox,06-29-2013 11:50:32,4,test
https://storage.googleapis.com/public-datasets-lila/wcs-unzipped/animals/0571/1726.jpg,WCS Camera Traps : 98c17680-92d5-11e9-aed4-000d3a74c7de,WCS Camera Traps : unknown,WCS Camera Traps : 4311,-1,gray fox,06-07-2013 10:30:13,4,train
https://storage.googleapis.com/public-datasets-lila/nacti-unzipped/part0/sub062/CA-22_02_11_2016_CA-22_0013569.jpg,NACTI : CA-22_02_11_2016_CA-22_0013569.jpg,NACTI : unknown,NACTI : lebec_CA-22,-1,gray fox,,4,test
https://storage.googleapis.com/public-datasets-lila/nacti-unzipped/part1/sub100/CA-42_03_04_2016_CA-42_0012858.JPG,NACTI : CA-42_03_04_2016_CA-42_0012858.JPG,NACTI : unknown,NACTI : lebec_CA-42,-1,gray fox,,4,val
https://storage.googleapis.com/public-datasets-lila/nacti-unzipped/part0/sub037/CA-04_08_12_2015_CA-04_0005512.jpg,NACTI : CA-04_08_12_2015_CA-04_0005512.jpg,NACTI : unknown,NACTI : lebec_CA-04,-1,gray fox,,4,val
https://storage.googleapis.com/public-datasets-lila/caltech-unzipped/cct_images/59941e8e-23d2-11e8-a6a3-ec086b02610b.jpg,Caltech Camera Traps : 59941e8e-23d2-11e8-a6a3-ec086b02610b,Caltech Camera Traps : 7015acfd-5567-11e8-ba3e-dca9047ef277,Caltech Camera Traps : 1,2,gray fox,02-17-2014 22:22:41,4,train
https://storage.googleapis.com/public-datasets-lila/wcs-unzipped/animals/0543/1181.jpg,WCS Camera Traps : 8e35dfde-92d5-11e9-bf33-000d3a74c7de,WCS Camera Traps : unknown,WCS Camera Traps : 4322,-1,gray fox,05-31-2013 00:13:41,4,train
https://storage.googleapis.com/public-datasets-lila/nacti-unzipped/part0/sub060/CA-20_06_07_2016_CA-20_0023192.JPG,NACTI : CA-20_06_07_2016_CA-20_0023192.JPG,NACTI : unknown,NACTI : lebec_CA-20,-1,gray fox,,4,train
https://storage.googleapis.com/public-datasets-lila/wcs-unzipped/animals/0543/1154.jpg,WCS Camera Traps : 8e32f9b0-92d5-11e9-9632-000d3a74c7de,WCS Camera Traps : unknown,WCS Camera Traps : 4322,-1,gray fox,05-28-2013 22:15:15,4,train
https://storage.googleapis.com/public-datasets-lila/nacti-unzipped/part0/sub062/CA-22_03_17_2016_CA-22_0013729.JPG,NACTI : CA-22_03_17_2016_CA-22_0013729.JPG,NACTI : unknown,NACTI : lebec_CA-22,-1,gray fox,,4,test
https://storage.googleapis.com/public-datasets-lila/nacti-unzipped/part1/sub110/CA-47_11_02_2015_CA-47_0002164.jpg,NACTI : CA-47_11_02_2015_CA-47_0002164.jpg,NACTI : unknown,NACTI : lebec_CA-47,-1,gray fox,,4,train
https://storage.googleapis.com/public-datasets-lila/nacti-unzipped/part1/sub102/CA-42_12_02_2015_CA-42_0012685.jpg,NACTI : CA-42_12_02_2015_CA-42_0012685.jpg,NACTI : unknown,NACTI : lebec_CA-42,-1,gray fox,,4,val
https://storage.googleapis.com/public-datasets-lila/nacti-unzipped/part0/sub059/CA-19_11_30_2015_CA-19_0016832.jpg,NACTI : CA-19_11_30_2015_CA-19_0016832.jpg,NACTI : unknown,NACTI : lebec_CA-19,-1,gray fox,,4,train
https://storage.googleapis.com/public-datasets-lila/wcs-unzipped/animals/0570/0464.jpg,WCS Camera Traps : 9826e966-92d5-11e9-89b5-000d3a74c7de,WCS Camera Traps : unknown,WCS Camera Traps : 4309,-1,gray fox,04-14-2013 04:19:05,4,train
https://storage.googleapis.com/public-datasets-lila/wcs-unzipped/animals/0667/0670.jpg,WCS Camera Traps : bc5ee172-92d5-11e9-85d0-000d3a74c7de,WCS Camera Traps : unknown,WCS Camera Traps : 4592,-1,gray fox,,4,test
https://storage.googleapis.com/public-datasets-lila/wcs-unzipped/animals/0583/0159.jpg,WCS Camera Traps : 9cf532fa-92d5-11e9-828c-000d3a74c7de,WCS Camera Traps : unknown,WCS Camera Traps : 4328,-1,gray fox,07-15-2013 15:58:22,4,train
https://storage.googleapis.com/public-datasets-lila/caltech-unzipped/cct_images/5957c31f-23d2-11e8-a6a3-ec086b02610b.jpg,Caltech Camera Traps : 5957c31f-23d2-11e8-a6a3-ec086b02610b,Caltech Camera Traps : 700a2a45-5567-11e8-b52e-dca9047ef277,Caltech Camera Traps : 66,1,gray fox,04-18-2012 21:49:00,4,train
https://storage.googleapis.com/public-datasets-lila/caltech-unzipped/cct_images/58eacb29-23d2-11e8-a6a3-ec086b02610b.jpg,Caltech Camera Traps : 58eacb29-23d2-11e8-a6a3-ec086b02610b,Caltech Camera Traps : 701c2ed9-5567-11e8-afa6-dca9047ef277,Caltech Camera Traps : 101,1,gray fox,09-14-2014 01:07:31,4,train
https://storage.googleapis.com/public-datasets-lila/nacti-unzipped/part0/sub067/CA-25_02_11_2016_CA-25_0014104.jpg,NACTI : CA-25_02_11_2016_CA-25_0014104.jpg,NACTI : unknown,NACTI : lebec_CA-25,-1,gray fox,,4,train
https://storage.googleapis.com/public-datasets-lila/nacti-unzipped/part0/sub067/CA-25_06_02_2016_CA-25_0023202.JPG,NACTI : CA-25_06_02_2016_CA-25_0023202.JPG,NACTI : unknown,NACTI : lebec_CA-25,-1,gray fox,,4,train
https://storage.googleapis.com/public-datasets-lila/nacti-unzipped/part0/sub063/CA-22_10_07_2015_CA-22_0011306.jpg,NACTI : CA-22_10_07_2015_CA-22_0011306.jpg,NACTI : unknown,NACTI : lebec_CA-22,-1,gray fox,,4,test
https://storage.googleapis.com/public-datasets-lila/caltech-unzipped/cct_images/59a49d03-23d2-11e8-a6a3-ec086b02610b.jpg,Caltech Camera Traps : 59a49d03-23d2-11e8-a6a3-ec086b02610b,Caltech Camera Traps : 701d2254-5567-11e8-929b-dca9047ef277,Caltech Camera Traps : 21,3,gray fox,05-19-2015 12:08:48,4,train
https://storage.googleapis.com/public-datasets-lila/nacti-unzipped/part0/sub067/CA-25_03_04_2016_CA-25_0014570.JPG,NACTI : CA-25_03_04_2016_CA-25_0014570.JPG,NACTI : unknown,NACTI : lebec_CA-25,-1,gray fox,,4,train
https://storage.googleapis.com/public-datasets-lila/nacti-unzipped/part1/sub110/CA-48_02_29_2016_CA-48_0006838.JPG,NACTI : CA-48_02_29_2016_CA-48_0006838.JPG,NACTI : unknown,NACTI : lebec_CA-48,-1,gray fox,,4,test
https://storage.googleapis.com/public-datasets-lila/wcs-unzipped/animals/0553/1667.jpg,WCS Camera Traps : 920c638a-92d5-11e9-b401-000d3a74c7de,WCS Camera Traps : unknown,WCS Camera Traps : 4334,-1,gray fox,06-13-2013 12:31:21,4,train
https://storage.googleapis.com/public-datasets-lila/nacti-unzipped/part0/sub047/CA-13_02_29_2016_CA-13_0007556.JPG,NACTI : CA-13_02_29_2016_CA-13_0007556.JPG,NACTI : unknown,NACTI : lebec_CA-13,-1,gray fox,,4,train
https://storage.googleapis.com/public-datasets-lila/nacti-unzipped/part0/sub097/CA-39_12_08_2015_CA-39_0010596.jpg,NACTI : CA-39_12_08_2015_CA-39_0010596.jpg,NACTI : unknown,NACTI : lebec_CA-39,-1,gray fox,,4,train
https://storage.googleapis.com/public-datasets-lila/ena24/images/4521.jpg,ENA24 : 4521,ENA24 : unknown,ENA24,-1,gray fox,,4,train
https://storage.googleapis.com/public-datasets-lila/nacti-unzipped/part1/sub109/CA-46_08_12_2015_CA-46_0005549.jpg,NACTI : CA-46_08_12_2015_CA-46_0005549.jpg,NACTI : unknown,NACTI : lebec_CA-46,-1,gray fox,,4,val
https://storage.googleapis.com/public-datasets-lila/nacti-unzipped/part0/sub086/CA-34_02_16_2016_CA-34_0019200.jpg,NACTI : CA-34_02_16_2016_CA-34_0019200.jpg,NACTI : unknown,NACTI : lebec_CA-34,-1,gray fox,,4,val
https://storage.googleapis.com/public-datasets-lila/caltech-unzipped/cct_images/5968c226-23d2-11e8-a6a3-ec086b02610b.jpg,Caltech Camera Traps : 5968c226-23d2-11e8-a6a3-ec086b02610b,Caltech Camera Traps : 7019f047-5567-11e8-8640-dca9047ef277,Caltech Camera Traps : 42,1,gray fox,12-01-2014 04:09:33,4,train
https://storage.googleapis.com/public-datasets-lila/nacti-unzipped/part0/sub037/CA-04_07_05_2016_CA-04_0021961.JPG,NACTI : CA-04_07_05_2016_CA-04_0021961.JPG,NACTI : unknown,NACTI : lebec_CA-04,-1,gray fox,,4,val
https://storage.googleapis.com/public-datasets-lila/nacti-unzipped/part1/sub109/CA-46_08_12_2015_CA-46_0005797.jpg,NACTI : CA-46_08_12_2015_CA-46_0005797.jpg,NACTI : unknown,NACTI : lebec_CA-46,-1,gray fox,,4,val
https://storage.googleapis.com/public-datasets-lila/nacti-unzipped/part1/sub110/CA-48_12_03_2015_CA-48_0005826.jpg,NACTI : CA-48_12_03_2015_CA-48_0005826.jpg,NACTI : unknown,NACTI : lebec_CA-48,-1,gray fox,,4,test
https://storage.googleapis.com/public-datasets-lila/nacti-unzipped/part0/sub095/CA-39_01_27_2016_CA-39_0010875.jpg,NACTI : CA-39_01_27_2016_CA-39_0010875.jpg,NACTI : unknown,NACTI : lebec_CA-39,-1,gray fox,,4,train
https://storage.googleapis.com/public-datasets-lila/nacti-unzipped/part0/sub068/CA-25_11_08_2016_CA-25_0028334.JPG,NACTI : CA-25_11_08_2016_CA-25_0028334.JPG,NACTI : unknown,NACTI : lebec_CA-25,-1,gray fox,,4,train
https://storage.googleapis.com/public-datasets-lila/nacti-unzipped/part0/sub049/CA-14_12_08_2015_CA-14_0008082.jpg,NACTI : CA-14_12_08_2015_CA-14_0008082.jpg,NACTI : unknown,NACTI : lebec_CA-14,-1,gray fox,,4,train
https://storage.googleapis.com/public-datasets-lila/nacti-unzipped/part0/sub049/CA-14_08_12_2015_CA-14_0004646.jpg,NACTI : CA-14_08_12_2015_CA-14_0004646.jpg,NACTI : unknown,NACTI : lebec_CA-14,-1,gray fox,,4,train
https://storage.googleapis.com/public-datasets-lila/caltech-unzipped/cct_images/5a0969d5-23d2-11e8-a6a3-ec086b02610b.jpg,Caltech Camera Traps : 5a0969d5-23d2-11e8-a6a3-ec086b02610b,Caltech Camera Traps : 70189e97-5567-11e8-82ae-dca9047ef277,Caltech Camera Traps : 55,1,gray fox,04-09-2015 19:36:23,4,train
https://storage.googleapis.com/public-datasets-lila/wcs-unzipped/animals/0581/1958.jpg,WCS Camera Traps : 9c8bec3c-92d5-11e9-9b27-000d3a74c7de,WCS Camera Traps : unknown,WCS Camera Traps : 4327,-1,gray fox,06-09-2013 09:13:38,4,train
https://storage.googleapis.com/public-datasets-lila/wcs-unzipped/animals/0558/1028.jpg,WCS Camera Traps : 93c51596-92d5-11e9-82ab-000d3a74c7de,WCS Camera Traps : unknown,WCS Camera Traps : 4338,-1,gray fox,07-22-2013 23:22:53,4,val
https://storage.googleapis.com/public-datasets-lila/nacti-unzipped/part0/sub037/CA-04_08_12_2015_CA-04_0007692.jpg,NACTI : CA-04_08_12_2015_CA-04_0007692.jpg,NACTI : unknown,NACTI : lebec_CA-04,-1,gray fox,,4,val
https://storage.googleapis.com/public-datasets-lila/nacti-unzipped/part0/sub066/CA-24_10_07_2015_CA-24_0011643.jpg,NACTI : CA-24_10_07_2015_CA-24_0011643.jpg,NACTI : unknown,NACTI : lebec_CA-24,-1,gray fox,,4,test
https://storage.googleapis.com/public-datasets-lila/caltech-unzipped/cct_images/591e4022-23d2-11e8-a6a3-ec086b02610b.jpg,Caltech Camera Traps : 591e4022-23d2-11e8-a6a3-ec086b02610b,Caltech Camera Traps : 70186a51-5567-11e8-9adb-dca9047ef277,Caltech Camera Traps : 129,2,gray fox,10-30-2014 03:18:00,4,train
https://storage.googleapis.com/public-datasets-lila/nacti-unzipped/part0/sub059/CA-19_11_13_2015_CA-19_0016584.jpg,NACTI : CA-19_11_13_2015_CA-19_0016584.jpg,NACTI : unknown,NACTI : lebec_CA-19,-1,gray fox,,4,train
https://storage.googleapis.com/public-datasets-lila/wcs-unzipped/animals/0544/1021.jpg,WCS Camera Traps : 8e8d9cf7-92d5-11e9-92fa-000d3a74c7de,WCS Camera Traps : unknown,WCS Camera Traps : 4323,-1,gray fox,05-04-2013 19:26:39,4,train
https://storage.googleapis.com/public-datasets-lila/nacti-unzipped/part0/sub088/CA-34_08_04_2015_CA-34_0016589.jpg,NACTI : CA-34_08_04_2015_CA-34_0016589.jpg,NACTI : unknown,NACTI : lebec_CA-34,-1,gray fox,,4,val
https://storage.googleapis.com/public-datasets-lila/wcs-unzipped/animals/0388/0627.jpg,WCS Camera Traps : 54a93b60-92d5-11e9-be76-000d3a74c7de,WCS Camera Traps : gtm-002-d0031-139,WCS Camera Traps : 2814,6,gray fox,06-11-2012 15:32:55,4,train
https://storage.googleapis.com/public-datasets-lila/nacti-unzipped/part1/sub104/CA-44_02_29_2016_CA-44_0009221.JPG,NACTI : CA-44_02_29_2016_CA-44_0009221.JPG,NACTI : unknown,NACTI : lebec_CA-44,-1,gray fox,,4,train
https://storage.googleapis.com/public-datasets-lila/wcs-unzipped/animals/0539/1513.jpg,WCS Camera Traps : 8cc7aa17-92d5-11e9-bf26-000d3a74c7de,WCS Camera Traps : unknown,WCS Camera Traps : 4320,-1,gray fox,05-17-2013 06:52:21,4,test
https://storage.googleapis.com/public-datasets-lila/nacti-unzipped/part0/sub063/CA-22_10_07_2015_CA-22_0011947.jpg,NACTI : CA-22_10_07_2015_CA-22_0011947.jpg,NACTI : unknown,NACTI : lebec_CA-22,-1,gray fox,,4,test
https://storage.googleapis.com/public-datasets-lila/nacti-unzipped/part0/sub059/CA-19_10_13_2015_CA-19_0016399.jpg,NACTI : CA-19_10_13_2015_CA-19_0016399.jpg,NACTI : unknown,NACTI : lebec_CA-19,-1,gray fox,,4,train
https://storage.googleapis.com/public-datasets-lila/nacti-unzipped/part0/sub049/CA-14_02_29_2016_CA-14_0009433.JPG,NACTI : CA-14_02_29_2016_CA-14_0009433.JPG,NACTI : unknown,NACTI : lebec_CA-14,-1,gray fox,,4,train
https://storage.googleapis.com/public-datasets-lila/nacti-unzipped/part1/sub110/CA-48_03_30_2015_CA-48_0000457.jpg,NACTI : CA-48_03_30_2015_CA-48_0000457.jpg,NACTI : unknown,NACTI : lebec_CA-48,-1,gray fox,,4,test
https://storage.googleapis.com/public-datasets-lila/nacti-unzipped/part0/sub088/CA-34_08_04_2015_CA-34_0017591.jpg,NACTI : CA-34_08_04_2015_CA-34_0017591.jpg,NACTI : unknown,NACTI : lebec_CA-34,-1,gray fox,,4,val
https://storage.googleapis.com/public-datasets-lila/wcs-unzipped/animals/0531/1100.jpg,WCS Camera Traps : 89c18571-92d5-11e9-b171-000d3a74c7de,WCS Camera Traps : unknown,WCS Camera Traps : 4311,-1,gray fox,06-04-2013 13:00:57,4,train
https://storage.googleapis.com/public-datasets-lila/wcs-unzipped/animals/0588/0453.jpg,WCS Camera Traps : 9ee767c2-92d5-11e9-ba10-000d3a74c7de,WCS Camera Traps : unknown,WCS Camera Traps : 4334,-1,gray fox,06-07-2013 09:36:50,4,train
https://storage.googleapis.com/public-datasets-lila/nacti-unzipped/part0/sub038/CA-05_08_12_2015_CA-05_0002078.jpg,NACTI : CA-05_08_12_2015_CA-05_0002078.jpg,NACTI : unknown,NACTI : lebec_CA-05,-1,gray fox,,4,train
https://storage.googleapis.com/public-datasets-lila/nacti-unzipped/part0/sub062/CA-22_06_07_2016_CA-22_0018701.JPG,NACTI : CA-22_06_07_2016_CA-22_0018701.JPG,NACTI : unknown,NACTI : lebec_CA-22,-1,gray fox,,4,test
https://storage.googleapis.com/public-datasets-lila/ena24/images/4409.jpg,ENA24 : 4409,ENA24 : unknown,ENA24,-1,gray fox,,4,train
https://storage.googleapis.com/public-datasets-lila/nacti-unzipped/part0/sub049/CA-14_08_12_2015_CA-14_0002326.jpg,NACTI : CA-14_08_12_2015_CA-14_0002326.jpg,NACTI : unknown,NACTI : lebec_CA-14,-1,gray fox,,4,train
https://storage.googleapis.com/public-datasets-lila/nacti-unzipped/part0/sub049/CA-14_08_12_2015_CA-14_0002384.jpg,NACTI : CA-14_08_12_2015_CA-14_0002384.jpg,NACTI : unknown,NACTI : lebec_CA-14,-1,gray fox,,4,train
https://storage.googleapis.com/public-datasets-lila/nacti-unzipped/part0/sub088/CA-34_09_18_2015_CA-34_0018351.jpg,NACTI : CA-34_09_18_2015_CA-34_0018351.jpg,NACTI : unknown,NACTI : lebec_CA-34,-1,gray fox,,4,val
https://storage.googleapis.com/public-datasets-lila/caltech-unzipped/cct_images/5964204c-23d2-11e8-a6a3-ec086b02610b.jpg,Caltech Camera Traps : 5964204c-23d2-11e8-a6a3-ec086b02610b,Caltech Camera Traps : 70110119-5567-11e8-a649-dca9047ef277,Caltech Camera Traps : 56,2,gray fox,08-25-2013 02:13:31,4,train
https://storage.googleapis.com/public-datasets-lila/wcs-unzipped/animals/0594/1946.jpg,WCS Camera Traps : a1689315-92d5-11e9-a4a1-000d3a74c7de,WCS Camera Traps : unknown,WCS Camera Traps : 4345,-1,gray fox,07-13-2013 07:47:57,4,train
https://storage.googleapis.com/public-datasets-lila/nacti-unzipped/part0/sub049/CA-14_04_07_2016_CA-14_0010293.JPG,NACTI : CA-14_04_07_2016_CA-14_0010293.JPG,NACTI : unknown,NACTI : lebec_CA-14,-1,gray fox,,4,train
https://storage.googleapis.com/public-datasets-lila/nacti-unzipped/part0/sub065/CA-24_03_03_2015_CA-24_0000240.jpg,NACTI : CA-24_03_03_2015_CA-24_0000240.jpg,NACTI : unknown,NACTI : lebec_CA-24,-1,gray fox,,4,test
https://storage.googleapis.com/public-datasets-lila/nacti-unzipped/part0/sub038/CA-05_03_03_2015_CA-05_0000116.jpg,NACTI : CA-05_03_03_2015_CA-05_0000116.jpg,NACTI : unknown,NACTI : lebec_CA-05,-1,gray fox,,4,train
https://storage.googleapis.com/public-datasets-lila/wcs-unzipped/animals/0574/1293.jpg,WCS Camera Traps : 99c997a2-92d5-11e9-93ae-000d3a74c7de,WCS Camera Traps : unknown,WCS Camera Traps : 4317,-1,gray fox,07-08-2013 07:24:53,4,train
https://storage.googleapis.com/public-datasets-lila/nacti-unzipped/part0/sub049/CA-14_04_07_2016_CA-14_0010590.JPG,NACTI : CA-14_04_07_2016_CA-14_0010590.JPG,NACTI : unknown,NACTI : lebec_CA-14,-1,gray fox,,4,train
https://storage.googleapis.com/public-datasets-lila/wcs-unzipped/animals/0593/1749.jpg,WCS Camera Traps : a10145cc-92d5-11e9-af6e-000d3a74c7de,WCS Camera Traps : unknown,WCS Camera Traps : 4343,-1,gray fox,05-20-2013 00:21:24,4,val
https://storage.googleapis.com/public-datasets-lila/wcs-unzipped/animals/0532/0037.jpg,WCS Camera Traps : 89ed506b-92d5-11e9-8c23-000d3a74c7de,WCS Camera Traps : unknown,WCS Camera Traps : 4311,-1,gray fox,07-13-2013 06:32:58,4,train
https://storage.googleapis.com/public-datasets-lila/nacti-unzipped/part0/sub067/CA-25_03_04_2016_CA-25_0014572.JPG,NACTI : CA-25_03_04_2016_CA-25_0014572.JPG,NACTI : unknown,NACTI : lebec_CA-25,-1,gray fox,,4,train
https://storage.googleapis.com/public-datasets-lila/nacti-unzipped/part0/sub049/CA-14_01_21_2016_CA-14_0008804.jpg,NACTI : CA-14_01_21_2016_CA-14_0008804.jpg,NACTI : unknown,NACTI : lebec_CA-14,-1,gray fox,,4,train
https://storage.googleapis.com/public-datasets-lila/wcs-unzipped/animals/0538/1975.jpg,WCS Camera Traps : 8c7e6c15-92d5-11e9-9a8b-000d3a74c7de,WCS Camera Traps : unknown,WCS Camera Traps : 4319,-1,gray fox,06-26-2013 03:37:41,4,test
https://storage.googleapis.com/public-datasets-lila/wcs-unzipped/animals/0572/0396.jpg,WCS Camera Traps : 98e0974a-92d5-11e9-9506-000d3a74c7de,WCS Camera Traps : unknown,WCS Camera Traps : 4312,-1,gray fox,05-06-2013 02:39:36,4,train
https://storage.googleapis.com/public-datasets-lila/ena24/images/4411.jpg,ENA24 : 4411,ENA24 : unknown,ENA24,-1,gray fox,,4,train
https://storage.googleapis.com/public-datasets-lila/nacti-unzipped/part0/sub050/CA-16_08_04_2015_CA-16_0000358.jpg,NACTI : CA-16_08_04_2015_CA-16_0000358.jpg,NACTI : unknown,NACTI : lebec_CA-16,-1,gray fox,,4,train
https://storage.googleapis.com/public-datasets-lila/wcs-unzipped/animals/0574/0526.jpg,WCS Camera Traps : 99a594d5-92d5-11e9-aeda-000d3a74c7de,WCS Camera Traps : unknown,WCS Camera Traps : 4316,-1,gray fox,07-05-2013 09:44:43,4,test
https://storage.googleapis.com/public-datasets-lila/nacti-unzipped/part1/sub110/CA-48_03_03_2015_CA-48_0000201.jpg,NACTI : CA-48_03_03_2015_CA-48_0000201.jpg,NACTI : unknown,NACTI : lebec_CA-48,-1,gray fox,,4,test
https://storage.googleapis.com/public-datasets-lila/wcs-unzipped/animals/0549/1805.jpg,WCS Camera Traps : 9095effe-92d5-11e9-b4ea-000d3a74c7de,WCS Camera Traps : unknown,WCS Camera Traps : 4331,-1,gray fox,04-20-2013 00:17:00,4,val
https://storage.googleapis.com/public-datasets-lila/nacti-unzipped/part0/sub069/CA-26_08_17_2015_CA-26_0003561.jpg,NACTI : CA-26_08_17_2015_CA-26_0003561.jpg,NACTI : unknown,NACTI : lebec_CA-26,-1,gray fox,,4,train
https://storage.googleapis.com/public-datasets-lila/nacti-unzipped/part0/sub084/CA-32_01_27_2016_CA-32_0004812.jpg,NACTI : CA-32_01_27_2016_CA-32_0004812.jpg,NACTI : unknown,NACTI : lebec_CA-32,-1,gray fox,,4,train
https://storage.googleapis.com/public-datasets-lila/nacti-unzipped/part0/sub067/CA-24_10_31_2016_CA-24_0023961.JPG,NACTI : CA-24_10_31_2016_CA-24_0023961.JPG,NACTI : unknown,NACTI : lebec_CA-24,-1,gray fox,,4,test
https://storage.googleapis.com/public-datasets-lila/wcs-unzipped/animals/0598/1425.jpg,WCS Camera Traps : a2ca1e6a-92d5-11e9-bdc8-000d3a74c7de,WCS Camera Traps : unknown,WCS Camera Traps : 4352,-1,gray fox,07-29-2013 18:38:52,4,train
https://storage.googleapis.com/public-datasets-lila/wcs-unzipped/animals/0526/1858.jpg,WCS Camera Traps : 880c04c6-92d5-11e9-b8a7-000d3a74c7de,WCS Camera Traps : unknown,WCS Camera Traps : 4304,-1,gray fox,05-17-2013 01:15:55,4,train
https://storage.googleapis.com/public-datasets-lila/nacti-unzipped/part1/sub109/CA-46_12_03_2015_CA-46_0010852.jpg,NACTI : CA-46_12_03_2015_CA-46_0010852.jpg,NACTI : unknown,NACTI : lebec_CA-46,-1,gray fox,,4,val
https://storage.googleapis.com/public-datasets-lila/nacti-unzipped/part0/sub049/CA-14_02_29_2016_CA-14_0009735.JPG,NACTI : CA-14_02_29_2016_CA-14_0009735.JPG,NACTI : unknown,NACTI : lebec_CA-14,-1,gray fox,,4,train
https://storage.googleapis.com/public-datasets-lila/nacti-unzipped/part0/sub097/CA-39_11_13_2015_CA-39_0010228.jpg,NACTI : CA-39_11_13_2015_CA-39_0010228.jpg,NACTI : unknown,NACTI : lebec_CA-39,-1,gray fox,,4,train
https://storage.googleapis.com/public-datasets-lila/nacti-unzipped/part0/sub040/CA-07_08_04_2015_CA-07_0004363.jpg,NACTI : CA-07_08_04_2015_CA-07_0004363.jpg,NACTI : unknown,NACTI : lebec_CA-07,-1,gray fox,,4,train
https://storage.googleapis.com/public-datasets-lila/wcs-unzipped/animals/0592/0364.jpg,WCS Camera Traps : a061845b-92d5-11e9-a1c7-000d3a74c7de,WCS Camera Traps : unknown,WCS Camera Traps : 4338,-1,gray fox,07-22-2013 23:22:56,4,val
https://storage.googleapis.com/public-datasets-lila/wcs-unzipped/animals/0538/0965.jpg,WCS Camera Traps : 8c4ef7a4-92d5-11e9-80fb-000d3a74c7de,WCS Camera Traps : unknown,WCS Camera Traps : 4319,-1,gray fox,05-18-2013 05:39:01,4,test
https://storage.googleapis.com/public-datasets-lila/wcs-unzipped/animals/0579/1470.jpg,WCS Camera Traps : 9bb279b5-92d5-11e9-bf3e-000d3a74c7de,WCS Camera Traps : unknown,WCS Camera Traps : 4322,-1,gray fox,05-20-2013 19:58:21,4,train
https://storage.googleapis.com/public-datasets-lila/nacti-unzipped/part0/sub067/CA-25_06_02_2016_CA-25_0023206.JPG,NACTI : CA-25_06_02_2016_CA-25_0023206.JPG,NACTI : unknown,NACTI : lebec_CA-25,-1,gray fox,,4,train
https://storage.googleapis.com/public-datasets-lila/wcs-unzipped/animals/0533/0149.jpg,WCS Camera Traps : 8a527aca-92d5-11e9-ad0b-000d3a74c7de,WCS Camera Traps : unknown,WCS Camera Traps : 4312,-1,gray fox,07-27-2013 15:20:29,4,train
https://storage.googleapis.com/public-datasets-lila/nacti-unzipped/part0/sub048/CA-13_08_12_2015_CA-13_0004676.jpg,NACTI : CA-13_08_12_2015_CA-13_0004676.jpg,NACTI : unknown,NACTI : lebec_CA-13,-1,gray fox,,4,train
https://storage.googleapis.com/public-datasets-lila/wcs-unzipped/animals/0594/0270.jpg,WCS Camera Traps : a119af66-92d5-11e9-b3d0-000d3a74c7de,WCS Camera Traps : unknown,WCS Camera Traps : 4343,-1,gray fox,06-23-2013 03:08:50,4,val
https://storage.googleapis.com/public-datasets-lila/wcs-unzipped/animals/0526/0707.jpg,WCS Camera Traps : 87d64dce-92d5-11e9-b73c-000d3a74c7de,WCS Camera Traps : unknown,WCS Camera Traps : 4304,-1,gray fox,04-24-2013 04:20:08,4,train
https://storage.googleapis.com/public-datasets-lila/caltech-unzipped/cct_images/5a1cb10f-23d2-11e8-a6a3-ec086b02610b.jpg,Caltech Camera Traps : 5a1cb10f-23d2-11e8-a6a3-ec086b02610b,Caltech Camera Traps : 7017bddc-5567-11e8-859c-dca9047ef277,Caltech Camera Traps : 20,1,gray fox,12-22-2014 02:32:52,4,val
https://storage.googleapis.com/public-datasets-lila/nacti-unzipped/part0/sub088/CA-34_09_18_2015_CA-34_0017869.jpg,NACTI : CA-34_09_18_2015_CA-34_0017869.jpg,NACTI : unknown,NACTI : lebec_CA-34,-1,gray fox,,4,val
https://storage.googleapis.com/public-datasets-lila/nacti-unzipped/part1/sub109/CA-47_01_21_2016_CA-47_0002396.jpg,NACTI : CA-47_01_21_2016_CA-47_0002396.jpg,NACTI : unknown,NACTI : lebec_CA-47,-1,gray fox,,4,train
https://storage.googleapis.com/public-datasets-lila/nacti-unzipped/part0/sub039/CA-06_09_08_2016_CA-06_0017751.JPG,NACTI : CA-06_09_08_2016_CA-06_0017751.JPG,NACTI : unknown,NACTI : lebec_CA-06,-1,gray fox,,4,train
https://storage.googleapis.com/public-datasets-lila/wcs-unzipped/animals/0559/0001.jpg,WCS Camera Traps : 93f414d5-92d5-11e9-8774-000d3a74c7de,WCS Camera Traps : unknown,WCS Camera Traps : 4340,-1,gray fox,05-30-2013 11:06:21,4,val
https://storage.googleapis.com/public-datasets-lila/nacti-unzipped/part0/sub088/CA-34_08_04_2015_CA-34_0017002.jpg,NACTI : CA-34_08_04_2015_CA-34_0017002.jpg,NACTI : unknown,NACTI : lebec_CA-34,-1,gray fox,,4,val
https://storage.googleapis.com/public-datasets-lila/nacti-unzipped/part0/sub038/CA-05_01_21_2016_CA-05_0003565.jpg,NACTI : CA-05_01_21_2016_CA-05_0003565.jpg,NACTI : unknown,NACTI : lebec_CA-05,-1,gray fox,,4,train
https://storage.googleapis.com/public-datasets-lila/wcs-unzipped/animals/0531/1095.jpg,WCS Camera Traps : 89c15e60-92d5-11e9-8601-000d3a74c7de,WCS Camera Traps : unknown,WCS Camera Traps : 4311,-1,gray fox,06-04-2013 13:00:16,4,train
https://storage.googleapis.com/public-datasets-lila/wcs-unzipped/animals/0543/1185.jpg,WCS Camera Traps : 8e3606f2-92d5-11e9-b4c3-000d3a74c7de,WCS Camera Traps : unknown,WCS Camera Traps : 4322,-1,gray fox,05-31-2013 00:13:44,4,train
https://storage.googleapis.com/public-datasets-lila/wcs-unzipped/animals/0595/1689.jpg,WCS Camera Traps : a1bb6d80-92d5-11e9-bc00-000d3a74c7de,WCS Camera Traps : unknown,WCS Camera Traps : 4348,-1,gray fox,05-09-2013 03:53:46,4,train
https://storage.googleapis.com/public-datasets-lila/ena24/images/4418.jpg,ENA24 : 4418,ENA24 : unknown,ENA24,-1,gray fox,,4,train
https://storage.googleapis.com/public-datasets-lila/caltech-unzipped/cct_images/5a0b0070-23d2-11e8-a6a3-ec086b02610b.jpg,Caltech Camera Traps : 5a0b0070-23d2-11e8-a6a3-ec086b02610b,Caltech Camera Traps : 7015ac66-5567-11e8-b797-dca9047ef277,Caltech Camera Traps : 1,1,gray fox,02-17-2014 22:22:31,4,train
https://storage.googleapis.com/public-datasets-lila/nacti-unzipped/part0/sub049/CA-14_02_29_2016_CA-14_0009855.JPG,NACTI : CA-14_02_29_2016_CA-14_0009855.JPG,NACTI : unknown,NACTI : lebec_CA-14,-1,gray fox,,4,train
https://storage.googleapis.com/public-datasets-lila/nacti-unzipped/part0/sub041/CA-08_05_13_2016_CA-08_0008492.JPG,NACTI : CA-08_05_13_2016_CA-08_0008492.JPG,NACTI : unknown,NACTI : lebec_CA-08,-1,gray fox,,4,train
https://storage.googleapis.com/public-datasets-lila/nacti-unzipped/part1/sub105/CA-44_04_30_2015_CA-44_0000789.jpg,NACTI : CA-44_04_30_2015_CA-44_0000789.jpg,NACTI : unknown,NACTI : lebec_CA-44,-1,gray fox,,4,train
https://storage.googleapis.com/public-datasets-lila/nacti-unzipped/part1/sub105/CA-44_04_30_2015_CA-44_0000533.jpg,NACTI : CA-44_04_30_2015_CA-44_0000533.jpg,NACTI : unknown,NACTI : lebec_CA-44,-1,gray fox,,4,train
https://storage.googleapis.com/public-datasets-lila/nacti-unzipped/part1/sub110/CA-48_03_03_2015_CA-48_0000216.jpg,NACTI : CA-48_03_03_2015_CA-48_0000216.jpg,NACTI : unknown,NACTI : lebec_CA-48,-1,gray fox,,4,test
https://storage.googleapis.com/public-datasets-lila/wcs-unzipped/animals/0591/0388.jpg,WCS Camera Traps : a000c52e-92d5-11e9-a5d5-000d3a74c7de,WCS Camera Traps : unknown,WCS Camera Traps : 4338,-1,gray fox,05-08-2013 19:46:08,4,val
https://storage.googleapis.com/public-datasets-lila/wcs-unzipped/animals/0531/1630.jpg,WCS Camera Traps : 89da1689-92d5-11e9-a1ca-000d3a74c7de,WCS Camera Traps : unknown,WCS Camera Traps : 4311,-1,gray fox,06-29-2013 03:44:31,4,train
https://storage.googleapis.com/public-datasets-lila/nacti-unzipped/part0/sub065/CA-23_10_07_2015_CA-23_0019757.jpg,NACTI : CA-23_10_07_2015_CA-23_0019757.jpg,NACTI : unknown,NACTI : lebec_CA-23,-1,gray fox,,4,val
https://storage.googleapis.com/public-datasets-lila/nacti-unzipped/part0/sub049/CA-14_01_21_2016_CA-14_0008447.jpg,NACTI : CA-14_01_21_2016_CA-14_0008447.jpg,NACTI : unknown,NACTI : lebec_CA-14,-1,gray fox,,4,train
https://storage.googleapis.com/public-datasets-lila/wcs-unzipped/animals/0543/1837.jpg,WCS Camera Traps : 8e546466-92d5-11e9-a816-000d3a74c7de,WCS Camera Traps : unknown,WCS Camera Traps : 4322,-1,gray fox,06-28-2013 11:05:28,4,train
https://storage.googleapis.com/public-datasets-lila/wcs-unzipped/animals/0571/1687.jpg,WCS Camera Traps : 98bfa1b9-92d5-11e9-9c9b-000d3a74c7de,WCS Camera Traps : unknown,WCS Camera Traps : 4311,-1,gray fox,06-07-2013 05:34:54,4,train
https://storage.googleapis.com/public-datasets-lila/nacti-unzipped/part0/sub049/CA-14_01_21_2016_CA-14_0008536.jpg,NACTI : CA-14_01_21_2016_CA-14_0008536.jpg,NACTI : unknown,NACTI : lebec_CA-14,-1,gray fox,,4,train
https://storage.googleapis.com/public-datasets-lila/nacti-unzipped/part0/sub037/CA-04_08_12_2015_CA-04_0001756.jpg,NACTI : CA-04_08_12_2015_CA-04_0001756.jpg,NACTI : unknown,NACTI : lebec_CA-04,-1,gray fox,,4,val
https://storage.googleapis.com/public-datasets-lila/nacti-unzipped/part0/sub095/CA-39_01_27_2016_CA-39_0010805.jpg,NACTI : CA-39_01_27_2016_CA-39_0010805.jpg,NACTI : unknown,NACTI : lebec_CA-39,-1,gray fox,,4,train
https://storage.googleapis.com/public-datasets-lila/wcs-unzipped/animals/0545/0410.jpg,WCS Camera Traps : 8ed10ef1-92d5-11e9-8e7e-000d3a74c7de,WCS Camera Traps : unknown,WCS Camera Traps : 4324,-1,gray fox,04-25-2013 18:24:25,4,train
https://storage.googleapis.com/public-datasets-lila/wcs-unzipped/animals/0396/1643.jpg,WCS Camera Traps : 57c4f55b-92d5-11e9-875e-000d3a74c7de,WCS Camera Traps : gtm-002-d0033-292,WCS Camera Traps : 2815,2,gray fox,06-30-2012 08:39:56,4,train
https://storage.googleapis.com/public-datasets-lila/nacti-unzipped/part0/sub049/CA-14_01_21_2016_CA-14_0008591.jpg,NACTI : CA-14_01_21_2016_CA-14_0008591.jpg,NACTI : unknown,NACTI : lebec_CA-14,-1,gray fox,,4,train
https://storage.googleapis.com/public-datasets-lila/nacti-unzipped/part1/sub110/CA-48_01_21_2016_CA-48_0006398.jpg,NACTI : CA-48_01_21_2016_CA-48_0006398.jpg,NACTI : unknown,NACTI : lebec_CA-48,-1,gray fox,,4,test
https://storage.googleapis.com/public-datasets-lila/nacti-unzipped/part0/sub038/CA-05_04_07_2016_CA-05_0004066.JPG,NACTI : CA-05_04_07_2016_CA-05_0004066.JPG,NACTI : unknown,NACTI : lebec_CA-05,-1,gray fox,,4,train
https://storage.googleapis.com/public-datasets-lila/caltech-unzipped/cct_images/59e441dd-23d2-11e8-a6a3-ec086b02610b.jpg,Caltech Camera Traps : 59e441dd-23d2-11e8-a6a3-ec086b02610b,Caltech Camera Traps : 7019f94f-5567-11e8-867a-dca9047ef277,Caltech Camera Traps : 42,3,gray fox,12-31-2014 21:08:58,4,train
https://storage.googleapis.com/public-datasets-lila/nacti-unzipped/part0/sub097/CA-39_11_13_2015_CA-39_0010329.jpg,NACTI : CA-39_11_13_2015_CA-39_0010329.jpg,NACTI : unknown,NACTI : lebec_CA-39,-1,gray fox,,4,train
https://storage.googleapis.com/public-datasets-lila/caltech-unzipped/cct_images/5a296342-23d2-11e8-a6a3-ec086b02610b.jpg,Caltech Camera Traps : 5a296342-23d2-11e8-a6a3-ec086b02610b,Caltech Camera Traps : 7014ba38-5567-11e8-a5f2-dca9047ef277,Caltech Camera Traps : 34,2,gray fox,08-26-2013 19:06:02,4,train
https://storage.googleapis.com/public-datasets-lila/nacti-unzipped/part0/sub067/CA-24_10_31_2016_CA-24_0023958.JPG,NACTI : CA-24_10_31_2016_CA-24_0023958.JPG,NACTI : unknown,NACTI : lebec_CA-24,-1,gray fox,,4,test
https://storage.googleapis.com/public-datasets-lila/caltech-unzipped/cct_images/5a24a952-23d2-11e8-a6a3-ec086b02610b.jpg,Caltech Camera Traps : 5a24a952-23d2-11e8-a6a3-ec086b02610b,Caltech Camera Traps : 701c454f-5567-11e8-9951-dca9047ef277,Caltech Camera Traps : 45,2,gray fox,09-10-2014 05:54:13,4,val
https://storage.googleapis.com/public-datasets-lila/caltech-unzipped/cct_images/59420e99-23d2-11e8-a6a3-ec086b02610b.jpg,Caltech Camera Traps : 59420e99-23d2-11e8-a6a3-ec086b02610b,Caltech Camera Traps : 701064eb-5567-11e8-95b6-dca9047ef277,Caltech Camera Traps : 134,3,gray fox,03-13-2014 12:36:12,4,train
https://storage.googleapis.com/public-datasets-lila/caltech-unzipped/cct_images/589cb242-23d2-11e8-a6a3-ec086b02610b.jpg,Caltech Camera Traps : 589cb242-23d2-11e8-a6a3-ec086b02610b,Caltech Camera Traps : 7018da14-5567-11e8-ac56-dca9047ef277,Caltech Camera Traps : 92,5,gray fox,07-24-2014 03:42:16,4,train
https://storage.googleapis.com/public-datasets-lila/nacti-unzipped/part0/sub049/CA-14_02_29_2016_CA-14_0009704.JPG,NACTI : CA-14_02_29_2016_CA-14_0009704.JPG,NACTI : unknown,NACTI : lebec_CA-14,-1,gray fox,,4,train
https://storage.googleapis.com/public-datasets-lila/wcs-unzipped/animals/0591/1953.jpg,WCS Camera Traps : a04cc44c-92d5-11e9-bbf1-000d3a74c7de,WCS Camera Traps : unknown,WCS Camera Traps : 4338,-1,gray fox,06-27-2013 19:06:13,4,val
https://storage.googleapis.com/public-datasets-lila/wcs-unzipped/animals/0535/0946.jpg,WCS Camera Traps : 8b325386-92d5-11e9-872d-000d3a74c7de,WCS Camera Traps : unknown,WCS Camera Traps : 4316,-1,gray fox,05-06-2013 03:04:08,4,test
https://storage.googleapis.com/public-datasets-lila/nacti-unzipped/part0/sub062/CA-21_08_13_2015_CA-21_0001402.jpg,NACTI : CA-21_08_13_2015_CA-21_0001402.jpg,NACTI : unknown,NACTI : lebec_CA-21,-1,gray fox,,4,train
https://storage.googleapis.com/public-datasets-lila/nacti-unzipped/part0/sub049/CA-14_10_07_2015_CA-14_0007334.jpg,NACTI : CA-14_10_07_2015_CA-14_0007334.jpg,NACTI : unknown,NACTI : lebec_CA-14,-1,gray fox,,4,train
https://storage.googleapis.com/public-datasets-lila/caltech-unzipped/cct_images/58a52e32-23d2-11e8-a6a3-ec086b02610b.jpg,Caltech Camera Traps : 58a52e32-23d2-11e8-a6a3-ec086b02610b,Caltech Camera Traps : 7015ffa6-5567-11e8-9757-dca9047ef277,Caltech Camera Traps : 94,2,gray fox,10-06-2013 12:05:23,4,train
https://storage.googleapis.com/public-datasets-lila/nacti-unzipped/part0/sub063/CA-23_03_03_2016_CA-23_0021271.JPG,NACTI : CA-23_03_03_2016_CA-23_0021271.JPG,NACTI : unknown,NACTI : lebec_CA-23,-1,gray fox,,4,val
https://storage.googleapis.com/public-datasets-lila/wcs-unzipped/animals/0573/1233.jpg,WCS Camera Traps : 99675468-92d5-11e9-85bc-000d3a74c7de,WCS Camera Traps : unknown,WCS Camera Traps : 4315,-1,gray fox,04-28-2013 03:17:00,4,train
https://storage.googleapis.com/public-datasets-lila/wcs-unzipped/animals/0535/0791.jpg,WCS Camera Traps : 8b2b4ea6-92d5-11e9-9647-000d3a74c7de,WCS Camera Traps : unknown,WCS Camera Traps : 4316,-1,gray fox,04-27-2013 04:46:35,4,test
https://storage.googleapis.com/public-datasets-lila/nacti-unzipped/part0/sub050/CA-16_06_03_2016_CA-16_0003486.JPG,NACTI : CA-16_06_03_2016_CA-16_0003486.JPG,NACTI : unknown,NACTI : lebec_CA-16,-1,gray fox,,4,train
https://storage.googleapis.com/public-datasets-lila/wcs-unzipped/animals/0574/0702.jpg,WCS Camera Traps : 99adab24-92d5-11e9-b010-000d3a74c7de,WCS Camera Traps : unknown,WCS Camera Traps : 4316,-1,gray fox,07-14-2013 12:37:50,4,test
https://storage.googleapis.com/public-datasets-lila/nacti-unzipped/part0/sub063/CA-22_06_13_2015_CA-22_0008038.jpg,NACTI : CA-22_06_13_2015_CA-22_0008038.jpg,NACTI : unknown,NACTI : lebec_CA-22,-1,gray fox,,4,test
https://storage.googleapis.com/public-datasets-lila/caltech-unzipped/cct_images/599a5bf0-23d2-11e8-a6a3-ec086b02610b.jpg,Caltech Camera Traps : 599a5bf0-23d2-11e8-a6a3-ec086b02610b,Caltech Camera Traps : 70174438-5567-11e8-a5a4-dca9047ef277,Caltech Camera Traps : 6,1,gray fox,04-01-2014 20:08:30,4,train
https://storage.googleapis.com/public-datasets-lila/nacti-unzipped/part0/sub049/CA-14_10_31_2016_CA-14_0028428.JPG,NACTI : CA-14_10_31_2016_CA-14_0028428.JPG,NACTI : unknown,NACTI : lebec_CA-14,-1,gray fox,,4,train
https://storage.googleapis.com/public-datasets-lila/nacti-unzipped/part1/sub110/CA-48_04_07_2016_CA-48_0007353.JPG,NACTI : CA-48_04_07_2016_CA-48_0007353.JPG,NACTI : unknown,NACTI : lebec_CA-48,-1,gray fox,,4,test
https://storage.googleapis.com/public-datasets-lila/nacti-unzipped/part0/sub049/CA-14_12_08_2015_CA-14_0008090.jpg,NACTI : CA-14_12_08_2015_CA-14_0008090.jpg,NACTI : unknown,NACTI : lebec_CA-14,-1,gray fox,,4,train
https://storage.googleapis.com/public-datasets-lila/wcs-unzipped/animals/0533/1574.jpg,WCS Camera Traps : 8a959e55-92d5-11e9-8ba3-000d3a74c7de,WCS Camera Traps : unknown,WCS Camera Traps : 4314,-1,gray fox,05-08-2013 17:14:57,4,train
https://storage.googleapis.com/public-datasets-lila/caltech-unzipped/cct_images/587eeba4-23d2-11e8-a6a3-ec086b02610b.jpg,Caltech Camera Traps : 587eeba4-23d2-11e8-a6a3-ec086b02610b,Caltech Camera Traps : 7010644c-5567-11e8-b2b7-dca9047ef277,Caltech Camera Traps : 134,3,gray fox,03-08-2014 06:11:14,4,train
https://storage.googleapis.com/public-datasets-lila/caltech-unzipped/cct_images/59d0e129-23d2-11e8-a6a3-ec086b02610b.jpg,Caltech Camera Traps : 59d0e129-23d2-11e8-a6a3-ec086b02610b,Caltech Camera Traps : 7019f9ee-5567-11e8-bfd6-dca9047ef277,Caltech Camera Traps : 42,1,gray fox,12-31-2014 21:09:02,4,train
https://storage.googleapis.com/public-datasets-lila/wcs-unzipped/animals/0572/0278.jpg,WCS Camera Traps : 98db4428-92d5-11e9-94dc-000d3a74c7de,WCS Camera Traps : unknown,WCS Camera Traps : 4312,-1,gray fox,04-28-2013 03:41:27,4,train
https://storage.googleapis.com/public-datasets-lila/nacti-unzipped/part0/sub050/CA-16_08_04_2015_CA-16_0000255.jpg,NACTI : CA-16_08_04_2015_CA-16_0000255.jpg,NACTI : unknown,NACTI : lebec_CA-16,-1,gray fox,,4,train
https://storage.googleapis.com/public-datasets-lila/wcs-unzipped/animals/0550/1119.jpg,WCS Camera Traps : 90d51d54-92d5-11e9-a909-000d3a74c7de,WCS Camera Traps : unknown,WCS Camera Traps : 4331,-1,gray fox,07-28-2013 13:23:30,4,val
https://storage.googleapis.com/public-datasets-lila/nacti-unzipped/part0/sub063/CA-22_09_07_2016_CA-22_0020744.JPG,NACTI : CA-22_09_07_2016_CA-22_0020744.JPG,NACTI : unknown,NACTI : lebec_CA-22,-1,gray fox,,4,test
https://storage.googleapis.com/public-datasets-lila/nacti-unzipped/part0/sub055/CA-17_11_08_2016_CA-17_0050328.JPG,NACTI : CA-17_11_08_2016_CA-17_0050328.JPG,NACTI : unknown,NACTI : lebec_CA-17,-1,gray fox,,4,train
https://storage.googleapis.com/public-datasets-lila/caltech-unzipped/cct_images/589e67b1-23d2-11e8-a6a3-ec086b02610b.jpg,Caltech Camera Traps : 589e67b1-23d2-11e8-a6a3-ec086b02610b,Caltech Camera Traps : 7019c9f5-5567-11e8-a7b2-dca9047ef277,Caltech Camera Traps : 127,2,gray fox,11-28-2013 18:39:15,4,train
https://storage.googleapis.com/public-datasets-lila/nacti-unzipped/part1/sub108/CA-45_09_10_2015_CA-45_0011182.jpg,NACTI : CA-45_09_10_2015_CA-45_0011182.jpg,NACTI : unknown,NACTI : lebec_CA-45,-1,gray fox,,4,train
https://storage.googleapis.com/public-datasets-lila/nacti-unzipped/part0/sub039/CA-06_08_04_2015_CA-06_0006157.jpg,NACTI : CA-06_08_04_2015_CA-06_0006157.jpg,NACTI : unknown,NACTI : lebec_CA-06,-1,gray fox,,4,train
https://storage.googleapis.com/public-datasets-lila/nacti-unzipped/part0/sub042/CA-09_11_30_2015_CA-09_0004588.jpg,NACTI : CA-09_11_30_2015_CA-09_0004588.jpg,NACTI : unknown,NACTI : lebec_CA-09,-1,gray fox,,4,train
https://storage.googleapis.com/public-datasets-lila/nacti-unzipped/part0/sub037/CA-04_08_12_2015_CA-04_0001765.jpg,NACTI : CA-04_08_12_2015_CA-04_0001765.jpg,NACTI : unknown,NACTI : lebec_CA-04,-1,gray fox,,4,val
https://storage.googleapis.com/public-datasets-lila/caltech-unzipped/cct_images/5a0c9aa4-23d2-11e8-a6a3-ec086b02610b.jpg,Caltech Camera Traps : 5a0c9aa4-23d2-11e8-a6a3-ec086b02610b,Caltech Camera Traps : 70188f30-5567-11e8-99a2-dca9047ef277,Caltech Camera Traps : 55,1,gray fox,09-20-2013 23:51:14,4,train
https://storage.googleapis.com/public-datasets-lila/nacti-unzipped/part0/sub049/CA-14_06_06_2016_CA-14_0027459.JPG,NACTI : CA-14_06_06_2016_CA-14_0027459.JPG,NACTI : unknown,NACTI : lebec_CA-14,-1,gray fox,,4,train
https://storage.googleapis.com/public-datasets-lila/nacti-unzipped/part0/sub063/CA-23_04_06_2015_CA-23_0000481.jpg,NACTI : CA-23_04_06_2015_CA-23_0000481.jpg,NACTI : unknown,NACTI : lebec_CA-23,-1,gray fox,,4,val
https://storage.googleapis.com/public-datasets-lila/wcs-unzipped/animals/0546/0117.jpg,WCS Camera Traps : 8f23c3d1-92d5-11e9-a985-000d3a74c7de,WCS Camera Traps : unknown,WCS Camera Traps : 4325,-1,gray fox,05-20-2013 09:15:03,4,train
https://storage.googleapis.com/public-datasets-lila/nacti-unzipped/part0/sub063/CA-22_06_13_2015_CA-22_0007831.jpg,NACTI : CA-22_06_13_2015_CA-22_0007831.jpg,NACTI : unknown,NACTI : lebec_CA-22,-1,gray fox,,4,test
https://storage.googleapis.com/public-datasets-lila/wcs-unzipped/animals/0527/0228.jpg,WCS Camera Traps : 881d1a9a-92d5-11e9-9092-000d3a74c7de,WCS Camera Traps : unknown,WCS Camera Traps : 4304,-1,gray fox,06-07-2013 03:22:41,4,train
https://storage.googleapis.com/public-datasets-lila/wcs-unzipped/animals/0529/1987.jpg,WCS Camera Traps : 892c4ab6-92d5-11e9-bd7b-000d3a74c7de,WCS Camera Traps : unknown,WCS Camera Traps : 4310,-1,gray fox,05-02-2013 23:14:50,4,train
https://storage.googleapis.com/public-datasets-lila/nacti-unzipped/part0/sub049/CA-14_08_12_2015_CA-14_0005988.jpg,NACTI : CA-14_08_12_2015_CA-14_0005988.jpg,NACTI : unknown,NACTI : lebec_CA-14,-1,gray fox,,4,train
https://storage.googleapis.com/public-datasets-lila/nacti-unzipped/part0/sub049/CA-14_02_29_2016_CA-14_0009620.JPG,NACTI : CA-14_02_29_2016_CA-14_0009620.JPG,NACTI : unknown,NACTI : lebec_CA-14,-1,gray fox,,4,train
https://storage.googleapis.com/public-datasets-lila/nacti-unzipped/part0/sub038/CA-05_07_05_2016_CA-05_0004999.JPG,NACTI : CA-05_07_05_2016_CA-05_0004999.JPG,NACTI : unknown,NACTI : lebec_CA-05,-1,gray fox,,4,train
https://storage.googleapis.com/public-datasets-lila/nacti-unzipped/part0/sub048/CA-13_08_12_2015_CA-13_0001029.jpg,NACTI : CA-13_08_12_2015_CA-13_0001029.jpg,NACTI : unknown,NACTI : lebec_CA-13,-1,gray fox,,4,train
https://storage.googleapis.com/public-datasets-lila/wcs-unzipped/animals/0540/0711.jpg,WCS Camera Traps : 8cffd118-92d5-11e9-be49-000d3a74c7de,WCS Camera Traps : unknown,WCS Camera Traps : 4320,-1,gray fox,07-20-2013 09:58:35,4,test
https://storage.googleapis.com/public-datasets-lila/wcs-unzipped/animals/0396/1070.jpg,WCS Camera Traps : 57a73908-92d5-11e9-97ac-000d3a74c7de,WCS Camera Traps : gtm-002-d0031-231,WCS Camera Traps : 2814,1,gray fox,06-29-2012 15:47:37,4,train
https://storage.googleapis.com/public-datasets-lila/nacti-unzipped/part0/sub040/CA-07_03_09_2015_CA-07_0000126.jpg,NACTI : CA-07_03_09_2015_CA-07_0000126.jpg,NACTI : unknown,NACTI : lebec_CA-07,-1,gray fox,,4,train
https://storage.googleapis.com/public-datasets-lila/nacti-unzipped/part0/sub066/CA-24_08_12_2015_CA-24_0009198.jpg,NACTI : CA-24_08_12_2015_CA-24_0009198.jpg,NACTI : unknown,NACTI : lebec_CA-24,-1,gray fox,,4,test
https://storage.googleapis.com/public-datasets-lila/nacti-unzipped/part0/sub059/CA-19_11_01_2016_CA-19_0032349.JPG,NACTI : CA-19_11_01_2016_CA-19_0032349.JPG,NACTI : unknown,NACTI : lebec_CA-19,-1,gray fox,,4,train
https://storage.googleapis.com/public-datasets-lila/wcs-unzipped/animals/0539/0571.jpg,WCS Camera Traps : 8c9acdb6-92d5-11e9-8617-000d3a74c7de,WCS Camera Traps : unknown,WCS Camera Traps : 4319,-1,gray fox,07-22-2013 00:06:05,4,test
https://storage.googleapis.com/public-datasets-lila/wcs-unzipped/animals/0552/1720.jpg,WCS Camera Traps : 91aeda26-92d5-11e9-912f-000d3a74c7de,WCS Camera Traps : unknown,WCS Camera Traps : 4332,-1,gray fox,08-01-2013 10:16:43,4,train
https://storage.googleapis.com/public-datasets-lila/wcs-unzipped/animals/0571/1671.jpg,WCS Camera Traps : 98bf0583-92d5-11e9-b73f-000d3a74c7de,WCS Camera Traps : unknown,WCS Camera Traps : 4311,-1,gray fox,06-02-2013 09:33:33,4,train
https://storage.googleapis.com/public-datasets-lila/wcs-unzipped/animals/0538/0014.jpg,WCS Camera Traps : 8c21cd26-92d5-11e9-91eb-000d3a74c7de,WCS Camera Traps : unknown,WCS Camera Traps : 4319,-1,gray fox,04-23-2013 00:20:55,4,test
https://storage.googleapis.com/public-datasets-lila/caltech-unzipped/cct_images/595f793c-23d2-11e8-a6a3-ec086b02610b.jpg,Caltech Camera Traps : 595f793c-23d2-11e8-a6a3-ec086b02610b,Caltech Camera Traps : 7014700a-5567-11e8-9f09-dca9047ef277,Caltech Camera Traps : 72,2,gray fox,09-27-2013 20:30:20,4,train
https://storage.googleapis.com/public-datasets-lila/wcs-unzipped/animals/0533/0114.jpg,WCS Camera Traps : 8a50cd28-92d5-11e9-afa2-000d3a74c7de,WCS Camera Traps : unknown,WCS Camera Traps : 4312,-1,gray fox,07-27-2013 04:14:31,4,train
https://storage.googleapis.com/public-datasets-lila/wcs-unzipped/animals/0535/0885.jpg,WCS Camera Traps : 8b2f9462-92d5-11e9-8af6-000d3a74c7de,WCS Camera Traps : unknown,WCS Camera Traps : 4316,-1,gray fox,05-01-2013 06:18:59,4,test
https://storage.googleapis.com/public-datasets-lila/caltech-unzipped/cct_images/58a379ea-23d2-11e8-a6a3-ec086b02610b.jpg,Caltech Camera Traps : 58a379ea-23d2-11e8-a6a3-ec086b02610b,Caltech Camera Traps : 701ddb73-5567-11e8-a68c-dca9047ef277,Caltech Camera Traps : 136,2,gray fox,12-18-2013 20:30:30,4,train
https://storage.googleapis.com/public-datasets-lila/nacti-unzipped/part0/sub088/CA-34_08_04_2015_CA-34_0013448.jpg,NACTI : CA-34_08_04_2015_CA-34_0013448.jpg,NACTI : unknown,NACTI : lebec_CA-34,-1,gray fox,,4,val
https://storage.googleapis.com/public-datasets-lila/wcs-unzipped/animals/0396/1179.jpg,WCS Camera Traps : 57ac903a-92d5-11e9-aecd-000d3a74c7de,WCS Camera Traps : gtm-002-d0031-263,WCS Camera Traps : 2814,2,gray fox,07-06-2012 07:28:35,4,train
https://storage.googleapis.com/public-datasets-lila/wcs-unzipped/animals/0538/0708.jpg,WCS Camera Traps : 8c42e9b6-92d5-11e9-8539-000d3a74c7de,WCS Camera Traps : unknown,WCS Camera Traps : 4319,-1,gray fox,05-09-2013 06:17:14,4,test
https://storage.googleapis.com/public-datasets-lila/caltech-unzipped/cct_images/59817b5c-23d2-11e8-a6a3-ec086b02610b.jpg,Caltech Camera Traps : 59817b5c-23d2-11e8-a6a3-ec086b02610b,Caltech Camera Traps : 701ec94c-5567-11e8-8b65-dca9047ef277,Caltech Camera Traps : 39,3,gray fox,03-26-2014 14:35:06,4,train
https://storage.googleapis.com/public-datasets-lila/nacti-unzipped/part0/sub039/CA-06_09_14_2015_CA-06_0007391.jpg,NACTI : CA-06_09_14_2015_CA-06_0007391.jpg,NACTI : unknown,NACTI : lebec_CA-06,-1,gray fox,,4,train
https://storage.googleapis.com/public-datasets-lila/wcs-unzipped/animals/0387/1922.jpg,WCS Camera Traps : 548783e8-92d5-11e9-963c-000d3a74c7de,WCS Camera Traps : gtm-002-d0029-16,WCS Camera Traps : 2813,4,gray fox,05-29-2012 07:12:38,4,val
https://storage.googleapis.com/public-datasets-lila/nacti-unzipped/part0/sub037/CA-04_08_12_2015_CA-04_0004346.jpg,NACTI : CA-04_08_12_2015_CA-04_0004346.jpg,NACTI : unknown,NACTI : lebec_CA-04,-1,gray fox,,4,val
https://storage.googleapis.com/public-datasets-lila/nacti-unzipped/part0/sub088/CA-34_08_04_2015_CA-34_0017727.jpg,NACTI : CA-34_08_04_2015_CA-34_0017727.jpg,NACTI : unknown,NACTI : lebec_CA-34,-1,gray fox,,4,val
https://storage.googleapis.com/public-datasets-lila/nacti-unzipped/part0/sub049/CA-14_01_21_2016_CA-14_0008691.jpg,NACTI : CA-14_01_21_2016_CA-14_0008691.jpg,NACTI : unknown,NACTI : lebec_CA-14,-1,gray fox,,4,train
https://storage.googleapis.com/public-datasets-lila/nacti-unzipped/part0/sub049/CA-14_08_12_2015_CA-14_0003901.jpg,NACTI : CA-14_08_12_2015_CA-14_0003901.jpg,NACTI : unknown,NACTI : lebec_CA-14,-1,gray fox,,4,train
https://storage.googleapis.com/public-datasets-lila/caltech-unzipped/cct_images/593a4f84-23d2-11e8-a6a3-ec086b02610b.jpg,Caltech Camera Traps : 593a4f84-23d2-11e8-a6a3-ec086b02610b,Caltech Camera Traps : 7019c9b0-5567-11e8-99ee-dca9047ef277,Caltech Camera Traps : 127,3,gray fox,11-28-2013 18:39:09,4,train
https://storage.googleapis.com/public-datasets-lila/nacti-unzipped/part0/sub040/CA-07_08_04_2015_CA-07_0004231.jpg,NACTI : CA-07_08_04_2015_CA-07_0004231.jpg,NACTI : unknown,NACTI : lebec_CA-07,-1,gray fox,,4,train
https://storage.googleapis.com/public-datasets-lila/nacti-unzipped/part0/sub049/CA-14_09_11_2015_CA-14_0006742.jpg,NACTI : CA-14_09_11_2015_CA-14_0006742.jpg,NACTI : unknown,NACTI : lebec_CA-14,-1,gray fox,,4,train
https://storage.googleapis.com/public-datasets-lila/caltech-unzipped/cct_images/587eebc4-23d2-11e8-a6a3-ec086b02610b.jpg,Caltech Camera Traps : 587eebc4-23d2-11e8-a6a3-ec086b02610b,Caltech Camera Traps : 70168e00-5567-11e8-8e27-dca9047ef277,Caltech Camera Traps : 135,3,gray fox,02-26-2013 05:44:20,4,test
https://storage.googleapis.com/public-datasets-lila/wcs-unzipped/animals/0533/1561.jpg,WCS Camera Traps : 8a950219-92d5-11e9-9f9d-000d3a74c7de,WCS Camera Traps : unknown,WCS Camera Traps : 4314,-1,gray fox,05-08-2013 17:14:45,4,train
https://storage.googleapis.com/public-datasets-lila/caltech-unzipped/cct_images/58c4d8a1-23d2-11e8-a6a3-ec086b02610b.jpg,Caltech Camera Traps : 58c4d8a1-23d2-11e8-a6a3-ec086b02610b,Caltech Camera Traps : 7018d3c0-5567-11e8-b91e-dca9047ef277,Caltech Camera Traps : 92,4,gray fox,07-24-2014 03:37:54,4,train
https://storage.googleapis.com/public-datasets-lila/caltech-unzipped/cct_images/58df68ca-23d2-11e8-a6a3-ec086b02610b.jpg,Caltech Camera Traps : 58df68ca-23d2-11e8-a6a3-ec086b02610b,Caltech Camera Traps : 701a4570-5567-11e8-99fc-dca9047ef277,Caltech Camera Traps : 137,1,gray fox,12-29-2014 20:26:41,4,train
https://storage.googleapis.com/public-datasets-lila/wcs-unzipped/animals/0534/1263.jpg,WCS Camera Traps : 8ae5ba26-92d5-11e9-bd6a-000d3a74c7de,WCS Camera Traps : unknown,WCS Camera Traps : 4315,-1,gray fox,06-22-2013 23:24:50,4,train
https://storage.googleapis.com/public-datasets-lila/nacti-unzipped/part0/sub062/CA-21_08_13_2015_CA-21_0005648.jpg,NACTI : CA-21_08_13_2015_CA-21_0005648.jpg,NACTI : unknown,NACTI : lebec_CA-21,-1,gray fox,,4,train
https://storage.googleapis.com/public-datasets-lila/caltech-unzipped/cct_images/598de832-23d2-11e8-a6a3-ec086b02610b.jpg,Caltech Camera Traps : 598de832-23d2-11e8-a6a3-ec086b02610b,Caltech Camera Traps : 70176f42-5567-11e8-8d44-dca9047ef277,Caltech Camera Traps : 8,2,gray fox,11-18-2014 01:45:44,4,test
https://storage.googleapis.com/public-datasets-lila/wcs-unzipped/animals/0557/1181.jpg,WCS Camera Traps : 936e1c99-92d5-11e9-b830-000d3a74c7de,WCS Camera Traps : unknown,WCS Camera Traps : 4338,-1,gray fox,04-22-2013 03:25:52,4,val
https://storage.googleapis.com/public-datasets-lila/nacti-unzipped/part0/sub069/CA-27_04_06_2015_CA-27_0001517.jpg,NACTI : CA-27_04_06_2015_CA-27_0001517.jpg,NACTI : unknown,NACTI : lebec_CA-27,-1,gray fox,,4,train
https://storage.googleapis.com/public-datasets-lila/wcs-unzipped/animals/0397/1452.jpg,WCS Camera Traps : 581d9ca1-92d5-11e9-a6b9-000d3a74c7de,WCS Camera Traps : gtm-002-d0041-286,WCS Camera Traps : 2819,3,gray fox,07-02-2012 13:43:51,4,train
https://storage.googleapis.com/public-datasets-lila/nacti-unzipped/part0/sub040/CA-07_08_04_2015_CA-07_0004392.jpg,NACTI : CA-07_08_04_2015_CA-07_0004392.jpg,NACTI : unknown,NACTI : lebec_CA-07,-1,gray fox,,4,train
https://storage.googleapis.com/public-datasets-lila/wcs-unzipped/animals/0390/1668.jpg,WCS Camera Traps : 55943782-92d5-11e9-887d-000d3a74c7de,WCS Camera Traps : gtm-002-d0043-45,WCS Camera Traps : 2820,4,gray fox,05-29-2012 12:33:59,4,train
https://storage.googleapis.com/public-datasets-lila/nacti-unzipped/part0/sub039/CA-06_08_04_2015_CA-06_0005895.jpg,NACTI : CA-06_08_04_2015_CA-06_0005895.jpg,NACTI : unknown,NACTI : lebec_CA-06,-1,gray fox,,4,train
https://storage.googleapis.com/public-datasets-lila/nacti-unzipped/part0/sub036/CA-04_01_21_2016_CA-04_0011457.jpg,NACTI : CA-04_01_21_2016_CA-04_0011457.jpg,NACTI : unknown,NACTI : lebec_CA-04,-1,gray fox,,4,val
https://storage.googleapis.com/public-datasets-lila/nacti-unzipped/part0/sub038/CA-05_01_21_2016_CA-05_0003568.jpg,NACTI : CA-05_01_21_2016_CA-05_0003568.jpg,NACTI : unknown,NACTI : lebec_CA-05,-1,gray fox,,4,train
https://storage.googleapis.com/public-datasets-lila/caltech-unzipped/cct_images/59941fce-23d2-11e8-a6a3-ec086b02610b.jpg,Caltech Camera Traps : 59941fce-23d2-11e8-a6a3-ec086b02610b,Caltech Camera Traps : 7010f717-5567-11e8-b97e-dca9047ef277,Caltech Camera Traps : 56,1,gray fox,08-11-2013 01:41:18,4,train
https://storage.googleapis.com/public-datasets-lila/nacti-unzipped/part0/sub050/CA-16_06_03_2016_CA-16_0003488.JPG,NACTI : CA-16_06_03_2016_CA-16_0003488.JPG,NACTI : unknown,NACTI : lebec_CA-16,-1,gray fox,,4,train
https://storage.googleapis.com/public-datasets-lila/nacti-unzipped/part0/sub038/CA-05_03_03_2015_CA-05_0000105.jpg,NACTI : CA-05_03_03_2015_CA-05_0000105.jpg,NACTI : unknown,NACTI : lebec_CA-05,-1,gray fox,,4,train
https://storage.googleapis.com/public-datasets-lila/caltech-unzipped/cct_images/59452d27-23d2-11e8-a6a3-ec086b02610b.jpg,Caltech Camera Traps : 59452d27-23d2-11e8-a6a3-ec086b02610b,Caltech Camera Traps : 70109e3a-5567-11e8-92c4-dca9047ef277,Caltech Camera Traps : 102,3,gray fox,03-29-2014 03:05:01,4,train
https://storage.googleapis.com/public-datasets-lila/nacti-unzipped/part0/sub088/CA-34_08_04_2015_CA-34_0017569.jpg,NACTI : CA-34_08_04_2015_CA-34_0017569.jpg,NACTI : unknown,NACTI : lebec_CA-34,-1,gray fox,,4,val
https://storage.googleapis.com/public-datasets-lila/wcs-unzipped/animals/0527/0371.jpg,WCS Camera Traps : 88242028-92d5-11e9-a3fe-000d3a74c7de,WCS Camera Traps : unknown,WCS Camera Traps : 4304,-1,gray fox,06-09-2013 04:27:27,4,train
https://storage.googleapis.com/public-datasets-lila/nacti-unzipped/part0/sub038/CA-05_06_06_2016_CA-05_0004881.JPG,NACTI : CA-05_06_06_2016_CA-05_0004881.JPG,NACTI : unknown,NACTI : lebec_CA-05,-1,gray fox,,4,train
https://storage.googleapis.com/public-datasets-lila/wcs-unzipped/animals/0540/0970.jpg,WCS Camera Traps : 8d0c0618-92d5-11e9-87ad-000d3a74c7de,WCS Camera Traps : unknown,WCS Camera Traps : 4320,-1,gray fox,08-01-2013 11:23:24,4,test
https://storage.googleapis.com/public-datasets-lila/nacti-unzipped/part0/sub049/CA-14_08_12_2015_CA-14_0004809.jpg,NACTI : CA-14_08_12_2015_CA-14_0004809.jpg,NACTI : unknown,NACTI : lebec_CA-14,-1,gray fox,,4,train
https://storage.googleapis.com/public-datasets-lila/wcs-unzipped/animals/0535/0725.jpg,WCS Camera Traps : 8b286878-92d5-11e9-98b7-000d3a74c7de,WCS Camera Traps : unknown,WCS Camera Traps : 4316,-1,gray fox,04-25-2013 04:34:29,4,test
https://storage.googleapis.com/public-datasets-lila/nacti-unzipped/part0/sub067/CA-25_02_11_2016_CA-25_0013600.jpg,NACTI : CA-25_02_11_2016_CA-25_0013600.jpg,NACTI : unknown,NACTI : lebec_CA-25,-1,gray fox,,4,train
https://storage.googleapis.com/public-datasets-lila/nacti-unzipped/part0/sub066/CA-24_10_07_2015_CA-24_0011641.jpg,NACTI : CA-24_10_07_2015_CA-24_0011641.jpg,NACTI : unknown,NACTI : lebec_CA-24,-1,gray fox,,4,test
https://storage.googleapis.com/public-datasets-lila/nacti-unzipped/part0/sub059/CA-19_06_07_2016_CA-19_0029081.JPG,NACTI : CA-19_06_07_2016_CA-19_0029081.JPG,NACTI : unknown,NACTI : lebec_CA-19,-1,gray fox,,4,train
https://storage.googleapis.com/public-datasets-lila/nacti-unzipped/part0/sub039/CA-06_09_14_2015_CA-06_0007874.jpg,NACTI : CA-06_09_14_2015_CA-06_0007874.jpg,NACTI : unknown,NACTI : lebec_CA-06,-1,gray fox,,4,train
https://storage.googleapis.com/public-datasets-lila/nacti-unzipped/part0/sub040/CA-07_08_04_2015_CA-07_0004291.jpg,NACTI : CA-07_08_04_2015_CA-07_0004291.jpg,NACTI : unknown,NACTI : lebec_CA-07,-1,gray fox,,4,train
https://storage.googleapis.com/public-datasets-lila/wcs-unzipped/animals/0538/0415.jpg,WCS Camera Traps : 8c357c36-92d5-11e9-a26b-000d3a74c7de,WCS Camera Traps : unknown,WCS Camera Traps : 4319,-1,gray fox,05-02-2013 02:27:42,4,test
https://storage.googleapis.com/public-datasets-lila/wcs-unzipped/animals/0589/0597.jpg,WCS Camera Traps : 9f4cde8b-92d5-11e9-924d-000d3a74c7de,WCS Camera Traps : unknown,WCS Camera Traps : 4335,-1,gray fox,07-21-2013 13:32:17,4,train
https://storage.googleapis.com/public-datasets-lila/ena24/images/4596.jpg,ENA24 : 4596,ENA24 : unknown,ENA24,-1,gray fox,,4,train
https://storage.googleapis.com/public-datasets-lila/wcs-unzipped/animals/0555/0627.jpg,WCS Camera Traps : 9297e02e-92d5-11e9-ab0a-000d3a74c7de,WCS Camera Traps : unknown,WCS Camera Traps : 4336,-1,gray fox,04-27-2013 23:10:05,4,train
https://storage.googleapis.com/public-datasets-lila/wcs-unzipped/animals/0534/1086.jpg,WCS Camera Traps : 8addf1f2-92d5-11e9-bab7-000d3a74c7de,WCS Camera Traps : unknown,WCS Camera Traps : 4315,-1,gray fox,06-13-2013 14:44:23,4,train
https://storage.googleapis.com/public-datasets-lila/caltech-unzipped/cct_images/592162bb-23d2-11e8-a6a3-ec086b02610b.jpg,Caltech Camera Traps : 592162bb-23d2-11e8-a6a3-ec086b02610b,Caltech Camera Traps : 701070de-5567-11e8-9a8a-dca9047ef277,Caltech Camera Traps : 134,3,gray fox,12-01-2014 20:55:32,4,train
https://storage.googleapis.com/public-datasets-lila/nacti-unzipped/part0/sub063/CA-22_06_13_2015_CA-22_0008293.jpg,NACTI : CA-22_06_13_2015_CA-22_0008293.jpg,NACTI : unknown,NACTI : lebec_CA-22,-1,gray fox,,4,test
https://storage.googleapis.com/public-datasets-lila/wcs-unzipped/animals/0573/0552.jpg,WCS Camera Traps : 994796ba-92d5-11e9-9d93-000d3a74c7de,WCS Camera Traps : unknown,WCS Camera Traps : 4314,-1,gray fox,05-08-2013 17:05:13,4,train
https://storage.googleapis.com/public-datasets-lila/wcs-unzipped/animals/0574/1296.jpg,WCS Camera Traps : 99c9bea8-92d5-11e9-9aa3-000d3a74c7de,WCS Camera Traps : unknown,WCS Camera Traps : 4317,-1,gray fox,07-08-2013 07:24:55,4,train
https://storage.googleapis.com/public-datasets-lila/wcs-unzipped/animals/0581/0874.jpg,WCS Camera Traps : 9c5856f6-92d5-11e9-8f4b-000d3a74c7de,WCS Camera Traps : unknown,WCS Camera Traps : 4325,-1,gray fox,04-24-2013 06:13:30,4,train
https://storage.googleapis.com/public-datasets-lila/nacti-unzipped/part0/sub041/CA-08_08_04_2015_CA-08_0002556.jpg,NACTI : CA-08_08_04_2015_CA-08_0002556.jpg,NACTI : unknown,NACTI : lebec_CA-08,-1,gray fox,,4,train
https://storage.googleapis.com/public-datasets-lila/caltech-unzipped/cct_images/59260d38-23d2-11e8-a6a3-ec086b02610b.jpg,Caltech Camera Traps : 59260d38-23d2-11e8-a6a3-ec086b02610b,Caltech Camera Traps : 7015caf3-5567-11e8-aa3b-dca9047ef277,Caltech Camera Traps : 94,1,gray fox,08-22-2013 22:16:42,4,train
https://storage.googleapis.com/public-datasets-lila/caltech-unzipped/cct_images/58dac068-23d2-11e8-a6a3-ec086b02610b.jpg,Caltech Camera Traps : 58dac068-23d2-11e8-a6a3-ec086b02610b,Caltech Camera Traps : 701a73f5-5567-11e8-aceb-dca9047ef277,Caltech Camera Traps : 82,1,gray fox,12-15-2014 19:11:34,4,train
https://storage.googleapis.com/public-datasets-lila/nacti-unzipped/part0/sub037/CA-04_08_12_2015_CA-04_0005458.jpg,NACTI : CA-04_08_12_2015_CA-04_0005458.jpg,NACTI : unknown,NACTI : lebec_CA-04,-1,gray fox,,4,val
https://storage.googleapis.com/public-datasets-lila/nacti-unzipped/part0/sub049/CA-14_02_29_2016_CA-14_0009651.JPG,NACTI : CA-14_02_29_2016_CA-14_0009651.JPG,NACTI : unknown,NACTI : lebec_CA-14,-1,gray fox,,4,train
https://storage.googleapis.com/public-datasets-lila/nacti-unzipped/part0/sub033/CA-01_09_15_2015_CA-01_0005933.jpg,NACTI : CA-01_09_15_2015_CA-01_0005933.jpg,NACTI : unknown,NACTI : lebec_CA-01,-1,gray fox,,4,train
https://storage.googleapis.com/public-datasets-lila/wcs-unzipped/animals/0527/0069.jpg,WCS Camera Traps : 8815ee50-92d5-11e9-b730-000d3a74c7de,WCS Camera Traps : unknown,WCS Camera Traps : 4304,-1,gray fox,05-30-2013 02:28:11,4,train
https://storage.googleapis.com/public-datasets-lila/nacti-unzipped/part0/sub088/CA-34_08_04_2015_CA-34_0013985.jpg,NACTI : CA-34_08_04_2015_CA-34_0013985.jpg,NACTI : unknown,NACTI : lebec_CA-34,-1,gray fox,,4,val
https://storage.googleapis.com/public-datasets-lila/wcs-unzipped/animals/0546/0166.jpg,WCS Camera Traps : 8f260dca-92d5-11e9-9206-000d3a74c7de,WCS Camera Traps : unknown,WCS Camera Traps : 4325,-1,gray fox,06-02-2013 07:07:24,4,train
https://storage.googleapis.com/public-datasets-lila/nacti-unzipped/part1/sub109/CA-46_08_12_2015_CA-46_0003637.jpg,NACTI : CA-46_08_12_2015_CA-46_0003637.jpg,NACTI : unknown,NACTI : lebec_CA-46,-1,gray fox,,4,val
https://storage.googleapis.com/public-datasets-lila/nacti-unzipped/part0/sub038/CA-05_04_07_2016_CA-05_0004068.JPG,NACTI : CA-05_04_07_2016_CA-05_0004068.JPG,NACTI : unknown,NACTI : lebec_CA-05,-1,gray fox,,4,train
https://storage.googleapis.com/public-datasets-lila/caltech-unzipped/cct_images/598307d3-23d2-11e8-a6a3-ec086b02610b.jpg,Caltech Camera Traps : 598307d3-23d2-11e8-a6a3-ec086b02610b,Caltech Camera Traps : 7015ab78-5567-11e8-b74a-dca9047ef277,Caltech Camera Traps : 1,3,gray fox,02-17-2014 20:06:39,4,train
https://storage.googleapis.com/public-datasets-lila/caltech-unzipped/cct_images/5979be90-23d2-11e8-a6a3-ec086b02610b.jpg,Caltech Camera Traps : 5979be90-23d2-11e8-a6a3-ec086b02610b,Caltech Camera Traps : 70173c8f-5567-11e8-89fe-dca9047ef277,Caltech Camera Traps : 6,1,gray fox,03-20-2014 23:51:57,4,train
https://storage.googleapis.com/public-datasets-lila/wcs-unzipped/animals/0666/1528.jpg,WCS Camera Traps : bc26ba8a-92d5-11e9-9689-000d3a74c7de,WCS Camera Traps : unknown,WCS Camera Traps : 4581,-1,gray fox,02-19-2008 23:17:00,4,train
https://storage.googleapis.com/public-datasets-lila/wcs-unzipped/animals/0557/1354.jpg,WCS Camera Traps : 93765b0e-92d5-11e9-bd2d-000d3a74c7de,WCS Camera Traps : unknown,WCS Camera Traps : 4338,-1,gray fox,04-30-2013 04:34:37,4,val
https://storage.googleapis.com/public-datasets-lila/nacti-unzipped/part0/sub049/CA-14_02_29_2016_CA-14_0009419.JPG,NACTI : CA-14_02_29_2016_CA-14_0009419.JPG,NACTI : unknown,NACTI : lebec_CA-14,-1,gray fox,,4,train
https://storage.googleapis.com/public-datasets-lila/nacti-unzipped/part0/sub060/CA-20_06_07_2016_CA-20_0022955.JPG,NACTI : CA-20_06_07_2016_CA-20_0022955.JPG,NACTI : unknown,NACTI : lebec_CA-20,-1,gray fox,,4,train
https://storage.googleapis.com/public-datasets-lila/nacti-unzipped/part0/sub038/CA-05_06_06_2016_CA-05_0004860.JPG,NACTI : CA-05_06_06_2016_CA-05_0004860.JPG,NACTI : unknown,NACTI : lebec_CA-05,-1,gray fox,,4,train
https://storage.googleapis.com/public-datasets-lila/nacti-unzipped/part0/sub036/CA-04_01_21_2016_CA-04_0011448.jpg,NACTI : CA-04_01_21_2016_CA-04_0011448.jpg,NACTI : unknown,NACTI : lebec_CA-04,-1,gray fox,,4,val
https://storage.googleapis.com/public-datasets-lila/nacti-unzipped/part0/sub067/CA-25_07_06_2016_CA-25_0017412.JPG,NACTI : CA-25_07_06_2016_CA-25_0017412.JPG,NACTI : unknown,NACTI : lebec_CA-25,-1,gray fox,,4,train
https://storage.googleapis.com/public-datasets-lila/caltech-unzipped/cct_images/59a30aed-23d2-11e8-a6a3-ec086b02610b.jpg,Caltech Camera Traps : 59a30aed-23d2-11e8-a6a3-ec086b02610b,Caltech Camera Traps : 701d96f8-5567-11e8-a131-dca9047ef277,Caltech Camera Traps : 10,3,gray fox,10-09-2014 03:56:39,4,train
https://storage.googleapis.com/public-datasets-lila/caltech-unzipped/cct_images/58782a45-23d2-11e8-a6a3-ec086b02610b.jpg,Caltech Camera Traps : 58782a45-23d2-11e8-a6a3-ec086b02610b,Caltech Camera Traps : 7018dea6-5567-11e8-8faf-dca9047ef277,Caltech Camera Traps : 92,4,gray fox,07-29-2014 01:57:02,4,train
https://storage.googleapis.com/public-datasets-lila/caltech-unzipped/cct_images/5a263997-23d2-11e8-a6a3-ec086b02610b.jpg,Caltech Camera Traps : 5a263997-23d2-11e8-a6a3-ec086b02610b,Caltech Camera Traps : 70193251-5567-11e8-9367-dca9047ef277,Caltech Camera Traps : 16,1,gray fox,01-20-2014 12:27:18,4,train
https://storage.googleapis.com/public-datasets-lila/caltech-unzipped/cct_images/5a2176d3-23d2-11e8-a6a3-ec086b02610b.jpg,Caltech Camera Traps : 5a2176d3-23d2-11e8-a6a3-ec086b02610b,Caltech Camera Traps : 7015ab26-5567-11e8-97de-dca9047ef277,Caltech Camera Traps : 1,2,gray fox,02-17-2014 20:06:16,4,train
https://storage.googleapis.com/public-datasets-lila/ena24/images/4501.jpg,ENA24 : 4501,ENA24 : unknown,ENA24,-1,gray fox,,4,train
https://storage.googleapis.com/public-datasets-lila/nacti-unzipped/part0/sub040/CA-07_08_04_2015_CA-07_0003610.jpg,NACTI : CA-07_08_04_2015_CA-07_0003610.jpg,NACTI : unknown,NACTI : lebec_CA-07,-1,gray fox,,4,train
https://storage.googleapis.com/public-datasets-lila/caltech-unzipped/cct_images/59e2a544-23d2-11e8-a6a3-ec086b02610b.jpg,Caltech Camera Traps : 59e2a544-23d2-11e8-a6a3-ec086b02610b,Caltech Camera Traps : 7019d861-5567-11e8-aa0a-dca9047ef277,Caltech Camera Traps : 42,1,gray fox,08-02-2014 05:00:42,4,train
https://storage.googleapis.com/public-datasets-lila/nacti-unzipped/part0/sub063/CA-22_11_01_2016_CA-22_0021748.JPG,NACTI : CA-22_11_01_2016_CA-22_0021748.JPG,NACTI : unknown,NACTI : lebec_CA-22,-1,gray fox,,4,test
https://storage.googleapis.com/public-datasets-lila/nacti-unzipped/part0/sub049/CA-14_05_03_2016_CA-14_0011021.JPG,NACTI : CA-14_05_03_2016_CA-14_0011021.JPG,NACTI : unknown,NACTI : lebec_CA-14,-1,gray fox,,4,train
https://storage.googleapis.com/public-datasets-lila/wcs-unzipped/animals/0552/1710.jpg,WCS Camera Traps : 91ae64f6-92d5-11e9-be95-000d3a74c7de,WCS Camera Traps : unknown,WCS Camera Traps : 4332,-1,gray fox,08-01-2013 10:16:20,4,train
https://storage.googleapis.com/public-datasets-lila/nacti-unzipped/part1/sub107/CA-45_03_04_2016_CA-45_0013107.JPG,NACTI : CA-45_03_04_2016_CA-45_0013107.JPG,NACTI : unknown,NACTI : lebec_CA-45,-1,gray fox,,4,train
https://storage.googleapis.com/public-datasets-lila/wcs-unzipped/animals/0579/1138.jpg,WCS Camera Traps : 9ba364e2-92d5-11e9-8523-000d3a74c7de,WCS Camera Traps : unknown,WCS Camera Traps : 4322,-1,gray fox,05-07-2013 01:55:39,4,train
https://storage.googleapis.com/public-datasets-lila/nacti-unzipped/part0/sub049/CA-14_04_07_2016_CA-14_0010298.JPG,NACTI : CA-14_04_07_2016_CA-14_0010298.JPG,NACTI : unknown,NACTI : lebec_CA-14,-1,gray fox,,4,train
https://storage.googleapis.com/public-datasets-lila/wcs-unzipped/animals/0579/1466.jpg,WCS Camera Traps : 9bb252aa-92d5-11e9-b5fc-000d3a74c7de,WCS Camera Traps : unknown,WCS Camera Traps : 4322,-1,gray fox,05-20-2013 19:58:18,4,train
https://storage.googleapis.com/public-datasets-lila/wcs-unzipped/animals/0591/0382.jpg,WCS Camera Traps : a000772a-92d5-11e9-acd8-000d3a74c7de,WCS Camera Traps : unknown,WCS Camera Traps : 4338,-1,gray fox,05-08-2013 19:46:03,4,val
https://storage.googleapis.com/public-datasets-lila/nacti-unzipped/part0/sub095/CA-38_10_03_2016_CA-38_0040289.JPG,NACTI : CA-38_10_03_2016_CA-38_0040289.JPG,NACTI : unknown,NACTI : lebec_CA-38,-1,gray fox,,4,train
https://storage.googleapis.com/public-datasets-lila/wcs-unzipped/animals/0539/1313.jpg,WCS Camera Traps : 8cbe5b46-92d5-11e9-bd03-000d3a74c7de,WCS Camera Traps : unknown,WCS Camera Traps : 4320,-1,gray fox,05-05-2013 08:10:44,4,test
https://storage.googleapis.com/public-datasets-lila/caltech-unzipped/cct_images/59be4133-23d2-11e8-a6a3-ec086b02610b.jpg,Caltech Camera Traps : 59be4133-23d2-11e8-a6a3-ec086b02610b,Caltech Camera Traps : 7015adee-5567-11e8-8047-dca9047ef277,Caltech Camera Traps : 1,1,gray fox,02-17-2014 23:14:24,4,train
https://storage.googleapis.com/public-datasets-lila/ena24/images/4693.jpg,ENA24 : 4693,ENA24 : unknown,ENA24,-1,gray fox,,4,train
https://storage.googleapis.com/public-datasets-lila/wcs-unzipped/animals/0397/1022.jpg,WCS Camera Traps : 5809785c-92d5-11e9-b0cb-000d3a74c7de,WCS Camera Traps : gtm-002-d0041-222,WCS Camera Traps : 2819,3,gray fox,06-20-2012 12:11:15,4,train
https://storage.googleapis.com/public-datasets-lila/nacti-unzipped/part0/sub049/CA-14_07_05_2016_CA-14_0011860.JPG,NACTI : CA-14_07_05_2016_CA-14_0011860.JPG,NACTI : unknown,NACTI : lebec_CA-14,-1,gray fox,,4,train
https://storage.googleapis.com/public-datasets-lila/nacti-unzipped/part0/sub049/CA-14_08_12_2015_CA-14_0006534.jpg,NACTI : CA-14_08_12_2015_CA-14_0006534.jpg,NACTI : unknown,NACTI : lebec_CA-14,-1,gray fox,,4,train
https://storage.googleapis.com/public-datasets-lila/wcs-unzipped/animals/0592/0308.jpg,WCS Camera Traps : a05e771c-92d5-11e9-9ff7-000d3a74c7de,WCS Camera Traps : unknown,WCS Camera Traps : 4338,-1,gray fox,07-18-2013 12:44:33,4,val
https://storage.googleapis.com/public-datasets-lila/wcs-unzipped/animals/0583/0179.jpg,WCS Camera Traps : 9cf61dac-92d5-11e9-8eca-000d3a74c7de,WCS Camera Traps : unknown,WCS Camera Traps : 4328,-1,gray fox,07-18-2013 11:28:25,4,train
https://storage.googleapis.com/public-datasets-lila/caltech-unzipped/cct_images/58823bfc-23d2-11e8-a6a3-ec086b02610b.jpg,Caltech Camera Traps : 58823bfc-23d2-11e8-a6a3-ec086b02610b,Caltech Camera Traps : 70168399-5567-11e8-bd94-dca9047ef277,Caltech Camera Traps : 94,1,gray fox,11-09-2013 12:35:05,4,train
https://storage.googleapis.com/public-datasets-lila/wcs-unzipped/animals/0573/0568.jpg,WCS Camera Traps : 994832c8-92d5-11e9-a8f9-000d3a74c7de,WCS Camera Traps : unknown,WCS Camera Traps : 4314,-1,gray fox,05-08-2013 17:11:30,4,train
https://storage.googleapis.com/public-datasets-lila/wcs-unzipped/animals/0581/0928.jpg,WCS Camera Traps : 9c5ac812-92d5-11e9-a6cf-000d3a74c7de,WCS Camera Traps : unknown,WCS Camera Traps : 4325,-1,gray fox,04-30-2013 07:27:11,4,train
https://storage.googleapis.com/public-datasets-lila/wcs-unzipped/animals/0539/0260.jpg,WCS Camera Traps : 8c8c4ec7-92d5-11e9-b231-000d3a74c7de,WCS Camera Traps : unknown,WCS Camera Traps : 4319,-1,gray fox,07-06-2013 10:26:35,4,test
https://storage.googleapis.com/public-datasets-lila/nacti-unzipped/part1/sub110/CA-48_01_21_2016_CA-48_0006268.jpg,NACTI : CA-48_01_21_2016_CA-48_0006268.jpg,NACTI : unknown,NACTI : lebec_CA-48,-1,gray fox,,4,test
https://storage.googleapis.com/public-datasets-lila/nacti-unzipped/part0/sub062/CA-22_06_07_2016_CA-22_0018672.JPG,NACTI : CA-22_06_07_2016_CA-22_0018672.JPG,NACTI : unknown,NACTI : lebec_CA-22,-1,gray fox,,4,test
https://storage.googleapis.com/public-datasets-lila/wcs-unzipped/animals/0543/0209.jpg,WCS Camera Traps : 8e0707cc-92d5-11e9-9ff0-000d3a74c7de,WCS Camera Traps : unknown,WCS Camera Traps : 4322,-1,gray fox,04-14-2013 00:23:32,4,train
https://storage.googleapis.com/public-datasets-lila/nacti-unzipped/part0/sub038/CA-05_03_03_2015_CA-05_0000138.jpg,NACTI : CA-05_03_03_2015_CA-05_0000138.jpg,NACTI : unknown,NACTI : lebec_CA-05,-1,gray fox,,4,train
https://storage.googleapis.com/public-datasets-lila/nacti-unzipped/part0/sub049/CA-15_02_29_2016_CA-15_0009921.JPG,NACTI : CA-15_02_29_2016_CA-15_0009921.JPG,NACTI : unknown,NACTI : lebec_CA-15,-1,gray fox,,4,train
https://storage.googleapis.com/public-datasets-lila/wcs-unzipped/animals/0549/1799.jpg,WCS Camera Traps : 9095c8e9-92d5-11e9-9bde-000d3a74c7de,WCS Camera Traps : unknown,WCS Camera Traps : 4331,-1,gray fox,04-20-2013 00:16:51,4,val
https://storage.googleapis.com/public-datasets-lila/wcs-unzipped/animals/0588/0963.jpg,WCS Camera Traps : 9eff5abb-92d5-11e9-9053-000d3a74c7de,WCS Camera Traps : unknown,WCS Camera Traps : 4334,-1,gray fox,07-19-2013 11:56:05,4,train
https://storage.googleapis.com/public-datasets-lila/wcs-unzipped/animals/0389/1215.jpg,WCS Camera Traps : 552041a2-92d5-11e9-b243-000d3a74c7de,WCS Camera Traps : gtm-002-d0037-27,WCS Camera Traps : 2817,3,gray fox,06-07-2012 05:10:23,4,train
https://storage.googleapis.com/public-datasets-lila/caltech-unzipped/cct_images/58b6647c-23d2-11e8-a6a3-ec086b02610b.jpg,Caltech Camera Traps : 58b6647c-23d2-11e8-a6a3-ec086b02610b,Caltech Camera Traps : 701d243d-5567-11e8-8e02-dca9047ef277,Caltech Camera Traps : 131,3,gray fox,05-30-2014 06:24:04,4,train
https://storage.googleapis.com/public-datasets-lila/wcs-unzipped/animals/0563/0101.jpg,WCS Camera Traps : 957e11f4-92d5-11e9-a7af-000d3a74c7de,WCS Camera Traps : unknown,WCS Camera Traps : 4346,-1,gray fox,06-27-2013 09:31:55,4,train
https://storage.googleapis.com/public-datasets-lila/nacti-unzipped/part0/sub066/CA-24_09_11_2015_CA-24_0011084.jpg,NACTI : CA-24_09_11_2015_CA-24_0011084.jpg,NACTI : unknown,NACTI : lebec_CA-24,-1,gray fox,,4,test
https://storage.googleapis.com/public-datasets-lila/nacti-unzipped/part0/sub063/CA-22_11_01_2016_CA-22_0021864.JPG,NACTI : CA-22_11_01_2016_CA-22_0021864.JPG,NACTI : unknown,NACTI : lebec_CA-22,-1,gray fox,,4,test
https://storage.googleapis.com/public-datasets-lila/nacti-unzipped/part0/sub097/CA-40_09_09_2016_CA-40_0011686.JPG,NACTI : CA-40_09_09_2016_CA-40_0011686.JPG,NACTI : unknown,NACTI : lebec_CA-40,-1,gray fox,,4,test
https://storage.googleapis.com/public-datasets-lila/caltech-unzipped/cct_images/59f2c4ae-23d2-11e8-a6a3-ec086b02610b.jpg,Caltech Camera Traps : 59f2c4ae-23d2-11e8-a6a3-ec086b02610b,Caltech Camera Traps : 70190c6e-5567-11e8-84f3-dca9047ef277,Caltech Camera Traps : 14,1,gray fox,11-05-2014 23:07:04,4,train
https://storage.googleapis.com/public-datasets-lila/nacti-unzipped/part0/sub034/CA-02_08_13_2015_CA-02_0002497.jpg,NACTI : CA-02_08_13_2015_CA-02_0002497.jpg,NACTI : unknown,NACTI : lebec_CA-02,-1,gray fox,,4,train
https://storage.googleapis.com/public-datasets-lila/nacti-unzipped/part0/sub037/CA-04_08_12_2015_CA-04_0002368.jpg,NACTI : CA-04_08_12_2015_CA-04_0002368.jpg,NACTI : unknown,NACTI : lebec_CA-04,-1,gray fox,,4,val
https://storage.googleapis.com/public-datasets-lila/nacti-unzipped/part0/sub049/CA-14_08_12_2015_CA-14_0005895.jpg,NACTI : CA-14_08_12_2015_CA-14_0005895.jpg,NACTI : unknown,NACTI : lebec_CA-14,-1,gray fox,,4,train
https://storage.googleapis.com/public-datasets-lila/nacti-unzipped/part0/sub088/CA-34_10_06_2016_CA-34_0030759.JPG,NACTI : CA-34_10_06_2016_CA-34_0030759.JPG,NACTI : unknown,NACTI : lebec_CA-34,-1,gray fox,,4,val
https://storage.googleapis.com/public-datasets-lila/nacti-unzipped/part0/sub063/CA-23_03_03_2016_CA-23_0021262.JPG,NACTI : CA-23_03_03_2016_CA-23_0021262.JPG,NACTI : unknown,NACTI : lebec_CA-23,-1,gray fox,,4,val
https://storage.googleapis.com/public-datasets-lila/nacti-unzipped/part0/sub038/CA-05_08_12_2015_CA-05_0001886.jpg,NACTI : CA-05_08_12_2015_CA-05_0001886.jpg,NACTI : unknown,NACTI : lebec_CA-05,-1,gray fox,,4,train
https://storage.googleapis.com/public-datasets-lila/nacti-unzipped/part0/sub038/CA-05_03_03_2015_CA-05_0000095.jpg,NACTI : CA-05_03_03_2015_CA-05_0000095.jpg,NACTI : unknown,NACTI : lebec_CA-05,-1,gray fox,,4,train
https://storage.googleapis.com/public-datasets-lila/nacti-unzipped/part0/sub040/CA-07_08_04_2015_CA-07_0004653.jpg,NACTI : CA-07_08_04_2015_CA-07_0004653.jpg,NACTI : unknown,NACTI : lebec_CA-07,-1,gray fox,,4,train
https://storage.googleapis.com/public-datasets-lila/nacti-unzipped/part0/sub062/CA-22_06_07_2016_CA-22_0017231.JPG,NACTI : CA-22_06_07_2016_CA-22_0017231.JPG,NACTI : unknown,NACTI : lebec_CA-22,-1,gray fox,,4,test
https://storage.googleapis.com/public-datasets-lila/caltech-unzipped/cct_images/58af76e8-23d2-11e8-a6a3-ec086b02610b.jpg,Caltech Camera Traps : 58af76e8-23d2-11e8-a6a3-ec086b02610b,Caltech Camera Traps : 70109d40-5567-11e8-bd17-dca9047ef277,Caltech Camera Traps : 102,2,gray fox,03-29-2014 03:04:42,4,train
https://storage.googleapis.com/public-datasets-lila/caltech-unzipped/cct_images/59f12ba2-23d2-11e8-a6a3-ec086b02610b.jpg,Caltech Camera Traps : 59f12ba2-23d2-11e8-a6a3-ec086b02610b,Caltech Camera Traps : 7016e357-5567-11e8-ac8e-dca9047ef277,Caltech Camera Traps : 4,1,gray fox,08-13-2014 04:37:40,4,train
https://storage.googleapis.com/public-datasets-lila/wcs-unzipped/animals/0531/1268.jpg,WCS Camera Traps : 89c8ff7e-92d5-11e9-8815-000d3a74c7de,WCS Camera Traps : unknown,WCS Camera Traps : 4311,-1,gray fox,06-08-2013 12:04:17,4,train
https://storage.googleapis.com/public-datasets-lila/wcs-unzipped/animals/0588/0623.jpg,WCS Camera Traps : 9eef7cbf-92d5-11e9-87db-000d3a74c7de,WCS Camera Traps : unknown,WCS Camera Traps : 4334,-1,gray fox,06-26-2013 23:00:35,4,train
https://storage.googleapis.com/public-datasets-lila/wcs-unzipped/animals/0571/0190.jpg,WCS Camera Traps : 9877eac6-92d5-11e9-a074-000d3a74c7de,WCS Camera Traps : unknown,WCS Camera Traps : 4310,-1,gray fox,07-16-2013 05:55:52,4,train
https://storage.googleapis.com/public-datasets-lila/caltech-unzipped/cct_images/5a0c9d5f-23d2-11e8-a6a3-ec086b02610b.jpg,Caltech Camera Traps : 5a0c9d5f-23d2-11e8-a6a3-ec086b02610b,Caltech Camera Traps : 701512c5-5567-11e8-8578-dca9047ef277,Caltech Camera Traps : 34,1,gray fox,11-13-2013 01:35:31,4,train
https://storage.googleapis.com/public-datasets-lila/nacti-unzipped/part0/sub034/CA-03_03_10_2015_CA-03_0000573.jpg,NACTI : CA-03_03_10_2015_CA-03_0000573.jpg,NACTI : unknown,NACTI : lebec_CA-03,-1,gray fox,,4,test
https://storage.googleapis.com/public-datasets-lila/wcs-unzipped/animals/0532/0356.jpg,WCS Camera Traps : 89fcb9a6-92d5-11e9-bfd6-000d3a74c7de,WCS Camera Traps : unknown,WCS Camera Traps : 4311,-1,gray fox,07-31-2013 10:08:53,4,train
https://storage.googleapis.com/public-datasets-lila/wcs-unzipped/animals/0594/0281.jpg,WCS Camera Traps : a11a2620-92d5-11e9-94e8-000d3a74c7de,WCS Camera Traps : unknown,WCS Camera Traps : 4343,-1,gray fox,06-25-2013 21:40:27,4,val
https://storage.googleapis.com/public-datasets-lila/wcs-unzipped/animals/0544/0163.jpg,WCS Camera Traps : 8e63cdb8-92d5-11e9-9291-000d3a74c7de,WCS Camera Traps : unknown,WCS Camera Traps : 4322,-1,gray fox,07-17-2013 09:36:47,4,train
https://storage.googleapis.com/public-datasets-lila/nacti-unzipped/part0/sub097/CA-39_09_10_2015_CA-39_0008989.jpg,NACTI : CA-39_09_10_2015_CA-39_0008989.jpg,NACTI : unknown,NACTI : lebec_CA-39,-1,gray fox,,4,train
https://storage.googleapis.com/public-datasets-lila/nacti-unzipped/part0/sub088/CA-34_09_18_2015_CA-34_0017818.jpg,NACTI : CA-34_09_18_2015_CA-34_0017818.jpg,NACTI : unknown,NACTI : lebec_CA-34,-1,gray fox,,4,val
https://storage.googleapis.com/public-datasets-lila/nacti-unzipped/part0/sub062/CA-22_02_11_2016_CA-22_0013349.jpg,NACTI : CA-22_02_11_2016_CA-22_0013349.jpg,NACTI : unknown,NACTI : lebec_CA-22,-1,gray fox,,4,test
https://storage.googleapis.com/public-datasets-lila/caltech-unzipped/cct_images/5a217703-23d2-11e8-a6a3-ec086b02610b.jpg,Caltech Camera Traps : 5a217703-23d2-11e8-a6a3-ec086b02610b,Caltech Camera Traps : 7019f99e-5567-11e8-9c9b-dca9047ef277,Caltech Camera Traps : 42,2,gray fox,12-31-2014 21:09:00,4,train
https://storage.googleapis.com/public-datasets-lila/nacti-unzipped/part0/sub097/CA-40_03_03_2015_CA-40_0000127.jpg,NACTI : CA-40_03_03_2015_CA-40_0000127.jpg,NACTI : unknown,NACTI : lebec_CA-40,-1,gray fox,,4,test
https://storage.googleapis.com/public-datasets-lila/caltech-unzipped/cct_images/588c149c-23d2-11e8-a6a3-ec086b02610b.jpg,Caltech Camera Traps : 588c149c-23d2-11e8-a6a3-ec086b02610b,Caltech Camera Traps : 701e8142-5567-11e8-8133-dca9047ef277,Caltech Camera Traps : 136,3,gray fox,11-17-2014 15:33:32,4,train
https://storage.googleapis.com/public-datasets-lila/nacti-unzipped/part0/sub039/CA-06_10_11_2016_CA-06_0018829.JPG,NACTI : CA-06_10_11_2016_CA-06_0018829.JPG,NACTI : unknown,NACTI : lebec_CA-06,-1,gray fox,,4,train
https://storage.googleapis.com/public-datasets-lila/nacti-unzipped/part0/sub039/CA-06_08_04_2015_CA-06_0003382.jpg,NACTI : CA-06_08_04_2015_CA-06_0003382.jpg,NACTI : unknown,NACTI : lebec_CA-06,-1,gray fox,,4,train
https://storage.googleapis.com/public-datasets-lila/nacti-unzipped/part0/sub063/CA-22_06_13_2015_CA-22_0007584.jpg,NACTI : CA-22_06_13_2015_CA-22_0007584.jpg,NACTI : unknown,NACTI : lebec_CA-22,-1,gray fox,,4,test
https://storage.googleapis.com/public-datasets-lila/wcs-unzipped/animals/0588/0778.jpg,WCS Camera Traps : 9ef68120-92d5-11e9-8400-000d3a74c7de,WCS Camera Traps : unknown,WCS Camera Traps : 4334,-1,gray fox,07-05-2013 19:23:33,4,train
https://storage.googleapis.com/public-datasets-lila/nacti-unzipped/part0/sub096/CA-39_06_01_2016_CA-39_0018570.JPG,NACTI : CA-39_06_01_2016_CA-39_0018570.JPG,NACTI : unknown,NACTI : lebec_CA-39,-1,gray fox,,4,train
https://storage.googleapis.com/public-datasets-lila/nacti-unzipped/part0/sub095/CA-38_10_03_2016_CA-38_0039659.JPG,NACTI : CA-38_10_03_2016_CA-38_0039659.JPG,NACTI : unknown,NACTI : lebec_CA-38,-1,gray fox,,4,train
https://storage.googleapis.com/public-datasets-lila/nacti-unzipped/part0/sub038/CA-05_06_06_2016_CA-05_0004884.JPG,NACTI : CA-05_06_06_2016_CA-05_0004884.JPG,NACTI : unknown,NACTI : lebec_CA-05,-1,gray fox,,4,train
https://storage.googleapis.com/public-datasets-lila/wcs-unzipped/animals/0379/0339.jpg,WCS Camera Traps : 5155f5aa-92d5-11e9-818e-000d3a74c7de,WCS Camera Traps : gtm-002-d0011-18,WCS Camera Traps : 2802,9,gray fox,05-31-2012 05:05:32,4,train
https://storage.googleapis.com/public-datasets-lila/nacti-unzipped/part0/sub049/CA-14_12_08_2015_CA-14_0008089.jpg,NACTI : CA-14_12_08_2015_CA-14_0008089.jpg,NACTI : unknown,NACTI : lebec_CA-14,-1,gray fox,,4,train
https://storage.googleapis.com/public-datasets-lila/nacti-unzipped/part0/sub084/CA-31_10_04_2016_CA-31_0031353.JPG,NACTI : CA-31_10_04_2016_CA-31_0031353.JPG,NACTI : unknown,NACTI : lebec_CA-31,-1,gray fox,,4,train
https://storage.googleapis.com/public-datasets-lila/wcs-unzipped/animals/0397/1305.jpg,WCS Camera Traps : 58170cf4-92d5-11e9-939b-000d3a74c7de,WCS Camera Traps : gtm-002-d0041-221,WCS Camera Traps : 2819,3,gray fox,06-20-2012 11:46:01,4,train
https://storage.googleapis.com/public-datasets-lila/wcs-unzipped/animals/0576/1470.jpg,WCS Camera Traps : 9a932da3-92d5-11e9-931a-000d3a74c7de,WCS Camera Traps : unknown,WCS Camera Traps : 4320,-1,gray fox,05-25-2013 04:56:39,4,test
https://storage.googleapis.com/public-datasets-lila/nacti-unzipped/part0/sub065/CA-23_10_07_2015_CA-23_0019774.jpg,NACTI : CA-23_10_07_2015_CA-23_0019774.jpg,NACTI : unknown,NACTI : lebec_CA-23,-1,gray fox,,4,val
https://storage.googleapis.com/public-datasets-lila/nacti-unzipped/part0/sub068/CA-25_08_17_2015_CA-25_0009670.jpg,NACTI : CA-25_08_17_2015_CA-25_0009670.jpg,NACTI : unknown,NACTI : lebec_CA-25,-1,gray fox,,4,train
https://storage.googleapis.com/public-datasets-lila/caltech-unzipped/cct_images/586934bf-23d2-11e8-a6a3-ec086b02610b.jpg,Caltech Camera Traps : 586934bf-23d2-11e8-a6a3-ec086b02610b,Caltech Camera Traps : 701a5a54-5567-11e8-8b82-dca9047ef277,Caltech Camera Traps : 82,2,gray fox,08-27-2014 06:53:20,4,train
https://storage.googleapis.com/public-datasets-lila/ena24/images/4434.jpg,ENA24 : 4434,ENA24 : unknown,ENA24,-1,gray fox,,4,train
https://storage.googleapis.com/public-datasets-lila/nacti-unzipped/part0/sub065/CA-23_09_14_2015_CA-23_0019632.jpg,NACTI : CA-23_09_14_2015_CA-23_0019632.jpg,NACTI : unknown,NACTI : lebec_CA-23,-1,gray fox,,4,val
https://storage.googleapis.com/public-datasets-lila/nacti-unzipped/part0/sub065/CA-23_10_07_2015_CA-23_0019763.jpg,NACTI : CA-23_10_07_2015_CA-23_0019763.jpg,NACTI : unknown,NACTI : lebec_CA-23,-1,gray fox,,4,val
https://storage.googleapis.com/public-datasets-lila/nacti-unzipped/part0/sub086/CA-34_02_16_2016_CA-34_0019469.jpg,NACTI : CA-34_02_16_2016_CA-34_0019469.jpg,NACTI : unknown,NACTI : lebec_CA-34,-1,gray fox,,4,val
https://storage.googleapis.com/public-datasets-lila/nacti-unzipped/part0/sub049/CA-14_08_12_2015_CA-14_0004517.jpg,NACTI : CA-14_08_12_2015_CA-14_0004517.jpg,NACTI : unknown,NACTI : lebec_CA-14,-1,gray fox,,4,train
https://storage.googleapis.com/public-datasets-lila/caltech-unzipped/cct_images/5954aa7e-23d2-11e8-a6a3-ec086b02610b.jpg,Caltech Camera Traps : 5954aa7e-23d2-11e8-a6a3-ec086b02610b,Caltech Camera Traps : 70176c9c-5567-11e8-8dcb-dca9047ef277,Caltech Camera Traps : 65,1,gray fox,04-22-2015 01:33:51,4,train
https://storage.googleapis.com/public-datasets-lila/caltech-unzipped/cct_images/5911d9bf-23d2-11e8-a6a3-ec086b02610b.jpg,Caltech Camera Traps : 5911d9bf-23d2-11e8-a6a3-ec086b02610b,Caltech Camera Traps : 701aa1d1-5567-11e8-a2b5-dca9047ef277,Caltech Camera Traps : 128,1,gray fox,09-17-2014 01:36:46,4,train
https://storage.googleapis.com/public-datasets-lila/wcs-unzipped/animals/0398/0547.jpg,WCS Camera Traps : 585108ae-92d5-11e9-a4da-000d3a74c7de,WCS Camera Traps : gtm-002-d0047-131,WCS Camera Traps : 2822,6,gray fox,07-05-2012 10:37:10,4,train
https://storage.googleapis.com/public-datasets-lila/wcs-unzipped/animals/0387/1929.jpg,WCS Camera Traps : 5487d224-92d5-11e9-b7c0-000d3a74c7de,WCS Camera Traps : gtm-002-d0029-16,WCS Camera Traps : 2813,11,gray fox,05-29-2012 07:13:11,4,val
https://storage.googleapis.com/public-datasets-lila/ena24/images/4437.jpg,ENA24 : 4437,ENA24 : unknown,ENA24,-1,gray fox,,4,train
https://storage.googleapis.com/public-datasets-lila/nacti-unzipped/part0/sub037/CA-04_08_12_2015_CA-04_0005457.jpg,NACTI : CA-04_08_12_2015_CA-04_0005457.jpg,NACTI : unknown,NACTI : lebec_CA-04,-1,gray fox,,4,val
https://storage.googleapis.com/public-datasets-lila/nacti-unzipped/part0/sub067/CA-25_06_02_2016_CA-25_0020638.JPG,NACTI : CA-25_06_02_2016_CA-25_0020638.JPG,NACTI : unknown,NACTI : lebec_CA-25,-1,gray fox,,4,train
https://storage.googleapis.com/public-datasets-lila/nacti-unzipped/part1/sub110/CA-48_08_12_2015_CA-48_0004651.jpg,NACTI : CA-48_08_12_2015_CA-48_0004651.jpg,NACTI : unknown,NACTI : lebec_CA-48,-1,gray fox,,4,test
https://storage.googleapis.com/public-datasets-lila/caltech-unzipped/cct_images/588094ce-23d2-11e8-a6a3-ec086b02610b.jpg,Caltech Camera Traps : 588094ce-23d2-11e8-a6a3-ec086b02610b,Caltech Camera Traps : 701d248f-5567-11e8-b4c9-dca9047ef277,Caltech Camera Traps : 131,3,gray fox,05-30-2014 06:24:07,4,train
https://storage.googleapis.com/public-datasets-lila/nacti-unzipped/part0/sub036/CA-04_05_04_2016_CA-04_0014635.JPG,NACTI : CA-04_05_04_2016_CA-04_0014635.JPG,NACTI : unknown,NACTI : lebec_CA-04,-1,gray fox,,4,val
https://storage.googleapis.com/public-datasets-lila/nacti-unzipped/part0/sub096/CA-39_06_01_2016_CA-39_0019981.JPG,NACTI : CA-39_06_01_2016_CA-39_0019981.JPG,NACTI : unknown,NACTI : lebec_CA-39,-1,gray fox,,4,train
https://storage.googleapis.com/public-datasets-lila/caltech-unzipped/cct_images/594cec9a-23d2-11e8-a6a3-ec086b02610b.jpg,Caltech Camera Traps : 594cec9a-23d2-11e8-a6a3-ec086b02610b,Caltech Camera Traps : 70176c4a-5567-11e8-83b4-dca9047ef277,Caltech Camera Traps : 65,2,gray fox,04-22-2015 01:33:36,4,train
https://storage.googleapis.com/public-datasets-lila/nacti-unzipped/part0/sub049/CA-14_01_21_2016_CA-14_0008719.jpg,NACTI : CA-14_01_21_2016_CA-14_0008719.jpg,NACTI : unknown,NACTI : lebec_CA-14,-1,gray fox,,4,train
https://storage.googleapis.com/public-datasets-lila/wcs-unzipped/animals/0526/0658.jpg,WCS Camera Traps : 87d42adb-92d5-11e9-91df-000d3a74c7de,WCS Camera Traps : unknown,WCS Camera Traps : 4304,-1,gray fox,04-21-2013 00:19:29,4,train
https://storage.googleapis.com/public-datasets-lila/caltech-unzipped/cct_images/593734ae-23d2-11e8-a6a3-ec086b02610b.jpg,Caltech Camera Traps : 593734ae-23d2-11e8-a6a3-ec086b02610b,Caltech Camera Traps : 701c354c-5567-11e8-aae1-dca9047ef277,Caltech Camera Traps : 101,3,gray fox,10-22-2014 05:48:44,4,train
https://storage.googleapis.com/public-datasets-lila/nacti-unzipped/part0/sub088/CA-34_09_18_2015_CA-34_0018156.jpg,NACTI : CA-34_09_18_2015_CA-34_0018156.jpg,NACTI : unknown,NACTI : lebec_CA-34,-1,gray fox,,4,val
https://storage.googleapis.com/public-datasets-lila/nacti-unzipped/part0/sub049/CA-14_02_29_2016_CA-14_0009407.JPG,NACTI : CA-14_02_29_2016_CA-14_0009407.JPG,NACTI : unknown,NACTI : lebec_CA-14,-1,gray fox,,4,train
https://storage.googleapis.com/public-datasets-lila/nacti-unzipped/part0/sub049/CA-14_08_12_2015_CA-14_0005187.jpg,NACTI : CA-14_08_12_2015_CA-14_0005187.jpg,NACTI : unknown,NACTI : lebec_CA-14,-1,gray fox,,4,train
https://storage.googleapis.com/public-datasets-lila/nacti-unzipped/part0/sub049/CA-14_02_29_2016_CA-14_0009623.JPG,NACTI : CA-14_02_29_2016_CA-14_0009623.JPG,NACTI : unknown,NACTI : lebec_CA-14,-1,gray fox,,4,train
https://storage.googleapis.com/public-datasets-lila/nacti-unzipped/part0/sub038/CA-05_11_02_2015_CA-05_0002696.jpg,NACTI : CA-05_11_02_2015_CA-05_0002696.jpg,NACTI : unknown,NACTI : lebec_CA-05,-1,gray fox,,4,train
https://storage.googleapis.com/public-datasets-lila/wcs-unzipped/animals/0543/1020.jpg,WCS Camera Traps : 8e2c69fe-92d5-11e9-b6dd-000d3a74c7de,WCS Camera Traps : unknown,WCS Camera Traps : 4322,-1,gray fox,05-15-2013 03:53:28,4,train
https://storage.googleapis.com/public-datasets-lila/nacti-unzipped/part0/sub097/CA-39_09_10_2015_CA-39_0008942.jpg,NACTI : CA-39_09_10_2015_CA-39_0008942.jpg,NACTI : unknown,NACTI : lebec_CA-39,-1,gray fox,,4,train
https://storage.googleapis.com/public-datasets-lila/nacti-unzipped/part0/sub040/CA-07_08_04_2015_CA-07_0004424.jpg,NACTI : CA-07_08_04_2015_CA-07_0004424.jpg,NACTI : unknown,NACTI : lebec_CA-07,-1,gray fox,,4,train
https://storage.googleapis.com/public-datasets-lila/caltech-unzipped/cct_images/5879d3b6-23d2-11e8-a6a3-ec086b02610b.jpg,Caltech Camera Traps : 5879d3b6-23d2-11e8-a6a3-ec086b02610b,Caltech Camera Traps : 701aee23-5567-11e8-ab87-dca9047ef277,Caltech Camera Traps : 87,1,gray fox,09-07-2014 23:13:00,4,test
https://storage.googleapis.com/public-datasets-lila/caltech-unzipped/cct_images/58cb1490-23d2-11e8-a6a3-ec086b02610b.jpg,Caltech Camera Traps : 58cb1490-23d2-11e8-a6a3-ec086b02610b,Caltech Camera Traps : 701abfdc-5567-11e8-b7bb-dca9047ef277,Caltech Camera Traps : 87,1,gray fox,05-02-2014 21:35:52,4,test
https://storage.googleapis.com/public-datasets-lila/nacti-unzipped/part0/sub037/CA-04_08_12_2015_CA-04_0004440.jpg,NACTI : CA-04_08_12_2015_CA-04_0004440.jpg,NACTI : unknown,NACTI : lebec_CA-04,-1,gray fox,,4,val
https://storage.googleapis.com/public-datasets-lila/nacti-unzipped/part0/sub038/CA-05_03_03_2015_CA-05_0000146.jpg,NACTI : CA-05_03_03_2015_CA-05_0000146.jpg,NACTI : unknown,NACTI : lebec_CA-05,-1,gray fox,,4,train
https://storage.googleapis.com/public-datasets-lila/nacti-unzipped/part0/sub038/CA-05_06_06_2016_CA-05_0004889.JPG,NACTI : CA-05_06_06_2016_CA-05_0004889.JPG,NACTI : unknown,NACTI : lebec_CA-05,-1,gray fox,,4,train
https://storage.googleapis.com/public-datasets-lila/nacti-unzipped/part0/sub059/CA-20_05_11_2016_CA-20_0013445.JPG,NACTI : CA-20_05_11_2016_CA-20_0013445.JPG,NACTI : unknown,NACTI : lebec_CA-20,-1,gray fox,,4,train
https://storage.googleapis.com/public-datasets-lila/wcs-unzipped/animals/0539/0524.jpg,WCS Camera Traps : 8c9835a5-92d5-11e9-9586-000d3a74c7de,WCS Camera Traps : unknown,WCS Camera Traps : 4319,-1,gray fox,07-17-2013 09:24:37,4,test
https://storage.googleapis.com/public-datasets-lila/nacti-unzipped/part0/sub086/CA-34_02_16_2016_CA-34_0019213.jpg,NACTI : CA-34_02_16_2016_CA-34_0019213.jpg,NACTI : unknown,NACTI : lebec_CA-34,-1,gray fox,,4,val
https://storage.googleapis.com/public-datasets-lila/wcs-unzipped/animals/0396/1230.jpg,WCS Camera Traps : 57b14b30-92d5-11e9-97fb-000d3a74c7de,WCS Camera Traps : gtm-002-d0031-278,WCS Camera Traps : 2814,2,gray fox,07-09-2012 16:49:34,4,train
https://storage.googleapis.com/public-datasets-lila/wcs-unzipped/animals/0574/1057.jpg,WCS Camera Traps : 99be740c-92d5-11e9-939b-000d3a74c7de,WCS Camera Traps : unknown,WCS Camera Traps : 4317,-1,gray fox,06-07-2013 06:42:53,4,train
https://storage.googleapis.com/public-datasets-lila/nacti-unzipped/part1/sub104/CA-44_04_19_2016_CA-44_0009649.JPG,NACTI : CA-44_04_19_2016_CA-44_0009649.JPG,NACTI : unknown,NACTI : lebec_CA-44,-1,gray fox,,4,train
https://storage.googleapis.com/public-datasets-lila/wcs-unzipped/animals/0545/1604.jpg,WCS Camera Traps : 8f0a6f6f-92d5-11e9-8d22-000d3a74c7de,WCS Camera Traps : unknown,WCS Camera Traps : 4324,-1,gray fox,06-28-2013 04:35:00,4,train
https://storage.googleapis.com/public-datasets-lila/wcs-unzipped/animals/0583/0171.jpg,WCS Camera Traps : 9cf5cf38-92d5-11e9-b234-000d3a74c7de,WCS Camera Traps : unknown,WCS Camera Traps : 4328,-1,gray fox,07-18-2013 11:28:16,4,train
https://storage.googleapis.com/public-datasets-lila/caltech-unzipped/cct_images/59d8eac1-23d2-11e8-a6a3-ec086b02610b.jpg,Caltech Camera Traps : 59d8eac1-23d2-11e8-a6a3-ec086b02610b,Caltech Camera Traps : 7016df17-5567-11e8-b28b-dca9047ef277,Caltech Camera Traps : 4,3,gray fox,04-02-2014 12:06:10,4,train
https://storage.googleapis.com/public-datasets-lila/nacti-unzipped/part0/sub068/CA-25_11_14_2015_CA-25_0013081.jpg,NACTI : CA-25_11_14_2015_CA-25_0013081.jpg,NACTI : unknown,NACTI : lebec_CA-25,-1,gray fox,,4,train
https://storage.googleapis.com/public-datasets-lila/nacti-unzipped/part0/sub089/CA-35_11_14_2015_CA-35_0004114.jpg,NACTI : CA-35_11_14_2015_CA-35_0004114.jpg,NACTI : unknown,NACTI : lebec_CA-35,-1,gray fox,,4,train
https://storage.googleapis.com/public-datasets-lila/wcs-unzipped/animals/0579/1149.jpg,WCS Camera Traps : 9ba3b86d-92d5-11e9-b0b9-000d3a74c7de,WCS Camera Traps : unknown,WCS Camera Traps : 4322,-1,gray fox,05-07-2013 01:55:44,4,train
https://storage.googleapis.com/public-datasets-lila/wcs-unzipped/animals/0532/0818.jpg,WCS Camera Traps : 8a1327e0-92d5-11e9-bdec-000d3a74c7de,WCS Camera Traps : unknown,WCS Camera Traps : 4312,-1,gray fox,05-15-2013 02:57:58,4,train
https://storage.googleapis.com/public-datasets-lila/wcs-unzipped/animals/0568/1174.jpg,WCS Camera Traps : 978b93a1-92d5-11e9-a595-000d3a74c7de,WCS Camera Traps : unknown,WCS Camera Traps : 4304,-1,gray fox,07-03-2013 13:15:02,4,train
https://storage.googleapis.com/public-datasets-lila/wcs-unzipped/animals/0666/0433.jpg,WCS Camera Traps : bbf15346-92d5-11e9-9058-000d3a74c7de,WCS Camera Traps : unknown,WCS Camera Traps : 4574,-1,gray fox,,4,train
https://storage.googleapis.com/public-datasets-lila/nacti-unzipped/part0/sub063/CA-22_11_01_2016_CA-22_0021751.JPG,NACTI : CA-22_11_01_2016_CA-22_0021751.JPG,NACTI : unknown,NACTI : lebec_CA-22,-1,gray fox,,4,test
https://storage.googleapis.com/public-datasets-lila/wcs-unzipped/animals/0574/1205.jpg,WCS Camera Traps : 99c59ff8-92d5-11e9-ab24-000d3a74c7de,WCS Camera Traps : unknown,WCS Camera Traps : 4317,-1,gray fox,06-29-2013 18:19:46,4,train
https://storage.googleapis.com/public-datasets-lila/nacti-unzipped/part0/sub049/CA-14_04_07_2016_CA-14_0009984.JPG,NACTI : CA-14_04_07_2016_CA-14_0009984.JPG,NACTI : unknown,NACTI : lebec_CA-14,-1,gray fox,,4,train
https://storage.googleapis.com/public-datasets-lila/ena24/images/4482.jpg,ENA24 : 4482,ENA24 : unknown,ENA24,-1,gray fox,,4,train
https://storage.googleapis.com/public-datasets-lila/nacti-unzipped/part0/sub067/CA-25_02_11_2016_CA-25_0013602.jpg,NACTI : CA-25_02_11_2016_CA-25_0013602.jpg,NACTI : unknown,NACTI : lebec_CA-25,-1,gray fox,,4,train
https://storage.googleapis.com/public-datasets-lila/wcs-unzipped/animals/0544/0887.jpg,WCS Camera Traps : 8e8683c3-92d5-11e9-8849-000d3a74c7de,WCS Camera Traps : unknown,WCS Camera Traps : 4323,-1,gray fox,04-30-2013 01:34:31,4,train
https://storage.googleapis.com/public-datasets-lila/nacti-unzipped/part0/sub097/CA-39_11_13_2015_CA-39_0010375.jpg,NACTI : CA-39_11_13_2015_CA-39_0010375.jpg,NACTI : unknown,NACTI : lebec_CA-39,-1,gray fox,,4,train
https://storage.googleapis.com/public-datasets-lila/wcs-unzipped/animals/0564/0390.jpg,WCS Camera Traps : 95eb02e8-92d5-11e9-b088-000d3a74c7de,WCS Camera Traps : unknown,WCS Camera Traps : 4348,-1,gray fox,06-15-2013 09:39:26,4,train
https://storage.googleapis.com/public-datasets-lila/nacti-unzipped/part0/sub062/CA-21_08_13_2015_CA-21_0004656.jpg,NACTI : CA-21_08_13_2015_CA-21_0004656.jpg,NACTI : unknown,NACTI : lebec_CA-21,-1,gray fox,,4,train
https://storage.googleapis.com/public-datasets-lila/nacti-unzipped/part0/sub044/CA-10_09_23_2015_CA-10_0015971.jpg,NACTI : CA-10_09_23_2015_CA-10_0015971.jpg,NACTI : unknown,NACTI : lebec_CA-10,-1,gray fox,,4,train
https://storage.googleapis.com/public-datasets-lila/nacti-unzipped/part0/sub050/CA-16_08_04_2015_CA-16_0000250.jpg,NACTI : CA-16_08_04_2015_CA-16_0000250.jpg,NACTI : unknown,NACTI : lebec_CA-16,-1,gray fox,,4,train
https://storage.googleapis.com/public-datasets-lila/wcs-unzipped/animals/0581/0870.jpg,WCS Camera Traps : 9c580899-92d5-11e9-9edd-000d3a74c7de,WCS Camera Traps : unknown,WCS Camera Traps : 4325,-1,gray fox,04-24-2013 06:13:06,4,train
https://storage.googleapis.com/public-datasets-lila/caltech-unzipped/cct_images/59ac6abd-23d2-11e8-a6a3-ec086b02610b.jpg,Caltech Camera Traps : 59ac6abd-23d2-11e8-a6a3-ec086b02610b,Caltech Camera Traps : 7015ad9c-5567-11e8-bec1-dca9047ef277,Caltech Camera Traps : 1,1,gray fox,02-17-2014 23:14:09,4,train
https://storage.googleapis.com/public-datasets-lila/wcs-unzipped/animals/0568/1026.jpg,WCS Camera Traps : 97850460-92d5-11e9-a581-000d3a74c7de,WCS Camera Traps : unknown,WCS Camera Traps : 4304,-1,gray fox,06-28-2013 22:55:02,4,train
https://storage.googleapis.com/public-datasets-lila/wcs-unzipped/animals/0390/0896.jpg,WCS Camera Traps : 556e8712-92d5-11e9-b43a-000d3a74c7de,WCS Camera Traps : gtm-002-d0041-8,WCS Camera Traps : 2819,9,gray fox,05-26-2012 05:06:46,4,train
https://storage.googleapis.com/public-datasets-lila/nacti-unzipped/part0/sub062/CA-21_10_13_2015_CA-21_0006259.jpg,NACTI : CA-21_10_13_2015_CA-21_0006259.jpg,NACTI : unknown,NACTI : lebec_CA-21,-1,gray fox,,4,train
https://storage.googleapis.com/public-datasets-lila/nacti-unzipped/part1/sub110/CA-48_03_30_2015_CA-48_0000454.jpg,NACTI : CA-48_03_30_2015_CA-48_0000454.jpg,NACTI : unknown,NACTI : lebec_CA-48,-1,gray fox,,4,test
https://storage.googleapis.com/public-datasets-lila/caltech-unzipped/cct_images/59738808-23d2-11e8-a6a3-ec086b02610b.jpg,Caltech Camera Traps : 59738808-23d2-11e8-a6a3-ec086b02610b,Caltech Camera Traps : 70151780-5567-11e8-ac98-dca9047ef277,Caltech Camera Traps : 34,3,gray fox,01-20-2014 12:39:33,4,train
https://storage.googleapis.com/public-datasets-lila/wcs-unzipped/animals/0589/0603.jpg,WCS Camera Traps : 9f4d2d18-92d5-11e9-945f-000d3a74c7de,WCS Camera Traps : unknown,WCS Camera Traps : 4335,-1,gray fox,07-21-2013 13:32:59,4,train
https://storage.googleapis.com/public-datasets-lila/wcs-unzipped/animals/0528/0014.jpg,WCS Camera Traps : 8871f370-92d5-11e9-b768-000d3a74c7de,WCS Camera Traps : unknown,WCS Camera Traps : 4306,-1,gray fox,06-23-2013 19:10:18,4,train
https://storage.googleapis.com/public-datasets-lila/nacti-unzipped/part0/sub067/CA-25_06_02_2016_CA-25_0023209.JPG,NACTI : CA-25_06_02_2016_CA-25_0023209.JPG,NACTI : unknown,NACTI : lebec_CA-25,-1,gray fox,,4,train
https://storage.googleapis.com/public-datasets-lila/wcs-unzipped/animals/0571/1710.jpg,WCS Camera Traps : 98c0b352-92d5-11e9-9e2f-000d3a74c7de,WCS Camera Traps : unknown,WCS Camera Traps : 4311,-1,gray fox,06-07-2013 05:35:04,4,train
https://storage.googleapis.com/public-datasets-lila/nacti-unzipped/part0/sub041/CA-08_08_04_2015_CA-08_0002560.jpg,NACTI : CA-08_08_04_2015_CA-08_0002560.jpg,NACTI : unknown,NACTI : lebec_CA-08,-1,gray fox,,4,train
https://storage.googleapis.com/public-datasets-lila/nacti-unzipped/part0/sub063/CA-22_06_13_2015_CA-22_0002884.jpg,NACTI : CA-22_06_13_2015_CA-22_0002884.jpg,NACTI : unknown,NACTI : lebec_CA-22,-1,gray fox,,4,test
https://storage.googleapis.com/public-datasets-lila/ena24/images/4582.jpg,ENA24 : 4582,ENA24 : unknown,ENA24,-1,gray fox,,4,train
https://storage.googleapis.com/public-datasets-lila/nacti-unzipped/part0/sub038/CA-05_03_03_2015_CA-05_0000104.jpg,NACTI : CA-05_03_03_2015_CA-05_0000104.jpg,NACTI : unknown,NACTI : lebec_CA-05,-1,gray fox,,4,train
https://storage.googleapis.com/public-datasets-lila/caltech-unzipped/cct_images/59adfcbc-23d2-11e8-a6a3-ec086b02610b.jpg,Caltech Camera Traps : 59adfcbc-23d2-11e8-a6a3-ec086b02610b,Caltech Camera Traps : 7018ac87-5567-11e8-901f-dca9047ef277,Caltech Camera Traps : 55,2,gray fox,05-04-2015 22:24:26,4,train
https://storage.googleapis.com/public-datasets-lila/nacti-unzipped/part0/sub049/CA-14_04_07_2016_CA-14_0010428.JPG,NACTI : CA-14_04_07_2016_CA-14_0010428.JPG,NACTI : unknown,NACTI : lebec_CA-14,-1,gray fox,,4,train
https://storage.googleapis.com/public-datasets-lila/wcs-unzipped/animals/0547/1993.jpg,WCS Camera Traps : 8fde5fd8-92d5-11e9-9a4f-000d3a74c7de,WCS Camera Traps : unknown,WCS Camera Traps : 4328,-1,gray fox,07-08-2013 22:54:12,4,train
https://storage.googleapis.com/public-datasets-lila/ena24/images/4474.jpg,ENA24 : 4474,ENA24 : unknown,ENA24,-1,gray fox,,4,train
https://storage.googleapis.com/public-datasets-lila/caltech-unzipped/cct_images/58823c0f-23d2-11e8-a6a3-ec086b02610b.jpg,Caltech Camera Traps : 58823c0f-23d2-11e8-a6a3-ec086b02610b,Caltech Camera Traps : 70186c4f-5567-11e8-8a22-dca9047ef277,Caltech Camera Traps : 122,2,gray fox,01-30-2014 03:16:17,4,train
https://storage.googleapis.com/public-datasets-lila/nacti-unzipped/part0/sub049/CA-14_08_12_2015_CA-14_0004701.jpg,NACTI : CA-14_08_12_2015_CA-14_0004701.jpg,NACTI : unknown,NACTI : lebec_CA-14,-1,gray fox,,4,train
https://storage.googleapis.com/public-datasets-lila/nacti-unzipped/part1/sub100/CA-42_03_04_2016_CA-42_0013611.JPG,NACTI : CA-42_03_04_2016_CA-42_0013611.JPG,NACTI : unknown,NACTI : lebec_CA-42,-1,gray fox,,4,val
https://storage.googleapis.com/public-datasets-lila/nacti-unzipped/part0/sub097/CA-39_11_13_2015_CA-39_0010373.jpg,NACTI : CA-39_11_13_2015_CA-39_0010373.jpg,NACTI : unknown,NACTI : lebec_CA-39,-1,gray fox,,4,train
https://storage.googleapis.com/public-datasets-lila/wcs-unzipped/animals/0532/0271.jpg,WCS Camera Traps : 89f873ec-92d5-11e9-802a-000d3a74c7de,WCS Camera Traps : unknown,WCS Camera Traps : 4311,-1,gray fox,07-27-2013 07:06:54,4,train
https://storage.googleapis.com/public-datasets-lila/nacti-unzipped/part0/sub037/CA-04_08_12_2015_CA-04_0002310.jpg,NACTI : CA-04_08_12_2015_CA-04_0002310.jpg,NACTI : unknown,NACTI : lebec_CA-04,-1,gray fox,,4,val
https://storage.googleapis.com/public-datasets-lila/wcs-unzipped/animals/0531/1139.jpg,WCS Camera Traps : 89c35a2e-92d5-11e9-b3ef-000d3a74c7de,WCS Camera Traps : unknown,WCS Camera Traps : 4311,-1,gray fox,06-04-2013 13:01:43,4,train
https://storage.googleapis.com/public-datasets-lila/wcs-unzipped/animals/0591/0196.jpg,WCS Camera Traps : 9ff79d6c-92d5-11e9-901c-000d3a74c7de,WCS Camera Traps : unknown,WCS Camera Traps : 4338,-1,gray fox,04-28-2013 00:58:13,4,val
https://storage.googleapis.com/public-datasets-lila/caltech-unzipped/cct_images/58ede3d7-23d2-11e8-a6a3-ec086b02610b.jpg,Caltech Camera Traps : 58ede3d7-23d2-11e8-a6a3-ec086b02610b,Caltech Camera Traps : 701c2f28-5567-11e8-8905-dca9047ef277,Caltech Camera Traps : 101,2,gray fox,09-19-2014 12:12:11,4,train
https://storage.googleapis.com/public-datasets-lila/nacti-unzipped/part0/sub041/CA-08_08_04_2015_CA-08_0001891.jpg,NACTI : CA-08_08_04_2015_CA-08_0001891.jpg,NACTI : unknown,NACTI : lebec_CA-08,-1,gray fox,,4,train
https://storage.googleapis.com/public-datasets-lila/nacti-unzipped/part0/sub066/CA-24_08_12_2015_CA-24_0002022.jpg,NACTI : CA-24_08_12_2015_CA-24_0002022.jpg,NACTI : unknown,NACTI : lebec_CA-24,-1,gray fox,,4,test
https://storage.googleapis.com/public-datasets-lila/wcs-unzipped/animals/0543/1024.jpg,WCS Camera Traps : 8e2c9116-92d5-11e9-aece-000d3a74c7de,WCS Camera Traps : unknown,WCS Camera Traps : 4322,-1,gray fox,05-15-2013 03:53:31,4,train
https://storage.googleapis.com/public-datasets-lila/wcs-unzipped/animals/0559/0006.jpg,WCS Camera Traps : 93f43bf5-92d5-11e9-81c5-000d3a74c7de,WCS Camera Traps : unknown,WCS Camera Traps : 4340,-1,gray fox,05-30-2013 11:06:24,4,val
https://storage.googleapis.com/public-datasets-lila/wcs-unzipped/animals/0537/0624.jpg,WCS Camera Traps : 8bded193-92d5-11e9-97bd-000d3a74c7de,WCS Camera Traps : unknown,WCS Camera Traps : 4318,-1,gray fox,06-30-2013 07:51:10,4,train
https://storage.googleapis.com/public-datasets-lila/nacti-unzipped/part1/sub104/CA-44_02_29_2016_CA-44_0009237.JPG,NACTI : CA-44_02_29_2016_CA-44_0009237.JPG,NACTI : unknown,NACTI : lebec_CA-44,-1,gray fox,,4,train
https://storage.googleapis.com/public-datasets-lila/wcs-unzipped/animals/0532/0367.jpg,WCS Camera Traps : 89fd2ede-92d5-11e9-bfdb-000d3a74c7de,WCS Camera Traps : unknown,WCS Camera Traps : 4311,-1,gray fox,08-02-2013 10:32:21,4,train
https://storage.googleapis.com/public-datasets-lila/wcs-unzipped/animals/0538/0700.jpg,WCS Camera Traps : 8c429b9a-92d5-11e9-84e6-000d3a74c7de,WCS Camera Traps : unknown,WCS Camera Traps : 4319,-1,gray fox,05-09-2013 06:17:07,4,test
https://storage.googleapis.com/public-datasets-lila/nacti-unzipped/part0/sub062/CA-21_08_13_2015_CA-21_0001165.jpg,NACTI : CA-21_08_13_2015_CA-21_0001165.jpg,NACTI : unknown,NACTI : lebec_CA-21,-1,gray fox,,4,train
https://storage.googleapis.com/public-datasets-lila/wcs-unzipped/animals/0527/0124.jpg,WCS Camera Traps : 88185fd4-92d5-11e9-97a3-000d3a74c7de,WCS Camera Traps : unknown,WCS Camera Traps : 4304,-1,gray fox,06-01-2013 04:17:10,4,train
https://storage.googleapis.com/public-datasets-lila/caltech-unzipped/cct_images/59bfdc58-23d2-11e8-a6a3-ec086b02610b.jpg,Caltech Camera Traps : 59bfdc58-23d2-11e8-a6a3-ec086b02610b,Caltech Camera Traps : 7014b645-5567-11e8-a9ec-dca9047ef277,Caltech Camera Traps : 34,2,gray fox,08-25-2013 19:53:03,4,train
https://storage.googleapis.com/public-datasets-lila/caltech-unzipped/cct_images/586c8692-23d2-11e8-a6a3-ec086b02610b.jpg,Caltech Camera Traps : 586c8692-23d2-11e8-a6a3-ec086b02610b,Caltech Camera Traps : 701aeec7-5567-11e8-be0b-dca9047ef277,Caltech Camera Traps : 87,2,gray fox,09-07-2014 23:13:09,4,test
https://storage.googleapis.com/public-datasets-lila/nacti-unzipped/part0/sub038/CA-04_09_11_2015_CA-04_0009496.jpg,NACTI : CA-04_09_11_2015_CA-04_0009496.jpg,NACTI : unknown,NACTI : lebec_CA-04,-1,gray fox,,4,val
https://storage.googleapis.com/public-datasets-lila/caltech-unzipped/cct_images/5938c1e4-23d2-11e8-a6a3-ec086b02610b.jpg,Caltech Camera Traps : 5938c1e4-23d2-11e8-a6a3-ec086b02610b,Caltech Camera Traps : 70177354-5567-11e8-bdf2-dca9047ef277,Caltech Camera Traps : 84,3,gray fox,04-23-2014 23:19:43,4,train
https://storage.googleapis.com/public-datasets-lila/wcs-unzipped/animals/0544/0167.jpg,WCS Camera Traps : 8e63f4c3-92d5-11e9-92b4-000d3a74c7de,WCS Camera Traps : unknown,WCS Camera Traps : 4322,-1,gray fox,07-17-2013 09:36:50,4,train
https://storage.googleapis.com/public-datasets-lila/wcs-unzipped/animals/0526/0647.jpg,WCS Camera Traps : 87d3b692-92d5-11e9-a0f2-000d3a74c7de,WCS Camera Traps : unknown,WCS Camera Traps : 4304,-1,gray fox,04-21-2013 00:19:15,4,train
https://storage.googleapis.com/public-datasets-lila/nacti-unzipped/part0/sub065/CA-24_06_06_2016_CA-24_0022479.JPG,NACTI : CA-24_06_06_2016_CA-24_0022479.JPG,NACTI : unknown,NACTI : lebec_CA-24,-1,gray fox,,4,test
https://storage.googleapis.com/public-datasets-lila/caltech-unzipped/cct_images/596d62bb-23d2-11e8-a6a3-ec086b02610b.jpg,Caltech Camera Traps : 596d62bb-23d2-11e8-a6a3-ec086b02610b,Caltech Camera Traps : 70190cbd-5567-11e8-8e4e-dca9047ef277,Caltech Camera Traps : 14,2,gray fox,11-06-2014 12:42:38,4,train
https://storage.googleapis.com/public-datasets-lila/wcs-unzipped/animals/0554/0512.jpg,WCS Camera Traps : 92348528-92d5-11e9-b5ab-000d3a74c7de,WCS Camera Traps : unknown,WCS Camera Traps : 4334,-1,gray fox,07-19-2013 11:56:09,4,train
https://storage.googleapis.com/public-datasets-lila/ena24/images/4466.jpg,ENA24 : 4466,ENA24 : unknown,ENA24,-1,gray fox,,4,train
https://storage.googleapis.com/public-datasets-lila/nacti-unzipped/part1/sub104/CA-44_02_29_2016_CA-44_0009225.JPG,NACTI : CA-44_02_29_2016_CA-44_0009225.JPG,NACTI : unknown,NACTI : lebec_CA-44,-1,gray fox,,4,train
https://storage.googleapis.com/public-datasets-lila/nacti-unzipped/part0/sub049/CA-14_04_07_2016_CA-14_0010582.JPG,NACTI : CA-14_04_07_2016_CA-14_0010582.JPG,NACTI : unknown,NACTI : lebec_CA-14,-1,gray fox,,4,train
https://storage.googleapis.com/public-datasets-lila/wcs-unzipped/animals/0533/1592.jpg,WCS Camera Traps : 8a9661a2-92d5-11e9-8192-000d3a74c7de,WCS Camera Traps : unknown,WCS Camera Traps : 4314,-1,gray fox,05-08-2013 17:15:15,4,train
https://storage.googleapis.com/public-datasets-lila/nacti-unzipped/part0/sub066/CA-24_08_12_2015_CA-24_0002877.jpg,NACTI : CA-24_08_12_2015_CA-24_0002877.jpg,NACTI : unknown,NACTI : lebec_CA-24,-1,gray fox,,4,test
https://storage.googleapis.com/public-datasets-lila/wcs-unzipped/animals/0565/1271.jpg,WCS Camera Traps : 9674f506-92d5-11e9-9851-000d3a74c7de,WCS Camera Traps : unknown,WCS Camera Traps : 4351,-1,gray fox,05-18-2013 03:39:20,4,test
https://storage.googleapis.com/public-datasets-lila/wcs-unzipped/animals/0529/0770.jpg,WCS Camera Traps : 88f227d5-92d5-11e9-900a-000d3a74c7de,WCS Camera Traps : unknown,WCS Camera Traps : 4309,-1,gray fox,04-14-2013 04:19:04,4,train
https://storage.googleapis.com/public-datasets-lila/wcs-unzipped/animals/0592/0421.jpg,WCS Camera Traps : a0641cde-92d5-11e9-a759-000d3a74c7de,WCS Camera Traps : unknown,WCS Camera Traps : 4338,-1,gray fox,07-25-2013 14:57:21,4,val
https://storage.googleapis.com/public-datasets-lila/nacti-unzipped/part0/sub049/CA-14_04_07_2016_CA-14_0009990.JPG,NACTI : CA-14_04_07_2016_CA-14_0009990.JPG,NACTI : unknown,NACTI : lebec_CA-14,-1,gray fox,,4,train
https://storage.googleapis.com/public-datasets-lila/nacti-unzipped/part0/sub038/CA-05_07_05_2016_CA-05_0005010.JPG,NACTI : CA-05_07_05_2016_CA-05_0005010.JPG,NACTI : unknown,NACTI : lebec_CA-05,-1,gray fox,,4,train
https://storage.googleapis.com/public-datasets-lila/wcs-unzipped/animals/0564/1988.jpg,WCS Camera Traps : 963663bc-92d5-11e9-ba75-000d3a74c7de,WCS Camera Traps : unknown,WCS Camera Traps : 4350,-1,gray fox,05-08-2013 18:22:22,4,train
https://storage.googleapis.com/public-datasets-lila/wcs-unzipped/animals/0538/0160.jpg,WCS Camera Traps : 8c285cd8-92d5-11e9-8052-000d3a74c7de,WCS Camera Traps : unknown,WCS Camera Traps : 4319,-1,gray fox,04-26-2013 04:58:18,4,test
https://storage.googleapis.com/public-datasets-lila/nacti-unzipped/part0/sub049/CA-14_09_11_2015_CA-14_0006735.jpg,NACTI : CA-14_09_11_2015_CA-14_0006735.jpg,NACTI : unknown,NACTI : lebec_CA-14,-1,gray fox,,4,train
https://storage.googleapis.com/public-datasets-lila/nacti-unzipped/part0/sub041/CA-08_08_04_2015_CA-08_0001500.jpg,NACTI : CA-08_08_04_2015_CA-08_0001500.jpg,NACTI : unknown,NACTI : lebec_CA-08,-1,gray fox,,4,train
https://storage.googleapis.com/public-datasets-lila/wcs-unzipped/animals/0526/0708.jpg,WCS Camera Traps : 87d64dd0-92d5-11e9-be78-000d3a74c7de,WCS Camera Traps : unknown,WCS Camera Traps : 4304,-1,gray fox,04-24-2013 04:20:09,4,train
https://storage.googleapis.com/public-datasets-lila/nacti-unzipped/part0/sub066/CA-24_08_01_2016_CA-24_0020836.JPG,NACTI : CA-24_08_01_2016_CA-24_0020836.JPG,NACTI : unknown,NACTI : lebec_CA-24,-1,gray fox,,4,test
https://storage.googleapis.com/public-datasets-lila/nacti-unzipped/part1/sub110/CA-48_08_12_2015_CA-48_0004576.jpg,NACTI : CA-48_08_12_2015_CA-48_0004576.jpg,NACTI : unknown,NACTI : lebec_CA-48,-1,gray fox,,4,test
https://storage.googleapis.com/public-datasets-lila/caltech-unzipped/cct_images/58c66468-23d2-11e8-a6a3-ec086b02610b.jpg,Caltech Camera Traps : 58c66468-23d2-11e8-a6a3-ec086b02610b,Caltech Camera Traps : 701d26dc-5567-11e8-ad6c-dca9047ef277,Caltech Camera Traps : 131,1,gray fox,09-05-2014 20:00:34,4,train
https://storage.googleapis.com/public-datasets-lila/nacti-unzipped/part0/sub087/CA-34_07_06_2016_CA-34_0027505.JPG,NACTI : CA-34_07_06_2016_CA-34_0027505.JPG,NACTI : unknown,NACTI : lebec_CA-34,-1,gray fox,,4,val
https://storage.googleapis.com/public-datasets-lila/ena24/images/4709.jpg,ENA24 : 4709,ENA24 : unknown,ENA24,-1,gray fox,,4,train
https://storage.googleapis.com/public-datasets-lila/nacti-unzipped/part0/sub040/CA-07_08_04_2015_CA-07_0003932.jpg,NACTI : CA-07_08_04_2015_CA-07_0003932.jpg,NACTI : unknown,NACTI : lebec_CA-07,-1,gray fox,,4,train
https://storage.googleapis.com/public-datasets-lila/caltech-unzipped/cct_images/5a0c9cac-23d2-11e8-a6a3-ec086b02610b.jpg,Caltech Camera Traps : 5a0c9cac-23d2-11e8-a6a3-ec086b02610b,Caltech Camera Traps : 701d9f40-5567-11e8-9fe1-dca9047ef277,Caltech Camera Traps : 52,2,gray fox,09-13-2014 22:38:28,4,test
https://storage.googleapis.com/public-datasets-lila/caltech-unzipped/cct_images/58ede209-23d2-11e8-a6a3-ec086b02610b.jpg,Caltech Camera Traps : 58ede209-23d2-11e8-a6a3-ec086b02610b,Caltech Camera Traps : 701d19cf-5567-11e8-aeb8-dca9047ef277,Caltech Camera Traps : 104,1,gray fox,10-19-2014 01:32:01,4,train
https://storage.googleapis.com/public-datasets-lila/nacti-unzipped/part0/sub063/CA-22_11_01_2016_CA-22_0021745.JPG,NACTI : CA-22_11_01_2016_CA-22_0021745.JPG,NACTI : unknown,NACTI : lebec_CA-22,-1,gray fox,,4,test
https://storage.googleapis.com/public-datasets-lila/wcs-unzipped/animals/0535/0881.jpg,WCS Camera Traps : 8b2f4644-92d5-11e9-9ea9-000d3a74c7de,WCS Camera Traps : unknown,WCS Camera Traps : 4316,-1,gray fox,05-01-2013 06:18:55,4,test
https://storage.googleapis.com/public-datasets-lila/nacti-unzipped/part0/sub049/CA-14_08_12_2015_CA-14_0006011.jpg,NACTI : CA-14_08_12_2015_CA-14_0006011.jpg,NACTI : unknown,NACTI : lebec_CA-14,-1,gray fox,,4,train
https://storage.googleapis.com/public-datasets-lila/nacti-unzipped/part0/sub048/CA-13_08_12_2015_CA-13_0001030.jpg,NACTI : CA-13_08_12_2015_CA-13_0001030.jpg,NACTI : unknown,NACTI : lebec_CA-13,-1,gray fox,,4,train
https://storage.googleapis.com/public-datasets-lila/wcs-unzipped/animals/0531/1123.jpg,WCS Camera Traps : 89c296dc-92d5-11e9-b313-000d3a74c7de,WCS Camera Traps : unknown,WCS Camera Traps : 4311,-1,gray fox,06-04-2013 13:01:24,4,train
https://storage.googleapis.com/public-datasets-lila/wcs-unzipped/animals/0379/0357.jpg,WCS Camera Traps : 5156deca-92d5-11e9-814b-000d3a74c7de,WCS Camera Traps : gtm-002-d0011-27,WCS Camera Traps : 2802,2,gray fox,06-03-2012 10:32:10,4,train
https://storage.googleapis.com/public-datasets-lila/nacti-unzipped/part0/sub037/CA-04_08_12_2015_CA-04_0003107.jpg,NACTI : CA-04_08_12_2015_CA-04_0003107.jpg,NACTI : unknown,NACTI : lebec_CA-04,-1,gray fox,,4,val
https://storage.googleapis.com/public-datasets-lila/nacti-unzipped/part0/sub037/CA-04_08_12_2015_CA-04_0004180.jpg,NACTI : CA-04_08_12_2015_CA-04_0004180.jpg,NACTI : unknown,NACTI : lebec_CA-04,-1,gray fox,,4,val
https://storage.googleapis.com/public-datasets-lila/wcs-unzipped/animals/0397/0848.jpg,WCS Camera Traps : 57fea2f1-92d5-11e9-b655-000d3a74c7de,WCS Camera Traps : gtm-002-d0037-150,WCS Camera Traps : 2817,1,gray fox,06-26-2012 14:35:16,4,train
https://storage.googleapis.com/public-datasets-lila/nacti-unzipped/part0/sub065/CA-23_10_07_2015_CA-23_0019758.jpg,NACTI : CA-23_10_07_2015_CA-23_0019758.jpg,NACTI : unknown,NACTI : lebec_CA-23,-1,gray fox,,4,val
https://storage.googleapis.com/public-datasets-lila/caltech-unzipped/cct_images/59fe20e5-23d2-11e8-a6a3-ec086b02610b.jpg,Caltech Camera Traps : 59fe20e5-23d2-11e8-a6a3-ec086b02610b,Caltech Camera Traps : 701d9130-5567-11e8-a98f-dca9047ef277,Caltech Camera Traps : 10,1,gray fox,09-14-2014 06:47:22,4,train
https://storage.googleapis.com/public-datasets-lila/wcs-unzipped/animals/0559/0510.jpg,WCS Camera Traps : 940d4223-92d5-11e9-8e7d-000d3a74c7de,WCS Camera Traps : unknown,WCS Camera Traps : 4341,-1,gray fox,04-26-2013 04:57:09,4,train
https://storage.googleapis.com/public-datasets-lila/wcs-unzipped/animals/0555/0574.jpg,WCS Camera Traps : 92956f38-92d5-11e9-bbaa-000d3a74c7de,WCS Camera Traps : unknown,WCS Camera Traps : 4336,-1,gray fox,04-27-2013 02:16:46,4,train
https://storage.googleapis.com/public-datasets-lila/wcs-unzipped/animals/0540/0714.jpg,WCS Camera Traps : 8cfff826-92d5-11e9-95ae-000d3a74c7de,WCS Camera Traps : unknown,WCS Camera Traps : 4320,-1,gray fox,07-20-2013 09:58:37,4,test
https://storage.googleapis.com/public-datasets-lila/wcs-unzipped/animals/0555/0634.jpg,WCS Camera Traps : 92982e52-92d5-11e9-9c19-000d3a74c7de,WCS Camera Traps : unknown,WCS Camera Traps : 4336,-1,gray fox,04-27-2013 23:10:11,4,train
https://storage.googleapis.com/public-datasets-lila/wcs-unzipped/animals/0568/0506.jpg,WCS Camera Traps : 976cc0e5-92d5-11e9-9046-000d3a74c7de,WCS Camera Traps : unknown,WCS Camera Traps : 4304,-1,gray fox,05-30-2013 02:28:07,4,train
https://storage.googleapis.com/public-datasets-lila/nacti-unzipped/part0/sub039/CA-06_09_14_2015_CA-06_0007224.jpg,NACTI : CA-06_09_14_2015_CA-06_0007224.jpg,NACTI : unknown,NACTI : lebec_CA-06,-1,gray fox,,4,train
https://storage.googleapis.com/public-datasets-lila/nacti-unzipped/part0/sub038/CA-05_08_12_2015_CA-05_0001689.jpg,NACTI : CA-05_08_12_2015_CA-05_0001689.jpg,NACTI : unknown,NACTI : lebec_CA-05,-1,gray fox,,4,train
https://storage.googleapis.com/public-datasets-lila/nacti-unzipped/part0/sub049/CA-14_08_12_2015_CA-14_0005905.jpg,NACTI : CA-14_08_12_2015_CA-14_0005905.jpg,NACTI : unknown,NACTI : lebec_CA-14,-1,gray fox,,4,train
https://storage.googleapis.com/public-datasets-lila/wcs-unzipped/animals/0552/1620.jpg,WCS Camera Traps : 91aa1f38-92d5-11e9-aff2-000d3a74c7de,WCS Camera Traps : unknown,WCS Camera Traps : 4332,-1,gray fox,07-30-2013 11:41:23,4,train
https://storage.googleapis.com/public-datasets-lila/caltech-unzipped/cct_images/58a6e8df-23d2-11e8-a6a3-ec086b02610b.jpg,Caltech Camera Traps : 58a6e8df-23d2-11e8-a6a3-ec086b02610b,Caltech Camera Traps : 701d0ed7-5567-11e8-b704-dca9047ef277,Caltech Camera Traps : 104,2,gray fox,02-11-2014 21:42:13,4,train
https://storage.googleapis.com/public-datasets-lila/wcs-unzipped/animals/0534/1359.jpg,WCS Camera Traps : 8aea7516-92d5-11e9-8cf3-000d3a74c7de,WCS Camera Traps : unknown,WCS Camera Traps : 4315,-1,gray fox,06-27-2013 06:37:08,4,train
https://storage.googleapis.com/public-datasets-lila/wcs-unzipped/animals/0538/0718.jpg,WCS Camera Traps : 8c435ee2-92d5-11e9-9621-000d3a74c7de,WCS Camera Traps : unknown,WCS Camera Traps : 4319,-1,gray fox,05-09-2013 06:17:28,4,test
https://storage.googleapis.com/public-datasets-lila/wcs-unzipped/animals/0545/0536.jpg,WCS Camera Traps : 8ed70252-92d5-11e9-ad30-000d3a74c7de,WCS Camera Traps : unknown,WCS Camera Traps : 4324,-1,gray fox,04-28-2013 05:58:58,4,train
https://storage.googleapis.com/public-datasets-lila/nacti-unzipped/part0/sub049/CA-14_04_07_2016_CA-14_0010469.JPG,NACTI : CA-14_04_07_2016_CA-14_0010469.JPG,NACTI : unknown,NACTI : lebec_CA-14,-1,gray fox,,4,train
https://storage.googleapis.com/public-datasets-lila/nacti-unzipped/part0/sub098/CA-40_10_05_2016_CA-40_0011984.JPG,NACTI : CA-40_10_05_2016_CA-40_0011984.JPG,NACTI : unknown,NACTI : lebec_CA-40,-1,gray fox,,4,test
https://storage.googleapis.com/public-datasets-lila/wcs-unzipped/animals/0584/1093.jpg,WCS Camera Traps : 9d831afb-92d5-11e9-961f-000d3a74c7de,WCS Camera Traps : unknown,WCS Camera Traps : 4331,-1,gray fox,05-07-2013 18:08:40,4,val
https://storage.googleapis.com/public-datasets-lila/nacti-unzipped/part0/sub062/CA-21_08_13_2015_CA-21_0001161.jpg,NACTI : CA-21_08_13_2015_CA-21_0001161.jpg,NACTI : unknown,NACTI : lebec_CA-21,-1,gray fox,,4,train
https://storage.googleapis.com/public-datasets-lila/nacti-unzipped/part0/sub032/CA-01_02_11_2016_CA-01_0006616.jpg,NACTI : CA-01_02_11_2016_CA-01_0006616.jpg,NACTI : unknown,NACTI : lebec_CA-01,-1,gray fox,,4,train
https://storage.googleapis.com/public-datasets-lila/caltech-unzipped/cct_images/59c669ba-23d2-11e8-a6a3-ec086b02610b.jpg,Caltech Camera Traps : 59c669ba-23d2-11e8-a6a3-ec086b02610b,Caltech Camera Traps : 70189975-5567-11e8-a494-dca9047ef277,Caltech Camera Traps : 55,3,gray fox,10-24-2014 12:19:49,4,train
https://storage.googleapis.com/public-datasets-lila/nacti-unzipped/part0/sub045/CA-11_03_17_2016_CA-11_0009051.JPG,NACTI : CA-11_03_17_2016_CA-11_0009051.JPG,NACTI : unknown,NACTI : lebec_CA-11,-1,gray fox,,4,train
https://storage.googleapis.com/public-datasets-lila/wcs-unzipped/animals/0549/1786.jpg,WCS Camera Traps : 90952cab-92d5-11e9-b4b6-000d3a74c7de,WCS Camera Traps : unknown,WCS Camera Traps : 4331,-1,gray fox,04-20-2013 00:16:16,4,val
https://storage.googleapis.com/public-datasets-lila/wcs-unzipped/animals/0537/0331.jpg,WCS Camera Traps : 8bd0c7d0-92d5-11e9-b99a-000d3a74c7de,WCS Camera Traps : unknown,WCS Camera Traps : 4318,-1,gray fox,06-22-2013 23:16:29,4,train
https://storage.googleapis.com/public-datasets-lila/wcs-unzipped/animals/0559/0009.jpg,WCS Camera Traps : 93f46305-92d5-11e9-b8b7-000d3a74c7de,WCS Camera Traps : unknown,WCS Camera Traps : 4340,-1,gray fox,05-31-2013 10:53:48,4,val
https://storage.googleapis.com/public-datasets-lila/nacti-unzipped/part0/sub073/CA-28_08_03_2015_CA-28_0010343.jpg,NACTI : CA-28_08_03_2015_CA-28_0010343.jpg,NACTI : unknown,NACTI : lebec_CA-28,-1,gray fox,,4,train
https://storage.googleapis.com/public-datasets-lila/nacti-unzipped/part0/sub049/CA-14_01_21_2016_CA-14_0008930.jpg,NACTI : CA-14_01_21_2016_CA-14_0008930.jpg,NACTI : unknown,NACTI : lebec_CA-14,-1,gray fox,,4,train
https://storage.googleapis.com/public-datasets-lila/wcs-unzipped/animals/0544/1020.jpg,WCS Camera Traps : 8e8d9cf5-92d5-11e9-8d73-000d3a74c7de,WCS Camera Traps : unknown,WCS Camera Traps : 4323,-1,gray fox,05-04-2013 19:26:38,4,train
https://storage.googleapis.com/public-datasets-lila/wcs-unzipped/animals/0544/0570.jpg,WCS Camera Traps : 8e7693d8-92d5-11e9-a759-000d3a74c7de,WCS Camera Traps : unknown,WCS Camera Traps : 4323,-1,gray fox,04-22-2013 03:15:01,4,train
https://storage.googleapis.com/public-datasets-lila/nacti-unzipped/part0/sub038/CA-04_12_08_2015_CA-04_0011268.jpg,NACTI : CA-04_12_08_2015_CA-04_0011268.jpg,NACTI : unknown,NACTI : lebec_CA-04,-1,gray fox,,4,val
https://storage.googleapis.com/public-datasets-lila/caltech-unzipped/cct_images/585a6515-23d2-11e8-a6a3-ec086b02610b.jpg,Caltech Camera Traps : 585a6515-23d2-11e8-a6a3-ec086b02610b,Caltech Camera Traps : 6f96dfb3-5567-11e8-9ee7-dca9047ef277,Caltech Camera Traps : 96,1,gray fox,03-10-2014 01:32:01,4,test
https://storage.googleapis.com/public-datasets-lila/wcs-unzipped/animals/0391/0427.jpg,WCS Camera Traps : 55b728ce-92d5-11e9-9a14-000d3a74c7de,WCS Camera Traps : gtm-002-d0045-35,WCS Camera Traps : 2821,2,gray fox,06-02-2012 08:51:24,4,train
https://storage.googleapis.com/public-datasets-lila/ena24/images/4503.jpg,ENA24 : 4503,ENA24 : unknown,ENA24,-1,gray fox,,4,train
https://storage.googleapis.com/public-datasets-lila/caltech-unzipped/cct_images/59260c27-23d2-11e8-a6a3-ec086b02610b.jpg,Caltech Camera Traps : 59260c27-23d2-11e8-a6a3-ec086b02610b,Caltech Camera Traps : 701479e3-5567-11e8-9c55-dca9047ef277,Caltech Camera Traps : 99,3,gray fox,08-23-2013 23:55:40,4,test
https://storage.googleapis.com/public-datasets-lila/nacti-unzipped/part0/sub049/CA-14_08_12_2015_CA-14_0005977.jpg,NACTI : CA-14_08_12_2015_CA-14_0005977.jpg,NACTI : unknown,NACTI : lebec_CA-14,-1,gray fox,,4,train
https://storage.googleapis.com/public-datasets-lila/nacti-unzipped/part0/sub068/CA-25_11_14_2015_CA-25_0013084.jpg,NACTI : CA-25_11_14_2015_CA-25_0013084.jpg,NACTI : unknown,NACTI : lebec_CA-25,-1,gray fox,,4,train
https://storage.googleapis.com/public-datasets-lila/nacti-unzipped/part0/sub037/CA-04_08_12_2015_CA-04_0005916.jpg,NACTI : CA-04_08_12_2015_CA-04_0005916.jpg,NACTI : unknown,NACTI : lebec_CA-04,-1,gray fox,,4,val
https://storage.googleapis.com/public-datasets-lila/nacti-unzipped/part0/sub049/CA-14_07_05_2016_CA-14_0011235.JPG,NACTI : CA-14_07_05_2016_CA-14_0011235.JPG,NACTI : unknown,NACTI : lebec_CA-14,-1,gray fox,,4,train
https://storage.googleapis.com/public-datasets-lila/wcs-unzipped/animals/0543/0956.jpg,WCS Camera Traps : 8e2983d0-92d5-11e9-8925-000d3a74c7de,WCS Camera Traps : unknown,WCS Camera Traps : 4322,-1,gray fox,05-09-2013 03:20:22,4,train
https://storage.googleapis.com/public-datasets-lila/nacti-unzipped/part0/sub038/CA-05_03_03_2015_CA-05_0000069.jpg,NACTI : CA-05_03_03_2015_CA-05_0000069.jpg,NACTI : unknown,NACTI : lebec_CA-05,-1,gray fox,,4,train
https://storage.googleapis.com/public-datasets-lila/nacti-unzipped/part1/sub110/CA-48_08_12_2015_CA-48_0003953.jpg,NACTI : CA-48_08_12_2015_CA-48_0003953.jpg,NACTI : unknown,NACTI : lebec_CA-48,-1,gray fox,,4,test
https://storage.googleapis.com/public-datasets-lila/caltech-unzipped/cct_images/597ff012-23d2-11e8-a6a3-ec086b02610b.jpg,Caltech Camera Traps : 597ff012-23d2-11e8-a6a3-ec086b02610b,Caltech Camera Traps : 7019366b-5567-11e8-bc31-dca9047ef277,Caltech Camera Traps : 16,1,gray fox,02-06-2014 05:31:23,4,train
https://storage.googleapis.com/public-datasets-lila/wcs-unzipped/animals/0388/0504.jpg,WCS Camera Traps : 54a320f2-92d5-11e9-8603-000d3a74c7de,WCS Camera Traps : gtm-002-d0031-98,WCS Camera Traps : 2814,3,gray fox,06-06-2012 10:18:51,4,train
https://storage.googleapis.com/public-datasets-lila/nacti-unzipped/part0/sub038/CA-05_06_06_2016_CA-05_0004890.JPG,NACTI : CA-05_06_06_2016_CA-05_0004890.JPG,NACTI : unknown,NACTI : lebec_CA-05,-1,gray fox,,4,train
https://storage.googleapis.com/public-datasets-lila/wcs-unzipped/animals/0591/0386.jpg,WCS Camera Traps : a0009e37-92d5-11e9-8a7f-000d3a74c7de,WCS Camera Traps : unknown,WCS Camera Traps : 4338,-1,gray fox,05-08-2013 19:46:06,4,val
https://storage.googleapis.com/public-datasets-lila/wcs-unzipped/animals/0553/1672.jpg,WCS Camera Traps : 920cb306-92d5-11e9-ae23-000d3a74c7de,WCS Camera Traps : unknown,WCS Camera Traps : 4334,-1,gray fox,06-13-2013 12:31:25,4,train
https://storage.googleapis.com/public-datasets-lila/wcs-unzipped/animals/0559/0940.jpg,WCS Camera Traps : 94233b8f-92d5-11e9-a514-000d3a74c7de,WCS Camera Traps : unknown,WCS Camera Traps : 4341,-1,gray fox,06-19-2013 05:09:26,4,train
https://storage.googleapis.com/public-datasets-lila/caltech-unzipped/cct_images/58e59a10-23d2-11e8-a6a3-ec086b02610b.jpg,Caltech Camera Traps : 58e59a10-23d2-11e8-a6a3-ec086b02610b,Caltech Camera Traps : 70109cf0-5567-11e8-b1e5-dca9047ef277,Caltech Camera Traps : 102,1,gray fox,03-29-2014 03:04:36,4,train
https://storage.googleapis.com/public-datasets-lila/nacti-unzipped/part0/sub049/CA-14_08_12_2015_CA-14_0006373.jpg,NACTI : CA-14_08_12_2015_CA-14_0006373.jpg,NACTI : unknown,NACTI : lebec_CA-14,-1,gray fox,,4,train
https://storage.googleapis.com/public-datasets-lila/nacti-unzipped/part0/sub062/CA-21_08_13_2015_CA-21_0001378.jpg,NACTI : CA-21_08_13_2015_CA-21_0001378.jpg,NACTI : unknown,NACTI : lebec_CA-21,-1,gray fox,,4,train
https://storage.googleapis.com/public-datasets-lila/wcs-unzipped/animals/0531/1678.jpg,WCS Camera Traps : 89dc3960-92d5-11e9-91c6-000d3a74c7de,WCS Camera Traps : unknown,WCS Camera Traps : 4311,-1,gray fox,07-01-2013 05:15:02,4,train
https://storage.googleapis.com/public-datasets-lila/nacti-unzipped/part0/sub049/CA-14_06_06_2016_CA-14_0027729.JPG,NACTI : CA-14_06_06_2016_CA-14_0027729.JPG,NACTI : unknown,NACTI : lebec_CA-14,-1,gray fox,,4,train
https://storage.googleapis.com/public-datasets-lila/nacti-unzipped/part0/sub046/CA-11_10_13_2015_CA-11_0008137.jpg,NACTI : CA-11_10_13_2015_CA-11_0008137.jpg,NACTI : unknown,NACTI : lebec_CA-11,-1,gray fox,,4,train
https://storage.googleapis.com/public-datasets-lila/nacti-unzipped/part0/sub095/CA-39_01_27_2016_CA-39_0011032.jpg,NACTI : CA-39_01_27_2016_CA-39_0011032.jpg,NACTI : unknown,NACTI : lebec_CA-39,-1,gray fox,,4,train
https://storage.googleapis.com/public-datasets-lila/wcs-unzipped/animals/0582/0094.jpg,WCS Camera Traps : 9c92a2ff-92d5-11e9-94b9-000d3a74c7de,WCS Camera Traps : unknown,WCS Camera Traps : 4327,-1,gray fox,06-12-2013 16:35:15,4,train
https://storage.googleapis.com/public-datasets-lila/caltech-unzipped/cct_images/58c97d4c-23d2-11e8-a6a3-ec086b02610b.jpg,Caltech Camera Traps : 58c97d4c-23d2-11e8-a6a3-ec086b02610b,Caltech Camera Traps : 701ad5b3-5567-11e8-b032-dca9047ef277,Caltech Camera Traps : 87,3,gray fox,05-27-2014 03:32:39,4,test
https://storage.googleapis.com/public-datasets-lila/nacti-unzipped/part0/sub040/CA-07_08_04_2015_CA-07_0004487.jpg,NACTI : CA-07_08_04_2015_CA-07_0004487.jpg,NACTI : unknown,NACTI : lebec_CA-07,-1,gray fox,,4,train
https://storage.googleapis.com/public-datasets-lila/caltech-unzipped/cct_images/5995af55-23d2-11e8-a6a3-ec086b02610b.jpg,Caltech Camera Traps : 5995af55-23d2-11e8-a6a3-ec086b02610b,Caltech Camera Traps : 7018a9b8-5567-11e8-af1b-dca9047ef277,Caltech Camera Traps : 55,1,gray fox,04-30-2015 19:06:22,4,train
https://storage.googleapis.com/public-datasets-lila/nacti-unzipped/part0/sub095/CA-39_03_03_2016_CA-39_0012061.JPG,NACTI : CA-39_03_03_2016_CA-39_0012061.JPG,NACTI : unknown,NACTI : lebec_CA-39,-1,gray fox,,4,train
https://storage.googleapis.com/public-datasets-lila/nacti-unzipped/part0/sub038/CA-04_12_08_2015_CA-04_0011231.jpg,NACTI : CA-04_12_08_2015_CA-04_0011231.jpg,NACTI : unknown,NACTI : lebec_CA-04,-1,gray fox,,4,val
https://storage.googleapis.com/public-datasets-lila/nacti-unzipped/part0/sub065/CA-24_03_30_2015_CA-24_0000735.jpg,NACTI : CA-24_03_30_2015_CA-24_0000735.jpg,NACTI : unknown,NACTI : lebec_CA-24,-1,gray fox,,4,test
https://storage.googleapis.com/public-datasets-lila/wcs-unzipped/animals/0568/0076.jpg,WCS Camera Traps : 97589c9c-92d5-11e9-bdd6-000d3a74c7de,WCS Camera Traps : unknown,WCS Camera Traps : 4304,-1,gray fox,05-08-2013 01:36:41,4,train
https://storage.googleapis.com/public-datasets-lila/nacti-unzipped/part0/sub088/CA-34_11_08_2016_CA-34_0031239.JPG,NACTI : CA-34_11_08_2016_CA-34_0031239.JPG,NACTI : unknown,NACTI : lebec_CA-34,-1,gray fox,,4,val
https://storage.googleapis.com/public-datasets-lila/wcs-unzipped/animals/0539/1191.jpg,WCS Camera Traps : 8cb819b2-92d5-11e9-af8a-000d3a74c7de,WCS Camera Traps : unknown,WCS Camera Traps : 4320,-1,gray fox,04-29-2013 00:29:06,4,test
https://storage.googleapis.com/public-datasets-lila/wcs-unzipped/animals/0399/1385.jpg,WCS Camera Traps : 58d4927c-92d5-11e9-9eac-000d3a74c7de,WCS Camera Traps : gtm-002-d0007-193,WCS Camera Traps : 2807,1,gray fox,07-04-2012 00:05:28,4,train
https://storage.googleapis.com/public-datasets-lila/nacti-unzipped/part0/sub035/CA-03_08_13_2015_CA-03_0002218.jpg,NACTI : CA-03_08_13_2015_CA-03_0002218.jpg,NACTI : unknown,NACTI : lebec_CA-03,-1,gray fox,,4,test
https://storage.googleapis.com/public-datasets-lila/nacti-unzipped/part0/sub041/CA-08_05_13_2016_CA-08_0008725.JPG,NACTI : CA-08_05_13_2016_CA-08_0008725.JPG,NACTI : unknown,NACTI : lebec_CA-08,-1,gray fox,,4,train
https://storage.googleapis.com/public-datasets-lila/wcs-unzipped/animals/0537/0346.jpg,WCS Camera Traps : 8bd18b25-92d5-11e9-92f3-000d3a74c7de,WCS Camera Traps : unknown,WCS Camera Traps : 4318,-1,gray fox,06-22-2013 23:16:45,4,train
https://storage.googleapis.com/public-datasets-lila/nacti-unzipped/part0/sub088/CA-34_09_18_2015_CA-34_0018184.jpg,NACTI : CA-34_09_18_2015_CA-34_0018184.jpg,NACTI : unknown,NACTI : lebec_CA-34,-1,gray fox,,4,val
https://storage.googleapis.com/public-datasets-lila/nacti-unzipped/part0/sub048/CA-13_08_12_2015_CA-13_0006091.jpg,NACTI : CA-13_08_12_2015_CA-13_0006091.jpg,NACTI : unknown,NACTI : lebec_CA-13,-1,gray fox,,4,train
https://storage.googleapis.com/public-datasets-lila/nacti-unzipped/part0/sub063/CA-22_06_13_2015_CA-22_0008337.jpg,NACTI : CA-22_06_13_2015_CA-22_0008337.jpg,NACTI : unknown,NACTI : lebec_CA-22,-1,gray fox,,4,test
https://storage.googleapis.com/public-datasets-lila/nacti-unzipped/part0/sub037/CA-04_08_12_2015_CA-04_0005441.jpg,NACTI : CA-04_08_12_2015_CA-04_0005441.jpg,NACTI : unknown,NACTI : lebec_CA-04,-1,gray fox,,4,val
https://storage.googleapis.com/public-datasets-lila/nacti-unzipped/part0/sub062/CA-22_02_11_2016_CA-22_0013615.jpg,NACTI : CA-22_02_11_2016_CA-22_0013615.jpg,NACTI : unknown,NACTI : lebec_CA-22,-1,gray fox,,4,test
https://storage.googleapis.com/public-datasets-lila/wcs-unzipped/animals/0529/1088.jpg,WCS Camera Traps : 89019107-92d5-11e9-b628-000d3a74c7de,WCS Camera Traps : unknown,WCS Camera Traps : 4309,-1,gray fox,05-14-2013 12:56:03,4,train
https://storage.googleapis.com/public-datasets-lila/nacti-unzipped/part0/sub046/CA-11_11_01_2016_CA-11_0021138.JPG,NACTI : CA-11_11_01_2016_CA-11_0021138.JPG,NACTI : unknown,NACTI : lebec_CA-11,-1,gray fox,,4,train
https://storage.googleapis.com/public-datasets-lila/wcs-unzipped/animals/0528/0853.jpg,WCS Camera Traps : 889847f0-92d5-11e9-9b58-000d3a74c7de,WCS Camera Traps : unknown,WCS Camera Traps : 4307,-1,gray fox,07-27-2013 07:09:02,4,train
https://storage.googleapis.com/public-datasets-lila/caltech-unzipped/cct_images/5906f018-23d2-11e8-a6a3-ec086b02610b.jpg,Caltech Camera Traps : 5906f018-23d2-11e8-a6a3-ec086b02610b,Caltech Camera Traps : 7015fbf8-5567-11e8-a7cb-dca9047ef277,Caltech Camera Traps : 94,3,gray fox,10-02-2013 20:44:30,4,train
https://storage.googleapis.com/public-datasets-lila/nacti-unzipped/part0/sub062/CA-21_08_13_2015_CA-21_0002949.jpg,NACTI : CA-21_08_13_2015_CA-21_0002949.jpg,NACTI : unknown,NACTI : lebec_CA-21,-1,gray fox,,4,train
https://storage.googleapis.com/public-datasets-lila/nacti-unzipped/part0/sub041/CA-08_05_13_2016_CA-08_0008567.JPG,NACTI : CA-08_05_13_2016_CA-08_0008567.JPG,NACTI : unknown,NACTI : lebec_CA-08,-1,gray fox,,4,train
https://storage.googleapis.com/public-datasets-lila/caltech-unzipped/cct_images/59f2c626-23d2-11e8-a6a3-ec086b02610b.jpg,Caltech Camera Traps : 59f2c626-23d2-11e8-a6a3-ec086b02610b,Caltech Camera Traps : 701d9ef0-5567-11e8-ad14-dca9047ef277,Caltech Camera Traps : 52,3,gray fox,09-13-2014 22:38:25,4,test
https://storage.googleapis.com/public-datasets-lila/nacti-unzipped/part0/sub062/CA-21_10_13_2015_CA-21_0006204.jpg,NACTI : CA-21_10_13_2015_CA-21_0006204.jpg,NACTI : unknown,NACTI : lebec_CA-21,-1,gray fox,,4,train
https://storage.googleapis.com/public-datasets-lila/wcs-unzipped/animals/0543/0919.jpg,WCS Camera Traps : 8e27fd2e-92d5-11e9-ad7a-000d3a74c7de,WCS Camera Traps : unknown,WCS Camera Traps : 4322,-1,gray fox,05-07-2013 21:40:22,4,train
https://storage.googleapis.com/public-datasets-lila/nacti-unzipped/part0/sub095/CA-39_01_27_2016_CA-39_0011147.jpg,NACTI : CA-39_01_27_2016_CA-39_0011147.jpg,NACTI : unknown,NACTI : lebec_CA-39,-1,gray fox,,4,train
https://storage.googleapis.com/public-datasets-lila/wcs-unzipped/animals/0547/1195.jpg,WCS Camera Traps : 8fb8d68c-92d5-11e9-a63c-000d3a74c7de,WCS Camera Traps : unknown,WCS Camera Traps : 4328,-1,gray fox,05-09-2013 04:42:33,4,train
https://storage.googleapis.com/public-datasets-lila/caltech-unzipped/cct_images/59dc24cb-23d2-11e8-a6a3-ec086b02610b.jpg,Caltech Camera Traps : 59dc24cb-23d2-11e8-a6a3-ec086b02610b,Caltech Camera Traps : 701512c5-5567-11e8-8578-dca9047ef277,Caltech Camera Traps : 34,2,gray fox,11-13-2013 01:35:32,4,train
https://storage.googleapis.com/public-datasets-lila/wcs-unzipped/animals/0581/0890.jpg,WCS Camera Traps : 9c5919ee-92d5-11e9-8c03-000d3a74c7de,WCS Camera Traps : unknown,WCS Camera Traps : 4325,-1,gray fox,04-24-2013 06:14:31,4,train
https://storage.googleapis.com/public-datasets-lila/swg-camera-traps/public/lao/loc_0040/2018/04/image_00014.jpg,SWG Camera Traps : c86e0f7c-8c29-11eb-8972-000d3a74c7de,SWG Camera Traps : e88ce643-8c29-11eb-82c8-000d3a74c7de,SWG Camera Traps : loc_0040,0,leopard cat,04-06-2018 02:07:28,4,val
https://storage.googleapis.com/public-datasets-lila/swg-camera-traps/public/lao/loc_0041/2018/04/image_00007.jpg,SWG Camera Traps : c86fbd11-8c29-11eb-b3a5-000d3a74c7de,SWG Camera Traps : 2e3a6f80-8c2a-11eb-a817-000d3a74c7de,SWG Camera Traps : loc_0041,0,leopard cat,04-06-2018 02:23:46,4,train
https://storage.googleapis.com/public-datasets-lila/swg-camera-traps/public/lao/loc_0041/2018/04/image_00008.jpg,SWG Camera Traps : c86fbd12-8c29-11eb-bdcc-000d3a74c7de,SWG Camera Traps : 2e3a6f81-8c2a-11eb-9110-000d3a74c7de,SWG Camera Traps : loc_0041,0,leopard cat,04-06-2018 02:23:58,4,train
https://storage.googleapis.com/public-datasets-lila/swg-camera-traps/public/lao/loc_0053/2017/09/image_00040.jpg,SWG Camera Traps : c88e8665-8c29-11eb-81e0-000d3a74c7de,SWG Camera Traps : e66cb363-8c29-11eb-a6a7-000d3a74c7de,SWG Camera Traps : loc_0053,1,leopard cat,09-21-2017 02:30:38,4,val
https://storage.googleapis.com/public-datasets-lila/swg-camera-traps/public/lao/loc_0056/2017/09/image_00021.jpg,SWG Camera Traps : c891b021-8c29-11eb-8ee8-000d3a74c7de,SWG Camera Traps : 144a6c58-8c2a-11eb-a7f7-000d3a74c7de,SWG Camera Traps : loc_0056,0,leopard cat,09-01-2017 11:50:21,4,train
https://storage.googleapis.com/public-datasets-lila/swg-camera-traps/public/lao/loc_0058/2018/02/image_00031.jpg,SWG Camera Traps : c8930ffb-8c29-11eb-b4ea-000d3a74c7de,SWG Camera Traps : 232c627d-8c2a-11eb-bb2d-000d3a74c7de,SWG Camera Traps : loc_0058,0,leopard cat,02-19-2018 18:18:41,4,test
https://storage.googleapis.com/public-datasets-lila/swg-camera-traps/public/lao/loc_0059/2018/01/image_00043.jpg,SWG Camera Traps : c8949690-8c29-11eb-a49c-000d3a74c7de,SWG Camera Traps : 1d7479ec-8c2a-11eb-af3e-000d3a74c7de,SWG Camera Traps : loc_0059,0,leopard cat,01-30-2018 22:04:57,4,train
https://storage.googleapis.com/public-datasets-lila/swg-camera-traps/public/lao/loc_0299/2020/04/image_00018.jpg,SWG Camera Traps : c900f1a7-8c29-11eb-ab94-000d3a74c7de,SWG Camera Traps : 2b765238-8c2a-11eb-9cf2-000d3a74c7de,SWG Camera Traps : loc_0299,0,leopard cat,04-02-2020 00:18:29,4,train
https://storage.googleapis.com/public-datasets-lila/swg-camera-traps/public/lao/loc_0349/2020/06/image_00210.jpg,SWG Camera Traps : c9b3cf8c-8c29-11eb-9e04-000d3a74c7de,SWG Camera Traps : e1c0c39a-8c29-11eb-a7bf-000d3a74c7de,SWG Camera Traps : loc_0349,0,leopard cat,06-03-2020 20:43:50,4,test
https://storage.googleapis.com/public-datasets-lila/swg-camera-traps/public/lao/loc_0349/2020/06/image_00211.jpg,SWG Camera Traps : c9b3cf8d-8c29-11eb-8ee0-000d3a74c7de,SWG Camera Traps : e1c0c39a-8c29-11eb-a7bf-000d3a74c7de,SWG Camera Traps : loc_0349,1,leopard cat,06-03-2020 20:43:51,4,test
https://storage.googleapis.com/public-datasets-lila/swg-camera-traps/public/lao/loc_0349/2020/06/image_00212.jpg,SWG Camera Traps : c9b3cf8e-8c29-11eb-9157-000d3a74c7de,SWG Camera Traps : e1c0c39a-8c29-11eb-a7bf-000d3a74c7de,SWG Camera Traps : loc_0349,2,leopard cat,06-03-2020 20:43:51,4,test
https://storage.googleapis.com/public-datasets-lila/swg-camera-traps/public/lao/loc_0349/2020/06/image_00213.jpg,SWG Camera Traps : c9b3cf8f-8c29-11eb-8a28-000d3a74c7de,SWG Camera Traps : e1c0c39a-8c29-11eb-a7bf-000d3a74c7de,SWG Camera Traps : loc_0349,3,leopard cat,06-03-2020 20:43:55,4,test
https://storage.googleapis.com/public-datasets-lila/swg-camera-traps/public/lao/loc_0349/2020/06/image_00214.jpg,SWG Camera Traps : c9b3cf90-8c29-11eb-826e-000d3a74c7de,SWG Camera Traps : e1c0c39a-8c29-11eb-a7bf-000d3a74c7de,SWG Camera Traps : loc_0349,4,leopard cat,06-03-2020 20:43:56,4,test
https://storage.googleapis.com/public-datasets-lila/swg-camera-traps/public/lao/loc_0349/2020/06/image_00215.jpg,SWG Camera Traps : c9b3cf91-8c29-11eb-97bb-000d3a74c7de,SWG Camera Traps : e1c0c39a-8c29-11eb-a7bf-000d3a74c7de,SWG Camera Traps : loc_0349,5,leopard cat,06-03-2020 20:43:56,4,test
https://storage.googleapis.com/public-datasets-lila/swg-camera-traps/public/lao/loc_0349/2020/06/image_00216.jpg,SWG Camera Traps : c9b3cf92-8c29-11eb-985d-000d3a74c7de,SWG Camera Traps : e1c0c39a-8c29-11eb-a7bf-000d3a74c7de,SWG Camera Traps : loc_0349,6,leopard cat,06-03-2020 20:44:01,4,test
https://storage.googleapis.com/public-datasets-lila/swg-camera-traps/public/lao/loc_0349/2020/06/image_00217.jpg,SWG Camera Traps : c9b3cf93-8c29-11eb-bb0c-000d3a74c7de,SWG Camera Traps : e1c0c39a-8c29-11eb-a7bf-000d3a74c7de,SWG Camera Traps : loc_0349,7,leopard cat,06-03-2020 20:44:01,4,test
https://storage.googleapis.com/public-datasets-lila/swg-camera-traps/public/lao/loc_0349/2020/06/image_00218.jpg,SWG Camera Traps : c9b3cf94-8c29-11eb-9742-000d3a74c7de,SWG Camera Traps : e1c0c39a-8c29-11eb-a7bf-000d3a74c7de,SWG Camera Traps : loc_0349,8,leopard cat,06-03-2020 20:44:02,4,test
https://storage.googleapis.com/public-datasets-lila/swg-camera-traps/public/lao/loc_0349/2020/06/image_00219.jpg,SWG Camera Traps : c9b3cf95-8c29-11eb-860f-000d3a74c7de,SWG Camera Traps : e1c0c39b-8c29-11eb-8e1f-000d3a74c7de,SWG Camera Traps : loc_0349,0,leopard cat,06-03-2020 20:45:05,4,test
https://storage.googleapis.com/public-datasets-lila/swg-camera-traps/public/lao/loc_0349/2020/06/image_00220.jpg,SWG Camera Traps : c9b3cf96-8c29-11eb-9959-000d3a74c7de,SWG Camera Traps : e1c0c39b-8c29-11eb-8e1f-000d3a74c7de,SWG Camera Traps : loc_0349,1,leopard cat,06-03-2020 20:45:05,4,test
https://storage.googleapis.com/public-datasets-lila/swg-camera-traps/public/lao/loc_0349/2020/06/image_00221.jpg,SWG Camera Traps : c9b3cf97-8c29-11eb-9e73-000d3a74c7de,SWG Camera Traps : e1c0c39b-8c29-11eb-8e1f-000d3a74c7de,SWG Camera Traps : loc_0349,2,leopard cat,06-03-2020 20:45:05,4,test
https://storage.googleapis.com/public-datasets-lila/swg-camera-traps/public/lao/loc_0393/2020/05/image_00073.jpg,SWG Camera Traps : ca727d20-8c29-11eb-8a2b-000d3a74c7de,SWG Camera Traps : 0b9f96ca-8c2a-11eb-872f-000d3a74c7de,SWG Camera Traps : loc_0393,0,leopard cat,05-04-2020 03:59:21,4,val
https://storage.googleapis.com/public-datasets-lila/swg-camera-traps/public/lao/loc_0393/2020/05/image_00074.jpg,SWG Camera Traps : ca727d21-8c29-11eb-810c-000d3a74c7de,SWG Camera Traps : 0b9f96ca-8c2a-11eb-872f-000d3a74c7de,SWG Camera Traps : loc_0393,1,leopard cat,05-04-2020 03:59:23,4,val
https://storage.googleapis.com/public-datasets-lila/swg-camera-traps/public/lao/loc_0393/2020/05/image_00075.jpg,SWG Camera Traps : ca727d22-8c29-11eb-b0d2-000d3a74c7de,SWG Camera Traps : 0b9f96ca-8c2a-11eb-872f-000d3a74c7de,SWG Camera Traps : loc_0393,2,leopard cat,05-04-2020 03:59:26,4,val
https://storage.googleapis.com/public-datasets-lila/swg-camera-traps/public/lao/loc_0393/2020/05/image_00076.jpg,SWG Camera Traps : ca727d23-8c29-11eb-b9c5-000d3a74c7de,SWG Camera Traps : 0b9f96ca-8c2a-11eb-872f-000d3a74c7de,SWG Camera Traps : loc_0393,3,leopard cat,05-04-2020 03:59:28,4,val
https://storage.googleapis.com/public-datasets-lila/swg-camera-traps/public/lao/loc_0447/2020/04/image_00055.jpg,SWG Camera Traps : cb1bcd41-8c29-11eb-b3c1-000d3a74c7de,SWG Camera Traps : 235e7311-8c2a-11eb-8631-000d3a74c7de,SWG Camera Traps : loc_0447,0,leopard cat,04-04-2020 05:54:14,4,val
https://storage.googleapis.com/public-datasets-lila/swg-camera-traps/public/lao/loc_0447/2020/04/image_00056.jpg,SWG Camera Traps : cb1bcd42-8c29-11eb-b22d-000d3a74c7de,SWG Camera Traps : 235e7311-8c2a-11eb-8631-000d3a74c7de,SWG Camera Traps : loc_0447,1,leopard cat,04-04-2020 05:54:16,4,val
https://storage.googleapis.com/public-datasets-lila/swg-camera-traps/public/lao/loc_0447/2020/04/image_00057.jpg,SWG Camera Traps : cb1bcd43-8c29-11eb-9def-000d3a74c7de,SWG Camera Traps : 235e7311-8c2a-11eb-8631-000d3a74c7de,SWG Camera Traps : loc_0447,2,leopard cat,04-04-2020 05:54:16,4,val
https://storage.googleapis.com/public-datasets-lila/swg-camera-traps/public/lao/loc_0447/2020/04/image_00058.jpg,SWG Camera Traps : cb1bcd44-8c29-11eb-9d8a-000d3a74c7de,SWG Camera Traps : 235e7311-8c2a-11eb-8631-000d3a74c7de,SWG Camera Traps : loc_0447,3,leopard cat,04-04-2020 05:54:17,4,val
https://storage.googleapis.com/public-datasets-lila/swg-camera-traps/public/lao/loc_0447/2020/04/image_00059.jpg,SWG Camera Traps : cb1bcd45-8c29-11eb-a9d6-000d3a74c7de,SWG Camera Traps : 235e7311-8c2a-11eb-8631-000d3a74c7de,SWG Camera Traps : loc_0447,4,leopard cat,04-04-2020 05:54:17,4,val
https://storage.googleapis.com/public-datasets-lila/swg-camera-traps/public/lao/loc_0447/2020/04/image_00060.jpg,SWG Camera Traps : cb1bcd46-8c29-11eb-8819-000d3a74c7de,SWG Camera Traps : 235e7311-8c2a-11eb-8631-000d3a74c7de,SWG Camera Traps : loc_0447,5,leopard cat,04-04-2020 05:54:18,4,val
https://storage.googleapis.com/public-datasets-lila/swg-camera-traps/public/lao/loc_0447/2020/04/image_00061.jpg,SWG Camera Traps : cb1bcd47-8c29-11eb-8865-000d3a74c7de,SWG Camera Traps : 235e7311-8c2a-11eb-8631-000d3a74c7de,SWG Camera Traps : loc_0447,6,leopard cat,04-04-2020 05:54:19,4,val
https://storage.googleapis.com/public-datasets-lila/swg-camera-traps/public/lao/loc_0447/2020/04/image_00062.jpg,SWG Camera Traps : cb1bcd48-8c29-11eb-ade8-000d3a74c7de,SWG Camera Traps : 235e7311-8c2a-11eb-8631-000d3a74c7de,SWG Camera Traps : loc_0447,7,leopard cat,04-04-2020 05:54:20,4,val
https://storage.googleapis.com/public-datasets-lila/swg-camera-traps/public/lao/loc_0447/2020/04/image_00063.jpg,SWG Camera Traps : cb1bcd49-8c29-11eb-9519-000d3a74c7de,SWG Camera Traps : 235e7311-8c2a-11eb-8631-000d3a74c7de,SWG Camera Traps : loc_0447,8,leopard cat,04-04-2020 05:54:22,4,val
https://storage.googleapis.com/public-datasets-lila/swg-camera-traps/public/lao/loc_0510/2020/07/image_00376.jpg,SWG Camera Traps : cc1fa3f0-8c29-11eb-b071-000d3a74c7de,SWG Camera Traps : e59ad956-8c29-11eb-937d-000d3a74c7de,SWG Camera Traps : loc_0510,0,leopard cat,07-30-2020 19:54:51,4,train
https://storage.googleapis.com/public-datasets-lila/swg-camera-traps/public/lao/loc_0510/2020/07/image_00377.jpg,SWG Camera Traps : cc1fa3f1-8c29-11eb-9b3c-000d3a74c7de,SWG Camera Traps : e59ad956-8c29-11eb-937d-000d3a74c7de,SWG Camera Traps : loc_0510,1,leopard cat,07-30-2020 19:54:51,4,train
https://storage.googleapis.com/public-datasets-lila/swg-camera-traps/public/lao/loc_0510/2020/07/image_00378.jpg,SWG Camera Traps : cc1fa3f2-8c29-11eb-a1e2-000d3a74c7de,SWG Camera Traps : e59ad956-8c29-11eb-937d-000d3a74c7de,SWG Camera Traps : loc_0510,2,leopard cat,07-30-2020 19:54:52,4,train
https://storage.googleapis.com/public-datasets-lila/swg-camera-traps/public/lao/loc_0510/2020/07/image_00379.jpg,SWG Camera Traps : cc1fa3f3-8c29-11eb-b432-000d3a74c7de,SWG Camera Traps : e59ad956-8c29-11eb-937d-000d3a74c7de,SWG Camera Traps : loc_0510,3,leopard cat,07-30-2020 19:54:52,4,train
https://storage.googleapis.com/public-datasets-lila/swg-camera-traps/public/lao/loc_0510/2020/07/image_00380.jpg,SWG Camera Traps : cc1fa3f4-8c29-11eb-ab43-000d3a74c7de,SWG Camera Traps : e59ad956-8c29-11eb-937d-000d3a74c7de,SWG Camera Traps : loc_0510,4,leopard cat,07-30-2020 19:54:53,4,train
https://storage.googleapis.com/public-datasets-lila/swg-camera-traps/public/lao/loc_0510/2020/07/image_00381.jpg,SWG Camera Traps : cc1fa3f5-8c29-11eb-9033-000d3a74c7de,SWG Camera Traps : e59ad956-8c29-11eb-937d-000d3a74c7de,SWG Camera Traps : loc_0510,5,leopard cat,07-30-2020 19:54:54,4,train
https://storage.googleapis.com/public-datasets-lila/swg-camera-traps/public/lao/loc_0510/2020/07/image_00382.jpg,SWG Camera Traps : cc1fa3f6-8c29-11eb-9344-000d3a74c7de,SWG Camera Traps : e59ad956-8c29-11eb-937d-000d3a74c7de,SWG Camera Traps : loc_0510,6,leopard cat,07-30-2020 19:54:54,4,train
https://storage.googleapis.com/public-datasets-lila/swg-camera-traps/public/lao/loc_0510/2020/07/image_00383.jpg,SWG Camera Traps : cc1fa3f7-8c29-11eb-9191-000d3a74c7de,SWG Camera Traps : e59ad956-8c29-11eb-937d-000d3a74c7de,SWG Camera Traps : loc_0510,7,leopard cat,07-30-2020 19:54:55,4,train
https://storage.googleapis.com/public-datasets-lila/swg-camera-traps/public/lao/loc_0544/2020/05/image_00054.jpg,SWG Camera Traps : cce0c78c-8c29-11eb-88a0-000d3a74c7de,SWG Camera Traps : f700b5fd-8c29-11eb-81b8-000d3a74c7de,SWG Camera Traps : loc_0544,0,leopard cat,05-19-2020 05:19:03,4,train
https://storage.googleapis.com/public-datasets-lila/swg-camera-traps/public/lao/loc_0544/2020/05/image_00055.jpg,SWG Camera Traps : cce0c78d-8c29-11eb-a7d8-000d3a74c7de,SWG Camera Traps : f700b5fd-8c29-11eb-81b8-000d3a74c7de,SWG Camera Traps : loc_0544,1,leopard cat,05-19-2020 05:19:04,4,train
https://storage.googleapis.com/public-datasets-lila/swg-camera-traps/public/lao/loc_0544/2020/05/image_00056.jpg,SWG Camera Traps : cce0c78e-8c29-11eb-9162-000d3a74c7de,SWG Camera Traps : f700b5fd-8c29-11eb-81b8-000d3a74c7de,SWG Camera Traps : loc_0544,2,leopard cat,05-19-2020 05:19:05,4,train
https://storage.googleapis.com/public-datasets-lila/swg-camera-traps/public/lao/loc_0544/2020/05/image_00057.jpg,SWG Camera Traps : cce0c78f-8c29-11eb-b777-000d3a74c7de,SWG Camera Traps : f700b5fd-8c29-11eb-81b8-000d3a74c7de,SWG Camera Traps : loc_0544,3,leopard cat,05-19-2020 05:19:05,4,train
https://storage.googleapis.com/public-datasets-lila/swg-camera-traps/public/lao/loc_0544/2020/05/image_00058.jpg,SWG Camera Traps : cce0c790-8c29-11eb-802a-000d3a74c7de,SWG Camera Traps : f700b5fd-8c29-11eb-81b8-000d3a74c7de,SWG Camera Traps : loc_0544,4,leopard cat,05-19-2020 05:19:06,4,train
https://storage.googleapis.com/public-datasets-lila/swg-camera-traps/public/lao/loc_0544/2020/05/image_00059.jpg,SWG Camera Traps : cce0c791-8c29-11eb-82eb-000d3a74c7de,SWG Camera Traps : f700b5fd-8c29-11eb-81b8-000d3a74c7de,SWG Camera Traps : loc_0544,5,leopard cat,05-19-2020 05:19:07,4,train
https://storage.googleapis.com/public-datasets-lila/swg-camera-traps/public/lao/loc_0544/2020/05/image_00060.jpg,SWG Camera Traps : cce0c792-8c29-11eb-9801-000d3a74c7de,SWG Camera Traps : f700b5fd-8c29-11eb-81b8-000d3a74c7de,SWG Camera Traps : loc_0544,6,leopard cat,05-19-2020 05:19:09,4,train
https://storage.googleapis.com/public-datasets-lila/swg-camera-traps/public/lao/loc_0544/2020/05/image_00061.jpg,SWG Camera Traps : cce0c793-8c29-11eb-aac6-000d3a74c7de,SWG Camera Traps : f700b5fd-8c29-11eb-81b8-000d3a74c7de,SWG Camera Traps : loc_0544,7,leopard cat,05-19-2020 05:19:10,4,train
https://storage.googleapis.com/public-datasets-lila/swg-camera-traps/public/lao/loc_0544/2020/05/image_00062.jpg,SWG Camera Traps : cce0c794-8c29-11eb-8e6d-000d3a74c7de,SWG Camera Traps : f700b5fd-8c29-11eb-81b8-000d3a74c7de,SWG Camera Traps : loc_0544,8,leopard cat,05-19-2020 05:19:10,4,train
https://storage.googleapis.com/public-datasets-lila/swg-camera-traps/public/lao/loc_0544/2020/05/image_00063.jpg,SWG Camera Traps : cce0c795-8c29-11eb-8de7-000d3a74c7de,SWG Camera Traps : f700b5fd-8c29-11eb-81b8-000d3a74c7de,SWG Camera Traps : loc_0544,9,leopard cat,05-19-2020 05:19:11,4,train
https://storage.googleapis.com/public-datasets-lila/swg-camera-traps/public/lao/loc_0544/2020/05/image_00064.jpg,SWG Camera Traps : cce0c796-8c29-11eb-b733-000d3a74c7de,SWG Camera Traps : f700b5fd-8c29-11eb-81b8-000d3a74c7de,SWG Camera Traps : loc_0544,10,leopard cat,05-19-2020 05:19:12,4,train
https://storage.googleapis.com/public-datasets-lila/swg-camera-traps/public/lao/loc_0544/2020/05/image_00065.jpg,SWG Camera Traps : cce0c797-8c29-11eb-8772-000d3a74c7de,SWG Camera Traps : f700b5fd-8c29-11eb-81b8-000d3a74c7de,SWG Camera Traps : loc_0544,11,leopard cat,05-19-2020 05:19:12,4,train
https://storage.googleapis.com/public-datasets-lila/swg-camera-traps/public/lao/loc_0544/2020/05/image_00066.jpg,SWG Camera Traps : cce0c798-8c29-11eb-ba33-000d3a74c7de,SWG Camera Traps : f700b5fd-8c29-11eb-81b8-000d3a74c7de,SWG Camera Traps : loc_0544,12,leopard cat,05-19-2020 05:19:13,4,train
https://storage.googleapis.com/public-datasets-lila/swg-camera-traps/public/lao/loc_0544/2020/05/image_00067.jpg,SWG Camera Traps : cce0c799-8c29-11eb-a715-000d3a74c7de,SWG Camera Traps : f700b5fd-8c29-11eb-81b8-000d3a74c7de,SWG Camera Traps : loc_0544,13,leopard cat,05-19-2020 05:19:14,4,train
https://storage.googleapis.com/public-datasets-lila/swg-camera-traps/public/lao/loc_0544/2020/05/image_00068.jpg,SWG Camera Traps : cce0c79a-8c29-11eb-b43d-000d3a74c7de,SWG Camera Traps : f700b5fd-8c29-11eb-81b8-000d3a74c7de,SWG Camera Traps : loc_0544,14,leopard cat,05-19-2020 05:19:15,4,train
https://storage.googleapis.com/public-datasets-lila/swg-camera-traps/public/lao/loc_0544/2020/05/image_00069.jpg,SWG Camera Traps : cce0c79b-8c29-11eb-8228-000d3a74c7de,SWG Camera Traps : f700b5fd-8c29-11eb-81b8-000d3a74c7de,SWG Camera Traps : loc_0544,15,leopard cat,05-19-2020 05:19:15,4,train
https://storage.googleapis.com/public-datasets-lila/swg-camera-traps/public/lao/loc_0544/2020/05/image_00070.jpg,SWG Camera Traps : cce0c79c-8c29-11eb-8391-000d3a74c7de,SWG Camera Traps : f700b5fd-8c29-11eb-81b8-000d3a74c7de,SWG Camera Traps : loc_0544,16,leopard cat,05-19-2020 05:19:16,4,train
https://storage.googleapis.com/public-datasets-lila/swg-camera-traps/public/lao/loc_0544/2020/05/image_00071.jpg,SWG Camera Traps : cce0c79d-8c29-11eb-acb2-000d3a74c7de,SWG Camera Traps : f700b5fd-8c29-11eb-81b8-000d3a74c7de,SWG Camera Traps : loc_0544,17,leopard cat,05-19-2020 05:19:17,4,train
https://storage.googleapis.com/public-datasets-lila/swg-camera-traps/public/lao/loc_0544/2020/05/image_00072.jpg,SWG Camera Traps : cce0c79e-8c29-11eb-9750-000d3a74c7de,SWG Camera Traps : f700b5fd-8c29-11eb-81b8-000d3a74c7de,SWG Camera Traps : loc_0544,18,leopard cat,05-19-2020 05:19:17,4,train
https://storage.googleapis.com/public-datasets-lila/swg-camera-traps/public/lao/loc_0545/2020/05/image_00078.jpg,SWG Camera Traps : cce5886b-8c29-11eb-adbc-000d3a74c7de,SWG Camera Traps : e23e2e61-8c29-11eb-925c-000d3a74c7de,SWG Camera Traps : loc_0545,0,leopard cat,05-19-2020 18:15:57,4,train
https://storage.googleapis.com/public-datasets-lila/swg-camera-traps/public/lao/loc_0545/2020/05/image_00079.jpg,SWG Camera Traps : cce5886c-8c29-11eb-b2c2-000d3a74c7de,SWG Camera Traps : e23e2e61-8c29-11eb-925c-000d3a74c7de,SWG Camera Traps : loc_0545,1,leopard cat,05-19-2020 18:15:58,4,train
https://storage.googleapis.com/public-datasets-lila/swg-camera-traps/public/lao/loc_0545/2020/05/image_00080.jpg,SWG Camera Traps : cce5886d-8c29-11eb-8de0-000d3a74c7de,SWG Camera Traps : e23e2e61-8c29-11eb-925c-000d3a74c7de,SWG Camera Traps : loc_0545,2,leopard cat,05-19-2020 18:15:58,4,train
https://storage.googleapis.com/public-datasets-lila/swg-camera-traps/public/lao/loc_0545/2020/05/image_00081.jpg,SWG Camera Traps : cce5886e-8c29-11eb-b3dd-000d3a74c7de,SWG Camera Traps : e23e2e61-8c29-11eb-925c-000d3a74c7de,SWG Camera Traps : loc_0545,3,leopard cat,05-19-2020 18:15:59,4,train
https://storage.googleapis.com/public-datasets-lila/swg-camera-traps/public/lao/loc_0545/2020/05/image_00082.jpg,SWG Camera Traps : cce5886f-8c29-11eb-8d76-000d3a74c7de,SWG Camera Traps : e23e2e61-8c29-11eb-925c-000d3a74c7de,SWG Camera Traps : loc_0545,4,leopard cat,05-19-2020 18:16:00,4,train
https://storage.googleapis.com/public-datasets-lila/swg-camera-traps/public/lao/loc_0545/2020/05/image_00083.jpg,SWG Camera Traps : cce58870-8c29-11eb-95b6-000d3a74c7de,SWG Camera Traps : e23e2e61-8c29-11eb-925c-000d3a74c7de,SWG Camera Traps : loc_0545,5,leopard cat,05-19-2020 18:16:00,4,train
https://storage.googleapis.com/public-datasets-lila/swg-camera-traps/public/lao/loc_0545/2020/05/image_00084.jpg,SWG Camera Traps : cce58871-8c29-11eb-9cdd-000d3a74c7de,SWG Camera Traps : e23e2e61-8c29-11eb-925c-000d3a74c7de,SWG Camera Traps : loc_0545,6,leopard cat,05-19-2020 18:16:01,4,train
https://storage.googleapis.com/public-datasets-lila/swg-camera-traps/public/lao/loc_0545/2020/05/image_00085.jpg,SWG Camera Traps : cce58872-8c29-11eb-96f6-000d3a74c7de,SWG Camera Traps : e23e2e61-8c29-11eb-925c-000d3a74c7de,SWG Camera Traps : loc_0545,7,leopard cat,05-19-2020 18:16:02,4,train
https://storage.googleapis.com/public-datasets-lila/swg-camera-traps/public/lao/loc_0545/2020/05/image_00086.jpg,SWG Camera Traps : cce58873-8c29-11eb-a635-000d3a74c7de,SWG Camera Traps : e23e2e61-8c29-11eb-925c-000d3a74c7de,SWG Camera Traps : loc_0545,8,leopard cat,05-19-2020 18:16:02,4,train
https://storage.googleapis.com/public-datasets-lila/swg-camera-traps/public/lao/loc_0545/2020/05/image_00087.jpg,SWG Camera Traps : cce58874-8c29-11eb-866b-000d3a74c7de,SWG Camera Traps : e23e2e61-8c29-11eb-925c-000d3a74c7de,SWG Camera Traps : loc_0545,9,leopard cat,05-19-2020 18:16:03,4,train
https://storage.googleapis.com/public-datasets-lila/swg-camera-traps/public/lao/loc_0545/2020/05/image_00088.jpg,SWG Camera Traps : cce58875-8c29-11eb-82cb-000d3a74c7de,SWG Camera Traps : e23e2e61-8c29-11eb-925c-000d3a74c7de,SWG Camera Traps : loc_0545,10,leopard cat,05-19-2020 18:16:04,4,train
https://storage.googleapis.com/public-datasets-lila/swg-camera-traps/public/lao/loc_0545/2020/05/image_00089.jpg,SWG Camera Traps : cce58876-8c29-11eb-a744-000d3a74c7de,SWG Camera Traps : e23e2e61-8c29-11eb-925c-000d3a74c7de,SWG Camera Traps : loc_0545,11,leopard cat,05-19-2020 18:16:06,4,train
https://storage.googleapis.com/public-datasets-lila/swg-camera-traps/public/lao/loc_0545/2020/05/image_00090.jpg,SWG Camera Traps : cce58877-8c29-11eb-83e3-000d3a74c7de,SWG Camera Traps : e23e2e61-8c29-11eb-925c-000d3a74c7de,SWG Camera Traps : loc_0545,12,leopard cat,05-19-2020 18:16:07,4,train
https://storage.googleapis.com/public-datasets-lila/swg-camera-traps/public/lao/loc_0545/2020/05/image_00091.jpg,SWG Camera Traps : cce58878-8c29-11eb-84d4-000d3a74c7de,SWG Camera Traps : e23e2e61-8c29-11eb-925c-000d3a74c7de,SWG Camera Traps : loc_0545,13,leopard cat,05-19-2020 18:16:09,4,train
https://storage.googleapis.com/public-datasets-lila/swg-camera-traps/public/lao/loc_0545/2020/05/image_00092.jpg,SWG Camera Traps : cce58879-8c29-11eb-91cc-000d3a74c7de,SWG Camera Traps : e23e2e61-8c29-11eb-925c-000d3a74c7de,SWG Camera Traps : loc_0545,14,leopard cat,05-19-2020 18:16:09,4,train
https://storage.googleapis.com/public-datasets-lila/swg-camera-traps/public/lao/loc_0545/2020/05/image_00093.jpg,SWG Camera Traps : cce5887a-8c29-11eb-83e0-000d3a74c7de,SWG Camera Traps : e23e2e61-8c29-11eb-925c-000d3a74c7de,SWG Camera Traps : loc_0545,15,leopard cat,05-19-2020 18:16:10,4,train
https://storage.googleapis.com/public-datasets-lila/swg-camera-traps/public/lao/loc_0545/2020/05/image_00094.jpg,SWG Camera Traps : cce5887b-8c29-11eb-8e9f-000d3a74c7de,SWG Camera Traps : e23e2e61-8c29-11eb-925c-000d3a74c7de,SWG Camera Traps : loc_0545,16,leopard cat,05-19-2020 18:16:11,4,train
https://storage.googleapis.com/public-datasets-lila/swg-camera-traps/public/lao/loc_0545/2020/05/image_00095.jpg,SWG Camera Traps : cce5887c-8c29-11eb-a061-000d3a74c7de,SWG Camera Traps : e23e2e61-8c29-11eb-925c-000d3a74c7de,SWG Camera Traps : loc_0545,17,leopard cat,05-19-2020 18:16:12,4,train
https://storage.googleapis.com/public-datasets-lila/swg-camera-traps/public/lao/loc_0545/2020/05/image_00096.jpg,SWG Camera Traps : cce5887d-8c29-11eb-8ff0-000d3a74c7de,SWG Camera Traps : e23e2e61-8c29-11eb-925c-000d3a74c7de,SWG Camera Traps : loc_0545,18,leopard cat,05-19-2020 18:16:13,4,train
https://storage.googleapis.com/public-datasets-lila/swg-camera-traps/public/lao/loc_0545/2020/05/image_00097.jpg,SWG Camera Traps : cce5887e-8c29-11eb-9ee1-000d3a74c7de,SWG Camera Traps : e23e2e61-8c29-11eb-925c-000d3a74c7de,SWG Camera Traps : loc_0545,19,leopard cat,05-19-2020 18:16:13,4,train
https://storage.googleapis.com/public-datasets-lila/swg-camera-traps/public/lao/loc_0545/2020/07/image_00226.jpg,SWG Camera Traps : cce5887f-8c29-11eb-8034-000d3a74c7de,SWG Camera Traps : e240932f-8c29-11eb-aa09-000d3a74c7de,SWG Camera Traps : loc_0545,0,leopard cat,07-15-2020 08:04:07,4,train
https://storage.googleapis.com/public-datasets-lila/swg-camera-traps/public/lao/loc_0545/2020/07/image_00227.jpg,SWG Camera Traps : cce58880-8c29-11eb-a6f5-000d3a74c7de,SWG Camera Traps : e240932f-8c29-11eb-aa09-000d3a74c7de,SWG Camera Traps : loc_0545,1,leopard cat,07-15-2020 08:04:08,4,train
https://storage.googleapis.com/public-datasets-lila/swg-camera-traps/public/lao/loc_0545/2020/07/image_00228.jpg,SWG Camera Traps : cce58881-8c29-11eb-b498-000d3a74c7de,SWG Camera Traps : e240932f-8c29-11eb-aa09-000d3a74c7de,SWG Camera Traps : loc_0545,2,leopard cat,07-15-2020 08:04:09,4,train
https://storage.googleapis.com/public-datasets-lila/swg-camera-traps/public/lao/loc_0561/2020/05/image_00055.jpg,SWG Camera Traps : cd0e19d2-8c29-11eb-b20e-000d3a74c7de,SWG Camera Traps : 3b1e4b8c-8c2a-11eb-8703-000d3a74c7de,SWG Camera Traps : loc_0561,0,leopard cat,05-04-2020 01:48:18,4,train
https://storage.googleapis.com/public-datasets-lila/swg-camera-traps/public/lao/loc_0561/2020/05/image_00056.jpg,SWG Camera Traps : cd0e19d3-8c29-11eb-8a2f-000d3a74c7de,SWG Camera Traps : 3b1e4b8c-8c2a-11eb-8703-000d3a74c7de,SWG Camera Traps : loc_0561,1,leopard cat,05-04-2020 01:48:19,4,train
https://storage.googleapis.com/public-datasets-lila/swg-camera-traps/public/lao/loc_0561/2020/05/image_00057.jpg,SWG Camera Traps : cd0e19d4-8c29-11eb-939d-000d3a74c7de,SWG Camera Traps : 3b1e4b8c-8c2a-11eb-8703-000d3a74c7de,SWG Camera Traps : loc_0561,2,leopard cat,05-04-2020 01:48:20,4,train
https://storage.googleapis.com/public-datasets-lila/swg-camera-traps/public/lao/loc_0561/2020/05/image_00058.jpg,SWG Camera Traps : cd0e19d5-8c29-11eb-9968-000d3a74c7de,SWG Camera Traps : 3b1e4b8c-8c2a-11eb-8703-000d3a74c7de,SWG Camera Traps : loc_0561,3,leopard cat,05-04-2020 01:48:21,4,train
https://storage.googleapis.com/public-datasets-lila/swg-camera-traps/public/lao/loc_0561/2020/05/image_00059.jpg,SWG Camera Traps : cd0e19d6-8c29-11eb-9f06-000d3a74c7de,SWG Camera Traps : 3b1e4b8c-8c2a-11eb-8703-000d3a74c7de,SWG Camera Traps : loc_0561,4,leopard cat,05-04-2020 01:48:22,4,train
https://storage.googleapis.com/public-datasets-lila/swg-camera-traps/public/lao/loc_0561/2020/05/image_00060.jpg,SWG Camera Traps : cd0e19d7-8c29-11eb-8f3a-000d3a74c7de,SWG Camera Traps : 3b1e4b8c-8c2a-11eb-8703-000d3a74c7de,SWG Camera Traps : loc_0561,5,leopard cat,05-04-2020 01:48:23,4,train
https://storage.googleapis.com/public-datasets-lila/swg-camera-traps/public/lao/loc_0561/2020/05/image_00061.jpg,SWG Camera Traps : cd0e19d8-8c29-11eb-becc-000d3a74c7de,SWG Camera Traps : 3b1e4b8c-8c2a-11eb-8703-000d3a74c7de,SWG Camera Traps : loc_0561,6,leopard cat,05-04-2020 01:48:23,4,train
https://storage.googleapis.com/public-datasets-lila/swg-camera-traps/public/lao/loc_0561/2020/05/image_00062.jpg,SWG Camera Traps : cd0e19d9-8c29-11eb-960d-000d3a74c7de,SWG Camera Traps : 3b1e4b8c-8c2a-11eb-8703-000d3a74c7de,SWG Camera Traps : loc_0561,7,leopard cat,05-04-2020 01:48:25,4,train
https://storage.googleapis.com/public-datasets-lila/swg-camera-traps/public/lao/loc_0561/2020/05/image_00063.jpg,SWG Camera Traps : cd0e19da-8c29-11eb-850d-000d3a74c7de,SWG Camera Traps : 3b1e4b8c-8c2a-11eb-8703-000d3a74c7de,SWG Camera Traps : loc_0561,8,leopard cat,05-04-2020 01:48:27,4,train
https://storage.googleapis.com/public-datasets-lila/swg-camera-traps/public/lao/loc_0561/2020/07/image_00052.jpg,SWG Camera Traps : cd0e19db-8c29-11eb-b98b-000d3a74c7de,SWG Camera Traps : 3b1e4bda-8c2a-11eb-a3f5-000d3a74c7de,SWG Camera Traps : loc_0561,0,leopard cat,07-09-2020 03:27:07,4,train
https://storage.googleapis.com/public-datasets-lila/swg-camera-traps/public/lao/loc_0093/2018/12/image_00094.jpg,SWG Camera Traps : cf301394-8c29-11eb-82b2-000d3a74c7de,SWG Camera Traps : 31fdbb24-8c2a-11eb-95c6-000d3a74c7de,SWG Camera Traps : loc_0093,0,leopard cat,12-26-2018 06:29:46,4,test
https://storage.googleapis.com/public-datasets-lila/swg-camera-traps/public/lao/loc_0093/2018/12/image_00095.jpg,SWG Camera Traps : cf301395-8c29-11eb-ac44-000d3a74c7de,SWG Camera Traps : 31fdbb24-8c2a-11eb-95c6-000d3a74c7de,SWG Camera Traps : loc_0093,1,leopard cat,12-26-2018 06:29:48,4,test
https://storage.googleapis.com/public-datasets-lila/swg-camera-traps/public/lao/loc_0093/2018/12/image_00096.jpg,SWG Camera Traps : cf301396-8c29-11eb-8ca5-000d3a74c7de,SWG Camera Traps : 31fdbb24-8c2a-11eb-95c6-000d3a74c7de,SWG Camera Traps : loc_0093,2,leopard cat,12-26-2018 06:29:51,4,test
https://storage.googleapis.com/public-datasets-lila/swg-camera-traps/public/lao/loc_0093/2018/12/image_00097.jpg,SWG Camera Traps : cf301397-8c29-11eb-b6a6-000d3a74c7de,SWG Camera Traps : 31fdbb24-8c2a-11eb-95c6-000d3a74c7de,SWG Camera Traps : loc_0093,3,leopard cat,12-26-2018 06:29:53,4,test
https://storage.googleapis.com/public-datasets-lila/swg-camera-traps/public/lao/loc_0280/2018/12/image_00078.jpg,SWG Camera Traps : d1e5d960-8c29-11eb-a3f1-000d3a74c7de,SWG Camera Traps : 1cbf4580-8c2a-11eb-9b1c-000d3a74c7de,SWG Camera Traps : loc_0280,0,leopard cat,12-28-2018 17:53:53,4,train
https://storage.googleapis.com/public-datasets-lila/swg-camera-traps/public/lao/loc_0280/2018/12/image_00079.jpg,SWG Camera Traps : d1e5d961-8c29-11eb-8cbb-000d3a74c7de,SWG Camera Traps : 1cbf4580-8c2a-11eb-9b1c-000d3a74c7de,SWG Camera Traps : loc_0280,1,leopard cat,12-28-2018 17:53:54,4,train
https://storage.googleapis.com/public-datasets-lila/swg-camera-traps/public/lao/loc_0280/2018/12/image_00080.jpg,SWG Camera Traps : d1e5d962-8c29-11eb-84b9-000d3a74c7de,SWG Camera Traps : 1cbf4580-8c2a-11eb-9b1c-000d3a74c7de,SWG Camera Traps : loc_0280,2,leopard cat,12-28-2018 17:53:55,4,train
https://storage.googleapis.com/public-datasets-lila/swg-camera-traps/public/lao/loc_0280/2018/12/image_00081.jpg,SWG Camera Traps : d1e5d963-8c29-11eb-a6e9-000d3a74c7de,SWG Camera Traps : 1cbf4580-8c2a-11eb-9b1c-000d3a74c7de,SWG Camera Traps : loc_0280,3,leopard cat,12-28-2018 17:53:55,4,train
https://storage.googleapis.com/public-datasets-lila/swg-camera-traps/public/lao/loc_0280/2018/12/image_00082.jpg,SWG Camera Traps : d1e5d964-8c29-11eb-b169-000d3a74c7de,SWG Camera Traps : 1cbf4580-8c2a-11eb-9b1c-000d3a74c7de,SWG Camera Traps : loc_0280,4,leopard cat,12-28-2018 17:53:56,4,train
https://storage.googleapis.com/public-datasets-lila/swg-camera-traps/public/lao/loc_0608/2019/10/image_00123.jpg,SWG Camera Traps : d319691b-8c29-11eb-b0a8-000d3a74c7de,SWG Camera Traps : 0933b663-8c2a-11eb-9752-000d3a74c7de,SWG Camera Traps : loc_0608,0,leopard cat,10-23-2019 01:17:03,4,train
https://storage.googleapis.com/public-datasets-lila/swg-camera-traps/public/lao/loc_0608/2019/10/image_00124.jpg,SWG Camera Traps : d319691c-8c29-11eb-8074-000d3a74c7de,SWG Camera Traps : 0933b663-8c2a-11eb-9752-000d3a74c7de,SWG Camera Traps : loc_0608,2,leopard cat,10-23-2019 01:17:04,4,train
https://storage.googleapis.com/public-datasets-lila/swg-camera-traps/public/lao/loc_0608/2019/10/image_00125.jpg,SWG Camera Traps : d319691d-8c29-11eb-b2f0-000d3a74c7de,SWG Camera Traps : 0933b663-8c2a-11eb-9752-000d3a74c7de,SWG Camera Traps : loc_0608,4,leopard cat,10-23-2019 01:17:05,4,train
https://storage.googleapis.com/public-datasets-lila/swg-camera-traps/public/lao/loc_0608/2019/10/image_00126.jpg,SWG Camera Traps : d319691e-8c29-11eb-89d1-000d3a74c7de,SWG Camera Traps : 0933b664-8c2a-11eb-b8c5-000d3a74c7de,SWG Camera Traps : loc_0608,0,leopard cat,10-23-2019 01:17:27,4,train
https://storage.googleapis.com/public-datasets-lila/swg-camera-traps/public/lao/loc_0608/2019/10/image_00127.jpg,SWG Camera Traps : d319691f-8c29-11eb-b955-000d3a74c7de,SWG Camera Traps : 0933b664-8c2a-11eb-b8c5-000d3a74c7de,SWG Camera Traps : loc_0608,2,leopard cat,10-23-2019 01:17:29,4,train
https://storage.googleapis.com/public-datasets-lila/swg-camera-traps/public/lao/loc_0608/2019/10/image_00128.jpg,SWG Camera Traps : d3196920-8c29-11eb-a5f1-000d3a74c7de,SWG Camera Traps : 0933b664-8c2a-11eb-b8c5-000d3a74c7de,SWG Camera Traps : loc_0608,4,leopard cat,10-23-2019 01:17:30,4,train
https://storage.googleapis.com/public-datasets-lila/swg-camera-traps/public/lao/loc_0608/2019/10/image_00129.jpg,SWG Camera Traps : d3196921-8c29-11eb-9c69-000d3a74c7de,SWG Camera Traps : 0933b664-8c2a-11eb-b8c5-000d3a74c7de,SWG Camera Traps : loc_0608,6,leopard cat,10-23-2019 01:17:34,4,train
https://storage.googleapis.com/public-datasets-lila/swg-camera-traps/public/lao/loc_0608/2019/10/image_00130.jpg,SWG Camera Traps : d3196922-8c29-11eb-b2b4-000d3a74c7de,SWG Camera Traps : 0933b664-8c2a-11eb-b8c5-000d3a74c7de,SWG Camera Traps : loc_0608,8,leopard cat,10-23-2019 01:17:36,4,train
https://storage.googleapis.com/public-datasets-lila/swg-camera-traps/public/lao/loc_0608/2019/10/image_00131.jpg,SWG Camera Traps : d3196923-8c29-11eb-b2cb-000d3a74c7de,SWG Camera Traps : 0933b664-8c2a-11eb-b8c5-000d3a74c7de,SWG Camera Traps : loc_0608,10,leopard cat,10-23-2019 01:17:37,4,train
https://storage.googleapis.com/public-datasets-lila/swg-camera-traps/public/lao/loc_0608/2019/10/image_00132.jpg,SWG Camera Traps : d3196924-8c29-11eb-9e77-000d3a74c7de,SWG Camera Traps : 0933b664-8c2a-11eb-b8c5-000d3a74c7de,SWG Camera Traps : loc_0608,12,leopard cat,10-23-2019 01:17:46,4,train
https://storage.googleapis.com/public-datasets-lila/swg-camera-traps/public/lao/loc_0608/2019/10/image_00133.jpg,SWG Camera Traps : d3196925-8c29-11eb-b211-000d3a74c7de,SWG Camera Traps : 0933b664-8c2a-11eb-b8c5-000d3a74c7de,SWG Camera Traps : loc_0608,13,leopard cat,10-23-2019 01:17:48,4,train
https://storage.googleapis.com/public-datasets-lila/swg-camera-traps/public/lao/loc_0608/2019/10/image_00134.jpg,SWG Camera Traps : d3196926-8c29-11eb-8717-000d3a74c7de,SWG Camera Traps : 0933b664-8c2a-11eb-b8c5-000d3a74c7de,SWG Camera Traps : loc_0608,14,leopard cat,10-23-2019 01:17:49,4,train
https://storage.googleapis.com/public-datasets-lila/swg-camera-traps/public/lao/loc_0608/2019/10/image_00135.jpg,SWG Camera Traps : d3196927-8c29-11eb-b3ec-000d3a74c7de,SWG Camera Traps : 0933b664-8c2a-11eb-b8c5-000d3a74c7de,SWG Camera Traps : loc_0608,15,leopard cat,10-23-2019 01:17:52,4,train
https://storage.googleapis.com/public-datasets-lila/swg-camera-traps/public/lao/loc_0608/2019/10/image_00136.jpg,SWG Camera Traps : d3196928-8c29-11eb-9fa1-000d3a74c7de,SWG Camera Traps : 0933b664-8c2a-11eb-b8c5-000d3a74c7de,SWG Camera Traps : loc_0608,16,leopard cat,10-23-2019 01:17:54,4,train
https://storage.googleapis.com/public-datasets-lila/swg-camera-traps/public/lao/loc_0608/2019/10/image_00137.jpg,SWG Camera Traps : d3196929-8c29-11eb-a8f4-000d3a74c7de,SWG Camera Traps : 0933b664-8c2a-11eb-b8c5-000d3a74c7de,SWG Camera Traps : loc_0608,17,leopard cat,10-23-2019 01:17:55,4,train
https://storage.googleapis.com/public-datasets-lila/swg-camera-traps/public/vietnam/loc_0826/2019/03/image_00005.jpg,SWG Camera Traps : d7bf2d39-8c29-11eb-a929-000d3a74c7de,SWG Camera Traps : 33b9092d-8c2a-11eb-9c55-000d3a74c7de,SWG Camera Traps : loc_0826,0,leopard cat,03-10-2019 06:02:31,4,train
https://storage.googleapis.com/public-datasets-lila/swg-camera-traps/public/vietnam/loc_0826/2019/03/image_00006.jpg,SWG Camera Traps : d7bf2d3a-8c29-11eb-96cc-000d3a74c7de,SWG Camera Traps : 33b9092d-8c2a-11eb-9c55-000d3a74c7de,SWG Camera Traps : loc_0826,1,leopard cat,03-10-2019 06:02:32,4,train
https://storage.googleapis.com/public-datasets-lila/swg-camera-traps/public/vietnam/loc_0830/2019/03/image_00002.jpg,SWG Camera Traps : d7bf2f86-8c29-11eb-8751-000d3a74c7de,SWG Camera Traps : 1e903274-8c2a-11eb-a415-000d3a74c7de,SWG Camera Traps : loc_0830,0,leopard cat,03-10-2019 05:59:43,4,train
https://storage.googleapis.com/public-datasets-lila/swg-camera-traps/public/vietnam/loc_0830/2019/03/image_00003.jpg,SWG Camera Traps : d7bf2f87-8c29-11eb-9d22-000d3a74c7de,SWG Camera Traps : 1e903274-8c2a-11eb-a415-000d3a74c7de,SWG Camera Traps : loc_0830,1,leopard cat,03-10-2019 05:59:45,4,train
https://storage.googleapis.com/public-datasets-lila/swg-camera-traps/public/vietnam/loc_0812/2019/11/image_00026.jpg,SWG Camera Traps : d7fd1c69-8c29-11eb-813d-000d3a74c7de,SWG Camera Traps : f280fadb-8c29-11eb-8c18-000d3a74c7de,SWG Camera Traps : loc_0812,0,leopard cat,11-22-2019 05:56:58,4,train
https://storage.googleapis.com/public-datasets-lila/swg-camera-traps/public/vietnam/loc_0812/2019/12/image_00007.jpg,SWG Camera Traps : d7fd1c6a-8c29-11eb-9dbf-000d3a74c7de,SWG Camera Traps : f280fae7-8c29-11eb-a4ac-000d3a74c7de,SWG Camera Traps : loc_0812,0,leopard cat,12-01-2019 16:46:35,4,train
https://storage.googleapis.com/public-datasets-lila/swg-camera-traps/public/vietnam/loc_0812/2019/12/image_00008.jpg,SWG Camera Traps : d7fd1c6b-8c29-11eb-9749-000d3a74c7de,SWG Camera Traps : f280faf5-8c29-11eb-aaaa-000d3a74c7de,SWG Camera Traps : loc_0812,0,leopard cat,12-16-2019 02:48:52,4,train
https://storage.googleapis.com/public-datasets-lila/swg-camera-traps/public/vietnam/loc_0826/2019/09/image_00823.jpg,SWG Camera Traps : d806a794-8c29-11eb-b6fd-000d3a74c7de,SWG Camera Traps : 33b9098c-8c2a-11eb-835c-000d3a74c7de,SWG Camera Traps : loc_0826,0,leopard cat,09-28-2019 09:01:07,4,train
https://storage.googleapis.com/public-datasets-lila/swg-camera-traps/public/vietnam/loc_0826/2019/09/image_00824.jpg,SWG Camera Traps : d806a795-8c29-11eb-8f19-000d3a74c7de,SWG Camera Traps : 33b9098d-8c2a-11eb-ac4d-000d3a74c7de,SWG Camera Traps : loc_0826,0,leopard cat,09-28-2019 09:01:21,4,train
https://storage.googleapis.com/public-datasets-lila/swg-camera-traps/public/vietnam/loc_0826/2019/09/image_00825.jpg,SWG Camera Traps : d806a796-8c29-11eb-a990-000d3a74c7de,SWG Camera Traps : 33b9098e-8c2a-11eb-a96d-000d3a74c7de,SWG Camera Traps : loc_0826,0,leopard cat,09-28-2019 09:01:39,4,train
https://storage.googleapis.com/public-datasets-lila/swg-camera-traps/public/vietnam/loc_0826/2019/09/image_00826.jpg,SWG Camera Traps : d806a797-8c29-11eb-82f6-000d3a74c7de,SWG Camera Traps : 33b9098e-8c2a-11eb-a96d-000d3a74c7de,SWG Camera Traps : loc_0826,1,leopard cat,09-28-2019 09:01:46,4,train
https://storage.googleapis.com/public-datasets-lila/swg-camera-traps/public/vietnam/loc_0826/2019/10/image_00731.jpg,SWG Camera Traps : d806a798-8c29-11eb-a91c-000d3a74c7de,SWG Camera Traps : 33b909d4-8c2a-11eb-8b94-000d3a74c7de,SWG Camera Traps : loc_0826,0,leopard cat,10-29-2019 10:36:27,4,train
https://storage.googleapis.com/public-datasets-lila/swg-camera-traps/public/vietnam/loc_0830/2019/09/image_00576.jpg,SWG Camera Traps : d812905f-8c29-11eb-86a9-000d3a74c7de,SWG Camera Traps : 1e9032d3-8c2a-11eb-abb6-000d3a74c7de,SWG Camera Traps : loc_0830,0,leopard cat,09-16-2019 07:13:05,4,train
https://storage.googleapis.com/public-datasets-lila/swg-camera-traps/public/vietnam/loc_0830/2019/09/image_00577.jpg,SWG Camera Traps : d8129060-8c29-11eb-bd0c-000d3a74c7de,SWG Camera Traps : 1e9032d4-8c2a-11eb-9f9d-000d3a74c7de,SWG Camera Traps : loc_0830,0,leopard cat,09-16-2019 07:13:24,4,train
https://storage.googleapis.com/public-datasets-lila/swg-camera-traps/public/vietnam/loc_0830/2019/09/image_00578.jpg,SWG Camera Traps : d8129061-8c29-11eb-a0d3-000d3a74c7de,SWG Camera Traps : 1e9032d5-8c2a-11eb-b47e-000d3a74c7de,SWG Camera Traps : loc_0830,0,leopard cat,09-16-2019 07:13:36,4,train
https://storage.googleapis.com/public-datasets-lila/swg-camera-traps/public/vietnam/loc_0830/2019/09/image_00579.jpg,SWG Camera Traps : d8129062-8c29-11eb-a9f1-000d3a74c7de,SWG Camera Traps : 1e9032d5-8c2a-11eb-b47e-000d3a74c7de,SWG Camera Traps : loc_0830,1,leopard cat,09-16-2019 07:13:45,4,train
https://storage.googleapis.com/public-datasets-lila/swg-camera-traps/public/vietnam/loc_0830/2019/09/image_00580.jpg,SWG Camera Traps : d8129063-8c29-11eb-9d86-000d3a74c7de,SWG Camera Traps : 1e9032e8-8c2a-11eb-a505-000d3a74c7de,SWG Camera Traps : loc_0830,0,leopard cat,09-28-2019 08:54:08,4,train
https://storage.googleapis.com/public-datasets-lila/swg-camera-traps/public/vietnam/loc_0830/2019/09/image_00581.jpg,SWG Camera Traps : d8129064-8c29-11eb-a657-000d3a74c7de,SWG Camera Traps : 1e9032e8-8c2a-11eb-a505-000d3a74c7de,SWG Camera Traps : loc_0830,1,leopard cat,09-28-2019 08:54:09,4,train
https://storage.googleapis.com/public-datasets-lila/swg-camera-traps/public/vietnam/loc_0830/2019/09/image_00582.jpg,SWG Camera Traps : d8129065-8c29-11eb-8871-000d3a74c7de,SWG Camera Traps : 1e9032e9-8c2a-11eb-be45-000d3a74c7de,SWG Camera Traps : loc_0830,0,leopard cat,09-28-2019 08:54:47,4,train
https://storage.googleapis.com/public-datasets-lila/swg-camera-traps/public/vietnam/loc_0830/2019/09/image_00583.jpg,SWG Camera Traps : d8129066-8c29-11eb-b2f5-000d3a74c7de,SWG Camera Traps : 1e9032ea-8c2a-11eb-9795-000d3a74c7de,SWG Camera Traps : loc_0830,0,leopard cat,09-28-2019 08:55:12,4,train
https://storage.googleapis.com/public-datasets-lila/swg-camera-traps/public/vietnam/loc_0830/2019/10/image_00490.jpg,SWG Camera Traps : d8129067-8c29-11eb-be9c-000d3a74c7de,SWG Camera Traps : 1e903343-8c2a-11eb-b009-000d3a74c7de,SWG Camera Traps : loc_0830,0,leopard cat,10-29-2019 10:27:41,4,train
https://storage.googleapis.com/public-datasets-lila/swg-camera-traps/public/vietnam/loc_0830/2019/10/image_00491.jpg,SWG Camera Traps : d8129068-8c29-11eb-b70c-000d3a74c7de,SWG Camera Traps : 1e903343-8c2a-11eb-b009-000d3a74c7de,SWG Camera Traps : loc_0830,1,leopard cat,10-29-2019 10:27:47,4,train
https://storage.googleapis.com/public-datasets-lila/swg-camera-traps/public/vietnam/loc_0830/2019/10/image_00492.jpg,SWG Camera Traps : d8129069-8c29-11eb-9647-000d3a74c7de,SWG Camera Traps : 1e903343-8c2a-11eb-b009-000d3a74c7de,SWG Camera Traps : loc_0830,2,leopard cat,10-29-2019 10:27:56,4,train
https://storage.googleapis.com/public-datasets-lila/swg-camera-traps/public/vietnam/loc_0830/2019/10/image_00493.jpg,SWG Camera Traps : d812906a-8c29-11eb-8b25-000d3a74c7de,SWG Camera Traps : 1e903347-8c2a-11eb-aa4f-000d3a74c7de,SWG Camera Traps : loc_0830,0,leopard cat,10-29-2019 17:12:44,4,train
https://storage.googleapis.com/public-datasets-lila/swg-camera-traps/public/vietnam/loc_0830/2019/10/image_00494.jpg,SWG Camera Traps : d812906b-8c29-11eb-9ab8-000d3a74c7de,SWG Camera Traps : 1e903347-8c2a-11eb-aa4f-000d3a74c7de,SWG Camera Traps : loc_0830,1,leopard cat,10-29-2019 17:12:46,4,train
https://storage.googleapis.com/public-datasets-lila/swg-camera-traps/public/vietnam/loc_0830/2019/10/image_00495.jpg,SWG Camera Traps : d812906c-8c29-11eb-a0de-000d3a74c7de,SWG Camera Traps : 1e903347-8c2a-11eb-aa4f-000d3a74c7de,SWG Camera Traps : loc_0830,2,leopard cat,10-29-2019 17:12:46,4,train
https://storage.googleapis.com/public-datasets-lila/swg-camera-traps/public/vietnam/loc_0830/2019/10/image_00496.jpg,SWG Camera Traps : d812906d-8c29-11eb-8e35-000d3a74c7de,SWG Camera Traps : 1e903347-8c2a-11eb-aa4f-000d3a74c7de,SWG Camera Traps : loc_0830,3,leopard cat,10-29-2019 17:12:56,4,train
https://storage.googleapis.com/public-datasets-lila/swg-camera-traps/public/vietnam/loc_0830/2019/10/image_00497.jpg,SWG Camera Traps : d812906e-8c29-11eb-b91d-000d3a74c7de,SWG Camera Traps : 1e903347-8c2a-11eb-aa4f-000d3a74c7de,SWG Camera Traps : loc_0830,4,leopard cat,10-29-2019 17:13:00,4,train
https://storage.googleapis.com/public-datasets-lila/swg-camera-traps/public/vietnam/loc_0860/2018/12/image_00000.jpg,SWG Camera Traps : d85c8942-8c29-11eb-b7fd-000d3a74c7de,SWG Camera Traps : ee0d5745-8c29-11eb-9984-000d3a74c7de,SWG Camera Traps : loc_0860,0,leopard cat,12-17-2018 23:32:40,4,train
https://storage.googleapis.com/public-datasets-lila/swg-camera-traps/public/vietnam/loc_0860/2018/12/image_00001.jpg,SWG Camera Traps : d85c8943-8c29-11eb-a659-000d3a74c7de,SWG Camera Traps : ee0d5745-8c29-11eb-9984-000d3a74c7de,SWG Camera Traps : loc_0860,1,leopard cat,12-17-2018 23:32:41,4,train
https://storage.googleapis.com/public-datasets-lila/swg-camera-traps/public/vietnam/loc_0860/2018/12/image_00002.jpg,SWG Camera Traps : d85c8944-8c29-11eb-a398-000d3a74c7de,SWG Camera Traps : ee0d5745-8c29-11eb-9984-000d3a74c7de,SWG Camera Traps : loc_0860,2,leopard cat,12-17-2018 23:32:41,4,train
https://storage.googleapis.com/public-datasets-lila/swg-camera-traps/public/vietnam/loc_0866/2018/12/image_00279.jpg,SWG Camera Traps : d87dda8a-8c29-11eb-8dc1-000d3a74c7de,SWG Camera Traps : 245d8f31-8c2a-11eb-aec5-000d3a74c7de,SWG Camera Traps : loc_0866,0,leopard cat,12-16-2018 21:02:54,4,train
https://storage.googleapis.com/public-datasets-lila/swg-camera-traps/public/vietnam/loc_0866/2018/12/image_00280.jpg,SWG Camera Traps : d87dda8b-8c29-11eb-8732-000d3a74c7de,SWG Camera Traps : 245d8f31-8c2a-11eb-aec5-000d3a74c7de,SWG Camera Traps : loc_0866,1,leopard cat,12-16-2018 21:02:56,4,train
https://storage.googleapis.com/public-datasets-lila/swg-camera-traps/public/vietnam/loc_0866/2018/12/image_00281.jpg,SWG Camera Traps : d87dda8c-8c29-11eb-baa1-000d3a74c7de,SWG Camera Traps : 245d8f31-8c2a-11eb-aec5-000d3a74c7de,SWG Camera Traps : loc_0866,2,leopard cat,12-16-2018 21:02:56,4,train
https://storage.googleapis.com/public-datasets-lila/swg-camera-traps/public/vietnam/loc_0866/2019/01/image_00000.jpg,SWG Camera Traps : d87dda8d-8c29-11eb-bbe7-000d3a74c7de,SWG Camera Traps : 245d8f4b-8c2a-11eb-8ad8-000d3a74c7de,SWG Camera Traps : loc_0866,0,leopard cat,01-12-2019 06:44:01,4,train
https://storage.googleapis.com/public-datasets-lila/swg-camera-traps/public/vietnam/loc_0866/2019/01/image_00001.jpg,SWG Camera Traps : d87dda8e-8c29-11eb-98ee-000d3a74c7de,SWG Camera Traps : 245d8f4b-8c2a-11eb-8ad8-000d3a74c7de,SWG Camera Traps : loc_0866,1,leopard cat,01-12-2019 06:44:08,4,train
https://storage.googleapis.com/public-datasets-lila/swg-camera-traps/public/vietnam/loc_0866/2019/05/image_00013.jpg,SWG Camera Traps : d8981c2b-8c29-11eb-9791-000d3a74c7de,SWG Camera Traps : 245ff1c3-8c2a-11eb-982b-000d3a74c7de,SWG Camera Traps : loc_0866,0,leopard cat,05-07-2019 06:19:35,4,train
https://storage.googleapis.com/public-datasets-lila/swg-camera-traps/public/vietnam/loc_0866/2019/05/image_00014.jpg,SWG Camera Traps : d8981c2c-8c29-11eb-a5b5-000d3a74c7de,SWG Camera Traps : 245ff1c3-8c2a-11eb-982b-000d3a74c7de,SWG Camera Traps : loc_0866,1,leopard cat,05-07-2019 06:19:37,4,train
https://storage.googleapis.com/public-datasets-lila/swg-camera-traps/public/vietnam/loc_0866/2019/05/image_00015.jpg,SWG Camera Traps : d8981c2d-8c29-11eb-9177-000d3a74c7de,SWG Camera Traps : 245ff1c3-8c2a-11eb-982b-000d3a74c7de,SWG Camera Traps : loc_0866,2,leopard cat,05-07-2019 06:19:37,4,train
https://storage.googleapis.com/public-datasets-lila/swg-camera-traps/public/vietnam/loc_0866/2019/05/image_00016.jpg,SWG Camera Traps : d8981c2e-8c29-11eb-8912-000d3a74c7de,SWG Camera Traps : 245ff1c3-8c2a-11eb-982b-000d3a74c7de,SWG Camera Traps : loc_0866,3,leopard cat,05-07-2019 06:19:38,4,train
https://storage.googleapis.com/public-datasets-lila/swg-camera-traps/public/vietnam/loc_0866/2019/05/image_00017.jpg,SWG Camera Traps : d8981c2f-8c29-11eb-8325-000d3a74c7de,SWG Camera Traps : 245ff1c3-8c2a-11eb-982b-000d3a74c7de,SWG Camera Traps : loc_0866,4,leopard cat,05-07-2019 06:19:41,4,train
https://storage.googleapis.com/public-datasets-lila/swg-camera-traps/public/vietnam/loc_0866/2019/05/image_00018.jpg,SWG Camera Traps : d8981c30-8c29-11eb-9b54-000d3a74c7de,SWG Camera Traps : 245ff1c4-8c2a-11eb-a2f9-000d3a74c7de,SWG Camera Traps : loc_0866,0,leopard cat,05-07-2019 06:20:06,4,train
https://storage.googleapis.com/public-datasets-lila/swg-camera-traps/public/vietnam/loc_0866/2019/05/image_00019.jpg,SWG Camera Traps : d8981c31-8c29-11eb-92fb-000d3a74c7de,SWG Camera Traps : 245ff1c4-8c2a-11eb-a2f9-000d3a74c7de,SWG Camera Traps : loc_0866,1,leopard cat,05-07-2019 06:20:09,4,train
https://storage.googleapis.com/public-datasets-lila/swg-camera-traps/public/vietnam/loc_0866/2019/05/image_00020.jpg,SWG Camera Traps : d8981c32-8c29-11eb-8ed8-000d3a74c7de,SWG Camera Traps : 245ff1c4-8c2a-11eb-a2f9-000d3a74c7de,SWG Camera Traps : loc_0866,2,leopard cat,05-07-2019 06:20:09,4,train
https://storage.googleapis.com/public-datasets-lila/swg-camera-traps/public/vietnam/loc_0868/2018/04/image_00166.jpg,SWG Camera Traps : d8d155e6-8c29-11eb-9219-000d3a74c7de,SWG Camera Traps : 09825fa7-8c2a-11eb-9bc5-000d3a74c7de,SWG Camera Traps : loc_0868,0,leopard cat,04-06-2018 01:35:46,4,train
https://storage.googleapis.com/public-datasets-lila/swg-camera-traps/public/vietnam/loc_0868/2018/04/image_00167.jpg,SWG Camera Traps : d8d155e7-8c29-11eb-a853-000d3a74c7de,SWG Camera Traps : 09825fa7-8c2a-11eb-9bc5-000d3a74c7de,SWG Camera Traps : loc_0868,1,leopard cat,04-06-2018 01:35:50,4,train
https://storage.googleapis.com/public-datasets-lila/swg-camera-traps/public/vietnam/loc_0868/2018/04/image_00168.jpg,SWG Camera Traps : d8d155e8-8c29-11eb-bedc-000d3a74c7de,SWG Camera Traps : 09825fa7-8c2a-11eb-9bc5-000d3a74c7de,SWG Camera Traps : loc_0868,2,leopard cat,04-06-2018 01:35:53,4,train
https://storage.googleapis.com/public-datasets-lila/swg-camera-traps/public/vietnam/loc_0868/2018/04/image_00169.jpg,SWG Camera Traps : d8d155e9-8c29-11eb-81c7-000d3a74c7de,SWG Camera Traps : 09825fa8-8c2a-11eb-ac9c-000d3a74c7de,SWG Camera Traps : loc_0868,0,leopard cat,04-06-2018 01:36:58,4,train
https://storage.googleapis.com/public-datasets-lila/swg-camera-traps/public/vietnam/loc_0868/2018/04/image_00170.jpg,SWG Camera Traps : d8d155ea-8c29-11eb-bd5a-000d3a74c7de,SWG Camera Traps : 09825fa8-8c2a-11eb-ac9c-000d3a74c7de,SWG Camera Traps : loc_0868,1,leopard cat,04-06-2018 01:37:02,4,train
https://storage.googleapis.com/public-datasets-lila/swg-camera-traps/public/vietnam/loc_0868/2018/04/image_00171.jpg,SWG Camera Traps : d8d155eb-8c29-11eb-a09f-000d3a74c7de,SWG Camera Traps : 09825fa9-8c2a-11eb-bfe2-000d3a74c7de,SWG Camera Traps : loc_0868,0,leopard cat,04-06-2018 01:37:36,4,train
https://storage.googleapis.com/public-datasets-lila/swg-camera-traps/public/vietnam/loc_0868/2018/04/image_00172.jpg,SWG Camera Traps : d8d155ec-8c29-11eb-9eac-000d3a74c7de,SWG Camera Traps : 09825fa9-8c2a-11eb-bfe2-000d3a74c7de,SWG Camera Traps : loc_0868,1,leopard cat,04-06-2018 01:37:40,4,train
https://storage.googleapis.com/public-datasets-lila/swg-camera-traps/public/vietnam/loc_0868/2018/04/image_00173.jpg,SWG Camera Traps : d8d155ed-8c29-11eb-a98a-000d3a74c7de,SWG Camera Traps : 09825fab-8c2a-11eb-80f2-000d3a74c7de,SWG Camera Traps : loc_0868,0,leopard cat,04-10-2018 05:18:48,4,train
https://storage.googleapis.com/public-datasets-lila/swg-camera-traps/public/vietnam/loc_0868/2018/04/image_00174.jpg,SWG Camera Traps : d8d155ee-8c29-11eb-b1dd-000d3a74c7de,SWG Camera Traps : 09825fab-8c2a-11eb-80f2-000d3a74c7de,SWG Camera Traps : loc_0868,1,leopard cat,04-10-2018 05:18:52,4,train
https://storage.googleapis.com/public-datasets-lila/swg-camera-traps/public/vietnam/loc_0868/2018/04/image_00175.jpg,SWG Camera Traps : d8d155ef-8c29-11eb-bf70-000d3a74c7de,SWG Camera Traps : 09825fab-8c2a-11eb-80f2-000d3a74c7de,SWG Camera Traps : loc_0868,2,leopard cat,04-10-2018 05:18:55,4,train
https://storage.googleapis.com/public-datasets-lila/swg-camera-traps/public/vietnam/loc_0868/2018/04/image_00176.jpg,SWG Camera Traps : d8d155f0-8c29-11eb-9af4-000d3a74c7de,SWG Camera Traps : 09825fab-8c2a-11eb-80f2-000d3a74c7de,SWG Camera Traps : loc_0868,3,leopard cat,04-10-2018 05:18:59,4,train
https://storage.googleapis.com/public-datasets-lila/swg-camera-traps/public/vietnam/loc_0868/2018/04/image_00177.jpg,SWG Camera Traps : d8d155f1-8c29-11eb-a606-000d3a74c7de,SWG Camera Traps : 09825fab-8c2a-11eb-80f2-000d3a74c7de,SWG Camera Traps : loc_0868,4,leopard cat,04-10-2018 05:19:03,4,train
https://storage.googleapis.com/public-datasets-lila/swg-camera-traps/public/vietnam/loc_0868/2018/04/image_00178.jpg,SWG Camera Traps : d8d155f2-8c29-11eb-b25e-000d3a74c7de,SWG Camera Traps : 09825fac-8c2a-11eb-9d59-000d3a74c7de,SWG Camera Traps : loc_0868,0,leopard cat,04-10-2018 05:22:47,4,train
https://storage.googleapis.com/public-datasets-lila/swg-camera-traps/public/vietnam/loc_0868/2018/04/image_00179.jpg,SWG Camera Traps : d8d155f3-8c29-11eb-ad27-000d3a74c7de,SWG Camera Traps : 09825fac-8c2a-11eb-9d59-000d3a74c7de,SWG Camera Traps : loc_0868,1,leopard cat,04-10-2018 05:22:50,4,train
https://storage.googleapis.com/public-datasets-lila/swg-camera-traps/public/vietnam/loc_0869/2018/04/image_00149.jpg,SWG Camera Traps : d8d3b71d-8c29-11eb-803d-000d3a74c7de,SWG Camera Traps : fe60c26b-8c29-11eb-9896-000d3a74c7de,SWG Camera Traps : loc_0869,0,leopard cat,04-06-2018 01:37:55,4,train
https://storage.googleapis.com/public-datasets-lila/swg-camera-traps/public/vietnam/loc_0869/2018/04/image_00150.jpg,SWG Camera Traps : d8d3b71e-8c29-11eb-a6b9-000d3a74c7de,SWG Camera Traps : fe60c26b-8c29-11eb-9896-000d3a74c7de,SWG Camera Traps : loc_0869,1,leopard cat,04-06-2018 01:37:58,4,train
https://storage.googleapis.com/public-datasets-lila/swg-camera-traps/public/vietnam/loc_0869/2018/04/image_00151.jpg,SWG Camera Traps : d8d3b71f-8c29-11eb-a584-000d3a74c7de,SWG Camera Traps : fe60c26b-8c29-11eb-9896-000d3a74c7de,SWG Camera Traps : loc_0869,2,leopard cat,04-06-2018 01:38:02,4,train
https://storage.googleapis.com/public-datasets-lila/swg-camera-traps/public/vietnam/loc_0869/2018/04/image_00152.jpg,SWG Camera Traps : d8d3b720-8c29-11eb-9118-000d3a74c7de,SWG Camera Traps : fe60c26b-8c29-11eb-9896-000d3a74c7de,SWG Camera Traps : loc_0869,3,leopard cat,04-06-2018 01:38:05,4,train
https://storage.googleapis.com/public-datasets-lila/swg-camera-traps/public/vietnam/loc_0869/2018/04/image_00153.jpg,SWG Camera Traps : d8d3b721-8c29-11eb-98da-000d3a74c7de,SWG Camera Traps : fe60c26e-8c29-11eb-9ed5-000d3a74c7de,SWG Camera Traps : loc_0869,0,leopard cat,04-10-2018 05:21:03,4,train
https://storage.googleapis.com/public-datasets-lila/swg-camera-traps/public/vietnam/loc_0868/2018/05/image_00259.jpg,SWG Camera Traps : d9357ce6-8c29-11eb-bbcc-000d3a74c7de,SWG Camera Traps : 09825ff5-8c2a-11eb-b63e-000d3a74c7de,SWG Camera Traps : loc_0868,0,leopard cat,05-24-2018 23:27:39,4,train
https://storage.googleapis.com/public-datasets-lila/swg-camera-traps/public/vietnam/loc_0868/2018/05/image_00260.jpg,SWG Camera Traps : d9357ce7-8c29-11eb-9bfa-000d3a74c7de,SWG Camera Traps : 09825ff5-8c2a-11eb-b63e-000d3a74c7de,SWG Camera Traps : loc_0868,1,leopard cat,05-24-2018 23:27:42,4,train
https://storage.googleapis.com/public-datasets-lila/swg-camera-traps/public/vietnam/loc_0868/2018/05/image_00261.jpg,SWG Camera Traps : d9357ce8-8c29-11eb-aeb9-000d3a74c7de,SWG Camera Traps : 09825ff5-8c2a-11eb-b63e-000d3a74c7de,SWG Camera Traps : loc_0868,2,leopard cat,05-24-2018 23:27:46,4,train
https://storage.googleapis.com/public-datasets-lila/swg-camera-traps/public/vietnam/loc_0868/2018/05/image_00262.jpg,SWG Camera Traps : d9357ce9-8c29-11eb-a829-000d3a74c7de,SWG Camera Traps : 09825ff5-8c2a-11eb-b63e-000d3a74c7de,SWG Camera Traps : loc_0868,3,leopard cat,05-24-2018 23:27:49,4,train
https://storage.googleapis.com/public-datasets-lila/swg-camera-traps/public/vietnam/loc_0868/2018/05/image_00263.jpg,SWG Camera Traps : d9357cea-8c29-11eb-b506-000d3a74c7de,SWG Camera Traps : 09825ff5-8c2a-11eb-b63e-000d3a74c7de,SWG Camera Traps : loc_0868,4,leopard cat,05-24-2018 23:27:53,4,train
https://storage.googleapis.com/public-datasets-lila/swg-camera-traps/public/vietnam/loc_0868/2018/05/image_00264.jpg,SWG Camera Traps : d9357ceb-8c29-11eb-b4af-000d3a74c7de,SWG Camera Traps : 09825ff6-8c2a-11eb-b169-000d3a74c7de,SWG Camera Traps : loc_0868,0,leopard cat,05-24-2018 23:28:40,4,train
https://storage.googleapis.com/public-datasets-lila/swg-camera-traps/public/vietnam/loc_0868/2018/05/image_00265.jpg,SWG Camera Traps : d9357cec-8c29-11eb-8b3c-000d3a74c7de,SWG Camera Traps : 09825ff6-8c2a-11eb-b169-000d3a74c7de,SWG Camera Traps : loc_0868,1,leopard cat,05-24-2018 23:28:44,4,train
https://storage.googleapis.com/public-datasets-lila/swg-camera-traps/public/vietnam/loc_0868/2018/05/image_00266.jpg,SWG Camera Traps : d9357ced-8c29-11eb-b830-000d3a74c7de,SWG Camera Traps : 09825ff6-8c2a-11eb-b169-000d3a74c7de,SWG Camera Traps : loc_0868,2,leopard cat,05-24-2018 23:28:47,4,train
https://storage.googleapis.com/public-datasets-lila/swg-camera-traps/public/vietnam/loc_0868/2018/05/image_00267.jpg,SWG Camera Traps : d9357cee-8c29-11eb-9c7a-000d3a74c7de,SWG Camera Traps : 09825ff6-8c2a-11eb-b169-000d3a74c7de,SWG Camera Traps : loc_0868,3,leopard cat,05-24-2018 23:28:50,4,train
https://storage.googleapis.com/public-datasets-lila/swg-camera-traps/public/vietnam/loc_0868/2018/05/image_00268.jpg,SWG Camera Traps : d9357cef-8c29-11eb-b14e-000d3a74c7de,SWG Camera Traps : 09825ff6-8c2a-11eb-b169-000d3a74c7de,SWG Camera Traps : loc_0868,4,leopard cat,05-24-2018 23:28:54,4,train
https://storage.googleapis.com/public-datasets-lila/swg-camera-traps/public/vietnam/loc_0869/2018/05/image_00207.jpg,SWG Camera Traps : d9357ea8-8c29-11eb-9848-000d3a74c7de,SWG Camera Traps : fe60c2b6-8c29-11eb-9d9e-000d3a74c7de,SWG Camera Traps : loc_0869,0,leopard cat,05-24-2018 23:28:35,4,train
https://storage.googleapis.com/public-datasets-lila/swg-camera-traps/public/vietnam/loc_0869/2018/05/image_00208.jpg,SWG Camera Traps : d9357ea9-8c29-11eb-90b0-000d3a74c7de,SWG Camera Traps : fe60c2b6-8c29-11eb-9d9e-000d3a74c7de,SWG Camera Traps : loc_0869,1,leopard cat,05-24-2018 23:28:38,4,train
https://storage.googleapis.com/public-datasets-lila/swg-camera-traps/public/vietnam/loc_0869/2018/05/image_00209.jpg,SWG Camera Traps : d9357eaa-8c29-11eb-ba9d-000d3a74c7de,SWG Camera Traps : fe60c2b6-8c29-11eb-9d9e-000d3a74c7de,SWG Camera Traps : loc_0869,2,leopard cat,05-24-2018 23:28:42,4,train
https://storage.googleapis.com/public-datasets-lila/swg-camera-traps/public/vietnam/loc_0869/2018/05/image_00210.jpg,SWG Camera Traps : d9357eab-8c29-11eb-ba79-000d3a74c7de,SWG Camera Traps : fe60c2b6-8c29-11eb-9d9e-000d3a74c7de,SWG Camera Traps : loc_0869,3,leopard cat,05-24-2018 23:28:45,4,train
https://storage.googleapis.com/public-datasets-lila/swg-camera-traps/public/vietnam/loc_0869/2018/05/image_00211.jpg,SWG Camera Traps : d9357eac-8c29-11eb-a403-000d3a74c7de,SWG Camera Traps : fe60c2b6-8c29-11eb-9d9e-000d3a74c7de,SWG Camera Traps : loc_0869,4,leopard cat,05-24-2018 23:28:49,4,train
https://storage.googleapis.com/public-datasets-lila/swg-camera-traps/public/vietnam/loc_0869/2018/05/image_00212.jpg,SWG Camera Traps : d9357ead-8c29-11eb-8e00-000d3a74c7de,SWG Camera Traps : fe60c2b7-8c29-11eb-877a-000d3a74c7de,SWG Camera Traps : loc_0869,0,leopard cat,05-24-2018 23:29:29,4,train
https://storage.googleapis.com/public-datasets-lila/swg-camera-traps/public/vietnam/loc_0869/2018/05/image_00213.jpg,SWG Camera Traps : d9357eae-8c29-11eb-aeb5-000d3a74c7de,SWG Camera Traps : fe60c2b7-8c29-11eb-877a-000d3a74c7de,SWG Camera Traps : loc_0869,1,leopard cat,05-24-2018 23:29:32,4,train
https://storage.googleapis.com/public-datasets-lila/swg-camera-traps/public/vietnam/loc_0869/2018/05/image_00214.jpg,SWG Camera Traps : d9357eaf-8c29-11eb-b57a-000d3a74c7de,SWG Camera Traps : fe60c2b7-8c29-11eb-877a-000d3a74c7de,SWG Camera Traps : loc_0869,2,leopard cat,05-24-2018 23:29:36,4,train
https://storage.googleapis.com/public-datasets-lila/swg-camera-traps/public/vietnam/loc_0869/2018/05/image_00215.jpg,SWG Camera Traps : d9357eb0-8c29-11eb-8a5c-000d3a74c7de,SWG Camera Traps : fe60c2b7-8c29-11eb-877a-000d3a74c7de,SWG Camera Traps : loc_0869,3,leopard cat,05-24-2018 23:29:39,4,train
https://storage.googleapis.com/public-datasets-lila/swg-camera-traps/public/vietnam/loc_0869/2018/05/image_00216.jpg,SWG Camera Traps : d9357eb1-8c29-11eb-94b8-000d3a74c7de,SWG Camera Traps : fe60c2b7-8c29-11eb-877a-000d3a74c7de,SWG Camera Traps : loc_0869,4,leopard cat,05-24-2018 23:29:43,4,train
https://storage.googleapis.com/public-datasets-lila/swg-camera-traps/public/vietnam/loc_0874/2018/10/image_00031.jpg,SWG Camera Traps : d975d6a1-8c29-11eb-af79-000d3a74c7de,SWG Camera Traps : de73c5f1-8c29-11eb-b396-000d3a74c7de,SWG Camera Traps : loc_0874,0,leopard cat,10-21-2018 23:54:35,4,train
https://storage.googleapis.com/public-datasets-lila/swg-camera-traps/public/vietnam/loc_0874/2018/10/image_00032.jpg,SWG Camera Traps : d975d6a2-8c29-11eb-abcd-000d3a74c7de,SWG Camera Traps : de73c5f1-8c29-11eb-b396-000d3a74c7de,SWG Camera Traps : loc_0874,1,leopard cat,10-21-2018 23:54:38,4,train
https://storage.googleapis.com/public-datasets-lila/swg-camera-traps/public/vietnam/loc_0874/2018/10/image_00033.jpg,SWG Camera Traps : d975d6a3-8c29-11eb-a770-000d3a74c7de,SWG Camera Traps : de73c5f1-8c29-11eb-b396-000d3a74c7de,SWG Camera Traps : loc_0874,2,leopard cat,10-21-2018 23:54:41,4,train
https://storage.googleapis.com/public-datasets-lila/swg-camera-traps/public/vietnam/loc_0874/2018/10/image_00034.jpg,SWG Camera Traps : d975d6a4-8c29-11eb-939c-000d3a74c7de,SWG Camera Traps : de73c5f1-8c29-11eb-b396-000d3a74c7de,SWG Camera Traps : loc_0874,3,leopard cat,10-21-2018 23:54:44,4,train
https://storage.googleapis.com/public-datasets-lila/swg-camera-traps/public/vietnam/loc_0874/2018/10/image_00035.jpg,SWG Camera Traps : d975d6a5-8c29-11eb-8e0f-000d3a74c7de,SWG Camera Traps : de73c5f1-8c29-11eb-b396-000d3a74c7de,SWG Camera Traps : loc_0874,4,leopard cat,10-21-2018 23:54:47,4,train
https://storage.googleapis.com/public-datasets-lila/swg-camera-traps/public/vietnam/loc_0874/2018/11/image_00025.jpg,SWG Camera Traps : d975d6a6-8c29-11eb-8a8c-000d3a74c7de,SWG Camera Traps : de73c604-8c29-11eb-a0fa-000d3a74c7de,SWG Camera Traps : loc_0874,0,leopard cat,11-05-2018 19:52:48,4,train
https://storage.googleapis.com/public-datasets-lila/swg-camera-traps/public/vietnam/loc_0874/2018/11/image_00026.jpg,SWG Camera Traps : d975d6a7-8c29-11eb-869d-000d3a74c7de,SWG Camera Traps : de73c604-8c29-11eb-a0fa-000d3a74c7de,SWG Camera Traps : loc_0874,1,leopard cat,11-05-2018 19:52:51,4,train
https://storage.googleapis.com/public-datasets-lila/swg-camera-traps/public/vietnam/loc_0874/2018/11/image_00027.jpg,SWG Camera Traps : d975d6a8-8c29-11eb-9d30-000d3a74c7de,SWG Camera Traps : de73c604-8c29-11eb-a0fa-000d3a74c7de,SWG Camera Traps : loc_0874,2,leopard cat,11-05-2018 19:52:54,4,train
https://storage.googleapis.com/public-datasets-lila/swg-camera-traps/public/vietnam/loc_0874/2018/11/image_00028.jpg,SWG Camera Traps : d975d6a9-8c29-11eb-b810-000d3a74c7de,SWG Camera Traps : de73c604-8c29-11eb-a0fa-000d3a74c7de,SWG Camera Traps : loc_0874,3,leopard cat,11-05-2018 19:52:57,4,train
https://storage.googleapis.com/public-datasets-lila/swg-camera-traps/public/vietnam/loc_0874/2018/11/image_00029.jpg,SWG Camera Traps : d975d6aa-8c29-11eb-952e-000d3a74c7de,SWG Camera Traps : de73c604-8c29-11eb-a0fa-000d3a74c7de,SWG Camera Traps : loc_0874,4,leopard cat,11-05-2018 19:53:00,4,train
https://storage.googleapis.com/public-datasets-lila/swg-camera-traps/public/vietnam/loc_0874/2018/11/image_00030.jpg,SWG Camera Traps : d975d6ab-8c29-11eb-9223-000d3a74c7de,SWG Camera Traps : de73c605-8c29-11eb-883e-000d3a74c7de,SWG Camera Traps : loc_0874,0,leopard cat,11-05-2018 19:53:29,4,train
https://storage.googleapis.com/public-datasets-lila/swg-camera-traps/public/vietnam/loc_0874/2018/11/image_00031.jpg,SWG Camera Traps : d975d6ac-8c29-11eb-8039-000d3a74c7de,SWG Camera Traps : de73c605-8c29-11eb-883e-000d3a74c7de,SWG Camera Traps : loc_0874,1,leopard cat,11-05-2018 19:53:32,4,train
https://storage.googleapis.com/public-datasets-lila/swg-camera-traps/public/vietnam/loc_0874/2018/11/image_00032.jpg,SWG Camera Traps : d975d6ad-8c29-11eb-865c-000d3a74c7de,SWG Camera Traps : de73c605-8c29-11eb-883e-000d3a74c7de,SWG Camera Traps : loc_0874,2,leopard cat,11-05-2018 19:53:35,4,train
https://storage.googleapis.com/public-datasets-lila/swg-camera-traps/public/vietnam/loc_0874/2018/11/image_00033.jpg,SWG Camera Traps : d975d6ae-8c29-11eb-88a4-000d3a74c7de,SWG Camera Traps : de73c605-8c29-11eb-883e-000d3a74c7de,SWG Camera Traps : loc_0874,3,leopard cat,11-05-2018 19:53:38,4,train
https://storage.googleapis.com/public-datasets-lila/swg-camera-traps/public/vietnam/loc_0874/2018/11/image_00034.jpg,SWG Camera Traps : d975d6af-8c29-11eb-859c-000d3a74c7de,SWG Camera Traps : de73c605-8c29-11eb-883e-000d3a74c7de,SWG Camera Traps : loc_0874,4,leopard cat,11-05-2018 19:53:41,4,train
https://storage.googleapis.com/public-datasets-lila/swg-camera-traps/public/vietnam/loc_0890/2019/01/image_00015.jpg,SWG Camera Traps : d9d2cc42-8c29-11eb-91a5-000d3a74c7de,SWG Camera Traps : fad70045-8c29-11eb-9e21-000d3a74c7de,SWG Camera Traps : loc_0890,0,leopard cat,01-26-2019 18:30:23,4,train
https://storage.googleapis.com/public-datasets-lila/swg-camera-traps/public/vietnam/loc_0890/2019/01/image_00016.jpg,SWG Camera Traps : d9d2cc43-8c29-11eb-81eb-000d3a74c7de,SWG Camera Traps : fad70045-8c29-11eb-9e21-000d3a74c7de,SWG Camera Traps : loc_0890,1,leopard cat,01-26-2019 18:30:27,4,train
https://storage.googleapis.com/public-datasets-lila/swg-camera-traps/public/vietnam/loc_0890/2019/01/image_00017.jpg,SWG Camera Traps : d9d2cc44-8c29-11eb-a61c-000d3a74c7de,SWG Camera Traps : fad70045-8c29-11eb-9e21-000d3a74c7de,SWG Camera Traps : loc_0890,2,leopard cat,01-26-2019 18:30:30,4,train
https://storage.googleapis.com/public-datasets-lila/swg-camera-traps/public/vietnam/loc_0890/2019/01/image_00018.jpg,SWG Camera Traps : d9d2cc45-8c29-11eb-bac3-000d3a74c7de,SWG Camera Traps : fad70045-8c29-11eb-9e21-000d3a74c7de,SWG Camera Traps : loc_0890,3,leopard cat,01-26-2019 18:30:33,4,train
https://storage.googleapis.com/public-datasets-lila/swg-camera-traps/public/vietnam/loc_0890/2019/01/image_00019.jpg,SWG Camera Traps : d9d2cc46-8c29-11eb-96e7-000d3a74c7de,SWG Camera Traps : fad70045-8c29-11eb-9e21-000d3a74c7de,SWG Camera Traps : loc_0890,4,leopard cat,01-26-2019 18:30:37,4,train
https://storage.googleapis.com/public-datasets-lila/swg-camera-traps/public/vietnam/loc_0893/2019/02/image_00015.jpg,SWG Camera Traps : d9d9fb77-8c29-11eb-b955-000d3a74c7de,SWG Camera Traps : 2c7c9747-8c2a-11eb-aa9b-000d3a74c7de,SWG Camera Traps : loc_0893,0,leopard cat,02-15-2019 21:10:36,4,train
https://storage.googleapis.com/public-datasets-lila/swg-camera-traps/public/vietnam/loc_0893/2019/02/image_00016.jpg,SWG Camera Traps : d9d9fb78-8c29-11eb-8722-000d3a74c7de,SWG Camera Traps : 2c7c9747-8c2a-11eb-aa9b-000d3a74c7de,SWG Camera Traps : loc_0893,1,leopard cat,02-15-2019 21:10:39,4,train
https://storage.googleapis.com/public-datasets-lila/swg-camera-traps/public/vietnam/loc_0893/2019/02/image_00017.jpg,SWG Camera Traps : d9d9fb79-8c29-11eb-b864-000d3a74c7de,SWG Camera Traps : 2c7c9747-8c2a-11eb-aa9b-000d3a74c7de,SWG Camera Traps : loc_0893,2,leopard cat,02-15-2019 21:10:43,4,train
https://storage.googleapis.com/public-datasets-lila/swg-camera-traps/public/vietnam/loc_0893/2019/02/image_00018.jpg,SWG Camera Traps : d9d9fb7a-8c29-11eb-b4b5-000d3a74c7de,SWG Camera Traps : 2c7c9747-8c2a-11eb-aa9b-000d3a74c7de,SWG Camera Traps : loc_0893,3,leopard cat,02-15-2019 21:10:46,4,train
https://storage.googleapis.com/public-datasets-lila/swg-camera-traps/public/vietnam/loc_0893/2019/02/image_00019.jpg,SWG Camera Traps : d9d9fb7b-8c29-11eb-9bfe-000d3a74c7de,SWG Camera Traps : 2c7c9747-8c2a-11eb-aa9b-000d3a74c7de,SWG Camera Traps : loc_0893,4,leopard cat,02-15-2019 21:10:50,4,train
https://storage.googleapis.com/public-datasets-lila/swg-camera-traps/public/vietnam/loc_0893/2019/02/image_00020.jpg,SWG Camera Traps : d9d9fb7c-8c29-11eb-8500-000d3a74c7de,SWG Camera Traps : 2c7c9748-8c2a-11eb-8dff-000d3a74c7de,SWG Camera Traps : loc_0893,0,leopard cat,02-15-2019 23:51:23,4,train
https://storage.googleapis.com/public-datasets-lila/swg-camera-traps/public/vietnam/loc_0893/2019/02/image_00021.jpg,SWG Camera Traps : d9d9fb7d-8c29-11eb-9c8f-000d3a74c7de,SWG Camera Traps : 2c7c9748-8c2a-11eb-8dff-000d3a74c7de,SWG Camera Traps : loc_0893,1,leopard cat,02-15-2019 23:51:27,4,train
https://storage.googleapis.com/public-datasets-lila/swg-camera-traps/public/vietnam/loc_0893/2019/02/image_00022.jpg,SWG Camera Traps : d9d9fb7e-8c29-11eb-9c19-000d3a74c7de,SWG Camera Traps : 2c7c9748-8c2a-11eb-8dff-000d3a74c7de,SWG Camera Traps : loc_0893,2,leopard cat,02-15-2019 23:51:30,4,train
https://storage.googleapis.com/public-datasets-lila/swg-camera-traps/public/vietnam/loc_0893/2019/02/image_00023.jpg,SWG Camera Traps : d9d9fb7f-8c29-11eb-94aa-000d3a74c7de,SWG Camera Traps : 2c7c9748-8c2a-11eb-8dff-000d3a74c7de,SWG Camera Traps : loc_0893,3,leopard cat,02-15-2019 23:51:34,4,train
https://storage.googleapis.com/public-datasets-lila/swg-camera-traps/public/vietnam/loc_0893/2019/02/image_00024.jpg,SWG Camera Traps : d9d9fb80-8c29-11eb-94ab-000d3a74c7de,SWG Camera Traps : 2c7c9748-8c2a-11eb-8dff-000d3a74c7de,SWG Camera Traps : loc_0893,4,leopard cat,02-15-2019 23:51:37,4,train
https://storage.googleapis.com/public-datasets-lila/swg-camera-traps/public/vietnam/loc_0893/2019/02/image_00025.jpg,SWG Camera Traps : d9d9fb81-8c29-11eb-a8da-000d3a74c7de,SWG Camera Traps : 2c7c9749-8c2a-11eb-a8d1-000d3a74c7de,SWG Camera Traps : loc_0893,0,leopard cat,02-15-2019 23:51:52,4,train
https://storage.googleapis.com/public-datasets-lila/swg-camera-traps/public/vietnam/loc_0893/2019/02/image_00026.jpg,SWG Camera Traps : d9d9fb82-8c29-11eb-a888-000d3a74c7de,SWG Camera Traps : 2c7c9749-8c2a-11eb-a8d1-000d3a74c7de,SWG Camera Traps : loc_0893,1,leopard cat,02-15-2019 23:51:55,4,train
https://storage.googleapis.com/public-datasets-lila/swg-camera-traps/public/vietnam/loc_0893/2019/02/image_00027.jpg,SWG Camera Traps : d9d9fb83-8c29-11eb-8105-000d3a74c7de,SWG Camera Traps : 2c7c9749-8c2a-11eb-a8d1-000d3a74c7de,SWG Camera Traps : loc_0893,2,leopard cat,02-15-2019 23:51:58,4,train
https://storage.googleapis.com/public-datasets-lila/swg-camera-traps/public/vietnam/loc_0893/2019/02/image_00028.jpg,SWG Camera Traps : d9d9fb84-8c29-11eb-8bae-000d3a74c7de,SWG Camera Traps : 2c7c9749-8c2a-11eb-a8d1-000d3a74c7de,SWG Camera Traps : loc_0893,3,leopard cat,02-15-2019 23:52:02,4,train
https://storage.googleapis.com/public-datasets-lila/swg-camera-traps/public/vietnam/loc_0893/2019/02/image_00029.jpg,SWG Camera Traps : d9d9fb85-8c29-11eb-a172-000d3a74c7de,SWG Camera Traps : 2c7c9749-8c2a-11eb-a8d1-000d3a74c7de,SWG Camera Traps : loc_0893,4,leopard cat,02-15-2019 23:52:05,4,train
https://storage.googleapis.com/public-datasets-lila/swg-camera-traps/public/vietnam/loc_0893/2019/02/image_00030.jpg,SWG Camera Traps : d9d9fb86-8c29-11eb-ba7f-000d3a74c7de,SWG Camera Traps : 2c7c9749-8c2a-11eb-a8d1-000d3a74c7de,SWG Camera Traps : loc_0893,5,leopard cat,02-15-2019 23:52:15,4,train
https://storage.googleapis.com/public-datasets-lila/swg-camera-traps/public/vietnam/loc_0893/2019/02/image_00031.jpg,SWG Camera Traps : d9d9fb87-8c29-11eb-80cb-000d3a74c7de,SWG Camera Traps : 2c7c9749-8c2a-11eb-a8d1-000d3a74c7de,SWG Camera Traps : loc_0893,6,leopard cat,02-15-2019 23:52:18,4,train
https://storage.googleapis.com/public-datasets-lila/swg-camera-traps/public/vietnam/loc_0893/2019/02/image_00032.jpg,SWG Camera Traps : d9d9fb88-8c29-11eb-81ed-000d3a74c7de,SWG Camera Traps : 2c7c9749-8c2a-11eb-a8d1-000d3a74c7de,SWG Camera Traps : loc_0893,7,leopard cat,02-15-2019 23:52:22,4,train
https://storage.googleapis.com/public-datasets-lila/swg-camera-traps/public/vietnam/loc_0893/2019/02/image_00033.jpg,SWG Camera Traps : d9d9fb89-8c29-11eb-b74b-000d3a74c7de,SWG Camera Traps : 2c7c9749-8c2a-11eb-a8d1-000d3a74c7de,SWG Camera Traps : loc_0893,8,leopard cat,02-15-2019 23:52:25,4,train
https://storage.googleapis.com/public-datasets-lila/swg-camera-traps/public/vietnam/loc_0893/2019/02/image_00034.jpg,SWG Camera Traps : d9d9fb8a-8c29-11eb-9a33-000d3a74c7de,SWG Camera Traps : 2c7c9749-8c2a-11eb-a8d1-000d3a74c7de,SWG Camera Traps : loc_0893,9,leopard cat,02-15-2019 23:52:29,4,train
https://storage.googleapis.com/public-datasets-lila/swg-camera-traps/public/vietnam/loc_0893/2019/02/image_00035.jpg,SWG Camera Traps : d9d9fb8b-8c29-11eb-8779-000d3a74c7de,SWG Camera Traps : 2c7c974a-8c2a-11eb-9979-000d3a74c7de,SWG Camera Traps : loc_0893,0,leopard cat,02-16-2019 18:34:02,4,train
https://storage.googleapis.com/public-datasets-lila/swg-camera-traps/public/vietnam/loc_0893/2019/02/image_00036.jpg,SWG Camera Traps : d9d9fb8c-8c29-11eb-bd90-000d3a74c7de,SWG Camera Traps : 2c7c974a-8c2a-11eb-9979-000d3a74c7de,SWG Camera Traps : loc_0893,1,leopard cat,02-16-2019 18:34:06,4,train
https://storage.googleapis.com/public-datasets-lila/swg-camera-traps/public/vietnam/loc_0893/2019/02/image_00037.jpg,SWG Camera Traps : d9d9fb8d-8c29-11eb-9528-000d3a74c7de,SWG Camera Traps : 2c7c974a-8c2a-11eb-9979-000d3a74c7de,SWG Camera Traps : loc_0893,2,leopard cat,02-16-2019 18:34:09,4,train
https://storage.googleapis.com/public-datasets-lila/swg-camera-traps/public/vietnam/loc_0893/2019/02/image_00038.jpg,SWG Camera Traps : d9d9fb8e-8c29-11eb-a60a-000d3a74c7de,SWG Camera Traps : 2c7c974a-8c2a-11eb-9979-000d3a74c7de,SWG Camera Traps : loc_0893,3,leopard cat,02-16-2019 18:34:13,4,train
https://storage.googleapis.com/public-datasets-lila/swg-camera-traps/public/vietnam/loc_0893/2019/02/image_00039.jpg,SWG Camera Traps : d9d9fb8f-8c29-11eb-bd9f-000d3a74c7de,SWG Camera Traps : 2c7c974a-8c2a-11eb-9979-000d3a74c7de,SWG Camera Traps : loc_0893,4,leopard cat,02-16-2019 18:34:16,4,train
https://storage.googleapis.com/public-datasets-lila/swg-camera-traps/public/vietnam/loc_0896/2019/03/image_00135.jpg,SWG Camera Traps : d9dc6af5-8c29-11eb-b41a-000d3a74c7de,SWG Camera Traps : 19c454f8-8c2a-11eb-a053-000d3a74c7de,SWG Camera Traps : loc_0896,0,leopard cat,03-05-2019 19:22:41,4,train
https://storage.googleapis.com/public-datasets-lila/swg-camera-traps/public/vietnam/loc_0896/2019/03/image_00136.jpg,SWG Camera Traps : d9dc6af6-8c29-11eb-aadb-000d3a74c7de,SWG Camera Traps : 19c454f8-8c2a-11eb-a053-000d3a74c7de,SWG Camera Traps : loc_0896,1,leopard cat,03-05-2019 19:22:45,4,train
https://storage.googleapis.com/public-datasets-lila/swg-camera-traps/public/vietnam/loc_0896/2019/03/image_00137.jpg,SWG Camera Traps : d9dc6af7-8c29-11eb-ab3b-000d3a74c7de,SWG Camera Traps : 19c454f8-8c2a-11eb-a053-000d3a74c7de,SWG Camera Traps : loc_0896,2,leopard cat,03-05-2019 19:22:48,4,train
https://storage.googleapis.com/public-datasets-lila/swg-camera-traps/public/vietnam/loc_0896/2019/03/image_00138.jpg,SWG Camera Traps : d9dc6af8-8c29-11eb-bc39-000d3a74c7de,SWG Camera Traps : 19c454f8-8c2a-11eb-a053-000d3a74c7de,SWG Camera Traps : loc_0896,3,leopard cat,03-05-2019 19:22:52,4,train
https://storage.googleapis.com/public-datasets-lila/swg-camera-traps/public/vietnam/loc_0896/2019/03/image_00139.jpg,SWG Camera Traps : d9dc6af9-8c29-11eb-ae4d-000d3a74c7de,SWG Camera Traps : 19c454f8-8c2a-11eb-a053-000d3a74c7de,SWG Camera Traps : loc_0896,4,leopard cat,03-05-2019 19:22:55,4,train
https://storage.googleapis.com/public-datasets-lila/swg-camera-traps/public/vietnam/loc_0904/2019/03/image_00025.jpg,SWG Camera Traps : d9fdb3ca-8c29-11eb-a0f9-000d3a74c7de,SWG Camera Traps : eb9fa534-8c29-11eb-b7d3-000d3a74c7de,SWG Camera Traps : loc_0904,0,leopard cat,03-15-2019 02:16:08,4,test
https://storage.googleapis.com/public-datasets-lila/swg-camera-traps/public/vietnam/loc_0904/2019/03/image_00026.jpg,SWG Camera Traps : d9fdb3cb-8c29-11eb-bf26-000d3a74c7de,SWG Camera Traps : eb9fa534-8c29-11eb-b7d3-000d3a74c7de,SWG Camera Traps : loc_0904,1,leopard cat,03-15-2019 02:16:12,4,test
https://storage.googleapis.com/public-datasets-lila/swg-camera-traps/public/vietnam/loc_0904/2019/03/image_00027.jpg,SWG Camera Traps : d9fdb3cc-8c29-11eb-a31c-000d3a74c7de,SWG Camera Traps : eb9fa534-8c29-11eb-b7d3-000d3a74c7de,SWG Camera Traps : loc_0904,2,leopard cat,03-15-2019 02:16:15,4,test
https://storage.googleapis.com/public-datasets-lila/swg-camera-traps/public/vietnam/loc_0904/2019/03/image_00028.jpg,SWG Camera Traps : d9fdb3cd-8c29-11eb-bd2c-000d3a74c7de,SWG Camera Traps : eb9fa534-8c29-11eb-b7d3-000d3a74c7de,SWG Camera Traps : loc_0904,3,leopard cat,03-15-2019 02:16:19,4,test
https://storage.googleapis.com/public-datasets-lila/swg-camera-traps/public/vietnam/loc_0904/2019/03/image_00029.jpg,SWG Camera Traps : d9fdb3ce-8c29-11eb-8e9c-000d3a74c7de,SWG Camera Traps : eb9fa534-8c29-11eb-b7d3-000d3a74c7de,SWG Camera Traps : loc_0904,4,leopard cat,03-15-2019 02:16:23,4,test
https://storage.googleapis.com/public-datasets-lila/swg-camera-traps/public/vietnam/loc_0979/2020/03/image_00103.jpg,SWG Camera Traps : dc4d00ad-8c29-11eb-88b6-000d3a74c7de,SWG Camera Traps : 192e2546-8c2a-11eb-b4ca-000d3a74c7de,SWG Camera Traps : loc_0979,0,leopard cat,03-15-2020 06:43:41,4,train
https://storage.googleapis.com/public-datasets-lila/swg-camera-traps/public/vietnam/loc_0979/2020/03/image_00104.jpg,SWG Camera Traps : dc4d00ae-8c29-11eb-8b7d-000d3a74c7de,SWG Camera Traps : 192e2546-8c2a-11eb-b4ca-000d3a74c7de,SWG Camera Traps : loc_0979,1,leopard cat,03-15-2020 06:43:43,4,train
https://storage.googleapis.com/public-datasets-lila/swg-camera-traps/public/vietnam/loc_0979/2020/03/image_00105.jpg,SWG Camera Traps : dc4d00af-8c29-11eb-814d-000d3a74c7de,SWG Camera Traps : 192e2546-8c2a-11eb-b4ca-000d3a74c7de,SWG Camera Traps : loc_0979,2,leopard cat,03-15-2020 06:43:43,4,train
https://storage.googleapis.com/public-datasets-lila/swg-camera-traps/public/vietnam/loc_0979/2020/06/image_00000.jpg,SWG Camera Traps : dc4d00b0-8c29-11eb-ad10-000d3a74c7de,SWG Camera Traps : 19308303-8c2a-11eb-9366-000d3a74c7de,SWG Camera Traps : loc_0979,0,leopard cat,06-09-2020 03:36:10,4,train
https://storage.googleapis.com/public-datasets-lila/swg-camera-traps/public/vietnam/loc_0979/2020/06/image_00001.jpg,SWG Camera Traps : dc4d00b1-8c29-11eb-9353-000d3a74c7de,SWG Camera Traps : 19308303-8c2a-11eb-9366-000d3a74c7de,SWG Camera Traps : loc_0979,1,leopard cat,06-09-2020 03:36:12,4,train
https://storage.googleapis.com/public-datasets-lila/swg-camera-traps/public/vietnam/loc_0979/2020/06/image_00002.jpg,SWG Camera Traps : dc4d00b2-8c29-11eb-942b-000d3a74c7de,SWG Camera Traps : 19308303-8c2a-11eb-9366-000d3a74c7de,SWG Camera Traps : loc_0979,2,leopard cat,06-09-2020 03:36:13,4,train
https://storage.googleapis.com/public-datasets-lila/swg-camera-traps/public/vietnam/loc_0979/2020/06/image_00003.jpg,SWG Camera Traps : dc4d00b3-8c29-11eb-ba0a-000d3a74c7de,SWG Camera Traps : 19308303-8c2a-11eb-9366-000d3a74c7de,SWG Camera Traps : loc_0979,3,leopard cat,06-09-2020 03:36:14,4,train
https://storage.googleapis.com/public-datasets-lila/swg-camera-traps/public/vietnam/loc_0981/2020/06/image_00001.jpg,SWG Camera Traps : dc542872-8c29-11eb-963c-000d3a74c7de,SWG Camera Traps : f549dcbb-8c29-11eb-aafd-000d3a74c7de,SWG Camera Traps : loc_0981,0,leopard cat,06-08-2020 05:39:01,4,train
https://storage.googleapis.com/public-datasets-lila/swg-camera-traps/public/vietnam/loc_0981/2020/06/image_00002.jpg,SWG Camera Traps : dc542873-8c29-11eb-bf0a-000d3a74c7de,SWG Camera Traps : f549dcbb-8c29-11eb-aafd-000d3a74c7de,SWG Camera Traps : loc_0981,1,leopard cat,06-08-2020 05:39:02,4,train
https://storage.googleapis.com/public-datasets-lila/swg-camera-traps/public/vietnam/loc_0981/2020/06/image_00003.jpg,SWG Camera Traps : dc542874-8c29-11eb-914d-000d3a74c7de,SWG Camera Traps : f549dcbb-8c29-11eb-aafd-000d3a74c7de,SWG Camera Traps : loc_0981,2,leopard cat,06-08-2020 05:39:03,4,train
https://storage.googleapis.com/public-datasets-lila/swg-camera-traps/public/vietnam/loc_0981/2020/06/image_00004.jpg,SWG Camera Traps : dc542875-8c29-11eb-9ded-000d3a74c7de,SWG Camera Traps : f549dcbb-8c29-11eb-aafd-000d3a74c7de,SWG Camera Traps : loc_0981,3,leopard cat,06-08-2020 05:39:04,4,train
https://storage.googleapis.com/public-datasets-lila/wcs-unzipped/animals/0035/1563.jpg,WCS Camera Traps : d40d7996-92d4-11e9-b8f1-000d3a74c7de,WCS Camera Traps : idn-002-d0062-12,WCS Camera Traps : 517,1,mainland leopard cat,05-03-1999 22:58:00,4,train
https://storage.googleapis.com/public-datasets-lila/wcs-unzipped/animals/0035/1792.jpg,WCS Camera Traps : d418c484-92d4-11e9-ac81-000d3a74c7de,WCS Camera Traps : idn-002-d0048-4,WCS Camera Traps : 529,1,mainland leopard cat,05-07-1999 04:22:00,4,test
https://storage.googleapis.com/public-datasets-lila/wcs-unzipped/animals/0035/1972.jpg,WCS Camera Traps : d420d9dc-92d4-11e9-bdd6-000d3a74c7de,WCS Camera Traps : idn-002-d0073-4,WCS Camera Traps : 538,1,mainland leopard cat,04-21-1999 11:55:00,4,train
https://storage.googleapis.com/public-datasets-lila/wcs-unzipped/animals/0036/0114.jpg,WCS Camera Traps : d4282c5e-92d4-11e9-8d02-000d3a74c7de,WCS Camera Traps : idn-002-d0110-11,WCS Camera Traps : 526,1,mainland leopard cat,10-14-1999 00:00:00,4,train
https://storage.googleapis.com/public-datasets-lila/wcs-unzipped/animals/0036/0118.jpg,WCS Camera Traps : d4286514-92d4-11e9-855e-000d3a74c7de,WCS Camera Traps : idn-002-d0110-13,WCS Camera Traps : 526,1,mainland leopard cat,10-20-1999 00:00:00,4,train
https://storage.googleapis.com/public-datasets-lila/wcs-unzipped/animals/0036/0167.jpg,WCS Camera Traps : d42a7606-92d4-11e9-9c9a-000d3a74c7de,WCS Camera Traps : idn-002-d0105-22,WCS Camera Traps : 517,1,mainland leopard cat,10-07-1999 22:54:00,4,train
https://storage.googleapis.com/public-datasets-lila/wcs-unzipped/animals/0036/0259.jpg,WCS Camera Traps : d42e94b8-92d4-11e9-8fbf-000d3a74c7de,WCS Camera Traps : idn-002-d0080-12,WCS Camera Traps : 525,1,mainland leopard cat,10-08-1999 12:05:00,4,train
https://storage.googleapis.com/public-datasets-lila/wcs-unzipped/animals/0036/0267.jpg,WCS Camera Traps : d42ee2c4-92d4-11e9-8fba-000d3a74c7de,WCS Camera Traps : idn-002-d0080-20,WCS Camera Traps : 525,1,mainland leopard cat,10-26-1999 01:47:00,4,train
https://storage.googleapis.com/public-datasets-lila/wcs-unzipped/animals/0036/0296.jpg,WCS Camera Traps : d4301b45-92d4-11e9-aa22-000d3a74c7de,WCS Camera Traps : idn-002-d0102-14,WCS Camera Traps : 548,1,mainland leopard cat,10-24-1999 21:36:00,4,train
https://storage.googleapis.com/public-datasets-lila/wcs-unzipped/animals/0036/0467.jpg,WCS Camera Traps : d438319e-92d4-11e9-90a1-000d3a74c7de,WCS Camera Traps : idn-002-d0104-2,WCS Camera Traps : 523,1,mainland leopard cat,10-02-1999 21:29:00,4,train
https://storage.googleapis.com/public-datasets-lila/wcs-unzipped/animals/0036/0468.jpg,WCS Camera Traps : d43831a0-92d4-11e9-a71c-000d3a74c7de,WCS Camera Traps : idn-002-d0104-3,WCS Camera Traps : 523,1,mainland leopard cat,10-02-1999 22:38:00,4,train
https://storage.googleapis.com/public-datasets-lila/wcs-unzipped/animals/0036/0469.jpg,WCS Camera Traps : d43831a2-92d4-11e9-abde-000d3a74c7de,WCS Camera Traps : idn-002-d0104-3,WCS Camera Traps : 523,2,mainland leopard cat,10-02-1999 22:39:00,4,train
https://storage.googleapis.com/public-datasets-lila/wcs-unzipped/animals/0036/0481.jpg,WCS Camera Traps : d438cdaa-92d4-11e9-8fa4-000d3a74c7de,WCS Camera Traps : idn-002-d0104-16,WCS Camera Traps : 523,1,mainland leopard cat,10-14-1999 22:31:00,4,train
https://storage.googleapis.com/public-datasets-lila/wcs-unzipped/animals/0036/0874.jpg,WCS Camera Traps : d44a59ee-92d4-11e9-9af8-000d3a74c7de,WCS Camera Traps : idn-002-d0123-2,WCS Camera Traps : 548,1,mainland leopard cat,06-14-2000 22:24:00,4,train
https://storage.googleapis.com/public-datasets-lila/wcs-unzipped/animals/0036/0875.jpg,WCS Camera Traps : d44a59f0-92d4-11e9-b6c4-000d3a74c7de,WCS Camera Traps : idn-002-d0123-3,WCS Camera Traps : 548,1,mainland leopard cat,06-14-2000 22:28:00,4,train
https://storage.googleapis.com/public-datasets-lila/wcs-unzipped/animals/0036/0876.jpg,WCS Camera Traps : d44a59f2-92d4-11e9-969b-000d3a74c7de,WCS Camera Traps : idn-002-d0123-4,WCS Camera Traps : 548,1,mainland leopard cat,06-14-2000 22:32:00,4,train
https://storage.googleapis.com/public-datasets-lila/wcs-unzipped/animals/0325/0760.jpg,WCS Camera Traps : 3de38519-92d5-11e9-9070-000d3a74c7de,WCS Camera Traps : idn-001-d0150-3,WCS Camera Traps : 1729,1,mainland leopard cat,11-15-1998 21:17:00,4,train
https://storage.googleapis.com/public-datasets-lila/wcs-unzipped/animals/0326/0951.jpg,WCS Camera Traps : 3e466597-92d5-11e9-a731-000d3a74c7de,WCS Camera Traps : idn-001-d0122-8,WCS Camera Traps : 1886,1,mainland leopard cat,02-24-2000 20:59:00,4,train
https://storage.googleapis.com/public-datasets-lila/wcs-unzipped/animals/0326/0952.jpg,WCS Camera Traps : 3e468c94-92d5-11e9-912f-000d3a74c7de,WCS Camera Traps : idn-001-d0122-9,WCS Camera Traps : 1886,1,mainland leopard cat,02-27-2000 21:19:00,4,train
https://storage.googleapis.com/public-datasets-lila/wcs-unzipped/animals/0327/1174.jpg,WCS Camera Traps : 3eabde30-92d5-11e9-a8b9-000d3a74c7de,WCS Camera Traps : idn-001-d0491-6,WCS Camera Traps : 2018,1,mainland leopard cat,05-29-2001 21:17:00,4,train
https://storage.googleapis.com/public-datasets-lila/wcs-unzipped/animals/0328/1286.jpg,WCS Camera Traps : 3f0d872a-92d5-11e9-9ef2-000d3a74c7de,WCS Camera Traps : idn-001-d0704-6,WCS Camera Traps : 2163,1,mainland leopard cat,09-11-2002 20:37:00,4,train
https://storage.googleapis.com/public-datasets-lila/wcs-unzipped/animals/0328/1476.jpg,WCS Camera Traps : 3f165fe7-92d5-11e9-b30e-000d3a74c7de,WCS Camera Traps : idn-001-d0658-3,WCS Camera Traps : 2180,1,mainland leopard cat,12-04-2002 20:47:00,4,train
https://storage.googleapis.com/public-datasets-lila/wcs-unzipped/animals/0328/1499.jpg,WCS Camera Traps : 3f17711c-92d5-11e9-a35d-000d3a74c7de,WCS Camera Traps : idn-001-d0664-21,WCS Camera Traps : 2182,1,mainland leopard cat,12-14-2002 07:57:00,4,train
https://storage.googleapis.com/public-datasets-lila/wcs-unzipped/animals/0328/1798.jpg,WCS Camera Traps : 3f252cf5-92d5-11e9-9e4a-000d3a74c7de,WCS Camera Traps : idn-001-d0647-3,WCS Camera Traps : 2234,1,mainland leopard cat,04-05-2003 23:58:00,4,train
https://storage.googleapis.com/public-datasets-lila/wcs-unzipped/animals/0328/1801.jpg,WCS Camera Traps : 3f255476-92d5-11e9-b805-000d3a74c7de,WCS Camera Traps : idn-001-d0647-6,WCS Camera Traps : 2234,1,mainland leopard cat,04-17-2003 06:48:00,4,train
https://storage.googleapis.com/public-datasets-lila/wcs-unzipped/animals/0329/0802.jpg,WCS Camera Traps : 3f553d88-92d5-11e9-884c-000d3a74c7de,WCS Camera Traps : idn-001-d0763-7,WCS Camera Traps : 2320,1,mainland leopard cat,11-16-2003 02:21:00,4,train
https://storage.googleapis.com/public-datasets-lila/wcs-unzipped/animals/0329/0883.jpg,WCS Camera Traps : 3f58c064-92d5-11e9-ab42-000d3a74c7de,WCS Camera Traps : idn-001-d0845-2,WCS Camera Traps : 2330,1,mainland leopard cat,12-23-2003 19:15:00,4,train
https://storage.googleapis.com/public-datasets-lila/wcs-unzipped/animals/0329/1990.jpg,WCS Camera Traps : 3f8b695e-92d5-11e9-b29d-000d3a74c7de,WCS Camera Traps : idn-001-d0986-16,WCS Camera Traps : 2418,1,mainland leopard cat,10-19-2004 20:01:00,4,train
https://storage.googleapis.com/public-datasets-lila/wcs-unzipped/animals/0330/0265.jpg,WCS Camera Traps : 3f98130c-92d5-11e9-8134-000d3a74c7de,WCS Camera Traps : idn-001-d1036-2,WCS Camera Traps : 2433,1,mainland leopard cat,11-06-2004 20:37:00,4,train
https://storage.googleapis.com/public-datasets-lila/wcs-unzipped/animals/0330/1080.jpg,WCS Camera Traps : 3fbc643e-92d5-11e9-b6d9-000d3a74c7de,WCS Camera Traps : idn-001-d0997-5,WCS Camera Traps : 2519,1,mainland leopard cat,10-14-2004 03:27:00,4,val
https://storage.googleapis.com/public-datasets-lila/wcs-unzipped/animals/0407/0443.jpg,WCS Camera Traps : 5b8adc09-92d5-11e9-b75e-000d3a74c7de,WCS Camera Traps : idn-003-d0143-274,WCS Camera Traps : 2881,1,mainland leopard cat,08-19-2010 21:08:25,4,train
https://storage.googleapis.com/public-datasets-lila/wcs-unzipped/animals/0407/0855.jpg,WCS Camera Traps : 5b9dc7c3-92d5-11e9-b373-000d3a74c7de,WCS Camera Traps : idn-003-d0144-145,WCS Camera Traps : 2881,1,mainland leopard cat,08-13-2010 04:07:49,4,train
https://storage.googleapis.com/public-datasets-lila/wcs-unzipped/animals/0409/0968.jpg,WCS Camera Traps : 5c613edb-92d5-11e9-a109-000d3a74c7de,WCS Camera Traps : idn-003-d0188-15,WCS Camera Traps : 2881,1,mainland leopard cat,10-07-2010 19:02:35,4,train
https://storage.googleapis.com/public-datasets-lila/wcs-unzipped/animals/0409/0980.jpg,WCS Camera Traps : 5c61b416-92d5-11e9-9b28-000d3a74c7de,WCS Camera Traps : idn-003-d0188-27,WCS Camera Traps : 2881,1,mainland leopard cat,10-17-2010 18:28:34,4,train
https://storage.googleapis.com/public-datasets-lila/wcs-unzipped/animals/0409/1485.jpg,WCS Camera Traps : 5c790c94-92d5-11e9-9463-000d3a74c7de,WCS Camera Traps : idn-003-d0196-7,WCS Camera Traps : 2886,1,mainland leopard cat,10-06-2010 20:29:52,4,train
https://storage.googleapis.com/public-datasets-lila/wcs-unzipped/animals/0409/1565.jpg,WCS Camera Traps : 5c7cdd2b-92d5-11e9-ad3a-000d3a74c7de,WCS Camera Traps : idn-003-d0197-11,WCS Camera Traps : 2886,1,mainland leopard cat,10-19-2010 20:05:27,4,train
https://storage.googleapis.com/public-datasets-lila/wcs-unzipped/animals/0410/0054.jpg,WCS Camera Traps : 5c939976-92d5-11e9-aef0-000d3a74c7de,WCS Camera Traps : idn-003-d0201-132,WCS Camera Traps : 2882,1,mainland leopard cat,10-15-2010 21:08:57,4,train
https://storage.googleapis.com/public-datasets-lila/wcs-unzipped/animals/0410/0055.jpg,WCS Camera Traps : 5c939978-92d5-11e9-a2fb-000d3a74c7de,WCS Camera Traps : idn-003-d0201-133,WCS Camera Traps : 2882,1,mainland leopard cat,10-15-2010 21:11:17,4,train
https://storage.googleapis.com/public-datasets-lila/wcs-unzipped/animals/0428/0051.jpg,WCS Camera Traps : 6313b58c-92d5-11e9-8e30-000d3a74c7de,WCS Camera Traps : idn-004-d0080-248,WCS Camera Traps : 3013,1,mainland leopard cat,02-14-2013 23:19:01,4,train
https://storage.googleapis.com/public-datasets-lila/wcs-unzipped/animals/0428/0096.jpg,WCS Camera Traps : 6315b103-92d5-11e9-b1f3-000d3a74c7de,WCS Camera Traps : idn-004-d0080-261,WCS Camera Traps : 3013,1,mainland leopard cat,02-16-2013 23:07:58,4,train
https://storage.googleapis.com/public-datasets-lila/wcs-unzipped/animals/0459/1056.jpg,WCS Camera Traps : 6f517014-92d5-11e9-b851-000d3a74c7de,WCS Camera Traps : idn-004-d0267-100,WCS Camera Traps : 3116,1,mainland leopard cat,05-28-2013 04:25:55,4,train
https://storage.googleapis.com/public-datasets-lila/wcs-unzipped/animals/0459/1057.jpg,WCS Camera Traps : 6f517016-92d5-11e9-a53a-000d3a74c7de,WCS Camera Traps : idn-004-d0267-100,WCS Camera Traps : 3116,2,mainland leopard cat,05-28-2013 04:26:12,4,train
https://storage.googleapis.com/public-datasets-lila/wcs-unzipped/animals/0459/1059.jpg,WCS Camera Traps : 6f51979c-92d5-11e9-b552-000d3a74c7de,WCS Camera Traps : idn-004-d0267-102,WCS Camera Traps : 3116,1,mainland leopard cat,05-28-2013 05:40:20,4,train
https://storage.googleapis.com/public-datasets-lila/wcs-unzipped/animals/0459/1060.jpg,WCS Camera Traps : 6f51979e-92d5-11e9-8745-000d3a74c7de,WCS Camera Traps : idn-004-d0267-102,WCS Camera Traps : 3116,2,mainland leopard cat,05-28-2013 05:40:38,4,train
https://storage.googleapis.com/public-datasets-lila/wcs-unzipped/animals/0459/1061.jpg,WCS Camera Traps : 6f5197a0-92d5-11e9-ae8e-000d3a74c7de,WCS Camera Traps : idn-004-d0267-102,WCS Camera Traps : 3116,3,mainland leopard cat,05-28-2013 05:40:55,4,train
https://storage.googleapis.com/public-datasets-lila/wcs-unzipped/animals/0459/1062.jpg,WCS Camera Traps : 6f51be99-92d5-11e9-bc6a-000d3a74c7de,WCS Camera Traps : idn-004-d0267-103,WCS Camera Traps : 3116,1,mainland leopard cat,05-28-2013 05:43:53,4,train
https://storage.googleapis.com/public-datasets-lila/wcs-unzipped/animals/0460/0711.jpg,WCS Camera Traps : 6f9d9309-92d5-11e9-a50c-000d3a74c7de,WCS Camera Traps : idn-004-d0267-747,WCS Camera Traps : 3116,1,mainland leopard cat,07-01-2013 18:43:52,4,train
https://storage.googleapis.com/public-datasets-lila/wcs-unzipped/animals/0464/0580.jpg,WCS Camera Traps : 71120a97-92d5-11e9-b987-000d3a74c7de,WCS Camera Traps : idn-004-d0308-22,WCS Camera Traps : 3148,1,mainland leopard cat,06-24-2013 20:01:52,4,train
https://storage.googleapis.com/public-datasets-lila/wcs-unzipped/animals/0464/0581.jpg,WCS Camera Traps : 71123302-92d5-11e9-8353-000d3a74c7de,WCS Camera Traps : idn-004-d0308-22,WCS Camera Traps : 3148,2,mainland leopard cat,06-24-2013 20:02:10,4,train
https://storage.googleapis.com/public-datasets-lila/wcs-unzipped/animals/0464/0582.jpg,WCS Camera Traps : 71123304-92d5-11e9-9052-000d3a74c7de,WCS Camera Traps : idn-004-d0308-22,WCS Camera Traps : 3148,3,mainland leopard cat,06-24-2013 20:02:28,4,train
https://storage.googleapis.com/public-datasets-lila/wcs-unzipped/animals/0476/0857.jpg,WCS Camera Traps : 7586c6f3-92d5-11e9-92cf-000d3a74c7de,WCS Camera Traps : lao-001-d0004-10,WCS Camera Traps : 3441,1,mainland leopard cat,03-24-2003 12:01:00,4,train
https://storage.googleapis.com/public-datasets-lila/wcs-unzipped/animals/0476/0925.jpg,WCS Camera Traps : 7589ad3b-92d5-11e9-8568-000d3a74c7de,WCS Camera Traps : lao-001-d0009-17,WCS Camera Traps : 3444,1,mainland leopard cat,04-18-2003 23:19:00,4,train
https://storage.googleapis.com/public-datasets-lila/wcs-unzipped/animals/0476/1102.jpg,WCS Camera Traps : 7592389f-92d5-11e9-9aa3-000d3a74c7de,WCS Camera Traps : lao-001-d0038-5,WCS Camera Traps : 3459,1,mainland leopard cat,04-15-2003 23:58:00,4,train
https://storage.googleapis.com/public-datasets-lila/wcs-unzipped/animals/0476/1109.jpg,WCS Camera Traps : 759286f6-92d5-11e9-bf40-000d3a74c7de,WCS Camera Traps : lao-001-d0039-4,WCS Camera Traps : 3460,1,mainland leopard cat,04-03-2003 05:02:00,4,train
https://storage.googleapis.com/public-datasets-lila/wcs-unzipped/animals/0476/1378.jpg,WCS Camera Traps : 759f5849-92d5-11e9-b5a1-000d3a74c7de,WCS Camera Traps : lao-001-d0085-6,WCS Camera Traps : 3483,1,mainland leopard cat,11-20-2003 18:15:00,4,train
https://storage.googleapis.com/public-datasets-lila/wcs-unzipped/animals/0476/1692.jpg,WCS Camera Traps : 75add746-92d5-11e9-9dc2-000d3a74c7de,WCS Camera Traps : lao-001-d0190-2,WCS Camera Traps : 3537,1,mainland leopard cat,02-28-2004 03:25:00,4,train
https://storage.googleapis.com/public-datasets-lila/wcs-unzipped/animals/0476/1721.jpg,WCS Camera Traps : 75af0f6e-92d5-11e9-b59b-000d3a74c7de,WCS Camera Traps : lao-001-d0195-3,WCS Camera Traps : 3539,1,mainland leopard cat,03-02-2004 04:04:00,4,train
https://storage.googleapis.com/public-datasets-lila/wcs-unzipped/animals/0476/1737.jpg,WCS Camera Traps : 75afabc6-92d5-11e9-9292-000d3a74c7de,WCS Camera Traps : lao-001-d0197-4,WCS Camera Traps : 3540,1,mainland leopard cat,03-17-2004 00:25:00,4,train
https://storage.googleapis.com/public-datasets-lila/wcs-unzipped/animals/0476/1854.jpg,WCS Camera Traps : 75b55126-92d5-11e9-9612-000d3a74c7de,WCS Camera Traps : lao-001-d0217-3,WCS Camera Traps : 3550,1,mainland leopard cat,05-11-2004 18:57:00,4,train
https://storage.googleapis.com/public-datasets-lila/wcs-unzipped/animals/0477/0056.jpg,WCS Camera Traps : 75bf157a-92d5-11e9-9b76-000d3a74c7de,WCS Camera Traps : lao-001-d0250-2,WCS Camera Traps : 3567,1,mainland leopard cat,10-28-2004 18:20:00,4,train
https://storage.googleapis.com/public-datasets-lila/wcs-unzipped/animals/0477/0137.jpg,WCS Camera Traps : 75c298f6-92d5-11e9-8477-000d3a74c7de,WCS Camera Traps : lao-001-d0263-7,WCS Camera Traps : 3574,1,mainland leopard cat,11-08-2004 22:13:00,4,train
https://storage.googleapis.com/public-datasets-lila/wcs-unzipped/animals/0477/0180.jpg,WCS Camera Traps : 75c493b5-92d5-11e9-824d-000d3a74c7de,WCS Camera Traps : lao-001-d0268-3,WCS Camera Traps : 3577,1,mainland leopard cat,11-10-2004 22:42:00,4,train
https://storage.googleapis.com/public-datasets-lila/wcs-unzipped/animals/0477/0257.jpg,WCS Camera Traps : 75c7eed7-92d5-11e9-9927-000d3a74c7de,WCS Camera Traps : lao-001-d0280-3,WCS Camera Traps : 3583,1,mainland leopard cat,11-24-2004 09:14:00,4,train
https://storage.googleapis.com/public-datasets-lila/wcs-unzipped/animals/0477/0265.jpg,WCS Camera Traps : 75c83d15-92d5-11e9-8ee3-000d3a74c7de,WCS Camera Traps : lao-001-d0281-2,WCS Camera Traps : 3584,1,mainland leopard cat,11-26-2004 05:30:00,4,train
https://storage.googleapis.com/public-datasets-lila/wcs-unzipped/animals/0477/0279.jpg,WCS Camera Traps : 75c9009c-92d5-11e9-a7c1-000d3a74c7de,WCS Camera Traps : lao-001-d0283-4,WCS Camera Traps : 3585,1,mainland leopard cat,11-08-2004 11:24:00,4,train
https://storage.googleapis.com/public-datasets-lila/wcs-unzipped/animals/0477/0280.jpg,WCS Camera Traps : 75c9009e-92d5-11e9-b72a-000d3a74c7de,WCS Camera Traps : lao-001-d0283-5,WCS Camera Traps : 3585,1,mainland leopard cat,11-08-2004 20:41:00,4,train
https://storage.googleapis.com/public-datasets-lila/wcs-unzipped/animals/0477/0281.jpg,WCS Camera Traps : 75c900a0-92d5-11e9-8153-000d3a74c7de,WCS Camera Traps : lao-001-d0283-6,WCS Camera Traps : 3585,1,mainland leopard cat,11-08-2004 20:44:00,4,train
https://storage.googleapis.com/public-datasets-lila/wcs-unzipped/animals/0477/0354.jpg,WCS Camera Traps : 75ccf828-92d5-11e9-ba71-000d3a74c7de,WCS Camera Traps : lao-001-d0292-6,WCS Camera Traps : 3589,1,mainland leopard cat,11-11-2004 01:37:00,4,train
https://storage.googleapis.com/public-datasets-lila/wcs-unzipped/animals/0477/0403.jpg,WCS Camera Traps : 75cf68b8-92d5-11e9-9c6f-000d3a74c7de,WCS Camera Traps : lao-001-d0557-10,WCS Camera Traps : 3723,1,mainland leopard cat,01-03-2007 03:14:00,4,train
https://storage.googleapis.com/public-datasets-lila/wcs-unzipped/animals/0477/0961.jpg,WCS Camera Traps : 75e89801-92d5-11e9-8149-000d3a74c7de,WCS Camera Traps : lao-004-d0013-12,WCS Camera Traps : 3765,1,mainland leopard cat,04-12-2011 03:36:00,4,train
https://storage.googleapis.com/public-datasets-lila/wcs-unzipped/animals/0477/1051.jpg,WCS Camera Traps : 75ecddad-92d5-11e9-8c94-000d3a74c7de,WCS Camera Traps : lao-004-d0014-4,WCS Camera Traps : 3765,1,mainland leopard cat,03-07-2011 22:39:00,4,train
https://storage.googleapis.com/public-datasets-lila/wcs-unzipped/animals/0477/1167.jpg,WCS Camera Traps : 75f20dc3-92d5-11e9-93d4-000d3a74c7de,WCS Camera Traps : lao-004-d0019-6,WCS Camera Traps : 3766,1,mainland leopard cat,03-22-2011 21:07:00,4,train
https://storage.googleapis.com/public-datasets-lila/wcs-unzipped/animals/0477/1193.jpg,WCS Camera Traps : 75f31efe-92d5-11e9-a5fc-000d3a74c7de,WCS Camera Traps : lao-004-d0020-4,WCS Camera Traps : 3766,1,mainland leopard cat,03-22-2011 20:58:00,4,train
https://storage.googleapis.com/public-datasets-lila/wcs-unzipped/animals/0477/1348.jpg,WCS Camera Traps : 75fa4b71-92d5-11e9-9495-000d3a74c7de,WCS Camera Traps : lao-004-d0050-35,WCS Camera Traps : 3768,1,mainland leopard cat,06-15-2011 01:24:00,4,train
https://storage.googleapis.com/public-datasets-lila/wcs-unzipped/animals/0477/1408.jpg,WCS Camera Traps : 75fd3198-92d5-11e9-bede-000d3a74c7de,WCS Camera Traps : lao-004-d0051-31,WCS Camera Traps : 3768,1,mainland leopard cat,06-15-2011 01:28:00,4,train
https://storage.googleapis.com/public-datasets-lila/wcs-unzipped/animals/0477/1469.jpg,WCS Camera Traps : 75ffc7a6-92d5-11e9-af43-000d3a74c7de,WCS Camera Traps : lao-004-d0025-16,WCS Camera Traps : 3770,1,mainland leopard cat,05-29-2011 00:48:00,4,train
https://storage.googleapis.com/public-datasets-lila/wcs-unzipped/animals/0477/1830.jpg,WCS Camera Traps : 76101cae-92d5-11e9-81f5-000d3a74c7de,WCS Camera Traps : lao-004-d0037-19,WCS Camera Traps : 3774,1,mainland leopard cat,06-14-2011 02:05:00,4,train
https://storage.googleapis.com/public-datasets-lila/wcs-unzipped/animals/0477/1848.jpg,WCS Camera Traps : 7610de9b-92d5-11e9-8661-000d3a74c7de,WCS Camera Traps : lao-004-d0037-34,WCS Camera Traps : 3774,1,mainland leopard cat,07-10-2011 04:30:00,4,train
https://storage.googleapis.com/public-datasets-lila/wcs-unzipped/animals/0477/1892.jpg,WCS Camera Traps : 7612b384-92d5-11e9-adc3-000d3a74c7de,WCS Camera Traps : lao-004-d0036-30,WCS Camera Traps : 3774,1,mainland leopard cat,06-14-2011 02:04:00,4,train
https://storage.googleapis.com/public-datasets-lila/wcs-unzipped/animals/0477/1913.jpg,WCS Camera Traps : 76139dfa-92d5-11e9-9d6c-000d3a74c7de,WCS Camera Traps : lao-004-d0036-45,WCS Camera Traps : 3774,1,mainland leopard cat,07-10-2011 04:32:00,4,train
https://storage.googleapis.com/public-datasets-lila/wcs-unzipped/animals/0477/1945.jpg,WCS Camera Traps : 76152478-92d5-11e9-8ee3-000d3a74c7de,WCS Camera Traps : lao-004-d0038-20,WCS Camera Traps : 3775,1,mainland leopard cat,06-11-2011 04:57:00,4,train
https://storage.googleapis.com/public-datasets-lila/wcs-unzipped/animals/0477/1951.jpg,WCS Camera Traps : 76154d03-92d5-11e9-a454-000d3a74c7de,WCS Camera Traps : lao-004-d0038-24,WCS Camera Traps : 3775,1,mainland leopard cat,06-13-2011 21:45:00,4,train
https://storage.googleapis.com/public-datasets-lila/wcs-unzipped/animals/0477/1952.jpg,WCS Camera Traps : 761572d4-92d5-11e9-ba19-000d3a74c7de,WCS Camera Traps : lao-004-d0038-25,WCS Camera Traps : 3775,1,mainland leopard cat,06-14-2011 00:05:00,4,train
https://storage.googleapis.com/public-datasets-lila/wcs-unzipped/animals/0477/1978.jpg,WCS Camera Traps : 7616ab76-92d5-11e9-9c19-000d3a74c7de,WCS Camera Traps : lao-004-d0039-9,WCS Camera Traps : 3775,1,mainland leopard cat,05-21-2011 00:54:00,4,train
https://storage.googleapis.com/public-datasets-lila/wcs-unzipped/animals/0477/1985.jpg,WCS Camera Traps : 7616f927-92d5-11e9-96a5-000d3a74c7de,WCS Camera Traps : lao-004-d0039-14,WCS Camera Traps : 3775,1,mainland leopard cat,06-11-2011 05:00:00,4,train
https://storage.googleapis.com/public-datasets-lila/wcs-unzipped/animals/0477/1986.jpg,WCS Camera Traps : 7616f929-92d5-11e9-899f-000d3a74c7de,WCS Camera Traps : lao-004-d0039-15,WCS Camera Traps : 3775,1,mainland leopard cat,06-13-2011 21:48:00,4,train
https://storage.googleapis.com/public-datasets-lila/wcs-unzipped/animals/0477/1987.jpg,WCS Camera Traps : 7616f92b-92d5-11e9-a92f-000d3a74c7de,WCS Camera Traps : lao-004-d0039-16,WCS Camera Traps : 3775,1,mainland leopard cat,06-14-2011 00:09:00,4,train
https://storage.googleapis.com/public-datasets-lila/wcs-unzipped/animals/0477/1998.jpg,WCS Camera Traps : 76176e34-92d5-11e9-a959-000d3a74c7de,WCS Camera Traps : lao-004-d0035-2,WCS Camera Traps : 3776,1,mainland leopard cat,04-08-2011 00:05:00,4,train
https://storage.googleapis.com/public-datasets-lila/wcs-unzipped/animals/0478/0026.jpg,WCS Camera Traps : 76196a4a-92d5-11e9-877c-000d3a74c7de,WCS Camera Traps : lao-004-d0035-20,WCS Camera Traps : 3776,1,mainland leopard cat,04-29-2011 01:54:00,4,train
https://storage.googleapis.com/public-datasets-lila/wcs-unzipped/animals/0478/0027.jpg,WCS Camera Traps : 76196a4c-92d5-11e9-b216-000d3a74c7de,WCS Camera Traps : lao-004-d0035-21,WCS Camera Traps : 3776,1,mainland leopard cat,05-25-2011 20:18:00,4,train
https://storage.googleapis.com/public-datasets-lila/wcs-unzipped/animals/0478/0043.jpg,WCS Camera Traps : 761a2db4-92d5-11e9-bd6e-000d3a74c7de,WCS Camera Traps : lao-004-d0035-36,WCS Camera Traps : 3776,1,mainland leopard cat,06-05-2011 20:57:00,4,train
https://storage.googleapis.com/public-datasets-lila/wcs-unzipped/animals/0478/0118.jpg,WCS Camera Traps : 761dfe5a-92d5-11e9-86c0-000d3a74c7de,WCS Camera Traps : lao-004-d0034-2,WCS Camera Traps : 3776,1,mainland leopard cat,04-08-2011 00:10:00,4,train
https://storage.googleapis.com/public-datasets-lila/wcs-unzipped/animals/0478/0160.jpg,WCS Camera Traps : 761fd4ac-92d5-11e9-a998-000d3a74c7de,WCS Camera Traps : lao-004-d0034-28,WCS Camera Traps : 3776,1,mainland leopard cat,05-25-2011 20:22:00,4,train
https://storage.googleapis.com/public-datasets-lila/wcs-unzipped/animals/0478/0173.jpg,WCS Camera Traps : 76206fa1-92d5-11e9-8740-000d3a74c7de,WCS Camera Traps : lao-004-d0034-39,WCS Camera Traps : 3776,1,mainland leopard cat,06-05-2011 21:02:00,4,train
https://storage.googleapis.com/public-datasets-lila/wcs-unzipped/animals/0478/0832.jpg,WCS Camera Traps : 763f8fe8-92d5-11e9-8610-000d3a74c7de,WCS Camera Traps : lao-004-d0004-9,WCS Camera Traps : 3783,1,mainland leopard cat,02-22-2011 19:17:00,4,val
https://storage.googleapis.com/public-datasets-lila/wcs-unzipped/animals/0478/0928.jpg,WCS Camera Traps : 76442400-92d5-11e9-b191-000d3a74c7de,WCS Camera Traps : lao-005-d0003-3,WCS Camera Traps : 3785,1,mainland leopard cat,02-11-2012 10:27:00,4,train
https://storage.googleapis.com/public-datasets-lila/wcs-unzipped/animals/0478/0929.jpg,WCS Camera Traps : 76444acb-92d5-11e9-ad53-000d3a74c7de,WCS Camera Traps : lao-005-d0003-3,WCS Camera Traps : 3785,2,mainland leopard cat,02-11-2012 10:27:00,4,train
https://storage.googleapis.com/public-datasets-lila/wcs-unzipped/animals/0478/0930.jpg,WCS Camera Traps : 76444acd-92d5-11e9-aa12-000d3a74c7de,WCS Camera Traps : lao-005-d0003-3,WCS Camera Traps : 3785,3,mainland leopard cat,02-11-2012 10:27:00,4,train
https://storage.googleapis.com/public-datasets-lila/wcs-unzipped/animals/0478/0934.jpg,WCS Camera Traps : 7644720e-92d5-11e9-8018-000d3a74c7de,WCS Camera Traps : lao-005-d0003-7,WCS Camera Traps : 3785,2,mainland leopard cat,02-20-2012 13:05:00,4,train
https://storage.googleapis.com/public-datasets-lila/wcs-unzipped/animals/0478/0946.jpg,WCS Camera Traps : 76450e26-92d5-11e9-9531-000d3a74c7de,WCS Camera Traps : lao-005-d0004-2,WCS Camera Traps : 3785,4,mainland leopard cat,02-11-2012 10:07:00,4,train
https://storage.googleapis.com/public-datasets-lila/wcs-unzipped/animals/0478/0947.jpg,WCS Camera Traps : 76450e28-92d5-11e9-b86e-000d3a74c7de,WCS Camera Traps : lao-005-d0004-2,WCS Camera Traps : 3785,5,mainland leopard cat,02-11-2012 10:07:00,4,train
https://storage.googleapis.com/public-datasets-lila/wcs-unzipped/animals/0478/0948.jpg,WCS Camera Traps : 76450e2a-92d5-11e9-9a95-000d3a74c7de,WCS Camera Traps : lao-005-d0004-2,WCS Camera Traps : 3785,6,mainland leopard cat,02-11-2012 10:07:00,4,train
https://storage.googleapis.com/public-datasets-lila/wcs-unzipped/animals/0478/0954.jpg,WCS Camera Traps : 76455c94-92d5-11e9-9d78-000d3a74c7de,WCS Camera Traps : lao-005-d0004-8,WCS Camera Traps : 3785,2,mainland leopard cat,02-20-2012 12:45:00,4,train
https://storage.googleapis.com/public-datasets-lila/wcs-unzipped/animals/0478/0966.jpg,WCS Camera Traps : 76461fd8-92d5-11e9-bddd-000d3a74c7de,WCS Camera Traps : lao-005-d0004-18,WCS Camera Traps : 3785,1,mainland leopard cat,03-14-2012 05:06:00,4,train
https://storage.googleapis.com/public-datasets-lila/wcs-unzipped/animals/0478/1274.jpg,WCS Camera Traps : 76545073-92d5-11e9-b115-000d3a74c7de,WCS Camera Traps : lao-005-d0082-34,WCS Camera Traps : 3789,1,mainland leopard cat,05-27-2012 22:37:00,4,train
https://storage.googleapis.com/public-datasets-lila/wcs-unzipped/animals/0478/1356.jpg,WCS Camera Traps : 76589600-92d5-11e9-96a7-000d3a74c7de,WCS Camera Traps : lao-005-d0081-36,WCS Camera Traps : 3789,1,mainland leopard cat,05-27-2012 22:36:00,4,train
https://storage.googleapis.com/public-datasets-lila/wcs-unzipped/animals/0478/1460.jpg,WCS Camera Traps : 765d29ec-92d5-11e9-b6a8-000d3a74c7de,WCS Camera Traps : lao-005-d0045-3,WCS Camera Traps : 3792,1,mainland leopard cat,04-13-2012 04:11:00,4,val
https://storage.googleapis.com/public-datasets-lila/wcs-unzipped/animals/0478/1474.jpg,WCS Camera Traps : 765ded52-92d5-11e9-bb87-000d3a74c7de,WCS Camera Traps : lao-005-d0046-4,WCS Camera Traps : 3792,1,mainland leopard cat,04-13-2012 04:18:00,4,val
https://storage.googleapis.com/public-datasets-lila/wcs-unzipped/animals/0478/1631.jpg,WCS Camera Traps : 7664cb0e-92d5-11e9-9ddc-000d3a74c7de,WCS Camera Traps : lao-005-d0084-3,WCS Camera Traps : 3796,1,mainland leopard cat,05-09-2012 04:08:00,4,test
https://storage.googleapis.com/public-datasets-lila/wcs-unzipped/animals/0478/1636.jpg,WCS Camera Traps : 7665191e-92d5-11e9-b3bd-000d3a74c7de,WCS Camera Traps : lao-005-d0084-8,WCS Camera Traps : 3796,1,mainland leopard cat,05-12-2012 03:58:00,4,test
https://storage.googleapis.com/public-datasets-lila/wcs-unzipped/animals/0478/1684.jpg,WCS Camera Traps : 7667d852-92d5-11e9-a6bd-000d3a74c7de,WCS Camera Traps : lao-005-d0085-25,WCS Camera Traps : 3796,1,mainland leopard cat,05-08-2012 06:35:00,4,test
https://storage.googleapis.com/public-datasets-lila/wcs-unzipped/animals/0478/1685.jpg,WCS Camera Traps : 7667d854-92d5-11e9-9c79-000d3a74c7de,WCS Camera Traps : lao-005-d0085-26,WCS Camera Traps : 3796,1,mainland leopard cat,05-09-2012 04:53:00,4,test
https://storage.googleapis.com/public-datasets-lila/wcs-unzipped/animals/0478/1687.jpg,WCS Camera Traps : 7667ffc4-92d5-11e9-82ce-000d3a74c7de,WCS Camera Traps : lao-005-d0085-28,WCS Camera Traps : 3796,1,mainland leopard cat,05-10-2012 01:55:00,4,test
https://storage.googleapis.com/public-datasets-lila/wcs-unzipped/animals/0478/1690.jpg,WCS Camera Traps : 7668265a-92d5-11e9-a7f5-000d3a74c7de,WCS Camera Traps : lao-005-d0085-31,WCS Camera Traps : 3796,1,mainland leopard cat,05-12-2012 04:43:00,4,test
https://storage.googleapis.com/public-datasets-lila/wcs-unzipped/animals/0478/1747.jpg,WCS Camera Traps : 766a976a-92d5-11e9-b16f-000d3a74c7de,WCS Camera Traps : lao-005-d0011-28,WCS Camera Traps : 3797,1,mainland leopard cat,03-26-2012 07:02:00,4,train
https://storage.googleapis.com/public-datasets-lila/wcs-unzipped/animals/0478/1748.jpg,WCS Camera Traps : 766abe66-92d5-11e9-ab5f-000d3a74c7de,WCS Camera Traps : lao-005-d0011-28,WCS Camera Traps : 3797,2,mainland leopard cat,03-26-2012 07:03:00,4,train
https://storage.googleapis.com/public-datasets-lila/wcs-unzipped/animals/0478/1785.jpg,WCS Camera Traps : 766c453a-92d5-11e9-b8fc-000d3a74c7de,WCS Camera Traps : lao-005-d0012-21,WCS Camera Traps : 3797,1,mainland leopard cat,03-26-2012 21:52:00,4,train
https://storage.googleapis.com/public-datasets-lila/wcs-unzipped/animals/0478/1804.jpg,WCS Camera Traps : 766d2f7a-92d5-11e9-bbad-000d3a74c7de,WCS Camera Traps : lao-005-d0066-2,WCS Camera Traps : 3799,1,mainland leopard cat,04-09-2012 03:24:00,4,train
https://storage.googleapis.com/public-datasets-lila/wcs-unzipped/animals/0478/1805.jpg,WCS Camera Traps : 766d2f7c-92d5-11e9-8737-000d3a74c7de,WCS Camera Traps : lao-005-d0066-2,WCS Camera Traps : 3799,2,mainland leopard cat,04-09-2012 03:25:00,4,train
https://storage.googleapis.com/public-datasets-lila/wcs-unzipped/animals/0478/1806.jpg,WCS Camera Traps : 766d5682-92d5-11e9-9f34-000d3a74c7de,WCS Camera Traps : lao-005-d0066-2,WCS Camera Traps : 3799,3,mainland leopard cat,04-09-2012 03:25:00,4,train
https://storage.googleapis.com/public-datasets-lila/wcs-unzipped/animals/0478/1863.jpg,WCS Camera Traps : 766fc77c-92d5-11e9-a3c6-000d3a74c7de,WCS Camera Traps : lao-005-d0067-2,WCS Camera Traps : 3799,1,mainland leopard cat,04-09-2012 03:55:00,4,train
https://storage.googleapis.com/public-datasets-lila/wcs-unzipped/animals/0478/1945.jpg,WCS Camera Traps : 767372a8-92d5-11e9-b746-000d3a74c7de,WCS Camera Traps : lao-005-d0041-19,WCS Camera Traps : 3800,1,mainland leopard cat,03-25-2012 05:06:00,4,train
https://storage.googleapis.com/public-datasets-lila/wcs-unzipped/animals/0479/0007.jpg,WCS Camera Traps : 7676a6f4-92d5-11e9-907b-000d3a74c7de,WCS Camera Traps : lao-005-d0064-32,WCS Camera Traps : 3801,1,mainland leopard cat,04-25-2012 06:43:00,4,train
https://storage.googleapis.com/public-datasets-lila/wcs-unzipped/animals/0479/0026.jpg,WCS Camera Traps : 7677919c-92d5-11e9-81dd-000d3a74c7de,WCS Camera Traps : lao-005-d0064-51,WCS Camera Traps : 3801,1,mainland leopard cat,05-14-2012 05:21:00,4,train
https://storage.googleapis.com/public-datasets-lila/wcs-unzipped/animals/0479/0268.jpg,WCS Camera Traps : 76828d8d-92d5-11e9-85b1-000d3a74c7de,WCS Camera Traps : lao-005-d0003-3,WCS Camera Traps : 3785,4,mainland leopard cat,02-11-2012 10:27:00,4,train
https://storage.googleapis.com/public-datasets-lila/wcs-unzipped/animals/0479/0269.jpg,WCS Camera Traps : 7682b49c-92d5-11e9-83d9-000d3a74c7de,WCS Camera Traps : lao-005-d0003-3,WCS Camera Traps : 3785,5,mainland leopard cat,02-11-2012 10:27:00,4,train
https://storage.googleapis.com/public-datasets-lila/wcs-unzipped/animals/0479/0270.jpg,WCS Camera Traps : 7682b49e-92d5-11e9-8f76-000d3a74c7de,WCS Camera Traps : lao-005-d0003-3,WCS Camera Traps : 3785,6,mainland leopard cat,02-11-2012 10:27:00,4,train
https://storage.googleapis.com/public-datasets-lila/wcs-unzipped/animals/0479/0274.jpg,WCS Camera Traps : 7682dbae-92d5-11e9-853f-000d3a74c7de,WCS Camera Traps : lao-005-d0003-7,WCS Camera Traps : 3785,1,mainland leopard cat,02-20-2012 13:05:00,4,train
https://storage.googleapis.com/public-datasets-lila/wcs-unzipped/animals/0479/0286.jpg,WCS Camera Traps : 768377e6-92d5-11e9-88d8-000d3a74c7de,WCS Camera Traps : lao-005-d0004-2,WCS Camera Traps : 3785,1,mainland leopard cat,02-11-2012 10:07:00,4,train
https://storage.googleapis.com/public-datasets-lila/wcs-unzipped/animals/0479/0287.jpg,WCS Camera Traps : 768377e8-92d5-11e9-af73-000d3a74c7de,WCS Camera Traps : lao-005-d0004-2,WCS Camera Traps : 3785,2,mainland leopard cat,02-11-2012 10:07:00,4,train
https://storage.googleapis.com/public-datasets-lila/wcs-unzipped/animals/0479/0288.jpg,WCS Camera Traps : 768377ea-92d5-11e9-b003-000d3a74c7de,WCS Camera Traps : lao-005-d0004-2,WCS Camera Traps : 3785,3,mainland leopard cat,02-11-2012 10:07:00,4,train
https://storage.googleapis.com/public-datasets-lila/wcs-unzipped/animals/0479/0294.jpg,WCS Camera Traps : 7683c620-92d5-11e9-8fe1-000d3a74c7de,WCS Camera Traps : lao-005-d0004-8,WCS Camera Traps : 3785,1,mainland leopard cat,02-20-2012 12:45:00,4,train
https://storage.googleapis.com/public-datasets-lila/wcs-unzipped/animals/0479/0305.jpg,WCS Camera Traps : 76843b37-92d5-11e9-9955-000d3a74c7de,WCS Camera Traps : lao-005-d0004-18,WCS Camera Traps : 3785,2,mainland leopard cat,03-14-2012 05:06:00,4,train
https://storage.googleapis.com/public-datasets-lila/wcs-unzipped/animals/0479/0385.jpg,WCS Camera Traps : 768859f8-92d5-11e9-a877-000d3a74c7de,WCS Camera Traps : lao-005-d0077-8,WCS Camera Traps : 3808,1,mainland leopard cat,04-02-2012 22:34:00,4,val
https://storage.googleapis.com/public-datasets-lila/wcs-unzipped/animals/0479/0397.jpg,WCS Camera Traps : 7688f646-92d5-11e9-ad54-000d3a74c7de,WCS Camera Traps : lao-005-d0077-20,WCS Camera Traps : 3808,1,mainland leopard cat,04-24-2012 23:51:00,4,val
https://storage.googleapis.com/public-datasets-lila/wcs-unzipped/animals/0479/0403.jpg,WCS Camera Traps : 76891d52-92d5-11e9-a9e1-000d3a74c7de,WCS Camera Traps : lao-005-d0077-26,WCS Camera Traps : 3808,1,mainland leopard cat,05-08-2012 20:29:00,4,val
https://storage.googleapis.com/public-datasets-lila/wcs-unzipped/animals/0479/0431.jpg,WCS Camera Traps : 768a55d0-92d5-11e9-95af-000d3a74c7de,WCS Camera Traps : lao-005-d0077-52,WCS Camera Traps : 3808,1,mainland leopard cat,05-25-2012 02:58:00,4,val
https://storage.googleapis.com/public-datasets-lila/wcs-unzipped/animals/0479/0439.jpg,WCS Camera Traps : 768acb03-92d5-11e9-9ac2-000d3a74c7de,WCS Camera Traps : lao-005-d0078-3,WCS Camera Traps : 3808,1,mainland leopard cat,04-25-2012 01:01:00,4,val
https://storage.googleapis.com/public-datasets-lila/wcs-unzipped/animals/0479/0446.jpg,WCS Camera Traps : 768b1923-92d5-11e9-b5d6-000d3a74c7de,WCS Camera Traps : lao-005-d0078-10,WCS Camera Traps : 3808,1,mainland leopard cat,05-08-2012 21:16:00,4,val
https://storage.googleapis.com/public-datasets-lila/wcs-unzipped/animals/0479/0581.jpg,WCS Camera Traps : 7690e596-92d5-11e9-84bc-000d3a74c7de,WCS Camera Traps : lao-005-d0021-1,WCS Camera Traps : 3813,1,mainland leopard cat,02-08-2012 23:38:00,4,train
https://storage.googleapis.com/public-datasets-lila/wcs-unzipped/animals/0479/0582.jpg,WCS Camera Traps : 76910cb8-92d5-11e9-9a3f-000d3a74c7de,WCS Camera Traps : lao-005-d0021-2,WCS Camera Traps : 3813,1,mainland leopard cat,02-11-2012 22:45:00,4,train
https://storage.googleapis.com/public-datasets-lila/wcs-unzipped/animals/0479/0583.jpg,WCS Camera Traps : 76910cba-92d5-11e9-bc0e-000d3a74c7de,WCS Camera Traps : lao-005-d0021-2,WCS Camera Traps : 3813,2,mainland leopard cat,02-11-2012 22:46:00,4,train
https://storage.googleapis.com/public-datasets-lila/wcs-unzipped/animals/0479/0609.jpg,WCS Camera Traps : 76921e12-92d5-11e9-995f-000d3a74c7de,WCS Camera Traps : lao-005-d0021-26,WCS Camera Traps : 3813,1,mainland leopard cat,03-21-2012 00:12:00,4,train
https://storage.googleapis.com/public-datasets-lila/wcs-unzipped/animals/0479/0610.jpg,WCS Camera Traps : 76924528-92d5-11e9-a71b-000d3a74c7de,WCS Camera Traps : lao-005-d0021-26,WCS Camera Traps : 3813,2,mainland leopard cat,03-21-2012 00:13:00,4,train
https://storage.googleapis.com/public-datasets-lila/wcs-unzipped/animals/0479/0612.jpg,WCS Camera Traps : 7692452c-92d5-11e9-a2c5-000d3a74c7de,WCS Camera Traps : lao-005-d0022-1,WCS Camera Traps : 3813,1,mainland leopard cat,02-08-2012 23:38:00,4,train
https://storage.googleapis.com/public-datasets-lila/wcs-unzipped/animals/0479/0613.jpg,WCS Camera Traps : 76926c3a-92d5-11e9-b804-000d3a74c7de,WCS Camera Traps : lao-005-d0022-2,WCS Camera Traps : 3813,1,mainland leopard cat,02-11-2012 22:44:00,4,train
https://storage.googleapis.com/public-datasets-lila/wcs-unzipped/animals/0479/0724.jpg,WCS Camera Traps : 7697c33b-92d5-11e9-a8df-000d3a74c7de,WCS Camera Traps : lao-005-d0094-3,WCS Camera Traps : 3817,1,mainland leopard cat,04-08-2012 04:52:00,4,test
https://storage.googleapis.com/public-datasets-lila/wcs-unzipped/animals/0479/0726.jpg,WCS Camera Traps : 7697c33f-92d5-11e9-8d61-000d3a74c7de,WCS Camera Traps : lao-005-d0094-5,WCS Camera Traps : 3817,1,mainland leopard cat,04-22-2012 15:54:00,4,test
https://storage.googleapis.com/public-datasets-lila/wcs-unzipped/animals/0479/0727.jpg,WCS Camera Traps : 7697e8ee-92d5-11e9-ac84-000d3a74c7de,WCS Camera Traps : lao-005-d0094-5,WCS Camera Traps : 3817,2,mainland leopard cat,04-22-2012 15:54:00,4,test
https://storage.googleapis.com/public-datasets-lila/wcs-unzipped/animals/0479/0728.jpg,WCS Camera Traps : 7697e8f0-92d5-11e9-a9de-000d3a74c7de,WCS Camera Traps : lao-005-d0094-5,WCS Camera Traps : 3817,3,mainland leopard cat,04-22-2012 15:55:00,4,test
https://storage.googleapis.com/public-datasets-lila/wcs-unzipped/animals/0479/0773.jpg,WCS Camera Traps : 769a0bdc-92d5-11e9-bd3c-000d3a74c7de,WCS Camera Traps : lao-005-d0062-5,WCS Camera Traps : 3820,1,mainland leopard cat,04-06-2012 05:07:00,4,train
https://storage.googleapis.com/public-datasets-lila/wcs-unzipped/animals/0479/0778.jpg,WCS Camera Traps : 769a32e3-92d5-11e9-9d53-000d3a74c7de,WCS Camera Traps : lao-005-d0062-10,WCS Camera Traps : 3820,1,mainland leopard cat,04-17-2012 03:40:00,4,train
https://storage.googleapis.com/public-datasets-lila/wcs-unzipped/animals/0479/0780.jpg,WCS Camera Traps : 769a5a3a-92d5-11e9-8f6f-000d3a74c7de,WCS Camera Traps : lao-005-d0062-12,WCS Camera Traps : 3820,1,mainland leopard cat,05-01-2012 03:30:00,4,train
https://storage.googleapis.com/public-datasets-lila/wcs-unzipped/animals/0479/0783.jpg,WCS Camera Traps : 769a8141-92d5-11e9-860b-000d3a74c7de,WCS Camera Traps : lao-005-d0062-14,WCS Camera Traps : 3820,1,mainland leopard cat,05-10-2012 02:02:00,4,train
https://storage.googleapis.com/public-datasets-lila/wcs-unzipped/animals/0479/0797.jpg,WCS Camera Traps : 769b1def-92d5-11e9-b89b-000d3a74c7de,WCS Camera Traps : lao-005-d0063-4,WCS Camera Traps : 3820,1,mainland leopard cat,04-06-2012 04:17:00,4,train
https://storage.googleapis.com/public-datasets-lila/wcs-unzipped/animals/0479/0800.jpg,WCS Camera Traps : 769b444a-92d5-11e9-be84-000d3a74c7de,WCS Camera Traps : lao-005-d0063-7,WCS Camera Traps : 3820,1,mainland leopard cat,04-17-2012 02:50:00,4,train
https://storage.googleapis.com/public-datasets-lila/wcs-unzipped/animals/0479/0801.jpg,WCS Camera Traps : 769b444c-92d5-11e9-aca5-000d3a74c7de,WCS Camera Traps : lao-005-d0063-8,WCS Camera Traps : 3820,1,mainland leopard cat,05-01-2012 02:49:00,4,train
https://storage.googleapis.com/public-datasets-lila/wcs-unzipped/animals/0479/1029.jpg,WCS Camera Traps : 76a5cbb0-92d5-11e9-b61d-000d3a74c7de,WCS Camera Traps : lao-005-d0095-2,WCS Camera Traps : 3825,1,mainland leopard cat,02-03-2012 22:25:00,4,val
https://storage.googleapis.com/public-datasets-lila/wcs-unzipped/animals/0479/1030.jpg,WCS Camera Traps : 76a5cbb2-92d5-11e9-bcd0-000d3a74c7de,WCS Camera Traps : lao-005-d0095-2,WCS Camera Traps : 3825,2,mainland leopard cat,02-03-2012 22:25:00,4,val
https://storage.googleapis.com/public-datasets-lila/wcs-unzipped/animals/0479/1031.jpg,WCS Camera Traps : 76a5cbb4-92d5-11e9-9a60-000d3a74c7de,WCS Camera Traps : lao-005-d0095-2,WCS Camera Traps : 3825,3,mainland leopard cat,02-03-2012 22:25:00,4,val
https://storage.googleapis.com/public-datasets-lila/wcs-unzipped/animals/0479/1081.jpg,WCS Camera Traps : 76a815ea-92d5-11e9-bcb5-000d3a74c7de,WCS Camera Traps : lao-005-d0163-8,WCS Camera Traps : 3829,1,mainland leopard cat,05-13-2012 02:24:00,4,train
https://storage.googleapis.com/public-datasets-lila/wcs-unzipped/animals/0479/1082.jpg,WCS Camera Traps : 76a815ec-92d5-11e9-b63b-000d3a74c7de,WCS Camera Traps : lao-005-d0163-9,WCS Camera Traps : 3829,1,mainland leopard cat,05-14-2012 09:40:00,4,train
https://storage.googleapis.com/public-datasets-lila/wcs-unzipped/animals/0479/1083.jpg,WCS Camera Traps : 76a815ee-92d5-11e9-be90-000d3a74c7de,WCS Camera Traps : lao-005-d0163-9,WCS Camera Traps : 3829,2,mainland leopard cat,05-14-2012 09:40:00,4,train
https://storage.googleapis.com/public-datasets-lila/wcs-unzipped/animals/0479/1084.jpg,WCS Camera Traps : 76a83e1b-92d5-11e9-b4b8-000d3a74c7de,WCS Camera Traps : lao-005-d0163-9,WCS Camera Traps : 3829,3,mainland leopard cat,05-14-2012 09:40:00,4,train
https://storage.googleapis.com/public-datasets-lila/wcs-unzipped/animals/0479/1088.jpg,WCS Camera Traps : 76a8638e-92d5-11e9-8623-000d3a74c7de,WCS Camera Traps : lao-005-d0163-13,WCS Camera Traps : 3829,1,mainland leopard cat,05-18-2012 20:39:00,4,train
https://storage.googleapis.com/public-datasets-lila/wcs-unzipped/animals/0479/1089.jpg,WCS Camera Traps : 76a86390-92d5-11e9-afb3-000d3a74c7de,WCS Camera Traps : lao-005-d0163-14,WCS Camera Traps : 3829,1,mainland leopard cat,05-18-2012 21:32:00,4,train
https://storage.googleapis.com/public-datasets-lila/wcs-unzipped/animals/0479/1189.jpg,WCS Camera Traps : 76acd0c9-92d5-11e9-978a-000d3a74c7de,WCS Camera Traps : lao-005-d0152-2,WCS Camera Traps : 3833,1,mainland leopard cat,03-10-2012 22:04:00,4,train
https://storage.googleapis.com/public-datasets-lila/wcs-unzipped/animals/0479/1298.jpg,WCS Camera Traps : 76b227a8-92d5-11e9-a4d6-000d3a74c7de,WCS Camera Traps : lao-005-d0165-4,WCS Camera Traps : 3839,1,mainland leopard cat,04-11-2012 21:47:00,4,train
https://storage.googleapis.com/public-datasets-lila/wcs-unzipped/animals/0479/1316.jpg,WCS Camera Traps : 76b31206-92d5-11e9-a559-000d3a74c7de,WCS Camera Traps : lao-005-d0166-4,WCS Camera Traps : 3839,1,mainland leopard cat,04-11-2012 21:50:00,4,train
https://storage.googleapis.com/public-datasets-lila/wcs-unzipped/animals/0479/1369.jpg,WCS Camera Traps : 76b5f83c-92d5-11e9-b89c-000d3a74c7de,WCS Camera Traps : lao-005-d0135-1,WCS Camera Traps : 3842,1,mainland leopard cat,02-02-2012 22:24:00,4,train
https://storage.googleapis.com/public-datasets-lila/wcs-unzipped/animals/0479/1389.jpg,WCS Camera Traps : 76b6e476-92d5-11e9-af24-000d3a74c7de,WCS Camera Traps : lao-005-d0136-2,WCS Camera Traps : 3842,1,mainland leopard cat,02-02-2012 22:18:00,4,train
https://storage.googleapis.com/public-datasets-lila/wcs-unzipped/animals/0479/1585.jpg,WCS Camera Traps : 76c031c7-92d5-11e9-a722-000d3a74c7de,WCS Camera Traps : lao-005-d0140-5,WCS Camera Traps : 3851,1,mainland leopard cat,03-11-2012 18:25:00,4,train
https://storage.googleapis.com/public-datasets-lila/wcs-unzipped/animals/0479/1593.jpg,WCS Camera Traps : 76c07fe0-92d5-11e9-b3d2-000d3a74c7de,WCS Camera Traps : lao-005-d0141-5,WCS Camera Traps : 3851,1,mainland leopard cat,03-11-2012 18:36:00,4,train
https://storage.googleapis.com/public-datasets-lila/wcs-unzipped/animals/0479/1670.jpg,WCS Camera Traps : 76c49e41-92d5-11e9-84a5-000d3a74c7de,WCS Camera Traps : lao-005-d0125-16,WCS Camera Traps : 3853,1,mainland leopard cat,03-10-2012 22:04:00,4,val
https://storage.googleapis.com/public-datasets-lila/wcs-unzipped/animals/0479/1721.jpg,WCS Camera Traps : 76c6c222-92d5-11e9-9727-000d3a74c7de,WCS Camera Traps : lao-005-d0179-2,WCS Camera Traps : 3856,1,mainland leopard cat,05-07-2012 03:30:00,4,train
https://storage.googleapis.com/public-datasets-lila/wcs-unzipped/animals/0479/1728.jpg,WCS Camera Traps : 76c73679-92d5-11e9-806d-000d3a74c7de,WCS Camera Traps : lao-005-d0111-2,WCS Camera Traps : 3857,1,mainland leopard cat,03-20-2012 03:13:00,4,train
https://storage.googleapis.com/public-datasets-lila/wcs-unzipped/animals/0479/1729.jpg,WCS Camera Traps : 76c7367b-92d5-11e9-b764-000d3a74c7de,WCS Camera Traps : lao-005-d0111-2,WCS Camera Traps : 3857,2,mainland leopard cat,03-20-2012 03:13:00,4,train
https://storage.googleapis.com/public-datasets-lila/wcs-unzipped/animals/0479/1730.jpg,WCS Camera Traps : 76c7367d-92d5-11e9-b659-000d3a74c7de,WCS Camera Traps : lao-005-d0111-2,WCS Camera Traps : 3857,3,mainland leopard cat,03-20-2012 03:13:00,4,train
https://storage.googleapis.com/public-datasets-lila/wcs-unzipped/animals/0479/1762.jpg,WCS Camera Traps : 76c89600-92d5-11e9-bb75-000d3a74c7de,WCS Camera Traps : lao-005-d0133-1,WCS Camera Traps : 3859,1,mainland leopard cat,02-16-2012 14:28:00,4,train
https://storage.googleapis.com/public-datasets-lila/wcs-unzipped/animals/0479/1769.jpg,WCS Camera Traps : 76c90b12-92d5-11e9-a3b6-000d3a74c7de,WCS Camera Traps : lao-005-d0133-6,WCS Camera Traps : 3859,1,mainland leopard cat,03-05-2012 04:39:00,4,train
https://storage.googleapis.com/public-datasets-lila/wcs-unzipped/animals/0479/1774.jpg,WCS Camera Traps : 76c93242-92d5-11e9-aca4-000d3a74c7de,WCS Camera Traps : lao-005-d0133-11,WCS Camera Traps : 3859,1,mainland leopard cat,03-30-2012 19:07:00,4,train
https://storage.googleapis.com/public-datasets-lila/wcs-unzipped/animals/0479/1775.jpg,WCS Camera Traps : 76c93244-92d5-11e9-b8d0-000d3a74c7de,WCS Camera Traps : lao-005-d0133-11,WCS Camera Traps : 3859,2,mainland leopard cat,03-30-2012 19:07:00,4,train
https://storage.googleapis.com/public-datasets-lila/wcs-unzipped/animals/0479/1778.jpg,WCS Camera Traps : 76c9592a-92d5-11e9-a71c-000d3a74c7de,WCS Camera Traps : lao-005-d0134-2,WCS Camera Traps : 3859,1,mainland leopard cat,02-16-2012 00:55:00,4,train
https://storage.googleapis.com/public-datasets-lila/wcs-unzipped/animals/0479/1784.jpg,WCS Camera Traps : 76c9a731-92d5-11e9-b23e-000d3a74c7de,WCS Camera Traps : lao-005-d0134-5,WCS Camera Traps : 3859,1,mainland leopard cat,03-05-2012 04:44:00,4,train
https://storage.googleapis.com/public-datasets-lila/wcs-unzipped/animals/0479/1862.jpg,WCS Camera Traps : 76cd02df-92d5-11e9-8f9f-000d3a74c7de,WCS Camera Traps : lao-005-d0129-7,WCS Camera Traps : 3864,1,mainland leopard cat,03-13-2012 22:38:00,4,test
https://storage.googleapis.com/public-datasets-lila/wcs-unzipped/animals/0480/0065.jpg,WCS Camera Traps : 76d69fc3-92d5-11e9-9ba5-000d3a74c7de,WCS Camera Traps : lao-005-d0215-21,WCS Camera Traps : 3866,1,mainland leopard cat,05-03-2012 22:53:00,4,test
https://storage.googleapis.com/public-datasets-lila/wcs-unzipped/animals/0480/0608.jpg,WCS Camera Traps : 76efa60c-92d5-11e9-8382-000d3a74c7de,WCS Camera Traps : lao-005-d0275-2,WCS Camera Traps : 3874,1,mainland leopard cat,05-11-2012 03:31:00,4,val
https://storage.googleapis.com/public-datasets-lila/wcs-unzipped/animals/0480/0626.jpg,WCS Camera Traps : 76f06971-92d5-11e9-8336-000d3a74c7de,WCS Camera Traps : lao-005-d0274-3,WCS Camera Traps : 3874,1,mainland leopard cat,05-10-2012 01:10:00,4,val
https://storage.googleapis.com/public-datasets-lila/wcs-unzipped/animals/0480/0627.jpg,WCS Camera Traps : 76f06973-92d5-11e9-a75a-000d3a74c7de,WCS Camera Traps : lao-005-d0274-4,WCS Camera Traps : 3874,1,mainland leopard cat,05-10-2012 03:33:00,4,val
https://storage.googleapis.com/public-datasets-lila/wcs-unzipped/animals/0480/0628.jpg,WCS Camera Traps : 76f09054-92d5-11e9-8f68-000d3a74c7de,WCS Camera Traps : lao-005-d0274-5,WCS Camera Traps : 3874,1,mainland leopard cat,05-13-2012 19:53:00,4,val
https://storage.googleapis.com/public-datasets-lila/wcs-unzipped/animals/0480/0629.jpg,WCS Camera Traps : 76f09056-92d5-11e9-8426-000d3a74c7de,WCS Camera Traps : lao-005-d0274-6,WCS Camera Traps : 3874,1,mainland leopard cat,05-15-2012 23:28:00,4,val
https://storage.googleapis.com/public-datasets-lila/wcs-unzipped/animals/0480/0631.jpg,WCS Camera Traps : 76f0905a-92d5-11e9-86c4-000d3a74c7de,WCS Camera Traps : lao-005-d0274-8,WCS Camera Traps : 3874,1,mainland leopard cat,05-17-2012 01:14:00,4,val
https://storage.googleapis.com/public-datasets-lila/wcs-unzipped/animals/0480/0633.jpg,WCS Camera Traps : 76f0b777-92d5-11e9-9ba5-000d3a74c7de,WCS Camera Traps : lao-005-d0274-10,WCS Camera Traps : 3874,1,mainland leopard cat,05-18-2012 19:46:00,4,val
https://storage.googleapis.com/public-datasets-lila/wcs-unzipped/animals/0480/0634.jpg,WCS Camera Traps : 76f0b779-92d5-11e9-8fa6-000d3a74c7de,WCS Camera Traps : lao-005-d0274-11,WCS Camera Traps : 3874,1,mainland leopard cat,05-18-2012 20:53:00,4,val
https://storage.googleapis.com/public-datasets-lila/wcs-unzipped/animals/0480/0637.jpg,WCS Camera Traps : 76f0ded6-92d5-11e9-a5f1-000d3a74c7de,WCS Camera Traps : lao-005-d0274-14,WCS Camera Traps : 3874,1,mainland leopard cat,05-19-2012 13:18:00,4,val
https://storage.googleapis.com/public-datasets-lila/wcs-unzipped/animals/0480/0638.jpg,WCS Camera Traps : 76f0ded8-92d5-11e9-bcd0-000d3a74c7de,WCS Camera Traps : lao-005-d0274-14,WCS Camera Traps : 3874,2,mainland leopard cat,05-19-2012 13:18:00,4,val
https://storage.googleapis.com/public-datasets-lila/wcs-unzipped/animals/0480/0639.jpg,WCS Camera Traps : 76f1070a-92d5-11e9-97f3-000d3a74c7de,WCS Camera Traps : lao-005-d0274-14,WCS Camera Traps : 3874,3,mainland leopard cat,05-19-2012 13:18:00,4,val
https://storage.googleapis.com/public-datasets-lila/wcs-unzipped/animals/0480/0651.jpg,WCS Camera Traps : 76f17ac4-92d5-11e9-b26a-000d3a74c7de,WCS Camera Traps : lao-005-d0274-23,WCS Camera Traps : 3874,1,mainland leopard cat,06-04-2012 02:50:00,4,val
https://storage.googleapis.com/public-datasets-lila/wcs-unzipped/animals/0480/0747.jpg,WCS Camera Traps : 76f65c9e-92d5-11e9-ab00-000d3a74c7de,WCS Camera Traps : lao-005-d0212-7,WCS Camera Traps : 3876,1,mainland leopard cat,03-18-2012 01:55:00,4,test
https://storage.googleapis.com/public-datasets-lila/wcs-unzipped/animals/0480/0748.jpg,WCS Camera Traps : 76f683a9-92d5-11e9-b0a3-000d3a74c7de,WCS Camera Traps : lao-005-d0212-7,WCS Camera Traps : 3876,2,mainland leopard cat,03-18-2012 01:56:00,4,test
https://storage.googleapis.com/public-datasets-lila/wcs-unzipped/animals/0480/0762.jpg,WCS Camera Traps : 76f72041-92d5-11e9-a87a-000d3a74c7de,WCS Camera Traps : lao-005-d0211-9,WCS Camera Traps : 3876,1,mainland leopard cat,03-18-2012 01:55:00,4,test
https://storage.googleapis.com/public-datasets-lila/wcs-unzipped/animals/0480/0763.jpg,WCS Camera Traps : 76f72043-92d5-11e9-9dd3-000d3a74c7de,WCS Camera Traps : lao-005-d0211-9,WCS Camera Traps : 3876,2,mainland leopard cat,03-18-2012 01:56:00,4,test
https://storage.googleapis.com/public-datasets-lila/wcs-unzipped/animals/0480/0779.jpg,WCS Camera Traps : 76f7e345-92d5-11e9-8521-000d3a74c7de,WCS Camera Traps : lao-005-d0227-11,WCS Camera Traps : 3877,1,mainland leopard cat,04-08-2012 02:55:00,4,val
https://storage.googleapis.com/public-datasets-lila/wcs-unzipped/animals/0480/0788.jpg,WCS Camera Traps : 76f8589e-92d5-11e9-9a0e-000d3a74c7de,WCS Camera Traps : lao-005-d0227-16,WCS Camera Traps : 3877,1,mainland leopard cat,04-12-2012 19:42:00,4,val
https://storage.googleapis.com/public-datasets-lila/wcs-unzipped/animals/0480/0800.jpg,WCS Camera Traps : 76f8cdfd-92d5-11e9-9cb8-000d3a74c7de,WCS Camera Traps : lao-005-d0227-26,WCS Camera Traps : 3877,1,mainland leopard cat,04-23-2012 02:01:00,4,val
https://storage.googleapis.com/public-datasets-lila/wcs-unzipped/animals/0480/0886.jpg,WCS Camera Traps : 76fc9fdf-92d5-11e9-b225-000d3a74c7de,WCS Camera Traps : lao-005-d0268-14,WCS Camera Traps : 3878,1,mainland leopard cat,05-27-2012 00:13:00,4,train
https://storage.googleapis.com/public-datasets-lila/wcs-unzipped/animals/0480/0925.jpg,WCS Camera Traps : 76fe7330-92d5-11e9-90f6-000d3a74c7de,WCS Camera Traps : lao-005-d0241-10,WCS Camera Traps : 3879,1,mainland leopard cat,05-15-2012 18:59:00,4,train
https://storage.googleapis.com/public-datasets-lila/wcs-unzipped/animals/0480/0955.jpg,WCS Camera Traps : 76ffd2c6-92d5-11e9-ab3c-000d3a74c7de,WCS Camera Traps : lao-005-d0198-7,WCS Camera Traps : 3880,1,mainland leopard cat,03-23-2012 01:18:00,4,train
https://storage.googleapis.com/public-datasets-lila/wcs-unzipped/animals/0480/0989.jpg,WCS Camera Traps : 770132ed-92d5-11e9-832c-000d3a74c7de,WCS Camera Traps : lao-005-d0197-12,WCS Camera Traps : 3880,1,mainland leopard cat,03-23-2012 01:18:00,4,train
https://storage.googleapis.com/public-datasets-lila/wcs-unzipped/animals/0480/1140.jpg,WCS Camera Traps : 77085e20-92d5-11e9-be3f-000d3a74c7de,WCS Camera Traps : lao-005-d0202-23,WCS Camera Traps : 3882,1,mainland leopard cat,04-13-2012 23:08:00,4,train
https://storage.googleapis.com/public-datasets-lila/wcs-unzipped/animals/0480/1141.jpg,WCS Camera Traps : 77085e22-92d5-11e9-898b-000d3a74c7de,WCS Camera Traps : lao-005-d0202-24,WCS Camera Traps : 3882,1,mainland leopard cat,04-14-2012 03:56:00,4,train
https://storage.googleapis.com/public-datasets-lila/wcs-unzipped/animals/0480/1182.jpg,WCS Camera Traps : 770a32e6-92d5-11e9-a3fd-000d3a74c7de,WCS Camera Traps : lao-005-d0252-11,WCS Camera Traps : 3883,1,mainland leopard cat,05-30-2012 20:35:00,4,val
https://storage.googleapis.com/public-datasets-lila/wcs-unzipped/animals/0480/1184.jpg,WCS Camera Traps : 770a32ea-92d5-11e9-b936-000d3a74c7de,WCS Camera Traps : lao-005-d0252-13,WCS Camera Traps : 3883,1,mainland leopard cat,06-02-2012 03:05:00,4,val
https://storage.googleapis.com/public-datasets-lila/wcs-unzipped/animals/0480/1214.jpg,WCS Camera Traps : 770b93c8-92d5-11e9-8173-000d3a74c7de,WCS Camera Traps : lao-005-d0251-14,WCS Camera Traps : 3883,1,mainland leopard cat,05-30-2012 20:40:00,4,val
https://storage.googleapis.com/public-datasets-lila/wcs-unzipped/animals/0480/1216.jpg,WCS Camera Traps : 770b93cc-92d5-11e9-a364-000d3a74c7de,WCS Camera Traps : lao-005-d0251-16,WCS Camera Traps : 3883,1,mainland leopard cat,06-02-2012 03:10:00,4,val
https://storage.googleapis.com/public-datasets-lila/wcs-unzipped/animals/0480/1218.jpg,WCS Camera Traps : 770bbac1-92d5-11e9-926f-000d3a74c7de,WCS Camera Traps : lao-005-d0251-18,WCS Camera Traps : 3883,1,mainland leopard cat,06-07-2012 14:07:00,4,val
https://storage.googleapis.com/public-datasets-lila/wcs-unzipped/animals/0480/1219.jpg,WCS Camera Traps : 770bbac3-92d5-11e9-820e-000d3a74c7de,WCS Camera Traps : lao-005-d0251-18,WCS Camera Traps : 3883,2,mainland leopard cat,06-07-2012 14:07:00,4,val
https://storage.googleapis.com/public-datasets-lila/wcs-unzipped/animals/0480/1220.jpg,WCS Camera Traps : 770be1ba-92d5-11e9-b4ff-000d3a74c7de,WCS Camera Traps : lao-005-d0251-18,WCS Camera Traps : 3883,3,mainland leopard cat,06-07-2012 14:07:00,4,val
https://storage.googleapis.com/public-datasets-lila/wcs-unzipped/animals/0480/1276.jpg,WCS Camera Traps : 770e2bad-92d5-11e9-9217-000d3a74c7de,WCS Camera Traps : lao-005-d0243-10,WCS Camera Traps : 3885,1,mainland leopard cat,06-29-2012 01:11:00,4,train
https://storage.googleapis.com/public-datasets-lila/wcs-unzipped/animals/0480/1337.jpg,WCS Camera Traps : 7711600b-92d5-11e9-a9e5-000d3a74c7de,WCS Camera Traps : lao-005-d0240-11,WCS Camera Traps : 3887,1,mainland leopard cat,05-20-2012 01:01:00,4,train
https://storage.googleapis.com/public-datasets-lila/wcs-unzipped/animals/0480/1352.jpg,WCS Camera Traps : 7711fc76-92d5-11e9-b009-000d3a74c7de,WCS Camera Traps : lao-005-d0240-24,WCS Camera Traps : 3887,1,mainland leopard cat,06-07-2012 00:18:00,4,train
https://storage.googleapis.com/public-datasets-lila/wcs-unzipped/animals/0480/1377.jpg,WCS Camera Traps : 77130de8-92d5-11e9-9024-000d3a74c7de,WCS Camera Traps : lao-005-d0239-16,WCS Camera Traps : 3887,1,mainland leopard cat,05-20-2012 12:58:00,4,train
https://storage.googleapis.com/public-datasets-lila/wcs-unzipped/animals/0480/1399.jpg,WCS Camera Traps : 7713f824-92d5-11e9-9a48-000d3a74c7de,WCS Camera Traps : lao-005-d0239-34,WCS Camera Traps : 3887,1,mainland leopard cat,06-07-2012 00:14:00,4,train
https://storage.googleapis.com/public-datasets-lila/wcs-unzipped/animals/0480/1400.jpg,WCS Camera Traps : 77141f27-92d5-11e9-b742-000d3a74c7de,WCS Camera Traps : lao-005-d0239-34,WCS Camera Traps : 3887,2,mainland leopard cat,06-07-2012 00:15:00,4,train
https://storage.googleapis.com/public-datasets-lila/wcs-unzipped/animals/0480/1417.jpg,WCS Camera Traps : 7714e2ee-92d5-11e9-aaa2-000d3a74c7de,WCS Camera Traps : lao-005-d0200-7,WCS Camera Traps : 3888,1,mainland leopard cat,03-28-2012 04:26:00,4,train
https://storage.googleapis.com/public-datasets-lila/wcs-unzipped/animals/0480/1631.jpg,WCS Camera Traps : 771ecc26-92d5-11e9-8b35-000d3a74c7de,WCS Camera Traps : lao-005-d0261-2,WCS Camera Traps : 3892,1,mainland leopard cat,05-10-2012 02:03:00,4,train
https://storage.googleapis.com/public-datasets-lila/wcs-unzipped/animals/0480/1784.jpg,WCS Camera Traps : 7725f993-92d5-11e9-936e-000d3a74c7de,WCS Camera Traps : lao-005-d0245-16,WCS Camera Traps : 3893,1,mainland leopard cat,06-11-2012 03:49:00,4,train
https://storage.googleapis.com/public-datasets-lila/wcs-unzipped/animals/0480/1787.jpg,WCS Camera Traps : 77262086-92d5-11e9-a11a-000d3a74c7de,WCS Camera Traps : lao-005-d0245-19,WCS Camera Traps : 3893,1,mainland leopard cat,06-29-2012 19:36:00,4,train
https://storage.googleapis.com/public-datasets-lila/wcs-unzipped/animals/0480/1855.jpg,WCS Camera Traps : 77292e04-92d5-11e9-a196-000d3a74c7de,WCS Camera Traps : lao-005-d0238-32,WCS Camera Traps : 3894,1,mainland leopard cat,06-24-2012 00:57:00,4,train
https://storage.googleapis.com/public-datasets-lila/wcs-unzipped/animals/0480/1900.jpg,WCS Camera Traps : 772b5118-92d5-11e9-854e-000d3a74c7de,WCS Camera Traps : lao-005-d0237-26,WCS Camera Traps : 3894,1,mainland leopard cat,06-24-2012 00:57:00,4,train
https://storage.googleapis.com/public-datasets-lila/wcs-unzipped/animals/0481/0046.jpg,WCS Camera Traps : 7732f0f0-92d5-11e9-bc57-000d3a74c7de,WCS Camera Traps : lao-005-d0265-5,WCS Camera Traps : 3896,1,mainland leopard cat,06-05-2012 05:27:00,4,train
https://storage.googleapis.com/public-datasets-lila/wcs-unzipped/animals/0481/0081.jpg,WCS Camera Traps : 77347732-92d5-11e9-95b8-000d3a74c7de,WCS Camera Traps : lao-005-d0224-2,WCS Camera Traps : 3897,1,mainland leopard cat,02-29-2012 22:05:00,4,train
https://storage.googleapis.com/public-datasets-lila/wcs-unzipped/animals/0481/0094.jpg,WCS Camera Traps : 7735134b-92d5-11e9-aede-000d3a74c7de,WCS Camera Traps : lao-005-d0224-10,WCS Camera Traps : 3897,1,mainland leopard cat,03-17-2012 20:53:00,4,train
https://storage.googleapis.com/public-datasets-lila/wcs-unzipped/animals/0481/0095.jpg,WCS Camera Traps : 77353a5c-92d5-11e9-ab82-000d3a74c7de,WCS Camera Traps : lao-005-d0224-11,WCS Camera Traps : 3897,1,mainland leopard cat,03-18-2012 04:28:00,4,train
https://storage.googleapis.com/public-datasets-lila/wcs-unzipped/animals/0481/0107.jpg,WCS Camera Traps : 7735afa7-92d5-11e9-870a-000d3a74c7de,WCS Camera Traps : lao-005-d0224-18,WCS Camera Traps : 3897,1,mainland leopard cat,03-19-2012 05:48:00,4,train
https://storage.googleapis.com/public-datasets-lila/wcs-unzipped/animals/0481/0151.jpg,WCS Camera Traps : 7737d2b6-92d5-11e9-b222-000d3a74c7de,WCS Camera Traps : lao-005-d0225-2,WCS Camera Traps : 3897,1,mainland leopard cat,02-29-2012 22:06:00,4,train
https://storage.googleapis.com/public-datasets-lila/wcs-unzipped/animals/0481/0164.jpg,WCS Camera Traps : 77386e94-92d5-11e9-aa65-000d3a74c7de,WCS Camera Traps : lao-005-d0225-15,WCS Camera Traps : 3897,1,mainland leopard cat,03-17-2012 20:54:00,4,train
https://storage.googleapis.com/public-datasets-lila/wcs-unzipped/animals/0481/0165.jpg,WCS Camera Traps : 77386e96-92d5-11e9-85bc-000d3a74c7de,WCS Camera Traps : lao-005-d0225-16,WCS Camera Traps : 3897,1,mainland leopard cat,03-18-2012 04:29:00,4,train
https://storage.googleapis.com/public-datasets-lila/wcs-unzipped/animals/0481/0174.jpg,WCS Camera Traps : 7738bcee-92d5-11e9-9c50-000d3a74c7de,WCS Camera Traps : lao-005-d0225-24,WCS Camera Traps : 3897,1,mainland leopard cat,03-19-2012 05:49:00,4,train
https://storage.googleapis.com/public-datasets-lila/wcs-unzipped/animals/0481/0201.jpg,WCS Camera Traps : 773a1c7a-92d5-11e9-be9a-000d3a74c7de,WCS Camera Traps : lao-005-d0225-47,WCS Camera Traps : 3897,1,mainland leopard cat,04-10-2012 19:34:00,4,train
https://storage.googleapis.com/public-datasets-lila/wcs-unzipped/animals/0481/0239.jpg,WCS Camera Traps : 773bca38-92d5-11e9-a19d-000d3a74c7de,WCS Camera Traps : lao-005-d0249-4,WCS Camera Traps : 3898,1,mainland leopard cat,05-24-2012 22:27:00,4,train
https://storage.googleapis.com/public-datasets-lila/wcs-unzipped/animals/0481/0240.jpg,WCS Camera Traps : 773bca3a-92d5-11e9-9f9b-000d3a74c7de,WCS Camera Traps : lao-005-d0249-5,WCS Camera Traps : 3898,1,mainland leopard cat,05-25-2012 04:20:00,4,train
https://storage.googleapis.com/public-datasets-lila/wcs-unzipped/animals/0525/0374.jpg,WCS Camera Traps : 87690c7c-92d5-11e9-ba7b-000d3a74c7de,WCS Camera Traps : lao-002-d0148-6,WCS Camera Traps : 3917,2,mainland leopard cat,01-31-2009 09:53:00,4,train
https://storage.googleapis.com/public-datasets-lila/wcs-unzipped/animals/0525/0645.jpg,WCS Camera Traps : 877541c0-92d5-11e9-ab2e-000d3a74c7de,WCS Camera Traps : lao-002-d0172-2,WCS Camera Traps : 3941,1,mainland leopard cat,02-01-2009 20:58:00,4,train
https://storage.googleapis.com/public-datasets-lila/wcs-unzipped/animals/0525/0998.jpg,WCS Camera Traps : 87854f6e-92d5-11e9-b9cc-000d3a74c7de,WCS Camera Traps : lao-002-d0052-4,WCS Camera Traps : 3964,1,mainland leopard cat,02-24-2008 05:21:00,4,train
https://storage.googleapis.com/public-datasets-lila/wcs-unzipped/animals/0525/1791.jpg,WCS Camera Traps : 87aa0d74-92d5-11e9-834b-000d3a74c7de,WCS Camera Traps : lao-003-d0022-17,WCS Camera Traps : 4140,1,mainland leopard cat,04-11-2006 18:21:00,4,train
https://storage.googleapis.com/public-datasets-lila/wcs-unzipped/animals/0325/0732.jpg,WCS Camera Traps : 3de24cb8-92d5-11e9-9864-000d3a74c7de,WCS Camera Traps : idn-001-d0124-10,WCS Camera Traps : 1727,1,marbled cat,11-29-1998 23:29:00,4,train
https://storage.googleapis.com/public-datasets-lila/wcs-unzipped/animals/0325/0733.jpg,WCS Camera Traps : 3de24cba-92d5-11e9-9721-000d3a74c7de,WCS Camera Traps : idn-001-d0124-11,WCS Camera Traps : 1727,1,marbled cat,11-29-1998 23:44:00,4,train
https://storage.googleapis.com/public-datasets-lila/wcs-unzipped/animals/0325/0797.jpg,WCS Camera Traps : 3de50bc6-92d5-11e9-93f8-000d3a74c7de,WCS Camera Traps : idn-001-d0472-4,WCS Camera Traps : 1730,1,marbled cat,11-18-1998 09:48:00,4,val
https://storage.googleapis.com/public-datasets-lila/wcs-unzipped/animals/0325/0798.jpg,WCS Camera Traps : 3de532c0-92d5-11e9-b7cd-000d3a74c7de,WCS Camera Traps : idn-001-d0472-5,WCS Camera Traps : 1730,1,marbled cat,11-18-1998 09:50:00,4,val
https://storage.googleapis.com/public-datasets-lila/wcs-unzipped/animals/0325/0799.jpg,WCS Camera Traps : 3de532c2-92d5-11e9-bd1b-000d3a74c7de,WCS Camera Traps : idn-001-d0472-5,WCS Camera Traps : 1730,2,marbled cat,11-18-1998 09:50:00,4,val
https://storage.googleapis.com/public-datasets-lila/wcs-unzipped/animals/0325/0800.jpg,WCS Camera Traps : 3de532c4-92d5-11e9-9cce-000d3a74c7de,WCS Camera Traps : idn-001-d0472-5,WCS Camera Traps : 1730,3,marbled cat,11-18-1998 09:51:00,4,val
https://storage.googleapis.com/public-datasets-lila/wcs-unzipped/animals/0325/1256.jpg,WCS Camera Traps : 3df97e1e-92d5-11e9-8718-000d3a74c7de,WCS Camera Traps : idn-001-d0230-13,WCS Camera Traps : 1758,1,marbled cat,01-25-1999 15:57:00,4,train
https://storage.googleapis.com/public-datasets-lila/wcs-unzipped/animals/0325/1967.jpg,WCS Camera Traps : 3e19b070-92d5-11e9-9466-000d3a74c7de,WCS Camera Traps : idn-001-d0162-10,WCS Camera Traps : 1815,1,marbled cat,09-14-1999 12:40:00,4,train
https://storage.googleapis.com/public-datasets-lila/wcs-unzipped/animals/0326/0798.jpg,WCS Camera Traps : 3e3faefb-92d5-11e9-b7ca-000d3a74c7de,WCS Camera Traps : idn-001-d0108-14,WCS Camera Traps : 1877,1,marbled cat,03-13-2000 15:03:00,4,test
https://storage.googleapis.com/public-datasets-lila/wcs-unzipped/animals/0326/1055.jpg,WCS Camera Traps : 3e4b6e95-92d5-11e9-b841-000d3a74c7de,WCS Camera Traps : idn-001-d0107-26,WCS Camera Traps : 1890,1,marbled cat,03-11-2000 05:46:00,4,val
https://storage.googleapis.com/public-datasets-lila/wcs-unzipped/animals/0327/1405.jpg,WCS Camera Traps : 3eb66630-92d5-11e9-8f2e-000d3a74c7de,WCS Camera Traps : idn-001-d0276-2,WCS Camera Traps : 2035,1,marbled cat,06-29-2001 07:41:00,4,train
https://storage.googleapis.com/public-datasets-lila/wcs-unzipped/animals/0327/1406.jpg,WCS Camera Traps : 3eb68ca4-92d5-11e9-973b-000d3a74c7de,WCS Camera Traps : idn-001-d0276-3,WCS Camera Traps : 2035,1,marbled cat,06-29-2001 07:44:00,4,train
https://storage.googleapis.com/public-datasets-lila/wcs-unzipped/animals/0327/1407.jpg,WCS Camera Traps : 3eb68ca6-92d5-11e9-98fa-000d3a74c7de,WCS Camera Traps : idn-001-d0276-3,WCS Camera Traps : 2035,2,marbled cat,06-29-2001 07:45:00,4,train
https://storage.googleapis.com/public-datasets-lila/wcs-unzipped/animals/0327/1408.jpg,WCS Camera Traps : 3eb68ca8-92d5-11e9-a377-000d3a74c7de,WCS Camera Traps : idn-001-d0276-5,WCS Camera Traps : 2035,1,marbled cat,06-29-2001 07:53:00,4,train
https://storage.googleapis.com/public-datasets-lila/wcs-unzipped/animals/0327/1409.jpg,WCS Camera Traps : 3eb6b408-92d5-11e9-b427-000d3a74c7de,WCS Camera Traps : idn-001-d0276-5,WCS Camera Traps : 2035,2,marbled cat,06-29-2001 07:54:00,4,train
https://storage.googleapis.com/public-datasets-lila/wcs-unzipped/animals/0327/1410.jpg,WCS Camera Traps : 3eb6b40a-92d5-11e9-a183-000d3a74c7de,WCS Camera Traps : idn-001-d0276-5,WCS Camera Traps : 2035,3,marbled cat,06-29-2001 07:55:00,4,train
https://storage.googleapis.com/public-datasets-lila/wcs-unzipped/animals/0327/1411.jpg,WCS Camera Traps : 3eb6b40c-92d5-11e9-b4e1-000d3a74c7de,WCS Camera Traps : idn-001-d0276-5,WCS Camera Traps : 2035,4,marbled cat,06-29-2001 07:56:00,4,train
https://storage.googleapis.com/public-datasets-lila/wcs-unzipped/animals/0327/1412.jpg,WCS Camera Traps : 3eb6b40e-92d5-11e9-8682-000d3a74c7de,WCS Camera Traps : idn-001-d0276-9,WCS Camera Traps : 2035,1,marbled cat,06-29-2001 12:21:00,4,train
https://storage.googleapis.com/public-datasets-lila/wcs-unzipped/animals/0327/1413.jpg,WCS Camera Traps : 3eb6dac8-92d5-11e9-b24d-000d3a74c7de,WCS Camera Traps : idn-001-d0276-15,WCS Camera Traps : 2035,1,marbled cat,06-29-2001 15:22:00,4,train
https://storage.googleapis.com/public-datasets-lila/wcs-unzipped/animals/0327/1414.jpg,WCS Camera Traps : 3eb6daca-92d5-11e9-ab0a-000d3a74c7de,WCS Camera Traps : idn-001-d0276-10,WCS Camera Traps : 2035,1,marbled cat,06-29-2001 12:23:00,4,train
https://storage.googleapis.com/public-datasets-lila/wcs-unzipped/animals/0327/1415.jpg,WCS Camera Traps : 3eb6dacc-92d5-11e9-be0f-000d3a74c7de,WCS Camera Traps : idn-001-d0276-10,WCS Camera Traps : 2035,2,marbled cat,06-29-2001 12:24:00,4,train
https://storage.googleapis.com/public-datasets-lila/wcs-unzipped/animals/0327/1416.jpg,WCS Camera Traps : 3eb6dace-92d5-11e9-a991-000d3a74c7de,WCS Camera Traps : idn-001-d0276-10,WCS Camera Traps : 2035,3,marbled cat,06-29-2001 12:25:00,4,train
https://storage.googleapis.com/public-datasets-lila/wcs-unzipped/animals/0327/1417.jpg,WCS Camera Traps : 3eb701ff-92d5-11e9-8f82-000d3a74c7de,WCS Camera Traps : idn-001-d0276-13,WCS Camera Traps : 2035,1,marbled cat,06-29-2001 12:28:00,4,train
https://storage.googleapis.com/public-datasets-lila/wcs-unzipped/animals/0327/1418.jpg,WCS Camera Traps : 3eb70201-92d5-11e9-bf58-000d3a74c7de,WCS Camera Traps : idn-001-d0276-14,WCS Camera Traps : 2035,1,marbled cat,06-29-2001 12:35:00,4,train
https://storage.googleapis.com/public-datasets-lila/wcs-unzipped/animals/0327/1488.jpg,WCS Camera Traps : 3eba0f16-92d5-11e9-a1be-000d3a74c7de,WCS Camera Traps : idn-001-d0280-6,WCS Camera Traps : 2041,1,marbled cat,07-01-2001 08:44:00,4,train
https://storage.googleapis.com/public-datasets-lila/wcs-unzipped/animals/0327/1807.jpg,WCS Camera Traps : 3ec8dc3d-92d5-11e9-a4d5-000d3a74c7de,WCS Camera Traps : idn-001-d0453-5,WCS Camera Traps : 2065,1,marbled cat,01-17-2002 07:26:00,4,train
https://storage.googleapis.com/public-datasets-lila/wcs-unzipped/animals/0328/0281.jpg,WCS Camera Traps : 3edf4a44-92d5-11e9-a8f0-000d3a74c7de,WCS Camera Traps : idn-001-d0475-2,WCS Camera Traps : 2103,1,marbled cat,04-19-2002 18:02:00,4,train
https://storage.googleapis.com/public-datasets-lila/wcs-unzipped/animals/0328/0561.jpg,WCS Camera Traps : 3eec69b2-92d5-11e9-b3cd-000d3a74c7de,WCS Camera Traps : idn-001-d0550-3,WCS Camera Traps : 2126,1,marbled cat,06-05-2002 07:21:00,4,train
https://storage.googleapis.com/public-datasets-lila/wcs-unzipped/animals/0328/1980.jpg,WCS Camera Traps : 3f2ef0dd-92d5-11e9-843e-000d3a74c7de,WCS Camera Traps : idn-001-d0590-3,WCS Camera Traps : 2249,1,marbled cat,05-16-2003 03:46:00,4,train
https://storage.googleapis.com/public-datasets-lila/wcs-unzipped/animals/0328/1985.jpg,WCS Camera Traps : 3f2f3efa-92d5-11e9-aaff-000d3a74c7de,WCS Camera Traps : idn-001-d0590-11,WCS Camera Traps : 2249,1,marbled cat,05-19-2003 23:09:00,4,train
https://storage.googleapis.com/public-datasets-lila/wcs-unzipped/animals/0329/0065.jpg,WCS Camera Traps : 3f333707-92d5-11e9-bea9-000d3a74c7de,WCS Camera Traps : idn-001-d0584-7,WCS Camera Traps : 2258,1,marbled cat,05-20-2003 17:00:00,4,val
https://storage.googleapis.com/public-datasets-lila/wcs-unzipped/animals/0329/0066.jpg,WCS Camera Traps : 3f333709-92d5-11e9-887e-000d3a74c7de,WCS Camera Traps : idn-001-d0584-7,WCS Camera Traps : 2258,2,marbled cat,05-20-2003 17:00:00,4,val
https://storage.googleapis.com/public-datasets-lila/wcs-unzipped/animals/0329/0469.jpg,WCS Camera Traps : 3f45fb4a-92d5-11e9-bc98-000d3a74c7de,WCS Camera Traps : idn-001-d0869-37,WCS Camera Traps : 2290,1,marbled cat,08-31-2003 06:40:00,4,val
https://storage.googleapis.com/public-datasets-lila/wcs-unzipped/animals/0329/0958.jpg,WCS Camera Traps : 3f5bf462-92d5-11e9-bec5-000d3a74c7de,WCS Camera Traps : idn-001-d0850-13,WCS Camera Traps : 2335,1,marbled cat,01-09-2004 14:42:00,4,val
https://storage.googleapis.com/public-datasets-lila/wcs-unzipped/animals/0329/1319.jpg,WCS Camera Traps : 3f6ce44f-92d5-11e9-8f72-000d3a74c7de,WCS Camera Traps : idn-001-d0724-3,WCS Camera Traps : 2366,1,marbled cat,03-25-2004 12:04:00,4,train
https://storage.googleapis.com/public-datasets-lila/wcs-unzipped/animals/0329/1382.jpg,WCS Camera Traps : 3f6fcac0-92d5-11e9-82a4-000d3a74c7de,WCS Camera Traps : idn-001-d0716-2,WCS Camera Traps : 2370,1,marbled cat,03-24-2004 16:54:00,4,train
https://storage.googleapis.com/public-datasets-lila/wcs-unzipped/animals/0330/0125.jpg,WCS Camera Traps : 3f91d178-92d5-11e9-a6ae-000d3a74c7de,WCS Camera Traps : idn-001-d0981-9,WCS Camera Traps : 2425,1,marbled cat,10-07-2004 04:26:00,4,train
https://storage.googleapis.com/public-datasets-lila/wcs-unzipped/animals/0330/0225.jpg,WCS Camera Traps : 3f963ebc-92d5-11e9-b873-000d3a74c7de,WCS Camera Traps : idn-001-d1047-2,WCS Camera Traps : 2430,1,marbled cat,11-07-2004 00:00:00,4,train
https://storage.googleapis.com/public-datasets-lila/wcs-unzipped/animals/0330/0710.jpg,WCS Camera Traps : 3fabe9ec-92d5-11e9-be19-000d3a74c7de,WCS Camera Traps : idn-001-d0944-1,WCS Camera Traps : 2468,4,marbled cat,,4,train
https://storage.googleapis.com/public-datasets-lila/wcs-unzipped/animals/0330/0816.jpg,WCS Camera Traps : 3fb0f255-92d5-11e9-acb8-000d3a74c7de,WCS Camera Traps : idn-001-d1008-3,WCS Camera Traps : 2485,1,marbled cat,09-19-2005 06:29:00,4,train
https://storage.googleapis.com/public-datasets-lila/wcs-unzipped/animals/0330/0937.jpg,WCS Camera Traps : 3fb622d4-92d5-11e9-84ce-000d3a74c7de,WCS Camera Traps : idn-001-d0908-3,WCS Camera Traps : 2501,1,marbled cat,10-23-2005 09:01:00,4,train
https://storage.googleapis.com/public-datasets-lila/wcs-unzipped/animals/0399/1883.jpg,WCS Camera Traps : 58eb73ee-92d5-11e9-aebc-000d3a74c7de,WCS Camera Traps : idn-003-d0004-22,WCS Camera Traps : 2838,1,marbled cat,03-29-2010 06:02:19,4,train
https://storage.googleapis.com/public-datasets-lila/wcs-unzipped/animals/0399/1884.jpg,WCS Camera Traps : 58eb73f0-92d5-11e9-a4fd-000d3a74c7de,WCS Camera Traps : idn-003-d0004-22,WCS Camera Traps : 2838,2,marbled cat,03-29-2010 06:02:39,4,train
https://storage.googleapis.com/public-datasets-lila/wcs-unzipped/animals/0401/1790.jpg,WCS Camera Traps : 599fcf56-92d5-11e9-837b-000d3a74c7de,WCS Camera Traps : idn-003-d0048-35,WCS Camera Traps : 2848,1,marbled cat,05-30-2010 11:36:49,4,train
https://storage.googleapis.com/public-datasets-lila/wcs-unzipped/animals/0401/1791.jpg,WCS Camera Traps : 599fcf58-92d5-11e9-afff-000d3a74c7de,WCS Camera Traps : idn-003-d0048-35,WCS Camera Traps : 2848,2,marbled cat,05-30-2010 11:36:53,4,train
https://storage.googleapis.com/public-datasets-lila/wcs-unzipped/animals/0402/0996.jpg,WCS Camera Traps : 59d696c6-92d5-11e9-a620-000d3a74c7de,WCS Camera Traps : idn-003-d0065-77,WCS Camera Traps : 2840,1,marbled cat,05-27-2010 10:00:59,4,train
https://storage.googleapis.com/public-datasets-lila/wcs-unzipped/animals/0402/0997.jpg,WCS Camera Traps : 59d696c8-92d5-11e9-b50d-000d3a74c7de,WCS Camera Traps : idn-003-d0065-77,WCS Camera Traps : 2840,2,marbled cat,05-27-2010 10:01:05,4,train
https://storage.googleapis.com/public-datasets-lila/wcs-unzipped/animals/0403/1038.jpg,WCS Camera Traps : 5a35815c-92d5-11e9-9185-000d3a74c7de,WCS Camera Traps : idn-003-d0082-28,WCS Camera Traps : 2858,1,marbled cat,06-01-2010 12:28:20,4,test
https://storage.googleapis.com/public-datasets-lila/wcs-unzipped/animals/0403/1039.jpg,WCS Camera Traps : 5a35815e-92d5-11e9-b2c3-000d3a74c7de,WCS Camera Traps : idn-003-d0082-28,WCS Camera Traps : 2858,2,marbled cat,06-01-2010 12:28:22,4,test
https://storage.googleapis.com/public-datasets-lila/wcs-unzipped/animals/0403/1040.jpg,WCS Camera Traps : 5a358160-92d5-11e9-ae07-000d3a74c7de,WCS Camera Traps : idn-003-d0082-28,WCS Camera Traps : 2858,3,marbled cat,06-01-2010 12:28:24,4,test
https://storage.googleapis.com/public-datasets-lila/wcs-unzipped/animals/0403/1731.jpg,WCS Camera Traps : 5a54c7ef-92d5-11e9-9651-000d3a74c7de,WCS Camera Traps : idn-003-d0087-21,WCS Camera Traps : 2854,1,marbled cat,06-02-2010 09:51:30,4,test
https://storage.googleapis.com/public-datasets-lila/wcs-unzipped/animals/0403/1732.jpg,WCS Camera Traps : 5a54c7f1-92d5-11e9-8142-000d3a74c7de,WCS Camera Traps : idn-003-d0087-21,WCS Camera Traps : 2854,2,marbled cat,06-02-2010 09:51:38,4,test
https://storage.googleapis.com/public-datasets-lila/wcs-unzipped/animals/0403/1733.jpg,WCS Camera Traps : 5a54c7f3-92d5-11e9-a94c-000d3a74c7de,WCS Camera Traps : idn-003-d0087-21,WCS Camera Traps : 2854,3,marbled cat,06-02-2010 09:51:44,4,test
https://storage.googleapis.com/public-datasets-lila/wcs-unzipped/animals/0403/1738.jpg,WCS Camera Traps : 5a551625-92d5-11e9-af34-000d3a74c7de,WCS Camera Traps : idn-003-d0087-25,WCS Camera Traps : 2854,1,marbled cat,06-05-2010 06:58:38,4,test
https://storage.googleapis.com/public-datasets-lila/wcs-unzipped/animals/0403/1745.jpg,WCS Camera Traps : 5a556401-92d5-11e9-bff2-000d3a74c7de,WCS Camera Traps : idn-003-d0087-28,WCS Camera Traps : 2854,1,marbled cat,06-14-2010 01:55:48,4,test
https://storage.googleapis.com/public-datasets-lila/wcs-unzipped/animals/0406/1009.jpg,WCS Camera Traps : 5b471c4e-92d5-11e9-8fe2-000d3a74c7de,WCS Camera Traps : idn-003-d0123-5,WCS Camera Traps : 2877,1,marbled cat,06-28-2010 19:17:45,4,train
https://storage.googleapis.com/public-datasets-lila/wcs-unzipped/animals/0420/0690.jpg,WCS Camera Traps : 6051da2c-92d5-11e9-9c90-000d3a74c7de,WCS Camera Traps : idn-004-d0015-44,WCS Camera Traps : 2995,1,marbled cat,03-23-2013 07:36:44,4,train
https://storage.googleapis.com/public-datasets-lila/wcs-unzipped/animals/0420/1430.jpg,WCS Camera Traps : 607430a5-92d5-11e9-a0b6-000d3a74c7de,WCS Camera Traps : idn-004-d0018-3,WCS Camera Traps : 2996,1,marbled cat,01-24-2013 16:53:40,4,train
https://storage.googleapis.com/public-datasets-lila/wcs-unzipped/animals/0420/1431.jpg,WCS Camera Traps : 607430a7-92d5-11e9-b325-000d3a74c7de,WCS Camera Traps : idn-004-d0018-3,WCS Camera Traps : 2996,2,marbled cat,01-24-2013 16:54:00,4,train
https://storage.googleapis.com/public-datasets-lila/wcs-unzipped/animals/0420/1432.jpg,WCS Camera Traps : 60745794-92d5-11e9-9e59-000d3a74c7de,WCS Camera Traps : idn-004-d0018-3,WCS Camera Traps : 2996,3,marbled cat,01-24-2013 16:54:21,4,train
https://storage.googleapis.com/public-datasets-lila/wcs-unzipped/animals/0420/1463.jpg,WCS Camera Traps : 6075b738-92d5-11e9-982a-000d3a74c7de,WCS Camera Traps : idn-004-d0018-16,WCS Camera Traps : 2996,1,marbled cat,02-02-2013 17:55:16,4,train
https://storage.googleapis.com/public-datasets-lila/wcs-unzipped/animals/0420/1475.jpg,WCS Camera Traps : 60762c58-92d5-11e9-963c-000d3a74c7de,WCS Camera Traps : idn-004-d0018-21,WCS Camera Traps : 2996,1,marbled cat,02-05-2013 12:34:49,4,train
https://storage.googleapis.com/public-datasets-lila/wcs-unzipped/animals/0420/1476.jpg,WCS Camera Traps : 6076536c-92d5-11e9-bd86-000d3a74c7de,WCS Camera Traps : idn-004-d0018-21,WCS Camera Traps : 2996,2,marbled cat,02-05-2013 12:34:55,4,train
https://storage.googleapis.com/public-datasets-lila/wcs-unzipped/animals/0420/1484.jpg,WCS Camera Traps : 6076a19a-92d5-11e9-9e61-000d3a74c7de,WCS Camera Traps : idn-004-d0018-27,WCS Camera Traps : 2996,1,marbled cat,02-08-2013 13:56:52,4,train
https://storage.googleapis.com/public-datasets-lila/wcs-unzipped/animals/0420/1487.jpg,WCS Camera Traps : 6076c893-92d5-11e9-8296-000d3a74c7de,WCS Camera Traps : idn-004-d0018-29,WCS Camera Traps : 2996,1,marbled cat,02-10-2013 07:11:36,4,train
https://storage.googleapis.com/public-datasets-lila/wcs-unzipped/animals/0420/1505.jpg,WCS Camera Traps : 60778bf0-92d5-11e9-8559-000d3a74c7de,WCS Camera Traps : idn-004-d0018-39,WCS Camera Traps : 2996,1,marbled cat,02-21-2013 16:02:52,4,train
https://storage.googleapis.com/public-datasets-lila/wcs-unzipped/animals/0420/1506.jpg,WCS Camera Traps : 60778bf2-92d5-11e9-a4c4-000d3a74c7de,WCS Camera Traps : idn-004-d0018-39,WCS Camera Traps : 2996,2,marbled cat,02-21-2013 16:02:59,4,train
https://storage.googleapis.com/public-datasets-lila/wcs-unzipped/animals/0420/1507.jpg,WCS Camera Traps : 60778bf4-92d5-11e9-8814-000d3a74c7de,WCS Camera Traps : idn-004-d0018-39,WCS Camera Traps : 2996,3,marbled cat,02-21-2013 16:03:06,4,train
https://storage.googleapis.com/public-datasets-lila/wcs-unzipped/animals/0420/1508.jpg,WCS Camera Traps : 6077b2f5-92d5-11e9-9e09-000d3a74c7de,WCS Camera Traps : idn-004-d0018-39,WCS Camera Traps : 2996,4,marbled cat,02-21-2013 16:03:26,4,train
https://storage.googleapis.com/public-datasets-lila/wcs-unzipped/animals/0420/1509.jpg,WCS Camera Traps : 6077b2f7-92d5-11e9-b421-000d3a74c7de,WCS Camera Traps : idn-004-d0018-39,WCS Camera Traps : 2996,5,marbled cat,02-21-2013 16:03:33,4,train
https://storage.googleapis.com/public-datasets-lila/wcs-unzipped/animals/0434/0524.jpg,WCS Camera Traps : 6552d6b8-92d5-11e9-8c3b-000d3a74c7de,WCS Camera Traps : idn-004-d0101-10,WCS Camera Traps : 3024,1,marbled cat,02-16-2013 11:48:49,4,train
https://storage.googleapis.com/public-datasets-lila/wcs-unzipped/animals/0434/0525.jpg,WCS Camera Traps : 6552d6ba-92d5-11e9-93c4-000d3a74c7de,WCS Camera Traps : idn-004-d0101-10,WCS Camera Traps : 3024,2,marbled cat,02-16-2013 11:48:52,4,train
https://storage.googleapis.com/public-datasets-lila/wcs-unzipped/animals/0444/0381.jpg,WCS Camera Traps : 69b0b2dd-92d5-11e9-a8ff-000d3a74c7de,WCS Camera Traps : idn-004-d0196-49,WCS Camera Traps : 3067,1,marbled cat,06-30-2013 10:45:45,4,train
https://storage.googleapis.com/public-datasets-lila/wcs-unzipped/animals/0444/0382.jpg,WCS Camera Traps : 69b0b2df-92d5-11e9-af04-000d3a74c7de,WCS Camera Traps : idn-004-d0196-49,WCS Camera Traps : 3067,2,marbled cat,06-30-2013 10:45:50,4,train
https://storage.googleapis.com/public-datasets-lila/wcs-unzipped/animals/0444/0383.jpg,WCS Camera Traps : 69b0b2e1-92d5-11e9-ba11-000d3a74c7de,WCS Camera Traps : idn-004-d0196-49,WCS Camera Traps : 3067,3,marbled cat,06-30-2013 10:45:55,4,train
https://storage.googleapis.com/public-datasets-lila/wcs-unzipped/animals/0444/0384.jpg,WCS Camera Traps : 69b0db5c-92d5-11e9-a194-000d3a74c7de,WCS Camera Traps : idn-004-d0196-50,WCS Camera Traps : 3067,1,marbled cat,06-30-2013 10:49:27,4,train
https://storage.googleapis.com/public-datasets-lila/wcs-unzipped/animals/0444/0385.jpg,WCS Camera Traps : 69b0db5e-92d5-11e9-948b-000d3a74c7de,WCS Camera Traps : idn-004-d0196-50,WCS Camera Traps : 3067,2,marbled cat,06-30-2013 10:49:33,4,train
https://storage.googleapis.com/public-datasets-lila/wcs-unzipped/animals/0444/0386.jpg,WCS Camera Traps : 69b0db60-92d5-11e9-8064-000d3a74c7de,WCS Camera Traps : idn-004-d0196-50,WCS Camera Traps : 3067,3,marbled cat,06-30-2013 10:49:38,4,train
https://storage.googleapis.com/public-datasets-lila/wcs-unzipped/animals/0444/0387.jpg,WCS Camera Traps : 69b0db62-92d5-11e9-97c0-000d3a74c7de,WCS Camera Traps : idn-004-d0196-50,WCS Camera Traps : 3067,4,marbled cat,06-30-2013 10:50:03,4,train
https://storage.googleapis.com/public-datasets-lila/wcs-unzipped/animals/0444/0390.jpg,WCS Camera Traps : 69b100a6-92d5-11e9-9346-000d3a74c7de,WCS Camera Traps : idn-004-d0196-50,WCS Camera Traps : 3067,7,marbled cat,06-30-2013 10:50:36,4,train
https://storage.googleapis.com/public-datasets-lila/wcs-unzipped/animals/0444/0391.jpg,WCS Camera Traps : 69b12798-92d5-11e9-b318-000d3a74c7de,WCS Camera Traps : idn-004-d0196-50,WCS Camera Traps : 3067,8,marbled cat,06-30-2013 10:50:41,4,train
https://storage.googleapis.com/public-datasets-lila/wcs-unzipped/animals/0444/0392.jpg,WCS Camera Traps : 69b1279a-92d5-11e9-b702-000d3a74c7de,WCS Camera Traps : idn-004-d0196-50,WCS Camera Traps : 3067,9,marbled cat,06-30-2013 10:50:47,4,train
https://storage.googleapis.com/public-datasets-lila/wcs-unzipped/animals/0445/1493.jpg,WCS Camera Traps : 6a3ffa80-92d5-11e9-ad8e-000d3a74c7de,WCS Camera Traps : idn-004-d0209-22,WCS Camera Traps : 3074,1,marbled cat,06-10-2013 08:37:34,4,train
https://storage.googleapis.com/public-datasets-lila/wcs-unzipped/animals/0445/1502.jpg,WCS Camera Traps : 6a4048a0-92d5-11e9-89ce-000d3a74c7de,WCS Camera Traps : idn-004-d0209-26,WCS Camera Traps : 3074,1,marbled cat,07-02-2013 14:03:32,4,train
https://storage.googleapis.com/public-datasets-lila/wcs-unzipped/animals/0445/1503.jpg,WCS Camera Traps : 6a406fbe-92d5-11e9-9fbc-000d3a74c7de,WCS Camera Traps : idn-004-d0209-26,WCS Camera Traps : 3074,2,marbled cat,07-02-2013 14:03:49,4,train
https://storage.googleapis.com/public-datasets-lila/wcs-unzipped/animals/0445/1504.jpg,WCS Camera Traps : 6a406fc0-92d5-11e9-83d5-000d3a74c7de,WCS Camera Traps : idn-004-d0209-26,WCS Camera Traps : 3074,3,marbled cat,07-02-2013 14:04:08,4,train
https://storage.googleapis.com/public-datasets-lila/wcs-unzipped/animals/0446/1316.jpg,WCS Camera Traps : 6a97b7a1-92d5-11e9-8e27-000d3a74c7de,WCS Camera Traps : idn-004-d0211-10,WCS Camera Traps : 3075,1,marbled cat,04-15-2013 20:29:29,4,train
https://storage.googleapis.com/public-datasets-lila/wcs-unzipped/animals/0446/1317.jpg,WCS Camera Traps : 6a97dea8-92d5-11e9-9b91-000d3a74c7de,WCS Camera Traps : idn-004-d0211-10,WCS Camera Traps : 3075,2,marbled cat,04-15-2013 20:29:37,4,train
https://storage.googleapis.com/public-datasets-lila/wcs-unzipped/animals/0446/1318.jpg,WCS Camera Traps : 6a97deaa-92d5-11e9-9757-000d3a74c7de,WCS Camera Traps : idn-004-d0211-10,WCS Camera Traps : 3075,3,marbled cat,04-15-2013 20:29:45,4,train
https://storage.googleapis.com/public-datasets-lila/wcs-unzipped/animals/0446/1319.jpg,WCS Camera Traps : 6a97deac-92d5-11e9-aaf6-000d3a74c7de,WCS Camera Traps : idn-004-d0211-10,WCS Camera Traps : 3075,4,marbled cat,04-15-2013 20:30:05,4,train
https://storage.googleapis.com/public-datasets-lila/wcs-unzipped/animals/0446/1337.jpg,WCS Camera Traps : 6a98c90b-92d5-11e9-bb9b-000d3a74c7de,WCS Camera Traps : idn-004-d0211-20,WCS Camera Traps : 3075,1,marbled cat,04-21-2013 05:30:51,4,train
https://storage.googleapis.com/public-datasets-lila/wcs-unzipped/animals/0446/1338.jpg,WCS Camera Traps : 6a98c90d-92d5-11e9-9680-000d3a74c7de,WCS Camera Traps : idn-004-d0211-20,WCS Camera Traps : 3075,2,marbled cat,04-21-2013 05:31:16,4,train
https://storage.googleapis.com/public-datasets-lila/wcs-unzipped/animals/0453/0119.jpg,WCS Camera Traps : 6cf2bf20-92d5-11e9-9792-000d3a74c7de,WCS Camera Traps : idn-004-d0220-24,WCS Camera Traps : 3082,1,marbled cat,06-27-2013 09:23:05,4,train
https://storage.googleapis.com/public-datasets-lila/wcs-unzipped/animals/0453/0120.jpg,WCS Camera Traps : 6cf2e58c-92d5-11e9-bca8-000d3a74c7de,WCS Camera Traps : idn-004-d0220-24,WCS Camera Traps : 3082,2,marbled cat,06-27-2013 09:23:21,4,train
https://storage.googleapis.com/public-datasets-lila/wcs-unzipped/animals/0453/0125.jpg,WCS Camera Traps : 6cf30caf-92d5-11e9-8e1f-000d3a74c7de,WCS Camera Traps : idn-004-d0220-26,WCS Camera Traps : 3082,1,marbled cat,07-01-2013 09:02:31,4,train
https://storage.googleapis.com/public-datasets-lila/wcs-unzipped/animals/0458/1131.jpg,WCS Camera Traps : 6ef740ee-92d5-11e9-a1b1-000d3a74c7de,WCS Camera Traps : idn-004-d0263-52,WCS Camera Traps : 3113,2,marbled cat,06-12-2013 15:22:24,4,train
https://storage.googleapis.com/public-datasets-lila/wcs-unzipped/animals/0460/0789.jpg,WCS Camera Traps : 6fa11538-92d5-11e9-b896-000d3a74c7de,WCS Camera Traps : idn-004-d0268-62,WCS Camera Traps : 3117,4,marbled cat,07-03-2013 06:13:59,4,train
https://storage.googleapis.com/public-datasets-lila/wcs-unzipped/animals/0460/0895.jpg,WCS Camera Traps : 6fa5f8c0-92d5-11e9-904b-000d3a74c7de,WCS Camera Traps : idn-004-d0268-62,WCS Camera Traps : 3117,1,marbled cat,07-03-2013 06:13:08,4,train
https://storage.googleapis.com/public-datasets-lila/wcs-unzipped/animals/0462/1574.jpg,WCS Camera Traps : 708003f2-92d5-11e9-9cea-000d3a74c7de,WCS Camera Traps : idn-004-d0298-46,WCS Camera Traps : 3139,1,marbled cat,06-18-2013 12:50:39,4,test
https://storage.googleapis.com/public-datasets-lila/wcs-unzipped/animals/0462/1575.jpg,WCS Camera Traps : 708003f4-92d5-11e9-b586-000d3a74c7de,WCS Camera Traps : idn-004-d0298-46,WCS Camera Traps : 3139,2,marbled cat,06-18-2013 12:50:46,4,test
https://storage.googleapis.com/public-datasets-lila/wcs-unzipped/animals/0462/1731.jpg,WCS Camera Traps : 70877e8f-92d5-11e9-a95c-000d3a74c7de,WCS Camera Traps : idn-004-d0299-28,WCS Camera Traps : 3139,1,marbled cat,06-18-2013 12:50:04,4,test
https://storage.googleapis.com/public-datasets-lila/wcs-unzipped/animals/0462/1732.jpg,WCS Camera Traps : 70877e91-92d5-11e9-9a73-000d3a74c7de,WCS Camera Traps : idn-004-d0299-28,WCS Camera Traps : 3139,2,marbled cat,06-18-2013 12:50:11,4,test
https://storage.googleapis.com/public-datasets-lila/wcs-unzipped/animals/0476/0828.jpg,WCS Camera Traps : 75858fe7-92d5-11e9-9bbf-000d3a74c7de,WCS Camera Traps : lao-001-d0001-4,WCS Camera Traps : 3440,1,marbled cat,03-27-2003 11:06:00,4,train
https://storage.googleapis.com/public-datasets-lila/wcs-unzipped/animals/0476/0900.jpg,WCS Camera Traps : 75889be2-92d5-11e9-8c79-000d3a74c7de,WCS Camera Traps : lao-001-d0007-2,WCS Camera Traps : 3443,1,marbled cat,03-13-2003 08:25:00,4,train
https://storage.googleapis.com/public-datasets-lila/wcs-unzipped/animals/0476/0903.jpg,WCS Camera Traps : 7588c337-92d5-11e9-aa36-000d3a74c7de,WCS Camera Traps : lao-001-d0008-2,WCS Camera Traps : 3443,1,marbled cat,03-13-2003 08:24:00,4,train
https://storage.googleapis.com/public-datasets-lila/wcs-unzipped/animals/0476/0904.jpg,WCS Camera Traps : 7588c339-92d5-11e9-b363-000d3a74c7de,WCS Camera Traps : lao-001-d0008-3,WCS Camera Traps : 3443,1,marbled cat,03-23-2003 12:17:00,4,train
https://storage.googleapis.com/public-datasets-lila/wcs-unzipped/animals/0476/0960.jpg,WCS Camera Traps : 758b33e0-92d5-11e9-be6d-000d3a74c7de,WCS Camera Traps : lao-001-d0014-4,WCS Camera Traps : 3446,1,marbled cat,03-28-2003 14:49:00,4,train
https://storage.googleapis.com/public-datasets-lila/wcs-unzipped/animals/0476/1025.jpg,WCS Camera Traps : 758eb6a7-92d5-11e9-97c3-000d3a74c7de,WCS Camera Traps : lao-001-d0022-7,WCS Camera Traps : 3451,1,marbled cat,04-22-2003 11:46:00,4,train
https://storage.googleapis.com/public-datasets-lila/wcs-unzipped/animals/0476/1047.jpg,WCS Camera Traps : 758fc7bb-92d5-11e9-9781-000d3a74c7de,WCS Camera Traps : lao-001-d0026-5,WCS Camera Traps : 3454,1,marbled cat,03-30-2003 09:35:00,4,train
https://storage.googleapis.com/public-datasets-lila/wcs-unzipped/animals/0476/1442.jpg,WCS Camera Traps : 75a21769-92d5-11e9-be68-000d3a74c7de,WCS Camera Traps : lao-001-d0149-2,WCS Camera Traps : 3516,1,marbled cat,02-19-2004 16:20:00,4,train
https://storage.googleapis.com/public-datasets-lila/wcs-unzipped/animals/0476/1446.jpg,WCS Camera Traps : 75a23ea2-92d5-11e9-9bf2-000d3a74c7de,WCS Camera Traps : lao-001-d0150-2,WCS Camera Traps : 3517,1,marbled cat,03-01-2004 12:00:00,4,train
https://storage.googleapis.com/public-datasets-lila/wcs-unzipped/animals/0476/1652.jpg,WCS Camera Traps : 75ab6628-92d5-11e9-97fe-000d3a74c7de,WCS Camera Traps : lao-001-d0182-2,WCS Camera Traps : 3533,1,marbled cat,03-04-2004 09:33:00,4,train
https://storage.googleapis.com/public-datasets-lila/wcs-unzipped/animals/0476/1807.jpg,WCS Camera Traps : 75b3074b-92d5-11e9-b2cb-000d3a74c7de,WCS Camera Traps : lao-001-d0210-3,WCS Camera Traps : 3547,1,marbled cat,04-25-2004 08:51:00,4,train
https://storage.googleapis.com/public-datasets-lila/wcs-unzipped/animals/0476/1815.jpg,WCS Camera Traps : 75b3557b-92d5-11e9-b092-000d3a74c7de,WCS Camera Traps : lao-001-d0211-2,WCS Camera Traps : 3547,1,marbled cat,04-25-2004 08:53:00,4,train
https://storage.googleapis.com/public-datasets-lila/wcs-unzipped/animals/0477/0113.jpg,WCS Camera Traps : 75c18700-92d5-11e9-a66d-000d3a74c7de,WCS Camera Traps : lao-001-d0260-3,WCS Camera Traps : 3572,1,marbled cat,11-08-2004 07:51:00,4,train
https://storage.googleapis.com/public-datasets-lila/wcs-unzipped/animals/0477/0133.jpg,WCS Camera Traps : 75c270ba-92d5-11e9-a862-000d3a74c7de,WCS Camera Traps : lao-001-d0263-3,WCS Camera Traps : 3574,1,marbled cat,10-28-2004 06:16:00,4,train
https://storage.googleapis.com/public-datasets-lila/wcs-unzipped/animals/0477/0329.jpg,WCS Camera Traps : 75cb235e-92d5-11e9-a331-000d3a74c7de,WCS Camera Traps : lao-001-d0289-3,WCS Camera Traps : 3587,1,marbled cat,12-04-2004 07:50:00,4,train
https://storage.googleapis.com/public-datasets-lila/wcs-unzipped/animals/0477/0337.jpg,WCS Camera Traps : 75cb9892-92d5-11e9-aca5-000d3a74c7de,WCS Camera Traps : lao-001-d0290-2,WCS Camera Traps : 3584,1,marbled cat,11-06-2004 17:46:00,4,train
https://storage.googleapis.com/public-datasets-lila/wcs-unzipped/animals/0477/0338.jpg,WCS Camera Traps : 75cc34ae-92d5-11e9-89a0-000d3a74c7de,WCS Camera Traps : lao-001-d0290-3,WCS Camera Traps : 3584,1,marbled cat,11-20-2004 01:16:00,4,train
https://storage.googleapis.com/public-datasets-lila/wcs-unzipped/animals/0477/0339.jpg,WCS Camera Traps : 75cc34b0-92d5-11e9-84f9-000d3a74c7de,WCS Camera Traps : lao-001-d0290-4,WCS Camera Traps : 3584,1,marbled cat,11-22-2004 16:19:00,4,train
https://storage.googleapis.com/public-datasets-lila/wcs-unzipped/animals/0477/0353.jpg,WCS Camera Traps : 75ccf826-92d5-11e9-9b1a-000d3a74c7de,WCS Camera Traps : lao-001-d0292-5,WCS Camera Traps : 3589,1,marbled cat,11-09-2004 06:26:00,4,train
https://storage.googleapis.com/public-datasets-lila/wcs-unzipped/animals/0477/0451.jpg,WCS Camera Traps : 75d18bbc-92d5-11e9-a171-000d3a74c7de,WCS Camera Traps : lao-004-d0045-3,WCS Camera Traps : 3758,1,marbled cat,06-01-2011 15:54:00,4,train
https://storage.googleapis.com/public-datasets-lila/wcs-unzipped/animals/0477/0452.jpg,WCS Camera Traps : 75d18bbe-92d5-11e9-ad13-000d3a74c7de,WCS Camera Traps : lao-004-d0045-3,WCS Camera Traps : 3758,2,marbled cat,06-01-2011 15:54:00,4,train
https://storage.googleapis.com/public-datasets-lila/wcs-unzipped/animals/0477/0519.jpg,WCS Camera Traps : 75d49922-92d5-11e9-bbeb-000d3a74c7de,WCS Camera Traps : lao-004-d0046-7,WCS Camera Traps : 3760,1,marbled cat,05-20-2011 16:51:00,4,train
https://storage.googleapis.com/public-datasets-lila/wcs-unzipped/animals/0477/0805.jpg,WCS Camera Traps : 75e1b9f7-92d5-11e9-9446-000d3a74c7de,WCS Camera Traps : lao-004-d0009-2,WCS Camera Traps : 3763,1,marbled cat,02-15-2011 08:04:00,4,train
https://storage.googleapis.com/public-datasets-lila/wcs-unzipped/animals/0477/0806.jpg,WCS Camera Traps : 75e1b9f9-92d5-11e9-b6fe-000d3a74c7de,WCS Camera Traps : lao-004-d0009-2,WCS Camera Traps : 3763,2,marbled cat,02-15-2011 08:04:00,4,train
https://storage.googleapis.com/public-datasets-lila/wcs-unzipped/animals/0477/0807.jpg,WCS Camera Traps : 75e1e0f6-92d5-11e9-8bc8-000d3a74c7de,WCS Camera Traps : lao-004-d0009-2,WCS Camera Traps : 3763,3,marbled cat,02-15-2011 08:04:00,4,train
https://storage.googleapis.com/public-datasets-lila/wcs-unzipped/animals/0477/0810.jpg,WCS Camera Traps : 75e1e0fc-92d5-11e9-b7ec-000d3a74c7de,WCS Camera Traps : lao-004-d0010-2,WCS Camera Traps : 3763,1,marbled cat,02-15-2011 08:30:00,4,train
https://storage.googleapis.com/public-datasets-lila/wcs-unzipped/animals/0477/0811.jpg,WCS Camera Traps : 75e207f5-92d5-11e9-b2bc-000d3a74c7de,WCS Camera Traps : lao-004-d0010-2,WCS Camera Traps : 3763,2,marbled cat,02-15-2011 08:30:00,4,train
https://storage.googleapis.com/public-datasets-lila/wcs-unzipped/animals/0477/0812.jpg,WCS Camera Traps : 75e207f7-92d5-11e9-9c00-000d3a74c7de,WCS Camera Traps : lao-004-d0010-2,WCS Camera Traps : 3763,3,marbled cat,02-15-2011 08:30:00,4,train
https://storage.googleapis.com/public-datasets-lila/wcs-unzipped/animals/0477/0823.jpg,WCS Camera Traps : 75e27d54-92d5-11e9-93ca-000d3a74c7de,WCS Camera Traps : lao-004-d0010-9,WCS Camera Traps : 3763,1,marbled cat,04-02-2011 12:12:00,4,train
https://storage.googleapis.com/public-datasets-lila/wcs-unzipped/animals/0477/0824.jpg,WCS Camera Traps : 75e27d56-92d5-11e9-b826-000d3a74c7de,WCS Camera Traps : lao-004-d0010-9,WCS Camera Traps : 3763,2,marbled cat,04-02-2011 12:12:00,4,train
https://storage.googleapis.com/public-datasets-lila/wcs-unzipped/animals/0477/0825.jpg,WCS Camera Traps : 75e2a446-92d5-11e9-be85-000d3a74c7de,WCS Camera Traps : lao-004-d0010-9,WCS Camera Traps : 3763,3,marbled cat,04-02-2011 12:12:00,4,train
https://storage.googleapis.com/public-datasets-lila/wcs-unzipped/animals/0477/1811.jpg,WCS Camera Traps : 760f3260-92d5-11e9-9047-000d3a74c7de,WCS Camera Traps : lao-004-d0037-5,WCS Camera Traps : 3774,1,marbled cat,04-24-2011 13:17:00,4,train
https://storage.googleapis.com/public-datasets-lila/wcs-unzipped/animals/0477/1812.jpg,WCS Camera Traps : 760f3262-92d5-11e9-9019-000d3a74c7de,WCS Camera Traps : lao-004-d0037-5,WCS Camera Traps : 3774,2,marbled cat,04-24-2011 13:17:00,4,train
https://storage.googleapis.com/public-datasets-lila/wcs-unzipped/animals/0477/1813.jpg,WCS Camera Traps : 760f5978-92d5-11e9-ba9c-000d3a74c7de,WCS Camera Traps : lao-004-d0037-5,WCS Camera Traps : 3774,3,marbled cat,04-24-2011 13:17:00,4,train
https://storage.googleapis.com/public-datasets-lila/wcs-unzipped/animals/0477/1822.jpg,WCS Camera Traps : 760fa7a0-92d5-11e9-9744-000d3a74c7de,WCS Camera Traps : lao-004-d0037-12,WCS Camera Traps : 3774,1,marbled cat,06-08-2011 08:59:00,4,train
https://storage.googleapis.com/public-datasets-lila/wcs-unzipped/animals/0477/1854.jpg,WCS Camera Traps : 76110598-92d5-11e9-a588-000d3a74c7de,WCS Camera Traps : lao-004-d0036-5,WCS Camera Traps : 3774,1,marbled cat,04-24-2011 13:17:00,4,train
https://storage.googleapis.com/public-datasets-lila/wcs-unzipped/animals/0477/1855.jpg,WCS Camera Traps : 76112cbb-92d5-11e9-bf13-000d3a74c7de,WCS Camera Traps : lao-004-d0036-5,WCS Camera Traps : 3774,2,marbled cat,04-24-2011 13:17:00,4,train
https://storage.googleapis.com/public-datasets-lila/wcs-unzipped/animals/0477/1856.jpg,WCS Camera Traps : 76112cbd-92d5-11e9-88f4-000d3a74c7de,WCS Camera Traps : lao-004-d0036-5,WCS Camera Traps : 3774,3,marbled cat,04-24-2011 13:17:00,4,train
https://storage.googleapis.com/public-datasets-lila/wcs-unzipped/animals/0477/1884.jpg,WCS Camera Traps : 76126576-92d5-11e9-b83a-000d3a74c7de,WCS Camera Traps : lao-004-d0036-23,WCS Camera Traps : 3774,1,marbled cat,06-08-2011 08:57:00,4,train
https://storage.googleapis.com/public-datasets-lila/wcs-unzipped/animals/0478/0020.jpg,WCS Camera Traps : 76191c42-92d5-11e9-bbab-000d3a74c7de,WCS Camera Traps : lao-004-d0035-16,WCS Camera Traps : 3776,1,marbled cat,04-24-2011 06:48:00,4,train
https://storage.googleapis.com/public-datasets-lila/wcs-unzipped/animals/0478/0021.jpg,WCS Camera Traps : 76191c44-92d5-11e9-bba8-000d3a74c7de,WCS Camera Traps : lao-004-d0035-16,WCS Camera Traps : 3776,2,marbled cat,04-24-2011 06:48:00,4,train
https://storage.googleapis.com/public-datasets-lila/wcs-unzipped/animals/0478/0022.jpg,WCS Camera Traps : 76191c46-92d5-11e9-945b-000d3a74c7de,WCS Camera Traps : lao-004-d0035-16,WCS Camera Traps : 3776,3,marbled cat,04-24-2011 06:48:00,4,train
https://storage.googleapis.com/public-datasets-lila/wcs-unzipped/animals/0478/0350.jpg,WCS Camera Traps : 7628d3d8-92d5-11e9-8819-000d3a74c7de,WCS Camera Traps : lao-004-d0005-11,WCS Camera Traps : 3778,1,marbled cat,02-10-2011 10:03:00,4,train
https://storage.googleapis.com/public-datasets-lila/wcs-unzipped/animals/0478/0351.jpg,WCS Camera Traps : 7628d3da-92d5-11e9-a5c4-000d3a74c7de,WCS Camera Traps : lao-004-d0005-11,WCS Camera Traps : 3778,2,marbled cat,02-10-2011 10:03:00,4,train
https://storage.googleapis.com/public-datasets-lila/wcs-unzipped/animals/0478/0352.jpg,WCS Camera Traps : 7628fad3-92d5-11e9-a9ee-000d3a74c7de,WCS Camera Traps : lao-004-d0005-11,WCS Camera Traps : 3778,3,marbled cat,02-10-2011 10:03:00,4,train
https://storage.googleapis.com/public-datasets-lila/wcs-unzipped/animals/0478/1051.jpg,WCS Camera Traps : 764a6531-92d5-11e9-a1c0-000d3a74c7de,WCS Camera Traps : lao-005-d0047-16,WCS Camera Traps : 3788,1,marbled cat,04-24-2012 09:27:00,4,train
https://storage.googleapis.com/public-datasets-lila/wcs-unzipped/animals/0478/1052.jpg,WCS Camera Traps : 764a8c3a-92d5-11e9-a421-000d3a74c7de,WCS Camera Traps : lao-005-d0047-16,WCS Camera Traps : 3788,2,marbled cat,04-24-2012 09:28:00,4,train
https://storage.googleapis.com/public-datasets-lila/wcs-unzipped/animals/0478/1053.jpg,WCS Camera Traps : 764a8c3c-92d5-11e9-a768-000d3a74c7de,WCS Camera Traps : lao-005-d0047-16,WCS Camera Traps : 3788,3,marbled cat,04-24-2012 09:28:00,4,train
https://storage.googleapis.com/public-datasets-lila/wcs-unzipped/animals/0478/1059.jpg,WCS Camera Traps : 764adbc8-92d5-11e9-b850-000d3a74c7de,WCS Camera Traps : lao-005-d0047-22,WCS Camera Traps : 3788,1,marbled cat,04-29-2012 16:46:00,4,train
https://storage.googleapis.com/public-datasets-lila/wcs-unzipped/animals/0478/1060.jpg,WCS Camera Traps : 764adbca-92d5-11e9-ae96-000d3a74c7de,WCS Camera Traps : lao-005-d0047-22,WCS Camera Traps : 3788,2,marbled cat,04-29-2012 16:46:00,4,train
https://storage.googleapis.com/public-datasets-lila/wcs-unzipped/animals/0478/1061.jpg,WCS Camera Traps : 764adbcc-92d5-11e9-a2e1-000d3a74c7de,WCS Camera Traps : lao-005-d0047-22,WCS Camera Traps : 3788,3,marbled cat,04-29-2012 16:46:00,4,train
https://storage.googleapis.com/public-datasets-lila/wcs-unzipped/animals/0478/1092.jpg,WCS Camera Traps : 764c3a60-92d5-11e9-88b7-000d3a74c7de,WCS Camera Traps : lao-005-d0047-40,WCS Camera Traps : 3788,1,marbled cat,05-16-2012 09:59:00,4,train
https://storage.googleapis.com/public-datasets-lila/wcs-unzipped/animals/0478/1093.jpg,WCS Camera Traps : 764c3a62-92d5-11e9-8aa6-000d3a74c7de,WCS Camera Traps : lao-005-d0047-40,WCS Camera Traps : 3788,2,marbled cat,05-16-2012 09:59:00,4,train
https://storage.googleapis.com/public-datasets-lila/wcs-unzipped/animals/0478/1094.jpg,WCS Camera Traps : 764c627b-92d5-11e9-8d9f-000d3a74c7de,WCS Camera Traps : lao-005-d0047-40,WCS Camera Traps : 3788,3,marbled cat,05-16-2012 09:59:00,4,train
https://storage.googleapis.com/public-datasets-lila/wcs-unzipped/animals/0478/1132.jpg,WCS Camera Traps : 764e0ecf-92d5-11e9-94e5-000d3a74c7de,WCS Camera Traps : lao-005-d0048-18,WCS Camera Traps : 3788,1,marbled cat,04-24-2012 08:09:00,4,train
https://storage.googleapis.com/public-datasets-lila/wcs-unzipped/animals/0478/1139.jpg,WCS Camera Traps : 764e5d2b-92d5-11e9-ad16-000d3a74c7de,WCS Camera Traps : lao-005-d0048-24,WCS Camera Traps : 3788,1,marbled cat,04-29-2012 15:27:00,4,train
https://storage.googleapis.com/public-datasets-lila/wcs-unzipped/animals/0478/1140.jpg,WCS Camera Traps : 764e5d2d-92d5-11e9-83dd-000d3a74c7de,WCS Camera Traps : lao-005-d0048-24,WCS Camera Traps : 3788,2,marbled cat,04-29-2012 15:27:00,4,train
https://storage.googleapis.com/public-datasets-lila/wcs-unzipped/animals/0478/1472.jpg,WCS Camera Traps : 765dc64e-92d5-11e9-af06-000d3a74c7de,WCS Camera Traps : lao-005-d0046-2,WCS Camera Traps : 3792,1,marbled cat,04-02-2012 15:02:00,4,val
https://storage.googleapis.com/public-datasets-lila/wcs-unzipped/animals/0478/1478.jpg,WCS Camera Traps : 765e1466-92d5-11e9-b722-000d3a74c7de,WCS Camera Traps : lao-005-d0046-8,WCS Camera Traps : 3792,1,marbled cat,04-18-2012 13:04:00,4,val
https://storage.googleapis.com/public-datasets-lila/wcs-unzipped/animals/0478/1621.jpg,WCS Camera Traps : 76647cbe-92d5-11e9-a6ad-000d3a74c7de,WCS Camera Traps : lao-005-d0087-1,WCS Camera Traps : 3795,1,marbled cat,04-06-2012 17:20:00,4,train
https://storage.googleapis.com/public-datasets-lila/wcs-unzipped/animals/0478/1622.jpg,WCS Camera Traps : 76647cc0-92d5-11e9-a4a3-000d3a74c7de,WCS Camera Traps : lao-005-d0087-1,WCS Camera Traps : 3795,2,marbled cat,04-06-2012 17:20:00,4,train
https://storage.googleapis.com/public-datasets-lila/wcs-unzipped/animals/0479/0074.jpg,WCS Camera Traps : 7679daf0-92d5-11e9-b3a4-000d3a74c7de,WCS Camera Traps : lao-005-d0065-19,WCS Camera Traps : 3801,1,marbled cat,05-05-2012 15:17:00,4,train
https://storage.googleapis.com/public-datasets-lila/wcs-unzipped/animals/0479/0075.jpg,WCS Camera Traps : 7679daf2-92d5-11e9-a3b9-000d3a74c7de,WCS Camera Traps : lao-005-d0065-19,WCS Camera Traps : 3801,2,marbled cat,05-05-2012 15:17:00,4,train
https://storage.googleapis.com/public-datasets-lila/wcs-unzipped/animals/0479/0076.jpg,WCS Camera Traps : 7679daf4-92d5-11e9-8929-000d3a74c7de,WCS Camera Traps : lao-005-d0065-19,WCS Camera Traps : 3801,3,marbled cat,05-05-2012 15:17:00,4,train
https://storage.googleapis.com/public-datasets-lila/wcs-unzipped/animals/0479/0231.jpg,WCS Camera Traps : 768106f6-92d5-11e9-af36-000d3a74c7de,WCS Camera Traps : lao-005-d0053-6,WCS Camera Traps : 3803,1,marbled cat,05-12-2012 09:19:00,4,train
https://storage.googleapis.com/public-datasets-lila/wcs-unzipped/animals/0479/0232.jpg,WCS Camera Traps : 768106f8-92d5-11e9-9528-000d3a74c7de,WCS Camera Traps : lao-005-d0053-6,WCS Camera Traps : 3803,2,marbled cat,05-12-2012 09:19:00,4,train
https://storage.googleapis.com/public-datasets-lila/wcs-unzipped/animals/0479/0547.jpg,WCS Camera Traps : 768f860a-92d5-11e9-8ce2-000d3a74c7de,WCS Camera Traps : lao-005-d0061-4,WCS Camera Traps : 3811,1,marbled cat,05-08-2012 18:36:00,4,train
https://storage.googleapis.com/public-datasets-lila/wcs-unzipped/animals/0479/0570.jpg,WCS Camera Traps : 76907068-92d5-11e9-9762-000d3a74c7de,WCS Camera Traps : lao-005-d0040-4,WCS Camera Traps : 3812,1,marbled cat,02-19-2012 09:07:00,4,train
https://storage.googleapis.com/public-datasets-lila/wcs-unzipped/animals/0479/0584.jpg,WCS Camera Traps : 76910cbc-92d5-11e9-98d7-000d3a74c7de,WCS Camera Traps : lao-005-d0021-4,WCS Camera Traps : 3813,1,marbled cat,02-12-2012 02:17:00,4,train
https://storage.googleapis.com/public-datasets-lila/wcs-unzipped/animals/0479/0614.jpg,WCS Camera Traps : 76926c3c-92d5-11e9-bcf0-000d3a74c7de,WCS Camera Traps : lao-005-d0022-3,WCS Camera Traps : 3813,1,marbled cat,02-12-2012 02:16:00,4,train
https://storage.googleapis.com/public-datasets-lila/wcs-unzipped/animals/0479/0942.jpg,WCS Camera Traps : 76a15f1f-92d5-11e9-878b-000d3a74c7de,WCS Camera Traps : lao-005-d0034-2,WCS Camera Traps : 3823,1,marbled cat,02-10-2012 07:10:00,4,train
https://storage.googleapis.com/public-datasets-lila/wcs-unzipped/animals/0479/0943.jpg,WCS Camera Traps : 76a18636-92d5-11e9-bfaf-000d3a74c7de,WCS Camera Traps : lao-005-d0034-2,WCS Camera Traps : 3823,2,marbled cat,02-10-2012 07:10:00,4,train
https://storage.googleapis.com/public-datasets-lila/wcs-unzipped/animals/0479/0944.jpg,WCS Camera Traps : 76a18638-92d5-11e9-a9cb-000d3a74c7de,WCS Camera Traps : lao-005-d0034-3,WCS Camera Traps : 3823,1,marbled cat,02-19-2012 06:06:00,4,train
https://storage.googleapis.com/public-datasets-lila/wcs-unzipped/animals/0479/0945.jpg,WCS Camera Traps : 76a1863a-92d5-11e9-ad51-000d3a74c7de,WCS Camera Traps : lao-005-d0034-4,WCS Camera Traps : 3823,1,marbled cat,03-06-2012 07:43:00,4,train
https://storage.googleapis.com/public-datasets-lila/wcs-unzipped/animals/0479/0946.jpg,WCS Camera Traps : 76a1863c-92d5-11e9-b2fc-000d3a74c7de,WCS Camera Traps : lao-005-d0034-4,WCS Camera Traps : 3823,2,marbled cat,03-06-2012 07:43:00,4,train
https://storage.googleapis.com/public-datasets-lila/wcs-unzipped/animals/0479/0947.jpg,WCS Camera Traps : 76a1ad41-92d5-11e9-a92a-000d3a74c7de,WCS Camera Traps : lao-005-d0034-4,WCS Camera Traps : 3823,3,marbled cat,03-06-2012 07:43:00,4,train
https://storage.googleapis.com/public-datasets-lila/wcs-unzipped/animals/0479/0953.jpg,WCS Camera Traps : 76a1d46a-92d5-11e9-b415-000d3a74c7de,WCS Camera Traps : lao-005-d0034-9,WCS Camera Traps : 3823,1,marbled cat,03-21-2012 19:38:00,4,train
https://storage.googleapis.com/public-datasets-lila/wcs-unzipped/animals/0479/0956.jpg,WCS Camera Traps : 76a20449-92d5-11e9-92fa-000d3a74c7de,WCS Camera Traps : lao-005-d0034-12,WCS Camera Traps : 3823,1,marbled cat,03-31-2012 10:57:00,4,train
https://storage.googleapis.com/public-datasets-lila/wcs-unzipped/animals/0479/0957.jpg,WCS Camera Traps : 76a2225e-92d5-11e9-842e-000d3a74c7de,WCS Camera Traps : lao-005-d0034-12,WCS Camera Traps : 3823,2,marbled cat,03-31-2012 10:57:00,4,train
https://storage.googleapis.com/public-datasets-lila/wcs-unzipped/animals/0479/0958.jpg,WCS Camera Traps : 76a22260-92d5-11e9-ba60-000d3a74c7de,WCS Camera Traps : lao-005-d0034-12,WCS Camera Traps : 3823,3,marbled cat,03-31-2012 10:57:00,4,train
https://storage.googleapis.com/public-datasets-lila/wcs-unzipped/animals/0479/1046.jpg,WCS Camera Traps : 76a6902e-92d5-11e9-9fb1-000d3a74c7de,WCS Camera Traps : lao-005-d0172-5,WCS Camera Traps : 3827,1,marbled cat,05-09-2012 16:53:00,4,train
https://storage.googleapis.com/public-datasets-lila/wcs-unzipped/animals/0479/1056.jpg,WCS Camera Traps : 76a7044b-92d5-11e9-9ec6-000d3a74c7de,WCS Camera Traps : lao-005-d0173-4,WCS Camera Traps : 3827,1,marbled cat,05-09-2012 16:51:00,4,train
https://storage.googleapis.com/public-datasets-lila/wcs-unzipped/animals/0479/1370.jpg,WCS Camera Traps : 76b5f83e-92d5-11e9-aaa3-000d3a74c7de,WCS Camera Traps : lao-005-d0135-2,WCS Camera Traps : 3842,1,marbled cat,02-04-2012 11:12:00,4,train
https://storage.googleapis.com/public-datasets-lila/wcs-unzipped/animals/0479/1371.jpg,WCS Camera Traps : 76b5f840-92d5-11e9-b039-000d3a74c7de,WCS Camera Traps : lao-005-d0135-2,WCS Camera Traps : 3842,2,marbled cat,02-04-2012 11:12:00,4,train
https://storage.googleapis.com/public-datasets-lila/wcs-unzipped/animals/0479/1376.jpg,WCS Camera Traps : 76b64670-92d5-11e9-b633-000d3a74c7de,WCS Camera Traps : lao-005-d0135-7,WCS Camera Traps : 3842,1,marbled cat,02-15-2012 07:52:00,4,train
https://storage.googleapis.com/public-datasets-lila/wcs-unzipped/animals/0479/1377.jpg,WCS Camera Traps : 76b64672-92d5-11e9-86f4-000d3a74c7de,WCS Camera Traps : lao-005-d0135-7,WCS Camera Traps : 3842,2,marbled cat,02-15-2012 07:52:00,4,train
https://storage.googleapis.com/public-datasets-lila/wcs-unzipped/animals/0480/0556.jpg,WCS Camera Traps : 76ed5bd0-92d5-11e9-b849-000d3a74c7de,WCS Camera Traps : lao-005-d0214-5,WCS Camera Traps : 3872,1,marbled cat,03-27-2012 07:01:00,4,val
https://storage.googleapis.com/public-datasets-lila/wcs-unzipped/animals/0480/0600.jpg,WCS Camera Traps : 76ef57ee-92d5-11e9-92f7-000d3a74c7de,WCS Camera Traps : lao-005-d0213-11,WCS Camera Traps : 3872,1,marbled cat,04-12-2012 06:20:00,4,val
https://storage.googleapis.com/public-datasets-lila/wcs-unzipped/animals/0480/0671.jpg,WCS Camera Traps : 76f30180-92d5-11e9-93db-000d3a74c7de,WCS Camera Traps : lao-005-d0203-6,WCS Camera Traps : 3875,1,marbled cat,04-02-2012 07:17:00,4,train
https://storage.googleapis.com/public-datasets-lila/wcs-unzipped/animals/0480/0672.jpg,WCS Camera Traps : 76f30182-92d5-11e9-a318-000d3a74c7de,WCS Camera Traps : lao-005-d0203-6,WCS Camera Traps : 3875,2,marbled cat,04-02-2012 07:17:00,4,train
https://storage.googleapis.com/public-datasets-lila/wcs-unzipped/animals/0480/0673.jpg,WCS Camera Traps : 76f30184-92d5-11e9-acbe-000d3a74c7de,WCS Camera Traps : lao-005-d0203-6,WCS Camera Traps : 3875,3,marbled cat,04-02-2012 07:17:00,4,train
https://storage.googleapis.com/public-datasets-lila/wcs-unzipped/animals/0480/1071.jpg,WCS Camera Traps : 770550f1-92d5-11e9-8b98-000d3a74c7de,WCS Camera Traps : lao-005-d0201-6,WCS Camera Traps : 3882,1,marbled cat,03-25-2012 14:38:00,4,train
https://storage.googleapis.com/public-datasets-lila/wcs-unzipped/animals/0480/1093.jpg,WCS Camera Traps : 77066226-92d5-11e9-ba01-000d3a74c7de,WCS Camera Traps : lao-005-d0201-26,WCS Camera Traps : 3882,1,marbled cat,04-24-2012 06:09:00,4,train
https://storage.googleapis.com/public-datasets-lila/wcs-unzipped/animals/0480/1118.jpg,WCS Camera Traps : 770773f4-92d5-11e9-a46a-000d3a74c7de,WCS Camera Traps : lao-005-d0202-4,WCS Camera Traps : 3882,1,marbled cat,03-14-2012 07:04:00,4,train
https://storage.googleapis.com/public-datasets-lila/wcs-unzipped/animals/0480/1123.jpg,WCS Camera Traps : 77079dda-92d5-11e9-9397-000d3a74c7de,WCS Camera Traps : lao-005-d0202-9,WCS Camera Traps : 3882,1,marbled cat,03-25-2012 14:38:00,4,train
https://storage.googleapis.com/public-datasets-lila/wcs-unzipped/animals/0480/1124.jpg,WCS Camera Traps : 77079ddc-92d5-11e9-a073-000d3a74c7de,WCS Camera Traps : lao-005-d0202-9,WCS Camera Traps : 3882,2,marbled cat,03-25-2012 14:38:00,4,train
https://storage.googleapis.com/public-datasets-lila/wcs-unzipped/animals/0480/1139.jpg,WCS Camera Traps : 77085e1e-92d5-11e9-93eb-000d3a74c7de,WCS Camera Traps : lao-005-d0202-22,WCS Camera Traps : 3882,1,marbled cat,04-13-2012 02:22:00,4,train
https://storage.googleapis.com/public-datasets-lila/wcs-unzipped/animals/0480/1173.jpg,WCS Camera Traps : 7709bdcb-92d5-11e9-a62d-000d3a74c7de,WCS Camera Traps : lao-005-d0252-4,WCS Camera Traps : 3883,1,marbled cat,05-18-2012 10:06:00,4,val
https://storage.googleapis.com/public-datasets-lila/wcs-unzipped/animals/0480/1174.jpg,WCS Camera Traps : 7709e4fa-92d5-11e9-b376-000d3a74c7de,WCS Camera Traps : lao-005-d0252-4,WCS Camera Traps : 3883,2,marbled cat,05-18-2012 10:06:00,4,val
https://storage.googleapis.com/public-datasets-lila/wcs-unzipped/animals/0480/1175.jpg,WCS Camera Traps : 7709e4fc-92d5-11e9-8a19-000d3a74c7de,WCS Camera Traps : lao-005-d0252-4,WCS Camera Traps : 3883,3,marbled cat,05-18-2012 10:06:00,4,val
https://storage.googleapis.com/public-datasets-lila/wcs-unzipped/animals/0480/1192.jpg,WCS Camera Traps : 770aa948-92d5-11e9-8be5-000d3a74c7de,WCS Camera Traps : lao-005-d0252-18,WCS Camera Traps : 3883,1,marbled cat,06-15-2012 07:08:00,4,val
https://storage.googleapis.com/public-datasets-lila/wcs-unzipped/animals/0480/1200.jpg,WCS Camera Traps : 770af764-92d5-11e9-a116-000d3a74c7de,WCS Camera Traps : lao-005-d0251-4,WCS Camera Traps : 3883,1,marbled cat,05-06-2012 17:43:00,4,val
https://storage.googleapis.com/public-datasets-lila/wcs-unzipped/animals/0480/1201.jpg,WCS Camera Traps : 770af766-92d5-11e9-ba75-000d3a74c7de,WCS Camera Traps : lao-005-d0251-4,WCS Camera Traps : 3883,2,marbled cat,05-06-2012 17:43:00,4,val
https://storage.googleapis.com/public-datasets-lila/wcs-unzipped/animals/0480/1202.jpg,WCS Camera Traps : 770af768-92d5-11e9-aaa6-000d3a74c7de,WCS Camera Traps : lao-005-d0251-4,WCS Camera Traps : 3883,3,marbled cat,05-06-2012 17:43:00,4,val
https://storage.googleapis.com/public-datasets-lila/wcs-unzipped/animals/0480/1206.jpg,WCS Camera Traps : 770b45a2-92d5-11e9-9aa2-000d3a74c7de,WCS Camera Traps : lao-005-d0251-8,WCS Camera Traps : 3883,1,marbled cat,05-18-2012 10:11:00,4,val
https://storage.googleapis.com/public-datasets-lila/wcs-unzipped/animals/0480/1207.jpg,WCS Camera Traps : 770b45a4-92d5-11e9-8949-000d3a74c7de,WCS Camera Traps : lao-005-d0251-8,WCS Camera Traps : 3883,2,marbled cat,05-18-2012 10:11:00,4,val
https://storage.googleapis.com/public-datasets-lila/wcs-unzipped/animals/0480/1208.jpg,WCS Camera Traps : 770b45a6-92d5-11e9-84a2-000d3a74c7de,WCS Camera Traps : lao-005-d0251-8,WCS Camera Traps : 3883,3,marbled cat,05-18-2012 10:11:00,4,val
https://storage.googleapis.com/public-datasets-lila/wcs-unzipped/animals/0480/1230.jpg,WCS Camera Traps : 770c2fea-92d5-11e9-b17e-000d3a74c7de,WCS Camera Traps : lao-005-d0251-23,WCS Camera Traps : 3883,1,marbled cat,06-15-2012 07:13:00,4,val
https://storage.googleapis.com/public-datasets-lila/wcs-unzipped/animals/0480/1265.jpg,WCS Camera Traps : 770db69c-92d5-11e9-9f67-000d3a74c7de,WCS Camera Traps : lao-005-d0244-12,WCS Camera Traps : 3885,1,marbled cat,06-29-2012 20:30:00,4,train
https://storage.googleapis.com/public-datasets-lila/wcs-unzipped/animals/0480/1487.jpg,WCS Camera Traps : 7717f026-92d5-11e9-8f02-000d3a74c7de,WCS Camera Traps : lao-005-d0193-5,WCS Camera Traps : 3889,1,marbled cat,03-20-2012 08:23:00,4,train
https://storage.googleapis.com/public-datasets-lila/wcs-unzipped/animals/0480/1488.jpg,WCS Camera Traps : 7717f028-92d5-11e9-89a5-000d3a74c7de,WCS Camera Traps : lao-005-d0193-5,WCS Camera Traps : 3889,2,marbled cat,03-20-2012 08:23:00,4,train
https://storage.googleapis.com/public-datasets-lila/wcs-unzipped/animals/0480/1489.jpg,WCS Camera Traps : 7717f02a-92d5-11e9-8c4e-000d3a74c7de,WCS Camera Traps : lao-005-d0193-5,WCS Camera Traps : 3889,3,marbled cat,03-20-2012 08:23:00,4,train
https://storage.googleapis.com/public-datasets-lila/wcs-unzipped/animals/0480/1534.jpg,WCS Camera Traps : 771a39ac-92d5-11e9-a26f-000d3a74c7de,WCS Camera Traps : lao-005-d0192-9,WCS Camera Traps : 3889,1,marbled cat,03-20-2012 08:22:00,4,train
https://storage.googleapis.com/public-datasets-lila/wcs-unzipped/animals/0481/0112.jpg,WCS Camera Traps : 7735febf-92d5-11e9-8808-000d3a74c7de,WCS Camera Traps : lao-005-d0224-23,WCS Camera Traps : 3897,1,marbled cat,03-23-2012 11:06:00,4,train
https://storage.googleapis.com/public-datasets-lila/wcs-unzipped/animals/0481/0113.jpg,WCS Camera Traps : 7735fec1-92d5-11e9-8f5e-000d3a74c7de,WCS Camera Traps : lao-005-d0224-23,WCS Camera Traps : 3897,2,marbled cat,03-23-2012 11:06:00,4,train
https://storage.googleapis.com/public-datasets-lila/wcs-unzipped/animals/0481/0114.jpg,WCS Camera Traps : 7735fec3-92d5-11e9-899f-000d3a74c7de,WCS Camera Traps : lao-005-d0224-23,WCS Camera Traps : 3897,3,marbled cat,03-23-2012 11:06:00,4,train
https://storage.googleapis.com/public-datasets-lila/wcs-unzipped/animals/0525/0661.jpg,WCS Camera Traps : 87760560-92d5-11e9-bafa-000d3a74c7de,WCS Camera Traps : lao-002-d0175-2,WCS Camera Traps : 3944,1,marbled cat,02-03-2009 12:27:00,4,train
https://storage.googleapis.com/public-datasets-lila/wcs-unzipped/animals/0525/0999.jpg,WCS Camera Traps : 87854f70-92d5-11e9-aa63-000d3a74c7de,WCS Camera Traps : lao-002-d0052-5,WCS Camera Traps : 3964,1,marbled cat,03-09-2008 11:35:00,4,train
https://storage.googleapis.com/public-datasets-lila/swg-camera-traps/public/lao/loc_0322/2020/07/image_00134.jpg,SWG Camera Traps : c930a839-8c29-11eb-83a6-000d3a74c7de,SWG Camera Traps : 0da43515-8c2a-11eb-bf8d-000d3a74c7de,SWG Camera Traps : loc_0322,0,marbled cat,07-07-2020 15:03:26,4,train
https://storage.googleapis.com/public-datasets-lila/swg-camera-traps/public/lao/loc_0574/2019/09/image_00567.jpg,SWG Camera Traps : d25385db-8c29-11eb-989c-000d3a74c7de,SWG Camera Traps : 0898bc21-8c2a-11eb-941e-000d3a74c7de,SWG Camera Traps : loc_0574,0,marbled cat,09-14-2019 06:56:43,4,test
https://storage.googleapis.com/public-datasets-lila/swg-camera-traps/public/lao/loc_0574/2019/09/image_00568.jpg,SWG Camera Traps : d25385dc-8c29-11eb-89dd-000d3a74c7de,SWG Camera Traps : 0898bc21-8c2a-11eb-941e-000d3a74c7de,SWG Camera Traps : loc_0574,1,marbled cat,09-14-2019 06:56:45,4,test
https://storage.googleapis.com/public-datasets-lila/swg-camera-traps/public/lao/loc_0574/2019/09/image_00569.jpg,SWG Camera Traps : d25385dd-8c29-11eb-acc4-000d3a74c7de,SWG Camera Traps : 0898bc21-8c2a-11eb-941e-000d3a74c7de,SWG Camera Traps : loc_0574,2,marbled cat,09-14-2019 06:56:47,4,test
https://storage.googleapis.com/public-datasets-lila/swg-camera-traps/public/lao/loc_0574/2019/09/image_00570.jpg,SWG Camera Traps : d25385de-8c29-11eb-8924-000d3a74c7de,SWG Camera Traps : 0898bc21-8c2a-11eb-941e-000d3a74c7de,SWG Camera Traps : loc_0574,3,marbled cat,09-14-2019 06:56:51,4,test
https://storage.googleapis.com/public-datasets-lila/swg-camera-traps/public/lao/loc_0574/2019/09/image_00571.jpg,SWG Camera Traps : d25385df-8c29-11eb-8dd4-000d3a74c7de,SWG Camera Traps : 0898bc21-8c2a-11eb-941e-000d3a74c7de,SWG Camera Traps : loc_0574,4,marbled cat,09-14-2019 06:56:53,4,test
https://storage.googleapis.com/public-datasets-lila/swg-camera-traps/public/lao/loc_0574/2019/09/image_00572.jpg,SWG Camera Traps : d25385e0-8c29-11eb-a66e-000d3a74c7de,SWG Camera Traps : 0898bc21-8c2a-11eb-941e-000d3a74c7de,SWG Camera Traps : loc_0574,5,marbled cat,09-14-2019 06:56:54,4,test
https://storage.googleapis.com/public-datasets-lila/swg-camera-traps/public/lao/loc_0574/2019/09/image_00573.jpg,SWG Camera Traps : d25385e1-8c29-11eb-981a-000d3a74c7de,SWG Camera Traps : 0898bc22-8c2a-11eb-be05-000d3a74c7de,SWG Camera Traps : loc_0574,0,marbled cat,09-14-2019 06:57:15,4,test
https://storage.googleapis.com/public-datasets-lila/swg-camera-traps/public/lao/loc_0574/2019/09/image_00574.jpg,SWG Camera Traps : d25385e2-8c29-11eb-86ce-000d3a74c7de,SWG Camera Traps : 0898bc22-8c2a-11eb-be05-000d3a74c7de,SWG Camera Traps : loc_0574,1,marbled cat,09-14-2019 06:57:17,4,test
https://storage.googleapis.com/public-datasets-lila/swg-camera-traps/public/lao/loc_0574/2019/09/image_00575.jpg,SWG Camera Traps : d25385e3-8c29-11eb-bdab-000d3a74c7de,SWG Camera Traps : 0898bc22-8c2a-11eb-be05-000d3a74c7de,SWG Camera Traps : loc_0574,2,marbled cat,09-14-2019 06:57:18,4,test
https://storage.googleapis.com/public-datasets-lila/swg-camera-traps/public/lao/loc_0574/2019/09/image_00576.jpg,SWG Camera Traps : d25385e4-8c29-11eb-9fb0-000d3a74c7de,SWG Camera Traps : 0898bc25-8c2a-11eb-8eb5-000d3a74c7de,SWG Camera Traps : loc_0574,0,marbled cat,09-15-2019 05:58:35,4,test
https://storage.googleapis.com/public-datasets-lila/swg-camera-traps/public/lao/loc_0574/2019/09/image_00577.jpg,SWG Camera Traps : d25385e5-8c29-11eb-8a46-000d3a74c7de,SWG Camera Traps : 0898bc25-8c2a-11eb-8eb5-000d3a74c7de,SWG Camera Traps : loc_0574,1,marbled cat,09-15-2019 05:58:37,4,test
https://storage.googleapis.com/public-datasets-lila/swg-camera-traps/public/lao/loc_0574/2019/09/image_00578.jpg,SWG Camera Traps : d25385e6-8c29-11eb-b49f-000d3a74c7de,SWG Camera Traps : 0898bc25-8c2a-11eb-8eb5-000d3a74c7de,SWG Camera Traps : loc_0574,2,marbled cat,09-15-2019 05:58:38,4,test
https://storage.googleapis.com/public-datasets-lila/swg-camera-traps/public/lao/loc_0574/2019/09/image_00579.jpg,SWG Camera Traps : d25385e7-8c29-11eb-8e83-000d3a74c7de,SWG Camera Traps : 0898bc26-8c2a-11eb-a7c9-000d3a74c7de,SWG Camera Traps : loc_0574,0,marbled cat,09-15-2019 05:58:57,4,test
https://storage.googleapis.com/public-datasets-lila/swg-camera-traps/public/lao/loc_0574/2019/09/image_00580.jpg,SWG Camera Traps : d25385e8-8c29-11eb-9dab-000d3a74c7de,SWG Camera Traps : 0898bc26-8c2a-11eb-a7c9-000d3a74c7de,SWG Camera Traps : loc_0574,1,marbled cat,09-15-2019 05:58:59,4,test
https://storage.googleapis.com/public-datasets-lila/swg-camera-traps/public/lao/loc_0574/2019/09/image_00581.jpg,SWG Camera Traps : d25385e9-8c29-11eb-bcec-000d3a74c7de,SWG Camera Traps : 0898bc26-8c2a-11eb-a7c9-000d3a74c7de,SWG Camera Traps : loc_0574,2,marbled cat,09-15-2019 05:59:01,4,test
https://storage.googleapis.com/public-datasets-lila/swg-camera-traps/public/lao/loc_0574/2019/09/image_00582.jpg,SWG Camera Traps : d25385ea-8c29-11eb-b7e3-000d3a74c7de,SWG Camera Traps : 0898bc27-8c2a-11eb-b27c-000d3a74c7de,SWG Camera Traps : loc_0574,0,marbled cat,09-15-2019 05:59:51,4,test
https://storage.googleapis.com/public-datasets-lila/swg-camera-traps/public/lao/loc_0574/2019/09/image_00583.jpg,SWG Camera Traps : d25385eb-8c29-11eb-9e6f-000d3a74c7de,SWG Camera Traps : 0898bc27-8c2a-11eb-b27c-000d3a74c7de,SWG Camera Traps : loc_0574,1,marbled cat,09-15-2019 05:59:53,4,test
https://storage.googleapis.com/public-datasets-lila/swg-camera-traps/public/lao/loc_0574/2019/09/image_00584.jpg,SWG Camera Traps : d25385ec-8c29-11eb-9a27-000d3a74c7de,SWG Camera Traps : 0898bc27-8c2a-11eb-b27c-000d3a74c7de,SWG Camera Traps : loc_0574,2,marbled cat,09-15-2019 05:59:54,4,test
https://storage.googleapis.com/public-datasets-lila/swg-camera-traps/public/lao/loc_0574/2019/09/image_00585.jpg,SWG Camera Traps : d25385ed-8c29-11eb-ae27-000d3a74c7de,SWG Camera Traps : 0898bc28-8c2a-11eb-99f4-000d3a74c7de,SWG Camera Traps : loc_0574,0,marbled cat,09-15-2019 06:16:00,4,test
https://storage.googleapis.com/public-datasets-lila/swg-camera-traps/public/lao/loc_0574/2019/09/image_00586.jpg,SWG Camera Traps : d25385ee-8c29-11eb-9f9a-000d3a74c7de,SWG Camera Traps : 0898bc28-8c2a-11eb-99f4-000d3a74c7de,SWG Camera Traps : loc_0574,1,marbled cat,09-15-2019 06:16:02,4,test
https://storage.googleapis.com/public-datasets-lila/swg-camera-traps/public/lao/loc_0574/2019/09/image_00587.jpg,SWG Camera Traps : d25385ef-8c29-11eb-aae0-000d3a74c7de,SWG Camera Traps : 0898bc28-8c2a-11eb-99f4-000d3a74c7de,SWG Camera Traps : loc_0574,2,marbled cat,09-15-2019 06:16:04,4,test
https://storage.googleapis.com/public-datasets-lila/swg-camera-traps/public/lao/loc_0574/2019/09/image_00588.jpg,SWG Camera Traps : d25385f0-8c29-11eb-902e-000d3a74c7de,SWG Camera Traps : 0898bc28-8c2a-11eb-99f4-000d3a74c7de,SWG Camera Traps : loc_0574,3,marbled cat,09-15-2019 06:16:08,4,test
https://storage.googleapis.com/public-datasets-lila/swg-camera-traps/public/lao/loc_0574/2019/09/image_00589.jpg,SWG Camera Traps : d25385f1-8c29-11eb-908c-000d3a74c7de,SWG Camera Traps : 0898bc28-8c2a-11eb-99f4-000d3a74c7de,SWG Camera Traps : loc_0574,4,marbled cat,09-15-2019 06:16:10,4,test
https://storage.googleapis.com/public-datasets-lila/swg-camera-traps/public/lao/loc_0574/2019/09/image_00590.jpg,SWG Camera Traps : d25385f2-8c29-11eb-bccf-000d3a74c7de,SWG Camera Traps : 0898bc28-8c2a-11eb-99f4-000d3a74c7de,SWG Camera Traps : loc_0574,5,marbled cat,09-15-2019 06:16:11,4,test
https://storage.googleapis.com/public-datasets-lila/swg-camera-traps/public/lao/loc_0575/2019/09/image_00039.jpg,SWG Camera Traps : d2643431-8c29-11eb-b4f3-000d3a74c7de,SWG Camera Traps : 34836b66-8c2a-11eb-a0ed-000d3a74c7de,SWG Camera Traps : loc_0575,0,marbled cat,09-14-2019 05:33:38,4,train
https://storage.googleapis.com/public-datasets-lila/swg-camera-traps/public/lao/loc_0575/2019/09/image_00040.jpg,SWG Camera Traps : d2643432-8c29-11eb-9a31-000d3a74c7de,SWG Camera Traps : 34836b66-8c2a-11eb-a0ed-000d3a74c7de,SWG Camera Traps : loc_0575,1,marbled cat,09-14-2019 05:33:40,4,train
https://storage.googleapis.com/public-datasets-lila/swg-camera-traps/public/lao/loc_0575/2019/09/image_00041.jpg,SWG Camera Traps : d2643433-8c29-11eb-8955-000d3a74c7de,SWG Camera Traps : 34836b66-8c2a-11eb-a0ed-000d3a74c7de,SWG Camera Traps : loc_0575,2,marbled cat,09-14-2019 05:33:41,4,train
https://storage.googleapis.com/public-datasets-lila/swg-camera-traps/public/lao/loc_0599/2019/07/image_00256.jpg,SWG Camera Traps : d2f341c8-8c29-11eb-a47a-000d3a74c7de,SWG Camera Traps : 1ca2aa73-8c2a-11eb-9318-000d3a74c7de,SWG Camera Traps : loc_0599,0,marbled cat,07-28-2019 09:52:36,4,train
https://storage.googleapis.com/public-datasets-lila/swg-camera-traps/public/lao/loc_0599/2019/07/image_00257.jpg,SWG Camera Traps : d2f341c9-8c29-11eb-939a-000d3a74c7de,SWG Camera Traps : 1ca2aa73-8c2a-11eb-9318-000d3a74c7de,SWG Camera Traps : loc_0599,1,marbled cat,07-28-2019 09:52:38,4,train
https://storage.googleapis.com/public-datasets-lila/swg-camera-traps/public/lao/loc_0599/2019/07/image_00258.jpg,SWG Camera Traps : d2f341ca-8c29-11eb-919a-000d3a74c7de,SWG Camera Traps : 1ca2aa73-8c2a-11eb-9318-000d3a74c7de,SWG Camera Traps : loc_0599,2,marbled cat,07-28-2019 09:52:39,4,train
https://storage.googleapis.com/public-datasets-lila/swg-camera-traps/public/lao/loc_0599/2019/07/image_00259.jpg,SWG Camera Traps : d2f341cb-8c29-11eb-bb28-000d3a74c7de,SWG Camera Traps : 1ca2aa73-8c2a-11eb-9318-000d3a74c7de,SWG Camera Traps : loc_0599,3,marbled cat,07-28-2019 09:52:46,4,train
https://storage.googleapis.com/public-datasets-lila/swg-camera-traps/public/lao/loc_0599/2019/07/image_00260.jpg,SWG Camera Traps : d2f341cc-8c29-11eb-a317-000d3a74c7de,SWG Camera Traps : 1ca2aa73-8c2a-11eb-9318-000d3a74c7de,SWG Camera Traps : loc_0599,4,marbled cat,07-28-2019 09:52:48,4,train
https://storage.googleapis.com/public-datasets-lila/swg-camera-traps/public/lao/loc_0599/2019/07/image_00261.jpg,SWG Camera Traps : d2f341cd-8c29-11eb-9ee7-000d3a74c7de,SWG Camera Traps : 1ca2aa73-8c2a-11eb-9318-000d3a74c7de,SWG Camera Traps : loc_0599,5,marbled cat,07-28-2019 09:52:49,4,train
https://storage.googleapis.com/public-datasets-lila/swg-camera-traps/public/lao/loc_0621/2019/11/image_00025.jpg,SWG Camera Traps : d53b6b41-8c29-11eb-8dec-000d3a74c7de,SWG Camera Traps : 066f993e-8c2a-11eb-9085-000d3a74c7de,SWG Camera Traps : loc_0621,1,marbled cat,11-15-2019 06:27:12,4,train
https://storage.googleapis.com/public-datasets-lila/swg-camera-traps/public/lao/loc_0621/2019/11/image_00026.jpg,SWG Camera Traps : d53b6b42-8c29-11eb-86f1-000d3a74c7de,SWG Camera Traps : 066f993e-8c2a-11eb-9085-000d3a74c7de,SWG Camera Traps : loc_0621,3,marbled cat,11-15-2019 06:27:13,4,train
https://storage.googleapis.com/public-datasets-lila/swg-camera-traps/public/lao/loc_0621/2019/11/image_00027.jpg,SWG Camera Traps : d53b6b43-8c29-11eb-b364-000d3a74c7de,SWG Camera Traps : 066f993e-8c2a-11eb-9085-000d3a74c7de,SWG Camera Traps : loc_0621,5,marbled cat,11-15-2019 06:27:14,4,train
https://storage.googleapis.com/public-datasets-lila/swg-camera-traps/public/lao/loc_0621/2019/11/image_00028.jpg,SWG Camera Traps : d53b6b44-8c29-11eb-b01f-000d3a74c7de,SWG Camera Traps : 066f993e-8c2a-11eb-9085-000d3a74c7de,SWG Camera Traps : loc_0621,7,marbled cat,11-15-2019 06:27:15,4,train
https://storage.googleapis.com/public-datasets-lila/swg-camera-traps/public/lao/loc_0621/2019/11/image_00029.jpg,SWG Camera Traps : d53b6b45-8c29-11eb-afb2-000d3a74c7de,SWG Camera Traps : 066f993e-8c2a-11eb-9085-000d3a74c7de,SWG Camera Traps : loc_0621,9,marbled cat,11-15-2019 06:27:16,4,train
https://storage.googleapis.com/public-datasets-lila/swg-camera-traps/public/vietnam/loc_0956/2018/03/image_00050.jpg,SWG Camera Traps : da728922-8c29-11eb-9718-000d3a74c7de,SWG Camera Traps : 273721b1-8c2a-11eb-ac64-000d3a74c7de,SWG Camera Traps : loc_0956,0,marbled cat,03-15-2018 17:23:28,4,train
https://storage.googleapis.com/public-datasets-lila/swg-camera-traps/public/vietnam/loc_0956/2018/03/image_00051.jpg,SWG Camera Traps : da728923-8c29-11eb-8628-000d3a74c7de,SWG Camera Traps : 273721b1-8c2a-11eb-ac64-000d3a74c7de,SWG Camera Traps : loc_0956,1,marbled cat,03-15-2018 17:23:31,4,train
https://storage.googleapis.com/public-datasets-lila/swg-camera-traps/public/vietnam/loc_0956/2018/03/image_00052.jpg,SWG Camera Traps : da728924-8c29-11eb-8b21-000d3a74c7de,SWG Camera Traps : 273721b1-8c2a-11eb-ac64-000d3a74c7de,SWG Camera Traps : loc_0956,2,marbled cat,03-15-2018 17:23:33,4,train
https://storage.googleapis.com/public-datasets-lila/swg-camera-traps/public/vietnam/loc_0956/2018/03/image_00053.jpg,SWG Camera Traps : da728925-8c29-11eb-92de-000d3a74c7de,SWG Camera Traps : 273721b1-8c2a-11eb-ac64-000d3a74c7de,SWG Camera Traps : loc_0956,3,marbled cat,03-15-2018 17:23:36,4,train
https://storage.googleapis.com/public-datasets-lila/swg-camera-traps/public/vietnam/loc_0956/2018/03/image_00054.jpg,SWG Camera Traps : da728926-8c29-11eb-b0e3-000d3a74c7de,SWG Camera Traps : 273721b1-8c2a-11eb-ac64-000d3a74c7de,SWG Camera Traps : loc_0956,4,marbled cat,03-15-2018 17:23:38,4,train
https://storage.googleapis.com/public-datasets-lila/swg-camera-traps/public/vietnam/loc_0965/2019/02/image_00014.jpg,SWG Camera Traps : dc13d32e-8c29-11eb-bdd4-000d3a74c7de,SWG Camera Traps : 0b6d84d6-8c2a-11eb-a9e8-000d3a74c7de,SWG Camera Traps : loc_0965,0,marbled cat,02-07-2019 08:48:20,4,train
https://storage.googleapis.com/public-datasets-lila/swg-camera-traps/public/vietnam/loc_0967/2019/02/image_00207.jpg,SWG Camera Traps : dc189269-8c29-11eb-a540-000d3a74c7de,SWG Camera Traps : 248fa119-8c2a-11eb-9536-000d3a74c7de,SWG Camera Traps : loc_0967,0,marbled cat,02-07-2019 09:34:53,4,train
https://storage.googleapis.com/public-datasets-lila/swg-camera-traps/public/vietnam/loc_0967/2019/02/image_00208.jpg,SWG Camera Traps : dc18926a-8c29-11eb-a464-000d3a74c7de,SWG Camera Traps : 248fa119-8c2a-11eb-9536-000d3a74c7de,SWG Camera Traps : loc_0967,1,marbled cat,02-07-2019 09:34:55,4,train
https://storage.googleapis.com/public-datasets-lila/swg-camera-traps/public/vietnam/loc_0967/2019/02/image_00209.jpg,SWG Camera Traps : dc18926b-8c29-11eb-8b01-000d3a74c7de,SWG Camera Traps : 248fa119-8c2a-11eb-9536-000d3a74c7de,SWG Camera Traps : loc_0967,2,marbled cat,02-07-2019 09:34:55,4,train
https://storage.googleapis.com/public-datasets-lila/swg-camera-traps/public/vietnam/loc_0967/2019/02/image_00210.jpg,SWG Camera Traps : dc18926c-8c29-11eb-89cb-000d3a74c7de,SWG Camera Traps : 248fa119-8c2a-11eb-9536-000d3a74c7de,SWG Camera Traps : loc_0967,3,marbled cat,02-07-2019 09:34:56,4,train
https://storage.googleapis.com/public-datasets-lila/swg-camera-traps/public/vietnam/loc_0967/2019/02/image_00211.jpg,SWG Camera Traps : dc18926d-8c29-11eb-9593-000d3a74c7de,SWG Camera Traps : 248fa119-8c2a-11eb-9536-000d3a74c7de,SWG Camera Traps : loc_0967,4,marbled cat,02-07-2019 09:34:57,4,train
https://storage.googleapis.com/public-datasets-lila/swg-camera-traps/public/vietnam/loc_0967/2019/02/image_00212.jpg,SWG Camera Traps : dc18926e-8c29-11eb-8d20-000d3a74c7de,SWG Camera Traps : 248fa119-8c2a-11eb-9536-000d3a74c7de,SWG Camera Traps : loc_0967,5,marbled cat,02-07-2019 09:34:57,4,train
https://storage.googleapis.com/public-datasets-lila/wcs-unzipped/animals/0036/0113.jpg,WCS Camera Traps : d4282c5c-92d4-11e9-9c0a-000d3a74c7de,WCS Camera Traps : idn-002-d0110-9,WCS Camera Traps : 526,1,asian golden cat,10-10-1999 00:00:00,4,train
https://storage.googleapis.com/public-datasets-lila/wcs-unzipped/animals/0036/0838.jpg,WCS Camera Traps : d448d350-92d4-11e9-ad39-000d3a74c7de,WCS Camera Traps : idn-002-d0130-5,WCS Camera Traps : 541,1,asian golden cat,06-25-2000 06:17:00,4,train
https://storage.googleapis.com/public-datasets-lila/wcs-unzipped/animals/0325/0508.jpg,WCS Camera Traps : 3dd8138e-92d5-11e9-998b-000d3a74c7de,WCS Camera Traps : idn-001-d0256-11,WCS Camera Traps : 1709,1,asian golden cat,10-11-1998 16:59:00,4,train
https://storage.googleapis.com/public-datasets-lila/wcs-unzipped/animals/0325/1037.jpg,WCS Camera Traps : 3df0081e-92d5-11e9-af0a-000d3a74c7de,WCS Camera Traps : idn-001-d0149-6,WCS Camera Traps : 1733,1,asian golden cat,12-06-1998 01:03:00,4,train
https://storage.googleapis.com/public-datasets-lila/wcs-unzipped/animals/0325/1437.jpg,WCS Camera Traps : 3e01e28b-92d5-11e9-aa2e-000d3a74c7de,WCS Camera Traps : idn-001-d0078-4,WCS Camera Traps : 1777,1,asian golden cat,03-17-1999 08:09:00,4,train
https://storage.googleapis.com/public-datasets-lila/wcs-unzipped/animals/0325/1907.jpg,WCS Camera Traps : 3e171874-92d5-11e9-a766-000d3a74c7de,WCS Camera Traps : idn-001-d0186-15,WCS Camera Traps : 1811,1,asian golden cat,07-25-1999 15:05:00,4,train
https://storage.googleapis.com/public-datasets-lila/wcs-unzipped/animals/0326/0346.jpg,WCS Camera Traps : 3e2b6395-92d5-11e9-8a41-000d3a74c7de,WCS Camera Traps : idn-001-d0017-9,WCS Camera Traps : 1852,1,asian golden cat,12-02-1999 08:26:00,4,val
https://storage.googleapis.com/public-datasets-lila/wcs-unzipped/animals/0326/0604.jpg,WCS Camera Traps : 3e36ae50-92d5-11e9-bfbb-000d3a74c7de,WCS Camera Traps : idn-001-d0063-2,WCS Camera Traps : 1867,1,asian golden cat,12-26-1999 15:12:00,4,val
https://storage.googleapis.com/public-datasets-lila/wcs-unzipped/animals/0326/0700.jpg,WCS Camera Traps : 3e3b697a-92d5-11e9-aead-000d3a74c7de,WCS Camera Traps : idn-001-d0050-16,WCS Camera Traps : 1862,1,asian golden cat,01-24-2000 21:16:00,4,train
https://storage.googleapis.com/public-datasets-lila/wcs-unzipped/animals/0326/0751.jpg,WCS Camera Traps : 3e3db2ec-92d5-11e9-8b69-000d3a74c7de,WCS Camera Traps : idn-001-d0067-12,WCS Camera Traps : 1866,1,asian golden cat,01-04-2000 18:12:00,4,train
https://storage.googleapis.com/public-datasets-lila/wcs-unzipped/animals/0326/0839.jpg,WCS Camera Traps : 3e4183bb-92d5-11e9-a89b-000d3a74c7de,WCS Camera Traps : idn-001-d0105-1,WCS Camera Traps : 1881,4,asian golden cat,,4,train
https://storage.googleapis.com/public-datasets-lila/wcs-unzipped/animals/0326/1163.jpg,WCS Camera Traps : 3e5050c2-92d5-11e9-bb43-000d3a74c7de,WCS Camera Traps : idn-001-d0037-8,WCS Camera Traps : 1897,1,asian golden cat,05-18-2000 20:30:00,4,train
https://storage.googleapis.com/public-datasets-lila/wcs-unzipped/animals/0326/1165.jpg,WCS Camera Traps : 3e5050c6-92d5-11e9-bfab-000d3a74c7de,WCS Camera Traps : idn-001-d0037-10,WCS Camera Traps : 1897,1,asian golden cat,05-25-2000 02:55:00,4,train
https://storage.googleapis.com/public-datasets-lila/wcs-unzipped/animals/0326/1177.jpg,WCS Camera Traps : 3e50ed0f-92d5-11e9-bb32-000d3a74c7de,WCS Camera Traps : idn-001-d0040-7,WCS Camera Traps : 1898,1,asian golden cat,05-18-2000 20:30:00,4,test
https://storage.googleapis.com/public-datasets-lila/wcs-unzipped/animals/0326/1183.jpg,WCS Camera Traps : 3e513b30-92d5-11e9-88b1-000d3a74c7de,WCS Camera Traps : idn-001-d0040-13,WCS Camera Traps : 1898,1,asian golden cat,05-25-2000 02:58:00,4,test
https://storage.googleapis.com/public-datasets-lila/wcs-unzipped/animals/0326/1234.jpg,WCS Camera Traps : 3e53850f-92d5-11e9-85b8-000d3a74c7de,WCS Camera Traps : idn-001-d0043-6,WCS Camera Traps : 1904,1,asian golden cat,05-20-2000 02:39:00,4,train
https://storage.googleapis.com/public-datasets-lila/wcs-unzipped/animals/0326/1245.jpg,WCS Camera Traps : 3e53fa46-92d5-11e9-a308-000d3a74c7de,WCS Camera Traps : idn-001-d0041-9,WCS Camera Traps : 1905,1,asian golden cat,05-16-2000 23:05:00,4,val
https://storage.googleapis.com/public-datasets-lila/wcs-unzipped/animals/0326/1321.jpg,WCS Camera Traps : 3e5755a3-92d5-11e9-9955-000d3a74c7de,WCS Camera Traps : idn-001-d0360-1,WCS Camera Traps : 1919,1,asian golden cat,09-12-2000 08:15:00,4,test
https://storage.googleapis.com/public-datasets-lila/wcs-unzipped/animals/0327/0083.jpg,WCS Camera Traps : 3e7ae330-92d5-11e9-9a4a-000d3a74c7de,WCS Camera Traps : idn-001-d0370-1,WCS Camera Traps : 1952,1,asian golden cat,01-15-2001 08:51:00,4,test
https://storage.googleapis.com/public-datasets-lila/wcs-unzipped/animals/0327/0250.jpg,WCS Camera Traps : 3e8235fb-92d5-11e9-a027-000d3a74c7de,WCS Camera Traps : idn-001-d0367-3,WCS Camera Traps : 1955,1,asian golden cat,01-16-2001 08:17:00,4,train
https://storage.googleapis.com/public-datasets-lila/wcs-unzipped/animals/0327/0369.jpg,WCS Camera Traps : 3e880274-92d5-11e9-97e6-000d3a74c7de,WCS Camera Traps : idn-001-d0326-4,WCS Camera Traps : 1966,1,asian golden cat,12-09-2000 16:12:00,4,train
https://storage.googleapis.com/public-datasets-lila/wcs-unzipped/animals/0327/1079.jpg,WCS Camera Traps : 3ea798ba-92d5-11e9-8b5e-000d3a74c7de,WCS Camera Traps : idn-001-d0512-12,WCS Camera Traps : 2004,1,asian golden cat,05-04-2001 22:29:00,4,train
https://storage.googleapis.com/public-datasets-lila/wcs-unzipped/animals/0327/1113.jpg,WCS Camera Traps : 3ea91f66-92d5-11e9-8d97-000d3a74c7de,WCS Camera Traps : idn-001-d0532-4,WCS Camera Traps : 2008,1,asian golden cat,04-26-2001 06:12:00,4,train
https://storage.googleapis.com/public-datasets-lila/wcs-unzipped/animals/0327/1114.jpg,WCS Camera Traps : 3ea91f68-92d5-11e9-81f0-000d3a74c7de,WCS Camera Traps : idn-001-d0532-5,WCS Camera Traps : 2008,1,asian golden cat,04-26-2001 17:49:00,4,train
https://storage.googleapis.com/public-datasets-lila/wcs-unzipped/animals/0327/1166.jpg,WCS Camera Traps : 3eab7cee-92d5-11e9-abf7-000d3a74c7de,WCS Camera Traps : idn-001-d0505-8,WCS Camera Traps : 2017,1,asian golden cat,06-14-2001 06:01:00,4,test
https://storage.googleapis.com/public-datasets-lila/wcs-unzipped/animals/0327/1167.jpg,WCS Camera Traps : 3eab905a-92d5-11e9-b83e-000d3a74c7de,WCS Camera Traps : idn-001-d0505-8,WCS Camera Traps : 2017,2,asian golden cat,06-14-2001 06:01:00,4,test
https://storage.googleapis.com/public-datasets-lila/wcs-unzipped/animals/0327/1374.jpg,WCS Camera Traps : 3eb469ed-92d5-11e9-b49a-000d3a74c7de,WCS Camera Traps : idn-001-d0273-4,WCS Camera Traps : 2032,1,asian golden cat,07-23-2001 08:05:00,4,train
https://storage.googleapis.com/public-datasets-lila/wcs-unzipped/animals/0327/1399.jpg,WCS Camera Traps : 3eb617ca-92d5-11e9-8868-000d3a74c7de,WCS Camera Traps : idn-001-d0282-4,WCS Camera Traps : 2034,3,asian golden cat,07-08-2001 10:39:00,4,train
https://storage.googleapis.com/public-datasets-lila/wcs-unzipped/animals/0327/1434.jpg,WCS Camera Traps : 3eb7c51a-92d5-11e9-9950-000d3a74c7de,WCS Camera Traps : idn-001-d0266-4,WCS Camera Traps : 2037,1,asian golden cat,07-23-2001 01:22:00,4,train
https://storage.googleapis.com/public-datasets-lila/wcs-unzipped/animals/0327/1494.jpg,WCS Camera Traps : 3eba5d52-92d5-11e9-b030-000d3a74c7de,WCS Camera Traps : idn-001-d0274-3,WCS Camera Traps : 2042,1,asian golden cat,07-11-2001 14:55:00,4,train
https://storage.googleapis.com/public-datasets-lila/wcs-unzipped/animals/0327/1534.jpg,WCS Camera Traps : 3ebc0ad4-92d5-11e9-a3b8-000d3a74c7de,WCS Camera Traps : idn-001-d0269-9,WCS Camera Traps : 2047,1,asian golden cat,07-19-2001 20:55:00,4,train
https://storage.googleapis.com/public-datasets-lila/wcs-unzipped/animals/0327/1535.jpg,WCS Camera Traps : 3ebc0ad6-92d5-11e9-aadf-000d3a74c7de,WCS Camera Traps : idn-001-d0269-10,WCS Camera Traps : 2047,1,asian golden cat,07-19-2001 21:01:00,4,train
https://storage.googleapis.com/public-datasets-lila/wcs-unzipped/animals/0327/1536.jpg,WCS Camera Traps : 3ebc0ad8-92d5-11e9-856c-000d3a74c7de,WCS Camera Traps : idn-001-d0269-11,WCS Camera Traps : 2047,1,asian golden cat,07-19-2001 21:04:00,4,train
https://storage.googleapis.com/public-datasets-lila/wcs-unzipped/animals/0327/1776.jpg,WCS Camera Traps : 3ec75578-92d5-11e9-8e78-000d3a74c7de,WCS Camera Traps : idn-001-d0457-5,WCS Camera Traps : 2062,1,asian golden cat,02-02-2002 07:02:00,4,val
https://storage.googleapis.com/public-datasets-lila/wcs-unzipped/animals/0327/1810.jpg,WCS Camera Traps : 3ec9032a-92d5-11e9-8394-000d3a74c7de,WCS Camera Traps : idn-001-d0453-8,WCS Camera Traps : 2065,1,asian golden cat,01-25-2002 18:05:00,4,train
https://storage.googleapis.com/public-datasets-lila/wcs-unzipped/animals/0327/1816.jpg,WCS Camera Traps : 3ec951b4-92d5-11e9-9622-000d3a74c7de,WCS Camera Traps : idn-001-d0453-14,WCS Camera Traps : 2065,1,asian golden cat,01-28-2002 07:50:00,4,train
https://storage.googleapis.com/public-datasets-lila/wcs-unzipped/animals/0327/1824.jpg,WCS Camera Traps : 3ec99f5a-92d5-11e9-b260-000d3a74c7de,WCS Camera Traps : idn-001-d0454-3,WCS Camera Traps : 2066,1,asian golden cat,01-27-2002 18:33:00,4,train
https://storage.googleapis.com/public-datasets-lila/wcs-unzipped/animals/0327/1826.jpg,WCS Camera Traps : 3ec99f5e-92d5-11e9-a00c-000d3a74c7de,WCS Camera Traps : idn-001-d0454-5,WCS Camera Traps : 2066,1,asian golden cat,01-31-2002 21:22:00,4,train
https://storage.googleapis.com/public-datasets-lila/wcs-unzipped/animals/0328/0036.jpg,WCS Camera Traps : 3ed38ac0-92d5-11e9-b247-000d3a74c7de,WCS Camera Traps : idn-001-d0287-1,WCS Camera Traps : 2077,1,asian golden cat,03-01-2002 08:53:00,4,train
https://storage.googleapis.com/public-datasets-lila/wcs-unzipped/animals/0328/0056.jpg,WCS Camera Traps : 3ed4752a-92d5-11e9-8644-000d3a74c7de,WCS Camera Traps : idn-001-d0283-4,WCS Camera Traps : 2083,1,asian golden cat,03-18-2002 07:39:00,4,train
https://storage.googleapis.com/public-datasets-lila/wcs-unzipped/animals/0328/0088.jpg,WCS Camera Traps : 3ed670b4-92d5-11e9-852a-000d3a74c7de,WCS Camera Traps : idn-001-d0299-17,WCS Camera Traps : 2089,1,asian golden cat,04-01-2002 11:56:00,4,train
https://storage.googleapis.com/public-datasets-lila/wcs-unzipped/animals/0328/0121.jpg,WCS Camera Traps : 3ed7f71a-92d5-11e9-9d41-000d3a74c7de,WCS Camera Traps : idn-001-d0290-5,WCS Camera Traps : 2090,1,asian golden cat,03-12-2002 08:12:00,4,train
https://storage.googleapis.com/public-datasets-lila/wcs-unzipped/animals/0328/0122.jpg,WCS Camera Traps : 3ed7f71c-92d5-11e9-b7c8-000d3a74c7de,WCS Camera Traps : idn-001-d0290-6,WCS Camera Traps : 2090,1,asian golden cat,03-13-2002 08:52:00,4,train
https://storage.googleapis.com/public-datasets-lila/wcs-unzipped/animals/0328/0123.jpg,WCS Camera Traps : 3ed81e24-92d5-11e9-8fea-000d3a74c7de,WCS Camera Traps : idn-001-d0290-7,WCS Camera Traps : 2090,1,asian golden cat,03-13-2002 23:09:00,4,train
https://storage.googleapis.com/public-datasets-lila/wcs-unzipped/animals/0328/0124.jpg,WCS Camera Traps : 3ed81e26-92d5-11e9-9efd-000d3a74c7de,WCS Camera Traps : idn-001-d0290-8,WCS Camera Traps : 2090,1,asian golden cat,03-14-2002 05:44:00,4,train
https://storage.googleapis.com/public-datasets-lila/wcs-unzipped/animals/0328/0125.jpg,WCS Camera Traps : 3ed84541-92d5-11e9-b801-000d3a74c7de,WCS Camera Traps : idn-001-d0290-9,WCS Camera Traps : 2090,1,asian golden cat,03-14-2002 06:41:00,4,train
https://storage.googleapis.com/public-datasets-lila/wcs-unzipped/animals/0328/0178.jpg,WCS Camera Traps : 3eda8f5d-92d5-11e9-875e-000d3a74c7de,WCS Camera Traps : idn-001-d0482-8,WCS Camera Traps : 2098,1,asian golden cat,04-29-2002 18:50:00,4,train
https://storage.googleapis.com/public-datasets-lila/wcs-unzipped/animals/0328/0458.jpg,WCS Camera Traps : 3ee787bc-92d5-11e9-ab3d-000d3a74c7de,WCS Camera Traps : idn-001-d0538-1,WCS Camera Traps : 2118,1,asian golden cat,,4,train
https://storage.googleapis.com/public-datasets-lila/wcs-unzipped/animals/0328/0690.jpg,WCS Camera Traps : 3ef2361a-92d5-11e9-a5b8-000d3a74c7de,WCS Camera Traps : idn-001-d0622-2,WCS Camera Traps : 2133,1,asian golden cat,07-18-2002 15:55:00,4,train
https://storage.googleapis.com/public-datasets-lila/wcs-unzipped/animals/0328/0693.jpg,WCS Camera Traps : 3ef25d24-92d5-11e9-a5a4-000d3a74c7de,WCS Camera Traps : idn-001-d0622-6,WCS Camera Traps : 2133,1,asian golden cat,08-10-2002 05:28:00,4,train
https://storage.googleapis.com/public-datasets-lila/wcs-unzipped/animals/0328/0737.jpg,WCS Camera Traps : 3ef4a712-92d5-11e9-8bc2-000d3a74c7de,WCS Camera Traps : idn-001-d0625-1,WCS Camera Traps : 2135,1,asian golden cat,,4,val
https://storage.googleapis.com/public-datasets-lila/wcs-unzipped/animals/0328/0765.jpg,WCS Camera Traps : 3ef5df96-92d5-11e9-adc8-000d3a74c7de,WCS Camera Traps : idn-001-d0625-29,WCS Camera Traps : 2135,1,asian golden cat,08-18-2002 06:28:00,4,val
https://storage.googleapis.com/public-datasets-lila/wcs-unzipped/animals/0328/0864.jpg,WCS Camera Traps : 3efa7376-92d5-11e9-9953-000d3a74c7de,WCS Camera Traps : idn-001-d0611-8,WCS Camera Traps : 2143,1,asian golden cat,07-27-2002 12:35:00,4,train
https://storage.googleapis.com/public-datasets-lila/wcs-unzipped/animals/0328/1521.jpg,WCS Camera Traps : 3f185bbc-92d5-11e9-8543-000d3a74c7de,WCS Camera Traps : idn-001-d0651-5,WCS Camera Traps : 2186,1,asian golden cat,11-28-2002 18:39:00,4,val
https://storage.googleapis.com/public-datasets-lila/wcs-unzipped/animals/0328/1524.jpg,WCS Camera Traps : 3f18830e-92d5-11e9-8164-000d3a74c7de,WCS Camera Traps : idn-001-d0651-8,WCS Camera Traps : 2186,1,asian golden cat,12-03-2002 17:57:00,4,val
https://storage.googleapis.com/public-datasets-lila/wcs-unzipped/animals/0328/1548.jpg,WCS Camera Traps : 3f19942e-92d5-11e9-a328-000d3a74c7de,WCS Camera Traps : idn-001-d0653-2,WCS Camera Traps : 2192,1,asian golden cat,11-27-2002 09:01:00,4,train
https://storage.googleapis.com/public-datasets-lila/wcs-unzipped/animals/0328/1579.jpg,WCS Camera Traps : 3f1af3e4-92d5-11e9-bc34-000d3a74c7de,WCS Camera Traps : idn-001-d0559-2,WCS Camera Traps : 2202,1,asian golden cat,01-05-2003 16:30:00,4,train
https://storage.googleapis.com/public-datasets-lila/wcs-unzipped/animals/0328/1671.jpg,WCS Camera Traps : 3f1eebd5-92d5-11e9-8f0f-000d3a74c7de,WCS Camera Traps : idn-001-d0572-8,WCS Camera Traps : 2212,1,asian golden cat,01-20-2003 06:04:00,4,train
https://storage.googleapis.com/public-datasets-lila/wcs-unzipped/animals/0329/0006.jpg,WCS Camera Traps : 3f30296d-92d5-11e9-96fc-000d3a74c7de,WCS Camera Traps : idn-001-d0586-15,WCS Camera Traps : 2251,1,asian golden cat,06-05-2003 00:00:00,4,train
https://storage.googleapis.com/public-datasets-lila/wcs-unzipped/animals/0329/0461.jpg,WCS Camera Traps : 3f458602-92d5-11e9-bc0a-000d3a74c7de,WCS Camera Traps : idn-001-d0869-27,WCS Camera Traps : 2290,1,asian golden cat,08-24-2003 17:56:00,4,val
https://storage.googleapis.com/public-datasets-lila/wcs-unzipped/animals/0329/0816.jpg,WCS Camera Traps : 3f55d9de-92d5-11e9-bd8c-000d3a74c7de,WCS Camera Traps : idn-001-d0773-2,WCS Camera Traps : 2322,1,asian golden cat,11-16-2003 04:45:00,4,val
https://storage.googleapis.com/public-datasets-lila/wcs-unzipped/animals/0329/0831.jpg,WCS Camera Traps : 3f567665-92d5-11e9-b492-000d3a74c7de,WCS Camera Traps : idn-001-d0762-11,WCS Camera Traps : 2323,1,asian golden cat,12-04-2003 20:37:00,4,val
https://storage.googleapis.com/public-datasets-lila/wcs-unzipped/animals/0329/0836.jpg,WCS Camera Traps : 3f569d50-92d5-11e9-aaa4-000d3a74c7de,WCS Camera Traps : idn-001-d0839-2,WCS Camera Traps : 2326,1,asian golden cat,12-26-2003 05:07:00,4,train
https://storage.googleapis.com/public-datasets-lila/wcs-unzipped/animals/0329/0936.jpg,WCS Camera Traps : 3f5b0a02-92d5-11e9-8b82-000d3a74c7de,WCS Camera Traps : idn-001-d0846-15,WCS Camera Traps : 2332,1,asian golden cat,01-16-2004 05:59:00,4,test
https://storage.googleapis.com/public-datasets-lila/wcs-unzipped/animals/0329/1257.jpg,WCS Camera Traps : 3f6a4c5a-92d5-11e9-a4c6-000d3a74c7de,WCS Camera Traps : idn-001-d0708-4,WCS Camera Traps : 2362,1,asian golden cat,04-09-2004 08:13:00,4,train
https://storage.googleapis.com/public-datasets-lila/wcs-unzipped/animals/0329/1307.jpg,WCS Camera Traps : 3f6c6f2a-92d5-11e9-bbab-000d3a74c7de,WCS Camera Traps : idn-001-d0717-13,WCS Camera Traps : 2365,1,asian golden cat,04-10-2004 09:11:00,4,val
https://storage.googleapis.com/public-datasets-lila/wcs-unzipped/animals/0329/1328.jpg,WCS Camera Traps : 3f6d598e-92d5-11e9-81b4-000d3a74c7de,WCS Camera Traps : idn-001-d0721-3,WCS Camera Traps : 2367,1,asian golden cat,03-22-2004 17:36:00,4,train
https://storage.googleapis.com/public-datasets-lila/wcs-unzipped/animals/0329/1401.jpg,WCS Camera Traps : 3f712a21-92d5-11e9-9731-000d3a74c7de,WCS Camera Traps : idn-001-d0716-19,WCS Camera Traps : 2370,1,asian golden cat,04-12-2004 13:02:00,4,train
https://storage.googleapis.com/public-datasets-lila/wcs-unzipped/animals/0329/1452.jpg,WCS Camera Traps : 3f734d12-92d5-11e9-b17d-000d3a74c7de,WCS Camera Traps : idn-001-d0752-17,WCS Camera Traps : 2373,1,asian golden cat,05-11-2004 10:28:00,4,train
https://storage.googleapis.com/public-datasets-lila/wcs-unzipped/animals/0329/1459.jpg,WCS Camera Traps : 3f739b5a-92d5-11e9-9f9f-000d3a74c7de,WCS Camera Traps : idn-001-d0752-24,WCS Camera Traps : 2373,1,asian golden cat,05-17-2004 11:36:00,4,train
https://storage.googleapis.com/public-datasets-lila/wcs-unzipped/animals/0329/1751.jpg,WCS Camera Traps : 3f80e18a-92d5-11e9-be23-000d3a74c7de,WCS Camera Traps : idn-001-d0740-4,WCS Camera Traps : 2399,1,asian golden cat,08-14-2004 16:29:00,4,train
https://storage.googleapis.com/public-datasets-lila/wcs-unzipped/animals/0329/1752.jpg,WCS Camera Traps : 3f80e18c-92d5-11e9-9c62-000d3a74c7de,WCS Camera Traps : idn-001-d0740-5,WCS Camera Traps : 2399,1,asian golden cat,08-15-2004 09:15:00,4,train
https://storage.googleapis.com/public-datasets-lila/wcs-unzipped/animals/0329/1854.jpg,WCS Camera Traps : 3f85756a-92d5-11e9-96c4-000d3a74c7de,WCS Camera Traps : idn-001-d0743-2,WCS Camera Traps : 2407,1,asian golden cat,08-14-2004 15:12:00,4,test
https://storage.googleapis.com/public-datasets-lila/wcs-unzipped/animals/0330/0128.jpg,WCS Camera Traps : 3f91f889-92d5-11e9-8006-000d3a74c7de,WCS Camera Traps : idn-001-d0981-12,WCS Camera Traps : 2425,1,asian golden cat,10-08-2004 13:10:00,4,train
https://storage.googleapis.com/public-datasets-lila/wcs-unzipped/animals/0330/0177.jpg,WCS Camera Traps : 3f941b68-92d5-11e9-8fcb-000d3a74c7de,WCS Camera Traps : idn-001-d0983-12,WCS Camera Traps : 2427,1,asian golden cat,09-29-2004 17:45:00,4,train
https://storage.googleapis.com/public-datasets-lila/wcs-unzipped/animals/0330/0229.jpg,WCS Camera Traps : 3f96658f-92d5-11e9-be3b-000d3a74c7de,WCS Camera Traps : idn-001-d1047-4,WCS Camera Traps : 2430,1,asian golden cat,11-13-2004 00:00:00,4,train
https://storage.googleapis.com/public-datasets-lila/wcs-unzipped/animals/0330/0376.jpg,WCS Camera Traps : 3f9cce12-92d5-11e9-b251-000d3a74c7de,WCS Camera Traps : idn-001-d1046-1,WCS Camera Traps : 2444,9,asian golden cat,,4,train
https://storage.googleapis.com/public-datasets-lila/wcs-unzipped/animals/0330/0639.jpg,WCS Camera Traps : 3fa8dc05-92d5-11e9-bcd8-000d3a74c7de,WCS Camera Traps : idn-001-d0951-7,WCS Camera Traps : 2459,1,asian golden cat,02-18-2005 18:31:00,4,train
https://storage.googleapis.com/public-datasets-lila/wcs-unzipped/animals/0330/0700.jpg,WCS Camera Traps : 3fab7403-92d5-11e9-a435-000d3a74c7de,WCS Camera Traps : idn-001-d0959-11,WCS Camera Traps : 2466,1,asian golden cat,02-16-2005 07:58:00,4,test
https://storage.googleapis.com/public-datasets-lila/wcs-unzipped/animals/0330/0712.jpg,WCS Camera Traps : 3fac10e8-92d5-11e9-b97e-000d3a74c7de,WCS Camera Traps : idn-001-d0944-1,WCS Camera Traps : 2468,6,asian golden cat,,4,train
https://storage.googleapis.com/public-datasets-lila/wcs-unzipped/animals/0330/0715.jpg,WCS Camera Traps : 3fac374a-92d5-11e9-8f74-000d3a74c7de,WCS Camera Traps : idn-001-d0944-1,WCS Camera Traps : 2468,10,asian golden cat,,4,train
https://storage.googleapis.com/public-datasets-lila/wcs-unzipped/animals/0330/0716.jpg,WCS Camera Traps : 3fac374c-92d5-11e9-be6e-000d3a74c7de,WCS Camera Traps : idn-001-d0944-1,WCS Camera Traps : 2468,11,asian golden cat,,4,train
https://storage.googleapis.com/public-datasets-lila/wcs-unzipped/animals/0330/0744.jpg,WCS Camera Traps : 3fad7047-92d5-11e9-8fa0-000d3a74c7de,WCS Camera Traps : idn-001-d1018-4,WCS Camera Traps : 2477,1,asian golden cat,06-08-2005 03:18:00,4,val
https://storage.googleapis.com/public-datasets-lila/wcs-unzipped/animals/0330/0745.jpg,WCS Camera Traps : 3fad7049-92d5-11e9-abf3-000d3a74c7de,WCS Camera Traps : idn-001-d1018-5,WCS Camera Traps : 2477,1,asian golden cat,06-08-2005 03:40:00,4,val
https://storage.googleapis.com/public-datasets-lila/wcs-unzipped/animals/0330/0746.jpg,WCS Camera Traps : 3fad704b-92d5-11e9-816a-000d3a74c7de,WCS Camera Traps : idn-001-d1018-6,WCS Camera Traps : 2477,1,asian golden cat,06-08-2005 03:59:00,4,val
https://storage.googleapis.com/public-datasets-lila/wcs-unzipped/animals/0330/0989.jpg,WCS Camera Traps : 3fb86c44-92d5-11e9-8b54-000d3a74c7de,WCS Camera Traps : idn-001-d0904-2,WCS Camera Traps : 2510,1,asian golden cat,10-25-2005 12:23:00,4,train
https://storage.googleapis.com/public-datasets-lila/wcs-unzipped/animals/0330/1044.jpg,WCS Camera Traps : 3fbab76e-92d5-11e9-a253-000d3a74c7de,WCS Camera Traps : idn-001-d0901-4,WCS Camera Traps : 2516,1,asian golden cat,10-28-2005 09:56:00,4,train
https://storage.googleapis.com/public-datasets-lila/wcs-unzipped/animals/0330/1107.jpg,WCS Camera Traps : 3fbdeac8-92d5-11e9-bffe-000d3a74c7de,WCS Camera Traps : idn-001-d0936-5,WCS Camera Traps : 2521,1,asian golden cat,03-06-2006 10:47:00,4,train
https://storage.googleapis.com/public-datasets-lila/wcs-unzipped/animals/0330/1108.jpg,WCS Camera Traps : 3fbe11e9-92d5-11e9-8431-000d3a74c7de,WCS Camera Traps : idn-001-d0936-6,WCS Camera Traps : 2521,1,asian golden cat,03-09-2006 11:11:00,4,train
https://storage.googleapis.com/public-datasets-lila/wcs-unzipped/animals/0330/1112.jpg,WCS Camera Traps : 3fbe5fee-92d5-11e9-9e60-000d3a74c7de,WCS Camera Traps : idn-001-d0940-2,WCS Camera Traps : 2522,1,asian golden cat,02-17-2006 10:07:00,4,train
https://storage.googleapis.com/public-datasets-lila/wcs-unzipped/animals/0400/0907.jpg,WCS Camera Traps : 591a4b9c-92d5-11e9-8636-000d3a74c7de,WCS Camera Traps : idn-003-d0011-18,WCS Camera Traps : 2842,1,asian golden cat,03-31-2010 18:10:11,4,test
https://storage.googleapis.com/public-datasets-lila/wcs-unzipped/animals/0400/0930.jpg,WCS Camera Traps : 591b3606-92d5-11e9-8961-000d3a74c7de,WCS Camera Traps : idn-003-d0011-32,WCS Camera Traps : 2842,1,asian golden cat,04-20-2010 10:36:01,4,test
https://storage.googleapis.com/public-datasets-lila/wcs-unzipped/animals/0400/0931.jpg,WCS Camera Traps : 591b3608-92d5-11e9-82f2-000d3a74c7de,WCS Camera Traps : idn-003-d0011-32,WCS Camera Traps : 2842,2,asian golden cat,04-20-2010 10:36:03,4,test
https://storage.googleapis.com/public-datasets-lila/wcs-unzipped/animals/0400/0932.jpg,WCS Camera Traps : 591b5d19-92d5-11e9-84b1-000d3a74c7de,WCS Camera Traps : idn-003-d0011-32,WCS Camera Traps : 2842,3,asian golden cat,04-20-2010 10:36:04,4,test
https://storage.googleapis.com/public-datasets-lila/wcs-unzipped/animals/0400/1018.jpg,WCS Camera Traps : 591f0696-92d5-11e9-b678-000d3a74c7de,WCS Camera Traps : idn-003-d0012-41,WCS Camera Traps : 2842,1,asian golden cat,03-31-2010 18:11:05,4,test
https://storage.googleapis.com/public-datasets-lila/wcs-unzipped/animals/0400/1175.jpg,WCS Camera Traps : 5925e468-92d5-11e9-a3e8-000d3a74c7de,WCS Camera Traps : idn-003-d0012-99,WCS Camera Traps : 2842,1,asian golden cat,04-20-2010 10:35:45,4,test
https://storage.googleapis.com/public-datasets-lila/wcs-unzipped/animals/0400/1176.jpg,WCS Camera Traps : 5926809e-92d5-11e9-91ae-000d3a74c7de,WCS Camera Traps : idn-003-d0012-99,WCS Camera Traps : 2842,2,asian golden cat,04-20-2010 10:35:52,4,test
https://storage.googleapis.com/public-datasets-lila/wcs-unzipped/animals/0400/1177.jpg,WCS Camera Traps : 592680a0-92d5-11e9-a4e0-000d3a74c7de,WCS Camera Traps : idn-003-d0012-99,WCS Camera Traps : 2842,3,asian golden cat,04-20-2010 10:35:57,4,test
https://storage.googleapis.com/public-datasets-lila/wcs-unzipped/animals/0400/1182.jpg,WCS Camera Traps : 5926cec2-92d5-11e9-b83b-000d3a74c7de,WCS Camera Traps : idn-003-d0012-103,WCS Camera Traps : 2842,1,asian golden cat,04-22-2010 10:25:13,4,test
https://storage.googleapis.com/public-datasets-lila/wcs-unzipped/animals/0400/1183.jpg,WCS Camera Traps : 5926cec4-92d5-11e9-93fa-000d3a74c7de,WCS Camera Traps : idn-003-d0012-103,WCS Camera Traps : 2842,2,asian golden cat,04-22-2010 10:25:19,4,test
https://storage.googleapis.com/public-datasets-lila/wcs-unzipped/animals/0400/1184.jpg,WCS Camera Traps : 5926cec6-92d5-11e9-a147-000d3a74c7de,WCS Camera Traps : idn-003-d0012-103,WCS Camera Traps : 2842,3,asian golden cat,04-22-2010 10:25:23,4,test
https://storage.googleapis.com/public-datasets-lila/wcs-unzipped/animals/0400/1329.jpg,WCS Camera Traps : 592d375f-92d5-11e9-a52e-000d3a74c7de,WCS Camera Traps : idn-003-d0017-3,WCS Camera Traps : 2845,1,asian golden cat,03-25-2010 11:42:04,4,train
https://storage.googleapis.com/public-datasets-lila/wcs-unzipped/animals/0400/1330.jpg,WCS Camera Traps : 592d3761-92d5-11e9-87a0-000d3a74c7de,WCS Camera Traps : idn-003-d0017-3,WCS Camera Traps : 2845,2,asian golden cat,03-25-2010 11:42:10,4,train
https://storage.googleapis.com/public-datasets-lila/wcs-unzipped/animals/0400/1331.jpg,WCS Camera Traps : 592d5e6e-92d5-11e9-a3c5-000d3a74c7de,WCS Camera Traps : idn-003-d0017-3,WCS Camera Traps : 2845,3,asian golden cat,03-25-2010 11:42:16,4,train
https://storage.googleapis.com/public-datasets-lila/wcs-unzipped/animals/0400/1358.jpg,WCS Camera Traps : 592e6fe8-92d5-11e9-babe-000d3a74c7de,WCS Camera Traps : idn-003-d0018-4,WCS Camera Traps : 2845,1,asian golden cat,03-25-2010 11:37:59,4,train
https://storage.googleapis.com/public-datasets-lila/wcs-unzipped/animals/0400/1359.jpg,WCS Camera Traps : 592e6fea-92d5-11e9-915a-000d3a74c7de,WCS Camera Traps : idn-003-d0018-4,WCS Camera Traps : 2845,2,asian golden cat,03-25-2010 11:38:05,4,train
https://storage.googleapis.com/public-datasets-lila/wcs-unzipped/animals/0400/1360.jpg,WCS Camera Traps : 592e96ef-92d5-11e9-a048-000d3a74c7de,WCS Camera Traps : idn-003-d0018-4,WCS Camera Traps : 2845,3,asian golden cat,03-25-2010 11:38:09,4,train
https://storage.googleapis.com/public-datasets-lila/wcs-unzipped/animals/0401/0628.jpg,WCS Camera Traps : 59692efa-92d5-11e9-83ca-000d3a74c7de,WCS Camera Traps : idn-003-d0035-30,WCS Camera Traps : 2854,1,asian golden cat,05-06-2010 10:55:53,4,test
https://storage.googleapis.com/public-datasets-lila/wcs-unzipped/animals/0401/0629.jpg,WCS Camera Traps : 596955ff-92d5-11e9-bb96-000d3a74c7de,WCS Camera Traps : idn-003-d0035-30,WCS Camera Traps : 2854,2,asian golden cat,05-06-2010 10:55:58,4,test
https://storage.googleapis.com/public-datasets-lila/wcs-unzipped/animals/0401/0630.jpg,WCS Camera Traps : 59695601-92d5-11e9-ad18-000d3a74c7de,WCS Camera Traps : idn-003-d0035-30,WCS Camera Traps : 2854,3,asian golden cat,05-06-2010 10:56:03,4,test
https://storage.googleapis.com/public-datasets-lila/wcs-unzipped/animals/0401/0679.jpg,WCS Camera Traps : 596b9ffa-92d5-11e9-a471-000d3a74c7de,WCS Camera Traps : idn-003-d0036-27,WCS Camera Traps : 2854,1,asian golden cat,05-06-2010 10:55:01,4,test
https://storage.googleapis.com/public-datasets-lila/wcs-unzipped/animals/0402/0200.jpg,WCS Camera Traps : 59b2bb13-92d5-11e9-aa9f-000d3a74c7de,WCS Camera Traps : idn-003-d0057-42,WCS Camera Traps : 2849,1,asian golden cat,05-13-2010 08:40:28,4,train
https://storage.googleapis.com/public-datasets-lila/wcs-unzipped/animals/0402/0201.jpg,WCS Camera Traps : 59b2bb15-92d5-11e9-b19c-000d3a74c7de,WCS Camera Traps : idn-003-d0057-42,WCS Camera Traps : 2849,2,asian golden cat,05-13-2010 08:40:39,4,train
https://storage.googleapis.com/public-datasets-lila/wcs-unzipped/animals/0402/0250.jpg,WCS Camera Traps : 59b4ddf3-92d5-11e9-a694-000d3a74c7de,WCS Camera Traps : idn-003-d0057-79,WCS Camera Traps : 2849,1,asian golden cat,05-29-2010 08:21:41,4,train
https://storage.googleapis.com/public-datasets-lila/wcs-unzipped/animals/0402/0259.jpg,WCS Camera Traps : 59b55324-92d5-11e9-abb7-000d3a74c7de,WCS Camera Traps : idn-003-d0057-88,WCS Camera Traps : 2849,1,asian golden cat,06-03-2010 12:05:15,4,train
https://storage.googleapis.com/public-datasets-lila/wcs-unzipped/animals/0402/0260.jpg,WCS Camera Traps : 59b55326-92d5-11e9-81ad-000d3a74c7de,WCS Camera Traps : idn-003-d0057-88,WCS Camera Traps : 2849,2,asian golden cat,06-03-2010 12:05:25,4,train
https://storage.googleapis.com/public-datasets-lila/wcs-unzipped/animals/0402/0314.jpg,WCS Camera Traps : 59b79d1a-92d5-11e9-88c4-000d3a74c7de,WCS Camera Traps : idn-003-d0058-26,WCS Camera Traps : 2849,2,asian golden cat,05-13-2010 08:38:55,4,train
https://storage.googleapis.com/public-datasets-lila/wcs-unzipped/animals/0402/0397.jpg,WCS Camera Traps : 59bb4693-92d5-11e9-937d-000d3a74c7de,WCS Camera Traps : idn-003-d0058-74,WCS Camera Traps : 2849,1,asian golden cat,05-27-2010 20:33:02,4,train
https://storage.googleapis.com/public-datasets-lila/wcs-unzipped/animals/0402/0398.jpg,WCS Camera Traps : 59bb4695-92d5-11e9-a28a-000d3a74c7de,WCS Camera Traps : idn-003-d0058-75,WCS Camera Traps : 2849,1,asian golden cat,05-27-2010 21:16:17,4,train
https://storage.googleapis.com/public-datasets-lila/wcs-unzipped/animals/0402/0399.jpg,WCS Camera Traps : 59bb4697-92d5-11e9-893f-000d3a74c7de,WCS Camera Traps : idn-003-d0058-76,WCS Camera Traps : 2849,1,asian golden cat,05-29-2010 08:17:23,4,train
https://storage.googleapis.com/public-datasets-lila/wcs-unzipped/animals/0402/0400.jpg,WCS Camera Traps : 59bb6da6-92d5-11e9-b4ae-000d3a74c7de,WCS Camera Traps : idn-003-d0058-76,WCS Camera Traps : 2849,2,asian golden cat,05-29-2010 08:17:30,4,train
https://storage.googleapis.com/public-datasets-lila/wcs-unzipped/animals/0402/0441.jpg,WCS Camera Traps : 59bd1b58-92d5-11e9-a833-000d3a74c7de,WCS Camera Traps : idn-003-d0058-99,WCS Camera Traps : 2849,1,asian golden cat,06-03-2010 12:00:04,4,train
https://storage.googleapis.com/public-datasets-lila/wcs-unzipped/animals/0402/0442.jpg,WCS Camera Traps : 59bd4264-92d5-11e9-80a5-000d3a74c7de,WCS Camera Traps : idn-003-d0058-99,WCS Camera Traps : 2849,2,asian golden cat,06-03-2010 12:00:10,4,train
https://storage.googleapis.com/public-datasets-lila/wcs-unzipped/animals/0402/1183.jpg,WCS Camera Traps : 59ded428-92d5-11e9-9355-000d3a74c7de,WCS Camera Traps : idn-003-d0067-63,WCS Camera Traps : 2841,1,asian golden cat,05-19-2010 07:42:42,4,train
https://storage.googleapis.com/public-datasets-lila/wcs-unzipped/animals/0402/1184.jpg,WCS Camera Traps : 59defb34-92d5-11e9-bb57-000d3a74c7de,WCS Camera Traps : idn-003-d0067-63,WCS Camera Traps : 2841,2,asian golden cat,05-19-2010 07:42:46,4,train
https://storage.googleapis.com/public-datasets-lila/wcs-unzipped/animals/0402/1659.jpg,WCS Camera Traps : 59f4cd2a-92d5-11e9-bcbf-000d3a74c7de,WCS Camera Traps : idn-003-d0069-81,WCS Camera Traps : 2842,1,asian golden cat,05-20-2010 07:06:42,4,test
https://storage.googleapis.com/public-datasets-lila/wcs-unzipped/animals/0402/1660.jpg,WCS Camera Traps : 59f4cd2c-92d5-11e9-95ee-000d3a74c7de,WCS Camera Traps : idn-003-d0069-81,WCS Camera Traps : 2842,2,asian golden cat,05-20-2010 07:06:47,4,test
https://storage.googleapis.com/public-datasets-lila/wcs-unzipped/animals/0402/1671.jpg,WCS Camera Traps : 59f54258-92d5-11e9-abee-000d3a74c7de,WCS Camera Traps : idn-003-d0069-88,WCS Camera Traps : 2842,1,asian golden cat,05-20-2010 19:01:41,4,test
https://storage.googleapis.com/public-datasets-lila/wcs-unzipped/animals/0402/1859.jpg,WCS Camera Traps : 59fda6c8-92d5-11e9-8768-000d3a74c7de,WCS Camera Traps : idn-003-d0070-79,WCS Camera Traps : 2842,1,asian golden cat,05-20-2010 07:06:03,4,test
https://storage.googleapis.com/public-datasets-lila/wcs-unzipped/animals/0402/1860.jpg,WCS Camera Traps : 59fda6ca-92d5-11e9-894c-000d3a74c7de,WCS Camera Traps : idn-003-d0070-79,WCS Camera Traps : 2842,2,asian golden cat,05-20-2010 07:06:09,4,test
https://storage.googleapis.com/public-datasets-lila/wcs-unzipped/animals/0402/1875.jpg,WCS Camera Traps : 59fe4308-92d5-11e9-bdce-000d3a74c7de,WCS Camera Traps : idn-003-d0070-87,WCS Camera Traps : 2842,1,asian golden cat,05-20-2010 19:00:56,4,test
https://storage.googleapis.com/public-datasets-lila/wcs-unzipped/animals/0403/0929.jpg,WCS Camera Traps : 5a309df8-92d5-11e9-a61c-000d3a74c7de,WCS Camera Traps : idn-003-d0080-40,WCS Camera Traps : 2853,1,asian golden cat,05-22-2010 12:47:42,4,val
https://storage.googleapis.com/public-datasets-lila/wcs-unzipped/animals/0403/0930.jpg,WCS Camera Traps : 5a309dfa-92d5-11e9-aaac-000d3a74c7de,WCS Camera Traps : idn-003-d0080-40,WCS Camera Traps : 2853,2,asian golden cat,05-22-2010 12:47:46,4,val
https://storage.googleapis.com/public-datasets-lila/wcs-unzipped/animals/0403/0931.jpg,WCS Camera Traps : 5a30c525-92d5-11e9-861a-000d3a74c7de,WCS Camera Traps : idn-003-d0080-40,WCS Camera Traps : 2853,3,asian golden cat,05-22-2010 12:47:50,4,val
https://storage.googleapis.com/public-datasets-lila/wcs-unzipped/animals/0403/0932.jpg,WCS Camera Traps : 5a30c527-92d5-11e9-8838-000d3a74c7de,WCS Camera Traps : idn-003-d0080-37,WCS Camera Traps : 2853,1,asian golden cat,05-22-2010 08:11:06,4,val
https://storage.googleapis.com/public-datasets-lila/wcs-unzipped/animals/0403/0933.jpg,WCS Camera Traps : 5a30c529-92d5-11e9-afec-000d3a74c7de,WCS Camera Traps : idn-003-d0080-38,WCS Camera Traps : 2853,1,asian golden cat,05-22-2010 10:33:14,4,val
https://storage.googleapis.com/public-datasets-lila/wcs-unzipped/animals/0403/0939.jpg,WCS Camera Traps : 5a3114af-92d5-11e9-92b4-000d3a74c7de,WCS Camera Traps : idn-003-d0080-44,WCS Camera Traps : 2853,1,asian golden cat,05-26-2010 05:51:14,4,val
https://storage.googleapis.com/public-datasets-lila/wcs-unzipped/animals/0403/0969.jpg,WCS Camera Traps : 5a32741e-92d5-11e9-b7e2-000d3a74c7de,WCS Camera Traps : idn-003-d0080-57,WCS Camera Traps : 2853,1,asian golden cat,06-04-2010 05:42:44,4,val
https://storage.googleapis.com/public-datasets-lila/wcs-unzipped/animals/0405/0013.jpg,WCS Camera Traps : 5abde9fa-92d5-11e9-829e-000d3a74c7de,WCS Camera Traps : idn-003-d0105-466,WCS Camera Traps : 2872,1,asian golden cat,05-19-2010 07:44:34,4,train
https://storage.googleapis.com/public-datasets-lila/wcs-unzipped/animals/0405/0014.jpg,WCS Camera Traps : 5abe10b5-92d5-11e9-95dc-000d3a74c7de,WCS Camera Traps : idn-003-d0105-466,WCS Camera Traps : 2872,2,asian golden cat,05-19-2010 07:44:38,4,train
https://storage.googleapis.com/public-datasets-lila/wcs-unzipped/animals/0405/0015.jpg,WCS Camera Traps : 5abe10b7-92d5-11e9-88de-000d3a74c7de,WCS Camera Traps : idn-003-d0105-466,WCS Camera Traps : 2872,3,asian golden cat,05-19-2010 07:44:44,4,train
https://storage.googleapis.com/public-datasets-lila/wcs-unzipped/animals/0405/0291.jpg,WCS Camera Traps : 5aca93da-92d5-11e9-8174-000d3a74c7de,WCS Camera Traps : idn-003-d0108-98,WCS Camera Traps : 2874,1,asian golden cat,06-04-2010 21:24:03,4,train
https://storage.googleapis.com/public-datasets-lila/wcs-unzipped/animals/0405/0336.jpg,WCS Camera Traps : 5acc9000-92d5-11e9-a458-000d3a74c7de,WCS Camera Traps : idn-003-d0108-128,WCS Camera Traps : 2874,1,asian golden cat,06-07-2010 12:28:15,4,train
https://storage.googleapis.com/public-datasets-lila/wcs-unzipped/animals/0406/0070.jpg,WCS Camera Traps : 5b1b2c41-92d5-11e9-a15f-000d3a74c7de,WCS Camera Traps : idn-003-d0115-9,WCS Camera Traps : 2853,1,asian golden cat,06-26-2010 07:25:33,4,val
https://storage.googleapis.com/public-datasets-lila/wcs-unzipped/animals/0406/0071.jpg,WCS Camera Traps : 5b1b2c43-92d5-11e9-866a-000d3a74c7de,WCS Camera Traps : idn-003-d0115-9,WCS Camera Traps : 2853,2,asian golden cat,06-26-2010 07:25:39,4,val
https://storage.googleapis.com/public-datasets-lila/wcs-unzipped/animals/0406/0072.jpg,WCS Camera Traps : 5b1b2c45-92d5-11e9-994a-000d3a74c7de,WCS Camera Traps : idn-003-d0115-9,WCS Camera Traps : 2853,3,asian golden cat,06-26-2010 07:25:45,4,val
https://storage.googleapis.com/public-datasets-lila/wcs-unzipped/animals/0406/0125.jpg,WCS Camera Traps : 5b1d75e2-92d5-11e9-b43e-000d3a74c7de,WCS Camera Traps : idn-003-d0116-7,WCS Camera Traps : 2853,1,asian golden cat,06-26-2010 07:28:35,4,val
https://storage.googleapis.com/public-datasets-lila/wcs-unzipped/animals/0408/1934.jpg,WCS Camera Traps : 5c2fce9c-92d5-11e9-bbe0-000d3a74c7de,WCS Camera Traps : idn-003-d0161-49,WCS Camera Traps : 2890,1,asian golden cat,09-17-2010 11:46:45,4,train
https://storage.googleapis.com/public-datasets-lila/wcs-unzipped/animals/0409/0009.jpg,WCS Camera Traps : 5c339f30-92d5-11e9-a464-000d3a74c7de,WCS Camera Traps : idn-003-d0162-45,WCS Camera Traps : 2890,1,asian golden cat,09-17-2010 12:29:48,4,train
https://storage.googleapis.com/public-datasets-lila/wcs-unzipped/animals/0409/1775.jpg,WCS Camera Traps : 5c86c840-92d5-11e9-b8c4-000d3a74c7de,WCS Camera Traps : idn-003-d0200-28,WCS Camera Traps : 2883,1,asian golden cat,10-14-2010 20:29:14,4,train
https://storage.googleapis.com/public-datasets-lila/wcs-unzipped/animals/0409/1776.jpg,WCS Camera Traps : 5c86ef46-92d5-11e9-adbb-000d3a74c7de,WCS Camera Traps : idn-003-d0200-28,WCS Camera Traps : 2883,2,asian golden cat,10-14-2010 20:29:41,4,train
https://storage.googleapis.com/public-datasets-lila/wcs-unzipped/animals/0419/1629.jpg,WCS Camera Traps : 601f5908-92d5-11e9-bd14-000d3a74c7de,WCS Camera Traps : idn-004-d0008-350,WCS Camera Traps : 2993,1,asian golden cat,01-29-2013 10:12:03,4,train
https://storage.googleapis.com/public-datasets-lila/wcs-unzipped/animals/0419/1630.jpg,WCS Camera Traps : 601f590a-92d5-11e9-92b8-000d3a74c7de,WCS Camera Traps : idn-004-d0008-350,WCS Camera Traps : 2993,2,asian golden cat,01-29-2013 10:12:08,4,train
https://storage.googleapis.com/public-datasets-lila/wcs-unzipped/animals/0419/1710.jpg,WCS Camera Traps : 6023ec75-92d5-11e9-88ba-000d3a74c7de,WCS Camera Traps : idn-004-d0008-379,WCS Camera Traps : 2993,1,asian golden cat,02-06-2013 09:54:26,4,train
https://storage.googleapis.com/public-datasets-lila/wcs-unzipped/animals/0419/1847.jpg,WCS Camera Traps : 6029dfec-92d5-11e9-8049-000d3a74c7de,WCS Camera Traps : idn-004-d0008-432,WCS Camera Traps : 2993,3,asian golden cat,02-23-2013 01:18:25,4,train
https://storage.googleapis.com/public-datasets-lila/wcs-unzipped/animals/0419/1848.jpg,WCS Camera Traps : 6029dfee-92d5-11e9-86b9-000d3a74c7de,WCS Camera Traps : idn-004-d0008-432,WCS Camera Traps : 2993,4,asian golden cat,02-23-2013 01:18:50,4,train
https://storage.googleapis.com/public-datasets-lila/wcs-unzipped/animals/0420/0216.jpg,WCS Camera Traps : 603af812-92d5-11e9-a4ee-000d3a74c7de,WCS Camera Traps : idn-004-d0010-7,WCS Camera Traps : 2994,1,asian golden cat,03-17-2013 17:52:06,4,train
https://storage.googleapis.com/public-datasets-lila/wcs-unzipped/animals/0420/0260.jpg,WCS Camera Traps : 603ccb82-92d5-11e9-b70e-000d3a74c7de,WCS Camera Traps : idn-004-d0011-7,WCS Camera Traps : 2994,1,asian golden cat,03-17-2013 16:05:18,4,train
https://storage.googleapis.com/public-datasets-lila/wcs-unzipped/animals/0420/0261.jpg,WCS Camera Traps : 603cf2c2-92d5-11e9-8407-000d3a74c7de,WCS Camera Traps : idn-004-d0011-7,WCS Camera Traps : 2994,2,asian golden cat,03-17-2013 16:05:24,4,train
https://storage.googleapis.com/public-datasets-lila/wcs-unzipped/animals/0420/0262.jpg,WCS Camera Traps : 603cf2c4-92d5-11e9-9833-000d3a74c7de,WCS Camera Traps : idn-004-d0011-7,WCS Camera Traps : 2994,3,asian golden cat,03-17-2013 16:05:30,4,train
https://storage.googleapis.com/public-datasets-lila/wcs-unzipped/animals/0436/0539.jpg,WCS Camera Traps : 660f6ffd-92d5-11e9-a799-000d3a74c7de,WCS Camera Traps : idn-004-d0111-17,WCS Camera Traps : 3026,1,asian golden cat,03-26-2013 11:04:19,4,train
https://storage.googleapis.com/public-datasets-lila/wcs-unzipped/animals/0436/0551.jpg,WCS Camera Traps : 660fe52a-92d5-11e9-a848-000d3a74c7de,WCS Camera Traps : idn-004-d0111-24,WCS Camera Traps : 3026,1,asian golden cat,03-31-2013 12:56:59,4,train
https://storage.googleapis.com/public-datasets-lila/wcs-unzipped/animals/0436/0628.jpg,WCS Camera Traps : 6613dcc4-92d5-11e9-9691-000d3a74c7de,WCS Camera Traps : idn-004-d0112-26,WCS Camera Traps : 3027,1,asian golden cat,03-26-2013 11:00:21,4,val
https://storage.googleapis.com/public-datasets-lila/wcs-unzipped/animals/0436/1503.jpg,WCS Camera Traps : 663b61f4-92d5-11e9-90c1-000d3a74c7de,WCS Camera Traps : idn-004-d0115-62,WCS Camera Traps : 3030,1,asian golden cat,02-21-2013 11:44:49,4,test
https://storage.googleapis.com/public-datasets-lila/wcs-unzipped/animals/0436/1668.jpg,WCS Camera Traps : 66430318-92d5-11e9-876c-000d3a74c7de,WCS Camera Traps : idn-004-d0116-39,WCS Camera Traps : 3031,1,asian golden cat,02-21-2013 11:44:28,4,train
https://storage.googleapis.com/public-datasets-lila/wcs-unzipped/animals/0437/1750.jpg,WCS Camera Traps : 66a10192-92d5-11e9-9ef4-000d3a74c7de,WCS Camera Traps : idn-004-d0135-20,WCS Camera Traps : 3037,1,asian golden cat,02-14-2013 08:57:29,4,train
https://storage.googleapis.com/public-datasets-lila/wcs-unzipped/animals/0438/0831.jpg,WCS Camera Traps : 66d1d5aa-92d5-11e9-b12e-000d3a74c7de,WCS Camera Traps : idn-004-d0151-32,WCS Camera Traps : 3048,1,asian golden cat,03-05-2013 06:35:40,4,train
https://storage.googleapis.com/public-datasets-lila/wcs-unzipped/animals/0438/0904.jpg,WCS Camera Traps : 66d509e9-92d5-11e9-b313-000d3a74c7de,WCS Camera Traps : idn-004-d0152-27,WCS Camera Traps : 3049,1,asian golden cat,03-05-2013 07:22:04,4,train
https://storage.googleapis.com/public-datasets-lila/wcs-unzipped/animals/0438/0964.jpg,WCS Camera Traps : 66d7a1fa-92d5-11e9-ae3b-000d3a74c7de,WCS Camera Traps : idn-004-d0153-22,WCS Camera Traps : 3050,1,asian golden cat,01-25-2013 10:58:45,4,train
https://storage.googleapis.com/public-datasets-lila/wcs-unzipped/animals/0438/0965.jpg,WCS Camera Traps : 66d7a1fc-92d5-11e9-9246-000d3a74c7de,WCS Camera Traps : idn-004-d0153-22,WCS Camera Traps : 3050,2,asian golden cat,01-25-2013 10:58:52,4,train
https://storage.googleapis.com/public-datasets-lila/wcs-unzipped/animals/0438/1024.jpg,WCS Camera Traps : 66da3a06-92d5-11e9-9a35-000d3a74c7de,WCS Camera Traps : idn-004-d0153-50,WCS Camera Traps : 3050,1,asian golden cat,02-22-2013 21:26:00,4,train
https://storage.googleapis.com/public-datasets-lila/wcs-unzipped/animals/0438/1081.jpg,WCS Camera Traps : 66dd474d-92d5-11e9-9487-000d3a74c7de,WCS Camera Traps : idn-004-d0154-12,WCS Camera Traps : 3050,1,asian golden cat,01-25-2013 10:57:04,4,train
https://storage.googleapis.com/public-datasets-lila/wcs-unzipped/animals/0438/1129.jpg,WCS Camera Traps : 66df4322-92d5-11e9-804d-000d3a74c7de,WCS Camera Traps : idn-004-d0154-32,WCS Camera Traps : 3050,1,asian golden cat,02-22-2013 21:24:17,4,train
https://storage.googleapis.com/public-datasets-lila/wcs-unzipped/animals/0438/1584.jpg,WCS Camera Traps : 66f3b57e-92d5-11e9-838a-000d3a74c7de,WCS Camera Traps : idn-004-d0160-53,WCS Camera Traps : 3054,1,asian golden cat,03-10-2013 02:16:30,4,train
https://storage.googleapis.com/public-datasets-lila/wcs-unzipped/animals/0438/1585.jpg,WCS Camera Traps : 66f3b580-92d5-11e9-a24f-000d3a74c7de,WCS Camera Traps : idn-004-d0160-53,WCS Camera Traps : 3054,2,asian golden cat,03-10-2013 02:16:54,4,train
https://storage.googleapis.com/public-datasets-lila/wcs-unzipped/animals/0439/0126.jpg,WCS Camera Traps : 670d580c-92d5-11e9-9732-000d3a74c7de,WCS Camera Traps : idn-004-d0179-70,WCS Camera Traps : 3057,1,asian golden cat,06-10-2013 07:07:04,4,train
https://storage.googleapis.com/public-datasets-lila/wcs-unzipped/animals/0439/0672.jpg,WCS Camera Traps : 6726d36a-92d5-11e9-ac2a-000d3a74c7de,WCS Camera Traps : idn-004-d0183-18,WCS Camera Traps : 3059,1,asian golden cat,06-10-2013 06:03:51,4,train
https://storage.googleapis.com/public-datasets-lila/wcs-unzipped/animals/0439/0675.jpg,WCS Camera Traps : 6726fa7f-92d5-11e9-ba04-000d3a74c7de,WCS Camera Traps : idn-004-d0183-20,WCS Camera Traps : 3059,1,asian golden cat,06-10-2013 06:07:29,4,train
https://storage.googleapis.com/public-datasets-lila/wcs-unzipped/animals/0439/0676.jpg,WCS Camera Traps : 67272188-92d5-11e9-ba9d-000d3a74c7de,WCS Camera Traps : idn-004-d0183-20,WCS Camera Traps : 3059,2,asian golden cat,06-10-2013 06:07:49,4,train
https://storage.googleapis.com/public-datasets-lila/wcs-unzipped/animals/0439/0979.jpg,WCS Camera Traps : 6735a046-92d5-11e9-a44f-000d3a74c7de,WCS Camera Traps : idn-004-d0184-93,WCS Camera Traps : 3059,1,asian golden cat,06-21-2013 01:54:05,4,train
https://storage.googleapis.com/public-datasets-lila/wcs-unzipped/animals/0439/1084.jpg,WCS Camera Traps : 673ad06e-92d5-11e9-9c29-000d3a74c7de,WCS Camera Traps : idn-004-d0185-10,WCS Camera Traps : 3060,1,asian golden cat,06-22-2013 21:08:47,4,test
https://storage.googleapis.com/public-datasets-lila/wcs-unzipped/animals/0439/1258.jpg,WCS Camera Traps : 6742e6bc-92d5-11e9-aa3d-000d3a74c7de,WCS Camera Traps : idn-004-d0186-11,WCS Camera Traps : 3060,1,asian golden cat,06-21-2013 11:48:14,4,test
https://storage.googleapis.com/public-datasets-lila/wcs-unzipped/animals/0439/1259.jpg,WCS Camera Traps : 67430dc9-92d5-11e9-8acc-000d3a74c7de,WCS Camera Traps : idn-004-d0186-11,WCS Camera Traps : 3060,2,asian golden cat,06-21-2013 11:48:20,4,test
https://storage.googleapis.com/public-datasets-lila/wcs-unzipped/animals/0439/1260.jpg,WCS Camera Traps : 67430dcb-92d5-11e9-ab18-000d3a74c7de,WCS Camera Traps : idn-004-d0186-11,WCS Camera Traps : 3060,3,asian golden cat,06-21-2013 11:48:27,4,test
https://storage.googleapis.com/public-datasets-lila/wcs-unzipped/animals/0439/1261.jpg,WCS Camera Traps : 67430dcd-92d5-11e9-8f43-000d3a74c7de,WCS Camera Traps : idn-004-d0186-12,WCS Camera Traps : 3060,1,asian golden cat,06-21-2013 12:27:19,4,test
https://storage.googleapis.com/public-datasets-lila/wcs-unzipped/animals/0439/1267.jpg,WCS Camera Traps : 67435be5-92d5-11e9-9eb7-000d3a74c7de,WCS Camera Traps : idn-004-d0186-15,WCS Camera Traps : 3060,1,asian golden cat,06-22-2013 21:08:15,4,test
https://storage.googleapis.com/public-datasets-lila/wcs-unzipped/animals/0439/1369.jpg,WCS Camera Traps : 6747efcc-92d5-11e9-9dc8-000d3a74c7de,WCS Camera Traps : idn-004-d0186-64,WCS Camera Traps : 3060,1,asian golden cat,06-30-2013 08:38:54,4,test
https://storage.googleapis.com/public-datasets-lila/wcs-unzipped/animals/0439/1574.jpg,WCS Camera Traps : 675201e6-92d5-11e9-a19b-000d3a74c7de,WCS Camera Traps : idn-004-d0187-48,WCS Camera Traps : 3061,1,asian golden cat,06-19-2013 08:00:56,4,test
https://storage.googleapis.com/public-datasets-lila/wcs-unzipped/animals/0440/0133.jpg,WCS Camera Traps : 676c8ec8-92d5-11e9-99fa-000d3a74c7de,WCS Camera Traps : idn-004-d0188-20,WCS Camera Traps : 3061,1,asian golden cat,06-19-2013 07:52:18,4,test
https://storage.googleapis.com/public-datasets-lila/wcs-unzipped/animals/0446/0149.jpg,WCS Camera Traps : 6a6053e6-92d5-11e9-96de-000d3a74c7de,WCS Camera Traps : idn-004-d0210-169,WCS Camera Traps : 3075,1,asian golden cat,06-17-2013 12:02:55,4,train
https://storage.googleapis.com/public-datasets-lila/wcs-unzipped/animals/0446/1250.jpg,WCS Camera Traps : 6a93c0dd-92d5-11e9-87a4-000d3a74c7de,WCS Camera Traps : idn-004-d0210-470,WCS Camera Traps : 3075,1,asian golden cat,07-20-2013 01:08:05,4,train
https://storage.googleapis.com/public-datasets-lila/wcs-unzipped/animals/0446/1251.jpg,WCS Camera Traps : 6a93e7fe-92d5-11e9-9e5f-000d3a74c7de,WCS Camera Traps : idn-004-d0210-470,WCS Camera Traps : 3075,2,asian golden cat,07-20-2013 01:08:21,4,train
https://storage.googleapis.com/public-datasets-lila/wcs-unzipped/animals/0446/1252.jpg,WCS Camera Traps : 6a93e800-92d5-11e9-804b-000d3a74c7de,WCS Camera Traps : idn-004-d0210-470,WCS Camera Traps : 3075,3,asian golden cat,07-20-2013 01:08:37,4,train
https://storage.googleapis.com/public-datasets-lila/wcs-unzipped/animals/0446/1501.jpg,WCS Camera Traps : 6aa0b822-92d5-11e9-95f1-000d3a74c7de,WCS Camera Traps : idn-004-d0211-90,WCS Camera Traps : 3075,1,asian golden cat,07-20-2013 01:07:11,4,train
https://storage.googleapis.com/public-datasets-lila/wcs-unzipped/animals/0446/1502.jpg,WCS Camera Traps : 6aa0b824-92d5-11e9-a1f7-000d3a74c7de,WCS Camera Traps : idn-004-d0211-90,WCS Camera Traps : 3075,2,asian golden cat,07-20-2013 01:07:27,4,train
https://storage.googleapis.com/public-datasets-lila/wcs-unzipped/animals/0446/1503.jpg,WCS Camera Traps : 6aa0df2d-92d5-11e9-9182-000d3a74c7de,WCS Camera Traps : idn-004-d0211-90,WCS Camera Traps : 3075,3,asian golden cat,07-20-2013 01:07:44,4,train
https://storage.googleapis.com/public-datasets-lila/wcs-unzipped/animals/0446/1504.jpg,WCS Camera Traps : 6aa0df2f-92d5-11e9-ad12-000d3a74c7de,WCS Camera Traps : idn-004-d0211-90,WCS Camera Traps : 3075,4,asian golden cat,07-20-2013 01:08:14,4,train
https://storage.googleapis.com/public-datasets-lila/wcs-unzipped/animals/0455/1385.jpg,WCS Camera Traps : 6dec60ac-92d5-11e9-a8f3-000d3a74c7de,WCS Camera Traps : idn-004-d0229-67,WCS Camera Traps : 3090,1,asian golden cat,06-17-2013 19:39:45,4,train
https://storage.googleapis.com/public-datasets-lila/wcs-unzipped/animals/0455/1388.jpg,WCS Camera Traps : 6dec87e0-92d5-11e9-b9c5-000d3a74c7de,WCS Camera Traps : idn-004-d0229-69,WCS Camera Traps : 3090,1,asian golden cat,06-18-2013 03:48:33,4,train
https://storage.googleapis.com/public-datasets-lila/wcs-unzipped/animals/0455/1445.jpg,WCS Camera Traps : 6def4682-92d5-11e9-8de0-000d3a74c7de,WCS Camera Traps : idn-004-d0229-96,WCS Camera Traps : 3090,1,asian golden cat,07-08-2013 21:04:32,4,train
https://storage.googleapis.com/public-datasets-lila/wcs-unzipped/animals/0456/1991.jpg,WCS Camera Traps : 6e65af14-92d5-11e9-bd39-000d3a74c7de,WCS Camera Traps : idn-004-d0244-6,WCS Camera Traps : 3101,1,asian golden cat,06-08-2013 06:34:16,4,train
https://storage.googleapis.com/public-datasets-lila/wcs-unzipped/animals/0457/0102.jpg,WCS Camera Traps : 6e6b06a0-92d5-11e9-aafb-000d3a74c7de,WCS Camera Traps : idn-004-d0245-4,WCS Camera Traps : 3101,1,asian golden cat,05-26-2013 12:43:40,4,train
https://storage.googleapis.com/public-datasets-lila/wcs-unzipped/animals/0457/0105.jpg,WCS Camera Traps : 6e6b2d9c-92d5-11e9-a6b5-000d3a74c7de,WCS Camera Traps : idn-004-d0245-5,WCS Camera Traps : 3101,1,asian golden cat,05-27-2013 23:30:11,4,train
https://storage.googleapis.com/public-datasets-lila/wcs-unzipped/animals/0457/0108.jpg,WCS Camera Traps : 6e6b54c0-92d5-11e9-81f0-000d3a74c7de,WCS Camera Traps : idn-004-d0245-6,WCS Camera Traps : 3101,1,asian golden cat,05-29-2013 12:06:28,4,train
https://storage.googleapis.com/public-datasets-lila/wcs-unzipped/animals/0457/0123.jpg,WCS Camera Traps : 6e6c17f8-92d5-11e9-a845-000d3a74c7de,WCS Camera Traps : idn-004-d0245-11,WCS Camera Traps : 3101,1,asian golden cat,06-05-2013 13:46:21,4,train
https://storage.googleapis.com/public-datasets-lila/wcs-unzipped/animals/0457/0126.jpg,WCS Camera Traps : 6e6c3eef-92d5-11e9-ad18-000d3a74c7de,WCS Camera Traps : idn-004-d0245-12,WCS Camera Traps : 3101,1,asian golden cat,06-08-2013 06:33:19,4,train
https://storage.googleapis.com/public-datasets-lila/wcs-unzipped/animals/0457/0129.jpg,WCS Camera Traps : 6e6c65f6-92d5-11e9-a51a-000d3a74c7de,WCS Camera Traps : idn-004-d0245-13,WCS Camera Traps : 3101,1,asian golden cat,06-08-2013 06:40:56,4,train
https://storage.googleapis.com/public-datasets-lila/wcs-unzipped/animals/0457/0132.jpg,WCS Camera Traps : 6e6c8d22-92d5-11e9-8b54-000d3a74c7de,WCS Camera Traps : idn-004-d0245-15,WCS Camera Traps : 3101,1,asian golden cat,06-08-2013 11:25:45,4,train
https://storage.googleapis.com/public-datasets-lila/wcs-unzipped/animals/0457/0133.jpg,WCS Camera Traps : 6e6c8d24-92d5-11e9-8809-000d3a74c7de,WCS Camera Traps : idn-004-d0245-15,WCS Camera Traps : 3101,2,asian golden cat,06-08-2013 11:25:50,4,train
https://storage.googleapis.com/public-datasets-lila/wcs-unzipped/animals/0458/0051.jpg,WCS Camera Traps : 6ec55b61-92d5-11e9-ba8b-000d3a74c7de,WCS Camera Traps : idn-004-d0256-14,WCS Camera Traps : 3110,1,asian golden cat,06-11-2013 14:38:42,4,train
https://storage.googleapis.com/public-datasets-lila/wcs-unzipped/animals/0458/0052.jpg,WCS Camera Traps : 6ec582a4-92d5-11e9-8341-000d3a74c7de,WCS Camera Traps : idn-004-d0256-14,WCS Camera Traps : 3110,2,asian golden cat,06-11-2013 14:38:48,4,train
https://storage.googleapis.com/public-datasets-lila/wcs-unzipped/animals/0458/0053.jpg,WCS Camera Traps : 6ec582a6-92d5-11e9-bb66-000d3a74c7de,WCS Camera Traps : idn-004-d0256-14,WCS Camera Traps : 3110,3,asian golden cat,06-11-2013 14:38:54,4,train
https://storage.googleapis.com/public-datasets-lila/wcs-unzipped/animals/0458/0210.jpg,WCS Camera Traps : 6ecc6022-92d5-11e9-b97a-000d3a74c7de,WCS Camera Traps : idn-004-d0257-24,WCS Camera Traps : 3110,1,asian golden cat,06-12-2013 04:07:30,4,train
https://storage.googleapis.com/public-datasets-lila/wcs-unzipped/animals/0458/0211.jpg,WCS Camera Traps : 6ecc8729-92d5-11e9-99d7-000d3a74c7de,WCS Camera Traps : idn-004-d0257-24,WCS Camera Traps : 3110,2,asian golden cat,06-12-2013 04:07:30,4,train
https://storage.googleapis.com/public-datasets-lila/wcs-unzipped/animals/0458/0212.jpg,WCS Camera Traps : 6ecc872b-92d5-11e9-8e85-000d3a74c7de,WCS Camera Traps : idn-004-d0257-24,WCS Camera Traps : 3110,3,asian golden cat,06-12-2013 04:07:30,4,train
https://storage.googleapis.com/public-datasets-lila/wcs-unzipped/animals/0458/0730.jpg,WCS Camera Traps : 6ee47c04-92d5-11e9-aeff-000d3a74c7de,WCS Camera Traps : idn-004-d0261-2,WCS Camera Traps : 3112,1,asian golden cat,06-13-2013 21:53:11,4,train
https://storage.googleapis.com/public-datasets-lila/wcs-unzipped/animals/0458/0856.jpg,WCS Camera Traps : 6ee9fa4d-92d5-11e9-9933-000d3a74c7de,WCS Camera Traps : idn-004-d0261-41,WCS Camera Traps : 3112,1,asian golden cat,07-05-2013 07:19:40,4,train
https://storage.googleapis.com/public-datasets-lila/wcs-unzipped/animals/0460/1919.jpg,WCS Camera Traps : 6fd4f6c0-92d5-11e9-900d-000d3a74c7de,WCS Camera Traps : idn-004-d0279-6,WCS Camera Traps : 3124,1,asian golden cat,06-20-2013 05:01:01,4,test
https://storage.googleapis.com/public-datasets-lila/wcs-unzipped/animals/0460/1967.jpg,WCS Camera Traps : 6fd71984-92d5-11e9-94d6-000d3a74c7de,WCS Camera Traps : idn-004-d0279-28,WCS Camera Traps : 3124,1,asian golden cat,07-17-2013 02:58:36,4,test
https://storage.googleapis.com/public-datasets-lila/wcs-unzipped/animals/0461/1883.jpg,WCS Camera Traps : 702fe845-92d5-11e9-88cf-000d3a74c7de,WCS Camera Traps : idn-004-d0285-48,WCS Camera Traps : 3129,1,asian golden cat,06-30-2013 09:33:32,4,train
https://storage.googleapis.com/public-datasets-lila/wcs-unzipped/animals/0461/1980.jpg,WCS Camera Traps : 703517f0-92d5-11e9-a7ce-000d3a74c7de,WCS Camera Traps : idn-004-d0286-30,WCS Camera Traps : 3129,1,asian golden cat,06-30-2013 09:33:21,4,train
https://storage.googleapis.com/public-datasets-lila/wcs-unzipped/animals/0465/0150.jpg,WCS Camera Traps : 715b7295-92d5-11e9-873b-000d3a74c7de,WCS Camera Traps : idn-004-d0320-56,WCS Camera Traps : 3160,1,asian golden cat,06-23-2013 17:09:05,4,train
https://storage.googleapis.com/public-datasets-lila/wcs-unzipped/animals/0465/0367.jpg,WCS Camera Traps : 71658341-92d5-11e9-90f5-000d3a74c7de,WCS Camera Traps : idn-004-d0321-17,WCS Camera Traps : 3160,1,asian golden cat,05-15-2013 18:01:52,4,train
https://storage.googleapis.com/public-datasets-lila/wcs-unzipped/animals/0465/0454.jpg,WCS Camera Traps : 7169541a-92d5-11e9-bddf-000d3a74c7de,WCS Camera Traps : idn-004-d0321-67,WCS Camera Traps : 3160,1,asian golden cat,06-23-2013 17:08:27,4,train
https://storage.googleapis.com/public-datasets-lila/wcs-unzipped/animals/0465/0830.jpg,WCS Camera Traps : 717a43d4-92d5-11e9-8cf1-000d3a74c7de,WCS Camera Traps : idn-004-d0322-102,WCS Camera Traps : 3161,1,asian golden cat,06-30-2013 15:57:25,4,train
https://storage.googleapis.com/public-datasets-lila/wcs-unzipped/animals/0465/0866.jpg,WCS Camera Traps : 717bcaab-92d5-11e9-b9de-000d3a74c7de,WCS Camera Traps : idn-004-d0322-121,WCS Camera Traps : 3161,1,asian golden cat,07-21-2013 03:07:27,4,train
https://storage.googleapis.com/public-datasets-lila/wcs-unzipped/animals/0465/1141.jpg,WCS Camera Traps : 7188c292-92d5-11e9-9bd6-000d3a74c7de,WCS Camera Traps : idn-004-d0323-90,WCS Camera Traps : 3161,1,asian golden cat,06-30-2013 15:55:20,4,train
https://storage.googleapis.com/public-datasets-lila/wcs-unzipped/animals/0465/1174.jpg,WCS Camera Traps : 718a4943-92d5-11e9-8a0c-000d3a74c7de,WCS Camera Traps : idn-004-d0323-104,WCS Camera Traps : 3161,1,asian golden cat,07-21-2013 03:06:09,4,train
https://storage.googleapis.com/public-datasets-lila/wcs-unzipped/animals/0476/0918.jpg,WCS Camera Traps : 7589613b-92d5-11e9-bd02-000d3a74c7de,WCS Camera Traps : lao-001-d0009-10,WCS Camera Traps : 3444,1,asian golden cat,04-01-2003 21:10:00,4,train
https://storage.googleapis.com/public-datasets-lila/wcs-unzipped/animals/0476/1003.jpg,WCS Camera Traps : 758d2fe8-92d5-11e9-9600-000d3a74c7de,WCS Camera Traps : lao-001-d0020-2,WCS Camera Traps : 3449,1,asian golden cat,03-22-2003 22:04:00,4,train
https://storage.googleapis.com/public-datasets-lila/wcs-unzipped/animals/0476/1020.jpg,WCS Camera Traps : 758e8f62-92d5-11e9-9c5b-000d3a74c7de,WCS Camera Traps : lao-001-d0022-2,WCS Camera Traps : 3451,1,asian golden cat,03-23-2003 12:50:00,4,train
https://storage.googleapis.com/public-datasets-lila/wcs-unzipped/animals/0476/1206.jpg,WCS Camera Traps : 75971ad2-92d5-11e9-b8d5-000d3a74c7de,WCS Camera Traps : lao-001-d0057-3,WCS Camera Traps : 3470,1,asian golden cat,11-08-2003 19:44:00,4,train
https://storage.googleapis.com/public-datasets-lila/wcs-unzipped/animals/0476/1218.jpg,WCS Camera Traps : 7597904a-92d5-11e9-844c-000d3a74c7de,WCS Camera Traps : lao-001-d0060-3,WCS Camera Traps : 3470,1,asian golden cat,11-08-2003 19:44:00,4,train
https://storage.googleapis.com/public-datasets-lila/wcs-unzipped/animals/0476/1233.jpg,WCS Camera Traps : 759853dc-92d5-11e9-87d6-000d3a74c7de,WCS Camera Traps : lao-001-d0062-5,WCS Camera Traps : 3472,1,asian golden cat,11-18-2003 12:00:00,4,val
https://storage.googleapis.com/public-datasets-lila/wcs-unzipped/animals/0476/1238.jpg,WCS Camera Traps : 75987a8e-92d5-11e9-a05f-000d3a74c7de,WCS Camera Traps : lao-001-d0063-4,WCS Camera Traps : 3472,1,asian golden cat,11-21-2003 07:56:00,4,val
https://storage.googleapis.com/public-datasets-lila/wcs-unzipped/animals/0476/1352.jpg,WCS Camera Traps : 759e46d8-92d5-11e9-aea6-000d3a74c7de,WCS Camera Traps : lao-001-d0081-1,WCS Camera Traps : 3481,1,asian golden cat,10-31-2003 00:01:00,4,train
https://storage.googleapis.com/public-datasets-lila/wcs-unzipped/animals/0476/1523.jpg,WCS Camera Traps : 75a5c13a-92d5-11e9-837b-000d3a74c7de,WCS Camera Traps : lao-001-d0160-6,WCS Camera Traps : 3522,1,asian golden cat,03-07-2004 05:03:00,4,test
https://storage.googleapis.com/public-datasets-lila/wcs-unzipped/animals/0476/1528.jpg,WCS Camera Traps : 75a5e86a-92d5-11e9-9cc4-000d3a74c7de,WCS Camera Traps : lao-001-d0161-2,WCS Camera Traps : 3522,1,asian golden cat,03-07-2004 05:02:00,4,test
https://storage.googleapis.com/public-datasets-lila/wcs-unzipped/animals/0476/1658.jpg,WCS Camera Traps : 75abb49c-92d5-11e9-bbff-000d3a74c7de,WCS Camera Traps : lao-001-d0184-2,WCS Camera Traps : 3534,1,asian golden cat,03-02-2004 14:51:00,4,train
https://storage.googleapis.com/public-datasets-lila/wcs-unzipped/animals/0476/1663.jpg,WCS Camera Traps : 75ac027a-92d5-11e9-aa7d-000d3a74c7de,WCS Camera Traps : lao-001-d0185-2,WCS Camera Traps : 3534,1,asian golden cat,02-27-2004 20:04:00,4,train
https://storage.googleapis.com/public-datasets-lila/wcs-unzipped/animals/0476/1664.jpg,WCS Camera Traps : 75ac027c-92d5-11e9-8574-000d3a74c7de,WCS Camera Traps : lao-001-d0185-3,WCS Camera Traps : 3534,1,asian golden cat,03-02-2004 14:52:00,4,train
https://storage.googleapis.com/public-datasets-lila/wcs-unzipped/animals/0476/1665.jpg,WCS Camera Traps : 75ac027e-92d5-11e9-a0fd-000d3a74c7de,WCS Camera Traps : lao-001-d0185-4,WCS Camera Traps : 3534,1,asian golden cat,03-04-2004 21:26:00,4,train
https://storage.googleapis.com/public-datasets-lila/wcs-unzipped/animals/0477/0079.jpg,WCS Camera Traps : 75c026e8-92d5-11e9-b639-000d3a74c7de,WCS Camera Traps : lao-001-d0256-2,WCS Camera Traps : 3568,1,asian golden cat,10-27-2004 00:49:00,4,train
https://storage.googleapis.com/public-datasets-lila/wcs-unzipped/animals/0477/0229.jpg,WCS Camera Traps : 75c6b63a-92d5-11e9-9b62-000d3a74c7de,WCS Camera Traps : lao-001-d0275-3,WCS Camera Traps : 3579,1,asian golden cat,11-09-2004 06:37:00,4,train
https://storage.googleapis.com/public-datasets-lila/wcs-unzipped/animals/0477/0249.jpg,WCS Camera Traps : 75c7a0bb-92d5-11e9-a78e-000d3a74c7de,WCS Camera Traps : lao-001-d0278-2,WCS Camera Traps : 3581,1,asian golden cat,11-12-2004 17:07:00,4,test
https://storage.googleapis.com/public-datasets-lila/wcs-unzipped/animals/0477/0376.jpg,WCS Camera Traps : 75ce0944-92d5-11e9-9283-000d3a74c7de,WCS Camera Traps : lao-001-d0295-2,WCS Camera Traps : 3591,1,asian golden cat,11-17-2004 00:18:00,4,train
https://storage.googleapis.com/public-datasets-lila/wcs-unzipped/animals/0477/0380.jpg,WCS Camera Traps : 75ce57c0-92d5-11e9-9c7a-000d3a74c7de,WCS Camera Traps : lao-001-d0296-3,WCS Camera Traps : 3591,1,asian golden cat,11-17-2004 00:18:00,4,train
https://storage.googleapis.com/public-datasets-lila/wcs-unzipped/animals/0477/0972.jpg,WCS Camera Traps : 75e90d28-92d5-11e9-873d-000d3a74c7de,WCS Camera Traps : lao-004-d0013-18,WCS Camera Traps : 3765,1,asian golden cat,04-14-2011 12:40:00,4,train
https://storage.googleapis.com/public-datasets-lila/wcs-unzipped/animals/0477/0973.jpg,WCS Camera Traps : 75e90d2a-92d5-11e9-bcfb-000d3a74c7de,WCS Camera Traps : lao-004-d0013-18,WCS Camera Traps : 3765,2,asian golden cat,04-14-2011 12:40:00,4,train
https://storage.googleapis.com/public-datasets-lila/wcs-unzipped/animals/0477/0974.jpg,WCS Camera Traps : 75e90d2c-92d5-11e9-8d6e-000d3a74c7de,WCS Camera Traps : lao-004-d0013-18,WCS Camera Traps : 3765,3,asian golden cat,04-14-2011 12:40:00,4,train
https://storage.googleapis.com/public-datasets-lila/wcs-unzipped/animals/0477/1074.jpg,WCS Camera Traps : 75edef0e-92d5-11e9-be43-000d3a74c7de,WCS Camera Traps : lao-004-d0014-17,WCS Camera Traps : 3765,1,asian golden cat,04-11-2011 17:07:00,4,train
https://storage.googleapis.com/public-datasets-lila/wcs-unzipped/animals/0477/1075.jpg,WCS Camera Traps : 75edef10-92d5-11e9-b643-000d3a74c7de,WCS Camera Traps : lao-004-d0014-17,WCS Camera Traps : 3765,2,asian golden cat,04-11-2011 17:07:00,4,train
https://storage.googleapis.com/public-datasets-lila/wcs-unzipped/animals/0477/1076.jpg,WCS Camera Traps : 75edef12-92d5-11e9-a35d-000d3a74c7de,WCS Camera Traps : lao-004-d0014-17,WCS Camera Traps : 3765,3,asian golden cat,04-11-2011 17:08:00,4,train
https://storage.googleapis.com/public-datasets-lila/wcs-unzipped/animals/0477/1088.jpg,WCS Camera Traps : 75ee8b28-92d5-11e9-879e-000d3a74c7de,WCS Camera Traps : lao-004-d0014-24,WCS Camera Traps : 3765,1,asian golden cat,04-14-2011 12:35:00,4,train
https://storage.googleapis.com/public-datasets-lila/wcs-unzipped/animals/0477/1089.jpg,WCS Camera Traps : 75ee8b2a-92d5-11e9-a2b9-000d3a74c7de,WCS Camera Traps : lao-004-d0014-24,WCS Camera Traps : 3765,2,asian golden cat,04-14-2011 12:35:00,4,train
https://storage.googleapis.com/public-datasets-lila/wcs-unzipped/animals/0477/1090.jpg,WCS Camera Traps : 75ee8b2c-92d5-11e9-b9ae-000d3a74c7de,WCS Camera Traps : lao-004-d0014-24,WCS Camera Traps : 3765,3,asian golden cat,04-14-2011 12:35:00,4,train
https://storage.googleapis.com/public-datasets-lila/wcs-unzipped/animals/0477/1164.jpg,WCS Camera Traps : 75f1e6c2-92d5-11e9-a9fc-000d3a74c7de,WCS Camera Traps : lao-004-d0019-5,WCS Camera Traps : 3766,1,asian golden cat,03-20-2011 13:31:00,4,train
https://storage.googleapis.com/public-datasets-lila/wcs-unzipped/animals/0477/1165.jpg,WCS Camera Traps : 75f1e6c4-92d5-11e9-9a8c-000d3a74c7de,WCS Camera Traps : lao-004-d0019-5,WCS Camera Traps : 3766,2,asian golden cat,03-20-2011 13:31:00,4,train
https://storage.googleapis.com/public-datasets-lila/wcs-unzipped/animals/0477/1166.jpg,WCS Camera Traps : 75f1e6c6-92d5-11e9-802a-000d3a74c7de,WCS Camera Traps : lao-004-d0019-5,WCS Camera Traps : 3766,3,asian golden cat,03-20-2011 13:31:00,4,train
https://storage.googleapis.com/public-datasets-lila/wcs-unzipped/animals/0477/1264.jpg,WCS Camera Traps : 75f62c44-92d5-11e9-9579-000d3a74c7de,WCS Camera Traps : lao-004-d0015-9,WCS Camera Traps : 3767,1,asian golden cat,03-16-2011 06:50:00,4,train
https://storage.googleapis.com/public-datasets-lila/wcs-unzipped/animals/0477/1916.jpg,WCS Camera Traps : 7613c4ce-92d5-11e9-91ec-000d3a74c7de,WCS Camera Traps : lao-004-d0038-2,WCS Camera Traps : 3775,1,asian golden cat,04-10-2011 06:40:00,4,train
https://storage.googleapis.com/public-datasets-lila/wcs-unzipped/animals/0477/1917.jpg,WCS Camera Traps : 7613c4d0-92d5-11e9-8b34-000d3a74c7de,WCS Camera Traps : lao-004-d0038-2,WCS Camera Traps : 3775,2,asian golden cat,04-10-2011 06:40:00,4,train
https://storage.googleapis.com/public-datasets-lila/wcs-unzipped/animals/0477/1918.jpg,WCS Camera Traps : 7613ec22-92d5-11e9-a11b-000d3a74c7de,WCS Camera Traps : lao-004-d0038-2,WCS Camera Traps : 3775,3,asian golden cat,04-10-2011 06:40:00,4,train
https://storage.googleapis.com/public-datasets-lila/wcs-unzipped/animals/0477/1965.jpg,WCS Camera Traps : 7615e80f-92d5-11e9-af18-000d3a74c7de,WCS Camera Traps : lao-004-d0039-2,WCS Camera Traps : 3775,1,asian golden cat,04-10-2011 06:41:00,4,train
https://storage.googleapis.com/public-datasets-lila/wcs-unzipped/animals/0477/1966.jpg,WCS Camera Traps : 76160f06-92d5-11e9-b2a9-000d3a74c7de,WCS Camera Traps : lao-004-d0039-2,WCS Camera Traps : 3775,2,asian golden cat,04-10-2011 06:41:00,4,train
https://storage.googleapis.com/public-datasets-lila/wcs-unzipped/animals/0477/1967.jpg,WCS Camera Traps : 76160f08-92d5-11e9-8330-000d3a74c7de,WCS Camera Traps : lao-004-d0039-2,WCS Camera Traps : 3775,3,asian golden cat,04-10-2011 06:41:00,4,train
https://storage.googleapis.com/public-datasets-lila/wcs-unzipped/animals/0478/0277.jpg,WCS Camera Traps : 762529e4-92d5-11e9-9a57-000d3a74c7de,WCS Camera Traps : lao-004-d0032-20,WCS Camera Traps : 3777,1,asian golden cat,05-01-2011 05:41:00,4,val
https://storage.googleapis.com/public-datasets-lila/wcs-unzipped/animals/0478/0289.jpg,WCS Camera Traps : 76259f2b-92d5-11e9-b277-000d3a74c7de,WCS Camera Traps : lao-004-d0032-24,WCS Camera Traps : 3777,1,asian golden cat,05-06-2011 23:35:00,4,val
https://storage.googleapis.com/public-datasets-lila/wcs-unzipped/animals/0478/0334.jpg,WCS Camera Traps : 76279b6e-92d5-11e9-807a-000d3a74c7de,WCS Camera Traps : lao-004-d0033-16,WCS Camera Traps : 3777,1,asian golden cat,05-01-2011 05:43:00,4,val
https://storage.googleapis.com/public-datasets-lila/wcs-unzipped/animals/0478/0829.jpg,WCS Camera Traps : 763f68d1-92d5-11e9-8f96-000d3a74c7de,WCS Camera Traps : lao-004-d0004-8,WCS Camera Traps : 3783,1,asian golden cat,02-07-2011 07:35:00,4,val
https://storage.googleapis.com/public-datasets-lila/wcs-unzipped/animals/0478/0830.jpg,WCS Camera Traps : 763f8fe4-92d5-11e9-b1d9-000d3a74c7de,WCS Camera Traps : lao-004-d0004-8,WCS Camera Traps : 3783,2,asian golden cat,02-07-2011 07:35:00,4,val
https://storage.googleapis.com/public-datasets-lila/wcs-unzipped/animals/0478/0831.jpg,WCS Camera Traps : 763f8fe6-92d5-11e9-8981-000d3a74c7de,WCS Camera Traps : lao-004-d0004-8,WCS Camera Traps : 3783,3,asian golden cat,02-07-2011 07:35:00,4,val
https://storage.googleapis.com/public-datasets-lila/wcs-unzipped/animals/0478/0853.jpg,WCS Camera Traps : 7640a134-92d5-11e9-ad4e-000d3a74c7de,WCS Camera Traps : lao-004-d0004-21,WCS Camera Traps : 3783,1,asian golden cat,03-27-2011 13:55:00,4,val
https://storage.googleapis.com/public-datasets-lila/wcs-unzipped/animals/0478/0854.jpg,WCS Camera Traps : 7640a136-92d5-11e9-ae59-000d3a74c7de,WCS Camera Traps : lao-004-d0004-21,WCS Camera Traps : 3783,2,asian golden cat,03-27-2011 13:55:00,4,val
https://storage.googleapis.com/public-datasets-lila/wcs-unzipped/animals/0478/0855.jpg,WCS Camera Traps : 7640a138-92d5-11e9-af7d-000d3a74c7de,WCS Camera Traps : lao-004-d0004-21,WCS Camera Traps : 3783,3,asian golden cat,03-27-2011 13:55:00,4,val
https://storage.googleapis.com/public-datasets-lila/wcs-unzipped/animals/0478/0874.jpg,WCS Camera Traps : 76418bb6-92d5-11e9-a97a-000d3a74c7de,WCS Camera Traps : lao-004-d0003-8,WCS Camera Traps : 3783,1,asian golden cat,02-07-2011 07:35:00,4,val
https://storage.googleapis.com/public-datasets-lila/wcs-unzipped/animals/0478/0875.jpg,WCS Camera Traps : 76418bb8-92d5-11e9-bdd2-000d3a74c7de,WCS Camera Traps : lao-004-d0003-8,WCS Camera Traps : 3783,2,asian golden cat,02-07-2011 07:35:00,4,val
https://storage.googleapis.com/public-datasets-lila/wcs-unzipped/animals/0478/0876.jpg,WCS Camera Traps : 76418bba-92d5-11e9-a8e9-000d3a74c7de,WCS Camera Traps : lao-004-d0003-8,WCS Camera Traps : 3783,3,asian golden cat,02-07-2011 07:35:00,4,val
https://storage.googleapis.com/public-datasets-lila/wcs-unzipped/animals/0478/0890.jpg,WCS Camera Traps : 76424f28-92d5-11e9-b5fa-000d3a74c7de,WCS Camera Traps : lao-004-d0003-16,WCS Camera Traps : 3783,1,asian golden cat,03-27-2011 13:54:00,4,val
https://storage.googleapis.com/public-datasets-lila/wcs-unzipped/animals/0478/0891.jpg,WCS Camera Traps : 76427618-92d5-11e9-871a-000d3a74c7de,WCS Camera Traps : lao-004-d0003-16,WCS Camera Traps : 3783,2,asian golden cat,03-27-2011 13:54:00,4,val
https://storage.googleapis.com/public-datasets-lila/wcs-unzipped/animals/0478/0892.jpg,WCS Camera Traps : 7642761a-92d5-11e9-a495-000d3a74c7de,WCS Camera Traps : lao-004-d0003-16,WCS Camera Traps : 3783,3,asian golden cat,03-27-2011 13:54:00,4,val
https://storage.googleapis.com/public-datasets-lila/wcs-unzipped/animals/0478/1482.jpg,WCS Camera Traps : 765e3ba6-92d5-11e9-b2a2-000d3a74c7de,WCS Camera Traps : lao-005-d0046-12,WCS Camera Traps : 3792,1,asian golden cat,05-07-2012 18:35:00,4,val
https://storage.googleapis.com/public-datasets-lila/wcs-unzipped/animals/0478/1647.jpg,WCS Camera Traps : 76658ec4-92d5-11e9-862c-000d3a74c7de,WCS Camera Traps : lao-005-d0084-14,WCS Camera Traps : 3796,1,asian golden cat,05-18-2012 01:11:00,4,test
https://storage.googleapis.com/public-datasets-lila/wcs-unzipped/animals/0478/1699.jpg,WCS Camera Traps : 76687485-92d5-11e9-bccd-000d3a74c7de,WCS Camera Traps : lao-005-d0085-37,WCS Camera Traps : 3796,1,asian golden cat,05-18-2012 01:56:00,4,test
https://storage.googleapis.com/public-datasets-lila/wcs-unzipped/animals/0478/1798.jpg,WCS Camera Traps : 766ce187-92d5-11e9-8a0d-000d3a74c7de,WCS Camera Traps : lao-005-d0080-2,WCS Camera Traps : 3798,1,asian golden cat,04-11-2012 19:42:00,4,train
https://storage.googleapis.com/public-datasets-lila/wcs-unzipped/animals/0478/1858.jpg,WCS Camera Traps : 766fa069-92d5-11e9-bde4-000d3a74c7de,WCS Camera Traps : lao-005-d0066-27,WCS Camera Traps : 3799,1,asian golden cat,05-30-2012 08:52:00,4,train
https://storage.googleapis.com/public-datasets-lila/wcs-unzipped/animals/0478/1859.jpg,WCS Camera Traps : 766fa06b-92d5-11e9-94dc-000d3a74c7de,WCS Camera Traps : lao-005-d0066-27,WCS Camera Traps : 3799,2,asian golden cat,05-30-2012 08:52:00,4,train
https://storage.googleapis.com/public-datasets-lila/wcs-unzipped/animals/0478/1860.jpg,WCS Camera Traps : 766fa06d-92d5-11e9-a990-000d3a74c7de,WCS Camera Traps : lao-005-d0066-27,WCS Camera Traps : 3799,3,asian golden cat,05-30-2012 08:52:00,4,train
https://storage.googleapis.com/public-datasets-lila/wcs-unzipped/animals/0478/1913.jpg,WCS Camera Traps : 7672131a-92d5-11e9-926b-000d3a74c7de,WCS Camera Traps : lao-005-d0068-15,WCS Camera Traps : 3799,1,asian golden cat,05-30-2012 09:24:00,4,train
https://storage.googleapis.com/public-datasets-lila/wcs-unzipped/animals/0478/1914.jpg,WCS Camera Traps : 7672131c-92d5-11e9-bb64-000d3a74c7de,WCS Camera Traps : lao-005-d0068-15,WCS Camera Traps : 3799,2,asian golden cat,05-30-2012 09:25:00,4,train
https://storage.googleapis.com/public-datasets-lila/wcs-unzipped/animals/0478/1915.jpg,WCS Camera Traps : 7672131e-92d5-11e9-8daa-000d3a74c7de,WCS Camera Traps : lao-005-d0068-15,WCS Camera Traps : 3799,3,asian golden cat,05-30-2012 09:25:00,4,train
https://storage.googleapis.com/public-datasets-lila/wcs-unzipped/animals/0478/1996.jpg,WCS Camera Traps : 7675bcb1-92d5-11e9-b5ed-000d3a74c7de,WCS Camera Traps : lao-005-d0064-24,WCS Camera Traps : 3801,1,asian golden cat,04-19-2012 22:58:00,4,train
https://storage.googleapis.com/public-datasets-lila/wcs-unzipped/animals/0479/0243.jpg,WCS Camera Traps : 76817c2b-92d5-11e9-8879-000d3a74c7de,WCS Camera Traps : lao-005-d0053-16,WCS Camera Traps : 3803,1,asian golden cat,05-30-2012 05:15:00,4,train
https://storage.googleapis.com/public-datasets-lila/wcs-unzipped/animals/0479/0252.jpg,WCS Camera Traps : 7681f154-92d5-11e9-bea2-000d3a74c7de,WCS Camera Traps : lao-005-d0057-2,WCS Camera Traps : 3805,1,asian golden cat,04-09-2012 17:54:00,4,train
https://storage.googleapis.com/public-datasets-lila/wcs-unzipped/animals/0479/0253.jpg,WCS Camera Traps : 7681f156-92d5-11e9-9df0-000d3a74c7de,WCS Camera Traps : lao-005-d0057-2,WCS Camera Traps : 3805,2,asian golden cat,04-09-2012 17:54:00,4,train
https://storage.googleapis.com/public-datasets-lila/wcs-unzipped/animals/0479/0259.jpg,WCS Camera Traps : 76823f70-92d5-11e9-abb6-000d3a74c7de,WCS Camera Traps : lao-005-d0058-4,WCS Camera Traps : 3805,1,asian golden cat,04-09-2012 05:10:00,4,train
https://storage.googleapis.com/public-datasets-lila/wcs-unzipped/animals/0479/0314.jpg,WCS Camera Traps : 7684b074-92d5-11e9-a662-000d3a74c7de,WCS Camera Traps : lao-005-d0088-2,WCS Camera Traps : 3806,1,asian golden cat,04-12-2012 23:19:00,4,train
https://storage.googleapis.com/public-datasets-lila/wcs-unzipped/animals/0479/0336.jpg,WCS Camera Traps : 76861012-92d5-11e9-831e-000d3a74c7de,WCS Camera Traps : lao-005-d0089-2,WCS Camera Traps : 3806,1,asian golden cat,04-12-2012 13:44:00,4,train
https://storage.googleapis.com/public-datasets-lila/wcs-unzipped/animals/0479/0427.jpg,WCS Camera Traps : 768a2ec5-92d5-11e9-bc7a-000d3a74c7de,WCS Camera Traps : lao-005-d0077-50,WCS Camera Traps : 3808,1,asian golden cat,05-24-2012 05:16:00,4,val
https://storage.googleapis.com/public-datasets-lila/wcs-unzipped/animals/0479/0428.jpg,WCS Camera Traps : 768a55ca-92d5-11e9-9bcf-000d3a74c7de,WCS Camera Traps : lao-005-d0077-51,WCS Camera Traps : 3808,1,asian golden cat,05-24-2012 17:17:00,4,val
https://storage.googleapis.com/public-datasets-lila/wcs-unzipped/animals/0479/0429.jpg,WCS Camera Traps : 768a55cc-92d5-11e9-9ed5-000d3a74c7de,WCS Camera Traps : lao-005-d0077-51,WCS Camera Traps : 3808,2,asian golden cat,05-24-2012 17:17:00,4,val
https://storage.googleapis.com/public-datasets-lila/wcs-unzipped/animals/0479/0430.jpg,WCS Camera Traps : 768a55ce-92d5-11e9-9e41-000d3a74c7de,WCS Camera Traps : lao-005-d0077-51,WCS Camera Traps : 3808,3,asian golden cat,05-24-2012 17:17:00,4,val
https://storage.googleapis.com/public-datasets-lila/wcs-unzipped/animals/0479/0838.jpg,WCS Camera Traps : 769cccda-92d5-11e9-a9e1-000d3a74c7de,WCS Camera Traps : lao-005-d0032-9,WCS Camera Traps : 3821,1,asian golden cat,03-17-2012 23:11:00,4,test
https://storage.googleapis.com/public-datasets-lila/wcs-unzipped/animals/0479/0865.jpg,WCS Camera Traps : 769e0374-92d5-11e9-8f41-000d3a74c7de,WCS Camera Traps : lao-005-d0071-22,WCS Camera Traps : 3822,1,asian golden cat,04-28-2012 13:09:00,4,train
https://storage.googleapis.com/public-datasets-lila/wcs-unzipped/animals/0479/0866.jpg,WCS Camera Traps : 769e0376-92d5-11e9-9e54-000d3a74c7de,WCS Camera Traps : lao-005-d0071-22,WCS Camera Traps : 3822,2,asian golden cat,04-28-2012 13:09:00,4,train
https://storage.googleapis.com/public-datasets-lila/wcs-unzipped/animals/0479/1109.jpg,WCS Camera Traps : 76a94dea-92d5-11e9-826d-000d3a74c7de,WCS Camera Traps : lao-005-d0158-3,WCS Camera Traps : 3831,1,asian golden cat,04-04-2012 14:50:00,4,train
https://storage.googleapis.com/public-datasets-lila/wcs-unzipped/animals/0479/1134.jpg,WCS Camera Traps : 76aa5fa8-92d5-11e9-9759-000d3a74c7de,WCS Camera Traps : lao-005-d0159-5,WCS Camera Traps : 3831,1,asian golden cat,04-04-2012 14:49:00,4,train
https://storage.googleapis.com/public-datasets-lila/wcs-unzipped/animals/0479/1135.jpg,WCS Camera Traps : 76aa5faa-92d5-11e9-8a7f-000d3a74c7de,WCS Camera Traps : lao-005-d0159-5,WCS Camera Traps : 3831,2,asian golden cat,04-04-2012 14:49:00,4,train
https://storage.googleapis.com/public-datasets-lila/wcs-unzipped/animals/0479/1136.jpg,WCS Camera Traps : 76aa5fac-92d5-11e9-8f71-000d3a74c7de,WCS Camera Traps : lao-005-d0159-5,WCS Camera Traps : 3831,3,asian golden cat,04-04-2012 14:49:00,4,train
https://storage.googleapis.com/public-datasets-lila/wcs-unzipped/animals/0479/1322.jpg,WCS Camera Traps : 76b33917-92d5-11e9-8ba2-000d3a74c7de,WCS Camera Traps : lao-005-d0166-9,WCS Camera Traps : 3839,1,asian golden cat,05-25-2012 07:42:00,4,train
https://storage.googleapis.com/public-datasets-lila/wcs-unzipped/animals/0479/1323.jpg,WCS Camera Traps : 76b36022-92d5-11e9-8323-000d3a74c7de,WCS Camera Traps : lao-005-d0166-9,WCS Camera Traps : 3839,2,asian golden cat,05-25-2012 07:42:00,4,train
https://storage.googleapis.com/public-datasets-lila/wcs-unzipped/animals/0479/1375.jpg,WCS Camera Traps : 76b6466e-92d5-11e9-90f9-000d3a74c7de,WCS Camera Traps : lao-005-d0135-6,WCS Camera Traps : 3842,1,asian golden cat,02-13-2012 08:47:00,4,train
https://storage.googleapis.com/public-datasets-lila/wcs-unzipped/animals/0479/1393.jpg,WCS Camera Traps : 76b709b2-92d5-11e9-8567-000d3a74c7de,WCS Camera Traps : lao-005-d0136-5,WCS Camera Traps : 3842,1,asian golden cat,03-02-2012 09:04:00,4,train
https://storage.googleapis.com/public-datasets-lila/wcs-unzipped/animals/0479/1394.jpg,WCS Camera Traps : 76b709b4-92d5-11e9-9b99-000d3a74c7de,WCS Camera Traps : lao-005-d0136-5,WCS Camera Traps : 3842,2,asian golden cat,03-02-2012 09:04:00,4,train
https://storage.googleapis.com/public-datasets-lila/wcs-unzipped/animals/0479/1395.jpg,WCS Camera Traps : 76b709b6-92d5-11e9-9b51-000d3a74c7de,WCS Camera Traps : lao-005-d0136-5,WCS Camera Traps : 3842,3,asian golden cat,03-02-2012 09:04:00,4,train
https://storage.googleapis.com/public-datasets-lila/wcs-unzipped/animals/0479/1428.jpg,WCS Camera Traps : 76b8dea8-92d5-11e9-b0fc-000d3a74c7de,WCS Camera Traps : lao-005-d0147-16,WCS Camera Traps : 3844,1,asian golden cat,05-24-2012 10:45:00,4,train
https://storage.googleapis.com/public-datasets-lila/wcs-unzipped/animals/0479/1429.jpg,WCS Camera Traps : 76b9059b-92d5-11e9-9c35-000d3a74c7de,WCS Camera Traps : lao-005-d0147-16,WCS Camera Traps : 3844,2,asian golden cat,05-24-2012 10:45:00,4,train
https://storage.googleapis.com/public-datasets-lila/wcs-unzipped/animals/0479/1430.jpg,WCS Camera Traps : 76b9059d-92d5-11e9-a547-000d3a74c7de,WCS Camera Traps : lao-005-d0147-16,WCS Camera Traps : 3844,3,asian golden cat,05-24-2012 10:45:00,4,train
https://storage.googleapis.com/public-datasets-lila/wcs-unzipped/animals/0479/1479.jpg,WCS Camera Traps : 76bb4fca-92d5-11e9-b20d-000d3a74c7de,WCS Camera Traps : lao-005-d0157-15,WCS Camera Traps : 3846,1,asian golden cat,05-15-2012 15:56:00,4,train
https://storage.googleapis.com/public-datasets-lila/wcs-unzipped/animals/0479/1480.jpg,WCS Camera Traps : 76bb4fcc-92d5-11e9-a3a7-000d3a74c7de,WCS Camera Traps : lao-005-d0157-15,WCS Camera Traps : 3846,2,asian golden cat,05-15-2012 15:56:00,4,train
https://storage.googleapis.com/public-datasets-lila/wcs-unzipped/animals/0479/1481.jpg,WCS Camera Traps : 76bb76a4-92d5-11e9-95d3-000d3a74c7de,WCS Camera Traps : lao-005-d0157-15,WCS Camera Traps : 3846,3,asian golden cat,05-15-2012 15:56:00,4,train
https://storage.googleapis.com/public-datasets-lila/wcs-unzipped/animals/0479/1621.jpg,WCS Camera Traps : 76c1df6c-92d5-11e9-882c-000d3a74c7de,WCS Camera Traps : lao-005-d0146-2,WCS Camera Traps : 3852,1,asian golden cat,05-04-2012 22:12:00,4,train
https://storage.googleapis.com/public-datasets-lila/wcs-unzipped/animals/0479/1742.jpg,WCS Camera Traps : 76c7d28b-92d5-11e9-9e38-000d3a74c7de,WCS Camera Traps : lao-005-d0184-4,WCS Camera Traps : 3858,1,asian golden cat,04-13-2012 01:35:00,4,train
https://storage.googleapis.com/public-datasets-lila/wcs-unzipped/animals/0479/1744.jpg,WCS Camera Traps : 76c7d28f-92d5-11e9-9bb1-000d3a74c7de,WCS Camera Traps : lao-005-d0184-6,WCS Camera Traps : 3858,1,asian golden cat,05-01-2012 11:25:00,4,train
https://storage.googleapis.com/public-datasets-lila/wcs-unzipped/animals/0479/1752.jpg,WCS Camera Traps : 76c847f4-92d5-11e9-ad53-000d3a74c7de,WCS Camera Traps : lao-005-d0185-4,WCS Camera Traps : 3858,1,asian golden cat,05-01-2012 10:52:00,4,train
https://storage.googleapis.com/public-datasets-lila/wcs-unzipped/animals/0479/1753.jpg,WCS Camera Traps : 76c847f6-92d5-11e9-8633-000d3a74c7de,WCS Camera Traps : lao-005-d0185-4,WCS Camera Traps : 3858,2,asian golden cat,05-01-2012 10:52:00,4,train
https://storage.googleapis.com/public-datasets-lila/wcs-unzipped/animals/0479/1877.jpg,WCS Camera Traps : 76cd9f2a-92d5-11e9-8567-000d3a74c7de,WCS Camera Traps : lao-005-d0205-2,WCS Camera Traps : 3865,1,asian golden cat,03-20-2012 06:07:00,4,train
https://storage.googleapis.com/public-datasets-lila/wcs-unzipped/animals/0479/1956.jpg,WCS Camera Traps : 76d12182-92d5-11e9-a864-000d3a74c7de,WCS Camera Traps : lao-005-d0205-16,WCS Camera Traps : 3865,1,asian golden cat,04-05-2012 22:49:00,4,train
https://storage.googleapis.com/public-datasets-lila/wcs-unzipped/animals/0479/1969.jpg,WCS Camera Traps : 76d1bdb6-92d5-11e9-ad2e-000d3a74c7de,WCS Camera Traps : lao-005-d0205-24,WCS Camera Traps : 3865,1,asian golden cat,04-21-2012 16:01:00,4,train
https://storage.googleapis.com/public-datasets-lila/wcs-unzipped/animals/0479/1970.jpg,WCS Camera Traps : 76d1bdb8-92d5-11e9-972f-000d3a74c7de,WCS Camera Traps : lao-005-d0205-24,WCS Camera Traps : 3865,2,asian golden cat,04-21-2012 16:01:00,4,train
https://storage.googleapis.com/public-datasets-lila/wcs-unzipped/animals/0479/1978.jpg,WCS Camera Traps : 76d20c22-92d5-11e9-ab18-000d3a74c7de,WCS Camera Traps : lao-005-d0206-1,WCS Camera Traps : 3865,1,asian golden cat,03-20-2012 06:06:00,4,train
https://storage.googleapis.com/public-datasets-lila/wcs-unzipped/animals/0479/1992.jpg,WCS Camera Traps : 76d2a80c-92d5-11e9-9a96-000d3a74c7de,WCS Camera Traps : lao-005-d0206-9,WCS Camera Traps : 3865,1,asian golden cat,04-05-2012 22:47:00,4,train
https://storage.googleapis.com/public-datasets-lila/wcs-unzipped/animals/0479/1997.jpg,WCS Camera Traps : 76d2f60b-92d5-11e9-a13f-000d3a74c7de,WCS Camera Traps : lao-005-d0206-13,WCS Camera Traps : 3865,1,asian golden cat,04-21-2012 15:58:00,4,train
https://storage.googleapis.com/public-datasets-lila/wcs-unzipped/animals/0479/1998.jpg,WCS Camera Traps : 76d2f60d-92d5-11e9-9dfe-000d3a74c7de,WCS Camera Traps : lao-005-d0206-13,WCS Camera Traps : 3865,2,asian golden cat,04-21-2012 15:58:00,4,train
https://storage.googleapis.com/public-datasets-lila/wcs-unzipped/animals/0479/1999.jpg,WCS Camera Traps : 76d31d36-92d5-11e9-af34-000d3a74c7de,WCS Camera Traps : lao-005-d0206-13,WCS Camera Traps : 3865,3,asian golden cat,04-21-2012 15:58:00,4,train
https://storage.googleapis.com/public-datasets-lila/wcs-unzipped/animals/0525/0958.jpg,WCS Camera Traps : 87837286-92d5-11e9-9421-000d3a74c7de,WCS Camera Traps : lao-002-d0050-3,WCS Camera Traps : 3962,1,asian golden cat,02-21-2008 16:14:00,4,test
https://storage.googleapis.com/public-datasets-lila/wcs-unzipped/animals/0525/1053.jpg,WCS Camera Traps : 8787914e-92d5-11e9-8a1a-000d3a74c7de,WCS Camera Traps : lao-002-d0058-2,WCS Camera Traps : 3970,1,asian golden cat,02-24-2008 12:29:00,4,val
https://storage.googleapis.com/public-datasets-lila/wcs-unzipped/animals/0525/1803.jpg,WCS Camera Traps : 87aa8256-92d5-11e9-a142-000d3a74c7de,WCS Camera Traps : lao-003-d0041-2,WCS Camera Traps : 4141,1,asian golden cat,03-18-2006 18:09:00,4,val
https://storage.googleapis.com/public-datasets-lila/swg-camera-traps/public/lao/loc_0621/2019/11/image_00005.jpg,SWG Camera Traps : d53b6b1c-8c29-11eb-9fd9-000d3a74c7de,SWG Camera Traps : 066f9924-8c2a-11eb-b0eb-000d3a74c7de,SWG Camera Traps : loc_0621,0,asian golden cat,11-10-2019 10:15:22,4,train
https://storage.googleapis.com/public-datasets-lila/swg-camera-traps/public/lao/loc_0621/2019/11/image_00006.jpg,SWG Camera Traps : d53b6b1d-8c29-11eb-a8ef-000d3a74c7de,SWG Camera Traps : 066f9924-8c2a-11eb-b0eb-000d3a74c7de,SWG Camera Traps : loc_0621,1,asian golden cat,11-10-2019 10:15:24,4,train
https://storage.googleapis.com/public-datasets-lila/swg-camera-traps/public/lao/loc_0621/2019/11/image_00007.jpg,SWG Camera Traps : d53b6b1e-8c29-11eb-8526-000d3a74c7de,SWG Camera Traps : 066f9924-8c2a-11eb-b0eb-000d3a74c7de,SWG Camera Traps : loc_0621,2,asian golden cat,11-10-2019 10:15:24,4,train
https://storage.googleapis.com/public-datasets-lila/swg-camera-traps/public/lao/loc_0621/2019/11/image_00008.jpg,SWG Camera Traps : d53b6b1f-8c29-11eb-85bb-000d3a74c7de,SWG Camera Traps : 066f9925-8c2a-11eb-b62a-000d3a74c7de,SWG Camera Traps : loc_0621,0,asian golden cat,11-10-2019 10:18:14,4,train
https://storage.googleapis.com/public-datasets-lila/swg-camera-traps/public/lao/loc_0621/2019/11/image_00009.jpg,SWG Camera Traps : d53b6b20-8c29-11eb-ba92-000d3a74c7de,SWG Camera Traps : 066f9925-8c2a-11eb-b62a-000d3a74c7de,SWG Camera Traps : loc_0621,1,asian golden cat,11-10-2019 10:18:15,4,train
https://storage.googleapis.com/public-datasets-lila/swg-camera-traps/public/lao/loc_0621/2019/11/image_00010.jpg,SWG Camera Traps : d53b6b21-8c29-11eb-8402-000d3a74c7de,SWG Camera Traps : 066f9925-8c2a-11eb-b62a-000d3a74c7de,SWG Camera Traps : loc_0621,2,asian golden cat,11-10-2019 10:18:16,4,train
https://storage.googleapis.com/public-datasets-lila/swg-camera-traps/public/lao/loc_0621/2019/11/image_00011.jpg,SWG Camera Traps : d53b6b22-8c29-11eb-9559-000d3a74c7de,SWG Camera Traps : 066f9926-8c2a-11eb-9694-000d3a74c7de,SWG Camera Traps : loc_0621,0,asian golden cat,11-10-2019 10:19:05,4,train
https://storage.googleapis.com/public-datasets-lila/swg-camera-traps/public/lao/loc_0621/2019/11/image_00012.jpg,SWG Camera Traps : d53b6b23-8c29-11eb-9a5f-000d3a74c7de,SWG Camera Traps : 066f9926-8c2a-11eb-9694-000d3a74c7de,SWG Camera Traps : loc_0621,1,asian golden cat,11-10-2019 10:19:06,4,train
https://storage.googleapis.com/public-datasets-lila/swg-camera-traps/public/lao/loc_0621/2019/11/image_00013.jpg,SWG Camera Traps : d53b6b24-8c29-11eb-821f-000d3a74c7de,SWG Camera Traps : 066f9926-8c2a-11eb-9694-000d3a74c7de,SWG Camera Traps : loc_0621,2,asian golden cat,11-10-2019 10:19:07,4,train
https://storage.googleapis.com/public-datasets-lila/swg-camera-traps/public/lao/loc_0621/2019/11/image_00014.jpg,SWG Camera Traps : d53b6b25-8c29-11eb-b68a-000d3a74c7de,SWG Camera Traps : 066f9926-8c2a-11eb-9694-000d3a74c7de,SWG Camera Traps : loc_0621,3,asian golden cat,11-10-2019 10:19:08,4,train
https://storage.googleapis.com/public-datasets-lila/swg-camera-traps/public/lao/loc_0621/2019/11/image_00015.jpg,SWG Camera Traps : d53b6b26-8c29-11eb-8b5b-000d3a74c7de,SWG Camera Traps : 066f9926-8c2a-11eb-9694-000d3a74c7de,SWG Camera Traps : loc_0621,4,asian golden cat,11-10-2019 10:19:08,4,train
https://storage.googleapis.com/public-datasets-lila/swg-camera-traps/public/lao/loc_0621/2019/11/image_00016.jpg,SWG Camera Traps : d53b6b27-8c29-11eb-8980-000d3a74c7de,SWG Camera Traps : 066f9926-8c2a-11eb-9694-000d3a74c7de,SWG Camera Traps : loc_0621,5,asian golden cat,11-10-2019 10:19:09,4,train
https://storage.googleapis.com/public-datasets-lila/swg-camera-traps/public/lao/loc_0621/2019/11/image_00017.jpg,SWG Camera Traps : d53b6b28-8c29-11eb-ae0c-000d3a74c7de,SWG Camera Traps : 066f9927-8c2a-11eb-a83a-000d3a74c7de,SWG Camera Traps : loc_0621,0,asian golden cat,11-10-2019 10:22:45,4,train
https://storage.googleapis.com/public-datasets-lila/swg-camera-traps/public/lao/loc_0621/2019/11/image_00018.jpg,SWG Camera Traps : d53b6b29-8c29-11eb-a10e-000d3a74c7de,SWG Camera Traps : 066f9927-8c2a-11eb-a83a-000d3a74c7de,SWG Camera Traps : loc_0621,1,asian golden cat,11-10-2019 10:22:47,4,train
https://storage.googleapis.com/public-datasets-lila/swg-camera-traps/public/lao/loc_0621/2019/11/image_00019.jpg,SWG Camera Traps : d53b6b2a-8c29-11eb-b975-000d3a74c7de,SWG Camera Traps : 066f9927-8c2a-11eb-a83a-000d3a74c7de,SWG Camera Traps : loc_0621,2,asian golden cat,11-10-2019 10:22:47,4,train
