url_gcp,image_id,sequence_id,location_id,frame_num,common_name,datetime,class_number,subset
https://storage.googleapis.com/public-datasets-lila/nacti-unzipped/part1/sub177/FL-12_09_30_2015_FL-12_0015575.jpg,NACTI : FL-12_09_30_2015_FL-12_0015575.jpg,NACTI : unknown,NACTI : archbold_FL-12,-1,deer,,5,train
https://storage.googleapis.com/public-datasets-lila/nacti-unzipped/part2/sub288/FL-42_03_09_2016_FL-42_0008516.JPG,NACTI : FL-42_03_09_2016_FL-42_0008516.JPG,NACTI : unknown,NACTI : archbold_FL-42,-1,deer,,5,train
https://storage.googleapis.com/public-datasets-lila/idaho-camera-traps/public/loc_0120/loc_0120_im_002389.jpg,Idaho Camera Traps : loc_0120_im_002389,Idaho Camera Traps : loc_0120_seq_000254,Idaho Camera Traps : 120,8,deer,11-07-2015 09:52:27,5,train
https://storage.googleapis.com/public-datasets-lila/idaho-camera-traps/public/loc_0148/loc_0148_im_000185.jpg,Idaho Camera Traps : loc_0148_im_000185,Idaho Camera Traps : loc_0148_seq_000022,Idaho Camera Traps : 148,6,deer,06-04-2016 03:54:37,5,train
https://storage.googleapis.com/public-datasets-lila/nacti-unzipped/part1/sub177/FL-12_09_02_2015_FL-12_0011389.jpg,NACTI : FL-12_09_02_2015_FL-12_0011389.jpg,NACTI : unknown,NACTI : archbold_FL-12,-1,deer,,5,train
https://storage.googleapis.com/public-datasets-lila/idaho-camera-traps/public/loc_0012/loc_0012_im_006498.jpg,Idaho Camera Traps : loc_0012_im_006498,Idaho Camera Traps : loc_0012_seq_005128,Idaho Camera Traps : 12,14,deer,02-07-2016 13:05:25,5,train
https://storage.googleapis.com/public-datasets-lila/idaho-camera-traps/public/loc_0119/loc_0119_im_000065.jpg,Idaho Camera Traps : loc_0119_im_000065,Idaho Camera Traps : loc_0119_seq_000006,Idaho Camera Traps : 119,5,deer,07-10-2015 05:44:39,5,train
https://storage.googleapis.com/public-datasets-lila/caltech-unzipped/cct_images/59d5b7a6-23d2-11e8-a6a3-ec086b02610b.jpg,Caltech Camera Traps : 59d5b7a6-23d2-11e8-a6a3-ec086b02610b,Caltech Camera Traps : 7011c08a-5567-11e8-b54b-dca9047ef277,Caltech Camera Traps : 41,3,deer,06-07-2014 07:49:38,5,train
https://storage.googleapis.com/public-datasets-lila/nacti-unzipped/part2/sub238/FL-25_08_04_2016_FL-25_0032483.JPG,NACTI : FL-25_08_04_2016_FL-25_0032483.JPG,NACTI : unknown,NACTI : archbold_FL-25,-1,deer,,5,train
https://storage.googleapis.com/public-datasets-lila/nacti-unzipped/part1/sub161/FL-08_06_02_2015_FL-08_0005723.jpg,NACTI : FL-08_06_02_2015_FL-08_0005723.jpg,NACTI : unknown,NACTI : archbold_FL-08,-1,deer,,5,train
https://storage.googleapis.com/public-datasets-lila/idaho-camera-traps/public/loc_0082/loc_0082_im_000088.jpg,Idaho Camera Traps : loc_0082_im_000088,Idaho Camera Traps : loc_0082_seq_000015,Idaho Camera Traps : 82,1,deer,06-12-2015 14:47:17,5,train
https://storage.googleapis.com/public-datasets-lila/nz-trailcams/LCC/deer/04054b67-ff25-4dca-8869-bc5b8048f657.JPG,Trail Camera Images of New Zealand Animals : LCC/deer/04054b67-ff25-4dca-8869-bc5b8048f657.JPG,Trail Camera Images of New Zealand Animals : unknown,Trail Camera Images of New Zealand Animals : LCC_B95,-1,deer,04-10-2018 02:20:04,5,train
https://storage.googleapis.com/public-datasets-lila/idaho-camera-traps/public/loc_0150/loc_0150_im_000733.jpg,Idaho Camera Traps : loc_0150_im_000733,Idaho Camera Traps : loc_0150_seq_000080,Idaho Camera Traps : 150,3,deer,06-23-2016 06:00:25,5,val
https://storage.googleapis.com/public-datasets-lila/idaho-camera-traps/public/loc_0225/loc_0225_im_003596.jpg,Idaho Camera Traps : loc_0225_im_003596,Idaho Camera Traps : loc_0225_seq_000470,Idaho Camera Traps : 225,3,deer,01-29-2016 16:56:12,5,train
https://storage.googleapis.com/public-datasets-lila/nacti-unzipped/part1/sub178/FL-12_12_08_2015_FL-12_0019921.jpg,NACTI : FL-12_12_08_2015_FL-12_0019921.jpg,NACTI : unknown,NACTI : archbold_FL-12,-1,deer,,5,train
https://storage.googleapis.com/public-datasets-lila/nacti-unzipped/part2/sub270/FL-33_11_03_2015_FL-33_0002652.jpg,NACTI : FL-33_11_03_2015_FL-33_0002652.jpg,NACTI : unknown,NACTI : archbold_FL-33,-1,deer,,5,train
https://storage.googleapis.com/public-datasets-lila/idaho-camera-traps/public/loc_0079/loc_0079_im_004032.jpg,Idaho Camera Traps : loc_0079_im_004032,Idaho Camera Traps : loc_0079_seq_000516,Idaho Camera Traps : 79,1,deer,11-15-2015 00:49:08,5,train
https://storage.googleapis.com/public-datasets-lila/nz-trailcams/LCC/deer/b052e3cf-bcdb-41da-9bdc-6f2952e79210.JPG,Trail Camera Images of New Zealand Animals : LCC/deer/b052e3cf-bcdb-41da-9bdc-6f2952e79210.JPG,Trail Camera Images of New Zealand Animals : unknown,Trail Camera Images of New Zealand Animals : LCC_R113,-1,deer,03-22-2018 17:27:48,5,train
https://storage.googleapis.com/public-datasets-lila/idaho-camera-traps/public/loc_0089/loc_0089_im_000699.jpg,Idaho Camera Traps : loc_0089_im_000699,Idaho Camera Traps : loc_0089_seq_000088,Idaho Camera Traps : 89,3,deer,06-25-2015 06:51:51,5,train
https://storage.googleapis.com/public-datasets-lila/nz-trailcams/LCC/deer/68614124-17a7-4b51-a0c2-bd65001a8004.JPG,Trail Camera Images of New Zealand Animals : LCC/deer/68614124-17a7-4b51-a0c2-bd65001a8004.JPG,Trail Camera Images of New Zealand Animals : unknown,Trail Camera Images of New Zealand Animals : LCC_B95,-1,deer,06-20-2018 15:42:55,5,train
https://storage.googleapis.com/public-datasets-lila/idaho-camera-traps/public/loc_0170/loc_0170_im_002651.jpg,Idaho Camera Traps : loc_0170_im_002651,Idaho Camera Traps : loc_0170_seq_000427,Idaho Camera Traps : 170,154,deer,07-13-2016 20:01:26,5,train
https://storage.googleapis.com/public-datasets-lila/nacti-unzipped/part2/sub285/FL-40_11_03_2015_FL-40_0002278.jpg,NACTI : FL-40_11_03_2015_FL-40_0002278.jpg,NACTI : unknown,NACTI : archbold_FL-40,-1,deer,,5,val
https://storage.googleapis.com/public-datasets-lila/idaho-camera-traps/public/loc_0028/loc_0028_im_004198.jpg,Idaho Camera Traps : loc_0028_im_004198,Idaho Camera Traps : loc_0028_seq_004021,Idaho Camera Traps : 28,0,deer,02-04-2016 11:40:00,5,val
https://storage.googleapis.com/public-datasets-lila/nacti-unzipped/part1/sub176/FL-12_07_28_2015_FL-12_0005528.jpg,NACTI : FL-12_07_28_2015_FL-12_0005528.jpg,NACTI : unknown,NACTI : archbold_FL-12,-1,deer,,5,train
https://storage.googleapis.com/public-datasets-lila/idaho-camera-traps/public/loc_0142/loc_0142_im_000517.jpg,Idaho Camera Traps : loc_0142_im_000517,Idaho Camera Traps : loc_0142_seq_000176,Idaho Camera Traps : 142,7,deer,09-13-2016 07:04:10,5,train
https://storage.googleapis.com/public-datasets-lila/nz-trailcams/PS1/deer/7c0b774a-88e8-44bd-99ef-6c67c1fc4259.JPG,Trail Camera Images of New Zealand Animals : PS1/deer/7c0b774a-88e8-44bd-99ef-6c67c1fc4259.JPG,Trail Camera Images of New Zealand Animals : unknown,Trail Camera Images of New Zealand Animals : PS1_CAM6213,-1,deer,06-08-2022 09:52:06,5,train
https://storage.googleapis.com/public-datasets-lila/caltech-unzipped/cct_images/5864376b-23d2-11e8-a6a3-ec086b02610b.jpg,Caltech Camera Traps : 5864376b-23d2-11e8-a6a3-ec086b02610b,Caltech Camera Traps : 6f59a019-5567-11e8-ae42-dca9047ef277,Caltech Camera Traps : 76,1,deer,02-20-2014 05:16:42,5,train
https://storage.googleapis.com/public-datasets-lila/idaho-camera-traps/public/loc_0121/loc_0121_im_002139.jpg,Idaho Camera Traps : loc_0121_im_002139,Idaho Camera Traps : loc_0121_seq_000225,Idaho Camera Traps : 121,0,deer,09-16-2015 13:09:21,5,train
https://storage.googleapis.com/public-datasets-lila/nz-trailcams/PS1/deer/2feb31cd-2592-4c8f-997a-25196fc7f174.JPG,Trail Camera Images of New Zealand Animals : PS1/deer/2feb31cd-2592-4c8f-997a-25196fc7f174.JPG,Trail Camera Images of New Zealand Animals : unknown,Trail Camera Images of New Zealand Animals : PS1_CAM7905,-1,deer,05-28-2022 03:50:30,5,train
https://storage.googleapis.com/public-datasets-lila/idaho-camera-traps/public/loc_0269/loc_0269_im_000448.jpg,Idaho Camera Traps : loc_0269_im_000448,Idaho Camera Traps : loc_0269_seq_000047,Idaho Camera Traps : 269,32,deer,12-27-2015 00:48:25,5,train
https://storage.googleapis.com/public-datasets-lila/idaho-camera-traps/public/loc_0144/loc_0144_im_000185.jpg,Idaho Camera Traps : loc_0144_im_000185,Idaho Camera Traps : loc_0144_seq_000089,Idaho Camera Traps : 144,4,deer,07-26-2016 20:25:16,5,train
https://storage.googleapis.com/public-datasets-lila/nacti-unzipped/part2/sub245/FL-27_09_02_2016_FL-27_0071161.JPG,NACTI : FL-27_09_02_2016_FL-27_0071161.JPG,NACTI : unknown,NACTI : archbold_FL-27,-1,deer,,5,train
https://storage.googleapis.com/public-datasets-lila/idaho-camera-traps/public/loc_0097/loc_0097_im_001754.jpg,Idaho Camera Traps : loc_0097_im_001754,Idaho Camera Traps : loc_0097_seq_000210,Idaho Camera Traps : 97,2,deer,02-21-2016 00:32:05,5,train
https://storage.googleapis.com/public-datasets-lila/idaho-camera-traps/public/loc_0102/loc_0102_im_000797.jpg,Idaho Camera Traps : loc_0102_im_000797,Idaho Camera Traps : loc_0102_seq_000076,Idaho Camera Traps : 102,23,deer,08-27-2015 17:20:59,5,train
https://storage.googleapis.com/public-datasets-lila/idaho-camera-traps/public/loc_0214/loc_0214_im_001715.jpg,Idaho Camera Traps : loc_0214_im_001715,Idaho Camera Traps : loc_0214_seq_000158,Idaho Camera Traps : 214,4,deer,03-05-2016 11:37:24,5,test
https://storage.googleapis.com/public-datasets-lila/idaho-camera-traps/public/loc_0188/loc_0188_im_000097.jpg,Idaho Camera Traps : loc_0188_im_000097,Idaho Camera Traps : loc_0188_seq_000024,Idaho Camera Traps : 188,20,deer,06-06-2016 05:36:52,5,test
https://storage.googleapis.com/public-datasets-lila/idaho-camera-traps/public/loc_0149/loc_0149_im_000026.jpg,Idaho Camera Traps : loc_0149_im_000026,Idaho Camera Traps : loc_0149_seq_000002,Idaho Camera Traps : 149,7,deer,05-26-2016 05:02:53,5,val
https://storage.googleapis.com/public-datasets-lila/idaho-camera-traps/public/loc_0076/loc_0076_im_000726.jpg,Idaho Camera Traps : loc_0076_im_000726,Idaho Camera Traps : loc_0076_seq_000067,Idaho Camera Traps : 76,3,deer,06-29-2015 20:12:57,5,val
https://storage.googleapis.com/public-datasets-lila/idaho-camera-traps/public/loc_0107/loc_0107_im_003006.jpg,Idaho Camera Traps : loc_0107_im_003006,Idaho Camera Traps : loc_0107_seq_000296,Idaho Camera Traps : 107,0,deer,09-21-2015 05:18:15,5,test
https://storage.googleapis.com/public-datasets-lila/idaho-camera-traps/public/loc_0080/loc_0080_im_002054.jpg,Idaho Camera Traps : loc_0080_im_002054,Idaho Camera Traps : loc_0080_seq_000235,Idaho Camera Traps : 80,8,deer,10-22-2015 23:59:25,5,train
https://storage.googleapis.com/public-datasets-lila/nacti-unzipped/part2/sub206/FL-17_08_04_2016_FL-17_0084585.JPG,NACTI : FL-17_08_04_2016_FL-17_0084585.JPG,NACTI : unknown,NACTI : archbold_FL-17,-1,deer,,5,train
https://storage.googleapis.com/public-datasets-lila/idaho-camera-traps/public/loc_0094/loc_0094_im_002060.jpg,Idaho Camera Traps : loc_0094_im_002060,Idaho Camera Traps : loc_0094_seq_000296,Idaho Camera Traps : 94,10,deer,03-04-2016 19:30:26,5,train
https://storage.googleapis.com/public-datasets-lila/nacti-unzipped/part1/sub190/FL-16_03_07_2016_FL-16_0112521.JPG,NACTI : FL-16_03_07_2016_FL-16_0112521.JPG,NACTI : unknown,NACTI : archbold_FL-16,-1,deer,,5,train
https://storage.googleapis.com/public-datasets-lila/idaho-camera-traps/public/loc_0250/loc_0250_im_002460.jpg,Idaho Camera Traps : loc_0250_im_002460,Idaho Camera Traps : loc_0250_seq_000245,Idaho Camera Traps : 250,1,deer,02-03-2016 15:14:59,5,train
https://storage.googleapis.com/public-datasets-lila/idaho-camera-traps/public/loc_0080/loc_0080_im_000426.jpg,Idaho Camera Traps : loc_0080_im_000426,Idaho Camera Traps : loc_0080_seq_000045,Idaho Camera Traps : 80,9,deer,06-03-2015 01:05:17,5,train
https://storage.googleapis.com/public-datasets-lila/idaho-camera-traps/public/loc_0141/loc_0141_im_000415.jpg,Idaho Camera Traps : loc_0141_im_000415,Idaho Camera Traps : loc_0141_seq_000087,Idaho Camera Traps : 141,2,deer,07-03-2016 09:55:54,5,train
https://storage.googleapis.com/public-datasets-lila/idaho-camera-traps/public/loc_0203/loc_0203_im_000060.jpg,Idaho Camera Traps : loc_0203_im_000060,Idaho Camera Traps : loc_0203_seq_000007,Idaho Camera Traps : 203,13,deer,12-20-2015 11:54:01,5,train
https://storage.googleapis.com/public-datasets-lila/idaho-camera-traps/public/loc_0193/loc_0193_im_000080.jpg,Idaho Camera Traps : loc_0193_im_000080,Idaho Camera Traps : loc_0193_seq_000004,Idaho Camera Traps : 193,14,deer,05-25-2016 23:45:09,5,val
https://storage.googleapis.com/public-datasets-lila/idaho-camera-traps/public/loc_0129/loc_0129_im_000056.jpg,Idaho Camera Traps : loc_0129_im_000056,Idaho Camera Traps : loc_0129_seq_000006,Idaho Camera Traps : 129,17,deer,05-23-2016 23:39:32,5,train
https://storage.googleapis.com/public-datasets-lila/idaho-camera-traps/public/loc_0094/loc_0094_im_000170.jpg,Idaho Camera Traps : loc_0094_im_000170,Idaho Camera Traps : loc_0094_seq_000028,Idaho Camera Traps : 94,2,deer,06-08-2015 05:38:47,5,train
https://storage.googleapis.com/public-datasets-lila/nacti-unzipped/part1/sub170/FL-10_11_02_2015_FL-10_0009085.jpg,NACTI : FL-10_11_02_2015_FL-10_0009085.jpg,NACTI : unknown,NACTI : archbold_FL-10,-1,deer,,5,train
https://storage.googleapis.com/public-datasets-lila/idaho-camera-traps/public/loc_0083/loc_0083_im_004549.jpg,Idaho Camera Traps : loc_0083_im_004549,Idaho Camera Traps : loc_0083_seq_000730,Idaho Camera Traps : 83,1,deer,08-25-2015 03:55:32,5,train
https://storage.googleapis.com/public-datasets-lila/idaho-camera-traps/public/loc_0185/loc_0185_im_002693.jpg,Idaho Camera Traps : loc_0185_im_002693,Idaho Camera Traps : loc_0185_seq_000505,Idaho Camera Traps : 185,0,deer,10-15-2016 15:09:11,5,train
https://storage.googleapis.com/public-datasets-lila/nacti-unzipped/part1/sub185/FL-13_09_02_2015_FL-13_0054978.jpg,NACTI : FL-13_09_02_2015_FL-13_0054978.jpg,NACTI : unknown,NACTI : archbold_FL-13,-1,deer,,5,train
https://storage.googleapis.com/public-datasets-lila/nz-trailcams/PS1/deer/ea4509f0-3bac-44b5-ba20-bc48aaf0e0ce.JPG,Trail Camera Images of New Zealand Animals : PS1/deer/ea4509f0-3bac-44b5-ba20-bc48aaf0e0ce.JPG,Trail Camera Images of New Zealand Animals : unknown,Trail Camera Images of New Zealand Animals : PS1_CAMFC11,-1,deer,05-06-2022 08:38:15,5,train
https://storage.googleapis.com/public-datasets-lila/nz-trailcams/PS1/deer/3762a854-2136-45cd-82b1-25436748d5b0.JPG,Trail Camera Images of New Zealand Animals : PS1/deer/3762a854-2136-45cd-82b1-25436748d5b0.JPG,Trail Camera Images of New Zealand Animals : unknown,Trail Camera Images of New Zealand Animals : PS1_CAM6004,-1,deer,05-14-2022 11:28:39,5,train
https://storage.googleapis.com/public-datasets-lila/idaho-camera-traps/public/loc_0092/loc_0092_im_002094.jpg,Idaho Camera Traps : loc_0092_im_002094,Idaho Camera Traps : loc_0092_seq_000324,Idaho Camera Traps : 92,3,deer,11-21-2015 08:01:37,5,train
https://storage.googleapis.com/public-datasets-lila/idaho-camera-traps/public/loc_0097/loc_0097_im_001531.jpg,Idaho Camera Traps : loc_0097_im_001531,Idaho Camera Traps : loc_0097_seq_000177,Idaho Camera Traps : 97,1,deer,12-14-2015 00:57:20,5,train
https://storage.googleapis.com/public-datasets-lila/idaho-camera-traps/public/loc_0098/loc_0098_im_000230.jpg,Idaho Camera Traps : loc_0098_im_000230,Idaho Camera Traps : loc_0098_seq_000026,Idaho Camera Traps : 98,5,deer,05-17-2015 05:59:39,5,train
https://storage.googleapis.com/public-datasets-lila/nz-trailcams/PS3/deer/0f029b0c-da66-46b5-a9de-f5e0ee454497.JPG,Trail Camera Images of New Zealand Animals : PS3/deer/0f029b0c-da66-46b5-a9de-f5e0ee454497.JPG,Trail Camera Images of New Zealand Animals : unknown,Trail Camera Images of New Zealand Animals : PS3_CAMFC23,-1,deer,03-29-2023 00:50:44,5,train
https://storage.googleapis.com/public-datasets-lila/idaho-camera-traps/public/loc_0081/loc_0081_im_000353.jpg,Idaho Camera Traps : loc_0081_im_000353,Idaho Camera Traps : loc_0081_seq_000038,Idaho Camera Traps : 81,0,deer,06-02-2015 18:48:04,5,train
https://storage.googleapis.com/public-datasets-lila/idaho-camera-traps/public/loc_0257/loc_0257_im_004097.jpg,Idaho Camera Traps : loc_0257_im_004097,Idaho Camera Traps : loc_0257_seq_000426,Idaho Camera Traps : 257,2,deer,02-21-2016 08:01:31,5,train
https://storage.googleapis.com/public-datasets-lila/nacti-unzipped/part2/sub275/FL-35_11_03_2015_FL-35_0004242.jpg,NACTI : FL-35_11_03_2015_FL-35_0004242.jpg,NACTI : unknown,NACTI : archbold_FL-35,-1,deer,,5,train
https://storage.googleapis.com/public-datasets-lila/idaho-camera-traps/public/loc_0138/loc_0138_im_000263.jpg,Idaho Camera Traps : loc_0138_im_000263,Idaho Camera Traps : loc_0138_seq_000043,Idaho Camera Traps : 138,3,deer,06-04-2016 21:59:00,5,val
https://storage.googleapis.com/public-datasets-lila/nacti-unzipped/part2/sub278/FL-37_07_08_2016_FL-37_0019210.JPG,NACTI : FL-37_07_08_2016_FL-37_0019210.JPG,NACTI : unknown,NACTI : archbold_FL-37,-1,deer,,5,val
https://storage.googleapis.com/public-datasets-lila/nacti-unzipped/part2/sub253/FL-29_06_03_2015_FL-29_0013640.jpg,NACTI : FL-29_06_03_2015_FL-29_0013640.jpg,NACTI : unknown,NACTI : archbold_FL-29,-1,deer,,5,train
https://storage.googleapis.com/public-datasets-lila/nacti-unzipped/part0/sub065/CA-23_12_08_2015_CA-23_0020916.jpg,NACTI : CA-23_12_08_2015_CA-23_0020916.jpg,NACTI : unknown,NACTI : lebec_CA-23,-1,deer,,5,train
https://storage.googleapis.com/public-datasets-lila/nacti-unzipped/part1/sub198/FL-16_10_01_2015_FL-16_0092271.jpg,NACTI : FL-16_10_01_2015_FL-16_0092271.jpg,NACTI : unknown,NACTI : archbold_FL-16,-1,deer,,5,train
https://storage.googleapis.com/public-datasets-lila/idaho-camera-traps/public/loc_0234/loc_0234_im_000966.jpg,Idaho Camera Traps : loc_0234_im_000966,Idaho Camera Traps : loc_0234_seq_000121,Idaho Camera Traps : 234,15,deer,02-08-2016 01:42:04,5,train
https://storage.googleapis.com/public-datasets-lila/idaho-camera-traps/public/loc_0225/loc_0225_im_005283.jpg,Idaho Camera Traps : loc_0225_im_005283,Idaho Camera Traps : loc_0225_seq_000733,Idaho Camera Traps : 225,0,deer,02-23-2016 20:16:49,5,train
https://storage.googleapis.com/public-datasets-lila/nacti-unzipped/part2/sub273/FL-35_05_03_2016_FL-35_0034495.JPG,NACTI : FL-35_05_03_2016_FL-35_0034495.JPG,NACTI : unknown,NACTI : archbold_FL-35,-1,deer,,5,train
https://storage.googleapis.com/public-datasets-lila/nz-trailcams/PS2/deer/e1b16526-9175-4764-ac02-675c1463b548.JPG,Trail Camera Images of New Zealand Animals : PS2/deer/e1b16526-9175-4764-ac02-675c1463b548.JPG,Trail Camera Images of New Zealand Animals : unknown,Trail Camera Images of New Zealand Animals : PS2_CAM6119,-1,deer,11-30-2022 07:16:16,5,test
https://storage.googleapis.com/public-datasets-lila/nacti-unzipped/part0/sub069/CA-26_11_08_2016_CA-26_0011467.JPG,NACTI : CA-26_11_08_2016_CA-26_0011467.JPG,NACTI : unknown,NACTI : lebec_CA-26,-1,deer,,5,train
https://storage.googleapis.com/public-datasets-lila/idaho-camera-traps/public/loc_0187/loc_0187_im_000245.jpg,Idaho Camera Traps : loc_0187_im_000245,Idaho Camera Traps : loc_0187_seq_000041,Idaho Camera Traps : 187,2,deer,06-14-2016 20:17:50,5,train
https://storage.googleapis.com/public-datasets-lila/nacti-unzipped/part1/sub178/FL-12_12_08_2015_FL-12_0021080.jpg,NACTI : FL-12_12_08_2015_FL-12_0021080.jpg,NACTI : unknown,NACTI : archbold_FL-12,-1,deer,,5,train
https://storage.googleapis.com/public-datasets-lila/idaho-camera-traps/public/loc_0196/loc_0196_im_000927.jpg,Idaho Camera Traps : loc_0196_im_000927,Idaho Camera Traps : loc_0196_seq_000090,Idaho Camera Traps : 196,3,deer,11-09-2015 05:09:42,5,train
https://storage.googleapis.com/public-datasets-lila/nacti-unzipped/part1/sub177/FL-12_09_02_2015_FL-12_0010369.jpg,NACTI : FL-12_09_02_2015_FL-12_0010369.jpg,NACTI : unknown,NACTI : archbold_FL-12,-1,deer,,5,train
https://storage.googleapis.com/public-datasets-lila/idaho-camera-traps/public/loc_0272/loc_0272_im_002156.jpg,Idaho Camera Traps : loc_0272_im_002156,Idaho Camera Traps : loc_0272_seq_000273,Idaho Camera Traps : 272,1,deer,03-30-2016 14:51:14,5,test
https://storage.googleapis.com/public-datasets-lila/idaho-camera-traps/public/loc_0095/loc_0095_im_000622.jpg,Idaho Camera Traps : loc_0095_im_000622,Idaho Camera Traps : loc_0095_seq_000136,Idaho Camera Traps : 95,1,deer,04-07-2016 10:08:28,5,train
https://storage.googleapis.com/public-datasets-lila/caltech-unzipped/cct_images/59af97ca-23d2-11e8-a6a3-ec086b02610b.jpg,Caltech Camera Traps : 59af97ca-23d2-11e8-a6a3-ec086b02610b,Caltech Camera Traps : 701268c0-5567-11e8-86ea-dca9047ef277,Caltech Camera Traps : 27,3,deer,03-25-2015 01:22:05,5,train
https://storage.googleapis.com/public-datasets-lila/idaho-camera-traps/public/loc_0116/loc_0116_im_004635.jpg,Idaho Camera Traps : loc_0116_im_004635,Idaho Camera Traps : loc_0116_seq_000422,Idaho Camera Traps : 116,2,deer,04-26-2016 02:46:19,5,train
https://storage.googleapis.com/public-datasets-lila/idaho-camera-traps/public/loc_0082/loc_0082_im_000546.jpg,Idaho Camera Traps : loc_0082_im_000546,Idaho Camera Traps : loc_0082_seq_000092,Idaho Camera Traps : 82,3,deer,10-23-2015 12:47:52,5,train
https://storage.googleapis.com/public-datasets-lila/nacti-unzipped/part2/sub253/FL-29_06_03_2015_FL-29_0013365.jpg,NACTI : FL-29_06_03_2015_FL-29_0013365.jpg,NACTI : unknown,NACTI : archbold_FL-29,-1,deer,,5,train
https://storage.googleapis.com/public-datasets-lila/idaho-camera-traps/public/loc_0030/loc_0030_im_012372.jpg,Idaho Camera Traps : loc_0030_im_012372,Idaho Camera Traps : loc_0030_seq_010628,Idaho Camera Traps : 30,12,deer,03-16-2016 18:25:02,5,train
https://storage.googleapis.com/public-datasets-lila/idaho-camera-traps/public/loc_0121/loc_0121_im_005677.jpg,Idaho Camera Traps : loc_0121_im_005677,Idaho Camera Traps : loc_0121_seq_000672,Idaho Camera Traps : 121,0,deer,05-09-2016 06:51:06,5,train
https://storage.googleapis.com/public-datasets-lila/nacti-unzipped/part1/sub132/FL-05_06_01_2015_FL-05_0001759.jpg,NACTI : FL-05_06_01_2015_FL-05_0001759.jpg,NACTI : unknown,NACTI : archbold_FL-05,-1,deer,,5,train
https://storage.googleapis.com/public-datasets-lila/idaho-camera-traps/public/loc_0224/loc_0224_im_000231.jpg,Idaho Camera Traps : loc_0224_im_000231,Idaho Camera Traps : loc_0224_seq_000080,Idaho Camera Traps : 224,8,deer,02-22-2016 01:48:22,5,train
https://storage.googleapis.com/public-datasets-lila/idaho-camera-traps/public/loc_0009/loc_0009_im_008958.jpg,Idaho Camera Traps : loc_0009_im_008958,Idaho Camera Traps : loc_0009_seq_008347,Idaho Camera Traps : 9,18,deer,03-01-2016 05:01:57,5,train
https://storage.googleapis.com/public-datasets-lila/idaho-camera-traps/public/loc_0110/loc_0110_im_003058.jpg,Idaho Camera Traps : loc_0110_im_003058,Idaho Camera Traps : loc_0110_seq_000326,Idaho Camera Traps : 110,6,deer,05-23-2016 07:33:02,5,train
https://storage.googleapis.com/public-datasets-lila/idaho-camera-traps/public/loc_0154/loc_0154_im_001490.jpg,Idaho Camera Traps : loc_0154_im_001490,Idaho Camera Traps : loc_0154_seq_000280,Idaho Camera Traps : 154,9,deer,08-28-2016 20:04:26,5,train
https://storage.googleapis.com/public-datasets-lila/nz-trailcams/Z20/deer/d79d536e-70ed-4735-92e9-be61404ac7db.JPG,Trail Camera Images of New Zealand Animals : Z20/deer/d79d536e-70ed-4735-92e9-be61404ac7db.JPG,Trail Camera Images of New Zealand Animals : unknown,Trail Camera Images of New Zealand Animals : Z20_CC2700,-1,deer,08-13-2022 05:50:18,5,test
https://storage.googleapis.com/public-datasets-lila/nz-trailcams/PS3/deer/895762f9-4083-4a09-9b22-05638cc541ec.JPG,Trail Camera Images of New Zealand Animals : PS3/deer/895762f9-4083-4a09-9b22-05638cc541ec.JPG,Trail Camera Images of New Zealand Animals : unknown,Trail Camera Images of New Zealand Animals : PS3_CAM6213,-1,deer,01-23-2023 06:23:18,5,train
https://storage.googleapis.com/public-datasets-lila/idaho-camera-traps/public/loc_0174/loc_0174_im_000589.jpg,Idaho Camera Traps : loc_0174_im_000589,Idaho Camera Traps : loc_0174_seq_000102,Idaho Camera Traps : 174,4,deer,08-13-2016 01:05:45,5,train
https://storage.googleapis.com/public-datasets-lila/idaho-camera-traps/public/loc_0132/loc_0132_im_001197.jpg,Idaho Camera Traps : loc_0132_im_001197,Idaho Camera Traps : loc_0132_seq_000183,Idaho Camera Traps : 132,4,deer,07-10-2016 18:54:23,5,val
https://storage.googleapis.com/public-datasets-lila/idaho-camera-traps/public/loc_0096/loc_0096_im_000528.jpg,Idaho Camera Traps : loc_0096_im_000528,Idaho Camera Traps : loc_0096_seq_000103,Idaho Camera Traps : 96,0,deer,10-28-2015 07:17:31,5,train
https://storage.googleapis.com/public-datasets-lila/nacti-unzipped/part1/sub177/FL-12_09_30_2015_FL-12_0014198.jpg,NACTI : FL-12_09_30_2015_FL-12_0014198.jpg,NACTI : unknown,NACTI : archbold_FL-12,-1,deer,,5,train
https://storage.googleapis.com/public-datasets-lila/idaho-camera-traps/public/loc_0185/loc_0185_im_000237.jpg,Idaho Camera Traps : loc_0185_im_000237,Idaho Camera Traps : loc_0185_seq_000048,Idaho Camera Traps : 185,0,deer,06-06-2016 04:35:54,5,train
https://storage.googleapis.com/public-datasets-lila/nz-trailcams/PS1/deer/b476df30-b236-4f2f-87de-5bd92ab86839.JPG,Trail Camera Images of New Zealand Animals : PS1/deer/b476df30-b236-4f2f-87de-5bd92ab86839.JPG,Trail Camera Images of New Zealand Animals : unknown,Trail Camera Images of New Zealand Animals : PS1_CAM6213,-1,deer,06-01-2022 13:13:29,5,train
https://storage.googleapis.com/public-datasets-lila/idaho-camera-traps/public/loc_0028/loc_0028_im_004216.jpg,Idaho Camera Traps : loc_0028_im_004216,Idaho Camera Traps : loc_0028_seq_004039,Idaho Camera Traps : 28,0,deer,02-04-2016 13:10:00,5,val
https://storage.googleapis.com/public-datasets-lila/idaho-camera-traps/public/loc_0242/loc_0242_im_001209.jpg,Idaho Camera Traps : loc_0242_im_001209,Idaho Camera Traps : loc_0242_seq_000197,Idaho Camera Traps : 242,34,deer,03-30-2016 14:54:00,5,test
https://storage.googleapis.com/public-datasets-lila/idaho-camera-traps/public/loc_0046/loc_0046_im_000608.jpg,Idaho Camera Traps : loc_0046_im_000608,Idaho Camera Traps : loc_0046_seq_000509,Idaho Camera Traps : 46,0,deer,01-06-2016 15:51:50,5,val
https://storage.googleapis.com/public-datasets-lila/nz-trailcams/PS3/deer/6f70c1ac-4f2a-4686-a113-d4474a90b4ba.JPG,Trail Camera Images of New Zealand Animals : PS3/deer/6f70c1ac-4f2a-4686-a113-d4474a90b4ba.JPG,Trail Camera Images of New Zealand Animals : unknown,Trail Camera Images of New Zealand Animals : PS3_CAMFC23,-1,deer,03-28-2023 21:24:01,5,train
https://storage.googleapis.com/public-datasets-lila/idaho-camera-traps/public/loc_0272/loc_0272_im_000934.jpg,Idaho Camera Traps : loc_0272_im_000934,Idaho Camera Traps : loc_0272_seq_000124,Idaho Camera Traps : 272,1,deer,02-13-2016 06:21:18,5,test
https://storage.googleapis.com/public-datasets-lila/idaho-camera-traps/public/loc_0099/loc_0099_im_000849.jpg,Idaho Camera Traps : loc_0099_im_000849,Idaho Camera Traps : loc_0099_seq_000168,Idaho Camera Traps : 99,0,deer,11-26-2015 09:05:43,5,train
https://storage.googleapis.com/public-datasets-lila/idaho-camera-traps/public/loc_0114/loc_0114_im_001099.jpg,Idaho Camera Traps : loc_0114_im_001099,Idaho Camera Traps : loc_0114_seq_000133,Idaho Camera Traps : 114,1,deer,11-09-2015 15:18:04,5,test
https://storage.googleapis.com/public-datasets-lila/idaho-camera-traps/public/loc_0089/loc_0089_im_000497.jpg,Idaho Camera Traps : loc_0089_im_000497,Idaho Camera Traps : loc_0089_seq_000060,Idaho Camera Traps : 89,5,deer,06-15-2015 09:38:54,5,train
https://storage.googleapis.com/public-datasets-lila/idaho-camera-traps/public/loc_0108/loc_0108_im_001541.jpg,Idaho Camera Traps : loc_0108_im_001541,Idaho Camera Traps : loc_0108_seq_000212,Idaho Camera Traps : 108,8,deer,05-21-2016 12:36:56,5,val
https://storage.googleapis.com/public-datasets-lila/idaho-camera-traps/public/loc_0183/loc_0183_im_000565.jpg,Idaho Camera Traps : loc_0183_im_000565,Idaho Camera Traps : loc_0183_seq_000077,Idaho Camera Traps : 183,19,deer,06-29-2016 05:45:37,5,train
https://storage.googleapis.com/public-datasets-lila/nz-trailcams/PS3/deer/46064807-6164-4024-bd27-b4c2235648aa.JPG,Trail Camera Images of New Zealand Animals : PS3/deer/46064807-6164-4024-bd27-b4c2235648aa.JPG,Trail Camera Images of New Zealand Animals : unknown,Trail Camera Images of New Zealand Animals : PS3_CAM7821,-1,deer,03-22-2023 10:07:10,5,train
https://storage.googleapis.com/public-datasets-lila/caltech-unzipped/cct_images/5965ab69-23d2-11e8-a6a3-ec086b02610b.jpg,Caltech Camera Traps : 5965ab69-23d2-11e8-a6a3-ec086b02610b,Caltech Camera Traps : 7016e7e1-5567-11e8-a882-dca9047ef277,Caltech Camera Traps : 6,2,deer,08-31-2013 01:49:20,5,train
https://storage.googleapis.com/public-datasets-lila/nacti-unzipped/part2/sub278/FL-37_07_08_2016_FL-37_0019203.JPG,NACTI : FL-37_07_08_2016_FL-37_0019203.JPG,NACTI : unknown,NACTI : archbold_FL-37,-1,deer,,5,val
https://storage.googleapis.com/public-datasets-lila/nz-trailcams/PS3/deer/0eeaa131-ac5f-431a-bde5-45e3dcafe766.JPG,Trail Camera Images of New Zealand Animals : PS3/deer/0eeaa131-ac5f-431a-bde5-45e3dcafe766.JPG,Trail Camera Images of New Zealand Animals : unknown,Trail Camera Images of New Zealand Animals : PS3_CAM8708,-1,deer,05-30-2023 21:14:03,5,train
https://storage.googleapis.com/public-datasets-lila/nacti-unzipped/part1/sub172/FL-12_01_20_2016_FL-12_0021989.jpg,NACTI : FL-12_01_20_2016_FL-12_0021989.jpg,NACTI : unknown,NACTI : archbold_FL-12,-1,deer,,5,train
https://storage.googleapis.com/public-datasets-lila/nacti-unzipped/part2/sub283/FL-39_07_06_2016_FL-39_0010454.JPG,NACTI : FL-39_07_06_2016_FL-39_0010454.JPG,NACTI : unknown,NACTI : archbold_FL-39,-1,deer,,5,test
https://storage.googleapis.com/public-datasets-lila/idaho-camera-traps/public/loc_0105/loc_0105_im_000663.jpg,Idaho Camera Traps : loc_0105_im_000663,Idaho Camera Traps : loc_0105_seq_000068,Idaho Camera Traps : 105,12,deer,09-01-2015 11:03:25,5,train
https://storage.googleapis.com/public-datasets-lila/idaho-camera-traps/public/loc_0208/loc_0208_im_010896.jpg,Idaho Camera Traps : loc_0208_im_010896,Idaho Camera Traps : loc_0208_seq_001008,Idaho Camera Traps : 208,13,deer,01-31-2016 07:57:33,5,train
https://storage.googleapis.com/public-datasets-lila/caltech-unzipped/cct_images/59aadc23-23d2-11e8-a6a3-ec086b02610b.jpg,Caltech Camera Traps : 59aadc23-23d2-11e8-a6a3-ec086b02610b,Caltech Camera Traps : 6f8a0a3a-5567-11e8-a004-dca9047ef277,Caltech Camera Traps : 57,1,deer,06-02-2014 08:10:49,5,train
https://storage.googleapis.com/public-datasets-lila/idaho-camera-traps/public/loc_0183/loc_0183_im_000347.jpg,Idaho Camera Traps : loc_0183_im_000347,Idaho Camera Traps : loc_0183_seq_000045,Idaho Camera Traps : 183,2,deer,06-23-2016 21:08:04,5,train
https://storage.googleapis.com/public-datasets-lila/nacti-unzipped/part2/sub273/FL-35_05_03_2016_FL-35_0039283.JPG,NACTI : FL-35_05_03_2016_FL-35_0039283.JPG,NACTI : unknown,NACTI : archbold_FL-35,-1,deer,,5,train
https://storage.googleapis.com/public-datasets-lila/idaho-camera-traps/public/loc_0076/loc_0076_im_001442.jpg,Idaho Camera Traps : loc_0076_im_001442,Idaho Camera Traps : loc_0076_seq_000158,Idaho Camera Traps : 76,2,deer,09-13-2015 21:08:18,5,val
https://storage.googleapis.com/public-datasets-lila/idaho-camera-traps/public/loc_0148/loc_0148_im_000939.jpg,Idaho Camera Traps : loc_0148_im_000939,Idaho Camera Traps : loc_0148_seq_000060,Idaho Camera Traps : 148,160,deer,06-13-2016 05:13:28,5,train
https://storage.googleapis.com/public-datasets-lila/nz-trailcams/LCC/deer/9c49e188-90d1-4e7e-ae0d-81d690f3729e.JPG,Trail Camera Images of New Zealand Animals : LCC/deer/9c49e188-90d1-4e7e-ae0d-81d690f3729e.JPG,Trail Camera Images of New Zealand Animals : unknown,Trail Camera Images of New Zealand Animals : LCC_R98,-1,deer,05-14-2018 09:49:57,5,train
https://storage.googleapis.com/public-datasets-lila/idaho-camera-traps/public/loc_0121/loc_0121_im_000117.jpg,Idaho Camera Traps : loc_0121_im_000117,Idaho Camera Traps : loc_0121_seq_000014,Idaho Camera Traps : 121,0,deer,05-30-2015 19:48:56,5,train
https://storage.googleapis.com/public-datasets-lila/idaho-camera-traps/public/loc_0121/loc_0121_im_005665.jpg,Idaho Camera Traps : loc_0121_im_005665,Idaho Camera Traps : loc_0121_seq_000671,Idaho Camera Traps : 121,3,deer,05-08-2016 06:32:58,5,train
https://storage.googleapis.com/public-datasets-lila/idaho-camera-traps/public/loc_0172/loc_0172_im_001078.jpg,Idaho Camera Traps : loc_0172_im_001078,Idaho Camera Traps : loc_0172_seq_000272,Idaho Camera Traps : 172,5,deer,10-20-2016 03:16:20,5,train
https://storage.googleapis.com/public-datasets-lila/nz-trailcams/LCC/deer/8905af98-7667-43fe-a84c-08e86c68ae37.JPG,Trail Camera Images of New Zealand Animals : LCC/deer/8905af98-7667-43fe-a84c-08e86c68ae37.JPG,Trail Camera Images of New Zealand Animals : unknown,Trail Camera Images of New Zealand Animals : LCC_B63,-1,deer,04-09-2018 16:29:44,5,train
https://storage.googleapis.com/public-datasets-lila/idaho-camera-traps/public/loc_0051/loc_0051_im_015321.jpg,Idaho Camera Traps : loc_0051_im_015321,Idaho Camera Traps : loc_0051_seq_012567,Idaho Camera Traps : 51,1,deer,03-30-2016 10:08:08,5,train
https://storage.googleapis.com/public-datasets-lila/idaho-camera-traps/public/loc_0112/loc_0112_im_000916.jpg,Idaho Camera Traps : loc_0112_im_000916,Idaho Camera Traps : loc_0112_seq_000123,Idaho Camera Traps : 112,6,deer,03-28-2016 17:45:45,5,train
https://storage.googleapis.com/public-datasets-lila/idaho-camera-traps/public/loc_0250/loc_0250_im_001263.jpg,Idaho Camera Traps : loc_0250_im_001263,Idaho Camera Traps : loc_0250_seq_000120,Idaho Camera Traps : 250,6,deer,01-13-2016 08:16:13,5,train
https://storage.googleapis.com/public-datasets-lila/nacti-unzipped/part0/sub062/CA-21_08_13_2015_CA-21_0004767.jpg,NACTI : CA-21_08_13_2015_CA-21_0004767.jpg,NACTI : unknown,NACTI : lebec_CA-21,-1,deer,,5,val
https://storage.googleapis.com/public-datasets-lila/idaho-camera-traps/public/loc_0165/loc_0165_im_003125.jpg,Idaho Camera Traps : loc_0165_im_003125,Idaho Camera Traps : loc_0165_seq_000410,Idaho Camera Traps : 165,0,deer,08-16-2016 13:58:17,5,train
https://storage.googleapis.com/public-datasets-lila/nacti-unzipped/part2/sub267/FL-31_12_06_2015_FL-31_0030192.jpg,NACTI : FL-31_12_06_2015_FL-31_0030192.jpg,NACTI : unknown,NACTI : archbold_FL-31,-1,deer,,5,train
https://storage.googleapis.com/public-datasets-lila/idaho-camera-traps/public/loc_0218/loc_0218_im_001543.jpg,Idaho Camera Traps : loc_0218_im_001543,Idaho Camera Traps : loc_0218_seq_000157,Idaho Camera Traps : 218,17,deer,02-22-2016 15:23:25,5,train
https://storage.googleapis.com/public-datasets-lila/nacti-unzipped/part0/sub044/CA-10_10_13_2015_CA-10_0016572.jpg,NACTI : CA-10_10_13_2015_CA-10_0016572.jpg,NACTI : unknown,NACTI : lebec_CA-10,-1,deer,,5,train
https://storage.googleapis.com/public-datasets-lila/idaho-camera-traps/public/loc_0201/loc_0201_im_001674.jpg,Idaho Camera Traps : loc_0201_im_001674,Idaho Camera Traps : loc_0201_seq_000244,Idaho Camera Traps : 201,8,deer,04-27-2016 06:12:45,5,val
https://storage.googleapis.com/public-datasets-lila/nacti-unzipped/part2/sub218/FL-21_07_06_2016_FL-21_0029208.JPG,NACTI : FL-21_07_06_2016_FL-21_0029208.JPG,NACTI : unknown,NACTI : archbold_FL-21,-1,deer,,5,train
https://storage.googleapis.com/public-datasets-lila/nacti-unzipped/part1/sub178/FL-12_11_02_2015_FL-12_0016772.jpg,NACTI : FL-12_11_02_2015_FL-12_0016772.jpg,NACTI : unknown,NACTI : archbold_FL-12,-1,deer,,5,train
https://storage.googleapis.com/public-datasets-lila/nacti-unzipped/part2/sub275/FL-35_10_01_2015_FL-35_0000840.jpg,NACTI : FL-35_10_01_2015_FL-35_0000840.jpg,NACTI : unknown,NACTI : archbold_FL-35,-1,deer,,5,train
https://storage.googleapis.com/public-datasets-lila/nacti-unzipped/part2/sub289/FL-42_11_03_2015_FL-42_0001988.jpg,NACTI : FL-42_11_03_2015_FL-42_0001988.jpg,NACTI : unknown,NACTI : archbold_FL-42,-1,deer,,5,train
https://storage.googleapis.com/public-datasets-lila/idaho-camera-traps/public/loc_0113/loc_0113_im_000962.jpg,Idaho Camera Traps : loc_0113_im_000962,Idaho Camera Traps : loc_0113_seq_000128,Idaho Camera Traps : 113,0,deer,11-19-2015 19:17:15,5,val
https://storage.googleapis.com/public-datasets-lila/nacti-unzipped/part1/sub186/FL-14_06_02_2016_FL-14_0022967.JPG,NACTI : FL-14_06_02_2016_FL-14_0022967.JPG,NACTI : unknown,NACTI : archbold_FL-14,-1,deer,,5,train
https://storage.googleapis.com/public-datasets-lila/idaho-camera-traps/public/loc_0124/loc_0124_im_000096.jpg,Idaho Camera Traps : loc_0124_im_000096,Idaho Camera Traps : loc_0124_seq_000006,Idaho Camera Traps : 124,3,deer,06-01-2015 06:39:13,5,test
https://storage.googleapis.com/public-datasets-lila/nacti-unzipped/part1/sub187/FL-14_07_29_2015_FL-14_0011171.jpg,NACTI : FL-14_07_29_2015_FL-14_0011171.jpg,NACTI : unknown,NACTI : archbold_FL-14,-1,deer,,5,train
https://storage.googleapis.com/public-datasets-lila/idaho-camera-traps/public/loc_0216/loc_0216_im_000938.jpg,Idaho Camera Traps : loc_0216_im_000938,Idaho Camera Traps : loc_0216_seq_000186,Idaho Camera Traps : 216,14,deer,04-05-2016 10:06:23,5,train
https://storage.googleapis.com/public-datasets-lila/idaho-camera-traps/public/loc_0118/loc_0118_im_002506.jpg,Idaho Camera Traps : loc_0118_im_002506,Idaho Camera Traps : loc_0118_seq_000300,Idaho Camera Traps : 118,1,deer,12-05-2015 08:57:20,5,train
https://storage.googleapis.com/public-datasets-lila/idaho-camera-traps/public/loc_0169/loc_0169_im_000140.jpg,Idaho Camera Traps : loc_0169_im_000140,Idaho Camera Traps : loc_0169_seq_000015,Idaho Camera Traps : 169,4,deer,05-28-2016 01:44:26,5,test
https://storage.googleapis.com/public-datasets-lila/idaho-camera-traps/public/loc_0137/loc_0137_im_000247.jpg,Idaho Camera Traps : loc_0137_im_000247,Idaho Camera Traps : loc_0137_seq_000092,Idaho Camera Traps : 137,5,deer,07-27-2016 23:59:08,5,train
https://storage.googleapis.com/public-datasets-lila/caltech-unzipped/cct_images/5995aeab-23d2-11e8-a6a3-ec086b02610b.jpg,Caltech Camera Traps : 5995aeab-23d2-11e8-a6a3-ec086b02610b,Caltech Camera Traps : 6f8ca7cc-5567-11e8-86b1-dca9047ef277,Caltech Camera Traps : 57,1,deer,07-14-2014 03:27:01,5,train
https://storage.googleapis.com/public-datasets-lila/idaho-camera-traps/public/loc_0133/loc_0133_im_006579.jpg,Idaho Camera Traps : loc_0133_im_006579,Idaho Camera Traps : loc_0133_seq_001155,Idaho Camera Traps : 133,2,deer,07-08-2016 06:26:43,5,train
https://storage.googleapis.com/public-datasets-lila/nacti-unzipped/part2/sub234/FL-24_06_02_2016_FL-24_0059358.JPG,NACTI : FL-24_06_02_2016_FL-24_0059358.JPG,NACTI : unknown,NACTI : archbold_FL-24,-1,deer,,5,train
https://storage.googleapis.com/public-datasets-lila/idaho-camera-traps/public/loc_0126/loc_0126_im_001288.jpg,Idaho Camera Traps : loc_0126_im_001288,Idaho Camera Traps : loc_0126_seq_000115,Idaho Camera Traps : 126,25,deer,07-02-2016 06:38:05,5,train
https://storage.googleapis.com/public-datasets-lila/nacti-unzipped/part1/sub134/FL-05_07_28_2015_FL-05_0021787.jpg,NACTI : FL-05_07_28_2015_FL-05_0021787.jpg,NACTI : unknown,NACTI : archbold_FL-05,-1,deer,,5,train
https://storage.googleapis.com/public-datasets-lila/caltech-unzipped/cct_images/59b61647-23d2-11e8-a6a3-ec086b02610b.jpg,Caltech Camera Traps : 59b61647-23d2-11e8-a6a3-ec086b02610b,Caltech Camera Traps : 6f4b64f8-5567-11e8-bb5b-dca9047ef277,Caltech Camera Traps : 26,1,deer,07-24-2014 15:58:15,5,train
https://storage.googleapis.com/public-datasets-lila/idaho-camera-traps/public/loc_0148/loc_0148_im_002534.jpg,Idaho Camera Traps : loc_0148_im_002534,Idaho Camera Traps : loc_0148_seq_000223,Idaho Camera Traps : 148,1,deer,07-15-2016 02:27:30,5,train
https://storage.googleapis.com/public-datasets-lila/idaho-camera-traps/public/loc_0132/loc_0132_im_002991.jpg,Idaho Camera Traps : loc_0132_im_002991,Idaho Camera Traps : loc_0132_seq_000469,Idaho Camera Traps : 132,0,deer,10-06-2016 04:00:26,5,val
https://storage.googleapis.com/public-datasets-lila/idaho-camera-traps/public/loc_0120/loc_0120_im_003221.jpg,Idaho Camera Traps : loc_0120_im_003221,Idaho Camera Traps : loc_0120_seq_000375,Idaho Camera Traps : 120,9,deer,01-27-2016 10:37:46,5,train
https://storage.googleapis.com/public-datasets-lila/idaho-camera-traps/public/loc_0126/loc_0126_im_002319.jpg,Idaho Camera Traps : loc_0126_im_002319,Idaho Camera Traps : loc_0126_seq_000221,Idaho Camera Traps : 126,8,deer,07-15-2016 06:07:56,5,train
https://storage.googleapis.com/public-datasets-lila/nacti-unzipped/part2/sub215/FL-20_06_30_2015_FL-20_0016320.jpg,NACTI : FL-20_06_30_2015_FL-20_0016320.jpg,NACTI : unknown,NACTI : archbold_FL-20,-1,deer,,5,train
https://storage.googleapis.com/public-datasets-lila/nacti-unzipped/part2/sub284/FL-40_03_07_2016_FL-40_0012532.JPG,NACTI : FL-40_03_07_2016_FL-40_0012532.JPG,NACTI : unknown,NACTI : archbold_FL-40,-1,deer,,5,val
https://storage.googleapis.com/public-datasets-lila/idaho-camera-traps/public/loc_0089/loc_0089_im_000935.jpg,Idaho Camera Traps : loc_0089_im_000935,Idaho Camera Traps : loc_0089_seq_000121,Idaho Camera Traps : 89,2,deer,07-13-2015 06:53:34,5,train
https://storage.googleapis.com/public-datasets-lila/nacti-unzipped/part2/sub245/FL-27_09_02_2016_FL-27_0072652.JPG,NACTI : FL-27_09_02_2016_FL-27_0072652.JPG,NACTI : unknown,NACTI : archbold_FL-27,-1,deer,,5,train
https://storage.googleapis.com/public-datasets-lila/nz-trailcams/PS3/deer/018d251e-b492-49fc-9b57-cd06858a8023.JPG,Trail Camera Images of New Zealand Animals : PS3/deer/018d251e-b492-49fc-9b57-cd06858a8023.JPG,Trail Camera Images of New Zealand Animals : unknown,Trail Camera Images of New Zealand Animals : PS3_CAM8001,-1,deer,03-17-2023 13:51:40,5,train
https://storage.googleapis.com/public-datasets-lila/nacti-unzipped/part0/sub042/CA-10_03_17_2016_CA-10_0018160.JPG,NACTI : CA-10_03_17_2016_CA-10_0018160.JPG,NACTI : unknown,NACTI : lebec_CA-10,-1,deer,,5,train
https://storage.googleapis.com/public-datasets-lila/idaho-camera-traps/public/loc_0116/loc_0116_im_000973.jpg,Idaho Camera Traps : loc_0116_im_000973,Idaho Camera Traps : loc_0116_seq_000101,Idaho Camera Traps : 116,49,deer,07-13-2015 13:54:57,5,train
https://storage.googleapis.com/public-datasets-lila/idaho-camera-traps/public/loc_0044/loc_0044_im_001993.jpg,Idaho Camera Traps : loc_0044_im_001993,Idaho Camera Traps : loc_0044_seq_001775,Idaho Camera Traps : 44,0,deer,01-15-2016 15:20:00,5,val
https://storage.googleapis.com/public-datasets-lila/nacti-unzipped/part1/sub130/FL-04_10_05_2016_FL-04_0033756.JPG,NACTI : FL-04_10_05_2016_FL-04_0033756.JPG,NACTI : unknown,NACTI : archbold_FL-04,-1,deer,,5,test
https://storage.googleapis.com/public-datasets-lila/idaho-camera-traps/public/loc_0166/loc_0166_im_001179.jpg,Idaho Camera Traps : loc_0166_im_001179,Idaho Camera Traps : loc_0166_seq_000211,Idaho Camera Traps : 166,2,deer,07-07-2016 20:26:30,5,train
https://storage.googleapis.com/public-datasets-lila/nacti-unzipped/part1/sub176/FL-12_07_28_2015_FL-12_0003632.jpg,NACTI : FL-12_07_28_2015_FL-12_0003632.jpg,NACTI : unknown,NACTI : archbold_FL-12,-1,deer,,5,train
https://storage.googleapis.com/public-datasets-lila/idaho-camera-traps/public/loc_0141/loc_0141_im_000491.jpg,Idaho Camera Traps : loc_0141_im_000491,Idaho Camera Traps : loc_0141_seq_000097,Idaho Camera Traps : 141,5,deer,07-10-2016 05:52:16,5,train
https://storage.googleapis.com/public-datasets-lila/idaho-camera-traps/public/loc_0126/loc_0126_im_002279.jpg,Idaho Camera Traps : loc_0126_im_002279,Idaho Camera Traps : loc_0126_seq_000216,Idaho Camera Traps : 126,5,deer,07-14-2016 21:28:42,5,train
https://storage.googleapis.com/public-datasets-lila/caltech-unzipped/cct_images/5903ccd5-23d2-11e8-a6a3-ec086b02610b.jpg,Caltech Camera Traps : 5903ccd5-23d2-11e8-a6a3-ec086b02610b,Caltech Camera Traps : 6f6165a8-5567-11e8-86ce-dca9047ef277,Caltech Camera Traps : 76,1,deer,06-30-2014 19:02:44,5,train
https://storage.googleapis.com/public-datasets-lila/nz-trailcams/LCC/deer/5032555d-a8b6-4ef2-b30c-e6af5d172d67.JPG,Trail Camera Images of New Zealand Animals : LCC/deer/5032555d-a8b6-4ef2-b30c-e6af5d172d67.JPG,Trail Camera Images of New Zealand Animals : unknown,Trail Camera Images of New Zealand Animals : LCC_R113,-1,deer,04-29-2018 22:31:53,5,train
https://storage.googleapis.com/public-datasets-lila/nacti-unzipped/part0/sub049/CA-14_08_12_2015_CA-14_0005061.jpg,NACTI : CA-14_08_12_2015_CA-14_0005061.jpg,NACTI : unknown,NACTI : lebec_CA-14,-1,deer,,5,test
https://storage.googleapis.com/public-datasets-lila/idaho-camera-traps/public/loc_0197/loc_0197_im_000446.jpg,Idaho Camera Traps : loc_0197_im_000446,Idaho Camera Traps : loc_0197_seq_000073,Idaho Camera Traps : 197,1,deer,01-19-2016 12:19:26,5,train
https://storage.googleapis.com/public-datasets-lila/idaho-camera-traps/public/loc_0097/loc_0097_im_002215.jpg,Idaho Camera Traps : loc_0097_im_002215,Idaho Camera Traps : loc_0097_seq_000269,Idaho Camera Traps : 97,4,deer,04-20-2016 11:01:06,5,train
https://storage.googleapis.com/public-datasets-lila/nz-trailcams/LCC/deer/29d45975-3497-4eaf-b690-fd7d959cdc23.JPG,Trail Camera Images of New Zealand Animals : LCC/deer/29d45975-3497-4eaf-b690-fd7d959cdc23.JPG,Trail Camera Images of New Zealand Animals : unknown,Trail Camera Images of New Zealand Animals : LCC_R45,-1,deer,04-22-2018 22:17:28,5,train
https://storage.googleapis.com/public-datasets-lila/nacti-unzipped/part2/sub288/FL-42_01_23_2016_FL-42_0005620.jpg,NACTI : FL-42_01_23_2016_FL-42_0005620.jpg,NACTI : unknown,NACTI : archbold_FL-42,-1,deer,,5,train
https://storage.googleapis.com/public-datasets-lila/nacti-unzipped/part2/sub240/FL-26_09_03_2015_FL-26_0016388.jpg,NACTI : FL-26_09_03_2015_FL-26_0016388.jpg,NACTI : unknown,NACTI : archbold_FL-26,-1,deer,,5,train
https://storage.googleapis.com/public-datasets-lila/idaho-camera-traps/public/loc_0088/loc_0088_im_000036.jpg,Idaho Camera Traps : loc_0088_im_000036,Idaho Camera Traps : loc_0088_seq_000001,Idaho Camera Traps : 88,33,deer,05-28-2015 07:55:09,5,train
https://storage.googleapis.com/public-datasets-lila/nacti-unzipped/part1/sub169/FL-09_12_06_2015_FL-09_0038895.jpg,NACTI : FL-09_12_06_2015_FL-09_0038895.jpg,NACTI : unknown,NACTI : archbold_FL-09,-1,deer,,5,train
https://storage.googleapis.com/public-datasets-lila/idaho-camera-traps/public/loc_0169/loc_0169_im_000076.jpg,Idaho Camera Traps : loc_0169_im_000076,Idaho Camera Traps : loc_0169_seq_000006,Idaho Camera Traps : 169,6,deer,05-25-2016 05:40:43,5,test
https://storage.googleapis.com/public-datasets-lila/idaho-camera-traps/public/loc_0003/loc_0003_im_004714.jpg,Idaho Camera Traps : loc_0003_im_004714,Idaho Camera Traps : loc_0003_seq_003618,Idaho Camera Traps : 3,0,deer,02-01-2016 11:20:00,5,val
https://storage.googleapis.com/public-datasets-lila/nz-trailcams/LCC/deer/3d487c74-81ae-4095-8453-f03241391423.JPG,Trail Camera Images of New Zealand Animals : LCC/deer/3d487c74-81ae-4095-8453-f03241391423.JPG,Trail Camera Images of New Zealand Animals : unknown,Trail Camera Images of New Zealand Animals : LCC_R42,-1,deer,04-23-2018 02:15:48,5,train
https://storage.googleapis.com/public-datasets-lila/idaho-camera-traps/public/loc_0257/loc_0257_im_005452.jpg,Idaho Camera Traps : loc_0257_im_005452,Idaho Camera Traps : loc_0257_seq_000615,Idaho Camera Traps : 257,1,deer,04-01-2016 15:04:20,5,train
https://storage.googleapis.com/public-datasets-lila/nacti-unzipped/part1/sub162/FL-08_09_03_2015_FL-08_0010041.jpg,NACTI : FL-08_09_03_2015_FL-08_0010041.jpg,NACTI : unknown,NACTI : archbold_FL-08,-1,deer,,5,train
https://storage.googleapis.com/public-datasets-lila/idaho-camera-traps/public/loc_0121/loc_0121_im_005969.jpg,Idaho Camera Traps : loc_0121_im_005969,Idaho Camera Traps : loc_0121_seq_000713,Idaho Camera Traps : 121,10,deer,05-21-2016 20:04:43,5,train
https://storage.googleapis.com/public-datasets-lila/nacti-unzipped/part1/sub128/FL-04_05_02_2016_FL-04_0019852.JPG,NACTI : FL-04_05_02_2016_FL-04_0019852.JPG,NACTI : unknown,NACTI : archbold_FL-04,-1,deer,,5,test
https://storage.googleapis.com/public-datasets-lila/nacti-unzipped/part1/sub176/FL-12_07_28_2015_FL-12_0004966.jpg,NACTI : FL-12_07_28_2015_FL-12_0004966.jpg,NACTI : unknown,NACTI : archbold_FL-12,-1,deer,,5,train
https://storage.googleapis.com/public-datasets-lila/idaho-camera-traps/public/loc_0155/loc_0155_im_000356.jpg,Idaho Camera Traps : loc_0155_im_000356,Idaho Camera Traps : loc_0155_seq_000085,Idaho Camera Traps : 155,39,deer,07-07-2016 06:56:07,5,test
https://storage.googleapis.com/public-datasets-lila/idaho-camera-traps/public/loc_0100/loc_0100_im_002490.jpg,Idaho Camera Traps : loc_0100_im_002490,Idaho Camera Traps : loc_0100_seq_000253,Idaho Camera Traps : 100,3,deer,08-07-2015 08:30:10,5,train
https://storage.googleapis.com/public-datasets-lila/idaho-camera-traps/public/loc_0092/loc_0092_im_002989.jpg,Idaho Camera Traps : loc_0092_im_002989,Idaho Camera Traps : loc_0092_seq_000482,Idaho Camera Traps : 92,1,deer,03-27-2016 19:41:42,5,train
https://storage.googleapis.com/public-datasets-lila/nacti-unzipped/part1/sub176/FL-12_07_28_2015_FL-12_0004702.jpg,NACTI : FL-12_07_28_2015_FL-12_0004702.jpg,NACTI : unknown,NACTI : archbold_FL-12,-1,deer,,5,train
https://storage.googleapis.com/public-datasets-lila/nacti-unzipped/part0/sub040/CA-07_02_16_2016_CA-07_0007215.jpg,NACTI : CA-07_02_16_2016_CA-07_0007215.jpg,NACTI : unknown,NACTI : lebec_CA-07,-1,deer,,5,train
https://storage.googleapis.com/public-datasets-lila/nacti-unzipped/part1/sub198/FL-16_07_06_2016_FL-16_0139884.JPG,NACTI : FL-16_07_06_2016_FL-16_0139884.JPG,NACTI : unknown,NACTI : archbold_FL-16,-1,deer,,5,train
https://storage.googleapis.com/public-datasets-lila/nacti-unzipped/part1/sub134/FL-05_10_05_2016_FL-05_0044512.JPG,NACTI : FL-05_10_05_2016_FL-05_0044512.JPG,NACTI : unknown,NACTI : archbold_FL-05,-1,deer,,5,train
https://storage.googleapis.com/public-datasets-lila/nacti-unzipped/part1/sub177/FL-12_09_02_2015_FL-12_0013343.jpg,NACTI : FL-12_09_02_2015_FL-12_0013343.jpg,NACTI : unknown,NACTI : archbold_FL-12,-1,deer,,5,train
https://storage.googleapis.com/public-datasets-lila/nz-trailcams/LCC/deer/dae51599-8030-4e26-87af-45d11d702be9.JPG,Trail Camera Images of New Zealand Animals : LCC/deer/dae51599-8030-4e26-87af-45d11d702be9.JPG,Trail Camera Images of New Zealand Animals : unknown,Trail Camera Images of New Zealand Animals : LCC_R86,-1,deer,06-03-2018 11:55:49,5,train
https://storage.googleapis.com/public-datasets-lila/idaho-camera-traps/public/loc_0169/loc_0169_im_000274.jpg,Idaho Camera Traps : loc_0169_im_000274,Idaho Camera Traps : loc_0169_seq_000039,Idaho Camera Traps : 169,1,deer,06-02-2016 00:54:19,5,test
https://storage.googleapis.com/public-datasets-lila/nacti-unzipped/part1/sub134/FL-05_09_02_2015_FL-05_0023078.jpg,NACTI : FL-05_09_02_2015_FL-05_0023078.jpg,NACTI : unknown,NACTI : archbold_FL-05,-1,deer,,5,train
https://storage.googleapis.com/public-datasets-lila/idaho-camera-traps/public/loc_0153/loc_0153_im_000537.jpg,Idaho Camera Traps : loc_0153_im_000537,Idaho Camera Traps : loc_0153_seq_000137,Idaho Camera Traps : 153,0,deer,07-11-2016 07:29:35,5,train
https://storage.googleapis.com/public-datasets-lila/idaho-camera-traps/public/loc_0257/loc_0257_im_004646.jpg,Idaho Camera Traps : loc_0257_im_004646,Idaho Camera Traps : loc_0257_seq_000479,Idaho Camera Traps : 257,6,deer,03-01-2016 15:32:52,5,train
https://storage.googleapis.com/public-datasets-lila/nacti-unzipped/part2/sub285/FL-40_12_07_2015_FL-40_0003278.jpg,NACTI : FL-40_12_07_2015_FL-40_0003278.jpg,NACTI : unknown,NACTI : archbold_FL-40,-1,deer,,5,val
https://storage.googleapis.com/public-datasets-lila/nacti-unzipped/part1/sub166/FL-09_06_02_2015_FL-09_0021057.jpg,NACTI : FL-09_06_02_2015_FL-09_0021057.jpg,NACTI : unknown,NACTI : archbold_FL-09,-1,deer,,5,train
https://storage.googleapis.com/public-datasets-lila/nacti-unzipped/part2/sub232/FL-23_12_08_2015_FL-23_0016410.jpg,NACTI : FL-23_12_08_2015_FL-23_0016410.jpg,NACTI : unknown,NACTI : archbold_FL-23,-1,deer,,5,train
https://storage.googleapis.com/public-datasets-lila/nz-trailcams/LCC/deer/01c31d8c-b171-4509-b0b6-fbeed366b284.JPG,Trail Camera Images of New Zealand Animals : LCC/deer/01c31d8c-b171-4509-b0b6-fbeed366b284.JPG,Trail Camera Images of New Zealand Animals : unknown,Trail Camera Images of New Zealand Animals : LCC_B116,-1,deer,05-17-2018 15:48:39,5,train
https://storage.googleapis.com/public-datasets-lila/idaho-camera-traps/public/loc_0223/loc_0223_im_000320.jpg,Idaho Camera Traps : loc_0223_im_000320,Idaho Camera Traps : loc_0223_seq_000057,Idaho Camera Traps : 223,14,deer,01-08-2016 13:31:51,5,train
https://storage.googleapis.com/public-datasets-lila/caltech-unzipped/cct_images/597e6279-23d2-11e8-a6a3-ec086b02610b.jpg,Caltech Camera Traps : 597e6279-23d2-11e8-a6a3-ec086b02610b,Caltech Camera Traps : 6f8ff366-5567-11e8-92a1-dca9047ef277,Caltech Camera Traps : 57,1,deer,10-16-2014 03:22:45,5,train
https://storage.googleapis.com/public-datasets-lila/idaho-camera-traps/public/loc_0167/loc_0167_im_000162.jpg,Idaho Camera Traps : loc_0167_im_000162,Idaho Camera Traps : loc_0167_seq_000025,Idaho Camera Traps : 167,8,deer,06-02-2016 22:18:55,5,train
https://storage.googleapis.com/public-datasets-lila/nacti-unzipped/part1/sub189/FL-16_01_21_2016_FL-16_0102637.jpg,NACTI : FL-16_01_21_2016_FL-16_0102637.jpg,NACTI : unknown,NACTI : archbold_FL-16,-1,deer,,5,train
https://storage.googleapis.com/public-datasets-lila/nz-trailcams/LCC/deer/5a63a0f3-d16d-4826-8f81-a0cdef4dfe6f.JPG,Trail Camera Images of New Zealand Animals : LCC/deer/5a63a0f3-d16d-4826-8f81-a0cdef4dfe6f.JPG,Trail Camera Images of New Zealand Animals : unknown,Trail Camera Images of New Zealand Animals : LCC_B129,-1,deer,04-24-2018 23:54:23,5,train
https://storage.googleapis.com/public-datasets-lila/nacti-unzipped/part2/sub245/FL-27_09_02_2016_FL-27_0070995.JPG,NACTI : FL-27_09_02_2016_FL-27_0070995.JPG,NACTI : unknown,NACTI : archbold_FL-27,-1,deer,,5,train
https://storage.googleapis.com/public-datasets-lila/nz-trailcams/PS3/deer/499b77d7-2d90-4869-bb0f-e0a78826b16d.JPG,Trail Camera Images of New Zealand Animals : PS3/deer/499b77d7-2d90-4869-bb0f-e0a78826b16d.JPG,Trail Camera Images of New Zealand Animals : unknown,Trail Camera Images of New Zealand Animals : PS3_CAM8008,-1,deer,03-17-2023 22:08:43,5,train
https://storage.googleapis.com/public-datasets-lila/idaho-camera-traps/public/loc_0143/loc_0143_im_000884.jpg,Idaho Camera Traps : loc_0143_im_000884,Idaho Camera Traps : loc_0143_seq_000214,Idaho Camera Traps : 143,1,deer,08-19-2016 05:49:00,5,train
https://storage.googleapis.com/public-datasets-lila/idaho-camera-traps/public/loc_0233/loc_0233_im_001550.jpg,Idaho Camera Traps : loc_0233_im_001550,Idaho Camera Traps : loc_0233_seq_000218,Idaho Camera Traps : 233,14,deer,04-03-2016 11:44:23,5,train
https://storage.googleapis.com/public-datasets-lila/idaho-camera-traps/public/loc_0143/loc_0143_im_000438.jpg,Idaho Camera Traps : loc_0143_im_000438,Idaho Camera Traps : loc_0143_seq_000099,Idaho Camera Traps : 143,1,deer,07-06-2016 20:13:59,5,train
https://storage.googleapis.com/public-datasets-lila/idaho-camera-traps/public/loc_0140/loc_0140_im_001082.jpg,Idaho Camera Traps : loc_0140_im_001082,Idaho Camera Traps : loc_0140_seq_000183,Idaho Camera Traps : 140,3,deer,07-13-2016 06:52:06,5,train
https://storage.googleapis.com/public-datasets-lila/idaho-camera-traps/public/loc_0121/loc_0121_im_004300.jpg,Idaho Camera Traps : loc_0121_im_004300,Idaho Camera Traps : loc_0121_seq_000499,Idaho Camera Traps : 121,0,deer,01-21-2016 02:06:41,5,train
https://storage.googleapis.com/public-datasets-lila/idaho-camera-traps/public/loc_0003/loc_0003_im_001385.jpg,Idaho Camera Traps : loc_0003_im_001385,Idaho Camera Traps : loc_0003_seq_001189,Idaho Camera Traps : 3,3,deer,01-15-2016 15:31:28,5,val
https://storage.googleapis.com/public-datasets-lila/idaho-camera-traps/public/loc_0135/loc_0135_im_000481.jpg,Idaho Camera Traps : loc_0135_im_000481,Idaho Camera Traps : loc_0135_seq_000083,Idaho Camera Traps : 135,4,deer,07-01-2016 07:02:06,5,test
https://storage.googleapis.com/public-datasets-lila/nacti-unzipped/part0/sub045/CA-11_04_06_2016_CA-11_0009401.JPG,NACTI : CA-11_04_06_2016_CA-11_0009401.JPG,NACTI : unknown,NACTI : lebec_CA-11,-1,deer,,5,train
https://storage.googleapis.com/public-datasets-lila/idaho-camera-traps/public/loc_0225/loc_0225_im_002285.jpg,Idaho Camera Traps : loc_0225_im_002285,Idaho Camera Traps : loc_0225_seq_000306,Idaho Camera Traps : 225,1,deer,01-15-2016 17:29:26,5,train
https://storage.googleapis.com/public-datasets-lila/nz-trailcams/PS1/deer/ba152c36-bd60-4262-93a5-fcbe443573a1.JPG,Trail Camera Images of New Zealand Animals : PS1/deer/ba152c36-bd60-4262-93a5-fcbe443573a1.JPG,Trail Camera Images of New Zealand Animals : unknown,Trail Camera Images of New Zealand Animals : PS1_CAM7920,-1,deer,11-24-2021 12:24:50,5,train
https://storage.googleapis.com/public-datasets-lila/nz-trailcams/PS3/deer/1cc113eb-9a39-4c7a-ae0d-ae0f4688b33e.JPG,Trail Camera Images of New Zealand Animals : PS3/deer/1cc113eb-9a39-4c7a-ae0d-ae0f4688b33e.JPG,Trail Camera Images of New Zealand Animals : unknown,Trail Camera Images of New Zealand Animals : PS3_CAM7507,-1,deer,02-08-2023 03:24:55,5,test
https://storage.googleapis.com/public-datasets-lila/idaho-camera-traps/public/loc_0103/loc_0103_im_003014.jpg,Idaho Camera Traps : loc_0103_im_003014,Idaho Camera Traps : loc_0103_seq_000396,Idaho Camera Traps : 103,5,deer,10-24-2015 02:01:21,5,train
https://storage.googleapis.com/public-datasets-lila/idaho-camera-traps/public/loc_0100/loc_0100_im_007438.jpg,Idaho Camera Traps : loc_0100_im_007438,Idaho Camera Traps : loc_0100_seq_000713,Idaho Camera Traps : 100,4,deer,12-25-2015 12:00:09,5,train
https://storage.googleapis.com/public-datasets-lila/idaho-camera-traps/public/loc_0130/loc_0130_im_003320.jpg,Idaho Camera Traps : loc_0130_im_003320,Idaho Camera Traps : loc_0130_seq_000300,Idaho Camera Traps : 130,9,deer,07-14-2016 19:05:38,5,train
https://storage.googleapis.com/public-datasets-lila/nz-trailcams/PS3/deer/d2a816e4-ca27-4b1a-81ba-12ab65f80c6e.JPG,Trail Camera Images of New Zealand Animals : PS3/deer/d2a816e4-ca27-4b1a-81ba-12ab65f80c6e.JPG,Trail Camera Images of New Zealand Animals : unknown,Trail Camera Images of New Zealand Animals : PS3_CAMGC43,-1,deer,02-26-2023 21:49:51,5,train
https://storage.googleapis.com/public-datasets-lila/nacti-unzipped/part2/sub208/FL-18_09_30_2015_FL-18_0015887.jpg,NACTI : FL-18_09_30_2015_FL-18_0015887.jpg,NACTI : unknown,NACTI : archbold_FL-18,-1,deer,,5,train
https://storage.googleapis.com/public-datasets-lila/nacti-unzipped/part1/sub189/FL-15_10_01_2015_FL-15_0009076.jpg,NACTI : FL-15_10_01_2015_FL-15_0009076.jpg,NACTI : unknown,NACTI : archbold_FL-15,-1,deer,,5,train
https://storage.googleapis.com/public-datasets-lila/idaho-camera-traps/public/loc_0085/loc_0085_im_000426.jpg,Idaho Camera Traps : loc_0085_im_000426,Idaho Camera Traps : loc_0085_seq_000047,Idaho Camera Traps : 85,3,deer,07-16-2015 07:31:09,5,train
https://storage.googleapis.com/public-datasets-lila/nacti-unzipped/part2/sub230/FL-23_03_04_2016_FL-23_0019057.JPG,NACTI : FL-23_03_04_2016_FL-23_0019057.JPG,NACTI : unknown,NACTI : archbold_FL-23,-1,deer,,5,train
https://storage.googleapis.com/public-datasets-lila/idaho-camera-traps/public/loc_0097/loc_0097_im_001097.jpg,Idaho Camera Traps : loc_0097_im_001097,Idaho Camera Traps : loc_0097_seq_000125,Idaho Camera Traps : 97,2,deer,11-06-2015 17:03:40,5,train
https://storage.googleapis.com/public-datasets-lila/idaho-camera-traps/public/loc_0177/loc_0177_im_000603.jpg,Idaho Camera Traps : loc_0177_im_000603,Idaho Camera Traps : loc_0177_seq_000109,Idaho Camera Traps : 177,1,deer,07-19-2016 17:25:35,5,train
https://storage.googleapis.com/public-datasets-lila/nz-trailcams/PS1/deer/2320782d-1054-4df8-9117-18c5164d2a4b.JPG,Trail Camera Images of New Zealand Animals : PS1/deer/2320782d-1054-4df8-9117-18c5164d2a4b.JPG,Trail Camera Images of New Zealand Animals : unknown,Trail Camera Images of New Zealand Animals : PS1_CAM8410,-1,deer,01-11-2020 08:03:56,5,val
https://storage.googleapis.com/public-datasets-lila/idaho-camera-traps/public/loc_0180/loc_0180_im_000115.jpg,Idaho Camera Traps : loc_0180_im_000115,Idaho Camera Traps : loc_0180_seq_000019,Idaho Camera Traps : 180,5,deer,06-01-2016 08:22:57,5,train
https://storage.googleapis.com/public-datasets-lila/idaho-camera-traps/public/loc_0117/loc_0117_im_001601.jpg,Idaho Camera Traps : loc_0117_im_001601,Idaho Camera Traps : loc_0117_seq_000216,Idaho Camera Traps : 117,2,deer,11-29-2015 10:05:45,5,train
https://storage.googleapis.com/public-datasets-lila/idaho-camera-traps/public/loc_0275/loc_0275_im_000635.jpg,Idaho Camera Traps : loc_0275_im_000635,Idaho Camera Traps : loc_0275_seq_000162,Idaho Camera Traps : 275,2,deer,03-11-2016 06:25:13,5,train
https://storage.googleapis.com/public-datasets-lila/nacti-unzipped/part2/sub207/FL-17_11_02_2015_FL-17_0062519.jpg,NACTI : FL-17_11_02_2015_FL-17_0062519.jpg,NACTI : unknown,NACTI : archbold_FL-17,-1,deer,,5,train
https://storage.googleapis.com/public-datasets-lila/nacti-unzipped/part2/sub234/FL-24_06_02_2016_FL-24_0057999.JPG,NACTI : FL-24_06_02_2016_FL-24_0057999.JPG,NACTI : unknown,NACTI : archbold_FL-24,-1,deer,,5,train
https://storage.googleapis.com/public-datasets-lila/idaho-camera-traps/public/loc_0141/loc_0141_im_001404.jpg,Idaho Camera Traps : loc_0141_im_001404,Idaho Camera Traps : loc_0141_seq_000282,Idaho Camera Traps : 141,1,deer,10-04-2016 23:57:33,5,train
https://storage.googleapis.com/public-datasets-lila/idaho-camera-traps/public/loc_0156/loc_0156_im_000071.jpg,Idaho Camera Traps : loc_0156_im_000071,Idaho Camera Traps : loc_0156_seq_000012,Idaho Camera Traps : 156,8,deer,05-30-2016 20:03:47,5,train
https://storage.googleapis.com/public-datasets-lila/nz-trailcams/PS3/deer/07ffceef-f8d2-4468-98a1-75fa69192ff3.JPG,Trail Camera Images of New Zealand Animals : PS3/deer/07ffceef-f8d2-4468-98a1-75fa69192ff3.JPG,Trail Camera Images of New Zealand Animals : unknown,Trail Camera Images of New Zealand Animals : PS3_CAMFC23,-1,deer,02-11-2023 21:48:38,5,train
https://storage.googleapis.com/public-datasets-lila/nacti-unzipped/part1/sub131/FL-04_12_07_2015_FL-04_0013407.jpg,NACTI : FL-04_12_07_2015_FL-04_0013407.jpg,NACTI : unknown,NACTI : archbold_FL-04,-1,deer,,5,test
https://storage.googleapis.com/public-datasets-lila/idaho-camera-traps/public/loc_0016/loc_0016_im_004924.jpg,Idaho Camera Traps : loc_0016_im_004924,Idaho Camera Traps : loc_0016_seq_004135,Idaho Camera Traps : 16,0,deer,02-01-2016 17:15:00,5,test
https://storage.googleapis.com/public-datasets-lila/idaho-camera-traps/public/loc_0121/loc_0121_im_001513.jpg,Idaho Camera Traps : loc_0121_im_001513,Idaho Camera Traps : loc_0121_seq_000159,Idaho Camera Traps : 121,7,deer,08-09-2015 18:18:27,5,train
https://storage.googleapis.com/public-datasets-lila/nz-trailcams/PS3/deer/9ee31b6f-2517-4f51-8a8f-af3a0d1052a3.JPG,Trail Camera Images of New Zealand Animals : PS3/deer/9ee31b6f-2517-4f51-8a8f-af3a0d1052a3.JPG,Trail Camera Images of New Zealand Animals : unknown,Trail Camera Images of New Zealand Animals : PS3_CAMFC23,-1,deer,02-10-2023 02:56:20,5,train
https://storage.googleapis.com/public-datasets-lila/idaho-camera-traps/public/loc_0125/loc_0125_im_000111.jpg,Idaho Camera Traps : loc_0125_im_000111,Idaho Camera Traps : loc_0125_seq_000022,Idaho Camera Traps : 125,8,deer,06-04-2016 20:53:40,5,train
https://storage.googleapis.com/public-datasets-lila/nacti-unzipped/part0/sub082/CA-30_08_03_2015_CA-30_0031832.jpg,NACTI : CA-30_08_03_2015_CA-30_0031832.jpg,NACTI : unknown,NACTI : lebec_CA-30,-1,deer,,5,train
https://storage.googleapis.com/public-datasets-lila/idaho-camera-traps/public/loc_0122/loc_0122_im_004852.jpg,Idaho Camera Traps : loc_0122_im_004852,Idaho Camera Traps : loc_0122_seq_000616,Idaho Camera Traps : 122,4,deer,04-30-2016 16:09:53,5,val
https://storage.googleapis.com/public-datasets-lila/idaho-camera-traps/public/loc_0225/loc_0225_im_004745.jpg,Idaho Camera Traps : loc_0225_im_004745,Idaho Camera Traps : loc_0225_seq_000675,Idaho Camera Traps : 225,0,deer,02-16-2016 11:09:50,5,train
https://storage.googleapis.com/public-datasets-lila/idaho-camera-traps/public/loc_0196/loc_0196_im_000429.jpg,Idaho Camera Traps : loc_0196_im_000429,Idaho Camera Traps : loc_0196_seq_000035,Idaho Camera Traps : 196,6,deer,07-16-2015 08:05:23,5,train
https://storage.googleapis.com/public-datasets-lila/idaho-camera-traps/public/loc_0126/loc_0126_im_002619.jpg,Idaho Camera Traps : loc_0126_im_002619,Idaho Camera Traps : loc_0126_seq_000246,Idaho Camera Traps : 126,19,deer,07-16-2016 19:32:36,5,train
https://storage.googleapis.com/public-datasets-lila/idaho-camera-traps/public/loc_0204/loc_0204_im_000474.jpg,Idaho Camera Traps : loc_0204_im_000474,Idaho Camera Traps : loc_0204_seq_000113,Idaho Camera Traps : 204,1,deer,03-09-2016 18:44:00,5,train
https://storage.googleapis.com/public-datasets-lila/idaho-camera-traps/public/loc_0156/loc_0156_im_000623.jpg,Idaho Camera Traps : loc_0156_im_000623,Idaho Camera Traps : loc_0156_seq_000097,Idaho Camera Traps : 156,1,deer,07-09-2016 20:40:43,5,train
https://storage.googleapis.com/public-datasets-lila/nacti-unzipped/part2/sub275/FL-36_01_23_2016_FL-36_0005828.jpg,NACTI : FL-36_01_23_2016_FL-36_0005828.jpg,NACTI : unknown,NACTI : archbold_FL-36,-1,deer,,5,test
https://storage.googleapis.com/public-datasets-lila/nacti-unzipped/part2/sub208/FL-18_09_02_2015_FL-18_0015127.jpg,NACTI : FL-18_09_02_2015_FL-18_0015127.jpg,NACTI : unknown,NACTI : archbold_FL-18,-1,deer,,5,train
https://storage.googleapis.com/public-datasets-lila/idaho-camera-traps/public/loc_0101/loc_0101_im_001901.jpg,Idaho Camera Traps : loc_0101_im_001901,Idaho Camera Traps : loc_0101_seq_000334,Idaho Camera Traps : 101,1,deer,04-21-2016 01:04:59,5,train
https://storage.googleapis.com/public-datasets-lila/idaho-camera-traps/public/loc_0126/loc_0126_im_000057.jpg,Idaho Camera Traps : loc_0126_im_000057,Idaho Camera Traps : loc_0126_seq_000005,Idaho Camera Traps : 126,15,deer,06-20-2016 21:12:01,5,train
https://storage.googleapis.com/public-datasets-lila/nacti-unzipped/part2/sub258/FL-30_04_05_2016_FL-30_0047816.JPG,NACTI : FL-30_04_05_2016_FL-30_0047816.JPG,NACTI : unknown,NACTI : archbold_FL-30,-1,deer,,5,train
https://storage.googleapis.com/public-datasets-lila/idaho-camera-traps/public/loc_0167/loc_0167_im_000650.jpg,Idaho Camera Traps : loc_0167_im_000650,Idaho Camera Traps : loc_0167_seq_000121,Idaho Camera Traps : 167,3,deer,07-12-2016 09:49:06,5,train
https://storage.googleapis.com/public-datasets-lila/nacti-unzipped/part2/sub207/FL-18_01_20_2016_FL-18_0017015.jpg,NACTI : FL-18_01_20_2016_FL-18_0017015.jpg,NACTI : unknown,NACTI : archbold_FL-18,-1,deer,,5,train
https://storage.googleapis.com/public-datasets-lila/idaho-camera-traps/public/loc_0150/loc_0150_im_001278.jpg,Idaho Camera Traps : loc_0150_im_001278,Idaho Camera Traps : loc_0150_seq_000143,Idaho Camera Traps : 150,1,deer,07-12-2016 07:26:03,5,val
https://storage.googleapis.com/public-datasets-lila/idaho-camera-traps/public/loc_0177/loc_0177_im_000829.jpg,Idaho Camera Traps : loc_0177_im_000829,Idaho Camera Traps : loc_0177_seq_000162,Idaho Camera Traps : 177,5,deer,08-24-2016 08:16:15,5,train
https://storage.googleapis.com/public-datasets-lila/idaho-camera-traps/public/loc_0110/loc_0110_im_002939.jpg,Idaho Camera Traps : loc_0110_im_002939,Idaho Camera Traps : loc_0110_seq_000316,Idaho Camera Traps : 110,1,deer,05-11-2016 19:50:08,5,train
https://storage.googleapis.com/public-datasets-lila/idaho-camera-traps/public/loc_0124/loc_0124_im_002650.jpg,Idaho Camera Traps : loc_0124_im_002650,Idaho Camera Traps : loc_0124_seq_000287,Idaho Camera Traps : 124,10,deer,03-22-2016 00:24:34,5,test
https://storage.googleapis.com/public-datasets-lila/nacti-unzipped/part0/sub088/CA-34_10_14_2015_CA-34_0018610.jpg,NACTI : CA-34_10_14_2015_CA-34_0018610.jpg,NACTI : unknown,NACTI : lebec_CA-34,-1,deer,,5,train
https://storage.googleapis.com/public-datasets-lila/idaho-camera-traps/public/loc_0100/loc_0100_im_000911.jpg,Idaho Camera Traps : loc_0100_im_000911,Idaho Camera Traps : loc_0100_seq_000086,Idaho Camera Traps : 100,5,deer,06-30-2015 06:03:46,5,train
https://storage.googleapis.com/public-datasets-lila/orinoquia-camera-traps/public/M04/104EK113/02280632.JPG,Orinoquia Camera Traps : M04_104EK113_02280632.JPG,Orinoquia Camera Traps : 39a6e036-7160-11ec-b387-5cf3706028c2,Orinoquia Camera Traps : M04,13,deer,02-28-2020 16:56:46,5,train
https://storage.googleapis.com/public-datasets-lila/idaho-camera-traps/public/loc_0136/loc_0136_im_000363.jpg,Idaho Camera Traps : loc_0136_im_000363,Idaho Camera Traps : loc_0136_seq_000070,Idaho Camera Traps : 136,3,deer,06-28-2016 04:53:09,5,val
https://storage.googleapis.com/public-datasets-lila/idaho-camera-traps/public/loc_0181/loc_0181_im_001340.jpg,Idaho Camera Traps : loc_0181_im_001340,Idaho Camera Traps : loc_0181_seq_000360,Idaho Camera Traps : 181,42,deer,08-12-2016 03:09:53,5,train
https://storage.googleapis.com/public-datasets-lila/idaho-camera-traps/public/loc_0213/loc_0213_im_000597.jpg,Idaho Camera Traps : loc_0213_im_000597,Idaho Camera Traps : loc_0213_seq_000135,Idaho Camera Traps : 213,2,deer,03-01-2016 08:14:38,5,train
https://storage.googleapis.com/public-datasets-lila/idaho-camera-traps/public/loc_0155/loc_0155_im_000082.jpg,Idaho Camera Traps : loc_0155_im_000082,Idaho Camera Traps : loc_0155_seq_000028,Idaho Camera Traps : 155,5,deer,06-13-2016 17:42:03,5,test
https://storage.googleapis.com/public-datasets-lila/nacti-unzipped/part1/sub172/FL-12_01_20_2016_FL-12_0022575.jpg,NACTI : FL-12_01_20_2016_FL-12_0022575.jpg,NACTI : unknown,NACTI : archbold_FL-12,-1,deer,,5,train
https://storage.googleapis.com/public-datasets-lila/idaho-camera-traps/public/loc_0085/loc_0085_im_001727.jpg,Idaho Camera Traps : loc_0085_im_001727,Idaho Camera Traps : loc_0085_seq_000194,Idaho Camera Traps : 85,14,deer,11-18-2015 10:31:09,5,train
https://storage.googleapis.com/public-datasets-lila/idaho-camera-traps/public/loc_0240/loc_0240_im_003500.jpg,Idaho Camera Traps : loc_0240_im_003500,Idaho Camera Traps : loc_0240_seq_000430,Idaho Camera Traps : 240,7,deer,04-05-2016 07:25:36,5,test
https://storage.googleapis.com/public-datasets-lila/nacti-unzipped/part1/sub199/FL-17_03_04_2016_FL-17_0065385.JPG,NACTI : FL-17_03_04_2016_FL-17_0065385.JPG,NACTI : unknown,NACTI : archbold_FL-17,-1,deer,,5,train
https://storage.googleapis.com/public-datasets-lila/idaho-camera-traps/public/loc_0126/loc_0126_im_001381.jpg,Idaho Camera Traps : loc_0126_im_001381,Idaho Camera Traps : loc_0126_seq_000124,Idaho Camera Traps : 126,6,deer,07-03-2016 20:43:49,5,train
https://storage.googleapis.com/public-datasets-lila/idaho-camera-traps/public/loc_0113/loc_0113_im_000214.jpg,Idaho Camera Traps : loc_0113_im_000214,Idaho Camera Traps : loc_0113_seq_000025,Idaho Camera Traps : 113,10,deer,07-09-2015 09:20:56,5,val
https://storage.googleapis.com/public-datasets-lila/nacti-unzipped/part1/sub133/FL-05_06_02_2016_FL-05_0038720.JPG,NACTI : FL-05_06_02_2016_FL-05_0038720.JPG,NACTI : unknown,NACTI : archbold_FL-05,-1,deer,,5,train
https://storage.googleapis.com/public-datasets-lila/idaho-camera-traps/public/loc_0257/loc_0257_im_001425.jpg,Idaho Camera Traps : loc_0257_im_001425,Idaho Camera Traps : loc_0257_seq_000124,Idaho Camera Traps : 257,0,deer,01-02-2016 09:29:58,5,train
https://storage.googleapis.com/public-datasets-lila/idaho-camera-traps/public/loc_0084/loc_0084_im_000036.jpg,Idaho Camera Traps : loc_0084_im_000036,Idaho Camera Traps : loc_0084_seq_000002,Idaho Camera Traps : 84,6,deer,05-31-2015 21:29:50,5,train
https://storage.googleapis.com/public-datasets-lila/idaho-camera-traps/public/loc_0122/loc_0122_im_005377.jpg,Idaho Camera Traps : loc_0122_im_005377,Idaho Camera Traps : loc_0122_seq_000662,Idaho Camera Traps : 122,7,deer,05-17-2016 18:47:11,5,val
https://storage.googleapis.com/public-datasets-lila/idaho-camera-traps/public/loc_0257/loc_0257_im_002027.jpg,Idaho Camera Traps : loc_0257_im_002027,Idaho Camera Traps : loc_0257_seq_000188,Idaho Camera Traps : 257,4,deer,01-10-2016 11:18:36,5,train
https://storage.googleapis.com/public-datasets-lila/idaho-camera-traps/public/loc_0087/loc_0087_im_000147.jpg,Idaho Camera Traps : loc_0087_im_000147,Idaho Camera Traps : loc_0087_seq_000016,Idaho Camera Traps : 87,3,deer,05-30-2015 03:49:27,5,train
https://storage.googleapis.com/public-datasets-lila/idaho-camera-traps/public/loc_0195/loc_0195_im_000036.jpg,Idaho Camera Traps : loc_0195_im_000036,Idaho Camera Traps : loc_0195_seq_000005,Idaho Camera Traps : 195,12,deer,06-14-2015 22:37:51,5,train
https://storage.googleapis.com/public-datasets-lila/nacti-unzipped/part1/sub179/FL-13_03_07_2016_FL-13_0069922.JPG,NACTI : FL-13_03_07_2016_FL-13_0069922.JPG,NACTI : unknown,NACTI : archbold_FL-13,-1,deer,,5,train
https://storage.googleapis.com/public-datasets-lila/nacti-unzipped/part2/sub206/FL-17_07_28_2015_FL-17_0059301.jpg,NACTI : FL-17_07_28_2015_FL-17_0059301.jpg,NACTI : unknown,NACTI : archbold_FL-17,-1,deer,,5,train
https://storage.googleapis.com/public-datasets-lila/nacti-unzipped/part2/sub228/FL-22_07_29_2015_FL-22_0065188.jpg,NACTI : FL-22_07_29_2015_FL-22_0065188.jpg,NACTI : unknown,NACTI : archbold_FL-22,-1,deer,,5,train
https://storage.googleapis.com/public-datasets-lila/idaho-camera-traps/public/loc_0112/loc_0112_im_000371.jpg,Idaho Camera Traps : loc_0112_im_000371,Idaho Camera Traps : loc_0112_seq_000047,Idaho Camera Traps : 112,8,deer,10-06-2015 02:59:44,5,train
https://storage.googleapis.com/public-datasets-lila/nz-trailcams/LCA/deer/6db14c6b-dc97-48d0-8c46-d3b5cbbd308e.JPG,Trail Camera Images of New Zealand Animals : LCA/deer/6db14c6b-dc97-48d0-8c46-d3b5cbbd308e.JPG,Trail Camera Images of New Zealand Animals : unknown,Trail Camera Images of New Zealand Animals : LCA_CAMO6,-1,deer,04-15-2021 10:32:00,5,train
https://storage.googleapis.com/public-datasets-lila/idaho-camera-traps/public/loc_0178/loc_0178_im_000122.jpg,Idaho Camera Traps : loc_0178_im_000122,Idaho Camera Traps : loc_0178_seq_000047,Idaho Camera Traps : 178,0,deer,06-25-2016 09:10:14,5,train
https://storage.googleapis.com/public-datasets-lila/idaho-camera-traps/public/loc_0138/loc_0138_im_002043.jpg,Idaho Camera Traps : loc_0138_im_002043,Idaho Camera Traps : loc_0138_seq_000390,Idaho Camera Traps : 138,2,deer,10-19-2016 21:14:50,5,val
https://storage.googleapis.com/public-datasets-lila/nacti-unzipped/part2/sub251/FL-29_03_07_2016_FL-29_0055978.JPG,NACTI : FL-29_03_07_2016_FL-29_0055978.JPG,NACTI : unknown,NACTI : archbold_FL-29,-1,deer,,5,train
https://storage.googleapis.com/public-datasets-lila/idaho-camera-traps/public/loc_0148/loc_0148_im_001350.jpg,Idaho Camera Traps : loc_0148_im_001350,Idaho Camera Traps : loc_0148_seq_000076,Idaho Camera Traps : 148,57,deer,06-17-2016 01:53:29,5,train
https://storage.googleapis.com/public-datasets-lila/idaho-camera-traps/public/loc_0125/loc_0125_im_000923.jpg,Idaho Camera Traps : loc_0125_im_000923,Idaho Camera Traps : loc_0125_seq_000166,Idaho Camera Traps : 125,2,deer,07-18-2016 22:42:56,5,train
https://storage.googleapis.com/public-datasets-lila/nz-trailcams/PS1/deer/2c8e293d-6839-42a5-94ee-c9b7ea8658d4.JPG,Trail Camera Images of New Zealand Animals : PS1/deer/2c8e293d-6839-42a5-94ee-c9b7ea8658d4.JPG,Trail Camera Images of New Zealand Animals : unknown,Trail Camera Images of New Zealand Animals : PS1_CAM7213,-1,deer,03-09-2022 18:24:03,5,train
https://storage.googleapis.com/public-datasets-lila/idaho-camera-traps/public/loc_0240/loc_0240_im_000274.jpg,Idaho Camera Traps : loc_0240_im_000274,Idaho Camera Traps : loc_0240_seq_000033,Idaho Camera Traps : 240,2,deer,12-26-2015 11:24:24,5,test
https://storage.googleapis.com/public-datasets-lila/idaho-camera-traps/public/loc_0012/loc_0012_im_011207.jpg,Idaho Camera Traps : loc_0012_im_011207,Idaho Camera Traps : loc_0012_seq_007734,Idaho Camera Traps : 12,13,deer,02-25-2016 07:55:46,5,train
https://storage.googleapis.com/public-datasets-lila/idaho-camera-traps/public/loc_0233/loc_0233_im_000634.jpg,Idaho Camera Traps : loc_0233_im_000634,Idaho Camera Traps : loc_0233_seq_000117,Idaho Camera Traps : 233,6,deer,02-25-2016 10:54:17,5,train
https://storage.googleapis.com/public-datasets-lila/idaho-camera-traps/public/loc_0118/loc_0118_im_000665.jpg,Idaho Camera Traps : loc_0118_im_000665,Idaho Camera Traps : loc_0118_seq_000090,Idaho Camera Traps : 118,5,deer,07-26-2015 23:51:05,5,train
https://storage.googleapis.com/public-datasets-lila/nacti-unzipped/part1/sub189/FL-15_10_01_2015_FL-15_0008751.jpg,NACTI : FL-15_10_01_2015_FL-15_0008751.jpg,NACTI : unknown,NACTI : archbold_FL-15,-1,deer,,5,train
https://storage.googleapis.com/public-datasets-lila/idaho-camera-traps/public/loc_0003/loc_0003_im_006143.jpg,Idaho Camera Traps : loc_0003_im_006143,Idaho Camera Traps : loc_0003_seq_004373,Idaho Camera Traps : 3,6,deer,02-06-2016 11:31:24,5,val
https://storage.googleapis.com/public-datasets-lila/nz-trailcams/PS3/deer/a1d63b6b-831a-4567-8373-6d709d17be35.JPG,Trail Camera Images of New Zealand Animals : PS3/deer/a1d63b6b-831a-4567-8373-6d709d17be35.JPG,Trail Camera Images of New Zealand Animals : unknown,Trail Camera Images of New Zealand Animals : PS3_CAM8001,-1,deer,03-26-2023 21:14:52,5,train
https://storage.googleapis.com/public-datasets-lila/nacti-unzipped/part1/sub184/FL-13_08_04_2016_FL-13_0090656.JPG,NACTI : FL-13_08_04_2016_FL-13_0090656.JPG,NACTI : unknown,NACTI : archbold_FL-13,-1,deer,,5,train
https://storage.googleapis.com/public-datasets-lila/idaho-camera-traps/public/loc_0085/loc_0085_im_000545.jpg,Idaho Camera Traps : loc_0085_im_000545,Idaho Camera Traps : loc_0085_seq_000056,Idaho Camera Traps : 85,20,deer,07-27-2015 16:37:50,5,train
https://storage.googleapis.com/public-datasets-lila/nacti-unzipped/part1/sub178/FL-13_01_20_2016_FL-13_0060856.jpg,NACTI : FL-13_01_20_2016_FL-13_0060856.jpg,NACTI : unknown,NACTI : archbold_FL-13,-1,deer,,5,train
https://storage.googleapis.com/public-datasets-lila/idaho-camera-traps/public/loc_0082/loc_0082_im_000824.jpg,Idaho Camera Traps : loc_0082_im_000824,Idaho Camera Traps : loc_0082_seq_000143,Idaho Camera Traps : 82,2,deer,04-28-2016 08:57:14,5,train
https://storage.googleapis.com/public-datasets-lila/nacti-unzipped/part2/sub290/FL-43_12_07_2015_FL-43_0002315.jpg,NACTI : FL-43_12_07_2015_FL-43_0002315.jpg,NACTI : unknown,NACTI : archbold_FL-43,-1,deer,,5,train
https://storage.googleapis.com/public-datasets-lila/nacti-unzipped/part1/sub171/FL-11_09_02_2015_FL-11_0012300.jpg,NACTI : FL-11_09_02_2015_FL-11_0012300.jpg,NACTI : unknown,NACTI : archbold_FL-11,-1,deer,,5,train
https://storage.googleapis.com/public-datasets-lila/idaho-camera-traps/public/loc_0075/loc_0075_im_009004.jpg,Idaho Camera Traps : loc_0075_im_009004,Idaho Camera Traps : loc_0075_seq_008468,Idaho Camera Traps : 75,3,deer,03-05-2016 22:48:40,5,train
https://storage.googleapis.com/public-datasets-lila/nacti-unzipped/part1/sub187/FL-14_07_06_2016_FL-14_0026621.JPG,NACTI : FL-14_07_06_2016_FL-14_0026621.JPG,NACTI : unknown,NACTI : archbold_FL-14,-1,deer,,5,train
https://storage.googleapis.com/public-datasets-lila/nz-trailcams/PS1/deer/62e6de5b-3ab9-44b4-b080-35d02d80a523.JPG,Trail Camera Images of New Zealand Animals : PS1/deer/62e6de5b-3ab9-44b4-b080-35d02d80a523.JPG,Trail Camera Images of New Zealand Animals : unknown,Trail Camera Images of New Zealand Animals : PS1_CAMFC23,-1,deer,09-06-2022 02:22:51,5,train
https://storage.googleapis.com/public-datasets-lila/nacti-unzipped/part0/sub043/CA-10_04_06_2015_CA-10_0000414.jpg,NACTI : CA-10_04_06_2015_CA-10_0000414.jpg,NACTI : unknown,NACTI : lebec_CA-10,-1,deer,,5,train
https://storage.googleapis.com/public-datasets-lila/idaho-camera-traps/public/loc_0148/loc_0148_im_002298.jpg,Idaho Camera Traps : loc_0148_im_002298,Idaho Camera Traps : loc_0148_seq_000202,Idaho Camera Traps : 148,4,deer,07-10-2016 03:25:52,5,train
https://storage.googleapis.com/public-datasets-lila/idaho-camera-traps/public/loc_0191/loc_0191_im_000672.jpg,Idaho Camera Traps : loc_0191_im_000672,Idaho Camera Traps : loc_0191_seq_000213,Idaho Camera Traps : 191,4,deer,10-24-2016 19:23:51,5,train
https://storage.googleapis.com/public-datasets-lila/nacti-unzipped/part1/sub185/FL-13_09_02_2015_FL-13_0055003.jpg,NACTI : FL-13_09_02_2015_FL-13_0055003.jpg,NACTI : unknown,NACTI : archbold_FL-13,-1,deer,,5,train
https://storage.googleapis.com/public-datasets-lila/nacti-unzipped/part1/sub177/FL-12_09_02_2015_FL-12_0012590.jpg,NACTI : FL-12_09_02_2015_FL-12_0012590.jpg,NACTI : unknown,NACTI : archbold_FL-12,-1,deer,,5,train
https://storage.googleapis.com/public-datasets-lila/nz-trailcams/PS3/deer/b3ec1ea7-607f-43d6-ab09-c58d61e799b4.JPG,Trail Camera Images of New Zealand Animals : PS3/deer/b3ec1ea7-607f-43d6-ab09-c58d61e799b4.JPG,Trail Camera Images of New Zealand Animals : unknown,Trail Camera Images of New Zealand Animals : PS3_CAMFC23,-1,deer,02-10-2023 02:54:48,5,train
https://storage.googleapis.com/public-datasets-lila/idaho-camera-traps/public/loc_0218/loc_0218_im_002316.jpg,Idaho Camera Traps : loc_0218_im_002316,Idaho Camera Traps : loc_0218_seq_000309,Idaho Camera Traps : 218,0,deer,04-22-2016 19:34:51,5,train
https://storage.googleapis.com/public-datasets-lila/nz-trailcams/PS1/deer/a02810f8-c56f-48d0-8714-6ad8c675ff4e.JPG,Trail Camera Images of New Zealand Animals : PS1/deer/a02810f8-c56f-48d0-8714-6ad8c675ff4e.JPG,Trail Camera Images of New Zealand Animals : unknown,Trail Camera Images of New Zealand Animals : PS1_CAMFC23,-1,deer,06-15-2022 21:16:29,5,train
https://storage.googleapis.com/public-datasets-lila/idaho-camera-traps/public/loc_0153/loc_0153_im_000558.jpg,Idaho Camera Traps : loc_0153_im_000558,Idaho Camera Traps : loc_0153_seq_000141,Idaho Camera Traps : 153,8,deer,07-12-2016 11:03:31,5,train
https://storage.googleapis.com/public-datasets-lila/nz-trailcams/PS3/deer/17d57dab-7d85-4861-b833-e9dddb7f3d5c.JPG,Trail Camera Images of New Zealand Animals : PS3/deer/17d57dab-7d85-4861-b833-e9dddb7f3d5c.JPG,Trail Camera Images of New Zealand Animals : unknown,Trail Camera Images of New Zealand Animals : PS3_CAMGC43,-1,deer,02-27-2023 05:43:23,5,train
https://storage.googleapis.com/public-datasets-lila/nacti-unzipped/part1/sub176/FL-12_07_28_2015_FL-12_0006645.jpg,NACTI : FL-12_07_28_2015_FL-12_0006645.jpg,NACTI : unknown,NACTI : archbold_FL-12,-1,deer,,5,train
https://storage.googleapis.com/public-datasets-lila/idaho-camera-traps/public/loc_0108/loc_0108_im_000129.jpg,Idaho Camera Traps : loc_0108_im_000129,Idaho Camera Traps : loc_0108_seq_000017,Idaho Camera Traps : 108,3,deer,06-12-2015 12:52:04,5,val
https://storage.googleapis.com/public-datasets-lila/idaho-camera-traps/public/loc_0135/loc_0135_im_000933.jpg,Idaho Camera Traps : loc_0135_im_000933,Idaho Camera Traps : loc_0135_seq_000181,Idaho Camera Traps : 135,0,deer,08-24-2016 21:04:52,5,test
https://storage.googleapis.com/public-datasets-lila/idaho-camera-traps/public/loc_0269/loc_0269_im_006254.jpg,Idaho Camera Traps : loc_0269_im_006254,Idaho Camera Traps : loc_0269_seq_000605,Idaho Camera Traps : 269,1,deer,02-15-2016 11:16:42,5,train
https://storage.googleapis.com/public-datasets-lila/nacti-unzipped/part1/sub178/FL-12_12_08_2015_FL-12_0019924.jpg,NACTI : FL-12_12_08_2015_FL-12_0019924.jpg,NACTI : unknown,NACTI : archbold_FL-12,-1,deer,,5,train
https://storage.googleapis.com/public-datasets-lila/nacti-unzipped/part2/sub285/FL-40_10_01_2015_FL-40_0000715.jpg,NACTI : FL-40_10_01_2015_FL-40_0000715.jpg,NACTI : unknown,NACTI : archbold_FL-40,-1,deer,,5,val
https://storage.googleapis.com/public-datasets-lila/nacti-unzipped/part1/sub134/FL-05_09_02_2015_FL-05_0023058.jpg,NACTI : FL-05_09_02_2015_FL-05_0023058.jpg,NACTI : unknown,NACTI : archbold_FL-05,-1,deer,,5,train
https://storage.googleapis.com/public-datasets-lila/nacti-unzipped/part2/sub276/FL-36_08_15_2016_FL-36_0023323.JPG,NACTI : FL-36_08_15_2016_FL-36_0023323.JPG,NACTI : unknown,NACTI : archbold_FL-36,-1,deer,,5,test
https://storage.googleapis.com/public-datasets-lila/idaho-camera-traps/public/loc_0026/loc_0026_im_005898.jpg,Idaho Camera Traps : loc_0026_im_005898,Idaho Camera Traps : loc_0026_seq_005136,Idaho Camera Traps : 26,30,deer,02-07-2016 18:29:56,5,train
https://storage.googleapis.com/public-datasets-lila/idaho-camera-traps/public/loc_0170/loc_0170_im_002619.jpg,Idaho Camera Traps : loc_0170_im_002619,Idaho Camera Traps : loc_0170_seq_000427,Idaho Camera Traps : 170,122,deer,07-13-2016 20:00:21,5,train
https://storage.googleapis.com/public-datasets-lila/idaho-camera-traps/public/loc_0150/loc_0150_im_002431.jpg,Idaho Camera Traps : loc_0150_im_002431,Idaho Camera Traps : loc_0150_seq_000325,Idaho Camera Traps : 150,2,deer,09-10-2016 00:05:59,5,val
https://storage.googleapis.com/public-datasets-lila/nz-trailcams/PS3/deer/b4c74705-84f5-47be-9aee-59aae2ea1574.JPG,Trail Camera Images of New Zealand Animals : PS3/deer/b4c74705-84f5-47be-9aee-59aae2ea1574.JPG,Trail Camera Images of New Zealand Animals : unknown,Trail Camera Images of New Zealand Animals : PS3_CAMFC23,-1,deer,03-27-2023 23:43:43,5,train
https://storage.googleapis.com/public-datasets-lila/nacti-unzipped/part0/sub082/CA-30_08_03_2015_CA-30_0031517.jpg,NACTI : CA-30_08_03_2015_CA-30_0031517.jpg,NACTI : unknown,NACTI : lebec_CA-30,-1,deer,,5,train
https://storage.googleapis.com/public-datasets-lila/nacti-unzipped/part1/sub177/FL-12_09_02_2015_FL-12_0013009.jpg,NACTI : FL-12_09_02_2015_FL-12_0013009.jpg,NACTI : unknown,NACTI : archbold_FL-12,-1,deer,,5,train
https://storage.googleapis.com/public-datasets-lila/idaho-camera-traps/public/loc_0234/loc_0234_im_000859.jpg,Idaho Camera Traps : loc_0234_im_000859,Idaho Camera Traps : loc_0234_seq_000099,Idaho Camera Traps : 234,18,deer,01-29-2016 03:15:26,5,train
https://storage.googleapis.com/public-datasets-lila/idaho-camera-traps/public/loc_0118/loc_0118_im_000490.jpg,Idaho Camera Traps : loc_0118_im_000490,Idaho Camera Traps : loc_0118_seq_000062,Idaho Camera Traps : 118,1,deer,07-14-2015 03:31:20,5,train
https://storage.googleapis.com/public-datasets-lila/idaho-camera-traps/public/loc_0100/loc_0100_im_000064.jpg,Idaho Camera Traps : loc_0100_im_000064,Idaho Camera Traps : loc_0100_seq_000009,Idaho Camera Traps : 100,1,deer,05-13-2015 02:14:17,5,train
https://storage.googleapis.com/public-datasets-lila/idaho-camera-traps/public/loc_0150/loc_0150_im_000739.jpg,Idaho Camera Traps : loc_0150_im_000739,Idaho Camera Traps : loc_0150_seq_000080,Idaho Camera Traps : 150,9,deer,06-23-2016 06:00:39,5,val
https://storage.googleapis.com/public-datasets-lila/nacti-unzipped/part2/sub281/FL-38_06_03_2016_FL-38_0039730.JPG,NACTI : FL-38_06_03_2016_FL-38_0039730.JPG,NACTI : unknown,NACTI : archbold_FL-38,-1,deer,,5,train
https://storage.googleapis.com/public-datasets-lila/idaho-camera-traps/public/loc_0080/loc_0080_im_004334.jpg,Idaho Camera Traps : loc_0080_im_004334,Idaho Camera Traps : loc_0080_seq_000505,Idaho Camera Traps : 80,19,deer,05-20-2016 03:28:25,5,train
https://storage.googleapis.com/public-datasets-lila/nz-trailcams/LCC/deer/eb9f7460-2938-4fa1-b084-a94028adfcf8.JPG,Trail Camera Images of New Zealand Animals : LCC/deer/eb9f7460-2938-4fa1-b084-a94028adfcf8.JPG,Trail Camera Images of New Zealand Animals : unknown,Trail Camera Images of New Zealand Animals : LCC_R97,-1,deer,04-23-2018 16:17:45,5,train
https://storage.googleapis.com/public-datasets-lila/nacti-unzipped/part1/sub131/FL-05_01_20_2016_FL-05_0029435.jpg,NACTI : FL-05_01_20_2016_FL-05_0029435.jpg,NACTI : unknown,NACTI : archbold_FL-05,-1,deer,,5,train
https://storage.googleapis.com/public-datasets-lila/idaho-camera-traps/public/loc_0164/loc_0164_im_000732.jpg,Idaho Camera Traps : loc_0164_im_000732,Idaho Camera Traps : loc_0164_seq_000141,Idaho Camera Traps : 164,27,deer,08-17-2016 16:02:02,5,train
https://storage.googleapis.com/public-datasets-lila/nz-trailcams/PS3/deer/461821e0-402d-4ac3-b2b1-f20545d75e96.JPG,Trail Camera Images of New Zealand Animals : PS3/deer/461821e0-402d-4ac3-b2b1-f20545d75e96.JPG,Trail Camera Images of New Zealand Animals : unknown,Trail Camera Images of New Zealand Animals : PS3_CAM8410,-1,deer,02-02-2023 18:15:03,5,train
https://storage.googleapis.com/public-datasets-lila/nz-trailcams/PS1/deer/7bcd1405-3096-40bb-af98-5051675ee4d4.JPG,Trail Camera Images of New Zealand Animals : PS1/deer/7bcd1405-3096-40bb-af98-5051675ee4d4.JPG,Trail Camera Images of New Zealand Animals : unknown,Trail Camera Images of New Zealand Animals : PS1_CAMGC43,-1,deer,04-08-2022 23:01:29,5,train
https://storage.googleapis.com/public-datasets-lila/nacti-unzipped/part1/sub138/FL-06_10_05_2016_FL-06_0037425.JPG,NACTI : FL-06_10_05_2016_FL-06_0037425.JPG,NACTI : unknown,NACTI : archbold_FL-06,-1,deer,,5,val
https://storage.googleapis.com/public-datasets-lila/idaho-camera-traps/public/loc_0117/loc_0117_im_001275.jpg,Idaho Camera Traps : loc_0117_im_001275,Idaho Camera Traps : loc_0117_seq_000161,Idaho Camera Traps : 117,6,deer,11-20-2015 12:26:34,5,train
https://storage.googleapis.com/public-datasets-lila/idaho-camera-traps/public/loc_0209/loc_0209_im_000184.jpg,Idaho Camera Traps : loc_0209_im_000184,Idaho Camera Traps : loc_0209_seq_000034,Idaho Camera Traps : 209,0,deer,01-04-2016 12:48:53,5,train
https://storage.googleapis.com/public-datasets-lila/idaho-camera-traps/public/loc_0150/loc_0150_im_000735.jpg,Idaho Camera Traps : loc_0150_im_000735,Idaho Camera Traps : loc_0150_seq_000080,Idaho Camera Traps : 150,5,deer,06-23-2016 06:00:27,5,val
https://storage.googleapis.com/public-datasets-lila/idaho-camera-traps/public/loc_0206/loc_0206_im_002905.jpg,Idaho Camera Traps : loc_0206_im_002905,Idaho Camera Traps : loc_0206_seq_000270,Idaho Camera Traps : 206,14,deer,03-30-2017 08:17:28,5,train
https://storage.googleapis.com/public-datasets-lila/idaho-camera-traps/public/loc_0083/loc_0083_im_005500.jpg,Idaho Camera Traps : loc_0083_im_005500,Idaho Camera Traps : loc_0083_seq_000924,Idaho Camera Traps : 83,7,deer,09-17-2015 00:09:24,5,train
https://storage.googleapis.com/public-datasets-lila/idaho-camera-traps/public/loc_0117/loc_0117_im_002038.jpg,Idaho Camera Traps : loc_0117_im_002038,Idaho Camera Traps : loc_0117_seq_000296,Idaho Camera Traps : 117,4,deer,01-30-2016 08:57:46,5,train
https://storage.googleapis.com/public-datasets-lila/nz-trailcams/PS3/deer/2ac590a1-b2c1-478b-9ed8-34bd88261438.JPG,Trail Camera Images of New Zealand Animals : PS3/deer/2ac590a1-b2c1-478b-9ed8-34bd88261438.JPG,Trail Camera Images of New Zealand Animals : unknown,Trail Camera Images of New Zealand Animals : PS3_CAMFC23,-1,deer,02-10-2023 22:26:02,5,train
https://storage.googleapis.com/public-datasets-lila/idaho-camera-traps/public/loc_0076/loc_0076_im_001036.jpg,Idaho Camera Traps : loc_0076_im_001036,Idaho Camera Traps : loc_0076_seq_000107,Idaho Camera Traps : 76,7,deer,08-01-2015 06:39:04,5,val
https://storage.googleapis.com/public-datasets-lila/idaho-camera-traps/public/loc_0080/loc_0080_im_001469.jpg,Idaho Camera Traps : loc_0080_im_001469,Idaho Camera Traps : loc_0080_seq_000188,Idaho Camera Traps : 80,8,deer,09-30-2015 05:32:31,5,train
https://storage.googleapis.com/public-datasets-lila/nz-trailcams/PS1/deer/58fa4728-caa8-417a-b66d-624ec097c2e9.JPG,Trail Camera Images of New Zealand Animals : PS1/deer/58fa4728-caa8-417a-b66d-624ec097c2e9.JPG,Trail Camera Images of New Zealand Animals : unknown,Trail Camera Images of New Zealand Animals : PS1_CAM7910,-1,deer,02-20-2022 20:56:26,5,train
https://storage.googleapis.com/public-datasets-lila/nacti-unzipped/part1/sub112/FL-01_06_01_2015_FL-01_0000262.jpg,NACTI : FL-01_06_01_2015_FL-01_0000262.jpg,NACTI : unknown,NACTI : archbold_FL-01,-1,deer,,5,train
https://storage.googleapis.com/public-datasets-lila/idaho-camera-traps/public/loc_0003/loc_0003_im_004255.jpg,Idaho Camera Traps : loc_0003_im_004255,Idaho Camera Traps : loc_0003_seq_003403,Idaho Camera Traps : 3,24,deer,01-31-2016 03:35:14,5,val
https://storage.googleapis.com/public-datasets-lila/idaho-camera-traps/public/loc_0250/loc_0250_im_000468.jpg,Idaho Camera Traps : loc_0250_im_000468,Idaho Camera Traps : loc_0250_seq_000049,Idaho Camera Traps : 250,8,deer,12-27-2015 10:29:15,5,train
https://storage.googleapis.com/public-datasets-lila/nacti-unzipped/part2/sub287/FL-41_07_06_2016_FL-41_0035843.JPG,NACTI : FL-41_07_06_2016_FL-41_0035843.JPG,NACTI : unknown,NACTI : archbold_FL-41,-1,deer,,5,train
https://storage.googleapis.com/public-datasets-lila/nacti-unzipped/part1/sub134/FL-05_07_28_2015_FL-05_0021976.jpg,NACTI : FL-05_07_28_2015_FL-05_0021976.jpg,NACTI : unknown,NACTI : archbold_FL-05,-1,deer,,5,train
https://storage.googleapis.com/public-datasets-lila/idaho-camera-traps/public/loc_0250/loc_0250_im_001507.jpg,Idaho Camera Traps : loc_0250_im_001507,Idaho Camera Traps : loc_0250_seq_000143,Idaho Camera Traps : 250,6,deer,01-16-2016 12:14:39,5,train
https://storage.googleapis.com/public-datasets-lila/idaho-camera-traps/public/loc_0172/loc_0172_im_000458.jpg,Idaho Camera Traps : loc_0172_im_000458,Idaho Camera Traps : loc_0172_seq_000102,Idaho Camera Traps : 172,6,deer,07-13-2016 19:41:17,5,train
https://storage.googleapis.com/public-datasets-lila/idaho-camera-traps/public/loc_0096/loc_0096_im_000556.jpg,Idaho Camera Traps : loc_0096_im_000556,Idaho Camera Traps : loc_0096_seq_000109,Idaho Camera Traps : 96,2,deer,11-02-2015 08:51:19,5,train
https://storage.googleapis.com/public-datasets-lila/nacti-unzipped/part0/sub069/CA-27_01_29_2016_CA-27_0009369.jpg,NACTI : CA-27_01_29_2016_CA-27_0009369.jpg,NACTI : unknown,NACTI : lebec_CA-27,-1,deer,,5,train
https://storage.googleapis.com/public-datasets-lila/idaho-camera-traps/public/loc_0234/loc_0234_im_001782.jpg,Idaho Camera Traps : loc_0234_im_001782,Idaho Camera Traps : loc_0234_seq_000221,Idaho Camera Traps : 234,7,deer,03-08-2016 07:36:37,5,train
https://storage.googleapis.com/public-datasets-lila/idaho-camera-traps/public/loc_0076/loc_0076_im_000076.jpg,Idaho Camera Traps : loc_0076_im_000076,Idaho Camera Traps : loc_0076_seq_000007,Idaho Camera Traps : 76,19,deer,05-12-2015 11:20:48,5,val
https://storage.googleapis.com/public-datasets-lila/idaho-camera-traps/public/loc_0257/loc_0257_im_001295.jpg,Idaho Camera Traps : loc_0257_im_001295,Idaho Camera Traps : loc_0257_seq_000107,Idaho Camera Traps : 257,2,deer,12-31-2015 10:54:37,5,train
https://storage.googleapis.com/public-datasets-lila/idaho-camera-traps/public/loc_0204/loc_0204_im_001072.jpg,Idaho Camera Traps : loc_0204_im_001072,Idaho Camera Traps : loc_0204_seq_000183,Idaho Camera Traps : 204,0,deer,04-07-2016 17:46:04,5,train
https://storage.googleapis.com/public-datasets-lila/idaho-camera-traps/public/loc_0234/loc_0234_im_000059.jpg,Idaho Camera Traps : loc_0234_im_000059,Idaho Camera Traps : loc_0234_seq_000014,Idaho Camera Traps : 234,2,deer,12-31-2015 11:06:44,5,train
https://storage.googleapis.com/public-datasets-lila/idaho-camera-traps/public/loc_0248/loc_0248_im_000717.jpg,Idaho Camera Traps : loc_0248_im_000717,Idaho Camera Traps : loc_0248_seq_000183,Idaho Camera Traps : 248,10,deer,04-11-2016 14:37:30,5,train
https://storage.googleapis.com/public-datasets-lila/idaho-camera-traps/public/loc_0169/loc_0169_im_000707.jpg,Idaho Camera Traps : loc_0169_im_000707,Idaho Camera Traps : loc_0169_seq_000127,Idaho Camera Traps : 169,20,deer,07-05-2016 02:06:47,5,test
https://storage.googleapis.com/public-datasets-lila/idaho-camera-traps/public/loc_0103/loc_0103_im_002868.jpg,Idaho Camera Traps : loc_0103_im_002868,Idaho Camera Traps : loc_0103_seq_000368,Idaho Camera Traps : 103,0,deer,10-07-2015 00:48:01,5,train
https://storage.googleapis.com/public-datasets-lila/idaho-camera-traps/public/loc_0237/loc_0237_im_001054.jpg,Idaho Camera Traps : loc_0237_im_001054,Idaho Camera Traps : loc_0237_seq_000220,Idaho Camera Traps : 237,1,deer,04-13-2016 10:25:20,5,train
https://storage.googleapis.com/public-datasets-lila/nacti-unzipped/part1/sub138/FL-06_09_02_2015_FL-06_0009968.jpg,NACTI : FL-06_09_02_2015_FL-06_0009968.jpg,NACTI : unknown,NACTI : archbold_FL-06,-1,deer,,5,val
https://storage.googleapis.com/public-datasets-lila/idaho-camera-traps/public/loc_0237/loc_0237_im_000648.jpg,Idaho Camera Traps : loc_0237_im_000648,Idaho Camera Traps : loc_0237_seq_000125,Idaho Camera Traps : 237,17,deer,02-20-2016 15:23:52,5,train
https://storage.googleapis.com/public-datasets-lila/idaho-camera-traps/public/loc_0094/loc_0094_im_000115.jpg,Idaho Camera Traps : loc_0094_im_000115,Idaho Camera Traps : loc_0094_seq_000022,Idaho Camera Traps : 94,1,deer,06-04-2015 06:24:25,5,train
https://storage.googleapis.com/public-datasets-lila/idaho-camera-traps/public/loc_0004/loc_0004_im_007090.jpg,Idaho Camera Traps : loc_0004_im_007090,Idaho Camera Traps : loc_0004_seq_006166,Idaho Camera Traps : 4,3,deer,02-19-2016 10:16:33,5,train
https://storage.googleapis.com/public-datasets-lila/idaho-camera-traps/public/loc_0193/loc_0193_im_001766.jpg,Idaho Camera Traps : loc_0193_im_001766,Idaho Camera Traps : loc_0193_seq_000321,Idaho Camera Traps : 193,2,deer,07-15-2016 04:36:49,5,val
https://storage.googleapis.com/public-datasets-lila/idaho-camera-traps/public/loc_0103/loc_0103_im_003881.jpg,Idaho Camera Traps : loc_0103_im_003881,Idaho Camera Traps : loc_0103_seq_000543,Idaho Camera Traps : 103,5,deer,04-01-2016 14:25:23,5,train
https://storage.googleapis.com/public-datasets-lila/idaho-camera-traps/public/loc_0108/loc_0108_im_001459.jpg,Idaho Camera Traps : loc_0108_im_001459,Idaho Camera Traps : loc_0108_seq_000204,Idaho Camera Traps : 108,4,deer,05-14-2016 13:11:05,5,val
https://storage.googleapis.com/public-datasets-lila/nacti-unzipped/part2/sub246/FL-28_01_21_2016_FL-28_0046630.jpg,NACTI : FL-28_01_21_2016_FL-28_0046630.jpg,NACTI : unknown,NACTI : archbold_FL-28,-1,deer,,5,val
https://storage.googleapis.com/public-datasets-lila/idaho-camera-traps/public/loc_0182/loc_0182_im_000222.jpg,Idaho Camera Traps : loc_0182_im_000222,Idaho Camera Traps : loc_0182_seq_000044,Idaho Camera Traps : 182,3,deer,06-18-2016 08:05:29,5,train
https://storage.googleapis.com/public-datasets-lila/nz-trailcams/ZIK/deer/37c364c6-e3ba-46eb-b914-7e114ff47ade.JPG,Trail Camera Images of New Zealand Animals : ZIK/deer/37c364c6-e3ba-46eb-b914-7e114ff47ade.JPG,Trail Camera Images of New Zealand Animals : unknown,Trail Camera Images of New Zealand Animals : ZIK_STATION02,-1,deer,02-07-2022 21:26:10,5,train
https://storage.googleapis.com/public-datasets-lila/nacti-unzipped/part0/sub057/CA-18_08_03_2015_CA-18_0015766.jpg,NACTI : CA-18_08_03_2015_CA-18_0015766.jpg,NACTI : unknown,NACTI : lebec_CA-18,-1,deer,,5,train
https://storage.googleapis.com/public-datasets-lila/nacti-unzipped/part2/sub245/FL-27_09_02_2016_FL-27_0073044.JPG,NACTI : FL-27_09_02_2016_FL-27_0073044.JPG,NACTI : unknown,NACTI : archbold_FL-27,-1,deer,,5,train
https://storage.googleapis.com/public-datasets-lila/nacti-unzipped/part1/sub162/FL-08_10_01_2015_FL-08_0011379.jpg,NACTI : FL-08_10_01_2015_FL-08_0011379.jpg,NACTI : unknown,NACTI : archbold_FL-08,-1,deer,,5,train
https://storage.googleapis.com/public-datasets-lila/idaho-camera-traps/public/loc_0122/loc_0122_im_002155.jpg,Idaho Camera Traps : loc_0122_im_002155,Idaho Camera Traps : loc_0122_seq_000220,Idaho Camera Traps : 122,1,deer,09-04-2015 00:02:58,5,val
https://storage.googleapis.com/public-datasets-lila/idaho-camera-traps/public/loc_0124/loc_0124_im_001907.jpg,Idaho Camera Traps : loc_0124_im_001907,Idaho Camera Traps : loc_0124_seq_000189,Idaho Camera Traps : 124,50,deer,10-04-2015 01:10:29,5,test
https://storage.googleapis.com/public-datasets-lila/idaho-camera-traps/public/loc_0103/loc_0103_im_002057.jpg,Idaho Camera Traps : loc_0103_im_002057,Idaho Camera Traps : loc_0103_seq_000251,Idaho Camera Traps : 103,2,deer,08-11-2015 05:40:15,5,train
https://storage.googleapis.com/public-datasets-lila/idaho-camera-traps/public/loc_0191/loc_0191_im_000162.jpg,Idaho Camera Traps : loc_0191_im_000162,Idaho Camera Traps : loc_0191_seq_000044,Idaho Camera Traps : 191,6,deer,06-23-2016 10:57:11,5,train
https://storage.googleapis.com/public-datasets-lila/caltech-unzipped/cct_images/5987b308-23d2-11e8-a6a3-ec086b02610b.jpg,Caltech Camera Traps : 5987b308-23d2-11e8-a6a3-ec086b02610b,Caltech Camera Traps : 7011cae6-5567-11e8-a534-dca9047ef277,Caltech Camera Traps : 41,3,deer,06-10-2014 07:09:44,5,train
https://storage.googleapis.com/public-datasets-lila/nacti-unzipped/part1/sub177/FL-12_09_30_2015_FL-12_0016470.jpg,NACTI : FL-12_09_30_2015_FL-12_0016470.jpg,NACTI : unknown,NACTI : archbold_FL-12,-1,deer,,5,train
https://storage.googleapis.com/public-datasets-lila/idaho-camera-traps/public/loc_0123/loc_0123_im_000103.jpg,Idaho Camera Traps : loc_0123_im_000103,Idaho Camera Traps : loc_0123_seq_000008,Idaho Camera Traps : 123,1,deer,06-23-2015 10:20:50,5,train
https://storage.googleapis.com/public-datasets-lila/idaho-camera-traps/public/loc_0153/loc_0153_im_001471.jpg,Idaho Camera Traps : loc_0153_im_001471,Idaho Camera Traps : loc_0153_seq_000333,Idaho Camera Traps : 153,11,deer,10-02-2016 08:18:01,5,train
https://storage.googleapis.com/public-datasets-lila/idaho-camera-traps/public/loc_0080/loc_0080_im_002543.jpg,Idaho Camera Traps : loc_0080_im_002543,Idaho Camera Traps : loc_0080_seq_000299,Idaho Camera Traps : 80,22,deer,04-30-2016 10:59:03,5,train
https://storage.googleapis.com/public-datasets-lila/idaho-camera-traps/public/loc_0166/loc_0166_im_000250.jpg,Idaho Camera Traps : loc_0166_im_000250,Idaho Camera Traps : loc_0166_seq_000044,Idaho Camera Traps : 166,1,deer,05-31-2016 23:18:32,5,train
https://storage.googleapis.com/public-datasets-lila/idaho-camera-traps/public/loc_0126/loc_0126_im_001265.jpg,Idaho Camera Traps : loc_0126_im_001265,Idaho Camera Traps : loc_0126_seq_000115,Idaho Camera Traps : 126,2,deer,07-02-2016 06:36:59,5,train
https://storage.googleapis.com/public-datasets-lila/nacti-unzipped/part1/sub175/FL-12_06_29_2015_FL-12_0001501.jpg,NACTI : FL-12_06_29_2015_FL-12_0001501.jpg,NACTI : unknown,NACTI : archbold_FL-12,-1,deer,,5,train
https://storage.googleapis.com/public-datasets-lila/idaho-camera-traps/public/loc_0191/loc_0191_im_000183.jpg,Idaho Camera Traps : loc_0191_im_000183,Idaho Camera Traps : loc_0191_seq_000055,Idaho Camera Traps : 191,1,deer,06-29-2016 09:06:26,5,train
https://storage.googleapis.com/public-datasets-lila/idaho-camera-traps/public/loc_0131/loc_0131_im_000516.jpg,Idaho Camera Traps : loc_0131_im_000516,Idaho Camera Traps : loc_0131_seq_000130,Idaho Camera Traps : 131,5,deer,07-29-2016 10:55:39,5,train
https://storage.googleapis.com/public-datasets-lila/idaho-camera-traps/public/loc_0153/loc_0153_im_001543.jpg,Idaho Camera Traps : loc_0153_im_001543,Idaho Camera Traps : loc_0153_seq_000352,Idaho Camera Traps : 153,1,deer,10-11-2016 22:47:41,5,train
https://storage.googleapis.com/public-datasets-lila/nacti-unzipped/part1/sub178/FL-12_09_30_2015_FL-12_0016611.jpg,NACTI : FL-12_09_30_2015_FL-12_0016611.jpg,NACTI : unknown,NACTI : archbold_FL-12,-1,deer,,5,train
https://storage.googleapis.com/public-datasets-lila/idaho-camera-traps/public/loc_0192/loc_0192_im_000325.jpg,Idaho Camera Traps : loc_0192_im_000325,Idaho Camera Traps : loc_0192_seq_000101,Idaho Camera Traps : 192,1,deer,07-26-2016 06:02:53,5,train
https://storage.googleapis.com/public-datasets-lila/idaho-camera-traps/public/loc_0126/loc_0126_im_000613.jpg,Idaho Camera Traps : loc_0126_im_000613,Idaho Camera Traps : loc_0126_seq_000052,Idaho Camera Traps : 126,32,deer,06-25-2016 08:37:08,5,train
https://storage.googleapis.com/public-datasets-lila/idaho-camera-traps/public/loc_0075/loc_0075_im_009733.jpg,Idaho Camera Traps : loc_0075_im_009733,Idaho Camera Traps : loc_0075_seq_009061,Idaho Camera Traps : 75,17,deer,03-10-2016 06:19:57,5,train
https://storage.googleapis.com/public-datasets-lila/idaho-camera-traps/public/loc_0029/loc_0029_im_012563.jpg,Idaho Camera Traps : loc_0029_im_012563,Idaho Camera Traps : loc_0029_seq_012152,Idaho Camera Traps : 29,1,deer,03-28-2016 11:42:06,5,train
https://storage.googleapis.com/public-datasets-lila/idaho-camera-traps/public/loc_0172/loc_0172_im_000060.jpg,Idaho Camera Traps : loc_0172_im_000060,Idaho Camera Traps : loc_0172_seq_000023,Idaho Camera Traps : 172,5,deer,06-09-2016 12:15:54,5,train
https://storage.googleapis.com/public-datasets-lila/nz-trailcams/PS1/deer/faf0fc4a-aa88-4c42-9a85-70d116e1941a.JPG,Trail Camera Images of New Zealand Animals : PS1/deer/faf0fc4a-aa88-4c42-9a85-70d116e1941a.JPG,Trail Camera Images of New Zealand Animals : unknown,Trail Camera Images of New Zealand Animals : PS1_CAM8001,-1,deer,03-08-2022 20:45:26,5,test
https://storage.googleapis.com/public-datasets-lila/nacti-unzipped/part1/sub178/FL-12_12_08_2015_FL-12_0020841.jpg,NACTI : FL-12_12_08_2015_FL-12_0020841.jpg,NACTI : unknown,NACTI : archbold_FL-12,-1,deer,,5,train
https://storage.googleapis.com/public-datasets-lila/nacti-unzipped/part1/sub198/FL-16_08_05_2016_FL-16_0140197.JPG,NACTI : FL-16_08_05_2016_FL-16_0140197.JPG,NACTI : unknown,NACTI : archbold_FL-16,-1,deer,,5,train
https://storage.googleapis.com/public-datasets-lila/idaho-camera-traps/public/loc_0120/loc_0120_im_001715.jpg,Idaho Camera Traps : loc_0120_im_001715,Idaho Camera Traps : loc_0120_seq_000179,Idaho Camera Traps : 120,2,deer,09-26-2015 00:59:51,5,train
https://storage.googleapis.com/public-datasets-lila/idaho-camera-traps/public/loc_0030/loc_0030_im_015011.jpg,Idaho Camera Traps : loc_0030_im_015011,Idaho Camera Traps : loc_0030_seq_012954,Idaho Camera Traps : 30,17,deer,04-01-2016 23:47:30,5,train
https://storage.googleapis.com/public-datasets-lila/nacti-unzipped/part1/sub163/FL-09_04_05_2016_FL-09_0054434.JPG,NACTI : FL-09_04_05_2016_FL-09_0054434.JPG,NACTI : unknown,NACTI : archbold_FL-09,-1,deer,,5,train
https://storage.googleapis.com/public-datasets-lila/idaho-camera-traps/public/loc_0082/loc_0082_im_000188.jpg,Idaho Camera Traps : loc_0082_im_000188,Idaho Camera Traps : loc_0082_seq_000027,Idaho Camera Traps : 82,2,deer,06-24-2015 04:47:28,5,train
https://storage.googleapis.com/public-datasets-lila/nacti-unzipped/part1/sub179/FL-13_04_04_2016_FL-13_0075485.JPG,NACTI : FL-13_04_04_2016_FL-13_0075485.JPG,NACTI : unknown,NACTI : archbold_FL-13,-1,deer,,5,train
https://storage.googleapis.com/public-datasets-lila/idaho-camera-traps/public/loc_0240/loc_0240_im_002551.jpg,Idaho Camera Traps : loc_0240_im_002551,Idaho Camera Traps : loc_0240_seq_000330,Idaho Camera Traps : 240,5,deer,03-13-2016 13:02:34,5,test
https://storage.googleapis.com/public-datasets-lila/idaho-camera-traps/public/loc_0177/loc_0177_im_000394.jpg,Idaho Camera Traps : loc_0177_im_000394,Idaho Camera Traps : loc_0177_seq_000058,Idaho Camera Traps : 177,0,deer,06-21-2016 18:16:05,5,train
https://storage.googleapis.com/public-datasets-lila/idaho-camera-traps/public/loc_0138/loc_0138_im_002041.jpg,Idaho Camera Traps : loc_0138_im_002041,Idaho Camera Traps : loc_0138_seq_000390,Idaho Camera Traps : 138,0,deer,10-19-2016 21:14:48,5,val
https://storage.googleapis.com/public-datasets-lila/nz-trailcams/LCC/deer/43f915d9-640c-4475-b350-520a6fca1196.JPG,Trail Camera Images of New Zealand Animals : LCC/deer/43f915d9-640c-4475-b350-520a6fca1196.JPG,Trail Camera Images of New Zealand Animals : unknown,Trail Camera Images of New Zealand Animals : LCC_R110,-1,deer,04-15-2018 00:04:15,5,train
https://storage.googleapis.com/public-datasets-lila/idaho-camera-traps/public/loc_0089/loc_0089_im_005117.jpg,Idaho Camera Traps : loc_0089_im_005117,Idaho Camera Traps : loc_0089_seq_000668,Idaho Camera Traps : 89,10,deer,05-06-2016 05:07:13,5,train
https://storage.googleapis.com/public-datasets-lila/idaho-camera-traps/public/loc_0172/loc_0172_im_000127.jpg,Idaho Camera Traps : loc_0172_im_000127,Idaho Camera Traps : loc_0172_seq_000041,Idaho Camera Traps : 172,0,deer,06-18-2016 08:35:54,5,train
https://storage.googleapis.com/public-datasets-lila/idaho-camera-traps/public/loc_0231/loc_0231_im_006144.jpg,Idaho Camera Traps : loc_0231_im_006144,Idaho Camera Traps : loc_0231_seq_000530,Idaho Camera Traps : 231,12,deer,04-19-2016 05:35:45,5,val
https://storage.googleapis.com/public-datasets-lila/idaho-camera-traps/public/loc_0024/loc_0024_im_010347.jpg,Idaho Camera Traps : loc_0024_im_010347,Idaho Camera Traps : loc_0024_seq_010204,Idaho Camera Traps : 24,0,deer,03-17-2016 11:40:00,5,train
https://storage.googleapis.com/public-datasets-lila/idaho-camera-traps/public/loc_0105/loc_0105_im_000050.jpg,Idaho Camera Traps : loc_0105_im_000050,Idaho Camera Traps : loc_0105_seq_000002,Idaho Camera Traps : 105,32,deer,05-30-2015 02:59:34,5,train
https://storage.googleapis.com/public-datasets-lila/idaho-camera-traps/public/loc_0081/loc_0081_im_000963.jpg,Idaho Camera Traps : loc_0081_im_000963,Idaho Camera Traps : loc_0081_seq_000106,Idaho Camera Traps : 81,16,deer,07-13-2015 19:33:35,5,train
https://storage.googleapis.com/public-datasets-lila/idaho-camera-traps/public/loc_0003/loc_0003_im_002814.jpg,Idaho Camera Traps : loc_0003_im_002814,Idaho Camera Traps : loc_0003_seq_002245,Idaho Camera Traps : 3,5,deer,01-23-2016 00:41:06,5,val
https://storage.googleapis.com/public-datasets-lila/idaho-camera-traps/public/loc_0080/loc_0080_im_003524.jpg,Idaho Camera Traps : loc_0080_im_003524,Idaho Camera Traps : loc_0080_seq_000399,Idaho Camera Traps : 80,1,deer,05-12-2016 18:58:13,5,train
https://storage.googleapis.com/public-datasets-lila/idaho-camera-traps/public/loc_0140/loc_0140_im_001402.jpg,Idaho Camera Traps : loc_0140_im_001402,Idaho Camera Traps : loc_0140_seq_000250,Idaho Camera Traps : 140,11,deer,07-31-2016 11:07:49,5,train
https://storage.googleapis.com/public-datasets-lila/idaho-camera-traps/public/loc_0118/loc_0118_im_001933.jpg,Idaho Camera Traps : loc_0118_im_001933,Idaho Camera Traps : loc_0118_seq_000240,Idaho Camera Traps : 118,4,deer,11-02-2015 08:49:56,5,train
https://storage.googleapis.com/public-datasets-lila/idaho-camera-traps/public/loc_0210/loc_0210_im_000178.jpg,Idaho Camera Traps : loc_0210_im_000178,Idaho Camera Traps : loc_0210_seq_000114,Idaho Camera Traps : 210,4,deer,03-25-2016 02:11:46,5,train
https://storage.googleapis.com/public-datasets-lila/idaho-camera-traps/public/loc_0097/loc_0097_im_001272.jpg,Idaho Camera Traps : loc_0097_im_001272,Idaho Camera Traps : loc_0097_seq_000148,Idaho Camera Traps : 97,0,deer,11-21-2015 12:46:13,5,train
https://storage.googleapis.com/public-datasets-lila/nacti-unzipped/part2/sub235/FL-24_07_05_2016_FL-24_0059716.JPG,NACTI : FL-24_07_05_2016_FL-24_0059716.JPG,NACTI : unknown,NACTI : archbold_FL-24,-1,deer,,5,train
https://storage.googleapis.com/public-datasets-lila/idaho-camera-traps/public/loc_0272/loc_0272_im_000613.jpg,Idaho Camera Traps : loc_0272_im_000613,Idaho Camera Traps : loc_0272_seq_000085,Idaho Camera Traps : 272,26,deer,01-22-2016 13:20:59,5,test
https://storage.googleapis.com/public-datasets-lila/idaho-camera-traps/public/loc_0087/loc_0087_im_001628.jpg,Idaho Camera Traps : loc_0087_im_001628,Idaho Camera Traps : loc_0087_seq_000254,Idaho Camera Traps : 87,2,deer,11-23-2015 04:07:25,5,train
https://storage.googleapis.com/public-datasets-lila/idaho-camera-traps/public/loc_0020/loc_0020_im_002676.jpg,Idaho Camera Traps : loc_0020_im_002676,Idaho Camera Traps : loc_0020_seq_002208,Idaho Camera Traps : 20,52,deer,01-18-2016 14:55:23,5,train
https://storage.googleapis.com/public-datasets-lila/idaho-camera-traps/public/loc_0117/loc_0117_im_001716.jpg,Idaho Camera Traps : loc_0117_im_001716,Idaho Camera Traps : loc_0117_seq_000238,Idaho Camera Traps : 117,0,deer,12-23-2015 01:42:37,5,train
https://storage.googleapis.com/public-datasets-lila/idaho-camera-traps/public/loc_0143/loc_0143_im_001656.jpg,Idaho Camera Traps : loc_0143_im_001656,Idaho Camera Traps : loc_0143_seq_000403,Idaho Camera Traps : 143,1,deer,10-10-2016 23:24:42,5,train
https://storage.googleapis.com/public-datasets-lila/nz-trailcams/PS3/deer/05a6d295-c07a-4325-9239-b4c2a6aa467b.JPG,Trail Camera Images of New Zealand Animals : PS3/deer/05a6d295-c07a-4325-9239-b4c2a6aa467b.JPG,Trail Camera Images of New Zealand Animals : unknown,Trail Camera Images of New Zealand Animals : PS3_CAM7613,-1,deer,01-29-2023 21:41:24,5,train
https://storage.googleapis.com/public-datasets-lila/idaho-camera-traps/public/loc_0049/loc_0049_im_016564.jpg,Idaho Camera Traps : loc_0049_im_016564,Idaho Camera Traps : loc_0049_seq_012861,Idaho Camera Traps : 49,1,deer,04-01-2016 08:40:26,5,train
https://storage.googleapis.com/public-datasets-lila/idaho-camera-traps/public/loc_0080/loc_0080_im_002958.jpg,Idaho Camera Traps : loc_0080_im_002958,Idaho Camera Traps : loc_0080_seq_000339,Idaho Camera Traps : 80,14,deer,05-09-2016 19:22:49,5,train
https://storage.googleapis.com/public-datasets-lila/idaho-camera-traps/public/loc_0108/loc_0108_im_001326.jpg,Idaho Camera Traps : loc_0108_im_001326,Idaho Camera Traps : loc_0108_seq_000188,Idaho Camera Traps : 108,0,deer,05-03-2016 18:05:15,5,val
https://storage.googleapis.com/public-datasets-lila/nz-trailcams/PS3/deer/cee6efb4-1b62-4bbd-9494-226573337b4e.JPG,Trail Camera Images of New Zealand Animals : PS3/deer/cee6efb4-1b62-4bbd-9494-226573337b4e.JPG,Trail Camera Images of New Zealand Animals : unknown,Trail Camera Images of New Zealand Animals : PS3_CAM7507,-1,deer,02-08-2023 03:24:20,5,test
https://storage.googleapis.com/public-datasets-lila/idaho-camera-traps/public/loc_0113/loc_0113_im_000420.jpg,Idaho Camera Traps : loc_0113_im_000420,Idaho Camera Traps : loc_0113_seq_000057,Idaho Camera Traps : 113,0,deer,08-21-2015 07:06:28,5,val
https://storage.googleapis.com/public-datasets-lila/nacti-unzipped/part2/sub214/FL-20_06_02_2015_FL-20_0000567.jpg,NACTI : FL-20_06_02_2015_FL-20_0000567.jpg,NACTI : unknown,NACTI : archbold_FL-20,-1,deer,,5,train
https://storage.googleapis.com/public-datasets-lila/idaho-camera-traps/public/loc_0012/loc_0012_im_000845.jpg,Idaho Camera Traps : loc_0012_im_000845,Idaho Camera Traps : loc_0012_seq_000755,Idaho Camera Traps : 12,27,deer,01-08-2016 13:50:09,5,train
https://storage.googleapis.com/public-datasets-lila/idaho-camera-traps/public/loc_0240/loc_0240_im_000740.jpg,Idaho Camera Traps : loc_0240_im_000740,Idaho Camera Traps : loc_0240_seq_000113,Idaho Camera Traps : 240,1,deer,01-16-2016 16:41:17,5,test
https://storage.googleapis.com/public-datasets-lila/nz-trailcams/PS3/deer/a63d5b72-ab77-48d6-b296-1056b88534fe.JPG,Trail Camera Images of New Zealand Animals : PS3/deer/a63d5b72-ab77-48d6-b296-1056b88534fe.JPG,Trail Camera Images of New Zealand Animals : unknown,Trail Camera Images of New Zealand Animals : PS3_CAMFC01,-1,deer,02-13-2023 19:28:15,5,train
https://storage.googleapis.com/public-datasets-lila/idaho-camera-traps/public/loc_0120/loc_0120_im_003755.jpg,Idaho Camera Traps : loc_0120_im_003755,Idaho Camera Traps : loc_0120_seq_000454,Idaho Camera Traps : 120,6,deer,04-20-2016 06:29:37,5,train
https://storage.googleapis.com/public-datasets-lila/idaho-camera-traps/public/loc_0122/loc_0122_im_002277.jpg,Idaho Camera Traps : loc_0122_im_002277,Idaho Camera Traps : loc_0122_seq_000235,Idaho Camera Traps : 122,0,deer,09-08-2015 09:53:55,5,val
https://storage.googleapis.com/public-datasets-lila/idaho-camera-traps/public/loc_0223/loc_0223_im_002220.jpg,Idaho Camera Traps : loc_0223_im_002220,Idaho Camera Traps : loc_0223_seq_000405,Idaho Camera Traps : 223,13,deer,04-24-2016 06:25:12,5,train
https://storage.googleapis.com/public-datasets-lila/nz-trailcams/MIS/deer/c0f1872d-2de9-467f-973a-7044817a041d.JPG,Trail Camera Images of New Zealand Animals : MIS/deer/c0f1872d-2de9-467f-973a-7044817a041d.JPG,Trail Camera Images of New Zealand Animals : unknown,Trail Camera Images of New Zealand Animals : MIS_HV0523,-1,deer,,5,train
https://storage.googleapis.com/public-datasets-lila/idaho-camera-traps/public/loc_0150/loc_0150_im_000486.jpg,Idaho Camera Traps : loc_0150_im_000486,Idaho Camera Traps : loc_0150_seq_000039,Idaho Camera Traps : 150,12,deer,06-10-2016 06:22:57,5,val
https://storage.googleapis.com/public-datasets-lila/idaho-camera-traps/public/loc_0077/loc_0077_im_001274.jpg,Idaho Camera Traps : loc_0077_im_001274,Idaho Camera Traps : loc_0077_seq_000120,Idaho Camera Traps : 77,11,deer,08-07-2015 04:54:45,5,train
https://storage.googleapis.com/public-datasets-lila/nacti-unzipped/part1/sub169/FL-10_05_02_2016_FL-10_0016471.JPG,NACTI : FL-10_05_02_2016_FL-10_0016471.JPG,NACTI : unknown,NACTI : archbold_FL-10,-1,deer,,5,train
https://storage.googleapis.com/public-datasets-lila/nz-trailcams/PS1/deer/2432d0c1-1860-4663-a21d-2ab1df7d8b3a.JPG,Trail Camera Images of New Zealand Animals : PS1/deer/2432d0c1-1860-4663-a21d-2ab1df7d8b3a.JPG,Trail Camera Images of New Zealand Animals : unknown,Trail Camera Images of New Zealand Animals : PS1_CAM7821,-1,deer,02-18-2022 08:58:15,5,test
https://storage.googleapis.com/public-datasets-lila/idaho-camera-traps/public/loc_0080/loc_0080_im_002776.jpg,Idaho Camera Traps : loc_0080_im_002776,Idaho Camera Traps : loc_0080_seq_000325,Idaho Camera Traps : 80,3,deer,05-07-2016 22:15:03,5,train
https://storage.googleapis.com/public-datasets-lila/nacti-unzipped/part2/sub254/FL-29_06_03_2016_FL-29_0063479.JPG,NACTI : FL-29_06_03_2016_FL-29_0063479.JPG,NACTI : unknown,NACTI : archbold_FL-29,-1,deer,,5,train
https://storage.googleapis.com/public-datasets-lila/idaho-camera-traps/public/loc_0122/loc_0122_im_003498.jpg,Idaho Camera Traps : loc_0122_im_003498,Idaho Camera Traps : loc_0122_seq_000411,Idaho Camera Traps : 122,6,deer,11-18-2015 23:14:34,5,val
https://storage.googleapis.com/public-datasets-lila/idaho-camera-traps/public/loc_0084/loc_0084_im_000152.jpg,Idaho Camera Traps : loc_0084_im_000152,Idaho Camera Traps : loc_0084_seq_000018,Idaho Camera Traps : 84,11,deer,06-07-2015 22:38:04,5,train
https://storage.googleapis.com/public-datasets-lila/idaho-camera-traps/public/loc_0129/loc_0129_im_002759.jpg,Idaho Camera Traps : loc_0129_im_002759,Idaho Camera Traps : loc_0129_seq_000372,Idaho Camera Traps : 129,2,deer,08-12-2016 21:18:06,5,train
https://storage.googleapis.com/public-datasets-lila/idaho-camera-traps/public/loc_0114/loc_0114_im_002567.jpg,Idaho Camera Traps : loc_0114_im_002567,Idaho Camera Traps : loc_0114_seq_000313,Idaho Camera Traps : 114,20,deer,05-21-2016 18:24:04,5,test
https://storage.googleapis.com/public-datasets-lila/idaho-camera-traps/public/loc_0121/loc_0121_im_000067.jpg,Idaho Camera Traps : loc_0121_im_000067,Idaho Camera Traps : loc_0121_seq_000010,Idaho Camera Traps : 121,1,deer,05-30-2015 19:43:05,5,train
https://storage.googleapis.com/public-datasets-lila/nacti-unzipped/part1/sub162/FL-09_01_21_2016_FL-09_0040620.jpg,NACTI : FL-09_01_21_2016_FL-09_0040620.jpg,NACTI : unknown,NACTI : archbold_FL-09,-1,deer,,5,train
https://storage.googleapis.com/public-datasets-lila/idaho-camera-traps/public/loc_0192/loc_0192_im_000737.jpg,Idaho Camera Traps : loc_0192_im_000737,Idaho Camera Traps : loc_0192_seq_000208,Idaho Camera Traps : 192,12,deer,09-23-2016 20:58:58,5,train
https://storage.googleapis.com/public-datasets-lila/idaho-camera-traps/public/loc_0163/loc_0163_im_000217.jpg,Idaho Camera Traps : loc_0163_im_000217,Idaho Camera Traps : loc_0163_seq_000061,Idaho Camera Traps : 163,0,deer,07-01-2016 08:32:34,5,train
https://storage.googleapis.com/public-datasets-lila/nz-trailcams/PS3/deer/9a544912-3ed0-4845-8f8e-48a634f71a6e.JPG,Trail Camera Images of New Zealand Animals : PS3/deer/9a544912-3ed0-4845-8f8e-48a634f71a6e.JPG,Trail Camera Images of New Zealand Animals : unknown,Trail Camera Images of New Zealand Animals : PS3_CAM6504,-1,deer,02-18-2023 07:39:25,5,test
https://storage.googleapis.com/public-datasets-lila/idaho-camera-traps/public/loc_0216/loc_0216_im_000889.jpg,Idaho Camera Traps : loc_0216_im_000889,Idaho Camera Traps : loc_0216_seq_000177,Idaho Camera Traps : 216,5,deer,03-31-2016 05:28:20,5,train
https://storage.googleapis.com/public-datasets-lila/nz-trailcams/PS1/deer/a05bd8a8-ba14-42bc-9bca-0e2ea17c874f.JPG,Trail Camera Images of New Zealand Animals : PS1/deer/a05bd8a8-ba14-42bc-9bca-0e2ea17c874f.JPG,Trail Camera Images of New Zealand Animals : unknown,Trail Camera Images of New Zealand Animals : PS1_CAM7001,-1,deer,03-17-2022 03:47:04,5,train
https://storage.googleapis.com/public-datasets-lila/idaho-camera-traps/public/loc_0124/loc_0124_im_001287.jpg,Idaho Camera Traps : loc_0124_im_001287,Idaho Camera Traps : loc_0124_seq_000147,Idaho Camera Traps : 124,6,deer,09-08-2015 06:33:44,5,test
https://storage.googleapis.com/public-datasets-lila/idaho-camera-traps/public/loc_0123/loc_0123_im_000852.jpg,Idaho Camera Traps : loc_0123_im_000852,Idaho Camera Traps : loc_0123_seq_000114,Idaho Camera Traps : 123,6,deer,11-15-2015 08:23:18,5,train
https://storage.googleapis.com/public-datasets-lila/nacti-unzipped/part2/sub284/FL-40_06_03_2016_FL-40_0018461.JPG,NACTI : FL-40_06_03_2016_FL-40_0018461.JPG,NACTI : unknown,NACTI : archbold_FL-40,-1,deer,,5,val
https://storage.googleapis.com/public-datasets-lila/idaho-camera-traps/public/loc_0103/loc_0103_im_003922.jpg,Idaho Camera Traps : loc_0103_im_003922,Idaho Camera Traps : loc_0103_seq_000549,Idaho Camera Traps : 103,4,deer,04-02-2016 11:04:20,5,train
https://storage.googleapis.com/public-datasets-lila/idaho-camera-traps/public/loc_0150/loc_0150_im_000499.jpg,Idaho Camera Traps : loc_0150_im_000499,Idaho Camera Traps : loc_0150_seq_000040,Idaho Camera Traps : 150,10,deer,06-10-2016 09:59:36,5,val
https://storage.googleapis.com/public-datasets-lila/idaho-camera-traps/public/loc_0221/loc_0221_im_000766.jpg,Idaho Camera Traps : loc_0221_im_000766,Idaho Camera Traps : loc_0221_seq_000180,Idaho Camera Traps : 221,19,deer,04-18-2016 16:50:10,5,train
https://storage.googleapis.com/public-datasets-lila/idaho-camera-traps/public/loc_0233/loc_0233_im_000566.jpg,Idaho Camera Traps : loc_0233_im_000566,Idaho Camera Traps : loc_0233_seq_000112,Idaho Camera Traps : 233,3,deer,02-25-2016 10:05:02,5,train
https://storage.googleapis.com/public-datasets-lila/nacti-unzipped/part0/sub084/CA-31_10_07_2015_CA-31_0016071.jpg,NACTI : CA-31_10_07_2015_CA-31_0016071.jpg,NACTI : unknown,NACTI : lebec_CA-31,-1,deer,,5,train
https://storage.googleapis.com/public-datasets-lila/idaho-camera-traps/public/loc_0142/loc_0142_im_000397.jpg,Idaho Camera Traps : loc_0142_im_000397,Idaho Camera Traps : loc_0142_seq_000123,Idaho Camera Traps : 142,5,deer,08-04-2016 10:34:30,5,train
https://storage.googleapis.com/public-datasets-lila/idaho-camera-traps/public/loc_0192/loc_0192_im_000757.jpg,Idaho Camera Traps : loc_0192_im_000757,Idaho Camera Traps : loc_0192_seq_000211,Idaho Camera Traps : 192,2,deer,09-23-2016 21:06:01,5,train
https://storage.googleapis.com/public-datasets-lila/nacti-unzipped/part2/sub241/FL-27_05_02_2016_FL-27_0056507.JPG,NACTI : FL-27_05_02_2016_FL-27_0056507.JPG,NACTI : unknown,NACTI : archbold_FL-27,-1,deer,,5,train
https://storage.googleapis.com/public-datasets-lila/nz-trailcams/LCC/deer/3e1a3ac1-a427-4a16-83c3-28937c7149f3.JPG,Trail Camera Images of New Zealand Animals : LCC/deer/3e1a3ac1-a427-4a16-83c3-28937c7149f3.JPG,Trail Camera Images of New Zealand Animals : unknown,Trail Camera Images of New Zealand Animals : LCC_B127,-1,deer,03-28-2018 20:02:21,5,train
https://storage.googleapis.com/public-datasets-lila/idaho-camera-traps/public/loc_0140/loc_0140_im_000435.jpg,Idaho Camera Traps : loc_0140_im_000435,Idaho Camera Traps : loc_0140_seq_000072,Idaho Camera Traps : 140,1,deer,06-18-2016 00:24:54,5,train
https://storage.googleapis.com/public-datasets-lila/nacti-unzipped/part2/sub208/FL-18_09_01_2016_FL-18_0028984.JPG,NACTI : FL-18_09_01_2016_FL-18_0028984.JPG,NACTI : unknown,NACTI : archbold_FL-18,-1,deer,,5,train
https://storage.googleapis.com/public-datasets-lila/nacti-unzipped/part2/sub240/FL-26_12_08_2015_FL-26_0022452.jpg,NACTI : FL-26_12_08_2015_FL-26_0022452.jpg,NACTI : unknown,NACTI : archbold_FL-26,-1,deer,,5,train
https://storage.googleapis.com/public-datasets-lila/nz-trailcams/LCC/deer/31713170-5a6f-490c-8a44-75a87beadcd7.JPG,Trail Camera Images of New Zealand Animals : LCC/deer/31713170-5a6f-490c-8a44-75a87beadcd7.JPG,Trail Camera Images of New Zealand Animals : unknown,Trail Camera Images of New Zealand Animals : LCC_R21,-1,deer,04-02-2018 22:20:05,5,train
https://storage.googleapis.com/public-datasets-lila/idaho-camera-traps/public/loc_0117/loc_0117_im_002267.jpg,Idaho Camera Traps : loc_0117_im_002267,Idaho Camera Traps : loc_0117_seq_000339,Idaho Camera Traps : 117,5,deer,03-13-2016 07:19:19,5,train
https://storage.googleapis.com/public-datasets-lila/idaho-camera-traps/public/loc_0237/loc_0237_im_000710.jpg,Idaho Camera Traps : loc_0237_im_000710,Idaho Camera Traps : loc_0237_seq_000137,Idaho Camera Traps : 237,10,deer,02-25-2016 06:59:09,5,train
https://storage.googleapis.com/public-datasets-lila/nz-trailcams/PS3/deer/d4a2c7fa-5cff-4462-87de-e34b9bc404bf.JPG,Trail Camera Images of New Zealand Animals : PS3/deer/d4a2c7fa-5cff-4462-87de-e34b9bc404bf.JPG,Trail Camera Images of New Zealand Animals : unknown,Trail Camera Images of New Zealand Animals : PS3_CAM6604,-1,deer,04-07-2023 10:28:15,5,test
https://storage.googleapis.com/public-datasets-lila/idaho-camera-traps/public/loc_0044/loc_0044_im_007238.jpg,Idaho Camera Traps : loc_0044_im_007238,Idaho Camera Traps : loc_0044_seq_005387,Idaho Camera Traps : 44,36,deer,02-09-2016 12:17:14,5,val
https://storage.googleapis.com/public-datasets-lila/nacti-unzipped/part1/sub171/FL-11_09_01_2016_FL-11_0022656.JPG,NACTI : FL-11_09_01_2016_FL-11_0022656.JPG,NACTI : unknown,NACTI : archbold_FL-11,-1,deer,,5,train
https://storage.googleapis.com/public-datasets-lila/idaho-camera-traps/public/loc_0116/loc_0116_im_004858.jpg,Idaho Camera Traps : loc_0116_im_004858,Idaho Camera Traps : loc_0116_seq_000446,Idaho Camera Traps : 116,0,deer,05-13-2016 06:00:36,5,train
https://storage.googleapis.com/public-datasets-lila/nacti-unzipped/part0/sub041/CA-08_05_13_2016_CA-08_0008055.JPG,NACTI : CA-08_05_13_2016_CA-08_0008055.JPG,NACTI : unknown,NACTI : lebec_CA-08,-1,deer,,5,train
https://storage.googleapis.com/public-datasets-lila/idaho-camera-traps/public/loc_0239/loc_0239_im_000568.jpg,Idaho Camera Traps : loc_0239_im_000568,Idaho Camera Traps : loc_0239_seq_000082,Idaho Camera Traps : 239,18,deer,01-27-2016 05:29:02,5,test
https://storage.googleapis.com/public-datasets-lila/caltech-unzipped/cct_images/59cb3827-23d2-11e8-a6a3-ec086b02610b.jpg,Caltech Camera Traps : 59cb3827-23d2-11e8-a6a3-ec086b02610b,Caltech Camera Traps : 7011e28f-5567-11e8-bb87-dca9047ef277,Caltech Camera Traps : 44,2,deer,08-02-2013 11:27:05,5,train
https://storage.googleapis.com/public-datasets-lila/idaho-camera-traps/public/loc_0234/loc_0234_im_001936.jpg,Idaho Camera Traps : loc_0234_im_001936,Idaho Camera Traps : loc_0234_seq_000241,Idaho Camera Traps : 234,0,deer,03-09-2016 01:03:03,5,train
https://storage.googleapis.com/public-datasets-lila/idaho-camera-traps/public/loc_0174/loc_0174_im_001041.jpg,Idaho Camera Traps : loc_0174_im_001041,Idaho Camera Traps : loc_0174_seq_000170,Idaho Camera Traps : 174,7,deer,09-20-2016 23:52:59,5,train
https://storage.googleapis.com/public-datasets-lila/idaho-camera-traps/public/loc_0119/loc_0119_im_000184.jpg,Idaho Camera Traps : loc_0119_im_000184,Idaho Camera Traps : loc_0119_seq_000020,Idaho Camera Traps : 119,10,deer,11-04-2015 21:21:34,5,train
https://storage.googleapis.com/public-datasets-lila/idaho-camera-traps/public/loc_0257/loc_0257_im_001375.jpg,Idaho Camera Traps : loc_0257_im_001375,Idaho Camera Traps : loc_0257_seq_000120,Idaho Camera Traps : 257,0,deer,01-01-2016 13:56:54,5,train
https://storage.googleapis.com/public-datasets-lila/nacti-unzipped/part2/sub285/FL-40_12_07_2015_FL-40_0003980.jpg,NACTI : FL-40_12_07_2015_FL-40_0003980.jpg,NACTI : unknown,NACTI : archbold_FL-40,-1,deer,,5,val
https://storage.googleapis.com/public-datasets-lila/nacti-unzipped/part2/sub285/FL-40_12_07_2015_FL-40_0002950.jpg,NACTI : FL-40_12_07_2015_FL-40_0002950.jpg,NACTI : unknown,NACTI : archbold_FL-40,-1,deer,,5,val
https://storage.googleapis.com/public-datasets-lila/idaho-camera-traps/public/loc_0237/loc_0237_im_000912.jpg,Idaho Camera Traps : loc_0237_im_000912,Idaho Camera Traps : loc_0237_seq_000165,Idaho Camera Traps : 237,4,deer,03-03-2016 23:28:17,5,train
https://storage.googleapis.com/public-datasets-lila/nacti-unzipped/part2/sub285/FL-40_12_07_2015_FL-40_0003846.jpg,NACTI : FL-40_12_07_2015_FL-40_0003846.jpg,NACTI : unknown,NACTI : archbold_FL-40,-1,deer,,5,val
https://storage.googleapis.com/public-datasets-lila/nacti-unzipped/part1/sub177/FL-12_09_30_2015_FL-12_0016181.jpg,NACTI : FL-12_09_30_2015_FL-12_0016181.jpg,NACTI : unknown,NACTI : archbold_FL-12,-1,deer,,5,train
https://storage.googleapis.com/public-datasets-lila/idaho-camera-traps/public/loc_0149/loc_0149_im_000395.jpg,Idaho Camera Traps : loc_0149_im_000395,Idaho Camera Traps : loc_0149_seq_000040,Idaho Camera Traps : 149,2,deer,06-06-2016 00:39:26,5,val
https://storage.googleapis.com/public-datasets-lila/idaho-camera-traps/public/loc_0243/loc_0243_im_000229.jpg,Idaho Camera Traps : loc_0243_im_000229,Idaho Camera Traps : loc_0243_seq_000133,Idaho Camera Traps : 243,7,deer,04-13-2016 13:33:12,5,train
https://storage.googleapis.com/public-datasets-lila/idaho-camera-traps/public/loc_0030/loc_0030_im_009831.jpg,Idaho Camera Traps : loc_0030_im_009831,Idaho Camera Traps : loc_0030_seq_009290,Idaho Camera Traps : 30,0,deer,03-07-2016 16:55:00,5,train
https://storage.googleapis.com/public-datasets-lila/idaho-camera-traps/public/loc_0097/loc_0097_im_001514.jpg,Idaho Camera Traps : loc_0097_im_001514,Idaho Camera Traps : loc_0097_seq_000174,Idaho Camera Traps : 97,2,deer,12-12-2015 03:18:59,5,train
https://storage.googleapis.com/public-datasets-lila/nacti-unzipped/part2/sub285/FL-41_03_07_2016_FL-41_0014866.JPG,NACTI : FL-41_03_07_2016_FL-41_0014866.JPG,NACTI : unknown,NACTI : archbold_FL-41,-1,deer,,5,train
https://storage.googleapis.com/public-datasets-lila/idaho-camera-traps/public/loc_0193/loc_0193_im_002655.jpg,Idaho Camera Traps : loc_0193_im_002655,Idaho Camera Traps : loc_0193_seq_000484,Idaho Camera Traps : 193,1,deer,07-29-2016 03:52:23,5,val
https://storage.googleapis.com/public-datasets-lila/nacti-unzipped/part2/sub214/FL-20_06_02_2015_FL-20_0000673.jpg,NACTI : FL-20_06_02_2015_FL-20_0000673.jpg,NACTI : unknown,NACTI : archbold_FL-20,-1,deer,,5,train
https://storage.googleapis.com/public-datasets-lila/idaho-camera-traps/public/loc_0120/loc_0120_im_000573.jpg,Idaho Camera Traps : loc_0120_im_000573,Idaho Camera Traps : loc_0120_seq_000071,Idaho Camera Traps : 120,15,deer,07-09-2015 08:43:27,5,train
https://storage.googleapis.com/public-datasets-lila/nacti-unzipped/part0/sub038/CA-05_09_09_2016_CA-05_0005772.JPG,NACTI : CA-05_09_09_2016_CA-05_0005772.JPG,NACTI : unknown,NACTI : lebec_CA-05,-1,deer,,5,train
https://storage.googleapis.com/public-datasets-lila/idaho-camera-traps/public/loc_0153/loc_0153_im_000400.jpg,Idaho Camera Traps : loc_0153_im_000400,Idaho Camera Traps : loc_0153_seq_000096,Idaho Camera Traps : 153,11,deer,06-25-2016 23:49:48,5,train
https://storage.googleapis.com/public-datasets-lila/nacti-unzipped/part1/sub168/FL-09_10_01_2015_FL-09_0034131.jpg,NACTI : FL-09_10_01_2015_FL-09_0034131.jpg,NACTI : unknown,NACTI : archbold_FL-09,-1,deer,,5,train
https://storage.googleapis.com/public-datasets-lila/nacti-unzipped/part1/sub169/FL-10_05_13_2015_FL-10_0001300.jpg,NACTI : FL-10_05_13_2015_FL-10_0001300.jpg,NACTI : unknown,NACTI : archbold_FL-10,-1,deer,,5,train
https://storage.googleapis.com/public-datasets-lila/nz-trailcams/PS3/deer/74e5f600-eca3-4112-b532-be28189e961a.JPG,Trail Camera Images of New Zealand Animals : PS3/deer/74e5f600-eca3-4112-b532-be28189e961a.JPG,Trail Camera Images of New Zealand Animals : unknown,Trail Camera Images of New Zealand Animals : PS3_CAM6213,-1,deer,05-20-2023 12:57:32,5,train
https://storage.googleapis.com/public-datasets-lila/idaho-camera-traps/public/loc_0203/loc_0203_im_000925.jpg,Idaho Camera Traps : loc_0203_im_000925,Idaho Camera Traps : loc_0203_seq_000163,Idaho Camera Traps : 203,3,deer,02-22-2016 14:16:49,5,train
https://storage.googleapis.com/public-datasets-lila/idaho-camera-traps/public/loc_0045/loc_0045_im_003215.jpg,Idaho Camera Traps : loc_0045_im_003215,Idaho Camera Traps : loc_0045_seq_002930,Idaho Camera Traps : 45,7,deer,01-25-2016 15:24:45,5,train
https://storage.googleapis.com/public-datasets-lila/idaho-camera-traps/public/loc_0085/loc_0085_im_001048.jpg,Idaho Camera Traps : loc_0085_im_001048,Idaho Camera Traps : loc_0085_seq_000113,Idaho Camera Traps : 85,4,deer,09-14-2015 12:06:28,5,train
https://storage.googleapis.com/public-datasets-lila/idaho-camera-traps/public/loc_0048/loc_0048_im_001290.jpg,Idaho Camera Traps : loc_0048_im_001290,Idaho Camera Traps : loc_0048_seq_001145,Idaho Camera Traps : 48,2,deer,01-11-2016 09:54:50,5,train
https://storage.googleapis.com/public-datasets-lila/nacti-unzipped/part1/sub132/FL-05_05_02_2016_FL-05_0037183.JPG,NACTI : FL-05_05_02_2016_FL-05_0037183.JPG,NACTI : unknown,NACTI : archbold_FL-05,-1,deer,,5,train
https://storage.googleapis.com/public-datasets-lila/idaho-camera-traps/public/loc_0105/loc_0105_im_000630.jpg,Idaho Camera Traps : loc_0105_im_000630,Idaho Camera Traps : loc_0105_seq_000062,Idaho Camera Traps : 105,6,deer,08-26-2015 03:10:25,5,train
https://storage.googleapis.com/public-datasets-lila/nz-trailcams/PS1/deer/1a0e64b7-35ff-4066-a4e3-948cc6250263.JPG,Trail Camera Images of New Zealand Animals : PS1/deer/1a0e64b7-35ff-4066-a4e3-948cc6250263.JPG,Trail Camera Images of New Zealand Animals : unknown,Trail Camera Images of New Zealand Animals : PS1_CAMFC23,-1,deer,06-15-2022 20:57:22,5,train
https://storage.googleapis.com/public-datasets-lila/idaho-camera-traps/public/loc_0076/loc_0076_im_000464.jpg,Idaho Camera Traps : loc_0076_im_000464,Idaho Camera Traps : loc_0076_seq_000033,Idaho Camera Traps : 76,5,deer,05-28-2015 05:15:50,5,val
https://storage.googleapis.com/public-datasets-lila/nz-trailcams/PS1/deer/24d0e276-2aef-400e-aa11-809b924893c2.JPG,Trail Camera Images of New Zealand Animals : PS1/deer/24d0e276-2aef-400e-aa11-809b924893c2.JPG,Trail Camera Images of New Zealand Animals : unknown,Trail Camera Images of New Zealand Animals : PS1_CAM6504,-1,deer,07-19-2022 05:22:05,5,train
https://storage.googleapis.com/public-datasets-lila/idaho-camera-traps/public/loc_0098/loc_0098_im_000484.jpg,Idaho Camera Traps : loc_0098_im_000484,Idaho Camera Traps : loc_0098_seq_000060,Idaho Camera Traps : 98,7,deer,06-02-2015 13:01:00,5,train
https://storage.googleapis.com/public-datasets-lila/nacti-unzipped/part0/sub039/CA-06_07_01_2016_CA-06_0013268.JPG,NACTI : CA-06_07_01_2016_CA-06_0013268.JPG,NACTI : unknown,NACTI : lebec_CA-06,-1,deer,,5,test
https://storage.googleapis.com/public-datasets-lila/idaho-camera-traps/public/loc_0148/loc_0148_im_001117.jpg,Idaho Camera Traps : loc_0148_im_001117,Idaho Camera Traps : loc_0148_seq_000067,Idaho Camera Traps : 148,21,deer,06-15-2016 12:11:27,5,train
https://storage.googleapis.com/public-datasets-lila/idaho-camera-traps/public/loc_0049/loc_0049_im_000982.jpg,Idaho Camera Traps : loc_0049_im_000982,Idaho Camera Traps : loc_0049_seq_000882,Idaho Camera Traps : 49,1,deer,01-09-2016 16:06:44,5,train
https://storage.googleapis.com/public-datasets-lila/idaho-camera-traps/public/loc_0080/loc_0080_im_004375.jpg,Idaho Camera Traps : loc_0080_im_004375,Idaho Camera Traps : loc_0080_seq_000509,Idaho Camera Traps : 80,6,deer,05-21-2016 13:19:19,5,train
https://storage.googleapis.com/public-datasets-lila/idaho-camera-traps/public/loc_0053/loc_0053_im_005620.jpg,Idaho Camera Traps : loc_0053_im_005620,Idaho Camera Traps : loc_0053_seq_005370,Idaho Camera Traps : 53,10,deer,02-11-2016 13:40:28,5,train
https://storage.googleapis.com/public-datasets-lila/idaho-camera-traps/public/loc_0123/loc_0123_im_001066.jpg,Idaho Camera Traps : loc_0123_im_001066,Idaho Camera Traps : loc_0123_seq_000151,Idaho Camera Traps : 123,1,deer,01-20-2016 11:55:00,5,train
https://storage.googleapis.com/public-datasets-lila/nacti-unzipped/part0/sub053/CA-17_07_01_2016_CA-17_0040612.JPG,NACTI : CA-17_07_01_2016_CA-17_0040612.JPG,NACTI : unknown,NACTI : lebec_CA-17,-1,deer,,5,train
https://storage.googleapis.com/public-datasets-lila/idaho-camera-traps/public/loc_0086/loc_0086_im_004700.jpg,Idaho Camera Traps : loc_0086_im_004700,Idaho Camera Traps : loc_0086_seq_000740,Idaho Camera Traps : 86,8,deer,02-18-2016 00:22:18,5,train
https://storage.googleapis.com/public-datasets-lila/idaho-camera-traps/public/loc_0141/loc_0141_im_001482.jpg,Idaho Camera Traps : loc_0141_im_001482,Idaho Camera Traps : loc_0141_seq_000288,Idaho Camera Traps : 141,5,deer,10-06-2016 07:50:42,5,train
https://storage.googleapis.com/public-datasets-lila/nz-trailcams/PS3/deer/726f3bcf-9782-454e-b9d6-2e0d3a635305.JPG,Trail Camera Images of New Zealand Animals : PS3/deer/726f3bcf-9782-454e-b9d6-2e0d3a635305.JPG,Trail Camera Images of New Zealand Animals : unknown,Trail Camera Images of New Zealand Animals : PS3_CAM6213,-1,deer,03-30-2023 20:32:11,5,train
https://storage.googleapis.com/public-datasets-lila/idaho-camera-traps/public/loc_0080/loc_0080_im_000317.jpg,Idaho Camera Traps : loc_0080_im_000317,Idaho Camera Traps : loc_0080_seq_000033,Idaho Camera Traps : 80,5,deer,06-02-2015 04:43:20,5,train
https://storage.googleapis.com/public-datasets-lila/idaho-camera-traps/public/loc_0087/loc_0087_im_000351.jpg,Idaho Camera Traps : loc_0087_im_000351,Idaho Camera Traps : loc_0087_seq_000040,Idaho Camera Traps : 87,0,deer,06-11-2015 05:20:59,5,train
https://storage.googleapis.com/public-datasets-lila/idaho-camera-traps/public/loc_0076/loc_0076_im_000671.jpg,Idaho Camera Traps : loc_0076_im_000671,Idaho Camera Traps : loc_0076_seq_000058,Idaho Camera Traps : 76,8,deer,06-20-2015 06:48:24,5,val
https://storage.googleapis.com/public-datasets-lila/idaho-camera-traps/public/loc_0261/loc_0261_im_005851.jpg,Idaho Camera Traps : loc_0261_im_005851,Idaho Camera Traps : loc_0261_seq_000477,Idaho Camera Traps : 261,12,deer,04-07-2016 20:39:25,5,train
https://storage.googleapis.com/public-datasets-lila/idaho-camera-traps/public/loc_0121/loc_0121_im_003746.jpg,Idaho Camera Traps : loc_0121_im_003746,Idaho Camera Traps : loc_0121_seq_000433,Idaho Camera Traps : 121,7,deer,12-02-2015 13:16:58,5,train
https://storage.googleapis.com/public-datasets-lila/idaho-camera-traps/public/loc_0100/loc_0100_im_001177.jpg,Idaho Camera Traps : loc_0100_im_001177,Idaho Camera Traps : loc_0100_seq_000123,Idaho Camera Traps : 100,7,deer,07-22-2015 12:26:44,5,train
https://storage.googleapis.com/public-datasets-lila/nacti-unzipped/part1/sub128/FL-04_04_04_2016_FL-04_0017292.JPG,NACTI : FL-04_04_04_2016_FL-04_0017292.JPG,NACTI : unknown,NACTI : archbold_FL-04,-1,deer,,5,test
https://storage.googleapis.com/public-datasets-lila/nacti-unzipped/part2/sub279/FL-37_10_01_2015_FL-37_0000344.jpg,NACTI : FL-37_10_01_2015_FL-37_0000344.jpg,NACTI : unknown,NACTI : archbold_FL-37,-1,deer,,5,val
https://storage.googleapis.com/public-datasets-lila/idaho-camera-traps/public/loc_0185/loc_0185_im_000210.jpg,Idaho Camera Traps : loc_0185_im_000210,Idaho Camera Traps : loc_0185_seq_000040,Idaho Camera Traps : 185,3,deer,06-03-2016 04:55:07,5,train
https://storage.googleapis.com/public-datasets-lila/idaho-camera-traps/public/loc_0199/loc_0199_im_004196.jpg,Idaho Camera Traps : loc_0199_im_004196,Idaho Camera Traps : loc_0199_seq_000290,Idaho Camera Traps : 199,10,deer,03-02-2016 11:11:50,5,train
https://storage.googleapis.com/public-datasets-lila/nacti-unzipped/part2/sub239/FL-26_05_03_2016_FL-26_0027185.JPG,NACTI : FL-26_05_03_2016_FL-26_0027185.JPG,NACTI : unknown,NACTI : archbold_FL-26,-1,deer,,5,train
https://storage.googleapis.com/public-datasets-lila/idaho-camera-traps/public/loc_0103/loc_0103_im_001601.jpg,Idaho Camera Traps : loc_0103_im_001601,Idaho Camera Traps : loc_0103_seq_000194,Idaho Camera Traps : 103,5,deer,07-22-2015 04:15:06,5,train
https://storage.googleapis.com/public-datasets-lila/nacti-unzipped/part2/sub274/FL-35_07_06_2016_FL-35_0047276.JPG,NACTI : FL-35_07_06_2016_FL-35_0047276.JPG,NACTI : unknown,NACTI : archbold_FL-35,-1,deer,,5,train
https://storage.googleapis.com/public-datasets-lila/caltech-unzipped/cct_images/59a49c70-23d2-11e8-a6a3-ec086b02610b.jpg,Caltech Camera Traps : 59a49c70-23d2-11e8-a6a3-ec086b02610b,Caltech Camera Traps : 6f7e046b-5567-11e8-a654-dca9047ef277,Caltech Camera Traps : 57,1,deer,10-15-2013 09:06:54,5,train
https://storage.googleapis.com/public-datasets-lila/idaho-camera-traps/public/loc_0014/loc_0014_im_007922.jpg,Idaho Camera Traps : loc_0014_im_007922,Idaho Camera Traps : loc_0014_seq_007536,Idaho Camera Traps : 14,2,deer,02-25-2016 15:19:01,5,train
https://storage.googleapis.com/public-datasets-lila/idaho-camera-traps/public/loc_0105/loc_0105_im_000624.jpg,Idaho Camera Traps : loc_0105_im_000624,Idaho Camera Traps : loc_0105_seq_000062,Idaho Camera Traps : 105,0,deer,08-26-2015 03:10:14,5,train
https://storage.googleapis.com/public-datasets-lila/idaho-camera-traps/public/loc_0153/loc_0153_im_000997.jpg,Idaho Camera Traps : loc_0153_im_000997,Idaho Camera Traps : loc_0153_seq_000241,Idaho Camera Traps : 153,5,deer,08-27-2016 20:16:01,5,train
https://storage.googleapis.com/public-datasets-lila/idaho-camera-traps/public/loc_0257/loc_0257_im_000918.jpg,Idaho Camera Traps : loc_0257_im_000918,Idaho Camera Traps : loc_0257_seq_000081,Idaho Camera Traps : 257,8,deer,12-28-2015 06:28:00,5,train
https://storage.googleapis.com/public-datasets-lila/idaho-camera-traps/public/loc_0097/loc_0097_im_000428.jpg,Idaho Camera Traps : loc_0097_im_000428,Idaho Camera Traps : loc_0097_seq_000046,Idaho Camera Traps : 97,5,deer,08-04-2015 09:11:06,5,train
https://storage.googleapis.com/public-datasets-lila/idaho-camera-traps/public/loc_0003/loc_0003_im_001300.jpg,Idaho Camera Traps : loc_0003_im_001300,Idaho Camera Traps : loc_0003_seq_001144,Idaho Camera Traps : 3,24,deer,01-15-2016 12:08:09,5,val
https://storage.googleapis.com/public-datasets-lila/nacti-unzipped/part2/sub216/FL-20_08_04_2016_FL-20_0037823.JPG,NACTI : FL-20_08_04_2016_FL-20_0037823.JPG,NACTI : unknown,NACTI : archbold_FL-20,-1,deer,,5,train
https://storage.googleapis.com/public-datasets-lila/idaho-camera-traps/public/loc_0180/loc_0180_im_000361.jpg,Idaho Camera Traps : loc_0180_im_000361,Idaho Camera Traps : loc_0180_seq_000058,Idaho Camera Traps : 180,4,deer,06-20-2016 08:32:04,5,train
https://storage.googleapis.com/public-datasets-lila/idaho-camera-traps/public/loc_0233/loc_0233_im_000082.jpg,Idaho Camera Traps : loc_0233_im_000082,Idaho Camera Traps : loc_0233_seq_000021,Idaho Camera Traps : 233,3,deer,01-01-2016 15:17:33,5,train
https://storage.googleapis.com/public-datasets-lila/idaho-camera-traps/public/loc_0094/loc_0094_im_001556.jpg,Idaho Camera Traps : loc_0094_im_001556,Idaho Camera Traps : loc_0094_seq_000211,Idaho Camera Traps : 94,1,deer,11-03-2015 18:15:22,5,train
https://storage.googleapis.com/public-datasets-lila/idaho-camera-traps/public/loc_0209/loc_0209_im_001244.jpg,Idaho Camera Traps : loc_0209_im_001244,Idaho Camera Traps : loc_0209_seq_000190,Idaho Camera Traps : 209,3,deer,02-10-2016 16:11:06,5,train
https://storage.googleapis.com/public-datasets-lila/nz-trailcams/PS2/deer/a5fda602-9e7f-4fae-95f8-9a460875fafc.JPG,Trail Camera Images of New Zealand Animals : PS2/deer/a5fda602-9e7f-4fae-95f8-9a460875fafc.JPG,Trail Camera Images of New Zealand Animals : unknown,Trail Camera Images of New Zealand Animals : PS2_CAM7501,-1,deer,12-19-2022 21:05:31,5,train
https://storage.googleapis.com/public-datasets-lila/idaho-camera-traps/public/loc_0242/loc_0242_im_000524.jpg,Idaho Camera Traps : loc_0242_im_000524,Idaho Camera Traps : loc_0242_seq_000120,Idaho Camera Traps : 242,24,deer,02-29-2016 17:06:20,5,test
https://storage.googleapis.com/public-datasets-lila/idaho-camera-traps/public/loc_0116/loc_0116_im_001404.jpg,Idaho Camera Traps : loc_0116_im_001404,Idaho Camera Traps : loc_0116_seq_000136,Idaho Camera Traps : 116,87,deer,08-07-2015 02:30:28,5,train
https://storage.googleapis.com/public-datasets-lila/idaho-camera-traps/public/loc_0225/loc_0225_im_001733.jpg,Idaho Camera Traps : loc_0225_im_001733,Idaho Camera Traps : loc_0225_seq_000233,Idaho Camera Traps : 225,4,deer,01-11-2016 06:32:15,5,train
https://storage.googleapis.com/public-datasets-lila/nacti-unzipped/part2/sub258/FL-29_12_06_2015_FL-29_0051598.jpg,NACTI : FL-29_12_06_2015_FL-29_0051598.jpg,NACTI : unknown,NACTI : archbold_FL-29,-1,deer,,5,train
https://storage.googleapis.com/public-datasets-lila/idaho-camera-traps/public/loc_0272/loc_0272_im_001280.jpg,Idaho Camera Traps : loc_0272_im_001280,Idaho Camera Traps : loc_0272_seq_000156,Idaho Camera Traps : 272,1,deer,02-18-2016 17:28:17,5,test
https://storage.googleapis.com/public-datasets-lila/nz-trailcams/LCC/deer/f0342cf4-2a95-4457-9eb6-38df2a1b1c78.JPG,Trail Camera Images of New Zealand Animals : LCC/deer/f0342cf4-2a95-4457-9eb6-38df2a1b1c78.JPG,Trail Camera Images of New Zealand Animals : unknown,Trail Camera Images of New Zealand Animals : LCC_R42,-1,deer,07-30-2018 19:53:58,5,train
https://storage.googleapis.com/public-datasets-lila/idaho-camera-traps/public/loc_0210/loc_0210_im_000409.jpg,Idaho Camera Traps : loc_0210_im_000409,Idaho Camera Traps : loc_0210_seq_000184,Idaho Camera Traps : 210,1,deer,04-22-2016 17:42:03,5,train
https://storage.googleapis.com/public-datasets-lila/nacti-unzipped/part0/sub042/CA-09_03_17_2016_CA-09_0006667.JPG,NACTI : CA-09_03_17_2016_CA-09_0006667.JPG,NACTI : unknown,NACTI : lebec_CA-09,-1,deer,,5,test
https://storage.googleapis.com/public-datasets-lila/idaho-camera-traps/public/loc_0203/loc_0203_im_000217.jpg,Idaho Camera Traps : loc_0203_im_000217,Idaho Camera Traps : loc_0203_seq_000031,Idaho Camera Traps : 203,2,deer,12-28-2015 07:48:07,5,train
https://storage.googleapis.com/public-datasets-lila/nacti-unzipped/part0/sub084/CA-32_08_17_2015_CA-32_0003704.jpg,NACTI : CA-32_08_17_2015_CA-32_0003704.jpg,NACTI : unknown,NACTI : lebec_CA-32,-1,deer,,5,train
https://storage.googleapis.com/public-datasets-lila/idaho-camera-traps/public/loc_0135/loc_0135_im_001160.jpg,Idaho Camera Traps : loc_0135_im_001160,Idaho Camera Traps : loc_0135_seq_000240,Idaho Camera Traps : 135,8,deer,10-02-2016 00:07:18,5,test
https://storage.googleapis.com/public-datasets-lila/idaho-camera-traps/public/loc_0240/loc_0240_im_003520.jpg,Idaho Camera Traps : loc_0240_im_003520,Idaho Camera Traps : loc_0240_seq_000431,Idaho Camera Traps : 240,2,deer,04-05-2016 08:54:33,5,test
https://storage.googleapis.com/public-datasets-lila/nacti-unzipped/part1/sub177/FL-12_09_02_2015_FL-12_0012462.jpg,NACTI : FL-12_09_02_2015_FL-12_0012462.jpg,NACTI : unknown,NACTI : archbold_FL-12,-1,deer,,5,train
https://storage.googleapis.com/public-datasets-lila/idaho-camera-traps/public/loc_0094/loc_0094_im_002099.jpg,Idaho Camera Traps : loc_0094_im_002099,Idaho Camera Traps : loc_0094_seq_000300,Idaho Camera Traps : 94,4,deer,03-09-2016 16:06:47,5,train
https://storage.googleapis.com/public-datasets-lila/idaho-camera-traps/public/loc_0213/loc_0213_im_003063.jpg,Idaho Camera Traps : loc_0213_im_003063,Idaho Camera Traps : loc_0213_seq_000469,Idaho Camera Traps : 213,2,deer,04-20-2016 18:14:53,5,train
https://storage.googleapis.com/public-datasets-lila/caltech-unzipped/cct_images/599420ae-23d2-11e8-a6a3-ec086b02610b.jpg,Caltech Camera Traps : 599420ae-23d2-11e8-a6a3-ec086b02610b,Caltech Camera Traps : 7012ad4c-5567-11e8-a15a-dca9047ef277,Caltech Camera Traps : 27,1,deer,04-04-2015 01:26:33,5,train
https://storage.googleapis.com/public-datasets-lila/idaho-camera-traps/public/loc_0003/loc_0003_im_004843.jpg,Idaho Camera Traps : loc_0003_im_004843,Idaho Camera Traps : loc_0003_seq_003729,Idaho Camera Traps : 3,0,deer,02-02-2016 08:25:00,5,val
https://storage.googleapis.com/public-datasets-lila/nz-trailcams/PS3/deer/e445d40a-da37-4725-a647-6beef003f9fc.JPG,Trail Camera Images of New Zealand Animals : PS3/deer/e445d40a-da37-4725-a647-6beef003f9fc.JPG,Trail Camera Images of New Zealand Animals : unknown,Trail Camera Images of New Zealand Animals : PS3_CAMFC01,-1,deer,02-13-2023 19:29:03,5,train
https://storage.googleapis.com/public-datasets-lila/idaho-camera-traps/public/loc_0088/loc_0088_im_002037.jpg,Idaho Camera Traps : loc_0088_im_002037,Idaho Camera Traps : loc_0088_seq_000228,Idaho Camera Traps : 88,18,deer,03-11-2016 17:16:44,5,train
https://storage.googleapis.com/public-datasets-lila/nacti-unzipped/part1/sub172/FL-11_12_08_2015_FL-11_0015237.jpg,NACTI : FL-11_12_08_2015_FL-11_0015237.jpg,NACTI : unknown,NACTI : archbold_FL-11,-1,deer,,5,train
https://storage.googleapis.com/public-datasets-lila/nacti-unzipped/part1/sub178/FL-12_12_08_2015_FL-12_0020974.jpg,NACTI : FL-12_12_08_2015_FL-12_0020974.jpg,NACTI : unknown,NACTI : archbold_FL-12,-1,deer,,5,train
https://storage.googleapis.com/public-datasets-lila/nacti-unzipped/part2/sub285/FL-40_12_07_2015_FL-40_0003977.jpg,NACTI : FL-40_12_07_2015_FL-40_0003977.jpg,NACTI : unknown,NACTI : archbold_FL-40,-1,deer,,5,val
https://storage.googleapis.com/public-datasets-lila/idaho-camera-traps/public/loc_0018/loc_0018_im_007406.jpg,Idaho Camera Traps : loc_0018_im_007406,Idaho Camera Traps : loc_0018_seq_005522,Idaho Camera Traps : 18,5,deer,02-10-2016 07:32:05,5,val
https://storage.googleapis.com/public-datasets-lila/nz-trailcams/LCC/deer/1ca6d8dc-f77e-45e6-8722-e6bfd2604d9c.JPG,Trail Camera Images of New Zealand Animals : LCC/deer/1ca6d8dc-f77e-45e6-8722-e6bfd2604d9c.JPG,Trail Camera Images of New Zealand Animals : unknown,Trail Camera Images of New Zealand Animals : LCC_R21,-1,deer,05-09-2018 17:47:03,5,train
https://storage.googleapis.com/public-datasets-lila/nacti-unzipped/part1/sub108/CA-46_01_21_2016_CA-46_0011565.jpg,NACTI : CA-46_01_21_2016_CA-46_0011565.jpg,NACTI : unknown,NACTI : lebec_CA-46,-1,deer,,5,train
https://storage.googleapis.com/public-datasets-lila/nacti-unzipped/part2/sub251/FL-29_01_21_2016_FL-29_0053908.jpg,NACTI : FL-29_01_21_2016_FL-29_0053908.jpg,NACTI : unknown,NACTI : archbold_FL-29,-1,deer,,5,train
https://storage.googleapis.com/public-datasets-lila/idaho-camera-traps/public/loc_0044/loc_0044_im_007508.jpg,Idaho Camera Traps : loc_0044_im_007508,Idaho Camera Traps : loc_0044_seq_005573,Idaho Camera Traps : 44,1,deer,02-10-2016 15:42:00,5,val
https://storage.googleapis.com/public-datasets-lila/nacti-unzipped/part1/sub133/FL-05_06_02_2016_FL-05_0038897.JPG,NACTI : FL-05_06_02_2016_FL-05_0038897.JPG,NACTI : unknown,NACTI : archbold_FL-05,-1,deer,,5,train
https://storage.googleapis.com/public-datasets-lila/nacti-unzipped/part1/sub138/FL-06_09_30_2015_FL-06_0010580.jpg,NACTI : FL-06_09_30_2015_FL-06_0010580.jpg,NACTI : unknown,NACTI : archbold_FL-06,-1,deer,,5,val
https://storage.googleapis.com/public-datasets-lila/idaho-camera-traps/public/loc_0088/loc_0088_im_000241.jpg,Idaho Camera Traps : loc_0088_im_000241,Idaho Camera Traps : loc_0088_seq_000020,Idaho Camera Traps : 88,4,deer,06-09-2015 07:31:56,5,train
https://storage.googleapis.com/public-datasets-lila/caltech-unzipped/cct_images/59104897-23d2-11e8-a6a3-ec086b02610b.jpg,Caltech Camera Traps : 59104897-23d2-11e8-a6a3-ec086b02610b,Caltech Camera Traps : 701bbb94-5567-11e8-8a9d-dca9047ef277,Caltech Camera Traps : 117,3,deer,04-03-2014 08:56:07,5,train
https://storage.googleapis.com/public-datasets-lila/idaho-camera-traps/public/loc_0126/loc_0126_im_003953.jpg,Idaho Camera Traps : loc_0126_im_003953,Idaho Camera Traps : loc_0126_seq_000416,Idaho Camera Traps : 126,4,deer,08-11-2016 06:55:57,5,train
https://storage.googleapis.com/public-datasets-lila/idaho-camera-traps/public/loc_0098/loc_0098_im_004182.jpg,Idaho Camera Traps : loc_0098_im_004182,Idaho Camera Traps : loc_0098_seq_000496,Idaho Camera Traps : 98,0,deer,03-11-2016 12:48:40,5,train
https://storage.googleapis.com/public-datasets-lila/idaho-camera-traps/public/loc_0221/loc_0221_im_000752.jpg,Idaho Camera Traps : loc_0221_im_000752,Idaho Camera Traps : loc_0221_seq_000180,Idaho Camera Traps : 221,5,deer,04-18-2016 16:49:52,5,train
https://storage.googleapis.com/public-datasets-lila/nacti-unzipped/part1/sub199/FL-17_01_20_2016_FL-17_0064299.jpg,NACTI : FL-17_01_20_2016_FL-17_0064299.jpg,NACTI : unknown,NACTI : archbold_FL-17,-1,deer,,5,train
https://storage.googleapis.com/public-datasets-lila/idaho-camera-traps/public/loc_0089/loc_0089_im_006061.jpg,Idaho Camera Traps : loc_0089_im_006061,Idaho Camera Traps : loc_0089_seq_000784,Idaho Camera Traps : 89,3,deer,05-25-2016 05:54:32,5,train
https://storage.googleapis.com/public-datasets-lila/idaho-camera-traps/public/loc_0097/loc_0097_im_002314.jpg,Idaho Camera Traps : loc_0097_im_002314,Idaho Camera Traps : loc_0097_seq_000279,Idaho Camera Traps : 97,13,deer,04-22-2016 07:12:45,5,train
https://storage.googleapis.com/public-datasets-lila/nacti-unzipped/part2/sub200/FL-17_05_02_2016_FL-17_0073385.JPG,NACTI : FL-17_05_02_2016_FL-17_0073385.JPG,NACTI : unknown,NACTI : archbold_FL-17,-1,deer,,5,train
https://storage.googleapis.com/public-datasets-lila/nz-trailcams/LCC/deer/51f46a22-6e28-4fbb-b300-f4ea6be0421a.JPG,Trail Camera Images of New Zealand Animals : LCC/deer/51f46a22-6e28-4fbb-b300-f4ea6be0421a.JPG,Trail Camera Images of New Zealand Animals : unknown,Trail Camera Images of New Zealand Animals : LCC_R97,-1,deer,04-08-2018 12:03:29,5,train
https://storage.googleapis.com/public-datasets-lila/idaho-camera-traps/public/loc_0250/loc_0250_im_000941.jpg,Idaho Camera Traps : loc_0250_im_000941,Idaho Camera Traps : loc_0250_seq_000099,Idaho Camera Traps : 250,26,deer,01-11-2016 10:40:20,5,train
https://storage.googleapis.com/public-datasets-lila/nacti-unzipped/part1/sub176/FL-12_07_28_2015_FL-12_0008835.jpg,NACTI : FL-12_07_28_2015_FL-12_0008835.jpg,NACTI : unknown,NACTI : archbold_FL-12,-1,deer,,5,train
https://storage.googleapis.com/public-datasets-lila/nacti-unzipped/part2/sub207/FL-17_12_08_2015_FL-17_0062719.jpg,NACTI : FL-17_12_08_2015_FL-17_0062719.jpg,NACTI : unknown,NACTI : archbold_FL-17,-1,deer,,5,train
https://storage.googleapis.com/public-datasets-lila/idaho-camera-traps/public/loc_0075/loc_0075_im_009643.jpg,Idaho Camera Traps : loc_0075_im_009643,Idaho Camera Traps : loc_0075_seq_009050,Idaho Camera Traps : 75,6,deer,03-09-2016 18:43:11,5,train
https://storage.googleapis.com/public-datasets-lila/idaho-camera-traps/public/loc_0138/loc_0138_im_001930.jpg,Idaho Camera Traps : loc_0138_im_001930,Idaho Camera Traps : loc_0138_seq_000365,Idaho Camera Traps : 138,12,deer,10-10-2016 11:28:56,5,val
https://storage.googleapis.com/public-datasets-lila/idaho-camera-traps/public/loc_0183/loc_0183_im_002074.jpg,Idaho Camera Traps : loc_0183_im_002074,Idaho Camera Traps : loc_0183_seq_000399,Idaho Camera Traps : 183,14,deer,08-28-2016 06:59:54,5,train
https://storage.googleapis.com/public-datasets-lila/nacti-unzipped/part2/sub213/FL-20_04_05_2016_FL-20_0030284.JPG,NACTI : FL-20_04_05_2016_FL-20_0030284.JPG,NACTI : unknown,NACTI : archbold_FL-20,-1,deer,,5,train
https://storage.googleapis.com/public-datasets-lila/nz-trailcams/PS1/deer/60dc0d3a-2450-448d-b4bd-0888268bb09e.JPG,Trail Camera Images of New Zealand Animals : PS1/deer/60dc0d3a-2450-448d-b4bd-0888268bb09e.JPG,Trail Camera Images of New Zealand Animals : unknown,Trail Camera Images of New Zealand Animals : PS1_CAMGC43,-1,deer,04-09-2022 02:08:41,5,train
https://storage.googleapis.com/public-datasets-lila/idaho-camera-traps/public/loc_0233/loc_0233_im_001595.jpg,Idaho Camera Traps : loc_0233_im_001595,Idaho Camera Traps : loc_0233_seq_000227,Idaho Camera Traps : 233,0,deer,04-07-2016 10:16:53,5,train
https://storage.googleapis.com/public-datasets-lila/idaho-camera-traps/public/loc_0026/loc_0026_im_000841.jpg,Idaho Camera Traps : loc_0026_im_000841,Idaho Camera Traps : loc_0026_seq_000738,Idaho Camera Traps : 26,4,deer,01-08-2016 16:38:15,5,train
https://storage.googleapis.com/public-datasets-lila/idaho-camera-traps/public/loc_0201/loc_0201_im_001359.jpg,Idaho Camera Traps : loc_0201_im_001359,Idaho Camera Traps : loc_0201_seq_000202,Idaho Camera Traps : 201,0,deer,04-04-2016 17:23:21,5,val
https://storage.googleapis.com/public-datasets-lila/nacti-unzipped/part1/sub178/FL-12_11_02_2015_FL-12_0017218.jpg,NACTI : FL-12_11_02_2015_FL-12_0017218.jpg,NACTI : unknown,NACTI : archbold_FL-12,-1,deer,,5,train
https://storage.googleapis.com/public-datasets-lila/idaho-camera-traps/public/loc_0120/loc_0120_im_001909.jpg,Idaho Camera Traps : loc_0120_im_001909,Idaho Camera Traps : loc_0120_seq_000202,Idaho Camera Traps : 120,1,deer,10-04-2015 18:39:53,5,train
https://storage.googleapis.com/public-datasets-lila/idaho-camera-traps/public/loc_0108/loc_0108_im_000654.jpg,Idaho Camera Traps : loc_0108_im_000654,Idaho Camera Traps : loc_0108_seq_000083,Idaho Camera Traps : 108,3,deer,08-10-2015 23:23:10,5,val
https://storage.googleapis.com/public-datasets-lila/idaho-camera-traps/public/loc_0118/loc_0118_im_000209.jpg,Idaho Camera Traps : loc_0118_im_000209,Idaho Camera Traps : loc_0118_seq_000027,Idaho Camera Traps : 118,14,deer,06-22-2015 21:11:49,5,train
https://storage.googleapis.com/public-datasets-lila/idaho-camera-traps/public/loc_0257/loc_0257_im_003251.jpg,Idaho Camera Traps : loc_0257_im_003251,Idaho Camera Traps : loc_0257_seq_000331,Idaho Camera Traps : 257,2,deer,02-10-2016 01:12:50,5,train
https://storage.googleapis.com/public-datasets-lila/nacti-unzipped/part2/sub241/FL-27_04_05_2016_FL-27_0052774.JPG,NACTI : FL-27_04_05_2016_FL-27_0052774.JPG,NACTI : unknown,NACTI : archbold_FL-27,-1,deer,,5,train
https://storage.googleapis.com/public-datasets-lila/nacti-unzipped/part2/sub251/FL-29_01_21_2016_FL-29_0053907.jpg,NACTI : FL-29_01_21_2016_FL-29_0053907.jpg,NACTI : unknown,NACTI : archbold_FL-29,-1,deer,,5,train
https://storage.googleapis.com/public-datasets-lila/nacti-unzipped/part2/sub247/FL-28_05_03_2016_FL-28_0052169.JPG,NACTI : FL-28_05_03_2016_FL-28_0052169.JPG,NACTI : unknown,NACTI : archbold_FL-28,-1,deer,,5,val
https://storage.googleapis.com/public-datasets-lila/nacti-unzipped/part1/sub160/FL-08_03_07_2016_FL-08_0016268.JPG,NACTI : FL-08_03_07_2016_FL-08_0016268.JPG,NACTI : unknown,NACTI : archbold_FL-08,-1,deer,,5,train
https://storage.googleapis.com/public-datasets-lila/idaho-camera-traps/public/loc_0212/loc_0212_im_001677.jpg,Idaho Camera Traps : loc_0212_im_001677,Idaho Camera Traps : loc_0212_seq_000209,Idaho Camera Traps : 212,11,deer,03-26-2016 08:42:40,5,train
https://storage.googleapis.com/public-datasets-lila/nz-trailcams/PS3/deer/3fbe8b0f-c8dc-4e06-a1f8-2676cf7559c1.JPG,Trail Camera Images of New Zealand Animals : PS3/deer/3fbe8b0f-c8dc-4e06-a1f8-2676cf7559c1.JPG,Trail Camera Images of New Zealand Animals : unknown,Trail Camera Images of New Zealand Animals : PS3_CAMGC43,-1,deer,03-18-2023 04:53:01,5,train
https://storage.googleapis.com/public-datasets-lila/orinoquia-camera-traps/public/M05/100EK113/02080345.JPG,Orinoquia Camera Traps : M05_100EK113_02080345.JPG,Orinoquia Camera Traps : 399acf5e-7160-11ec-a4ea-5cf3706028c2,Orinoquia Camera Traps : M05,5,deer,02-08-2020 17:29:43,5,train
https://storage.googleapis.com/public-datasets-lila/idaho-camera-traps/public/loc_0199/loc_0199_im_000118.jpg,Idaho Camera Traps : loc_0199_im_000118,Idaho Camera Traps : loc_0199_seq_000004,Idaho Camera Traps : 199,22,deer,12-17-2015 16:42:43,5,train
https://storage.googleapis.com/public-datasets-lila/nz-trailcams/PS3/deer/56403959-f44a-4b93-8891-b7ffbedec84d.JPG,Trail Camera Images of New Zealand Animals : PS3/deer/56403959-f44a-4b93-8891-b7ffbedec84d.JPG,Trail Camera Images of New Zealand Animals : unknown,Trail Camera Images of New Zealand Animals : PS3_CAMGC43,-1,deer,03-24-2023 03:07:24,5,train
https://storage.googleapis.com/public-datasets-lila/nacti-unzipped/part1/sub129/FL-04_06_02_2016_FL-04_0021641.JPG,NACTI : FL-04_06_02_2016_FL-04_0021641.JPG,NACTI : unknown,NACTI : archbold_FL-04,-1,deer,,5,test
https://storage.googleapis.com/public-datasets-lila/idaho-camera-traps/public/loc_0097/loc_0097_im_000322.jpg,Idaho Camera Traps : loc_0097_im_000322,Idaho Camera Traps : loc_0097_seq_000031,Idaho Camera Traps : 97,4,deer,07-14-2015 11:55:27,5,train
https://storage.googleapis.com/public-datasets-lila/nz-trailcams/MIS/deer/dcfec4c2-d7d5-4d24-988a-15942da72a92.JPG,Trail Camera Images of New Zealand Animals : MIS/deer/dcfec4c2-d7d5-4d24-988a-15942da72a92.JPG,Trail Camera Images of New Zealand Animals : unknown,Trail Camera Images of New Zealand Animals : MIS_HV0523,-1,deer,,5,train
https://storage.googleapis.com/public-datasets-lila/nz-trailcams/PS3/deer/6ed5cdc6-e48b-4b81-bf32-ce5ad7cf96ee.JPG,Trail Camera Images of New Zealand Animals : PS3/deer/6ed5cdc6-e48b-4b81-bf32-ce5ad7cf96ee.JPG,Trail Camera Images of New Zealand Animals : unknown,Trail Camera Images of New Zealand Animals : PS3_CAMGC43,-1,deer,03-24-2023 03:05:39,5,train
https://storage.googleapis.com/public-datasets-lila/idaho-camera-traps/public/loc_0213/loc_0213_im_003081.jpg,Idaho Camera Traps : loc_0213_im_003081,Idaho Camera Traps : loc_0213_seq_000471,Idaho Camera Traps : 213,10,deer,04-21-2016 05:32:38,5,train
https://storage.googleapis.com/public-datasets-lila/idaho-camera-traps/public/loc_0126/loc_0126_im_001942.jpg,Idaho Camera Traps : loc_0126_im_001942,Idaho Camera Traps : loc_0126_seq_000192,Idaho Camera Traps : 126,0,deer,07-12-2016 09:33:52,5,train
https://storage.googleapis.com/public-datasets-lila/idaho-camera-traps/public/loc_0199/loc_0199_im_005096.jpg,Idaho Camera Traps : loc_0199_im_005096,Idaho Camera Traps : loc_0199_seq_000380,Idaho Camera Traps : 199,17,deer,03-14-2016 17:38:01,5,train
https://storage.googleapis.com/public-datasets-lila/idaho-camera-traps/public/loc_0079/loc_0079_im_000220.jpg,Idaho Camera Traps : loc_0079_im_000220,Idaho Camera Traps : loc_0079_seq_000020,Idaho Camera Traps : 79,11,deer,05-13-2015 22:32:20,5,train
https://storage.googleapis.com/public-datasets-lila/nz-trailcams/LCC/deer/b8c1e94a-467c-476b-9ec0-5a4f0aff4153.JPG,Trail Camera Images of New Zealand Animals : LCC/deer/b8c1e94a-467c-476b-9ec0-5a4f0aff4153.JPG,Trail Camera Images of New Zealand Animals : unknown,Trail Camera Images of New Zealand Animals : LCC_R21,-1,deer,03-26-2018 19:58:12,5,train
https://storage.googleapis.com/public-datasets-lila/nz-trailcams/PS1/deer/dd7a26e5-491e-4bcd-a419-593a84683b01.JPG,Trail Camera Images of New Zealand Animals : PS1/deer/dd7a26e5-491e-4bcd-a419-593a84683b01.JPG,Trail Camera Images of New Zealand Animals : unknown,Trail Camera Images of New Zealand Animals : PS1_CAMFC23,-1,deer,06-20-2022 01:30:21,5,train
https://storage.googleapis.com/public-datasets-lila/nacti-unzipped/part2/sub268/FL-32_08_15_2016_FL-32_0015123.JPG,NACTI : FL-32_08_15_2016_FL-32_0015123.JPG,NACTI : unknown,NACTI : archbold_FL-32,-1,deer,,5,train
https://storage.googleapis.com/public-datasets-lila/nacti-unzipped/part0/sub058/CA-18_09_18_2015_CA-18_0018925.jpg,NACTI : CA-18_09_18_2015_CA-18_0018925.jpg,NACTI : unknown,NACTI : lebec_CA-18,-1,deer,,5,train
https://storage.googleapis.com/public-datasets-lila/nz-trailcams/PS3/deer/4ad634c9-30eb-4124-9c65-8bd4024c2c0a.JPG,Trail Camera Images of New Zealand Animals : PS3/deer/4ad634c9-30eb-4124-9c65-8bd4024c2c0a.JPG,Trail Camera Images of New Zealand Animals : unknown,Trail Camera Images of New Zealand Animals : PS3_CAMP164,-1,deer,05-25-2023 06:15:09,5,train
https://storage.googleapis.com/public-datasets-lila/nz-trailcams/LCC/deer/539578a4-a713-4189-ab10-6e10e6d56123.JPG,Trail Camera Images of New Zealand Animals : LCC/deer/539578a4-a713-4189-ab10-6e10e6d56123.JPG,Trail Camera Images of New Zealand Animals : unknown,Trail Camera Images of New Zealand Animals : LCC_R95,-1,deer,03-25-2018 23:12:51,5,train
https://storage.googleapis.com/public-datasets-lila/nz-trailcams/PS1/deer/3429bed6-73d2-44c8-93cd-099f7a7d5dd2.JPG,Trail Camera Images of New Zealand Animals : PS1/deer/3429bed6-73d2-44c8-93cd-099f7a7d5dd2.JPG,Trail Camera Images of New Zealand Animals : unknown,Trail Camera Images of New Zealand Animals : PS1_CAM7920,-1,deer,05-07-2022 09:59:37,5,train
https://storage.googleapis.com/public-datasets-lila/nacti-unzipped/part2/sub283/FL-40_01_23_2016_FL-40_0007275.jpg,NACTI : FL-40_01_23_2016_FL-40_0007275.jpg,NACTI : unknown,NACTI : archbold_FL-40,-1,deer,,5,val
https://storage.googleapis.com/public-datasets-lila/nacti-unzipped/part1/sub178/FL-13_01_20_2016_FL-13_0061403.jpg,NACTI : FL-13_01_20_2016_FL-13_0061403.jpg,NACTI : unknown,NACTI : archbold_FL-13,-1,deer,,5,train
https://storage.googleapis.com/public-datasets-lila/nacti-unzipped/part2/sub290/FL-44_01_23_2016_FL-44_0001916.jpg,NACTI : FL-44_01_23_2016_FL-44_0001916.jpg,NACTI : unknown,NACTI : archbold_FL-44,-1,deer,,5,train
https://storage.googleapis.com/public-datasets-lila/idaho-camera-traps/public/loc_0188/loc_0188_im_002086.jpg,Idaho Camera Traps : loc_0188_im_002086,Idaho Camera Traps : loc_0188_seq_000490,Idaho Camera Traps : 188,17,deer,09-04-2016 08:03:08,5,test
https://storage.googleapis.com/public-datasets-lila/nacti-unzipped/part1/sub173/FL-12_05_02_2016_FL-12_0039431.JPG,NACTI : FL-12_05_02_2016_FL-12_0039431.JPG,NACTI : unknown,NACTI : archbold_FL-12,-1,deer,,5,train
https://storage.googleapis.com/public-datasets-lila/idaho-camera-traps/public/loc_0121/loc_0121_im_000239.jpg,Idaho Camera Traps : loc_0121_im_000239,Idaho Camera Traps : loc_0121_seq_000025,Idaho Camera Traps : 121,2,deer,06-03-2015 05:55:55,5,train
https://storage.googleapis.com/public-datasets-lila/idaho-camera-traps/public/loc_0187/loc_0187_im_001365.jpg,Idaho Camera Traps : loc_0187_im_001365,Idaho Camera Traps : loc_0187_seq_000251,Idaho Camera Traps : 187,2,deer,09-19-2016 03:27:06,5,train
https://storage.googleapis.com/public-datasets-lila/idaho-camera-traps/public/loc_0030/loc_0030_im_013617.jpg,Idaho Camera Traps : loc_0030_im_013617,Idaho Camera Traps : loc_0030_seq_011651,Idaho Camera Traps : 30,4,deer,03-23-2016 18:33:03,5,train
https://storage.googleapis.com/public-datasets-lila/idaho-camera-traps/public/loc_0252/loc_0252_im_000177.jpg,Idaho Camera Traps : loc_0252_im_000177,Idaho Camera Traps : loc_0252_seq_000083,Idaho Camera Traps : 252,1,deer,02-26-2016 13:42:14,5,train
https://storage.googleapis.com/public-datasets-lila/nacti-unzipped/part1/sub131/FL-05_01_20_2016_FL-05_0029636.jpg,NACTI : FL-05_01_20_2016_FL-05_0029636.jpg,NACTI : unknown,NACTI : archbold_FL-05,-1,deer,,5,train
https://storage.googleapis.com/public-datasets-lila/nacti-unzipped/part1/sub177/FL-12_09_02_2015_FL-12_0009959.jpg,NACTI : FL-12_09_02_2015_FL-12_0009959.jpg,NACTI : unknown,NACTI : archbold_FL-12,-1,deer,,5,train
https://storage.googleapis.com/public-datasets-lila/idaho-camera-traps/public/loc_0094/loc_0094_im_001157.jpg,Idaho Camera Traps : loc_0094_im_001157,Idaho Camera Traps : loc_0094_seq_000147,Idaho Camera Traps : 94,2,deer,09-16-2015 03:08:31,5,train
https://storage.googleapis.com/public-datasets-lila/nz-trailcams/LCC/deer/f2d10ce8-477c-4660-a715-540ce7ebc4e1.JPG,Trail Camera Images of New Zealand Animals : LCC/deer/f2d10ce8-477c-4660-a715-540ce7ebc4e1.JPG,Trail Camera Images of New Zealand Animals : unknown,Trail Camera Images of New Zealand Animals : LCC_R110,-1,deer,03-20-2018 21:58:38,5,train
https://storage.googleapis.com/public-datasets-lila/nacti-unzipped/part1/sub176/FL-12_07_28_2015_FL-12_0003970.jpg,NACTI : FL-12_07_28_2015_FL-12_0003970.jpg,NACTI : unknown,NACTI : archbold_FL-12,-1,deer,,5,train
https://storage.googleapis.com/public-datasets-lila/nz-trailcams/Z20/deer/724224ee-1534-4578-ad9b-459c5fe7e15b.JPG,Trail Camera Images of New Zealand Animals : Z20/deer/724224ee-1534-4578-ad9b-459c5fe7e15b.JPG,Trail Camera Images of New Zealand Animals : unknown,Trail Camera Images of New Zealand Animals : Z20_IK226,-1,deer,03-29-2022 17:39:51,5,train
https://storage.googleapis.com/public-datasets-lila/idaho-camera-traps/public/loc_0030/loc_0030_im_013338.jpg,Idaho Camera Traps : loc_0030_im_013338,Idaho Camera Traps : loc_0030_seq_011513,Idaho Camera Traps : 30,2,deer,03-23-2016 07:24:31,5,train
https://storage.googleapis.com/public-datasets-lila/caltech-unzipped/cct_images/5957c297-23d2-11e8-a6a3-ec086b02610b.jpg,Caltech Camera Traps : 5957c297-23d2-11e8-a6a3-ec086b02610b,Caltech Camera Traps : 6fd28a1e-5567-11e8-bf60-dca9047ef277,Caltech Camera Traps : 70,1,deer,01-24-2014 09:22:37,5,train
https://storage.googleapis.com/public-datasets-lila/idaho-camera-traps/public/loc_0269/loc_0269_im_004267.jpg,Idaho Camera Traps : loc_0269_im_004267,Idaho Camera Traps : loc_0269_seq_000375,Idaho Camera Traps : 269,22,deer,01-23-2016 10:46:30,5,train
https://storage.googleapis.com/public-datasets-lila/idaho-camera-traps/public/loc_0173/loc_0173_im_001210.jpg,Idaho Camera Traps : loc_0173_im_001210,Idaho Camera Traps : loc_0173_seq_000273,Idaho Camera Traps : 173,6,deer,08-23-2016 19:38:19,5,train
https://storage.googleapis.com/public-datasets-lila/idaho-camera-traps/public/loc_0097/loc_0097_im_001299.jpg,Idaho Camera Traps : loc_0097_im_001299,Idaho Camera Traps : loc_0097_seq_000150,Idaho Camera Traps : 97,15,deer,11-24-2015 03:01:35,5,train
https://storage.googleapis.com/public-datasets-lila/idaho-camera-traps/public/loc_0087/loc_0087_im_001961.jpg,Idaho Camera Traps : loc_0087_im_001961,Idaho Camera Traps : loc_0087_seq_000308,Idaho Camera Traps : 87,5,deer,03-11-2016 01:50:58,5,train
https://storage.googleapis.com/public-datasets-lila/nacti-unzipped/part2/sub288/FL-42_04_05_2016_FL-42_0008671.JPG,NACTI : FL-42_04_05_2016_FL-42_0008671.JPG,NACTI : unknown,NACTI : archbold_FL-42,-1,deer,,5,train
https://storage.googleapis.com/public-datasets-lila/idaho-camera-traps/public/loc_0080/loc_0080_im_001336.jpg,Idaho Camera Traps : loc_0080_im_001336,Idaho Camera Traps : loc_0080_seq_000167,Idaho Camera Traps : 80,16,deer,09-16-2015 13:49:36,5,train
https://storage.googleapis.com/public-datasets-lila/nacti-unzipped/part2/sub216/FL-20_09_03_2015_FL-20_0023584.jpg,NACTI : FL-20_09_03_2015_FL-20_0023584.jpg,NACTI : unknown,NACTI : archbold_FL-20,-1,deer,,5,train
https://storage.googleapis.com/public-datasets-lila/nacti-unzipped/part1/sub176/FL-12_07_28_2015_FL-12_0007926.jpg,NACTI : FL-12_07_28_2015_FL-12_0007926.jpg,NACTI : unknown,NACTI : archbold_FL-12,-1,deer,,5,train
https://storage.googleapis.com/public-datasets-lila/caltech-unzipped/cct_images/59d27d39-23d2-11e8-a6a3-ec086b02610b.jpg,Caltech Camera Traps : 59d27d39-23d2-11e8-a6a3-ec086b02610b,Caltech Camera Traps : 6f880bb0-5567-11e8-be83-dca9047ef277,Caltech Camera Traps : 57,1,deer,04-28-2014 19:12:00,5,train
https://storage.googleapis.com/public-datasets-lila/nacti-unzipped/part1/sub154/FL-07_07_28_2015_FL-07_0100018.jpg,NACTI : FL-07_07_28_2015_FL-07_0100018.jpg,NACTI : unknown,NACTI : archbold_FL-07,-1,deer,,5,train
https://storage.googleapis.com/public-datasets-lila/idaho-camera-traps/public/loc_0087/loc_0087_im_001650.jpg,Idaho Camera Traps : loc_0087_im_001650,Idaho Camera Traps : loc_0087_seq_000259,Idaho Camera Traps : 87,0,deer,11-23-2015 06:08:09,5,train
https://storage.googleapis.com/public-datasets-lila/idaho-camera-traps/public/loc_0102/loc_0102_im_001023.jpg,Idaho Camera Traps : loc_0102_im_001023,Idaho Camera Traps : loc_0102_seq_000100,Idaho Camera Traps : 102,0,deer,11-11-2015 23:58:21,5,train
https://storage.googleapis.com/public-datasets-lila/nacti-unzipped/part0/sub046/CA-11_11_13_2015_CA-11_0008452.jpg,NACTI : CA-11_11_13_2015_CA-11_0008452.jpg,NACTI : unknown,NACTI : lebec_CA-11,-1,deer,,5,train
https://storage.googleapis.com/public-datasets-lila/idaho-camera-traps/public/loc_0118/loc_0118_im_000514.jpg,Idaho Camera Traps : loc_0118_im_000514,Idaho Camera Traps : loc_0118_seq_000065,Idaho Camera Traps : 118,4,deer,07-14-2015 20:13:25,5,train
https://storage.googleapis.com/public-datasets-lila/nacti-unzipped/part0/sub089/CA-36_08_04_2015_CA-36_0002165.jpg,NACTI : CA-36_08_04_2015_CA-36_0002165.jpg,NACTI : unknown,NACTI : lebec_CA-36,-1,deer,,5,val
https://storage.googleapis.com/public-datasets-lila/idaho-camera-traps/public/loc_0103/loc_0103_im_000530.jpg,Idaho Camera Traps : loc_0103_im_000530,Idaho Camera Traps : loc_0103_seq_000048,Idaho Camera Traps : 103,29,deer,05-24-2015 05:06:15,5,train
https://storage.googleapis.com/public-datasets-lila/nacti-unzipped/part2/sub289/FL-42_11_03_2015_FL-42_0001699.jpg,NACTI : FL-42_11_03_2015_FL-42_0001699.jpg,NACTI : unknown,NACTI : archbold_FL-42,-1,deer,,5,train
https://storage.googleapis.com/public-datasets-lila/idaho-camera-traps/public/loc_0011/loc_0011_im_003108.jpg,Idaho Camera Traps : loc_0011_im_003108,Idaho Camera Traps : loc_0011_seq_003008,Idaho Camera Traps : 11,0,deer,01-25-2016 10:10:00,5,train
https://storage.googleapis.com/public-datasets-lila/idaho-camera-traps/public/loc_0116/loc_0116_im_000796.jpg,Idaho Camera Traps : loc_0116_im_000796,Idaho Camera Traps : loc_0116_seq_000087,Idaho Camera Traps : 116,115,deer,07-06-2015 23:51:18,5,train
https://storage.googleapis.com/public-datasets-lila/idaho-camera-traps/public/loc_0272/loc_0272_im_000690.jpg,Idaho Camera Traps : loc_0272_im_000690,Idaho Camera Traps : loc_0272_seq_000096,Idaho Camera Traps : 272,12,deer,01-28-2016 14:29:06,5,test
https://storage.googleapis.com/public-datasets-lila/nz-trailcams/LCC/deer/fa932f18-2c17-4374-8786-ad32463730ae.JPG,Trail Camera Images of New Zealand Animals : LCC/deer/fa932f18-2c17-4374-8786-ad32463730ae.JPG,Trail Camera Images of New Zealand Animals : unknown,Trail Camera Images of New Zealand Animals : LCC_R68,-1,deer,04-02-2018 01:34:30,5,train
https://storage.googleapis.com/public-datasets-lila/idaho-camera-traps/public/loc_0181/loc_0181_im_000849.jpg,Idaho Camera Traps : loc_0181_im_000849,Idaho Camera Traps : loc_0181_seq_000223,Idaho Camera Traps : 181,9,deer,07-23-2016 22:35:48,5,train
https://storage.googleapis.com/public-datasets-lila/nacti-unzipped/part1/sub134/FL-05_07_28_2015_FL-05_0022135.jpg,NACTI : FL-05_07_28_2015_FL-05_0022135.jpg,NACTI : unknown,NACTI : archbold_FL-05,-1,deer,,5,train
https://storage.googleapis.com/public-datasets-lila/nacti-unzipped/part1/sub171/FL-11_07_28_2015_FL-11_0011703.jpg,NACTI : FL-11_07_28_2015_FL-11_0011703.jpg,NACTI : unknown,NACTI : archbold_FL-11,-1,deer,,5,train
https://storage.googleapis.com/public-datasets-lila/idaho-camera-traps/public/loc_0148/loc_0148_im_002840.jpg,Idaho Camera Traps : loc_0148_im_002840,Idaho Camera Traps : loc_0148_seq_000267,Idaho Camera Traps : 148,37,deer,07-24-2016 04:16:23,5,train
https://storage.googleapis.com/public-datasets-lila/nacti-unzipped/part1/sub161/FL-08_06_02_2015_FL-08_0001879.jpg,NACTI : FL-08_06_02_2015_FL-08_0001879.jpg,NACTI : unknown,NACTI : archbold_FL-08,-1,deer,,5,train
https://storage.googleapis.com/public-datasets-lila/idaho-camera-traps/public/loc_0093/loc_0093_im_000368.jpg,Idaho Camera Traps : loc_0093_im_000368,Idaho Camera Traps : loc_0093_seq_000056,Idaho Camera Traps : 93,2,deer,08-18-2015 10:34:18,5,train
https://storage.googleapis.com/public-datasets-lila/idaho-camera-traps/public/loc_0015/loc_0015_im_010008.jpg,Idaho Camera Traps : loc_0015_im_010008,Idaho Camera Traps : loc_0015_seq_009506,Idaho Camera Traps : 15,28,deer,03-09-2016 11:47:10,5,train
https://storage.googleapis.com/public-datasets-lila/idaho-camera-traps/public/loc_0035/loc_0035_im_005683.jpg,Idaho Camera Traps : loc_0035_im_005683,Idaho Camera Traps : loc_0035_seq_003282,Idaho Camera Traps : 35,17,deer,01-25-2016 15:43:11,5,train
https://storage.googleapis.com/public-datasets-lila/nz-trailcams/PS3/deer/915127fa-be24-4ec1-9849-62e1716409a6.JPG,Trail Camera Images of New Zealand Animals : PS3/deer/915127fa-be24-4ec1-9849-62e1716409a6.JPG,Trail Camera Images of New Zealand Animals : unknown,Trail Camera Images of New Zealand Animals : PS3_CAMFC23,-1,deer,03-28-2023 21:23:40,5,train
https://storage.googleapis.com/public-datasets-lila/nz-trailcams/PS2/deer/6afee132-9b04-489b-a05e-41235e4691cb.JPG,Trail Camera Images of New Zealand Animals : PS2/deer/6afee132-9b04-489b-a05e-41235e4691cb.JPG,Trail Camera Images of New Zealand Animals : unknown,Trail Camera Images of New Zealand Animals : PS2_CAM7501,-1,deer,12-19-2022 21:06:09,5,train
https://storage.googleapis.com/public-datasets-lila/nacti-unzipped/part0/sub080/CA-30_08_02_2016_CA-30_0058498.JPG,NACTI : CA-30_08_02_2016_CA-30_0058498.JPG,NACTI : unknown,NACTI : lebec_CA-30,-1,deer,,5,train
https://storage.googleapis.com/public-datasets-lila/idaho-camera-traps/public/loc_0143/loc_0143_im_000893.jpg,Idaho Camera Traps : loc_0143_im_000893,Idaho Camera Traps : loc_0143_seq_000215,Idaho Camera Traps : 143,1,deer,08-19-2016 08:07:02,5,train
https://storage.googleapis.com/public-datasets-lila/nz-trailcams/PS1/deer/eec2772f-8647-4df4-a1f7-1a4d7bf2e20c.JPG,Trail Camera Images of New Zealand Animals : PS1/deer/eec2772f-8647-4df4-a1f7-1a4d7bf2e20c.JPG,Trail Camera Images of New Zealand Animals : unknown,Trail Camera Images of New Zealand Animals : PS1_CAM7105,-1,deer,03-26-2022 10:01:33,5,train
https://storage.googleapis.com/public-datasets-lila/idaho-camera-traps/public/loc_0224/loc_0224_im_000061.jpg,Idaho Camera Traps : loc_0224_im_000061,Idaho Camera Traps : loc_0224_seq_000026,Idaho Camera Traps : 224,0,deer,01-10-2016 16:22:36,5,train
https://storage.googleapis.com/public-datasets-lila/idaho-camera-traps/public/loc_0192/loc_0192_im_000268.jpg,Idaho Camera Traps : loc_0192_im_000268,Idaho Camera Traps : loc_0192_seq_000080,Idaho Camera Traps : 192,2,deer,07-13-2016 07:11:30,5,train
https://storage.googleapis.com/public-datasets-lila/idaho-camera-traps/public/loc_0234/loc_0234_im_000316.jpg,Idaho Camera Traps : loc_0234_im_000316,Idaho Camera Traps : loc_0234_seq_000043,Idaho Camera Traps : 234,17,deer,01-11-2016 15:07:24,5,train
https://storage.googleapis.com/public-datasets-lila/nacti-unzipped/part2/sub208/FL-18_08_04_2016_FL-18_0027443.JPG,NACTI : FL-18_08_04_2016_FL-18_0027443.JPG,NACTI : unknown,NACTI : archbold_FL-18,-1,deer,,5,train
https://storage.googleapis.com/public-datasets-lila/idaho-camera-traps/public/loc_0053/loc_0053_im_002878.jpg,Idaho Camera Traps : loc_0053_im_002878,Idaho Camera Traps : loc_0053_seq_002821,Idaho Camera Traps : 53,3,deer,01-24-2016 23:37:05,5,train
https://storage.googleapis.com/public-datasets-lila/idaho-camera-traps/public/loc_0257/loc_0257_im_006807.jpg,Idaho Camera Traps : loc_0257_im_006807,Idaho Camera Traps : loc_0257_seq_000813,Idaho Camera Traps : 257,9,deer,04-18-2016 13:05:26,5,train
https://storage.googleapis.com/public-datasets-lila/nz-trailcams/PS3/deer/33646a9e-6164-4c02-a76f-40afdff852e7.JPG,Trail Camera Images of New Zealand Animals : PS3/deer/33646a9e-6164-4c02-a76f-40afdff852e7.JPG,Trail Camera Images of New Zealand Animals : unknown,Trail Camera Images of New Zealand Animals : PS3_CAM8001,-1,deer,03-16-2023 18:37:34,5,train
https://storage.googleapis.com/public-datasets-lila/idaho-camera-traps/public/loc_0089/loc_0089_im_004420.jpg,Idaho Camera Traps : loc_0089_im_004420,Idaho Camera Traps : loc_0089_seq_000586,Idaho Camera Traps : 89,6,deer,04-14-2016 23:47:11,5,train
https://storage.googleapis.com/public-datasets-lila/nacti-unzipped/part1/sub140/FL-07_04_04_2016_FL-07_0168925.JPG,NACTI : FL-07_04_04_2016_FL-07_0168925.JPG,NACTI : unknown,NACTI : archbold_FL-07,-1,deer,,5,train
https://storage.googleapis.com/public-datasets-lila/idaho-camera-traps/public/loc_0128/loc_0128_im_003600.jpg,Idaho Camera Traps : loc_0128_im_003600,Idaho Camera Traps : loc_0128_seq_000530,Idaho Camera Traps : 128,1,deer,09-11-2016 20:56:43,5,train
https://storage.googleapis.com/public-datasets-lila/idaho-camera-traps/public/loc_0123/loc_0123_im_000267.jpg,Idaho Camera Traps : loc_0123_im_000267,Idaho Camera Traps : loc_0123_seq_000027,Idaho Camera Traps : 123,3,deer,08-04-2015 09:01:39,5,train
https://storage.googleapis.com/public-datasets-lila/idaho-camera-traps/public/loc_0116/loc_0116_im_000854.jpg,Idaho Camera Traps : loc_0116_im_000854,Idaho Camera Traps : loc_0116_seq_000094,Idaho Camera Traps : 116,5,deer,07-08-2015 20:26:22,5,train
https://storage.googleapis.com/public-datasets-lila/idaho-camera-traps/public/loc_0103/loc_0103_im_000617.jpg,Idaho Camera Traps : loc_0103_im_000617,Idaho Camera Traps : loc_0103_seq_000060,Idaho Camera Traps : 103,2,deer,05-27-2015 04:55:28,5,train
https://storage.googleapis.com/public-datasets-lila/idaho-camera-traps/public/loc_0257/loc_0257_im_000353.jpg,Idaho Camera Traps : loc_0257_im_000353,Idaho Camera Traps : loc_0257_seq_000036,Idaho Camera Traps : 257,3,deer,12-23-2015 09:47:41,5,train
https://storage.googleapis.com/public-datasets-lila/nz-trailcams/PS1/deer/b079a4ea-152f-4f88-8dd5-d672ee1928ca.JPG,Trail Camera Images of New Zealand Animals : PS1/deer/b079a4ea-152f-4f88-8dd5-d672ee1928ca.JPG,Trail Camera Images of New Zealand Animals : unknown,Trail Camera Images of New Zealand Animals : PS1_CAM7905,-1,deer,05-28-2022 03:50:39,5,train
https://storage.googleapis.com/public-datasets-lila/nacti-unzipped/part1/sub176/FL-12_07_28_2015_FL-12_0003644.jpg,NACTI : FL-12_07_28_2015_FL-12_0003644.jpg,NACTI : unknown,NACTI : archbold_FL-12,-1,deer,,5,train
https://storage.googleapis.com/public-datasets-lila/nacti-unzipped/part1/sub177/FL-12_09_30_2015_FL-12_0014871.jpg,NACTI : FL-12_09_30_2015_FL-12_0014871.jpg,NACTI : unknown,NACTI : archbold_FL-12,-1,deer,,5,train
https://storage.googleapis.com/public-datasets-lila/idaho-camera-traps/public/loc_0080/loc_0080_im_002332.jpg,Idaho Camera Traps : loc_0080_im_002332,Idaho Camera Traps : loc_0080_seq_000264,Idaho Camera Traps : 80,0,deer,11-08-2015 18:58:27,5,train
https://storage.googleapis.com/public-datasets-lila/idaho-camera-traps/public/loc_0026/loc_0026_im_009728.jpg,Idaho Camera Traps : loc_0026_im_009728,Idaho Camera Traps : loc_0026_seq_008763,Idaho Camera Traps : 26,43,deer,03-04-2016 07:08:56,5,train
https://storage.googleapis.com/public-datasets-lila/idaho-camera-traps/public/loc_0135/loc_0135_im_001298.jpg,Idaho Camera Traps : loc_0135_im_001298,Idaho Camera Traps : loc_0135_seq_000263,Idaho Camera Traps : 135,8,deer,10-11-2016 21:40:38,5,test
https://storage.googleapis.com/public-datasets-lila/nacti-unzipped/part1/sub198/FL-16_11_02_2015_FL-16_0096573.jpg,NACTI : FL-16_11_02_2015_FL-16_0096573.jpg,NACTI : unknown,NACTI : archbold_FL-16,-1,deer,,5,train
https://storage.googleapis.com/public-datasets-lila/idaho-camera-traps/public/loc_0022/loc_0022_im_005523.jpg,Idaho Camera Traps : loc_0022_im_005523,Idaho Camera Traps : loc_0022_seq_005481,Idaho Camera Traps : 22,0,deer,02-12-2016 15:55:00,5,train
https://storage.googleapis.com/public-datasets-lila/idaho-camera-traps/public/loc_0103/loc_0103_im_001651.jpg,Idaho Camera Traps : loc_0103_im_001651,Idaho Camera Traps : loc_0103_seq_000200,Idaho Camera Traps : 103,1,deer,07-23-2015 20:58:44,5,train
https://storage.googleapis.com/public-datasets-lila/nacti-unzipped/part2/sub217/FL-21_06_30_2015_FL-21_0004414.jpg,NACTI : FL-21_06_30_2015_FL-21_0004414.jpg,NACTI : unknown,NACTI : archbold_FL-21,-1,deer,,5,train
https://storage.googleapis.com/public-datasets-lila/nacti-unzipped/part2/sub207/FL-18_01_20_2016_FL-18_0017053.jpg,NACTI : FL-18_01_20_2016_FL-18_0017053.jpg,NACTI : unknown,NACTI : archbold_FL-18,-1,deer,,5,train
https://storage.googleapis.com/public-datasets-lila/nz-trailcams/LCC/deer/41208b15-72ea-4ce2-9344-bfe44968d865.JPG,Trail Camera Images of New Zealand Animals : LCC/deer/41208b15-72ea-4ce2-9344-bfe44968d865.JPG,Trail Camera Images of New Zealand Animals : unknown,Trail Camera Images of New Zealand Animals : LCC_R141,-1,deer,03-28-2018 22:08:58,5,train
https://storage.googleapis.com/public-datasets-lila/idaho-camera-traps/public/loc_0178/loc_0178_im_000419.jpg,Idaho Camera Traps : loc_0178_im_000419,Idaho Camera Traps : loc_0178_seq_000119,Idaho Camera Traps : 178,6,deer,08-03-2016 09:50:18,5,train
https://storage.googleapis.com/public-datasets-lila/idaho-camera-traps/public/loc_0118/loc_0118_im_001944.jpg,Idaho Camera Traps : loc_0118_im_001944,Idaho Camera Traps : loc_0118_seq_000241,Idaho Camera Traps : 118,3,deer,11-02-2015 11:27:39,5,train
https://storage.googleapis.com/public-datasets-lila/nz-trailcams/PS3/deer/26415ed7-b4d1-4ffe-95c2-27ed9cdacd59.JPG,Trail Camera Images of New Zealand Animals : PS3/deer/26415ed7-b4d1-4ffe-95c2-27ed9cdacd59.JPG,Trail Camera Images of New Zealand Animals : unknown,Trail Camera Images of New Zealand Animals : PS3_CAMGC43,-1,deer,03-17-2023 23:28:39,5,train
https://storage.googleapis.com/public-datasets-lila/idaho-camera-traps/public/loc_0172/loc_0172_im_000445.jpg,Idaho Camera Traps : loc_0172_im_000445,Idaho Camera Traps : loc_0172_seq_000100,Idaho Camera Traps : 172,6,deer,07-12-2016 20:38:28,5,train
https://storage.googleapis.com/public-datasets-lila/idaho-camera-traps/public/loc_0201/loc_0201_im_001162.jpg,Idaho Camera Traps : loc_0201_im_001162,Idaho Camera Traps : loc_0201_seq_000182,Idaho Camera Traps : 201,2,deer,04-01-2016 06:55:31,5,val
https://storage.googleapis.com/public-datasets-lila/idaho-camera-traps/public/loc_0225/loc_0225_im_001444.jpg,Idaho Camera Traps : loc_0225_im_001444,Idaho Camera Traps : loc_0225_seq_000193,Idaho Camera Traps : 225,16,deer,01-04-2016 16:56:43,5,train
https://storage.googleapis.com/public-datasets-lila/nz-trailcams/LCC/deer/dfc1ef5a-907a-4058-b336-702445c65e2f.JPG,Trail Camera Images of New Zealand Animals : LCC/deer/dfc1ef5a-907a-4058-b336-702445c65e2f.JPG,Trail Camera Images of New Zealand Animals : unknown,Trail Camera Images of New Zealand Animals : LCC_R33,-1,deer,04-26-2018 08:03:15,5,train
https://storage.googleapis.com/public-datasets-lila/idaho-camera-traps/public/loc_0170/loc_0170_im_002800.jpg,Idaho Camera Traps : loc_0170_im_002800,Idaho Camera Traps : loc_0170_seq_000427,Idaho Camera Traps : 170,303,deer,07-13-2016 20:06:47,5,train
https://storage.googleapis.com/public-datasets-lila/idaho-camera-traps/public/loc_0120/loc_0120_im_003675.jpg,Idaho Camera Traps : loc_0120_im_003675,Idaho Camera Traps : loc_0120_seq_000445,Idaho Camera Traps : 120,4,deer,04-05-2016 11:02:19,5,train
https://storage.googleapis.com/public-datasets-lila/idaho-camera-traps/public/loc_0118/loc_0118_im_002010.jpg,Idaho Camera Traps : loc_0118_im_002010,Idaho Camera Traps : loc_0118_seq_000251,Idaho Camera Traps : 118,0,deer,11-06-2015 20:36:01,5,train
https://storage.googleapis.com/public-datasets-lila/nz-trailcams/PS3/deer/b4d13126-71d6-4de4-99ee-23bfd0656117.JPG,Trail Camera Images of New Zealand Animals : PS3/deer/b4d13126-71d6-4de4-99ee-23bfd0656117.JPG,Trail Camera Images of New Zealand Animals : unknown,Trail Camera Images of New Zealand Animals : PS3_CAM8610,-1,deer,02-07-2023 06:28:34,5,train
https://storage.googleapis.com/public-datasets-lila/idaho-camera-traps/public/loc_0237/loc_0237_im_000380.jpg,Idaho Camera Traps : loc_0237_im_000380,Idaho Camera Traps : loc_0237_seq_000056,Idaho Camera Traps : 237,3,deer,01-07-2016 16:37:09,5,train
https://storage.googleapis.com/public-datasets-lila/idaho-camera-traps/public/loc_0140/loc_0140_im_000922.jpg,Idaho Camera Traps : loc_0140_im_000922,Idaho Camera Traps : loc_0140_seq_000160,Idaho Camera Traps : 140,0,deer,07-06-2016 19:57:51,5,train
https://storage.googleapis.com/public-datasets-lila/idaho-camera-traps/public/loc_0088/loc_0088_im_000717.jpg,Idaho Camera Traps : loc_0088_im_000717,Idaho Camera Traps : loc_0088_seq_000074,Idaho Camera Traps : 88,6,deer,10-19-2015 17:36:53,5,train
https://storage.googleapis.com/public-datasets-lila/nacti-unzipped/part1/sub166/FL-09_06_02_2016_FL-09_0067274.JPG,NACTI : FL-09_06_02_2016_FL-09_0067274.JPG,NACTI : unknown,NACTI : archbold_FL-09,-1,deer,,5,train
https://storage.googleapis.com/public-datasets-lila/nacti-unzipped/part2/sub240/FL-26_09_03_2015_FL-26_0016413.jpg,NACTI : FL-26_09_03_2015_FL-26_0016413.jpg,NACTI : unknown,NACTI : archbold_FL-26,-1,deer,,5,train
https://storage.googleapis.com/public-datasets-lila/idaho-camera-traps/public/loc_0164/loc_0164_im_000212.jpg,Idaho Camera Traps : loc_0164_im_000212,Idaho Camera Traps : loc_0164_seq_000050,Idaho Camera Traps : 164,0,deer,06-26-2016 18:58:48,5,train
https://storage.googleapis.com/public-datasets-lila/nacti-unzipped/part0/sub094/CA-38_08_17_2015_CA-38_0015734.jpg,NACTI : CA-38_08_17_2015_CA-38_0015734.jpg,NACTI : unknown,NACTI : lebec_CA-38,-1,deer,,5,train
https://storage.googleapis.com/public-datasets-lila/nacti-unzipped/part2/sub239/FL-26_07_29_2015_FL-26_0015716.jpg,NACTI : FL-26_07_29_2015_FL-26_0015716.jpg,NACTI : unknown,NACTI : archbold_FL-26,-1,deer,,5,train
https://storage.googleapis.com/public-datasets-lila/nacti-unzipped/part2/sub232/FL-23_09_02_2015_FL-23_0012116.jpg,NACTI : FL-23_09_02_2015_FL-23_0012116.jpg,NACTI : unknown,NACTI : archbold_FL-23,-1,deer,,5,train
https://storage.googleapis.com/public-datasets-lila/idaho-camera-traps/public/loc_0128/loc_0128_im_003906.jpg,Idaho Camera Traps : loc_0128_im_003906,Idaho Camera Traps : loc_0128_seq_000603,Idaho Camera Traps : 128,5,deer,10-16-2016 19:39:29,5,train
https://storage.googleapis.com/public-datasets-lila/caltech-unzipped/cct_images/598de8b8-23d2-11e8-a6a3-ec086b02610b.jpg,Caltech Camera Traps : 598de8b8-23d2-11e8-a6a3-ec086b02610b,Caltech Camera Traps : 70151468-5567-11e8-8240-dca9047ef277,Caltech Camera Traps : 34,1,deer,01-17-2014 14:09:29,5,val
https://storage.googleapis.com/public-datasets-lila/nz-trailcams/MIS/deer/68698fe2-772d-4b99-bb2b-fc65e5423bb3.JPG,Trail Camera Images of New Zealand Animals : MIS/deer/68698fe2-772d-4b99-bb2b-fc65e5423bb3.JPG,Trail Camera Images of New Zealand Animals : unknown,Trail Camera Images of New Zealand Animals : MIS_HV0325,-1,deer,,5,val
https://storage.googleapis.com/public-datasets-lila/nz-trailcams/PS3/deer/30d8dbc0-2d4a-4d5c-8906-d7653d73b982.JPG,Trail Camera Images of New Zealand Animals : PS3/deer/30d8dbc0-2d4a-4d5c-8906-d7653d73b982.JPG,Trail Camera Images of New Zealand Animals : unknown,Trail Camera Images of New Zealand Animals : PS3_CAMGC43,-1,deer,02-28-2023 04:59:30,5,train
https://storage.googleapis.com/public-datasets-lila/idaho-camera-traps/public/loc_0150/loc_0150_im_001500.jpg,Idaho Camera Traps : loc_0150_im_001500,Idaho Camera Traps : loc_0150_seq_000166,Idaho Camera Traps : 150,5,deer,07-14-2016 22:20:01,5,val
https://storage.googleapis.com/public-datasets-lila/nacti-unzipped/part1/sub199/FL-17_01_20_2016_FL-17_0063525.jpg,NACTI : FL-17_01_20_2016_FL-17_0063525.jpg,NACTI : unknown,NACTI : archbold_FL-17,-1,deer,,5,train
https://storage.googleapis.com/public-datasets-lila/nacti-unzipped/part2/sub208/FL-19_01_20_2016_FL-19_0042560.jpg,NACTI : FL-19_01_20_2016_FL-19_0042560.jpg,NACTI : unknown,NACTI : archbold_FL-19,-1,deer,,5,train
https://storage.googleapis.com/public-datasets-lila/idaho-camera-traps/public/loc_0087/loc_0087_im_001717.jpg,Idaho Camera Traps : loc_0087_im_001717,Idaho Camera Traps : loc_0087_seq_000270,Idaho Camera Traps : 87,1,deer,12-01-2015 16:01:03,5,train
https://storage.googleapis.com/public-datasets-lila/idaho-camera-traps/public/loc_0148/loc_0148_im_002477.jpg,Idaho Camera Traps : loc_0148_im_002477,Idaho Camera Traps : loc_0148_seq_000218,Idaho Camera Traps : 148,7,deer,07-15-2016 00:03:16,5,train
https://storage.googleapis.com/public-datasets-lila/idaho-camera-traps/public/loc_0257/loc_0257_im_002832.jpg,Idaho Camera Traps : loc_0257_im_002832,Idaho Camera Traps : loc_0257_seq_000274,Idaho Camera Traps : 257,10,deer,01-29-2016 10:37:24,5,train
https://storage.googleapis.com/public-datasets-lila/idaho-camera-traps/public/loc_0128/loc_0128_im_001897.jpg,Idaho Camera Traps : loc_0128_im_001897,Idaho Camera Traps : loc_0128_seq_000305,Idaho Camera Traps : 128,2,deer,08-09-2016 02:03:34,5,train
https://storage.googleapis.com/public-datasets-lila/idaho-camera-traps/public/loc_0094/loc_0094_im_001503.jpg,Idaho Camera Traps : loc_0094_im_001503,Idaho Camera Traps : loc_0094_seq_000201,Idaho Camera Traps : 94,2,deer,10-29-2015 20:49:40,5,train
https://storage.googleapis.com/public-datasets-lila/idaho-camera-traps/public/loc_0097/loc_0097_im_001984.jpg,Idaho Camera Traps : loc_0097_im_001984,Idaho Camera Traps : loc_0097_seq_000246,Idaho Camera Traps : 97,1,deer,04-02-2016 08:08:47,5,train
https://storage.googleapis.com/public-datasets-lila/idaho-camera-traps/public/loc_0107/loc_0107_im_000232.jpg,Idaho Camera Traps : loc_0107_im_000232,Idaho Camera Traps : loc_0107_seq_000018,Idaho Camera Traps : 107,1,deer,06-22-2015 13:19:21,5,test
https://storage.googleapis.com/public-datasets-lila/idaho-camera-traps/public/loc_0117/loc_0117_im_000594.jpg,Idaho Camera Traps : loc_0117_im_000594,Idaho Camera Traps : loc_0117_seq_000084,Idaho Camera Traps : 117,6,deer,10-08-2015 19:06:18,5,train
https://storage.googleapis.com/public-datasets-lila/nacti-unzipped/part0/sub040/CA-07_06_03_2016_CA-07_0008518.JPG,NACTI : CA-07_06_03_2016_CA-07_0008518.JPG,NACTI : unknown,NACTI : lebec_CA-07,-1,deer,,5,train
https://storage.googleapis.com/public-datasets-lila/nacti-unzipped/part1/sub177/FL-12_09_30_2015_FL-12_0014089.jpg,NACTI : FL-12_09_30_2015_FL-12_0014089.jpg,NACTI : unknown,NACTI : archbold_FL-12,-1,deer,,5,train
https://storage.googleapis.com/public-datasets-lila/idaho-camera-traps/public/loc_0079/loc_0079_im_003371.jpg,Idaho Camera Traps : loc_0079_im_003371,Idaho Camera Traps : loc_0079_seq_000397,Idaho Camera Traps : 79,0,deer,09-11-2015 08:04:17,5,train
https://storage.googleapis.com/public-datasets-lila/nacti-unzipped/part1/sub168/FL-09_10_01_2015_FL-09_0034062.jpg,NACTI : FL-09_10_01_2015_FL-09_0034062.jpg,NACTI : unknown,NACTI : archbold_FL-09,-1,deer,,5,train
https://storage.googleapis.com/public-datasets-lila/idaho-camera-traps/public/loc_0105/loc_0105_im_000079.jpg,Idaho Camera Traps : loc_0105_im_000079,Idaho Camera Traps : loc_0105_seq_000005,Idaho Camera Traps : 105,7,deer,05-31-2015 06:39:51,5,train
https://storage.googleapis.com/public-datasets-lila/idaho-camera-traps/public/loc_0129/loc_0129_im_002353.jpg,Idaho Camera Traps : loc_0129_im_002353,Idaho Camera Traps : loc_0129_seq_000308,Idaho Camera Traps : 129,7,deer,07-28-2016 21:09:04,5,train
https://storage.googleapis.com/public-datasets-lila/idaho-camera-traps/public/loc_0153/loc_0153_im_000159.jpg,Idaho Camera Traps : loc_0153_im_000159,Idaho Camera Traps : loc_0153_seq_000033,Idaho Camera Traps : 153,2,deer,06-03-2016 23:23:30,5,train
https://storage.googleapis.com/public-datasets-lila/nz-trailcams/PS3/deer/1c7b2a59-803f-426a-9706-6b46d8f2a29d.JPG,Trail Camera Images of New Zealand Animals : PS3/deer/1c7b2a59-803f-426a-9706-6b46d8f2a29d.JPG,Trail Camera Images of New Zealand Animals : unknown,Trail Camera Images of New Zealand Animals : PS3_CAMCREK,-1,deer,04-20-2023 19:53:07,5,train
https://storage.googleapis.com/public-datasets-lila/idaho-camera-traps/public/loc_0018/loc_0018_im_006080.jpg,Idaho Camera Traps : loc_0018_im_006080,Idaho Camera Traps : loc_0018_seq_004420,Idaho Camera Traps : 18,3,deer,02-02-2016 13:14:47,5,val
https://storage.googleapis.com/public-datasets-lila/caltech-unzipped/cct_images/585a624b-23d2-11e8-a6a3-ec086b02610b.jpg,Caltech Camera Traps : 585a624b-23d2-11e8-a6a3-ec086b02610b,Caltech Camera Traps : 7010ac54-5567-11e8-b6ce-dca9047ef277,Caltech Camera Traps : 102,3,deer,04-28-2014 17:43:30,5,train
https://storage.googleapis.com/public-datasets-lila/nacti-unzipped/part0/sub084/CA-32_08_17_2015_CA-32_0001076.jpg,NACTI : CA-32_08_17_2015_CA-32_0001076.jpg,NACTI : unknown,NACTI : lebec_CA-32,-1,deer,,5,train
https://storage.googleapis.com/public-datasets-lila/caltech-unzipped/cct_images/591e4241-23d2-11e8-a6a3-ec086b02610b.jpg,Caltech Camera Traps : 591e4241-23d2-11e8-a6a3-ec086b02610b,Caltech Camera Traps : 701a9480-5567-11e8-b99f-dca9047ef277,Caltech Camera Traps : 128,1,deer,11-13-2013 18:37:59,5,train
https://storage.googleapis.com/public-datasets-lila/nacti-unzipped/part1/sub141/FL-07_06_01_2015_FL-07_0000135.jpg,NACTI : FL-07_06_01_2015_FL-07_0000135.jpg,NACTI : unknown,NACTI : archbold_FL-07,-1,deer,,5,train
https://storage.googleapis.com/public-datasets-lila/nacti-unzipped/part1/sub175/FL-12_06_29_2015_FL-12_0002063.jpg,NACTI : FL-12_06_29_2015_FL-12_0002063.jpg,NACTI : unknown,NACTI : archbold_FL-12,-1,deer,,5,train
https://storage.googleapis.com/public-datasets-lila/idaho-camera-traps/public/loc_0092/loc_0092_im_002296.jpg,Idaho Camera Traps : loc_0092_im_002296,Idaho Camera Traps : loc_0092_seq_000361,Idaho Camera Traps : 92,4,deer,11-27-2015 13:06:57,5,train
https://storage.googleapis.com/public-datasets-lila/idaho-camera-traps/public/loc_0098/loc_0098_im_003819.jpg,Idaho Camera Traps : loc_0098_im_003819,Idaho Camera Traps : loc_0098_seq_000426,Idaho Camera Traps : 98,6,deer,10-30-2015 05:01:06,5,train
https://storage.googleapis.com/public-datasets-lila/nacti-unzipped/part1/sub168/FL-09_10_01_2015_FL-09_0033942.jpg,NACTI : FL-09_10_01_2015_FL-09_0033942.jpg,NACTI : unknown,NACTI : archbold_FL-09,-1,deer,,5,train
https://storage.googleapis.com/public-datasets-lila/nacti-unzipped/part1/sub178/FL-12_11_02_2015_FL-12_0019152.jpg,NACTI : FL-12_11_02_2015_FL-12_0019152.jpg,NACTI : unknown,NACTI : archbold_FL-12,-1,deer,,5,train
https://storage.googleapis.com/public-datasets-lila/idaho-camera-traps/public/loc_0122/loc_0122_im_001170.jpg,Idaho Camera Traps : loc_0122_im_001170,Idaho Camera Traps : loc_0122_seq_000125,Idaho Camera Traps : 122,9,deer,07-19-2015 21:06:44,5,val
https://storage.googleapis.com/public-datasets-lila/nacti-unzipped/part2/sub215/FL-20_06_02_2016_FL-20_0035836.JPG,NACTI : FL-20_06_02_2016_FL-20_0035836.JPG,NACTI : unknown,NACTI : archbold_FL-20,-1,deer,,5,train
https://storage.googleapis.com/public-datasets-lila/nacti-unzipped/part1/sub176/FL-12_07_28_2015_FL-12_0008630.jpg,NACTI : FL-12_07_28_2015_FL-12_0008630.jpg,NACTI : unknown,NACTI : archbold_FL-12,-1,deer,,5,train
https://storage.googleapis.com/public-datasets-lila/idaho-camera-traps/public/loc_0150/loc_0150_im_001582.jpg,Idaho Camera Traps : loc_0150_im_001582,Idaho Camera Traps : loc_0150_seq_000174,Idaho Camera Traps : 150,8,deer,07-15-2016 22:21:18,5,val
https://storage.googleapis.com/public-datasets-lila/idaho-camera-traps/public/loc_0221/loc_0221_im_000435.jpg,Idaho Camera Traps : loc_0221_im_000435,Idaho Camera Traps : loc_0221_seq_000108,Idaho Camera Traps : 221,1,deer,03-06-2016 15:00:24,5,train
https://storage.googleapis.com/public-datasets-lila/nacti-unzipped/part1/sub169/FL-10_06_02_2016_FL-10_0019062.JPG,NACTI : FL-10_06_02_2016_FL-10_0019062.JPG,NACTI : unknown,NACTI : archbold_FL-10,-1,deer,,5,train
https://storage.googleapis.com/public-datasets-lila/nacti-unzipped/part2/sub284/FL-40_05_03_2016_FL-40_0016257.JPG,NACTI : FL-40_05_03_2016_FL-40_0016257.JPG,NACTI : unknown,NACTI : archbold_FL-40,-1,deer,,5,val
https://storage.googleapis.com/public-datasets-lila/nacti-unzipped/part2/sub234/FL-24_06_02_2016_FL-24_0059366.JPG,NACTI : FL-24_06_02_2016_FL-24_0059366.JPG,NACTI : unknown,NACTI : archbold_FL-24,-1,deer,,5,train
https://storage.googleapis.com/public-datasets-lila/idaho-camera-traps/public/loc_0100/loc_0100_im_007281.jpg,Idaho Camera Traps : loc_0100_im_007281,Idaho Camera Traps : loc_0100_seq_000689,Idaho Camera Traps : 100,0,deer,12-02-2015 17:53:54,5,train
https://storage.googleapis.com/public-datasets-lila/idaho-camera-traps/public/loc_0117/loc_0117_im_002091.jpg,Idaho Camera Traps : loc_0117_im_002091,Idaho Camera Traps : loc_0117_seq_000308,Idaho Camera Traps : 117,0,deer,02-10-2016 08:19:49,5,train
https://storage.googleapis.com/public-datasets-lila/nacti-unzipped/part1/sub134/FL-05_11_02_2015_FL-05_0024928.jpg,NACTI : FL-05_11_02_2015_FL-05_0024928.jpg,NACTI : unknown,NACTI : archbold_FL-05,-1,deer,,5,train
https://storage.googleapis.com/public-datasets-lila/idaho-camera-traps/public/loc_0140/loc_0140_im_001313.jpg,Idaho Camera Traps : loc_0140_im_001313,Idaho Camera Traps : loc_0140_seq_000225,Idaho Camera Traps : 140,0,deer,07-22-2016 00:00:00,5,train
https://storage.googleapis.com/public-datasets-lila/nacti-unzipped/part1/sub177/FL-12_09_02_2015_FL-12_0012022.jpg,NACTI : FL-12_09_02_2015_FL-12_0012022.jpg,NACTI : unknown,NACTI : archbold_FL-12,-1,deer,,5,train
https://storage.googleapis.com/public-datasets-lila/idaho-camera-traps/public/loc_0174/loc_0174_im_000294.jpg,Idaho Camera Traps : loc_0174_im_000294,Idaho Camera Traps : loc_0174_seq_000048,Idaho Camera Traps : 174,1,deer,07-16-2016 06:15:31,5,train
https://storage.googleapis.com/public-datasets-lila/idaho-camera-traps/public/loc_0018/loc_0018_im_013278.jpg,Idaho Camera Traps : loc_0018_im_013278,Idaho Camera Traps : loc_0018_seq_010995,Idaho Camera Traps : 18,4,deer,03-18-2016 16:17:55,5,val
https://storage.googleapis.com/public-datasets-lila/nacti-unzipped/part2/sub288/FL-42_03_09_2016_FL-42_0008110.JPG,NACTI : FL-42_03_09_2016_FL-42_0008110.JPG,NACTI : unknown,NACTI : archbold_FL-42,-1,deer,,5,train
https://storage.googleapis.com/public-datasets-lila/nacti-unzipped/part2/sub219/FL-22_01_21_2016_FL-22_0079542.jpg,NACTI : FL-22_01_21_2016_FL-22_0079542.jpg,NACTI : unknown,NACTI : archbold_FL-22,-1,deer,,5,train
https://storage.googleapis.com/public-datasets-lila/nacti-unzipped/part2/sub217/FL-21_06_30_2015_FL-21_0005289.jpg,NACTI : FL-21_06_30_2015_FL-21_0005289.jpg,NACTI : unknown,NACTI : archbold_FL-21,-1,deer,,5,train
https://storage.googleapis.com/public-datasets-lila/idaho-camera-traps/public/loc_0234/loc_0234_im_000845.jpg,Idaho Camera Traps : loc_0234_im_000845,Idaho Camera Traps : loc_0234_seq_000099,Idaho Camera Traps : 234,4,deer,01-29-2016 03:14:30,5,train
https://storage.googleapis.com/public-datasets-lila/idaho-camera-traps/public/loc_0153/loc_0153_im_001467.jpg,Idaho Camera Traps : loc_0153_im_001467,Idaho Camera Traps : loc_0153_seq_000333,Idaho Camera Traps : 153,7,deer,10-02-2016 08:17:55,5,train
https://storage.googleapis.com/public-datasets-lila/nacti-unzipped/part2/sub247/FL-28_06_02_2016_FL-28_0053335.JPG,NACTI : FL-28_06_02_2016_FL-28_0053335.JPG,NACTI : unknown,NACTI : archbold_FL-28,-1,deer,,5,val
https://storage.googleapis.com/public-datasets-lila/idaho-camera-traps/public/loc_0116/loc_0116_im_001569.jpg,Idaho Camera Traps : loc_0116_im_001569,Idaho Camera Traps : loc_0116_seq_000146,Idaho Camera Traps : 116,0,deer,08-07-2015 05:05:18,5,train
https://storage.googleapis.com/public-datasets-lila/idaho-camera-traps/public/loc_0004/loc_0004_im_000570.jpg,Idaho Camera Traps : loc_0004_im_000570,Idaho Camera Traps : loc_0004_seq_000393,Idaho Camera Traps : 4,68,deer,01-10-2016 11:32:40,5,train
https://storage.googleapis.com/public-datasets-lila/nacti-unzipped/part1/sub134/FL-05_09_02_2015_FL-05_0023239.jpg,NACTI : FL-05_09_02_2015_FL-05_0023239.jpg,NACTI : unknown,NACTI : archbold_FL-05,-1,deer,,5,train
https://storage.googleapis.com/public-datasets-lila/nacti-unzipped/part1/sub178/FL-12_11_02_2015_FL-12_0017585.jpg,NACTI : FL-12_11_02_2015_FL-12_0017585.jpg,NACTI : unknown,NACTI : archbold_FL-12,-1,deer,,5,train
https://storage.googleapis.com/public-datasets-lila/nacti-unzipped/part1/sub186/FL-14_06_02_2015_FL-14_0003631.jpg,NACTI : FL-14_06_02_2015_FL-14_0003631.jpg,NACTI : unknown,NACTI : archbold_FL-14,-1,deer,,5,train
https://storage.googleapis.com/public-datasets-lila/nacti-unzipped/part2/sub207/FL-18_01_20_2016_FL-18_0017014.jpg,NACTI : FL-18_01_20_2016_FL-18_0017014.jpg,NACTI : unknown,NACTI : archbold_FL-18,-1,deer,,5,train
https://storage.googleapis.com/public-datasets-lila/idaho-camera-traps/public/loc_0015/loc_0015_im_013569.jpg,Idaho Camera Traps : loc_0015_im_013569,Idaho Camera Traps : loc_0015_seq_011655,Idaho Camera Traps : 15,18,deer,03-23-2016 14:50:03,5,train
https://storage.googleapis.com/public-datasets-lila/idaho-camera-traps/public/loc_0182/loc_0182_im_000776.jpg,Idaho Camera Traps : loc_0182_im_000776,Idaho Camera Traps : loc_0182_seq_000210,Idaho Camera Traps : 182,6,deer,09-21-2016 13:40:39,5,train
https://storage.googleapis.com/public-datasets-lila/nacti-unzipped/part2/sub288/FL-42_05_03_2016_FL-42_0009111.JPG,NACTI : FL-42_05_03_2016_FL-42_0009111.JPG,NACTI : unknown,NACTI : archbold_FL-42,-1,deer,,5,train
https://storage.googleapis.com/public-datasets-lila/idaho-camera-traps/public/loc_0122/loc_0122_im_000862.jpg,Idaho Camera Traps : loc_0122_im_000862,Idaho Camera Traps : loc_0122_seq_000090,Idaho Camera Traps : 122,13,deer,07-06-2015 22:34:34,5,val
https://storage.googleapis.com/public-datasets-lila/idaho-camera-traps/public/loc_0079/loc_0079_im_002712.jpg,Idaho Camera Traps : loc_0079_im_002712,Idaho Camera Traps : loc_0079_seq_000312,Idaho Camera Traps : 79,10,deer,08-15-2015 19:05:54,5,train
https://storage.googleapis.com/public-datasets-lila/idaho-camera-traps/public/loc_0225/loc_0225_im_000671.jpg,Idaho Camera Traps : loc_0225_im_000671,Idaho Camera Traps : loc_0225_seq_000086,Idaho Camera Traps : 225,2,deer,12-26-2015 15:03:10,5,train
https://storage.googleapis.com/public-datasets-lila/idaho-camera-traps/public/loc_0129/loc_0129_im_001630.jpg,Idaho Camera Traps : loc_0129_im_001630,Idaho Camera Traps : loc_0129_seq_000199,Idaho Camera Traps : 129,14,deer,07-03-2016 20:55:19,5,train
https://storage.googleapis.com/public-datasets-lila/idaho-camera-traps/public/loc_0089/loc_0089_im_004269.jpg,Idaho Camera Traps : loc_0089_im_004269,Idaho Camera Traps : loc_0089_seq_000573,Idaho Camera Traps : 89,5,deer,04-13-2016 00:13:40,5,train
https://storage.googleapis.com/public-datasets-lila/nz-trailcams/PS1/deer/3e6f10de-e1a0-4a08-82fb-24e499029cb7.JPG,Trail Camera Images of New Zealand Animals : PS1/deer/3e6f10de-e1a0-4a08-82fb-24e499029cb7.JPG,Trail Camera Images of New Zealand Animals : unknown,Trail Camera Images of New Zealand Animals : PS1_CAM6213,-1,deer,07-12-2022 08:28:33,5,train
https://storage.googleapis.com/public-datasets-lila/idaho-camera-traps/public/loc_0170/loc_0170_im_002562.jpg,Idaho Camera Traps : loc_0170_im_002562,Idaho Camera Traps : loc_0170_seq_000427,Idaho Camera Traps : 170,65,deer,07-13-2016 19:58:23,5,train
https://storage.googleapis.com/public-datasets-lila/nz-trailcams/PS2/deer/468fc66f-ccfc-4142-8575-3c8f6587d502.JPG,Trail Camera Images of New Zealand Animals : PS2/deer/468fc66f-ccfc-4142-8575-3c8f6587d502.JPG,Trail Camera Images of New Zealand Animals : unknown,Trail Camera Images of New Zealand Animals : PS2_CAMFC01,-1,deer,12-13-2022 03:31:33,5,train
https://storage.googleapis.com/public-datasets-lila/caltech-unzipped/cct_images/59c66b31-23d2-11e8-a6a3-ec086b02610b.jpg,Caltech Camera Traps : 59c66b31-23d2-11e8-a6a3-ec086b02610b,Caltech Camera Traps : 7018283a-5567-11e8-a52b-dca9047ef277,Caltech Camera Traps : 37,1,deer,09-02-2014 20:12:11,5,test
https://storage.googleapis.com/public-datasets-lila/idaho-camera-traps/public/loc_0168/loc_0168_im_002064.jpg,Idaho Camera Traps : loc_0168_im_002064,Idaho Camera Traps : loc_0168_seq_000324,Idaho Camera Traps : 168,6,deer,09-20-2016 06:57:04,5,train
https://storage.googleapis.com/public-datasets-lila/idaho-camera-traps/public/loc_0124/loc_0124_im_001505.jpg,Idaho Camera Traps : loc_0124_im_001505,Idaho Camera Traps : loc_0124_seq_000169,Idaho Camera Traps : 124,2,deer,10-01-2015 03:41:27,5,test
https://storage.googleapis.com/public-datasets-lila/idaho-camera-traps/public/loc_0123/loc_0123_im_000071.jpg,Idaho Camera Traps : loc_0123_im_000071,Idaho Camera Traps : loc_0123_seq_000006,Idaho Camera Traps : 123,5,deer,06-19-2015 06:52:12,5,train
https://storage.googleapis.com/public-datasets-lila/nacti-unzipped/part2/sub230/FL-22_12_06_2015_FL-22_0078266.jpg,NACTI : FL-22_12_06_2015_FL-22_0078266.jpg,NACTI : unknown,NACTI : archbold_FL-22,-1,deer,,5,train
https://storage.googleapis.com/public-datasets-lila/idaho-camera-traps/public/loc_0148/loc_0148_im_000187.jpg,Idaho Camera Traps : loc_0148_im_000187,Idaho Camera Traps : loc_0148_seq_000022,Idaho Camera Traps : 148,8,deer,06-04-2016 03:54:39,5,train
https://storage.googleapis.com/public-datasets-lila/nz-trailcams/PS1/deer/89209e76-17fd-4cc4-9ff4-38da157b5a84.JPG,Trail Camera Images of New Zealand Animals : PS1/deer/89209e76-17fd-4cc4-9ff4-38da157b5a84.JPG,Trail Camera Images of New Zealand Animals : unknown,Trail Camera Images of New Zealand Animals : PS1_CAM7905,-1,deer,05-25-2022 09:15:08,5,train
https://storage.googleapis.com/public-datasets-lila/idaho-camera-traps/public/loc_0193/loc_0193_im_001582.jpg,Idaho Camera Traps : loc_0193_im_001582,Idaho Camera Traps : loc_0193_seq_000289,Idaho Camera Traps : 193,4,deer,07-06-2016 22:15:09,5,val
https://storage.googleapis.com/public-datasets-lila/idaho-camera-traps/public/loc_0216/loc_0216_im_000738.jpg,Idaho Camera Traps : loc_0216_im_000738,Idaho Camera Traps : loc_0216_seq_000147,Idaho Camera Traps : 216,3,deer,03-11-2016 15:30:31,5,train
https://storage.googleapis.com/public-datasets-lila/nz-trailcams/LCC/deer/c5fe181e-3cdf-46ba-a9a7-8425a731b0e9.JPG,Trail Camera Images of New Zealand Animals : LCC/deer/c5fe181e-3cdf-46ba-a9a7-8425a731b0e9.JPG,Trail Camera Images of New Zealand Animals : unknown,Trail Camera Images of New Zealand Animals : LCC_R68,-1,deer,06-04-2018 13:37:28,5,train
https://storage.googleapis.com/public-datasets-lila/nz-trailcams/WLG/deer/1805150933061131S032.jpg,Trail Camera Images of New Zealand Animals : WLG/deer/1805150933061131S032.jpg,Trail Camera Images of New Zealand Animals : unknown,Trail Camera Images of New Zealand Animals : WLG_unknown,-1,deer,05-18-2015 09:33:07,5,train
https://storage.googleapis.com/public-datasets-lila/idaho-camera-traps/public/loc_0080/loc_0080_im_000353.jpg,Idaho Camera Traps : loc_0080_im_000353,Idaho Camera Traps : loc_0080_seq_000038,Idaho Camera Traps : 80,8,deer,06-02-2015 11:45:25,5,train
https://storage.googleapis.com/public-datasets-lila/idaho-camera-traps/public/loc_0101/loc_0101_im_000709.jpg,Idaho Camera Traps : loc_0101_im_000709,Idaho Camera Traps : loc_0101_seq_000105,Idaho Camera Traps : 101,4,deer,07-22-2015 04:58:54,5,train
https://storage.googleapis.com/public-datasets-lila/caltech-unzipped/cct_images/5919994f-23d2-11e8-a6a3-ec086b02610b.jpg,Caltech Camera Traps : 5919994f-23d2-11e8-a6a3-ec086b02610b,Caltech Camera Traps : 70169fba-5567-11e8-8973-dca9047ef277,Caltech Camera Traps : 135,3,deer,08-21-2013 21:01:12,5,train
https://storage.googleapis.com/public-datasets-lila/nz-trailcams/PS1/deer/522e8beb-c6a8-4cd3-accc-3e7deb4180f4.JPG,Trail Camera Images of New Zealand Animals : PS1/deer/522e8beb-c6a8-4cd3-accc-3e7deb4180f4.JPG,Trail Camera Images of New Zealand Animals : unknown,Trail Camera Images of New Zealand Animals : PS1_CAM7920,-1,deer,06-04-2022 09:55:40,5,train
https://storage.googleapis.com/public-datasets-lila/idaho-camera-traps/public/loc_0164/loc_0164_im_000018.jpg,Idaho Camera Traps : loc_0164_im_000018,Idaho Camera Traps : loc_0164_seq_000004,Idaho Camera Traps : 164,7,deer,05-27-2016 06:38:25,5,train
https://storage.googleapis.com/public-datasets-lila/nacti-unzipped/part2/sub290/FL-43_08_15_2016_FL-43_0013828.JPG,NACTI : FL-43_08_15_2016_FL-43_0013828.JPG,NACTI : unknown,NACTI : archbold_FL-43,-1,deer,,5,train
https://storage.googleapis.com/public-datasets-lila/idaho-camera-traps/public/loc_0206/loc_0206_im_002993.jpg,Idaho Camera Traps : loc_0206_im_002993,Idaho Camera Traps : loc_0206_seq_000277,Idaho Camera Traps : 206,4,deer,04-02-2017 06:24:07,5,train
https://storage.googleapis.com/public-datasets-lila/idaho-camera-traps/public/loc_0094/loc_0094_im_002280.jpg,Idaho Camera Traps : loc_0094_im_002280,Idaho Camera Traps : loc_0094_seq_000331,Idaho Camera Traps : 94,2,deer,05-01-2016 05:28:42,5,train
https://storage.googleapis.com/public-datasets-lila/idaho-camera-traps/public/loc_0239/loc_0239_im_000311.jpg,Idaho Camera Traps : loc_0239_im_000311,Idaho Camera Traps : loc_0239_seq_000047,Idaho Camera Traps : 239,20,deer,01-12-2016 16:25:12,5,test
https://storage.googleapis.com/public-datasets-lila/idaho-camera-traps/public/loc_0157/loc_0157_im_000154.jpg,Idaho Camera Traps : loc_0157_im_000154,Idaho Camera Traps : loc_0157_seq_000046,Idaho Camera Traps : 157,0,deer,06-18-2016 08:32:48,5,train
https://storage.googleapis.com/public-datasets-lila/nz-trailcams/LCC/deer/81760468-a081-42fd-8a25-52d7be3266b1.JPG,Trail Camera Images of New Zealand Animals : LCC/deer/81760468-a081-42fd-8a25-52d7be3266b1.JPG,Trail Camera Images of New Zealand Animals : unknown,Trail Camera Images of New Zealand Animals : LCC_B96,-1,deer,09-15-2018 16:08:29,5,train
https://storage.googleapis.com/public-datasets-lila/idaho-camera-traps/public/loc_0170/loc_0170_im_002512.jpg,Idaho Camera Traps : loc_0170_im_002512,Idaho Camera Traps : loc_0170_seq_000427,Idaho Camera Traps : 170,15,deer,07-13-2016 19:55:58,5,train
https://storage.googleapis.com/public-datasets-lila/idaho-camera-traps/public/loc_0274/loc_0274_im_000091.jpg,Idaho Camera Traps : loc_0274_im_000091,Idaho Camera Traps : loc_0274_seq_000004,Idaho Camera Traps : 274,15,deer,12-19-2015 11:45:06,5,train
https://storage.googleapis.com/public-datasets-lila/idaho-camera-traps/public/loc_0026/loc_0026_im_003063.jpg,Idaho Camera Traps : loc_0026_im_003063,Idaho Camera Traps : loc_0026_seq_002648,Idaho Camera Traps : 26,3,deer,01-21-2016 16:42:02,5,train
https://storage.googleapis.com/public-datasets-lila/idaho-camera-traps/public/loc_0051/loc_0051_im_004850.jpg,Idaho Camera Traps : loc_0051_im_004850,Idaho Camera Traps : loc_0051_seq_003868,Idaho Camera Traps : 51,31,deer,01-30-2016 10:01:48,5,train
https://storage.googleapis.com/public-datasets-lila/nz-trailcams/PS3/deer/1723a530-751c-4c0e-92f8-aae8d92cb7d6.JPG,Trail Camera Images of New Zealand Animals : PS3/deer/1723a530-751c-4c0e-92f8-aae8d92cb7d6.JPG,Trail Camera Images of New Zealand Animals : unknown,Trail Camera Images of New Zealand Animals : PS3_CAMP164,-1,deer,05-25-2023 06:15:05,5,train
https://storage.googleapis.com/public-datasets-lila/nz-trailcams/LCC/deer/bde8b699-baf7-4ccb-b73d-e1d7d037c0b8.JPG,Trail Camera Images of New Zealand Animals : LCC/deer/bde8b699-baf7-4ccb-b73d-e1d7d037c0b8.JPG,Trail Camera Images of New Zealand Animals : unknown,Trail Camera Images of New Zealand Animals : LCC_R113,-1,deer,05-31-2018 22:44:58,5,train
https://storage.googleapis.com/public-datasets-lila/idaho-camera-traps/public/loc_0109/loc_0109_im_001073.jpg,Idaho Camera Traps : loc_0109_im_001073,Idaho Camera Traps : loc_0109_seq_000116,Idaho Camera Traps : 109,7,deer,11-23-2015 11:37:19,5,train
https://storage.googleapis.com/public-datasets-lila/idaho-camera-traps/public/loc_0089/loc_0089_im_004376.jpg,Idaho Camera Traps : loc_0089_im_004376,Idaho Camera Traps : loc_0089_seq_000582,Idaho Camera Traps : 89,16,deer,04-14-2016 19:57:43,5,train
https://storage.googleapis.com/public-datasets-lila/nz-trailcams/PS3/deer/899e3466-9858-4ad9-bec7-897a5d3c9599.JPG,Trail Camera Images of New Zealand Animals : PS3/deer/899e3466-9858-4ad9-bec7-897a5d3c9599.JPG,Trail Camera Images of New Zealand Animals : unknown,Trail Camera Images of New Zealand Animals : PS3_CAM6401,-1,deer,06-03-2023 08:16:16,5,train
https://storage.googleapis.com/public-datasets-lila/idaho-camera-traps/public/loc_0194/loc_0194_im_000262.jpg,Idaho Camera Traps : loc_0194_im_000262,Idaho Camera Traps : loc_0194_seq_000047,Idaho Camera Traps : 194,17,deer,06-13-2016 06:10:29,5,train
https://storage.googleapis.com/public-datasets-lila/idaho-camera-traps/public/loc_0198/loc_0198_im_001551.jpg,Idaho Camera Traps : loc_0198_im_001551,Idaho Camera Traps : loc_0198_seq_000262,Idaho Camera Traps : 198,4,deer,04-22-2016 17:07:02,5,train
https://storage.googleapis.com/public-datasets-lila/nz-trailcams/PS3/deer/400b628e-65f6-4ff3-98a5-d54cf63b9396.JPG,Trail Camera Images of New Zealand Animals : PS3/deer/400b628e-65f6-4ff3-98a5-d54cf63b9396.JPG,Trail Camera Images of New Zealand Animals : unknown,Trail Camera Images of New Zealand Animals : PS3_CAMFC23,-1,deer,02-10-2023 02:55:29,5,train
https://storage.googleapis.com/public-datasets-lila/nacti-unzipped/part2/sub207/FL-18_01_20_2016_FL-18_0017048.jpg,NACTI : FL-18_01_20_2016_FL-18_0017048.jpg,NACTI : unknown,NACTI : archbold_FL-18,-1,deer,,5,train
https://storage.googleapis.com/public-datasets-lila/nacti-unzipped/part1/sub134/FL-05_06_29_2015_FL-05_0020418.jpg,NACTI : FL-05_06_29_2015_FL-05_0020418.jpg,NACTI : unknown,NACTI : archbold_FL-05,-1,deer,,5,train
https://storage.googleapis.com/public-datasets-lila/idaho-camera-traps/public/loc_0196/loc_0196_im_003152.jpg,Idaho Camera Traps : loc_0196_im_003152,Idaho Camera Traps : loc_0196_seq_000352,Idaho Camera Traps : 196,2,deer,03-21-2016 19:15:15,5,train
https://storage.googleapis.com/public-datasets-lila/nz-trailcams/LCC/deer/f36a83f6-c298-40cc-861d-18556c2c52f6.JPG,Trail Camera Images of New Zealand Animals : LCC/deer/f36a83f6-c298-40cc-861d-18556c2c52f6.JPG,Trail Camera Images of New Zealand Animals : unknown,Trail Camera Images of New Zealand Animals : LCC_R135,-1,deer,03-18-2018 04:23:08,5,train
https://storage.googleapis.com/public-datasets-lila/nacti-unzipped/part2/sub260/FL-30_07_06_2016_FL-30_0051508.JPG,NACTI : FL-30_07_06_2016_FL-30_0051508.JPG,NACTI : unknown,NACTI : archbold_FL-30,-1,deer,,5,train
https://storage.googleapis.com/public-datasets-lila/idaho-camera-traps/public/loc_0188/loc_0188_im_000800.jpg,Idaho Camera Traps : loc_0188_im_000800,Idaho Camera Traps : loc_0188_seq_000191,Idaho Camera Traps : 188,2,deer,07-13-2016 19:12:00,5,test
https://storage.googleapis.com/public-datasets-lila/nacti-unzipped/part2/sub209/FL-19_05_02_2016_FL-19_0048963.JPG,NACTI : FL-19_05_02_2016_FL-19_0048963.JPG,NACTI : unknown,NACTI : archbold_FL-19,-1,deer,,5,train
https://storage.googleapis.com/public-datasets-lila/idaho-camera-traps/public/loc_0003/loc_0003_im_004374.jpg,Idaho Camera Traps : loc_0003_im_004374,Idaho Camera Traps : loc_0003_seq_003458,Idaho Camera Traps : 3,28,deer,01-31-2016 10:10:37,5,val
https://storage.googleapis.com/public-datasets-lila/idaho-camera-traps/public/loc_0257/loc_0257_im_001968.jpg,Idaho Camera Traps : loc_0257_im_001968,Idaho Camera Traps : loc_0257_seq_000186,Idaho Camera Traps : 257,10,deer,01-10-2016 09:39:25,5,train
https://storage.googleapis.com/public-datasets-lila/nacti-unzipped/part1/sub168/FL-09_08_05_2016_FL-09_0074445.JPG,NACTI : FL-09_08_05_2016_FL-09_0074445.JPG,NACTI : unknown,NACTI : archbold_FL-09,-1,deer,,5,train
https://storage.googleapis.com/public-datasets-lila/caltech-unzipped/cct_images/58b9d82a-23d2-11e8-a6a3-ec086b02610b.jpg,Caltech Camera Traps : 58b9d82a-23d2-11e8-a6a3-ec086b02610b,Caltech Camera Traps : 7003ce91-5567-11e8-94d9-dca9047ef277,Caltech Camera Traps : 114,1,deer,06-25-2014 10:02:20,5,test
https://storage.googleapis.com/public-datasets-lila/idaho-camera-traps/public/loc_0166/loc_0166_im_002104.jpg,Idaho Camera Traps : loc_0166_im_002104,Idaho Camera Traps : loc_0166_seq_000383,Idaho Camera Traps : 166,0,deer,08-15-2016 04:05:42,5,train
https://storage.googleapis.com/public-datasets-lila/idaho-camera-traps/public/loc_0156/loc_0156_im_000916.jpg,Idaho Camera Traps : loc_0156_im_000916,Idaho Camera Traps : loc_0156_seq_000163,Idaho Camera Traps : 156,40,deer,08-19-2016 05:53:19,5,train
https://storage.googleapis.com/public-datasets-lila/idaho-camera-traps/public/loc_0120/loc_0120_im_002753.jpg,Idaho Camera Traps : loc_0120_im_002753,Idaho Camera Traps : loc_0120_seq_000308,Idaho Camera Traps : 120,0,deer,11-29-2015 02:17:11,5,train
https://storage.googleapis.com/public-datasets-lila/nacti-unzipped/part1/sub177/FL-12_09_02_2015_FL-12_0011758.jpg,NACTI : FL-12_09_02_2015_FL-12_0011758.jpg,NACTI : unknown,NACTI : archbold_FL-12,-1,deer,,5,train
https://storage.googleapis.com/public-datasets-lila/idaho-camera-traps/public/loc_0117/loc_0117_im_001384.jpg,Idaho Camera Traps : loc_0117_im_001384,Idaho Camera Traps : loc_0117_seq_000179,Idaho Camera Traps : 117,1,deer,11-21-2015 18:15:18,5,train
https://storage.googleapis.com/public-datasets-lila/caltech-unzipped/cct_images/59aadb17-23d2-11e8-a6a3-ec086b02610b.jpg,Caltech Camera Traps : 59aadb17-23d2-11e8-a6a3-ec086b02610b,Caltech Camera Traps : 7011b5e1-5567-11e8-b36c-dca9047ef277,Caltech Camera Traps : 41,3,deer,06-05-2014 23:02:40,5,train
https://storage.googleapis.com/public-datasets-lila/nacti-unzipped/part1/sub176/FL-12_07_28_2015_FL-12_0005354.jpg,NACTI : FL-12_07_28_2015_FL-12_0005354.jpg,NACTI : unknown,NACTI : archbold_FL-12,-1,deer,,5,train
https://storage.googleapis.com/public-datasets-lila/nz-trailcams/LCC/deer/351122df-f5bd-40e0-bc30-2147368199f6.JPG,Trail Camera Images of New Zealand Animals : LCC/deer/351122df-f5bd-40e0-bc30-2147368199f6.JPG,Trail Camera Images of New Zealand Animals : unknown,Trail Camera Images of New Zealand Animals : LCC_R12,-1,deer,03-24-2018 18:30:18,5,test
https://storage.googleapis.com/public-datasets-lila/idaho-camera-traps/public/loc_0098/loc_0098_im_004396.jpg,Idaho Camera Traps : loc_0098_im_004396,Idaho Camera Traps : loc_0098_seq_000526,Idaho Camera Traps : 98,4,deer,05-18-2016 20:01:26,5,train
https://storage.googleapis.com/public-datasets-lila/idaho-camera-traps/public/loc_0169/loc_0169_im_000860.jpg,Idaho Camera Traps : loc_0169_im_000860,Idaho Camera Traps : loc_0169_seq_000186,Idaho Camera Traps : 169,7,deer,08-17-2016 23:39:27,5,test
https://storage.googleapis.com/public-datasets-lila/idaho-camera-traps/public/loc_0169/loc_0169_im_000323.jpg,Idaho Camera Traps : loc_0169_im_000323,Idaho Camera Traps : loc_0169_seq_000047,Idaho Camera Traps : 169,14,deer,06-02-2016 01:58:02,5,test
https://storage.googleapis.com/public-datasets-lila/nz-trailcams/LCC/deer/15336d57-3602-47d2-86ec-61cec557e658.JPG,Trail Camera Images of New Zealand Animals : LCC/deer/15336d57-3602-47d2-86ec-61cec557e658.JPG,Trail Camera Images of New Zealand Animals : unknown,Trail Camera Images of New Zealand Animals : LCC_R50,-1,deer,08-26-2018 06:09:45,5,train
https://storage.googleapis.com/public-datasets-lila/nacti-unzipped/part0/sub069/CA-26_06_02_2016_CA-26_0010567.JPG,NACTI : CA-26_06_02_2016_CA-26_0010567.JPG,NACTI : unknown,NACTI : lebec_CA-26,-1,deer,,5,train
https://storage.googleapis.com/public-datasets-lila/idaho-camera-traps/public/loc_0210/loc_0210_im_000469.jpg,Idaho Camera Traps : loc_0210_im_000469,Idaho Camera Traps : loc_0210_seq_000200,Idaho Camera Traps : 210,1,deer,04-27-2016 15:47:28,5,train
https://storage.googleapis.com/public-datasets-lila/idaho-camera-traps/public/loc_0080/loc_0080_im_002209.jpg,Idaho Camera Traps : loc_0080_im_002209,Idaho Camera Traps : loc_0080_seq_000252,Idaho Camera Traps : 80,1,deer,10-28-2015 04:33:32,5,train
https://storage.googleapis.com/public-datasets-lila/idaho-camera-traps/public/loc_0101/loc_0101_im_000496.jpg,Idaho Camera Traps : loc_0101_im_000496,Idaho Camera Traps : loc_0101_seq_000062,Idaho Camera Traps : 101,4,deer,06-26-2015 01:50:37,5,train
https://storage.googleapis.com/public-datasets-lila/idaho-camera-traps/public/loc_0103/loc_0103_im_004993.jpg,Idaho Camera Traps : loc_0103_im_004993,Idaho Camera Traps : loc_0103_seq_000766,Idaho Camera Traps : 103,4,deer,11-29-2015 08:07:04,5,train
https://storage.googleapis.com/public-datasets-lila/caltech-unzipped/cct_images/58dabe90-23d2-11e8-a6a3-ec086b02610b.jpg,Caltech Camera Traps : 58dabe90-23d2-11e8-a6a3-ec086b02610b,Caltech Camera Traps : 701bc3c7-5567-11e8-8486-dca9047ef277,Caltech Camera Traps : 117,2,deer,04-08-2014 15:43:24,5,train
https://storage.googleapis.com/public-datasets-lila/nacti-unzipped/part1/sub110/CA-48_08_12_2015_CA-48_0003551.jpg,NACTI : CA-48_08_12_2015_CA-48_0003551.jpg,NACTI : unknown,NACTI : lebec_CA-48,-1,deer,,5,train
https://storage.googleapis.com/public-datasets-lila/idaho-camera-traps/public/loc_0089/loc_0089_im_005539.jpg,Idaho Camera Traps : loc_0089_im_005539,Idaho Camera Traps : loc_0089_seq_000724,Idaho Camera Traps : 89,54,deer,05-15-2016 20:01:30,5,train
https://storage.googleapis.com/public-datasets-lila/idaho-camera-traps/public/loc_0235/loc_0235_im_000332.jpg,Idaho Camera Traps : loc_0235_im_000332,Idaho Camera Traps : loc_0235_seq_000099,Idaho Camera Traps : 235,6,deer,03-06-2016 09:38:44,5,train
https://storage.googleapis.com/public-datasets-lila/idaho-camera-traps/public/loc_0099/loc_0099_im_000791.jpg,Idaho Camera Traps : loc_0099_im_000791,Idaho Camera Traps : loc_0099_seq_000155,Idaho Camera Traps : 99,2,deer,11-21-2015 00:57:34,5,train
https://storage.googleapis.com/public-datasets-lila/idaho-camera-traps/public/loc_0109/loc_0109_im_000173.jpg,Idaho Camera Traps : loc_0109_im_000173,Idaho Camera Traps : loc_0109_seq_000015,Idaho Camera Traps : 109,8,deer,07-03-2015 21:00:38,5,train
https://storage.googleapis.com/public-datasets-lila/nacti-unzipped/part1/sub161/FL-08_05_12_2015_FL-08_0000711.jpg,NACTI : FL-08_05_12_2015_FL-08_0000711.jpg,NACTI : unknown,NACTI : archbold_FL-08,-1,deer,,5,train
https://storage.googleapis.com/public-datasets-lila/idaho-camera-traps/public/loc_0273/loc_0273_im_000433.jpg,Idaho Camera Traps : loc_0273_im_000433,Idaho Camera Traps : loc_0273_seq_000074,Idaho Camera Traps : 273,3,deer,01-16-2016 10:24:30,5,train
https://storage.googleapis.com/public-datasets-lila/idaho-camera-traps/public/loc_0124/loc_0124_im_001808.jpg,Idaho Camera Traps : loc_0124_im_001808,Idaho Camera Traps : loc_0124_seq_000187,Idaho Camera Traps : 124,8,deer,10-04-2015 01:03:39,5,test
https://storage.googleapis.com/public-datasets-lila/idaho-camera-traps/public/loc_0116/loc_0116_im_000789.jpg,Idaho Camera Traps : loc_0116_im_000789,Idaho Camera Traps : loc_0116_seq_000087,Idaho Camera Traps : 116,108,deer,07-06-2015 23:50:53,5,train
https://storage.googleapis.com/public-datasets-lila/idaho-camera-traps/public/loc_0168/loc_0168_im_002097.jpg,Idaho Camera Traps : loc_0168_im_002097,Idaho Camera Traps : loc_0168_seq_000328,Idaho Camera Traps : 168,2,deer,09-21-2016 07:36:49,5,train
https://storage.googleapis.com/public-datasets-lila/idaho-camera-traps/public/loc_0003/loc_0003_im_004449.jpg,Idaho Camera Traps : loc_0003_im_004449,Idaho Camera Traps : loc_0003_seq_003458,Idaho Camera Traps : 3,103,deer,01-31-2016 10:12:32,5,val
https://storage.googleapis.com/public-datasets-lila/idaho-camera-traps/public/loc_0103/loc_0103_im_003448.jpg,Idaho Camera Traps : loc_0103_im_003448,Idaho Camera Traps : loc_0103_seq_000467,Idaho Camera Traps : 103,34,deer,03-04-2016 13:01:47,5,train
https://storage.googleapis.com/public-datasets-lila/nacti-unzipped/part2/sub237/FL-25_04_05_2016_FL-25_0024511.JPG,NACTI : FL-25_04_05_2016_FL-25_0024511.JPG,NACTI : unknown,NACTI : archbold_FL-25,-1,deer,,5,train
https://storage.googleapis.com/public-datasets-lila/idaho-camera-traps/public/loc_0111/loc_0111_im_000602.jpg,Idaho Camera Traps : loc_0111_im_000602,Idaho Camera Traps : loc_0111_seq_000075,Idaho Camera Traps : 111,2,deer,06-20-2015 09:52:17,5,train
https://storage.googleapis.com/public-datasets-lila/nz-trailcams/LCC/deer/94df233e-72da-413f-a605-f1b5b2e960f2.JPG,Trail Camera Images of New Zealand Animals : LCC/deer/94df233e-72da-413f-a605-f1b5b2e960f2.JPG,Trail Camera Images of New Zealand Animals : unknown,Trail Camera Images of New Zealand Animals : LCC_R25,-1,deer,03-25-2018 01:38:50,5,train
https://storage.googleapis.com/public-datasets-lila/idaho-camera-traps/public/loc_0018/loc_0018_im_003619.jpg,Idaho Camera Traps : loc_0018_im_003619,Idaho Camera Traps : loc_0018_seq_002848,Idaho Camera Traps : 18,3,deer,01-23-2016 06:27:13,5,val
https://storage.googleapis.com/public-datasets-lila/idaho-camera-traps/public/loc_0112/loc_0112_im_000893.jpg,Idaho Camera Traps : loc_0112_im_000893,Idaho Camera Traps : loc_0112_seq_000120,Idaho Camera Traps : 112,4,deer,03-12-2016 01:29:07,5,train
https://storage.googleapis.com/public-datasets-lila/idaho-camera-traps/public/loc_0064/loc_0064_im_007140.jpg,Idaho Camera Traps : loc_0064_im_007140,Idaho Camera Traps : loc_0064_seq_006060,Idaho Camera Traps : 64,15,deer,02-17-2016 17:05:33,5,train
https://storage.googleapis.com/public-datasets-lila/nacti-unzipped/part0/sub083/CA-31_06_06_2016_CA-31_0028553.JPG,NACTI : CA-31_06_06_2016_CA-31_0028553.JPG,NACTI : unknown,NACTI : lebec_CA-31,-1,deer,,5,train
https://storage.googleapis.com/public-datasets-lila/nz-trailcams/LCC/deer/45bac8b7-e754-4eb4-b04c-c653680b9b92.JPG,Trail Camera Images of New Zealand Animals : LCC/deer/45bac8b7-e754-4eb4-b04c-c653680b9b92.JPG,Trail Camera Images of New Zealand Animals : unknown,Trail Camera Images of New Zealand Animals : LCC_R113,-1,deer,05-03-2018 23:56:14,5,train
https://storage.googleapis.com/public-datasets-lila/idaho-camera-traps/public/loc_0196/loc_0196_im_000065.jpg,Idaho Camera Traps : loc_0196_im_000065,Idaho Camera Traps : loc_0196_seq_000003,Idaho Camera Traps : 196,2,deer,06-14-2015 18:51:23,5,train
https://storage.googleapis.com/public-datasets-lila/nacti-unzipped/part2/sub289/FL-42_10_01_2016_FL-42_0000585.jpg,NACTI : FL-42_10_01_2016_FL-42_0000585.jpg,NACTI : unknown,NACTI : archbold_FL-42,-1,deer,,5,train
https://storage.googleapis.com/public-datasets-lila/idaho-camera-traps/public/loc_0143/loc_0143_im_000061.jpg,Idaho Camera Traps : loc_0143_im_000061,Idaho Camera Traps : loc_0143_seq_000009,Idaho Camera Traps : 143,0,deer,05-27-2016 02:52:31,5,train
https://storage.googleapis.com/public-datasets-lila/idaho-camera-traps/public/loc_0209/loc_0209_im_000555.jpg,Idaho Camera Traps : loc_0209_im_000555,Idaho Camera Traps : loc_0209_seq_000089,Idaho Camera Traps : 209,1,deer,01-19-2016 14:09:40,5,train
https://storage.googleapis.com/public-datasets-lila/idaho-camera-traps/public/loc_0110/loc_0110_im_000775.jpg,Idaho Camera Traps : loc_0110_im_000775,Idaho Camera Traps : loc_0110_seq_000095,Idaho Camera Traps : 110,4,deer,08-09-2015 02:06:56,5,train
https://storage.googleapis.com/public-datasets-lila/nacti-unzipped/part0/sub035/CA-03_08_13_2015_CA-03_0008806.jpg,NACTI : CA-03_08_13_2015_CA-03_0008806.jpg,NACTI : unknown,NACTI : lebec_CA-03,-1,deer,,5,val
https://storage.googleapis.com/public-datasets-lila/idaho-camera-traps/public/loc_0250/loc_0250_im_002602.jpg,Idaho Camera Traps : loc_0250_im_002602,Idaho Camera Traps : loc_0250_seq_000259,Idaho Camera Traps : 250,8,deer,02-04-2016 09:48:38,5,train
https://storage.googleapis.com/public-datasets-lila/idaho-camera-traps/public/loc_0129/loc_0129_im_003224.jpg,Idaho Camera Traps : loc_0129_im_003224,Idaho Camera Traps : loc_0129_seq_000459,Idaho Camera Traps : 129,2,deer,09-23-2016 19:53:46,5,train
https://storage.googleapis.com/public-datasets-lila/nacti-unzipped/part2/sub240/FL-26_09_03_2015_FL-26_0016281.jpg,NACTI : FL-26_09_03_2015_FL-26_0016281.jpg,NACTI : unknown,NACTI : archbold_FL-26,-1,deer,,5,train
https://storage.googleapis.com/public-datasets-lila/nacti-unzipped/part0/sub064/CA-23_08_13_2015_CA-23_0008027.jpg,NACTI : CA-23_08_13_2015_CA-23_0008027.jpg,NACTI : unknown,NACTI : lebec_CA-23,-1,deer,,5,train
https://storage.googleapis.com/public-datasets-lila/idaho-camera-traps/public/loc_0100/loc_0100_im_002448.jpg,Idaho Camera Traps : loc_0100_im_002448,Idaho Camera Traps : loc_0100_seq_000246,Idaho Camera Traps : 100,6,deer,08-02-2015 08:15:19,5,train
https://storage.googleapis.com/public-datasets-lila/idaho-camera-traps/public/loc_0116/loc_0116_im_000119.jpg,Idaho Camera Traps : loc_0116_im_000119,Idaho Camera Traps : loc_0116_seq_000018,Idaho Camera Traps : 116,20,deer,06-08-2015 21:27:07,5,train
https://storage.googleapis.com/public-datasets-lila/idaho-camera-traps/public/loc_0080/loc_0080_im_004063.jpg,Idaho Camera Traps : loc_0080_im_004063,Idaho Camera Traps : loc_0080_seq_000473,Idaho Camera Traps : 80,3,deer,05-17-2016 01:19:33,5,train
https://storage.googleapis.com/public-datasets-lila/idaho-camera-traps/public/loc_0201/loc_0201_im_000758.jpg,Idaho Camera Traps : loc_0201_im_000758,Idaho Camera Traps : loc_0201_seq_000139,Idaho Camera Traps : 201,0,deer,03-14-2016 23:26:47,5,val
https://storage.googleapis.com/public-datasets-lila/nz-trailcams/PS3/deer/32141903-680e-4289-a707-2b6a8443ddfa.JPG,Trail Camera Images of New Zealand Animals : PS3/deer/32141903-680e-4289-a707-2b6a8443ddfa.JPG,Trail Camera Images of New Zealand Animals : unknown,Trail Camera Images of New Zealand Animals : PS3_CAM8001,-1,deer,02-06-2023 13:45:40,5,train
https://storage.googleapis.com/public-datasets-lila/nacti-unzipped/part2/sub274/FL-35_08_15_2016_FL-35_0051899.JPG,NACTI : FL-35_08_15_2016_FL-35_0051899.JPG,NACTI : unknown,NACTI : archbold_FL-35,-1,deer,,5,train
https://storage.googleapis.com/public-datasets-lila/idaho-camera-traps/public/loc_0117/loc_0117_im_000810.jpg,Idaho Camera Traps : loc_0117_im_000810,Idaho Camera Traps : loc_0117_seq_000110,Idaho Camera Traps : 117,0,deer,11-12-2015 16:12:36,5,train
https://storage.googleapis.com/public-datasets-lila/idaho-camera-traps/public/loc_0102/loc_0102_im_000304.jpg,Idaho Camera Traps : loc_0102_im_000304,Idaho Camera Traps : loc_0102_seq_000030,Idaho Camera Traps : 102,4,deer,06-25-2015 09:58:48,5,train
https://storage.googleapis.com/public-datasets-lila/idaho-camera-traps/public/loc_0086/loc_0086_im_004955.jpg,Idaho Camera Traps : loc_0086_im_004955,Idaho Camera Traps : loc_0086_seq_000779,Idaho Camera Traps : 86,2,deer,03-30-2016 06:55:47,5,train
https://storage.googleapis.com/public-datasets-lila/nacti-unzipped/part1/sub177/FL-12_09_02_2015_FL-12_0012738.jpg,NACTI : FL-12_09_02_2015_FL-12_0012738.jpg,NACTI : unknown,NACTI : archbold_FL-12,-1,deer,,5,train
https://storage.googleapis.com/public-datasets-lila/idaho-camera-traps/public/loc_0121/loc_0121_im_002393.jpg,Idaho Camera Traps : loc_0121_im_002393,Idaho Camera Traps : loc_0121_seq_000262,Idaho Camera Traps : 121,5,deer,09-29-2015 09:40:48,5,train
https://storage.googleapis.com/public-datasets-lila/idaho-camera-traps/public/loc_0150/loc_0150_im_001757.jpg,Idaho Camera Traps : loc_0150_im_001757,Idaho Camera Traps : loc_0150_seq_000195,Idaho Camera Traps : 150,10,deer,07-20-2016 09:37:04,5,val
https://storage.googleapis.com/public-datasets-lila/nz-trailcams/LCC/deer/409cf54a-f063-494f-a0ac-d504b38e60a9.JPG,Trail Camera Images of New Zealand Animals : LCC/deer/409cf54a-f063-494f-a0ac-d504b38e60a9.JPG,Trail Camera Images of New Zealand Animals : unknown,Trail Camera Images of New Zealand Animals : LCC_B79,-1,deer,04-13-2018 09:01:54,5,train
https://storage.googleapis.com/public-datasets-lila/idaho-camera-traps/public/loc_0273/loc_0273_im_001205.jpg,Idaho Camera Traps : loc_0273_im_001205,Idaho Camera Traps : loc_0273_seq_000225,Idaho Camera Traps : 273,11,deer,03-29-2016 14:19:34,5,train
https://storage.googleapis.com/public-datasets-lila/idaho-camera-traps/public/loc_0183/loc_0183_im_002106.jpg,Idaho Camera Traps : loc_0183_im_002106,Idaho Camera Traps : loc_0183_seq_000405,Idaho Camera Traps : 183,1,deer,08-28-2016 23:33:58,5,train
https://storage.googleapis.com/public-datasets-lila/idaho-camera-traps/public/loc_0229/loc_0229_im_000186.jpg,Idaho Camera Traps : loc_0229_im_000186,Idaho Camera Traps : loc_0229_seq_000043,Idaho Camera Traps : 229,34,deer,01-20-2016 14:56:35,5,train
https://storage.googleapis.com/public-datasets-lila/nacti-unzipped/part2/sub243/FL-27_06_30_2015_FL-27_0013616.jpg,NACTI : FL-27_06_30_2015_FL-27_0013616.jpg,NACTI : unknown,NACTI : archbold_FL-27,-1,deer,,5,train
https://storage.googleapis.com/public-datasets-lila/nacti-unzipped/part2/sub214/FL-20_06_02_2015_FL-20_0000598.jpg,NACTI : FL-20_06_02_2015_FL-20_0000598.jpg,NACTI : unknown,NACTI : archbold_FL-20,-1,deer,,5,train
https://storage.googleapis.com/public-datasets-lila/idaho-camera-traps/public/loc_0018/loc_0018_im_011395.jpg,Idaho Camera Traps : loc_0018_im_011395,Idaho Camera Traps : loc_0018_seq_009261,Idaho Camera Traps : 18,3,deer,03-06-2016 16:48:47,5,val
https://storage.googleapis.com/public-datasets-lila/idaho-camera-traps/public/loc_0252/loc_0252_im_000167.jpg,Idaho Camera Traps : loc_0252_im_000167,Idaho Camera Traps : loc_0252_seq_000082,Idaho Camera Traps : 252,1,deer,02-26-2016 13:40:38,5,train
https://storage.googleapis.com/public-datasets-lila/nz-trailcams/LCC/deer/c519446a-eafb-4363-9e45-26cb0bed4f8c.JPG,Trail Camera Images of New Zealand Animals : LCC/deer/c519446a-eafb-4363-9e45-26cb0bed4f8c.JPG,Trail Camera Images of New Zealand Animals : unknown,Trail Camera Images of New Zealand Animals : LCC_R65,-1,deer,05-31-2018 20:20:25,5,train
https://storage.googleapis.com/public-datasets-lila/idaho-camera-traps/public/loc_0269/loc_0269_im_003715.jpg,Idaho Camera Traps : loc_0269_im_003715,Idaho Camera Traps : loc_0269_seq_000314,Idaho Camera Traps : 269,5,deer,01-12-2016 12:56:08,5,train
https://storage.googleapis.com/public-datasets-lila/caltech-unzipped/cct_images/5897b16f-23d2-11e8-a6a3-ec086b02610b.jpg,Caltech Camera Traps : 5897b16f-23d2-11e8-a6a3-ec086b02610b,Caltech Camera Traps : 701ba545-5567-11e8-94d3-dca9047ef277,Caltech Camera Traps : 117,1,deer,12-28-2013 08:42:09,5,train
https://storage.googleapis.com/public-datasets-lila/idaho-camera-traps/public/loc_0211/loc_0211_im_000701.jpg,Idaho Camera Traps : loc_0211_im_000701,Idaho Camera Traps : loc_0211_seq_000199,Idaho Camera Traps : 211,14,deer,04-24-2016 05:26:21,5,train
https://storage.googleapis.com/public-datasets-lila/idaho-camera-traps/public/loc_0003/loc_0003_im_001538.jpg,Idaho Camera Traps : loc_0003_im_001538,Idaho Camera Traps : loc_0003_seq_001269,Idaho Camera Traps : 3,11,deer,01-16-2016 09:47:37,5,val
https://storage.googleapis.com/public-datasets-lila/idaho-camera-traps/public/loc_0165/loc_0165_im_002932.jpg,Idaho Camera Traps : loc_0165_im_002932,Idaho Camera Traps : loc_0165_seq_000372,Idaho Camera Traps : 165,3,deer,08-03-2016 06:26:19,5,train
https://storage.googleapis.com/public-datasets-lila/caltech-unzipped/cct_images/5906f051-23d2-11e8-a6a3-ec086b02610b.jpg,Caltech Camera Traps : 5906f051-23d2-11e8-a6a3-ec086b02610b,Caltech Camera Traps : 7018b2f0-5567-11e8-abdf-dca9047ef277,Caltech Camera Traps : 92,3,deer,11-06-2013 06:54:29,5,train
https://storage.googleapis.com/public-datasets-lila/nz-trailcams/PS2/deer/7c2b6da9-2d96-4456-ab2a-4c8ac53bfc54.JPG,Trail Camera Images of New Zealand Animals : PS2/deer/7c2b6da9-2d96-4456-ab2a-4c8ac53bfc54.JPG,Trail Camera Images of New Zealand Animals : unknown,Trail Camera Images of New Zealand Animals : PS2_CAM6604,-1,deer,01-02-2023 09:20:52,5,train
https://storage.googleapis.com/public-datasets-lila/idaho-camera-traps/public/loc_0258/loc_0258_im_000034.jpg,Idaho Camera Traps : loc_0258_im_000034,Idaho Camera Traps : loc_0258_seq_000008,Idaho Camera Traps : 258,0,deer,12-21-2015 15:58:38,5,val
https://storage.googleapis.com/public-datasets-lila/caltech-unzipped/cct_images/598c5ca4-23d2-11e8-a6a3-ec086b02610b.jpg,Caltech Camera Traps : 598c5ca4-23d2-11e8-a6a3-ec086b02610b,Caltech Camera Traps : 6f8a87e6-5567-11e8-a570-dca9047ef277,Caltech Camera Traps : 57,1,deer,06-10-2014 09:50:55,5,train
https://storage.googleapis.com/public-datasets-lila/nacti-unzipped/part2/sub267/FL-32_06_03_2016_FL-32_0012489.JPG,NACTI : FL-32_06_03_2016_FL-32_0012489.JPG,NACTI : unknown,NACTI : archbold_FL-32,-1,deer,,5,train
https://storage.googleapis.com/public-datasets-lila/idaho-camera-traps/public/loc_0257/loc_0257_im_005310.jpg,Idaho Camera Traps : loc_0257_im_005310,Idaho Camera Traps : loc_0257_seq_000588,Idaho Camera Traps : 257,0,deer,03-26-2016 17:24:11,5,train
https://storage.googleapis.com/public-datasets-lila/idaho-camera-traps/public/loc_0204/loc_0204_im_000788.jpg,Idaho Camera Traps : loc_0204_im_000788,Idaho Camera Traps : loc_0204_seq_000158,Idaho Camera Traps : 204,22,deer,04-02-2016 04:01:42,5,train
https://storage.googleapis.com/public-datasets-lila/idaho-camera-traps/public/loc_0202/loc_0202_im_000182.jpg,Idaho Camera Traps : loc_0202_im_000182,Idaho Camera Traps : loc_0202_seq_000034,Idaho Camera Traps : 202,0,deer,01-10-2016 15:56:16,5,train
https://storage.googleapis.com/public-datasets-lila/nacti-unzipped/part2/sub261/FL-30_10_01_2015_FL-30_0038970.jpg,NACTI : FL-30_10_01_2015_FL-30_0038970.jpg,NACTI : unknown,NACTI : archbold_FL-30,-1,deer,,5,train
https://storage.googleapis.com/public-datasets-lila/idaho-camera-traps/public/loc_0208/loc_0208_im_008714.jpg,Idaho Camera Traps : loc_0208_im_008714,Idaho Camera Traps : loc_0208_seq_000807,Idaho Camera Traps : 208,1,deer,01-25-2016 14:29:21,5,train
https://storage.googleapis.com/public-datasets-lila/nz-trailcams/LCC/deer/3390097c-d2ba-4504-b200-d6f5fbf2890c.JPG,Trail Camera Images of New Zealand Animals : LCC/deer/3390097c-d2ba-4504-b200-d6f5fbf2890c.JPG,Trail Camera Images of New Zealand Animals : unknown,Trail Camera Images of New Zealand Animals : LCC_R14,-1,deer,06-22-2018 12:13:05,5,val
https://storage.googleapis.com/public-datasets-lila/idaho-camera-traps/public/loc_0017/loc_0017_im_010787.jpg,Idaho Camera Traps : loc_0017_im_010787,Idaho Camera Traps : loc_0017_seq_009478,Idaho Camera Traps : 17,8,deer,03-08-2016 18:00:15,5,train
https://storage.googleapis.com/public-datasets-lila/idaho-camera-traps/public/loc_0178/loc_0178_im_000117.jpg,Idaho Camera Traps : loc_0178_im_000117,Idaho Camera Traps : loc_0178_seq_000044,Idaho Camera Traps : 178,0,deer,06-23-2016 09:14:03,5,train
https://storage.googleapis.com/public-datasets-lila/idaho-camera-traps/public/loc_0183/loc_0183_im_000211.jpg,Idaho Camera Traps : loc_0183_im_000211,Idaho Camera Traps : loc_0183_seq_000028,Idaho Camera Traps : 183,11,deer,06-22-2016 02:51:21,5,train
https://storage.googleapis.com/public-datasets-lila/idaho-camera-traps/public/loc_0126/loc_0126_im_003507.jpg,Idaho Camera Traps : loc_0126_im_003507,Idaho Camera Traps : loc_0126_seq_000361,Idaho Camera Traps : 126,1,deer,07-31-2016 19:02:59,5,train
https://storage.googleapis.com/public-datasets-lila/idaho-camera-traps/public/loc_0122/loc_0122_im_001811.jpg,Idaho Camera Traps : loc_0122_im_001811,Idaho Camera Traps : loc_0122_seq_000188,Idaho Camera Traps : 122,2,deer,08-17-2015 10:54:34,5,val
https://storage.googleapis.com/public-datasets-lila/idaho-camera-traps/public/loc_0240/loc_0240_im_000065.jpg,Idaho Camera Traps : loc_0240_im_000065,Idaho Camera Traps : loc_0240_seq_000006,Idaho Camera Traps : 240,4,deer,12-20-2015 09:12:20,5,test
https://storage.googleapis.com/public-datasets-lila/nz-trailcams/DWT/deer/9F291F60-908F-4ED6-9670-959EF518BCED.JPG,Trail Camera Images of New Zealand Animals : DWT/deer/9F291F60-908F-4ED6-9670-959EF518BCED.JPG,Trail Camera Images of New Zealand Animals : unknown,Trail Camera Images of New Zealand Animals : DWT_BCAM619_2022_1,-1,deer,04-09-2018 09:20:25,5,train
https://storage.googleapis.com/public-datasets-lila/nacti-unzipped/part1/sub171/FL-11_06_29_2015_FL-11_0010858.jpg,NACTI : FL-11_06_29_2015_FL-11_0010858.jpg,NACTI : unknown,NACTI : archbold_FL-11,-1,deer,,5,train
https://storage.googleapis.com/public-datasets-lila/idaho-camera-traps/public/loc_0087/loc_0087_im_001474.jpg,Idaho Camera Traps : loc_0087_im_001474,Idaho Camera Traps : loc_0087_seq_000223,Idaho Camera Traps : 87,1,deer,11-13-2015 16:54:59,5,train
https://storage.googleapis.com/public-datasets-lila/idaho-camera-traps/public/loc_0126/loc_0126_im_001541.jpg,Idaho Camera Traps : loc_0126_im_001541,Idaho Camera Traps : loc_0126_seq_000143,Idaho Camera Traps : 126,5,deer,07-05-2016 20:41:49,5,train
https://storage.googleapis.com/public-datasets-lila/nz-trailcams/LCC/deer/e7407158-aac6-4f87-82e7-3bc7eb9086a9.JPG,Trail Camera Images of New Zealand Animals : LCC/deer/e7407158-aac6-4f87-82e7-3bc7eb9086a9.JPG,Trail Camera Images of New Zealand Animals : unknown,Trail Camera Images of New Zealand Animals : LCC_R113,-1,deer,05-03-2018 19:08:33,5,train
https://storage.googleapis.com/public-datasets-lila/nacti-unzipped/part1/sub167/FL-09_06_02_2016_FL-09_0070867.JPG,NACTI : FL-09_06_02_2016_FL-09_0070867.JPG,NACTI : unknown,NACTI : archbold_FL-09,-1,deer,,5,train
https://storage.googleapis.com/public-datasets-lila/idaho-camera-traps/public/loc_0089/loc_0089_im_004716.jpg,Idaho Camera Traps : loc_0089_im_004716,Idaho Camera Traps : loc_0089_seq_000620,Idaho Camera Traps : 89,17,deer,04-24-2016 08:51:15,5,train
https://storage.googleapis.com/public-datasets-lila/idaho-camera-traps/public/loc_0124/loc_0124_im_000155.jpg,Idaho Camera Traps : loc_0124_im_000155,Idaho Camera Traps : loc_0124_seq_000010,Idaho Camera Traps : 124,11,deer,06-06-2015 19:54:46,5,test
https://storage.googleapis.com/public-datasets-lila/caltech-unzipped/cct_images/59e77e73-23d2-11e8-a6a3-ec086b02610b.jpg,Caltech Camera Traps : 59e77e73-23d2-11e8-a6a3-ec086b02610b,Caltech Camera Traps : 70124ce3-5567-11e8-9eab-dca9047ef277,Caltech Camera Traps : 27,3,deer,03-06-2015 21:08:12,5,train
https://storage.googleapis.com/public-datasets-lila/nz-trailcams/PS2/deer/ff181e98-70c6-4af5-bccf-a85a4536d710.JPG,Trail Camera Images of New Zealand Animals : PS2/deer/ff181e98-70c6-4af5-bccf-a85a4536d710.JPG,Trail Camera Images of New Zealand Animals : unknown,Trail Camera Images of New Zealand Animals : PS2_CAM7925,-1,deer,12-04-2022 00:59:39,5,train
https://storage.googleapis.com/public-datasets-lila/caltech-unzipped/cct_images/59df5d5d-23d2-11e8-a6a3-ec086b02610b.jpg,Caltech Camera Traps : 59df5d5d-23d2-11e8-a6a3-ec086b02610b,Caltech Camera Traps : 7012852e-5567-11e8-9da4-dca9047ef277,Caltech Camera Traps : 27,2,deer,03-25-2015 03:18:51,5,train
https://storage.googleapis.com/public-datasets-lila/caltech-unzipped/cct_images/59edf234-23d2-11e8-a6a3-ec086b02610b.jpg,Caltech Camera Traps : 59edf234-23d2-11e8-a6a3-ec086b02610b,Caltech Camera Traps : 6f81e623-5567-11e8-83f8-dca9047ef277,Caltech Camera Traps : 57,1,deer,12-19-2013 11:56:11,5,train
https://storage.googleapis.com/public-datasets-lila/idaho-camera-traps/public/loc_0009/loc_0009_im_009282.jpg,Idaho Camera Traps : loc_0009_im_009282,Idaho Camera Traps : loc_0009_seq_008620,Idaho Camera Traps : 9,26,deer,03-02-2016 16:34:02,5,train
https://storage.googleapis.com/public-datasets-lila/nacti-unzipped/part2/sub261/FL-30_10_01_2015_FL-30_0037311.jpg,NACTI : FL-30_10_01_2015_FL-30_0037311.jpg,NACTI : unknown,NACTI : archbold_FL-30,-1,deer,,5,train
https://storage.googleapis.com/public-datasets-lila/nacti-unzipped/part1/sub198/FL-16_11_02_2015_FL-16_0095223.jpg,NACTI : FL-16_11_02_2015_FL-16_0095223.jpg,NACTI : unknown,NACTI : archbold_FL-16,-1,deer,,5,train
https://storage.googleapis.com/public-datasets-lila/idaho-camera-traps/public/loc_0014/loc_0014_im_001495.jpg,Idaho Camera Traps : loc_0014_im_001495,Idaho Camera Traps : loc_0014_seq_001459,Idaho Camera Traps : 14,9,deer,01-14-2016 14:27:15,5,train
https://storage.googleapis.com/public-datasets-lila/idaho-camera-traps/public/loc_0088/loc_0088_im_001013.jpg,Idaho Camera Traps : loc_0088_im_001013,Idaho Camera Traps : loc_0088_seq_000103,Idaho Camera Traps : 88,2,deer,11-10-2015 17:27:00,5,train
https://storage.googleapis.com/public-datasets-lila/nacti-unzipped/part2/sub207/FL-17_12_08_2015_FL-17_0062982.jpg,NACTI : FL-17_12_08_2015_FL-17_0062982.jpg,NACTI : unknown,NACTI : archbold_FL-17,-1,deer,,5,train
https://storage.googleapis.com/public-datasets-lila/idaho-camera-traps/public/loc_0272/loc_0272_im_002042.jpg,Idaho Camera Traps : loc_0272_im_002042,Idaho Camera Traps : loc_0272_seq_000261,Idaho Camera Traps : 272,7,deer,03-25-2016 15:35:46,5,test
https://storage.googleapis.com/public-datasets-lila/nz-trailcams/LCC/deer/44abfa91-8bcb-4c70-8282-022cc12a5823.JPG,Trail Camera Images of New Zealand Animals : LCC/deer/44abfa91-8bcb-4c70-8282-022cc12a5823.JPG,Trail Camera Images of New Zealand Animals : unknown,Trail Camera Images of New Zealand Animals : LCC_R12,-1,deer,05-04-2018 13:08:36,5,test
https://storage.googleapis.com/public-datasets-lila/nacti-unzipped/part1/sub131/FL-05_01_20_2016_FL-05_0029620.jpg,NACTI : FL-05_01_20_2016_FL-05_0029620.jpg,NACTI : unknown,NACTI : archbold_FL-05,-1,deer,,5,train
https://storage.googleapis.com/public-datasets-lila/idaho-camera-traps/public/loc_0080/loc_0080_im_001816.jpg,Idaho Camera Traps : loc_0080_im_001816,Idaho Camera Traps : loc_0080_seq_000217,Idaho Camera Traps : 80,67,deer,10-22-2015 20:30:56,5,train
https://storage.googleapis.com/public-datasets-lila/idaho-camera-traps/public/loc_0085/loc_0085_im_001888.jpg,Idaho Camera Traps : loc_0085_im_001888,Idaho Camera Traps : loc_0085_seq_000215,Idaho Camera Traps : 85,1,deer,11-24-2015 10:17:02,5,train
https://storage.googleapis.com/public-datasets-lila/nz-trailcams/Z20/deer/a389a75a-46bf-407a-904e-fc3b03931bc3.JPG,Trail Camera Images of New Zealand Animals : Z20/deer/a389a75a-46bf-407a-904e-fc3b03931bc3.JPG,Trail Camera Images of New Zealand Animals : unknown,Trail Camera Images of New Zealand Animals : Z20_3L850,-1,deer,04-05-2022 05:17:14,5,test
https://storage.googleapis.com/public-datasets-lila/idaho-camera-traps/public/loc_0118/loc_0118_im_002045.jpg,Idaho Camera Traps : loc_0118_im_002045,Idaho Camera Traps : loc_0118_seq_000253,Idaho Camera Traps : 118,14,deer,11-08-2015 01:32:58,5,train
https://storage.googleapis.com/public-datasets-lila/nacti-unzipped/part2/sub268/FL-32_12_07_2015_FL-32_0001331.jpg,NACTI : FL-32_12_07_2015_FL-32_0001331.jpg,NACTI : unknown,NACTI : archbold_FL-32,-1,deer,,5,train
https://storage.googleapis.com/public-datasets-lila/idaho-camera-traps/public/loc_0148/loc_0148_im_001931.jpg,Idaho Camera Traps : loc_0148_im_001931,Idaho Camera Traps : loc_0148_seq_000149,Idaho Camera Traps : 148,12,deer,06-28-2016 18:32:41,5,train
https://storage.googleapis.com/public-datasets-lila/idaho-camera-traps/public/loc_0234/loc_0234_im_001595.jpg,Idaho Camera Traps : loc_0234_im_001595,Idaho Camera Traps : loc_0234_seq_000208,Idaho Camera Traps : 234,13,deer,03-04-2016 16:06:50,5,train
https://storage.googleapis.com/public-datasets-lila/idaho-camera-traps/public/loc_0148/loc_0148_im_004001.jpg,Idaho Camera Traps : loc_0148_im_004001,Idaho Camera Traps : loc_0148_seq_000369,Idaho Camera Traps : 148,8,deer,08-16-2016 05:02:40,5,train
https://storage.googleapis.com/public-datasets-lila/idaho-camera-traps/public/loc_0193/loc_0193_im_002387.jpg,Idaho Camera Traps : loc_0193_im_002387,Idaho Camera Traps : loc_0193_seq_000430,Idaho Camera Traps : 193,1,deer,07-22-2016 06:23:08,5,val
https://storage.googleapis.com/public-datasets-lila/idaho-camera-traps/public/loc_0209/loc_0209_im_001445.jpg,Idaho Camera Traps : loc_0209_im_001445,Idaho Camera Traps : loc_0209_seq_000237,Idaho Camera Traps : 209,0,deer,03-05-2016 12:05:03,5,train
https://storage.googleapis.com/public-datasets-lila/idaho-camera-traps/public/loc_0105/loc_0105_im_000046.jpg,Idaho Camera Traps : loc_0105_im_000046,Idaho Camera Traps : loc_0105_seq_000002,Idaho Camera Traps : 105,28,deer,05-30-2015 02:59:25,5,train
https://storage.googleapis.com/public-datasets-lila/nz-trailcams/LCC/deer/abb05cd8-59fe-409a-a2c7-c45da22648a1.JPG,Trail Camera Images of New Zealand Animals : LCC/deer/abb05cd8-59fe-409a-a2c7-c45da22648a1.JPG,Trail Camera Images of New Zealand Animals : unknown,Trail Camera Images of New Zealand Animals : LCC_R137,-1,deer,03-18-2018 21:24:04,5,train
https://storage.googleapis.com/public-datasets-lila/idaho-camera-traps/public/loc_0140/loc_0140_im_001782.jpg,Idaho Camera Traps : loc_0140_im_001782,Idaho Camera Traps : loc_0140_seq_000328,Idaho Camera Traps : 140,2,deer,08-30-2016 20:31:09,5,train
https://storage.googleapis.com/public-datasets-lila/nacti-unzipped/part2/sub239/FL-26_04_05_2016_FL-26_0026238.JPG,NACTI : FL-26_04_05_2016_FL-26_0026238.JPG,NACTI : unknown,NACTI : archbold_FL-26,-1,deer,,5,train
https://storage.googleapis.com/public-datasets-lila/idaho-camera-traps/public/loc_0138/loc_0138_im_001477.jpg,Idaho Camera Traps : loc_0138_im_001477,Idaho Camera Traps : loc_0138_seq_000275,Idaho Camera Traps : 138,0,deer,09-01-2016 23:47:55,5,val
https://storage.googleapis.com/public-datasets-lila/nacti-unzipped/part2/sub274/FL-35_08_15_2016_FL-35_0051052.JPG,NACTI : FL-35_08_15_2016_FL-35_0051052.JPG,NACTI : unknown,NACTI : archbold_FL-35,-1,deer,,5,train
https://storage.googleapis.com/public-datasets-lila/idaho-camera-traps/public/loc_0225/loc_0225_im_001892.jpg,Idaho Camera Traps : loc_0225_im_001892,Idaho Camera Traps : loc_0225_seq_000259,Idaho Camera Traps : 225,0,deer,01-14-2016 09:25:39,5,train
https://storage.googleapis.com/public-datasets-lila/nacti-unzipped/part1/sub198/FL-16_11_02_2015_FL-16_0095231.jpg,NACTI : FL-16_11_02_2015_FL-16_0095231.jpg,NACTI : unknown,NACTI : archbold_FL-16,-1,deer,,5,train
https://storage.googleapis.com/public-datasets-lila/nacti-unzipped/part1/sub175/FL-12_06_29_2015_FL-12_0001824.jpg,NACTI : FL-12_06_29_2015_FL-12_0001824.jpg,NACTI : unknown,NACTI : archbold_FL-12,-1,deer,,5,train
https://storage.googleapis.com/public-datasets-lila/nz-trailcams/PS3/deer/6bfb3c88-a970-4eff-9a87-c6262f18abed.JPG,Trail Camera Images of New Zealand Animals : PS3/deer/6bfb3c88-a970-4eff-9a87-c6262f18abed.JPG,Trail Camera Images of New Zealand Animals : unknown,Trail Camera Images of New Zealand Animals : PS3_CAM7705,-1,deer,01-18-2023 18:04:47,5,test
https://storage.googleapis.com/public-datasets-lila/nz-trailcams/LCC/deer/4735b061-2e68-45d1-91e6-e923dcaf0948.JPG,Trail Camera Images of New Zealand Animals : LCC/deer/4735b061-2e68-45d1-91e6-e923dcaf0948.JPG,Trail Camera Images of New Zealand Animals : unknown,Trail Camera Images of New Zealand Animals : LCC_R98,-1,deer,05-14-2018 09:50:14,5,train
https://storage.googleapis.com/public-datasets-lila/nacti-unzipped/part2/sub238/FL-25_11_02_2015_FL-25_0011683.jpg,NACTI : FL-25_11_02_2015_FL-25_0011683.jpg,NACTI : unknown,NACTI : archbold_FL-25,-1,deer,,5,train
https://storage.googleapis.com/public-datasets-lila/nacti-unzipped/part1/sub116/FL-01_06_29_2015_FL-01_0036915.jpg,NACTI : FL-01_06_29_2015_FL-01_0036915.jpg,NACTI : unknown,NACTI : archbold_FL-01,-1,deer,,5,train
https://storage.googleapis.com/public-datasets-lila/nacti-unzipped/part2/sub252/FL-29_05_03_2016_FL-29_0062441.JPG,NACTI : FL-29_05_03_2016_FL-29_0062441.JPG,NACTI : unknown,NACTI : archbold_FL-29,-1,deer,,5,train
https://storage.googleapis.com/public-datasets-lila/nacti-unzipped/part0/sub043/CA-10_06_07_2016_CA-10_0023103.JPG,NACTI : CA-10_06_07_2016_CA-10_0023103.JPG,NACTI : unknown,NACTI : lebec_CA-10,-1,deer,,5,train
https://storage.googleapis.com/public-datasets-lila/idaho-camera-traps/public/loc_0097/loc_0097_im_001108.jpg,Idaho Camera Traps : loc_0097_im_001108,Idaho Camera Traps : loc_0097_seq_000126,Idaho Camera Traps : 97,7,deer,11-07-2015 23:44:38,5,train
https://storage.googleapis.com/public-datasets-lila/idaho-camera-traps/public/loc_0139/loc_0139_im_000293.jpg,Idaho Camera Traps : loc_0139_im_000293,Idaho Camera Traps : loc_0139_seq_000150,Idaho Camera Traps : 139,4,deer,09-18-2016 13:23:52,5,train
https://storage.googleapis.com/public-datasets-lila/idaho-camera-traps/public/loc_0272/loc_0272_im_001800.jpg,Idaho Camera Traps : loc_0272_im_001800,Idaho Camera Traps : loc_0272_seq_000227,Idaho Camera Traps : 272,6,deer,03-09-2016 18:59:17,5,test
https://storage.googleapis.com/public-datasets-lila/idaho-camera-traps/public/loc_0150/loc_0150_im_002105.jpg,Idaho Camera Traps : loc_0150_im_002105,Idaho Camera Traps : loc_0150_seq_000253,Idaho Camera Traps : 150,6,deer,08-08-2016 09:03:27,5,val
https://storage.googleapis.com/public-datasets-lila/nacti-unzipped/part2/sub288/FL-42_01_23_2016_FL-42_0006642.jpg,NACTI : FL-42_01_23_2016_FL-42_0006642.jpg,NACTI : unknown,NACTI : archbold_FL-42,-1,deer,,5,train
https://storage.googleapis.com/public-datasets-lila/nacti-unzipped/part2/sub241/FL-27_05_02_2016_FL-27_0055294.JPG,NACTI : FL-27_05_02_2016_FL-27_0055294.JPG,NACTI : unknown,NACTI : archbold_FL-27,-1,deer,,5,train
https://storage.googleapis.com/public-datasets-lila/nacti-unzipped/part2/sub251/FL-29_03_07_2016_FL-29_0054660.JPG,NACTI : FL-29_03_07_2016_FL-29_0054660.JPG,NACTI : unknown,NACTI : archbold_FL-29,-1,deer,,5,train
https://storage.googleapis.com/public-datasets-lila/nz-trailcams/LCC/deer/bcede11b-33c2-4ab0-a19b-1df105146baa.JPG,Trail Camera Images of New Zealand Animals : LCC/deer/bcede11b-33c2-4ab0-a19b-1df105146baa.JPG,Trail Camera Images of New Zealand Animals : unknown,Trail Camera Images of New Zealand Animals : LCC_B121,-1,deer,08-05-2018 19:54:32,5,val
https://storage.googleapis.com/public-datasets-lila/idaho-camera-traps/public/loc_0040/loc_0040_im_003005.jpg,Idaho Camera Traps : loc_0040_im_003005,Idaho Camera Traps : loc_0040_seq_002943,Idaho Camera Traps : 40,21,deer,01-28-2016 02:06:51,5,train
https://storage.googleapis.com/public-datasets-lila/idaho-camera-traps/public/loc_0012/loc_0012_im_011202.jpg,Idaho Camera Traps : loc_0012_im_011202,Idaho Camera Traps : loc_0012_seq_007734,Idaho Camera Traps : 12,8,deer,02-25-2016 07:55:38,5,train
https://storage.googleapis.com/public-datasets-lila/idaho-camera-traps/public/loc_0169/loc_0169_im_000057.jpg,Idaho Camera Traps : loc_0169_im_000057,Idaho Camera Traps : loc_0169_seq_000004,Idaho Camera Traps : 169,14,deer,05-25-2016 04:31:45,5,test
https://storage.googleapis.com/public-datasets-lila/idaho-camera-traps/public/loc_0085/loc_0085_im_000992.jpg,Idaho Camera Traps : loc_0085_im_000992,Idaho Camera Traps : loc_0085_seq_000107,Idaho Camera Traps : 85,2,deer,09-14-2015 07:33:52,5,train
https://storage.googleapis.com/public-datasets-lila/idaho-camera-traps/public/loc_0196/loc_0196_im_003389.jpg,Idaho Camera Traps : loc_0196_im_003389,Idaho Camera Traps : loc_0196_seq_000385,Idaho Camera Traps : 196,11,deer,06-06-2016 20:26:29,5,train
https://storage.googleapis.com/public-datasets-lila/nacti-unzipped/part2/sub246/FL-27_11_02_2015_FL-27_0040041.jpg,NACTI : FL-27_11_02_2015_FL-27_0040041.jpg,NACTI : unknown,NACTI : archbold_FL-27,-1,deer,,5,train
https://storage.googleapis.com/public-datasets-lila/idaho-camera-traps/public/loc_0030/loc_0030_im_013619.jpg,Idaho Camera Traps : loc_0030_im_013619,Idaho Camera Traps : loc_0030_seq_011651,Idaho Camera Traps : 30,6,deer,03-23-2016 18:33:05,5,train
https://storage.googleapis.com/public-datasets-lila/nacti-unzipped/part2/sub268/FL-33_05_03_2016_FL-33_0014464.JPG,NACTI : FL-33_05_03_2016_FL-33_0014464.JPG,NACTI : unknown,NACTI : archbold_FL-33,-1,deer,,5,train
https://storage.googleapis.com/public-datasets-lila/idaho-camera-traps/public/loc_0097/loc_0097_im_002198.jpg,Idaho Camera Traps : loc_0097_im_002198,Idaho Camera Traps : loc_0097_seq_000266,Idaho Camera Traps : 97,8,deer,04-16-2016 11:52:42,5,train
https://storage.googleapis.com/public-datasets-lila/idaho-camera-traps/public/loc_0196/loc_0196_im_000291.jpg,Idaho Camera Traps : loc_0196_im_000291,Idaho Camera Traps : loc_0196_seq_000020,Idaho Camera Traps : 196,24,deer,06-29-2015 04:38:23,5,train
https://storage.googleapis.com/public-datasets-lila/nacti-unzipped/part1/sub110/FL-01_01_25_2016_FL-01_0044243.jpg,NACTI : FL-01_01_25_2016_FL-01_0044243.jpg,NACTI : unknown,NACTI : archbold_FL-01,-1,deer,,5,train
https://storage.googleapis.com/public-datasets-lila/idaho-camera-traps/public/loc_0081/loc_0081_im_000887.jpg,Idaho Camera Traps : loc_0081_im_000887,Idaho Camera Traps : loc_0081_seq_000102,Idaho Camera Traps : 81,6,deer,07-13-2015 19:25:09,5,train
https://storage.googleapis.com/public-datasets-lila/nacti-unzipped/part2/sub251/FL-29_03_07_2016_FL-29_0055320.JPG,NACTI : FL-29_03_07_2016_FL-29_0055320.JPG,NACTI : unknown,NACTI : archbold_FL-29,-1,deer,,5,train
https://storage.googleapis.com/public-datasets-lila/idaho-camera-traps/public/loc_0209/loc_0209_im_001745.jpg,Idaho Camera Traps : loc_0209_im_001745,Idaho Camera Traps : loc_0209_seq_000298,Idaho Camera Traps : 209,8,deer,04-02-2016 09:51:50,5,train
https://storage.googleapis.com/public-datasets-lila/idaho-camera-traps/public/loc_0083/loc_0083_im_005823.jpg,Idaho Camera Traps : loc_0083_im_005823,Idaho Camera Traps : loc_0083_seq_000970,Idaho Camera Traps : 83,3,deer,10-28-2015 08:12:25,5,train
https://storage.googleapis.com/public-datasets-lila/idaho-camera-traps/public/loc_0129/loc_0129_im_001803.jpg,Idaho Camera Traps : loc_0129_im_001803,Idaho Camera Traps : loc_0129_seq_000230,Idaho Camera Traps : 129,1,deer,07-12-2016 00:08:09,5,train
https://storage.googleapis.com/public-datasets-lila/idaho-camera-traps/public/loc_0233/loc_0233_im_001508.jpg,Idaho Camera Traps : loc_0233_im_001508,Idaho Camera Traps : loc_0233_seq_000215,Idaho Camera Traps : 233,7,deer,04-03-2016 11:28:04,5,train
https://storage.googleapis.com/public-datasets-lila/caltech-unzipped/cct_images/5a1fe7ef-23d2-11e8-a6a3-ec086b02610b.jpg,Caltech Camera Traps : 5a1fe7ef-23d2-11e8-a6a3-ec086b02610b,Caltech Camera Traps : 7016e74a-5567-11e8-a61d-dca9047ef277,Caltech Camera Traps : 6,3,deer,08-31-2013 01:49:14,5,train
https://storage.googleapis.com/public-datasets-lila/idaho-camera-traps/public/loc_0148/loc_0148_im_002294.jpg,Idaho Camera Traps : loc_0148_im_002294,Idaho Camera Traps : loc_0148_seq_000202,Idaho Camera Traps : 148,0,deer,07-10-2016 03:25:45,5,train
https://storage.googleapis.com/public-datasets-lila/idaho-camera-traps/public/loc_0103/loc_0103_im_003438.jpg,Idaho Camera Traps : loc_0103_im_003438,Idaho Camera Traps : loc_0103_seq_000467,Idaho Camera Traps : 103,24,deer,03-04-2016 13:01:28,5,train
https://storage.googleapis.com/public-datasets-lila/nacti-unzipped/part2/sub283/FL-39_01_23_2016_FL-39_0003942.jpg,NACTI : FL-39_01_23_2016_FL-39_0003942.jpg,NACTI : unknown,NACTI : archbold_FL-39,-1,deer,,5,test
https://storage.googleapis.com/public-datasets-lila/nacti-unzipped/part0/sub049/CA-14_08_12_2015_CA-14_0004839.jpg,NACTI : CA-14_08_12_2015_CA-14_0004839.jpg,NACTI : unknown,NACTI : lebec_CA-14,-1,deer,,5,test
https://storage.googleapis.com/public-datasets-lila/nz-trailcams/PS1/deer/93320bef-8c48-490b-aa48-aef851b169d8.JPG,Trail Camera Images of New Zealand Animals : PS1/deer/93320bef-8c48-490b-aa48-aef851b169d8.JPG,Trail Camera Images of New Zealand Animals : unknown,Trail Camera Images of New Zealand Animals : PS1_CAMFC23,-1,deer,06-20-2022 02:55:09,5,train
https://storage.googleapis.com/public-datasets-lila/nz-trailcams/LCC/deer/d3f5514a-4821-48be-b765-dfad8d5ac93e.JPG,Trail Camera Images of New Zealand Animals : LCC/deer/d3f5514a-4821-48be-b765-dfad8d5ac93e.JPG,Trail Camera Images of New Zealand Animals : unknown,Trail Camera Images of New Zealand Animals : LCC_R135,-1,deer,03-21-2018 03:47:52,5,train
https://storage.googleapis.com/public-datasets-lila/nz-trailcams/Z20/deer/10eaf150-ee91-4a37-85a7-ebf794fc5947.JPG,Trail Camera Images of New Zealand Animals : Z20/deer/10eaf150-ee91-4a37-85a7-ebf794fc5947.JPG,Trail Camera Images of New Zealand Animals : unknown,Trail Camera Images of New Zealand Animals : Z20_30J261,-1,deer,06-30-2022 06:47:16,5,train
https://storage.googleapis.com/public-datasets-lila/idaho-camera-traps/public/loc_0140/loc_0140_im_000574.jpg,Idaho Camera Traps : loc_0140_im_000574,Idaho Camera Traps : loc_0140_seq_000095,Idaho Camera Traps : 140,3,deer,06-23-2016 05:21:30,5,train
https://storage.googleapis.com/public-datasets-lila/idaho-camera-traps/public/loc_0100/loc_0100_im_000469.jpg,Idaho Camera Traps : loc_0100_im_000469,Idaho Camera Traps : loc_0100_seq_000051,Idaho Camera Traps : 100,10,deer,06-14-2015 18:49:59,5,train
https://storage.googleapis.com/public-datasets-lila/idaho-camera-traps/public/loc_0250/loc_0250_im_001068.jpg,Idaho Camera Traps : loc_0250_im_001068,Idaho Camera Traps : loc_0250_seq_000105,Idaho Camera Traps : 250,12,deer,01-11-2016 14:15:50,5,train
https://storage.googleapis.com/public-datasets-lila/nacti-unzipped/part2/sub246/FL-28_03_07_2016_FL-28_0046545.JPG,NACTI : FL-28_03_07_2016_FL-28_0046545.JPG,NACTI : unknown,NACTI : archbold_FL-28,-1,deer,,5,val
https://storage.googleapis.com/public-datasets-lila/nacti-unzipped/part2/sub240/FL-26_09_09_2016_FL-26_0030629.JPG,NACTI : FL-26_09_09_2016_FL-26_0030629.JPG,NACTI : unknown,NACTI : archbold_FL-26,-1,deer,,5,train
https://storage.googleapis.com/public-datasets-lila/nz-trailcams/PS1/deer/c4a962a2-45bd-4797-820f-f0d2bb41e181.JPG,Trail Camera Images of New Zealand Animals : PS1/deer/c4a962a2-45bd-4797-820f-f0d2bb41e181.JPG,Trail Camera Images of New Zealand Animals : unknown,Trail Camera Images of New Zealand Animals : PS1_CAM6609,-1,deer,07-22-2022 05:49:01,5,test
https://storage.googleapis.com/public-datasets-lila/idaho-camera-traps/public/loc_0138/loc_0138_im_000943.jpg,Idaho Camera Traps : loc_0138_im_000943,Idaho Camera Traps : loc_0138_seq_000173,Idaho Camera Traps : 138,20,deer,07-25-2016 05:10:49,5,val
https://storage.googleapis.com/public-datasets-lila/nz-trailcams/PS1/deer/6e997b44-62fb-42f5-961e-a4526d802182.JPG,Trail Camera Images of New Zealand Animals : PS1/deer/6e997b44-62fb-42f5-961e-a4526d802182.JPG,Trail Camera Images of New Zealand Animals : unknown,Trail Camera Images of New Zealand Animals : PS1_CAM8306,-1,deer,05-25-2022 12:03:55,5,train
https://storage.googleapis.com/public-datasets-lila/nz-trailcams/PS1/deer/de18403c-2aa4-4728-aba0-f0c851a1db82.JPG,Trail Camera Images of New Zealand Animals : PS1/deer/de18403c-2aa4-4728-aba0-f0c851a1db82.JPG,Trail Camera Images of New Zealand Animals : unknown,Trail Camera Images of New Zealand Animals : PS1_CAM7905,-1,deer,06-14-2022 20:26:53,5,train
https://storage.googleapis.com/public-datasets-lila/idaho-camera-traps/public/loc_0154/loc_0154_im_001602.jpg,Idaho Camera Traps : loc_0154_im_001602,Idaho Camera Traps : loc_0154_seq_000315,Idaho Camera Traps : 154,2,deer,09-05-2016 15:56:34,5,train
https://storage.googleapis.com/public-datasets-lila/nz-trailcams/PS1/deer/97a8c306-7358-4ee9-ba8b-15ca11be54de.JPG,Trail Camera Images of New Zealand Animals : PS1/deer/97a8c306-7358-4ee9-ba8b-15ca11be54de.JPG,Trail Camera Images of New Zealand Animals : unknown,Trail Camera Images of New Zealand Animals : PS1_CAM7920,-1,deer,11-24-2021 12:29:21,5,train
https://storage.googleapis.com/public-datasets-lila/nz-trailcams/WLG/deer/230316150032024as072.jpg,Trail Camera Images of New Zealand Animals : WLG/deer/230316150032024as072.jpg,Trail Camera Images of New Zealand Animals : unknown,Trail Camera Images of New Zealand Animals : WLG_S07,-1,deer,03-23-2016 15:00:33,5,train
https://storage.googleapis.com/public-datasets-lila/nacti-unzipped/part2/sub251/FL-28_09_02_2015_FL-28_0034460.jpg,NACTI : FL-28_09_02_2015_FL-28_0034460.jpg,NACTI : unknown,NACTI : archbold_FL-28,-1,deer,,5,val
https://storage.googleapis.com/public-datasets-lila/idaho-camera-traps/public/loc_0244/loc_0244_im_001273.jpg,Idaho Camera Traps : loc_0244_im_001273,Idaho Camera Traps : loc_0244_seq_000273,Idaho Camera Traps : 244,6,deer,04-15-2016 11:01:38,5,train
https://storage.googleapis.com/public-datasets-lila/idaho-camera-traps/public/loc_0115/loc_0115_im_001035.jpg,Idaho Camera Traps : loc_0115_im_001035,Idaho Camera Traps : loc_0115_seq_000159,Idaho Camera Traps : 115,0,deer,03-09-2016 02:15:27,5,train
https://storage.googleapis.com/public-datasets-lila/idaho-camera-traps/public/loc_0211/loc_0211_im_000676.jpg,Idaho Camera Traps : loc_0211_im_000676,Idaho Camera Traps : loc_0211_seq_000197,Idaho Camera Traps : 211,5,deer,04-23-2016 03:30:37,5,train
https://storage.googleapis.com/public-datasets-lila/idaho-camera-traps/public/loc_0098/loc_0098_im_002502.jpg,Idaho Camera Traps : loc_0098_im_002502,Idaho Camera Traps : loc_0098_seq_000242,Idaho Camera Traps : 98,21,deer,07-04-2015 08:09:06,5,train
https://storage.googleapis.com/public-datasets-lila/idaho-camera-traps/public/loc_0152/loc_0152_im_001545.jpg,Idaho Camera Traps : loc_0152_im_001545,Idaho Camera Traps : loc_0152_seq_000314,Idaho Camera Traps : 152,13,deer,08-24-2016 10:18:12,5,train
https://storage.googleapis.com/public-datasets-lila/nacti-unzipped/part2/sub283/FL-39_11_03_2015_FL-39_0000810.jpg,NACTI : FL-39_11_03_2015_FL-39_0000810.jpg,NACTI : unknown,NACTI : archbold_FL-39,-1,deer,,5,test
https://storage.googleapis.com/public-datasets-lila/idaho-camera-traps/public/loc_0250/loc_0250_im_001302.jpg,Idaho Camera Traps : loc_0250_im_001302,Idaho Camera Traps : loc_0250_seq_000126,Idaho Camera Traps : 250,3,deer,01-15-2016 00:56:25,5,train
https://storage.googleapis.com/public-datasets-lila/idaho-camera-traps/public/loc_0100/loc_0100_im_000350.jpg,Idaho Camera Traps : loc_0100_im_000350,Idaho Camera Traps : loc_0100_seq_000038,Idaho Camera Traps : 100,11,deer,06-01-2015 05:21:02,5,train
https://storage.googleapis.com/public-datasets-lila/nacti-unzipped/part2/sub285/FL-40_12_07_2015_FL-40_0003858.jpg,NACTI : FL-40_12_07_2015_FL-40_0003858.jpg,NACTI : unknown,NACTI : archbold_FL-40,-1,deer,,5,val
https://storage.googleapis.com/public-datasets-lila/nacti-unzipped/part1/sub132/FL-05_06_01_2015_FL-05_0001767.jpg,NACTI : FL-05_06_01_2015_FL-05_0001767.jpg,NACTI : unknown,NACTI : archbold_FL-05,-1,deer,,5,train
https://storage.googleapis.com/public-datasets-lila/nz-trailcams/PS3/deer/62095f94-d34f-4fae-b5ca-781111f895da.JPG,Trail Camera Images of New Zealand Animals : PS3/deer/62095f94-d34f-4fae-b5ca-781111f895da.JPG,Trail Camera Images of New Zealand Animals : unknown,Trail Camera Images of New Zealand Animals : PS3_CAMCREK,-1,deer,04-24-2023 10:17:29,5,train
https://storage.googleapis.com/public-datasets-lila/nacti-unzipped/part2/sub259/FL-30_06_03_2015_FL-30_0008840.jpg,NACTI : FL-30_06_03_2015_FL-30_0008840.jpg,NACTI : unknown,NACTI : archbold_FL-30,-1,deer,,5,train
https://storage.googleapis.com/public-datasets-lila/nacti-unzipped/part1/sub186/FL-14_04_05_2016_FL-14_0019461.JPG,NACTI : FL-14_04_05_2016_FL-14_0019461.JPG,NACTI : unknown,NACTI : archbold_FL-14,-1,deer,,5,train
https://storage.googleapis.com/public-datasets-lila/idaho-camera-traps/public/loc_0076/loc_0076_im_001388.jpg,Idaho Camera Traps : loc_0076_im_001388,Idaho Camera Traps : loc_0076_seq_000151,Idaho Camera Traps : 76,17,deer,09-10-2015 08:12:54,5,val
https://storage.googleapis.com/public-datasets-lila/idaho-camera-traps/public/loc_0120/loc_0120_im_003109.jpg,Idaho Camera Traps : loc_0120_im_003109,Idaho Camera Traps : loc_0120_seq_000357,Idaho Camera Traps : 120,5,deer,01-11-2016 09:37:21,5,train
https://storage.googleapis.com/public-datasets-lila/nacti-unzipped/part1/sub176/FL-12_07_28_2015_FL-12_0004923.jpg,NACTI : FL-12_07_28_2015_FL-12_0004923.jpg,NACTI : unknown,NACTI : archbold_FL-12,-1,deer,,5,train
https://storage.googleapis.com/public-datasets-lila/idaho-camera-traps/public/loc_0225/loc_0225_im_003570.jpg,Idaho Camera Traps : loc_0225_im_003570,Idaho Camera Traps : loc_0225_seq_000465,Idaho Camera Traps : 225,3,deer,01-28-2016 14:21:58,5,train
https://storage.googleapis.com/public-datasets-lila/idaho-camera-traps/public/loc_0257/loc_0257_im_000241.jpg,Idaho Camera Traps : loc_0257_im_000241,Idaho Camera Traps : loc_0257_seq_000027,Idaho Camera Traps : 257,1,deer,12-22-2015 12:54:16,5,train
https://storage.googleapis.com/public-datasets-lila/idaho-camera-traps/public/loc_0233/loc_0233_im_001232.jpg,Idaho Camera Traps : loc_0233_im_001232,Idaho Camera Traps : loc_0233_seq_000184,Idaho Camera Traps : 233,1,deer,03-19-2016 06:36:20,5,train
https://storage.googleapis.com/public-datasets-lila/idaho-camera-traps/public/loc_0148/loc_0148_im_003462.jpg,Idaho Camera Traps : loc_0148_im_003462,Idaho Camera Traps : loc_0148_seq_000313,Idaho Camera Traps : 148,1,deer,07-31-2016 04:07:23,5,train
https://storage.googleapis.com/public-datasets-lila/nacti-unzipped/part1/sub171/FL-11_09_01_2016_FL-11_0022646.JPG,NACTI : FL-11_09_01_2016_FL-11_0022646.JPG,NACTI : unknown,NACTI : archbold_FL-11,-1,deer,,5,train
https://storage.googleapis.com/public-datasets-lila/idaho-camera-traps/public/loc_0148/loc_0148_im_004210.jpg,Idaho Camera Traps : loc_0148_im_004210,Idaho Camera Traps : loc_0148_seq_000387,Idaho Camera Traps : 148,13,deer,08-25-2016 19:24:20,5,train
https://storage.googleapis.com/public-datasets-lila/idaho-camera-traps/public/loc_0089/loc_0089_im_004864.jpg,Idaho Camera Traps : loc_0089_im_004864,Idaho Camera Traps : loc_0089_seq_000642,Idaho Camera Traps : 89,3,deer,04-28-2016 19:09:43,5,train
https://storage.googleapis.com/public-datasets-lila/idaho-camera-traps/public/loc_0172/loc_0172_im_000582.jpg,Idaho Camera Traps : loc_0172_im_000582,Idaho Camera Traps : loc_0172_seq_000124,Idaho Camera Traps : 172,2,deer,07-24-2016 06:21:16,5,train
https://storage.googleapis.com/public-datasets-lila/idaho-camera-traps/public/loc_0272/loc_0272_im_000051.jpg,Idaho Camera Traps : loc_0272_im_000051,Idaho Camera Traps : loc_0272_seq_000010,Idaho Camera Traps : 272,7,deer,12-20-2015 18:03:23,5,test
https://storage.googleapis.com/public-datasets-lila/nacti-unzipped/part2/sub268/FL-32_12_07_2015_FL-32_0000995.jpg,NACTI : FL-32_12_07_2015_FL-32_0000995.jpg,NACTI : unknown,NACTI : archbold_FL-32,-1,deer,,5,train
https://storage.googleapis.com/public-datasets-lila/nz-trailcams/LCC/deer/fa8927c0-82e4-4bcc-9bb3-6c101396ffee.JPG,Trail Camera Images of New Zealand Animals : LCC/deer/fa8927c0-82e4-4bcc-9bb3-6c101396ffee.JPG,Trail Camera Images of New Zealand Animals : unknown,Trail Camera Images of New Zealand Animals : LCC_R14,-1,deer,05-25-2018 02:38:47,5,val
https://storage.googleapis.com/public-datasets-lila/idaho-camera-traps/public/loc_0114/loc_0114_im_000304.jpg,Idaho Camera Traps : loc_0114_im_000304,Idaho Camera Traps : loc_0114_seq_000033,Idaho Camera Traps : 114,1,deer,07-12-2015 08:32:27,5,test
https://storage.googleapis.com/public-datasets-lila/idaho-camera-traps/public/loc_0199/loc_0199_im_006241.jpg,Idaho Camera Traps : loc_0199_im_006241,Idaho Camera Traps : loc_0199_seq_000502,Idaho Camera Traps : 199,30,deer,04-05-2016 12:09:33,5,train
https://storage.googleapis.com/public-datasets-lila/idaho-camera-traps/public/loc_0243/loc_0243_im_000219.jpg,Idaho Camera Traps : loc_0243_im_000219,Idaho Camera Traps : loc_0243_seq_000131,Idaho Camera Traps : 243,8,deer,04-13-2016 06:24:58,5,train
https://storage.googleapis.com/public-datasets-lila/idaho-camera-traps/public/loc_0160/loc_0160_im_000983.jpg,Idaho Camera Traps : loc_0160_im_000983,Idaho Camera Traps : loc_0160_seq_000227,Idaho Camera Traps : 160,8,deer,09-17-2016 16:09:57,5,train
https://storage.googleapis.com/public-datasets-lila/idaho-camera-traps/public/loc_0273/loc_0273_im_000056.jpg,Idaho Camera Traps : loc_0273_im_000056,Idaho Camera Traps : loc_0273_seq_000015,Idaho Camera Traps : 273,2,deer,12-25-2015 13:18:09,5,train
https://storage.googleapis.com/public-datasets-lila/idaho-camera-traps/public/loc_0086/loc_0086_im_005930.jpg,Idaho Camera Traps : loc_0086_im_005930,Idaho Camera Traps : loc_0086_seq_000894,Idaho Camera Traps : 86,2,deer,05-21-2016 08:33:04,5,train
https://storage.googleapis.com/public-datasets-lila/idaho-camera-traps/public/loc_0035/loc_0035_im_001294.jpg,Idaho Camera Traps : loc_0035_im_001294,Idaho Camera Traps : loc_0035_seq_000340,Idaho Camera Traps : 35,160,deer,01-05-2016 15:11:22,5,train
https://storage.googleapis.com/public-datasets-lila/idaho-camera-traps/public/loc_0077/loc_0077_im_000886.jpg,Idaho Camera Traps : loc_0077_im_000886,Idaho Camera Traps : loc_0077_seq_000078,Idaho Camera Traps : 77,1,deer,07-02-2015 04:53:01,5,train
https://storage.googleapis.com/public-datasets-lila/idaho-camera-traps/public/loc_0133/loc_0133_im_005811.jpg,Idaho Camera Traps : loc_0133_im_005811,Idaho Camera Traps : loc_0133_seq_000948,Idaho Camera Traps : 133,5,deer,06-26-2016 21:15:35,5,train
https://storage.googleapis.com/public-datasets-lila/idaho-camera-traps/public/loc_0126/loc_0126_im_003963.jpg,Idaho Camera Traps : loc_0126_im_003963,Idaho Camera Traps : loc_0126_seq_000417,Idaho Camera Traps : 126,8,deer,08-11-2016 17:46:42,5,train
https://storage.googleapis.com/public-datasets-lila/idaho-camera-traps/public/loc_0136/loc_0136_im_000843.jpg,Idaho Camera Traps : loc_0136_im_000843,Idaho Camera Traps : loc_0136_seq_000182,Idaho Camera Traps : 136,3,deer,09-02-2016 07:58:36,5,val
https://storage.googleapis.com/public-datasets-lila/idaho-camera-traps/public/loc_0224/loc_0224_im_000503.jpg,Idaho Camera Traps : loc_0224_im_000503,Idaho Camera Traps : loc_0224_seq_000118,Idaho Camera Traps : 224,22,deer,03-16-2016 11:09:43,5,train
https://storage.googleapis.com/public-datasets-lila/idaho-camera-traps/public/loc_0177/loc_0177_im_001116.jpg,Idaho Camera Traps : loc_0177_im_001116,Idaho Camera Traps : loc_0177_seq_000215,Idaho Camera Traps : 177,8,deer,09-25-2016 18:58:49,5,train
https://storage.googleapis.com/public-datasets-lila/nz-trailcams/LCC/deer/2819684b-9587-4115-b08a-be8fe1d6b0c9.JPG,Trail Camera Images of New Zealand Animals : LCC/deer/2819684b-9587-4115-b08a-be8fe1d6b0c9.JPG,Trail Camera Images of New Zealand Animals : unknown,Trail Camera Images of New Zealand Animals : LCC_R65,-1,deer,05-09-2018 03:04:57,5,train
https://storage.googleapis.com/public-datasets-lila/idaho-camera-traps/public/loc_0046/loc_0046_im_000767.jpg,Idaho Camera Traps : loc_0046_im_000767,Idaho Camera Traps : loc_0046_seq_000638,Idaho Camera Traps : 46,7,deer,01-07-2016 14:27:22,5,val
https://storage.googleapis.com/public-datasets-lila/idaho-camera-traps/public/loc_0119/loc_0119_im_000058.jpg,Idaho Camera Traps : loc_0119_im_000058,Idaho Camera Traps : loc_0119_seq_000005,Idaho Camera Traps : 119,1,deer,07-09-2015 23:55:43,5,train
https://storage.googleapis.com/public-datasets-lila/nz-trailcams/PS3/deer/5c33c055-021a-44d4-b27f-34a162bf3f74.JPG,Trail Camera Images of New Zealand Animals : PS3/deer/5c33c055-021a-44d4-b27f-34a162bf3f74.JPG,Trail Camera Images of New Zealand Animals : unknown,Trail Camera Images of New Zealand Animals : PS3_CAM7507,-1,deer,02-08-2023 03:25:02,5,test
https://storage.googleapis.com/public-datasets-lila/idaho-camera-traps/public/loc_0153/loc_0153_im_001591.jpg,Idaho Camera Traps : loc_0153_im_001591,Idaho Camera Traps : loc_0153_seq_000363,Idaho Camera Traps : 153,4,deer,10-14-2016 16:40:20,5,train
https://storage.googleapis.com/public-datasets-lila/idaho-camera-traps/public/loc_0084/loc_0084_im_002271.jpg,Idaho Camera Traps : loc_0084_im_002271,Idaho Camera Traps : loc_0084_seq_000264,Idaho Camera Traps : 84,9,deer,11-08-2015 19:15:53,5,train
https://storage.googleapis.com/public-datasets-lila/idaho-camera-traps/public/loc_0040/loc_0040_im_001670.jpg,Idaho Camera Traps : loc_0040_im_001670,Idaho Camera Traps : loc_0040_seq_001644,Idaho Camera Traps : 40,2,deer,01-18-2016 22:45:09,5,train
https://storage.googleapis.com/public-datasets-lila/caltech-unzipped/cct_images/59a30ab2-23d2-11e8-a6a3-ec086b02610b.jpg,Caltech Camera Traps : 59a30ab2-23d2-11e8-a6a3-ec086b02610b,Caltech Camera Traps : 7016ef57-5567-11e8-80cf-dca9047ef277,Caltech Camera Traps : 6,1,deer,08-31-2013 02:16:19,5,train
https://storage.googleapis.com/public-datasets-lila/idaho-camera-traps/public/loc_0234/loc_0234_im_000423.jpg,Idaho Camera Traps : loc_0234_im_000423,Idaho Camera Traps : loc_0234_seq_000054,Idaho Camera Traps : 234,7,deer,01-13-2016 21:40:04,5,train
https://storage.googleapis.com/public-datasets-lila/idaho-camera-traps/public/loc_0214/loc_0214_im_001039.jpg,Idaho Camera Traps : loc_0214_im_001039,Idaho Camera Traps : loc_0214_seq_000130,Idaho Camera Traps : 214,7,deer,03-01-2016 03:24:14,5,test
https://storage.googleapis.com/public-datasets-lila/idaho-camera-traps/public/loc_0112/loc_0112_im_000154.jpg,Idaho Camera Traps : loc_0112_im_000154,Idaho Camera Traps : loc_0112_seq_000021,Idaho Camera Traps : 112,10,deer,07-16-2015 07:14:30,5,train
https://storage.googleapis.com/public-datasets-lila/idaho-camera-traps/public/loc_0088/loc_0088_im_000160.jpg,Idaho Camera Traps : loc_0088_im_000160,Idaho Camera Traps : loc_0088_seq_000014,Idaho Camera Traps : 88,7,deer,06-04-2015 06:49:42,5,train
https://storage.googleapis.com/public-datasets-lila/nacti-unzipped/part2/sub274/FL-35_08_15_2016_FL-35_0056435.JPG,NACTI : FL-35_08_15_2016_FL-35_0056435.JPG,NACTI : unknown,NACTI : archbold_FL-35,-1,deer,,5,train
https://storage.googleapis.com/public-datasets-lila/nz-trailcams/PS1/deer/a6ee659d-1345-4326-96c9-e462746b0b56.JPG,Trail Camera Images of New Zealand Animals : PS1/deer/a6ee659d-1345-4326-96c9-e462746b0b56.JPG,Trail Camera Images of New Zealand Animals : unknown,Trail Camera Images of New Zealand Animals : PS1_CAMFC23,-1,deer,06-16-2022 03:24:28,5,train
https://storage.googleapis.com/public-datasets-lila/nacti-unzipped/part2/sub207/FL-18_05_02_2016_FL-18_0021970.JPG,NACTI : FL-18_05_02_2016_FL-18_0021970.JPG,NACTI : unknown,NACTI : archbold_FL-18,-1,deer,,5,train
https://storage.googleapis.com/public-datasets-lila/idaho-camera-traps/public/loc_0249/loc_0249_im_000058.jpg,Idaho Camera Traps : loc_0249_im_000058,Idaho Camera Traps : loc_0249_seq_000005,Idaho Camera Traps : 249,6,deer,12-19-2015 11:11:45,5,train
https://storage.googleapis.com/public-datasets-lila/caltech-unzipped/cct_images/59e4405d-23d2-11e8-a6a3-ec086b02610b.jpg,Caltech Camera Traps : 59e4405d-23d2-11e8-a6a3-ec086b02610b,Caltech Camera Traps : 7012fac2-5567-11e8-b368-dca9047ef277,Caltech Camera Traps : 27,2,deer,04-18-2015 01:28:21,5,train
https://storage.googleapis.com/public-datasets-lila/idaho-camera-traps/public/loc_0086/loc_0086_im_005150.jpg,Idaho Camera Traps : loc_0086_im_005150,Idaho Camera Traps : loc_0086_seq_000804,Idaho Camera Traps : 86,2,deer,04-19-2016 09:51:16,5,train
https://storage.googleapis.com/public-datasets-lila/idaho-camera-traps/public/loc_0134/loc_0134_im_001041.jpg,Idaho Camera Traps : loc_0134_im_001041,Idaho Camera Traps : loc_0134_seq_000154,Idaho Camera Traps : 134,0,deer,07-25-2016 04:10:15,5,train
https://storage.googleapis.com/public-datasets-lila/nacti-unzipped/part2/sub274/FL-35_08_15_2016_FL-35_0050237.JPG,NACTI : FL-35_08_15_2016_FL-35_0050237.JPG,NACTI : unknown,NACTI : archbold_FL-35,-1,deer,,5,train
https://storage.googleapis.com/public-datasets-lila/idaho-camera-traps/public/loc_0242/loc_0242_im_000975.jpg,Idaho Camera Traps : loc_0242_im_000975,Idaho Camera Traps : loc_0242_seq_000183,Idaho Camera Traps : 242,4,deer,03-26-2016 14:02:38,5,test
https://storage.googleapis.com/public-datasets-lila/idaho-camera-traps/public/loc_0016/loc_0016_im_007202.jpg,Idaho Camera Traps : loc_0016_im_007202,Idaho Camera Traps : loc_0016_seq_005863,Idaho Camera Traps : 16,0,deer,02-13-2016 15:35:00,5,test
https://storage.googleapis.com/public-datasets-lila/idaho-camera-traps/public/loc_0076/loc_0076_im_001056.jpg,Idaho Camera Traps : loc_0076_im_001056,Idaho Camera Traps : loc_0076_seq_000110,Idaho Camera Traps : 76,0,deer,08-01-2015 08:31:12,5,val
https://storage.googleapis.com/public-datasets-lila/idaho-camera-traps/public/loc_0126/loc_0126_im_001655.jpg,Idaho Camera Traps : loc_0126_im_001655,Idaho Camera Traps : loc_0126_seq_000165,Idaho Camera Traps : 126,5,deer,07-11-2016 19:35:46,5,train
https://storage.googleapis.com/public-datasets-lila/nz-trailcams/PS1/deer/bd70d801-f76b-445e-bce7-70551995e74b.JPG,Trail Camera Images of New Zealand Animals : PS1/deer/bd70d801-f76b-445e-bce7-70551995e74b.JPG,Trail Camera Images of New Zealand Animals : unknown,Trail Camera Images of New Zealand Animals : PS1_CAMFC11,-1,deer,05-06-2022 08:38:18,5,train
https://storage.googleapis.com/public-datasets-lila/idaho-camera-traps/public/loc_0171/loc_0171_im_000061.jpg,Idaho Camera Traps : loc_0171_im_000061,Idaho Camera Traps : loc_0171_seq_000002,Idaho Camera Traps : 171,18,deer,05-26-2016 04:39:52,5,train
https://storage.googleapis.com/public-datasets-lila/idaho-camera-traps/public/loc_0079/loc_0079_im_000445.jpg,Idaho Camera Traps : loc_0079_im_000445,Idaho Camera Traps : loc_0079_seq_000050,Idaho Camera Traps : 79,11,deer,05-23-2015 17:01:45,5,train
https://storage.googleapis.com/public-datasets-lila/idaho-camera-traps/public/loc_0120/loc_0120_im_002508.jpg,Idaho Camera Traps : loc_0120_im_002508,Idaho Camera Traps : loc_0120_seq_000273,Idaho Camera Traps : 120,7,deer,11-15-2015 12:40:40,5,train
https://storage.googleapis.com/public-datasets-lila/idaho-camera-traps/public/loc_0125/loc_0125_im_000244.jpg,Idaho Camera Traps : loc_0125_im_000244,Idaho Camera Traps : loc_0125_seq_000050,Idaho Camera Traps : 125,7,deer,06-15-2016 06:15:11,5,train
https://storage.googleapis.com/public-datasets-lila/idaho-camera-traps/public/loc_0233/loc_0233_im_001520.jpg,Idaho Camera Traps : loc_0233_im_001520,Idaho Camera Traps : loc_0233_seq_000215,Idaho Camera Traps : 233,19,deer,04-03-2016 11:28:31,5,train
https://storage.googleapis.com/public-datasets-lila/nacti-unzipped/part2/sub290/FL-43_11_03_2015_FL-43_0000681.jpg,NACTI : FL-43_11_03_2015_FL-43_0000681.jpg,NACTI : unknown,NACTI : archbold_FL-43,-1,deer,,5,train
https://storage.googleapis.com/public-datasets-lila/nz-trailcams/PS3/deer/7710c6de-786b-41b2-a870-b1cbf23c6734.JPG,Trail Camera Images of New Zealand Animals : PS3/deer/7710c6de-786b-41b2-a870-b1cbf23c6734.JPG,Trail Camera Images of New Zealand Animals : unknown,Trail Camera Images of New Zealand Animals : PS3_CAMGC43,-1,deer,01-24-2023 03:53:48,5,train
https://storage.googleapis.com/public-datasets-lila/nz-trailcams/PS1/deer/206c83b6-e2b5-49ec-96ce-64aa2f3beea2.JPG,Trail Camera Images of New Zealand Animals : PS1/deer/206c83b6-e2b5-49ec-96ce-64aa2f3beea2.JPG,Trail Camera Images of New Zealand Animals : unknown,Trail Camera Images of New Zealand Animals : PS1_CAMFC01,-1,deer,06-01-2022 01:55:35,5,train
https://storage.googleapis.com/public-datasets-lila/idaho-camera-traps/public/loc_0109/loc_0109_im_001671.jpg,Idaho Camera Traps : loc_0109_im_001671,Idaho Camera Traps : loc_0109_seq_000182,Idaho Camera Traps : 109,2,deer,05-11-2016 02:43:47,5,train
https://storage.googleapis.com/public-datasets-lila/idaho-camera-traps/public/loc_0080/loc_0080_im_004393.jpg,Idaho Camera Traps : loc_0080_im_004393,Idaho Camera Traps : loc_0080_seq_000511,Idaho Camera Traps : 80,0,deer,05-21-2016 15:13:25,5,train
https://storage.googleapis.com/public-datasets-lila/idaho-camera-traps/public/loc_0100/loc_0100_im_000331.jpg,Idaho Camera Traps : loc_0100_im_000331,Idaho Camera Traps : loc_0100_seq_000036,Idaho Camera Traps : 100,4,deer,05-22-2015 08:21:41,5,train
https://storage.googleapis.com/public-datasets-lila/nacti-unzipped/part1/sub188/FL-15_06_02_2015_FL-15_0001454.jpg,NACTI : FL-15_06_02_2015_FL-15_0001454.jpg,NACTI : unknown,NACTI : archbold_FL-15,-1,deer,,5,train
https://storage.googleapis.com/public-datasets-lila/nacti-unzipped/part1/sub171/FL-11_11_02_2015_FL-11_0013634.jpg,NACTI : FL-11_11_02_2015_FL-11_0013634.jpg,NACTI : unknown,NACTI : archbold_FL-11,-1,deer,,5,train
https://storage.googleapis.com/public-datasets-lila/idaho-camera-traps/public/loc_0087/loc_0087_im_001899.jpg,Idaho Camera Traps : loc_0087_im_001899,Idaho Camera Traps : loc_0087_seq_000298,Idaho Camera Traps : 87,3,deer,01-19-2016 03:57:17,5,train
https://storage.googleapis.com/public-datasets-lila/nacti-unzipped/part2/sub288/FL-42_03_09_2016_FL-42_0008125.JPG,NACTI : FL-42_03_09_2016_FL-42_0008125.JPG,NACTI : unknown,NACTI : archbold_FL-42,-1,deer,,5,train
https://storage.googleapis.com/public-datasets-lila/idaho-camera-traps/public/loc_0103/loc_0103_im_002642.jpg,Idaho Camera Traps : loc_0103_im_002642,Idaho Camera Traps : loc_0103_seq_000322,Idaho Camera Traps : 103,2,deer,09-08-2015 19:50:05,5,train
https://storage.googleapis.com/public-datasets-lila/idaho-camera-traps/public/loc_0026/loc_0026_im_013715.jpg,Idaho Camera Traps : loc_0026_im_013715,Idaho Camera Traps : loc_0026_seq_012515,Idaho Camera Traps : 26,0,deer,03-30-2016 06:28:56,5,train
https://storage.googleapis.com/public-datasets-lila/idaho-camera-traps/public/loc_0257/loc_0257_im_004745.jpg,Idaho Camera Traps : loc_0257_im_004745,Idaho Camera Traps : loc_0257_seq_000494,Idaho Camera Traps : 257,0,deer,03-06-2016 13:02:05,5,train
https://storage.googleapis.com/public-datasets-lila/idaho-camera-traps/public/loc_0115/loc_0115_im_000370.jpg,Idaho Camera Traps : loc_0115_im_000370,Idaho Camera Traps : loc_0115_seq_000055,Idaho Camera Traps : 115,1,deer,08-31-2015 07:26:49,5,train
https://storage.googleapis.com/public-datasets-lila/idaho-camera-traps/public/loc_0272/loc_0272_im_001428.jpg,Idaho Camera Traps : loc_0272_im_001428,Idaho Camera Traps : loc_0272_seq_000181,Idaho Camera Traps : 272,1,deer,02-26-2016 17:05:04,5,test
https://storage.googleapis.com/public-datasets-lila/nacti-unzipped/part2/sub269/FL-33_07_06_2016_FL-33_0018370.JPG,NACTI : FL-33_07_06_2016_FL-33_0018370.JPG,NACTI : unknown,NACTI : archbold_FL-33,-1,deer,,5,train
https://storage.googleapis.com/public-datasets-lila/nacti-unzipped/part2/sub286/FL-41_06_03_2016_FL-41_0030929.JPG,NACTI : FL-41_06_03_2016_FL-41_0030929.JPG,NACTI : unknown,NACTI : archbold_FL-41,-1,deer,,5,train
https://storage.googleapis.com/public-datasets-lila/nacti-unzipped/part1/sub182/FL-13_07_28_2015_FL-13_0033981.jpg,NACTI : FL-13_07_28_2015_FL-13_0033981.jpg,NACTI : unknown,NACTI : archbold_FL-13,-1,deer,,5,train
https://storage.googleapis.com/public-datasets-lila/wellington-unzipped/images/0104150358401266L204.JPG,Wellington Camera Traps : 0104150358401266L204,Wellington Camera Traps : 89550,Wellington Camera Traps : 1266,0,deer,01-04-2015 03:58:00,5,train
https://storage.googleapis.com/public-datasets-lila/nz-trailcams/LCC/deer/2151a1b6-426f-46a5-b1df-02bc48fcc42e.JPG,Trail Camera Images of New Zealand Animals : LCC/deer/2151a1b6-426f-46a5-b1df-02bc48fcc42e.JPG,Trail Camera Images of New Zealand Animals : unknown,Trail Camera Images of New Zealand Animals : LCC_R98,-1,deer,04-16-2018 20:46:57,5,train
https://storage.googleapis.com/public-datasets-lila/idaho-camera-traps/public/loc_0129/loc_0129_im_000214.jpg,Idaho Camera Traps : loc_0129_im_000214,Idaho Camera Traps : loc_0129_seq_000017,Idaho Camera Traps : 129,6,deer,05-24-2016 21:14:02,5,train
https://storage.googleapis.com/public-datasets-lila/idaho-camera-traps/public/loc_0003/loc_0003_im_007140.jpg,Idaho Camera Traps : loc_0003_im_007140,Idaho Camera Traps : loc_0003_seq_005090,Idaho Camera Traps : 3,47,deer,02-11-2016 10:50:35,5,val
https://storage.googleapis.com/public-datasets-lila/idaho-camera-traps/public/loc_0196/loc_0196_im_003104.jpg,Idaho Camera Traps : loc_0196_im_003104,Idaho Camera Traps : loc_0196_seq_000340,Idaho Camera Traps : 196,2,deer,02-29-2016 14:45:12,5,train
https://storage.googleapis.com/public-datasets-lila/idaho-camera-traps/public/loc_0012/loc_0012_im_014588.jpg,Idaho Camera Traps : loc_0012_im_014588,Idaho Camera Traps : loc_0012_seq_010943,Idaho Camera Traps : 12,21,deer,03-18-2016 10:28:24,5,train
https://storage.googleapis.com/public-datasets-lila/idaho-camera-traps/public/loc_0201/loc_0201_im_000920.jpg,Idaho Camera Traps : loc_0201_im_000920,Idaho Camera Traps : loc_0201_seq_000154,Idaho Camera Traps : 201,19,deer,03-22-2016 14:51:59,5,val
https://storage.googleapis.com/public-datasets-lila/nacti-unzipped/part1/sub199/FL-17_01_20_2016_FL-17_0063870.jpg,NACTI : FL-17_01_20_2016_FL-17_0063870.jpg,NACTI : unknown,NACTI : archbold_FL-17,-1,deer,,5,train
https://storage.googleapis.com/public-datasets-lila/idaho-camera-traps/public/loc_0250/loc_0250_im_003216.jpg,Idaho Camera Traps : loc_0250_im_003216,Idaho Camera Traps : loc_0250_seq_000375,Idaho Camera Traps : 250,1,deer,04-05-2016 01:28:50,5,train
https://storage.googleapis.com/public-datasets-lila/idaho-camera-traps/public/loc_0114/loc_0114_im_000382.jpg,Idaho Camera Traps : loc_0114_im_000382,Idaho Camera Traps : loc_0114_seq_000039,Idaho Camera Traps : 114,10,deer,07-17-2015 10:36:40,5,test
https://storage.googleapis.com/public-datasets-lila/nz-trailcams/LCC/deer/7477852d-9c70-4efe-af6f-3a002f32fe43.JPG,Trail Camera Images of New Zealand Animals : LCC/deer/7477852d-9c70-4efe-af6f-3a002f32fe43.JPG,Trail Camera Images of New Zealand Animals : unknown,Trail Camera Images of New Zealand Animals : LCC_R137,-1,deer,03-28-2018 00:24:49,5,train
https://storage.googleapis.com/public-datasets-lila/idaho-camera-traps/public/loc_0200/loc_0200_im_000160.jpg,Idaho Camera Traps : loc_0200_im_000160,Idaho Camera Traps : loc_0200_seq_000027,Idaho Camera Traps : 200,15,deer,01-04-2016 04:56:38,5,train
https://storage.googleapis.com/public-datasets-lila/idaho-camera-traps/public/loc_0170/loc_0170_im_002764.jpg,Idaho Camera Traps : loc_0170_im_002764,Idaho Camera Traps : loc_0170_seq_000427,Idaho Camera Traps : 170,267,deer,07-13-2016 20:05:32,5,train
https://storage.googleapis.com/public-datasets-lila/nz-trailcams/PS3/deer/95b90ce9-d41b-44dc-8b54-1d9e0aa62724.JPG,Trail Camera Images of New Zealand Animals : PS3/deer/95b90ce9-d41b-44dc-8b54-1d9e0aa62724.JPG,Trail Camera Images of New Zealand Animals : unknown,Trail Camera Images of New Zealand Animals : PS3_CAM8001,-1,deer,01-19-2023 09:58:31,5,train
https://storage.googleapis.com/public-datasets-lila/idaho-camera-traps/public/loc_0085/loc_0085_im_002552.jpg,Idaho Camera Traps : loc_0085_im_002552,Idaho Camera Traps : loc_0085_seq_000305,Idaho Camera Traps : 85,2,deer,02-09-2016 17:48:30,5,train
https://storage.googleapis.com/public-datasets-lila/idaho-camera-traps/public/loc_0180/loc_0180_im_000013.jpg,Idaho Camera Traps : loc_0180_im_000013,Idaho Camera Traps : loc_0180_seq_000001,Idaho Camera Traps : 180,7,deer,05-24-2016 13:34:12,5,train
https://storage.googleapis.com/public-datasets-lila/idaho-camera-traps/public/loc_0003/loc_0003_im_006042.jpg,Idaho Camera Traps : loc_0003_im_006042,Idaho Camera Traps : loc_0003_seq_004334,Idaho Camera Traps : 3,7,deer,02-06-2016 08:50:39,5,val
https://storage.googleapis.com/public-datasets-lila/nacti-unzipped/part1/sub171/FL-11_09_30_2015_FL-11_0012778.jpg,NACTI : FL-11_09_30_2015_FL-11_0012778.jpg,NACTI : unknown,NACTI : archbold_FL-11,-1,deer,,5,train
https://storage.googleapis.com/public-datasets-lila/idaho-camera-traps/public/loc_0109/loc_0109_im_001052.jpg,Idaho Camera Traps : loc_0109_im_001052,Idaho Camera Traps : loc_0109_seq_000114,Idaho Camera Traps : 109,1,deer,11-22-2015 07:53:37,5,train
https://storage.googleapis.com/public-datasets-lila/idaho-camera-traps/public/loc_0199/loc_0199_im_002829.jpg,Idaho Camera Traps : loc_0199_im_002829,Idaho Camera Traps : loc_0199_seq_000195,Idaho Camera Traps : 199,0,deer,02-18-2016 17:31:04,5,train
https://storage.googleapis.com/public-datasets-lila/nacti-unzipped/part2/sub216/FL-20_09_30_2015_FL-20_0024931.jpg,NACTI : FL-20_09_30_2015_FL-20_0024931.jpg,NACTI : unknown,NACTI : archbold_FL-20,-1,deer,,5,train
https://storage.googleapis.com/public-datasets-lila/idaho-camera-traps/public/loc_0238/loc_0238_im_000318.jpg,Idaho Camera Traps : loc_0238_im_000318,Idaho Camera Traps : loc_0238_seq_000139,Idaho Camera Traps : 238,3,deer,04-07-2016 06:58:30,5,train
https://storage.googleapis.com/public-datasets-lila/nacti-unzipped/part1/sub176/FL-12_07_28_2015_FL-12_0009509.jpg,NACTI : FL-12_07_28_2015_FL-12_0009509.jpg,NACTI : unknown,NACTI : archbold_FL-12,-1,deer,,5,train
https://storage.googleapis.com/public-datasets-lila/nacti-unzipped/part1/sub178/FL-12_11_02_2015_FL-12_0017209.jpg,NACTI : FL-12_11_02_2015_FL-12_0017209.jpg,NACTI : unknown,NACTI : archbold_FL-12,-1,deer,,5,train
https://storage.googleapis.com/public-datasets-lila/nacti-unzipped/part2/sub246/FL-27_10_01_2015_FL-27_0039444.jpg,NACTI : FL-27_10_01_2015_FL-27_0039444.jpg,NACTI : unknown,NACTI : archbold_FL-27,-1,deer,,5,train
https://storage.googleapis.com/public-datasets-lila/idaho-camera-traps/public/loc_0177/loc_0177_im_000870.jpg,Idaho Camera Traps : loc_0177_im_000870,Idaho Camera Traps : loc_0177_seq_000173,Idaho Camera Traps : 177,1,deer,09-02-2016 06:59:04,5,train
https://storage.googleapis.com/public-datasets-lila/idaho-camera-traps/public/loc_0257/loc_0257_im_000260.jpg,Idaho Camera Traps : loc_0257_im_000260,Idaho Camera Traps : loc_0257_seq_000029,Idaho Camera Traps : 257,0,deer,12-22-2015 14:57:17,5,train
https://storage.googleapis.com/public-datasets-lila/idaho-camera-traps/public/loc_0170/loc_0170_im_002570.jpg,Idaho Camera Traps : loc_0170_im_002570,Idaho Camera Traps : loc_0170_seq_000427,Idaho Camera Traps : 170,73,deer,07-13-2016 19:58:42,5,train
https://storage.googleapis.com/public-datasets-lila/idaho-camera-traps/public/loc_0146/loc_0146_im_000466.jpg,Idaho Camera Traps : loc_0146_im_000466,Idaho Camera Traps : loc_0146_seq_000108,Idaho Camera Traps : 146,7,deer,07-24-2016 20:54:48,5,train
https://storage.googleapis.com/public-datasets-lila/nacti-unzipped/part1/sub189/FL-16_03_07_2016_FL-16_0107294.JPG,NACTI : FL-16_03_07_2016_FL-16_0107294.JPG,NACTI : unknown,NACTI : archbold_FL-16,-1,deer,,5,train
https://storage.googleapis.com/public-datasets-lila/idaho-camera-traps/public/loc_0259/loc_0259_im_000098.jpg,Idaho Camera Traps : loc_0259_im_000098,Idaho Camera Traps : loc_0259_seq_000027,Idaho Camera Traps : 259,0,deer,01-04-2016 10:41:32,5,test
https://storage.googleapis.com/public-datasets-lila/nacti-unzipped/part2/sub219/FL-21_12_08_2015_FL-21_0021677.jpg,NACTI : FL-21_12_08_2015_FL-21_0021677.jpg,NACTI : unknown,NACTI : archbold_FL-21,-1,deer,,5,train
https://storage.googleapis.com/public-datasets-lila/nacti-unzipped/part1/sub176/FL-12_07_28_2015_FL-12_0004193.jpg,NACTI : FL-12_07_28_2015_FL-12_0004193.jpg,NACTI : unknown,NACTI : archbold_FL-12,-1,deer,,5,train
https://storage.googleapis.com/public-datasets-lila/nacti-unzipped/part1/sub134/FL-05_10_05_2016_FL-05_0045009.JPG,NACTI : FL-05_10_05_2016_FL-05_0045009.JPG,NACTI : unknown,NACTI : archbold_FL-05,-1,deer,,5,train
https://storage.googleapis.com/public-datasets-lila/nz-trailcams/PS3/deer/8116007a-2b3d-4920-ae4b-a17903f7ee34.JPG,Trail Camera Images of New Zealand Animals : PS3/deer/8116007a-2b3d-4920-ae4b-a17903f7ee34.JPG,Trail Camera Images of New Zealand Animals : unknown,Trail Camera Images of New Zealand Animals : PS3_CAM6207,-1,deer,03-25-2023 10:29:47,5,train
https://storage.googleapis.com/public-datasets-lila/nacti-unzipped/part0/sub041/CA-08_05_13_2016_CA-08_0007941.JPG,NACTI : CA-08_05_13_2016_CA-08_0007941.JPG,NACTI : unknown,NACTI : lebec_CA-08,-1,deer,,5,train
https://storage.googleapis.com/public-datasets-lila/idaho-camera-traps/public/loc_0044/loc_0044_im_005675.jpg,Idaho Camera Traps : loc_0044_im_005675,Idaho Camera Traps : loc_0044_seq_004597,Idaho Camera Traps : 44,34,deer,02-04-2016 08:28:34,5,val
https://storage.googleapis.com/public-datasets-lila/idaho-camera-traps/public/loc_0125/loc_0125_im_002419.jpg,Idaho Camera Traps : loc_0125_im_002419,Idaho Camera Traps : loc_0125_seq_000442,Idaho Camera Traps : 125,2,deer,10-21-2016 06:20:15,5,train
https://storage.googleapis.com/public-datasets-lila/idaho-camera-traps/public/loc_0250/loc_0250_im_002700.jpg,Idaho Camera Traps : loc_0250_im_002700,Idaho Camera Traps : loc_0250_seq_000265,Idaho Camera Traps : 250,45,deer,02-05-2016 10:26:15,5,train
https://storage.googleapis.com/public-datasets-lila/nz-trailcams/LCC/deer/f529c400-cf16-4bbc-9f72-92fb71216431.JPG,Trail Camera Images of New Zealand Animals : LCC/deer/f529c400-cf16-4bbc-9f72-92fb71216431.JPG,Trail Camera Images of New Zealand Animals : unknown,Trail Camera Images of New Zealand Animals : LCC_R12,-1,deer,04-18-2018 19:59:50,5,test
https://storage.googleapis.com/public-datasets-lila/nacti-unzipped/part1/sub177/FL-12_09_02_2015_FL-12_0010718.jpg,NACTI : FL-12_09_02_2015_FL-12_0010718.jpg,NACTI : unknown,NACTI : archbold_FL-12,-1,deer,,5,train
https://storage.googleapis.com/public-datasets-lila/nacti-unzipped/part2/sub258/FL-30_01_21_2016_FL-30_0044733.jpg,NACTI : FL-30_01_21_2016_FL-30_0044733.jpg,NACTI : unknown,NACTI : archbold_FL-30,-1,deer,,5,train
https://storage.googleapis.com/public-datasets-lila/nacti-unzipped/part1/sub129/FL-04_06_30_2015_FL-04_0003997.jpg,NACTI : FL-04_06_30_2015_FL-04_0003997.jpg,NACTI : unknown,NACTI : archbold_FL-04,-1,deer,,5,test
https://storage.googleapis.com/public-datasets-lila/nz-trailcams/PS1/deer/43b5277f-e624-4e40-ae43-aff3eba08f22.JPG,Trail Camera Images of New Zealand Animals : PS1/deer/43b5277f-e624-4e40-ae43-aff3eba08f22.JPG,Trail Camera Images of New Zealand Animals : unknown,Trail Camera Images of New Zealand Animals : PS1_CAM7905,-1,deer,05-28-2022 03:50:45,5,train
https://storage.googleapis.com/public-datasets-lila/idaho-camera-traps/public/loc_0116/loc_0116_im_001302.jpg,Idaho Camera Traps : loc_0116_im_001302,Idaho Camera Traps : loc_0116_seq_000135,Idaho Camera Traps : 116,3,deer,08-07-2015 02:24:33,5,train
https://storage.googleapis.com/public-datasets-lila/idaho-camera-traps/public/loc_0124/loc_0124_im_002384.jpg,Idaho Camera Traps : loc_0124_im_002384,Idaho Camera Traps : loc_0124_seq_000237,Idaho Camera Traps : 124,2,deer,11-15-2015 02:20:00,5,test
https://storage.googleapis.com/public-datasets-lila/idaho-camera-traps/public/loc_0103/loc_0103_im_005005.jpg,Idaho Camera Traps : loc_0103_im_005005,Idaho Camera Traps : loc_0103_seq_000766,Idaho Camera Traps : 103,16,deer,11-29-2015 08:07:30,5,train
https://storage.googleapis.com/public-datasets-lila/nacti-unzipped/part2/sub241/FL-27_05_02_2016_FL-27_0056008.JPG,NACTI : FL-27_05_02_2016_FL-27_0056008.JPG,NACTI : unknown,NACTI : archbold_FL-27,-1,deer,,5,train
https://storage.googleapis.com/public-datasets-lila/nacti-unzipped/part1/sub199/FL-16_12_06_2015_FL-16_0098734.jpg,NACTI : FL-16_12_06_2015_FL-16_0098734.jpg,NACTI : unknown,NACTI : archbold_FL-16,-1,deer,,5,train
https://storage.googleapis.com/public-datasets-lila/idaho-camera-traps/public/loc_0250/loc_0250_im_002268.jpg,Idaho Camera Traps : loc_0250_im_002268,Idaho Camera Traps : loc_0250_seq_000226,Idaho Camera Traps : 250,7,deer,01-31-2016 15:53:11,5,train
https://storage.googleapis.com/public-datasets-lila/idaho-camera-traps/public/loc_0035/loc_0035_im_005735.jpg,Idaho Camera Traps : loc_0035_im_005735,Idaho Camera Traps : loc_0035_seq_003282,Idaho Camera Traps : 35,69,deer,01-25-2016 15:44:23,5,train
https://storage.googleapis.com/public-datasets-lila/nz-trailcams/LCC/deer/659df492-7171-4db0-992c-0f391eee22bb.JPG,Trail Camera Images of New Zealand Animals : LCC/deer/659df492-7171-4db0-992c-0f391eee22bb.JPG,Trail Camera Images of New Zealand Animals : unknown,Trail Camera Images of New Zealand Animals : LCC_B87,-1,deer,05-02-2018 23:56:40,5,test
https://storage.googleapis.com/public-datasets-lila/caltech-unzipped/cct_images/593ef484-23d2-11e8-a6a3-ec086b02610b.jpg,Caltech Camera Traps : 593ef484-23d2-11e8-a6a3-ec086b02610b,Caltech Camera Traps : 70177b6b-5567-11e8-8bb9-dca9047ef277,Caltech Camera Traps : 84,3,deer,04-25-2014 03:52:18,5,train
https://storage.googleapis.com/public-datasets-lila/nz-trailcams/PS3/deer/c0c67477-30c0-4993-a7d9-44d5b8872524.JPG,Trail Camera Images of New Zealand Animals : PS3/deer/c0c67477-30c0-4993-a7d9-44d5b8872524.JPG,Trail Camera Images of New Zealand Animals : unknown,Trail Camera Images of New Zealand Animals : PS3_CAM8008,-1,deer,01-17-2023 12:30:35,5,train
https://storage.googleapis.com/public-datasets-lila/nz-trailcams/PS1/deer/9ff172a6-8d2b-44ae-bb60-e8f5236f8326.JPG,Trail Camera Images of New Zealand Animals : PS1/deer/9ff172a6-8d2b-44ae-bb60-e8f5236f8326.JPG,Trail Camera Images of New Zealand Animals : unknown,Trail Camera Images of New Zealand Animals : PS1_CAM7920,-1,deer,11-24-2021 12:29:49,5,train
https://storage.googleapis.com/public-datasets-lila/idaho-camera-traps/public/loc_0158/loc_0158_im_000331.jpg,Idaho Camera Traps : loc_0158_im_000331,Idaho Camera Traps : loc_0158_seq_000139,Idaho Camera Traps : 158,1,deer,09-07-2016 11:57:38,5,train
https://storage.googleapis.com/public-datasets-lila/idaho-camera-traps/public/loc_0140/loc_0140_im_000928.jpg,Idaho Camera Traps : loc_0140_im_000928,Idaho Camera Traps : loc_0140_seq_000161,Idaho Camera Traps : 140,3,deer,07-06-2016 19:58:45,5,train
https://storage.googleapis.com/public-datasets-lila/nacti-unzipped/part1/sub176/FL-12_07_28_2015_FL-12_0006703.jpg,NACTI : FL-12_07_28_2015_FL-12_0006703.jpg,NACTI : unknown,NACTI : archbold_FL-12,-1,deer,,5,train
https://storage.googleapis.com/public-datasets-lila/idaho-camera-traps/public/loc_0250/loc_0250_im_000841.jpg,Idaho Camera Traps : loc_0250_im_000841,Idaho Camera Traps : loc_0250_seq_000086,Idaho Camera Traps : 250,2,deer,01-04-2016 15:05:06,5,train
https://storage.googleapis.com/public-datasets-lila/nz-trailcams/PS2/deer/fb109e40-0de6-441e-b6d9-504c96fc6764.JPG,Trail Camera Images of New Zealand Animals : PS2/deer/fb109e40-0de6-441e-b6d9-504c96fc6764.JPG,Trail Camera Images of New Zealand Animals : unknown,Trail Camera Images of New Zealand Animals : PS2_CAM7501,-1,deer,12-20-2022 06:36:39,5,train
https://storage.googleapis.com/public-datasets-lila/idaho-camera-traps/public/loc_0089/loc_0089_im_001729.jpg,Idaho Camera Traps : loc_0089_im_001729,Idaho Camera Traps : loc_0089_seq_000220,Idaho Camera Traps : 89,7,deer,08-29-2015 23:46:09,5,train
https://storage.googleapis.com/public-datasets-lila/nacti-unzipped/part2/sub275/FL-35_11_03_2015_FL-35_0003056.jpg,NACTI : FL-35_11_03_2015_FL-35_0003056.jpg,NACTI : unknown,NACTI : archbold_FL-35,-1,deer,,5,train
https://storage.googleapis.com/public-datasets-lila/nacti-unzipped/part0/sub042/CA-09_03_17_2016_CA-09_0006628.JPG,NACTI : CA-09_03_17_2016_CA-09_0006628.JPG,NACTI : unknown,NACTI : lebec_CA-09,-1,deer,,5,test
https://storage.googleapis.com/public-datasets-lila/idaho-camera-traps/public/loc_0257/loc_0257_im_000458.jpg,Idaho Camera Traps : loc_0257_im_000458,Idaho Camera Traps : loc_0257_seq_000043,Idaho Camera Traps : 257,27,deer,12-24-2015 01:40:22,5,train
https://storage.googleapis.com/public-datasets-lila/idaho-camera-traps/public/loc_0182/loc_0182_im_000532.jpg,Idaho Camera Traps : loc_0182_im_000532,Idaho Camera Traps : loc_0182_seq_000129,Idaho Camera Traps : 182,4,deer,08-02-2016 06:23:33,5,train
https://storage.googleapis.com/public-datasets-lila/nacti-unzipped/part2/sub216/FL-20_09_03_2015_FL-20_0021826.jpg,NACTI : FL-20_09_03_2015_FL-20_0021826.jpg,NACTI : unknown,NACTI : archbold_FL-20,-1,deer,,5,train
https://storage.googleapis.com/public-datasets-lila/idaho-camera-traps/public/loc_0098/loc_0098_im_003637.jpg,Idaho Camera Traps : loc_0098_im_003637,Idaho Camera Traps : loc_0098_seq_000398,Idaho Camera Traps : 98,7,deer,10-12-2015 19:39:59,5,train
https://storage.googleapis.com/public-datasets-lila/nz-trailcams/PS3/deer/c8b4fba0-9b2c-4a69-a5ca-126acf2edb77.JPG,Trail Camera Images of New Zealand Animals : PS3/deer/c8b4fba0-9b2c-4a69-a5ca-126acf2edb77.JPG,Trail Camera Images of New Zealand Animals : unknown,Trail Camera Images of New Zealand Animals : PS3_CAM7705,-1,deer,01-19-2023 11:45:21,5,test
https://storage.googleapis.com/public-datasets-lila/idaho-camera-traps/public/loc_0176/loc_0176_im_000285.jpg,Idaho Camera Traps : loc_0176_im_000285,Idaho Camera Traps : loc_0176_seq_000080,Idaho Camera Traps : 176,4,deer,07-08-2016 19:54:15,5,train
https://storage.googleapis.com/public-datasets-lila/idaho-camera-traps/public/loc_0089/loc_0089_im_003662.jpg,Idaho Camera Traps : loc_0089_im_003662,Idaho Camera Traps : loc_0089_seq_000506,Idaho Camera Traps : 89,13,deer,03-15-2016 12:22:34,5,train
https://storage.googleapis.com/public-datasets-lila/nacti-unzipped/part2/sub254/FL-29_06_03_2016_FL-29_0063786.JPG,NACTI : FL-29_06_03_2016_FL-29_0063786.JPG,NACTI : unknown,NACTI : archbold_FL-29,-1,deer,,5,train
https://storage.googleapis.com/public-datasets-lila/nacti-unzipped/part1/sub177/FL-12_09_02_2015_FL-12_0012117.jpg,NACTI : FL-12_09_02_2015_FL-12_0012117.jpg,NACTI : unknown,NACTI : archbold_FL-12,-1,deer,,5,train
https://storage.googleapis.com/public-datasets-lila/idaho-camera-traps/public/loc_0233/loc_0233_im_000119.jpg,Idaho Camera Traps : loc_0233_im_000119,Idaho Camera Traps : loc_0233_seq_000026,Idaho Camera Traps : 233,14,deer,01-02-2016 12:54:21,5,train
https://storage.googleapis.com/public-datasets-lila/nacti-unzipped/part2/sub237/FL-25_01_21_2016_FL-25_0019512.jpg,NACTI : FL-25_01_21_2016_FL-25_0019512.jpg,NACTI : unknown,NACTI : archbold_FL-25,-1,deer,,5,train
https://storage.googleapis.com/public-datasets-lila/nacti-unzipped/part1/sub175/FL-12_06_29_2015_FL-12_0001684.jpg,NACTI : FL-12_06_29_2015_FL-12_0001684.jpg,NACTI : unknown,NACTI : archbold_FL-12,-1,deer,,5,train
https://storage.googleapis.com/public-datasets-lila/nacti-unzipped/part1/sub162/FL-08_09_03_2015_FL-08_0010110.jpg,NACTI : FL-08_09_03_2015_FL-08_0010110.jpg,NACTI : unknown,NACTI : archbold_FL-08,-1,deer,,5,train
https://storage.googleapis.com/public-datasets-lila/idaho-camera-traps/public/loc_0014/loc_0014_im_008061.jpg,Idaho Camera Traps : loc_0014_im_008061,Idaho Camera Traps : loc_0014_seq_007650,Idaho Camera Traps : 14,5,deer,02-26-2016 12:33:49,5,train
https://storage.googleapis.com/public-datasets-lila/idaho-camera-traps/public/loc_0170/loc_0170_im_000219.jpg,Idaho Camera Traps : loc_0170_im_000219,Idaho Camera Traps : loc_0170_seq_000039,Idaho Camera Traps : 170,5,deer,06-03-2016 07:44:42,5,train
https://storage.googleapis.com/public-datasets-lila/nz-trailcams/PS3/deer/4afe42f1-2fd5-429b-b460-4d3bccc7bdcc.JPG,Trail Camera Images of New Zealand Animals : PS3/deer/4afe42f1-2fd5-429b-b460-4d3bccc7bdcc.JPG,Trail Camera Images of New Zealand Animals : unknown,Trail Camera Images of New Zealand Animals : PS3_CAMGC43,-1,deer,02-27-2023 05:43:22,5,train
https://storage.googleapis.com/public-datasets-lila/nz-trailcams/LCC/deer/936c7a02-e753-4ddb-8553-286ab4c7a8c3.JPG,Trail Camera Images of New Zealand Animals : LCC/deer/936c7a02-e753-4ddb-8553-286ab4c7a8c3.JPG,Trail Camera Images of New Zealand Animals : unknown,Trail Camera Images of New Zealand Animals : LCC_R12,-1,deer,04-18-2018 16:07:45,5,test
https://storage.googleapis.com/public-datasets-lila/idaho-camera-traps/public/loc_0143/loc_0143_im_000312.jpg,Idaho Camera Traps : loc_0143_im_000312,Idaho Camera Traps : loc_0143_seq_000069,Idaho Camera Traps : 143,2,deer,06-23-2016 20:53:28,5,train
https://storage.googleapis.com/public-datasets-lila/nacti-unzipped/part2/sub235/FL-24_06_30_2015_FL-24_0020710.jpg,NACTI : FL-24_06_30_2015_FL-24_0020710.jpg,NACTI : unknown,NACTI : archbold_FL-24,-1,deer,,5,train
https://storage.googleapis.com/public-datasets-lila/idaho-camera-traps/public/loc_0185/loc_0185_im_000533.jpg,Idaho Camera Traps : loc_0185_im_000533,Idaho Camera Traps : loc_0185_seq_000095,Idaho Camera Traps : 185,0,deer,06-17-2016 06:54:43,5,train
https://storage.googleapis.com/public-datasets-lila/nz-trailcams/PS3/deer/6cb9668b-2411-4962-8313-e95be56d136b.JPG,Trail Camera Images of New Zealand Animals : PS3/deer/6cb9668b-2411-4962-8313-e95be56d136b.JPG,Trail Camera Images of New Zealand Animals : unknown,Trail Camera Images of New Zealand Animals : PS3_CAM6614,-1,deer,05-01-2021 17:49:16,5,train
https://storage.googleapis.com/public-datasets-lila/idaho-camera-traps/public/loc_0044/loc_0044_im_007117.jpg,Idaho Camera Traps : loc_0044_im_007117,Idaho Camera Traps : loc_0044_seq_005373,Idaho Camera Traps : 44,1,deer,02-09-2016 11:21:02,5,val
https://storage.googleapis.com/public-datasets-lila/nacti-unzipped/part1/sub170/FL-11_01_20_2016_FL-11_0016212.jpg,NACTI : FL-11_01_20_2016_FL-11_0016212.jpg,NACTI : unknown,NACTI : archbold_FL-11,-1,deer,,5,train
https://storage.googleapis.com/public-datasets-lila/idaho-camera-traps/public/loc_0031/loc_0031_im_009042.jpg,Idaho Camera Traps : loc_0031_im_009042,Idaho Camera Traps : loc_0031_seq_007505,Idaho Camera Traps : 31,2,deer,02-24-2016 01:43:26,5,test
https://storage.googleapis.com/public-datasets-lila/nacti-unzipped/part2/sub232/FL-23_12_08_2015_FL-23_0017838.jpg,NACTI : FL-23_12_08_2015_FL-23_0017838.jpg,NACTI : unknown,NACTI : archbold_FL-23,-1,deer,,5,train
https://storage.googleapis.com/public-datasets-lila/nacti-unzipped/part2/sub267/FL-32_06_03_2016_FL-32_0013499.JPG,NACTI : FL-32_06_03_2016_FL-32_0013499.JPG,NACTI : unknown,NACTI : archbold_FL-32,-1,deer,,5,train
https://storage.googleapis.com/public-datasets-lila/idaho-camera-traps/public/loc_0129/loc_0129_im_001626.jpg,Idaho Camera Traps : loc_0129_im_001626,Idaho Camera Traps : loc_0129_seq_000199,Idaho Camera Traps : 129,10,deer,07-03-2016 20:55:12,5,train
https://storage.googleapis.com/public-datasets-lila/nz-trailcams/PS1/deer/5a289388-ad24-4be8-b16a-2f39db40922d.JPG,Trail Camera Images of New Zealand Animals : PS1/deer/5a289388-ad24-4be8-b16a-2f39db40922d.JPG,Trail Camera Images of New Zealand Animals : unknown,Trail Camera Images of New Zealand Animals : PS1_CAMGC43,-1,deer,04-26-2022 23:14:23,5,train
https://storage.googleapis.com/public-datasets-lila/idaho-camera-traps/public/loc_0141/loc_0141_im_000028.jpg,Idaho Camera Traps : loc_0141_im_000028,Idaho Camera Traps : loc_0141_seq_000005,Idaho Camera Traps : 141,7,deer,05-26-2016 11:00:04,5,train
https://storage.googleapis.com/public-datasets-lila/idaho-camera-traps/public/loc_0053/loc_0053_im_002894.jpg,Idaho Camera Traps : loc_0053_im_002894,Idaho Camera Traps : loc_0053_seq_002822,Idaho Camera Traps : 53,9,deer,01-24-2016 23:44:50,5,train
https://storage.googleapis.com/public-datasets-lila/nz-trailcams/LCC/deer/1e4f0f2e-0c8a-4edc-b980-9f460a13c763.JPG,Trail Camera Images of New Zealand Animals : LCC/deer/1e4f0f2e-0c8a-4edc-b980-9f460a13c763.JPG,Trail Camera Images of New Zealand Animals : unknown,Trail Camera Images of New Zealand Animals : LCC_R25,-1,deer,04-22-2018 04:15:16,5,train
https://storage.googleapis.com/public-datasets-lila/idaho-camera-traps/public/loc_0126/loc_0126_im_003140.jpg,Idaho Camera Traps : loc_0126_im_003140,Idaho Camera Traps : loc_0126_seq_000316,Idaho Camera Traps : 126,3,deer,07-25-2016 21:29:04,5,train
https://storage.googleapis.com/public-datasets-lila/nz-trailcams/LCC/deer/a83a696a-66f8-4b54-974a-4794c4fbdc85.JPG,Trail Camera Images of New Zealand Animals : LCC/deer/a83a696a-66f8-4b54-974a-4794c4fbdc85.JPG,Trail Camera Images of New Zealand Animals : unknown,Trail Camera Images of New Zealand Animals : LCC_B10,-1,deer,05-04-2018 08:41:53,5,train
https://storage.googleapis.com/public-datasets-lila/nacti-unzipped/part1/sub177/FL-12_09_30_2015_FL-12_0015698.jpg,NACTI : FL-12_09_30_2015_FL-12_0015698.jpg,NACTI : unknown,NACTI : archbold_FL-12,-1,deer,,5,train
https://storage.googleapis.com/public-datasets-lila/nz-trailcams/PS3/deer/f5d15dfc-ced7-4fa0-9549-6e00b3f39a7b.JPG,Trail Camera Images of New Zealand Animals : PS3/deer/f5d15dfc-ced7-4fa0-9549-6e00b3f39a7b.JPG,Trail Camera Images of New Zealand Animals : unknown,Trail Camera Images of New Zealand Animals : PS3_CAM8008,-1,deer,03-17-2023 22:08:07,5,train
https://storage.googleapis.com/public-datasets-lila/idaho-camera-traps/public/loc_0175/loc_0175_im_001324.jpg,Idaho Camera Traps : loc_0175_im_001324,Idaho Camera Traps : loc_0175_seq_000287,Idaho Camera Traps : 175,8,deer,08-28-2016 18:04:47,5,train
https://storage.googleapis.com/public-datasets-lila/idaho-camera-traps/public/loc_0126/loc_0126_im_002675.jpg,Idaho Camera Traps : loc_0126_im_002675,Idaho Camera Traps : loc_0126_seq_000256,Idaho Camera Traps : 126,8,deer,07-17-2016 06:47:09,5,train
https://storage.googleapis.com/public-datasets-lila/idaho-camera-traps/public/loc_0097/loc_0097_im_002043.jpg,Idaho Camera Traps : loc_0097_im_002043,Idaho Camera Traps : loc_0097_seq_000251,Idaho Camera Traps : 97,18,deer,04-05-2016 11:35:36,5,train
https://storage.googleapis.com/public-datasets-lila/idaho-camera-traps/public/loc_0146/loc_0146_im_000290.jpg,Idaho Camera Traps : loc_0146_im_000290,Idaho Camera Traps : loc_0146_seq_000078,Idaho Camera Traps : 146,1,deer,07-07-2016 02:13:34,5,train
https://storage.googleapis.com/public-datasets-lila/nacti-unzipped/part2/sub284/FL-40_04_05_2016_FL-40_0014748.JPG,NACTI : FL-40_04_05_2016_FL-40_0014748.JPG,NACTI : unknown,NACTI : archbold_FL-40,-1,deer,,5,val
https://storage.googleapis.com/public-datasets-lila/nacti-unzipped/part1/sub162/FL-09_01_21_2016_FL-09_0040170.jpg,NACTI : FL-09_01_21_2016_FL-09_0040170.jpg,NACTI : unknown,NACTI : archbold_FL-09,-1,deer,,5,train
https://storage.googleapis.com/public-datasets-lila/idaho-camera-traps/public/loc_0269/loc_0269_im_004623.jpg,Idaho Camera Traps : loc_0269_im_004623,Idaho Camera Traps : loc_0269_seq_000412,Idaho Camera Traps : 269,14,deer,01-26-2016 16:32:20,5,train
https://storage.googleapis.com/public-datasets-lila/idaho-camera-traps/public/loc_0150/loc_0150_im_000069.jpg,Idaho Camera Traps : loc_0150_im_000069,Idaho Camera Traps : loc_0150_seq_000003,Idaho Camera Traps : 150,11,deer,05-24-2016 10:15:30,5,val
https://storage.googleapis.com/public-datasets-lila/idaho-camera-traps/public/loc_0091/loc_0091_im_000065.jpg,Idaho Camera Traps : loc_0091_im_000065,Idaho Camera Traps : loc_0091_seq_000008,Idaho Camera Traps : 91,14,deer,06-04-2015 06:01:56,5,train
https://storage.googleapis.com/public-datasets-lila/idaho-camera-traps/public/loc_0170/loc_0170_im_000741.jpg,Idaho Camera Traps : loc_0170_im_000741,Idaho Camera Traps : loc_0170_seq_000118,Idaho Camera Traps : 170,9,deer,06-17-2016 08:59:39,5,train
https://storage.googleapis.com/public-datasets-lila/nz-trailcams/WLG/deer/230316150104024as073.jpg,Trail Camera Images of New Zealand Animals : WLG/deer/230316150104024as073.jpg,Trail Camera Images of New Zealand Animals : unknown,Trail Camera Images of New Zealand Animals : WLG_S07,-1,deer,03-23-2016 15:01:03,5,train
https://storage.googleapis.com/public-datasets-lila/nz-trailcams/Z20/deer/2016cf67-7a37-4300-b650-303f1d59ce64.JPG,Trail Camera Images of New Zealand Animals : Z20/deer/2016cf67-7a37-4300-b650-303f1d59ce64.JPG,Trail Camera Images of New Zealand Animals : unknown,Trail Camera Images of New Zealand Animals : Z20_LG173,-1,deer,02-16-2022 15:47:07,5,train
https://storage.googleapis.com/public-datasets-lila/nacti-unzipped/part1/sub177/FL-12_09_01_2016_FL-12_0074256.JPG,NACTI : FL-12_09_01_2016_FL-12_0074256.JPG,NACTI : unknown,NACTI : archbold_FL-12,-1,deer,,5,train
https://storage.googleapis.com/public-datasets-lila/idaho-camera-traps/public/loc_0075/loc_0075_im_007297.jpg,Idaho Camera Traps : loc_0075_im_007297,Idaho Camera Traps : loc_0075_seq_006903,Idaho Camera Traps : 75,3,deer,02-24-2016 08:13:31,5,train
https://storage.googleapis.com/public-datasets-lila/idaho-camera-traps/public/loc_0018/loc_0018_im_003602.jpg,Idaho Camera Traps : loc_0018_im_003602,Idaho Camera Traps : loc_0018_seq_002847,Idaho Camera Traps : 18,1,deer,01-23-2016 06:25:44,5,val
https://storage.googleapis.com/public-datasets-lila/idaho-camera-traps/public/loc_0064/loc_0064_im_002517.jpg,Idaho Camera Traps : loc_0064_im_002517,Idaho Camera Traps : loc_0064_seq_002110,Idaho Camera Traps : 64,58,deer,01-21-2016 15:56:38,5,train
https://storage.googleapis.com/public-datasets-lila/nacti-unzipped/part1/sub162/FL-08_10_01_2015_FL-08_0011041.jpg,NACTI : FL-08_10_01_2015_FL-08_0011041.jpg,NACTI : unknown,NACTI : archbold_FL-08,-1,deer,,5,train
https://storage.googleapis.com/public-datasets-lila/idaho-camera-traps/public/loc_0092/loc_0092_im_000745.jpg,Idaho Camera Traps : loc_0092_im_000745,Idaho Camera Traps : loc_0092_seq_000116,Idaho Camera Traps : 92,4,deer,08-02-2015 22:12:07,5,train
https://storage.googleapis.com/public-datasets-lila/idaho-camera-traps/public/loc_0201/loc_0201_im_001820.jpg,Idaho Camera Traps : loc_0201_im_001820,Idaho Camera Traps : loc_0201_seq_000255,Idaho Camera Traps : 201,13,deer,04-28-2016 09:15:00,5,val
https://storage.googleapis.com/public-datasets-lila/idaho-camera-traps/public/loc_0089/loc_0089_im_000953.jpg,Idaho Camera Traps : loc_0089_im_000953,Idaho Camera Traps : loc_0089_seq_000122,Idaho Camera Traps : 89,2,deer,07-13-2015 10:02:20,5,train
https://storage.googleapis.com/public-datasets-lila/idaho-camera-traps/public/loc_0015/loc_0015_im_014210.jpg,Idaho Camera Traps : loc_0015_im_014210,Idaho Camera Traps : loc_0015_seq_012175,Idaho Camera Traps : 15,6,deer,03-27-2016 09:31:07,5,train
https://storage.googleapis.com/public-datasets-lila/nacti-unzipped/part2/sub219/FL-22_01_21_2016_FL-22_0079368.jpg,NACTI : FL-22_01_21_2016_FL-22_0079368.jpg,NACTI : unknown,NACTI : archbold_FL-22,-1,deer,,5,train
https://storage.googleapis.com/public-datasets-lila/idaho-camera-traps/public/loc_0248/loc_0248_im_000049.jpg,Idaho Camera Traps : loc_0248_im_000049,Idaho Camera Traps : loc_0248_seq_000014,Idaho Camera Traps : 248,5,deer,12-15-2015 12:58:14,5,train
https://storage.googleapis.com/public-datasets-lila/nacti-unzipped/part1/sub185/FL-14_01_21_2016_FL-14_0014854.jpg,NACTI : FL-14_01_21_2016_FL-14_0014854.jpg,NACTI : unknown,NACTI : archbold_FL-14,-1,deer,,5,train
https://storage.googleapis.com/public-datasets-lila/nz-trailcams/PS3/deer/67da5ce5-7261-4514-a73e-44377a4de949.JPG,Trail Camera Images of New Zealand Animals : PS3/deer/67da5ce5-7261-4514-a73e-44377a4de949.JPG,Trail Camera Images of New Zealand Animals : unknown,Trail Camera Images of New Zealand Animals : PS3_CAMGC43,-1,deer,03-24-2023 03:06:55,5,train
https://storage.googleapis.com/public-datasets-lila/nacti-unzipped/part2/sub267/FL-31_12_06_2015_FL-31_0030194.jpg,NACTI : FL-31_12_06_2015_FL-31_0030194.jpg,NACTI : unknown,NACTI : archbold_FL-31,-1,deer,,5,train
https://storage.googleapis.com/public-datasets-lila/nz-trailcams/PS3/deer/e89a41ce-59dc-4723-ab12-80e19e5bf963.JPG,Trail Camera Images of New Zealand Animals : PS3/deer/e89a41ce-59dc-4723-ab12-80e19e5bf963.JPG,Trail Camera Images of New Zealand Animals : unknown,Trail Camera Images of New Zealand Animals : PS3_CAM6207,-1,deer,03-25-2023 10:29:33,5,train
https://storage.googleapis.com/public-datasets-lila/idaho-camera-traps/public/loc_0239/loc_0239_im_000633.jpg,Idaho Camera Traps : loc_0239_im_000633,Idaho Camera Traps : loc_0239_seq_000092,Idaho Camera Traps : 239,3,deer,01-31-2016 15:48:48,5,test
https://storage.googleapis.com/public-datasets-lila/idaho-camera-traps/public/loc_0130/loc_0130_im_011237.jpg,Idaho Camera Traps : loc_0130_im_011237,Idaho Camera Traps : loc_0130_seq_000989,Idaho Camera Traps : 130,8,deer,09-22-2016 14:10:11,5,train
https://storage.googleapis.com/public-datasets-lila/nacti-unzipped/part0/sub058/CA-18_09_18_2015_CA-18_0019549.jpg,NACTI : CA-18_09_18_2015_CA-18_0019549.jpg,NACTI : unknown,NACTI : lebec_CA-18,-1,deer,,5,train
https://storage.googleapis.com/public-datasets-lila/nz-trailcams/PS2/deer/8b2e9780-bcac-47e7-88ee-e1e93c6c21e1.JPG,Trail Camera Images of New Zealand Animals : PS2/deer/8b2e9780-bcac-47e7-88ee-e1e93c6c21e1.JPG,Trail Camera Images of New Zealand Animals : unknown,Trail Camera Images of New Zealand Animals : PS2_CAM6604,-1,deer,01-02-2023 09:19:19,5,train
https://storage.googleapis.com/public-datasets-lila/idaho-camera-traps/public/loc_0003/loc_0003_im_006215.jpg,Idaho Camera Traps : loc_0003_im_006215,Idaho Camera Traps : loc_0003_seq_004375,Idaho Camera Traps : 3,58,deer,02-06-2016 11:37:24,5,val
https://storage.googleapis.com/public-datasets-lila/nz-trailcams/PS3/deer/f1c22e46-42a3-48ca-af60-551129a9351c.JPG,Trail Camera Images of New Zealand Animals : PS3/deer/f1c22e46-42a3-48ca-af60-551129a9351c.JPG,Trail Camera Images of New Zealand Animals : unknown,Trail Camera Images of New Zealand Animals : PS3_CAM6718,-1,deer,04-27-2023 09:36:41,5,train
https://storage.googleapis.com/public-datasets-lila/idaho-camera-traps/public/loc_0081/loc_0081_im_000623.jpg,Idaho Camera Traps : loc_0081_im_000623,Idaho Camera Traps : loc_0081_seq_000067,Idaho Camera Traps : 81,3,deer,06-12-2015 19:32:14,5,train
https://storage.googleapis.com/public-datasets-lila/idaho-camera-traps/public/loc_0102/loc_0102_im_000077.jpg,Idaho Camera Traps : loc_0102_im_000077,Idaho Camera Traps : loc_0102_seq_000003,Idaho Camera Traps : 102,11,deer,05-11-2015 07:09:41,5,train
https://storage.googleapis.com/public-datasets-lila/idaho-camera-traps/public/loc_0153/loc_0153_im_001499.jpg,Idaho Camera Traps : loc_0153_im_001499,Idaho Camera Traps : loc_0153_seq_000340,Idaho Camera Traps : 153,8,deer,10-06-2016 05:59:49,5,train
https://storage.googleapis.com/public-datasets-lila/idaho-camera-traps/public/loc_0120/loc_0120_im_003240.jpg,Idaho Camera Traps : loc_0120_im_003240,Idaho Camera Traps : loc_0120_seq_000378,Idaho Camera Traps : 120,1,deer,01-28-2016 18:06:57,5,train
https://storage.googleapis.com/public-datasets-lila/idaho-camera-traps/public/loc_0078/loc_0078_im_000316.jpg,Idaho Camera Traps : loc_0078_im_000316,Idaho Camera Traps : loc_0078_seq_000069,Idaho Camera Traps : 78,13,deer,08-05-2015 06:18:32,5,train
https://storage.googleapis.com/public-datasets-lila/idaho-camera-traps/public/loc_0225/loc_0225_im_001484.jpg,Idaho Camera Traps : loc_0225_im_001484,Idaho Camera Traps : loc_0225_seq_000198,Idaho Camera Traps : 225,11,deer,01-04-2016 20:18:25,5,train
https://storage.googleapis.com/public-datasets-lila/nz-trailcams/PS2/deer/09c8ea24-ed31-4f1a-a82e-f98edf67f22c.JPG,Trail Camera Images of New Zealand Animals : PS2/deer/09c8ea24-ed31-4f1a-a82e-f98edf67f22c.JPG,Trail Camera Images of New Zealand Animals : unknown,Trail Camera Images of New Zealand Animals : PS2_CAMFC01,-1,deer,12-20-2022 21:06:05,5,train
https://storage.googleapis.com/public-datasets-lila/idaho-camera-traps/public/loc_0115/loc_0115_im_001130.jpg,Idaho Camera Traps : loc_0115_im_001130,Idaho Camera Traps : loc_0115_seq_000166,Idaho Camera Traps : 115,20,deer,03-29-2016 12:57:47,5,train
https://storage.googleapis.com/public-datasets-lila/idaho-camera-traps/public/loc_0272/loc_0272_im_000591.jpg,Idaho Camera Traps : loc_0272_im_000591,Idaho Camera Traps : loc_0272_seq_000085,Idaho Camera Traps : 272,4,deer,01-22-2016 13:20:03,5,test
https://storage.googleapis.com/public-datasets-lila/nz-trailcams/PS1/deer/40b2d525-e86e-4320-b085-d34007b89659.JPG,Trail Camera Images of New Zealand Animals : PS1/deer/40b2d525-e86e-4320-b085-d34007b89659.JPG,Trail Camera Images of New Zealand Animals : unknown,Trail Camera Images of New Zealand Animals : PS1_CAMGC43,-1,deer,02-23-2022 22:53:29,5,train
https://storage.googleapis.com/public-datasets-lila/idaho-camera-traps/public/loc_0169/loc_0169_im_000643.jpg,Idaho Camera Traps : loc_0169_im_000643,Idaho Camera Traps : loc_0169_seq_000113,Idaho Camera Traps : 169,1,deer,06-26-2016 21:35:12,5,test
https://storage.googleapis.com/public-datasets-lila/idaho-camera-traps/public/loc_0114/loc_0114_im_002514.jpg,Idaho Camera Traps : loc_0114_im_002514,Idaho Camera Traps : loc_0114_seq_000309,Idaho Camera Traps : 114,6,deer,05-17-2016 06:18:17,5,test
https://storage.googleapis.com/public-datasets-lila/nacti-unzipped/part1/sub177/FL-12_09_30_2015_FL-12_0016344.jpg,NACTI : FL-12_09_30_2015_FL-12_0016344.jpg,NACTI : unknown,NACTI : archbold_FL-12,-1,deer,,5,train
https://storage.googleapis.com/public-datasets-lila/nz-trailcams/MIS/deer/bd9d2b60-eab4-43c3-8b8c-b0dac344543d.JPG,Trail Camera Images of New Zealand Animals : MIS/deer/bd9d2b60-eab4-43c3-8b8c-b0dac344543d.JPG,Trail Camera Images of New Zealand Animals : unknown,Trail Camera Images of New Zealand Animals : MIS_HV0523,-1,deer,,5,train
https://storage.googleapis.com/public-datasets-lila/idaho-camera-traps/public/loc_0100/loc_0100_im_007894.jpg,Idaho Camera Traps : loc_0100_im_007894,Idaho Camera Traps : loc_0100_seq_000763,Idaho Camera Traps : 100,1,deer,05-23-2016 19:29:54,5,train
https://storage.googleapis.com/public-datasets-lila/idaho-camera-traps/public/loc_0141/loc_0141_im_000490.jpg,Idaho Camera Traps : loc_0141_im_000490,Idaho Camera Traps : loc_0141_seq_000097,Idaho Camera Traps : 141,4,deer,07-10-2016 05:52:15,5,train
https://storage.googleapis.com/public-datasets-lila/idaho-camera-traps/public/loc_0202/loc_0202_im_000342.jpg,Idaho Camera Traps : loc_0202_im_000342,Idaho Camera Traps : loc_0202_seq_000100,Idaho Camera Traps : 202,2,deer,03-03-2016 22:51:36,5,train
https://storage.googleapis.com/public-datasets-lila/nacti-unzipped/part2/sub241/FL-27_04_05_2016_FL-27_0051123.JPG,NACTI : FL-27_04_05_2016_FL-27_0051123.JPG,NACTI : unknown,NACTI : archbold_FL-27,-1,deer,,5,train
https://storage.googleapis.com/public-datasets-lila/nz-trailcams/MIS/deer/8c432051-69f7-4807-b2c0-566a2c481eaf.JPG,Trail Camera Images of New Zealand Animals : MIS/deer/8c432051-69f7-4807-b2c0-566a2c481eaf.JPG,Trail Camera Images of New Zealand Animals : unknown,Trail Camera Images of New Zealand Animals : MIS_HV0701,-1,deer,,5,val
https://storage.googleapis.com/public-datasets-lila/nacti-unzipped/part1/sub177/FL-12_09_02_2015_FL-12_0012780.jpg,NACTI : FL-12_09_02_2015_FL-12_0012780.jpg,NACTI : unknown,NACTI : archbold_FL-12,-1,deer,,5,train
https://storage.googleapis.com/public-datasets-lila/idaho-camera-traps/public/loc_0261/loc_0261_im_005882.jpg,Idaho Camera Traps : loc_0261_im_005882,Idaho Camera Traps : loc_0261_seq_000481,Idaho Camera Traps : 261,8,deer,04-08-2016 05:30:22,5,train
https://storage.googleapis.com/public-datasets-lila/nz-trailcams/PS1/deer/bb99a023-b737-42f7-a51f-8073047a79fc.JPG,Trail Camera Images of New Zealand Animals : PS1/deer/bb99a023-b737-42f7-a51f-8073047a79fc.JPG,Trail Camera Images of New Zealand Animals : unknown,Trail Camera Images of New Zealand Animals : PS1_CAM7821,-1,deer,12-06-2021 09:07:18,5,test
https://storage.googleapis.com/public-datasets-lila/nacti-unzipped/part2/sub284/FL-40_03_07_2016_FL-40_0008853.JPG,NACTI : FL-40_03_07_2016_FL-40_0008853.JPG,NACTI : unknown,NACTI : archbold_FL-40,-1,deer,,5,val
https://storage.googleapis.com/public-datasets-lila/idaho-camera-traps/public/loc_0166/loc_0166_im_000926.jpg,Idaho Camera Traps : loc_0166_im_000926,Idaho Camera Traps : loc_0166_seq_000157,Idaho Camera Traps : 166,4,deer,06-22-2016 20:59:03,5,train
https://storage.googleapis.com/public-datasets-lila/idaho-camera-traps/public/loc_0046/loc_0046_im_001431.jpg,Idaho Camera Traps : loc_0046_im_001431,Idaho Camera Traps : loc_0046_seq_001111,Idaho Camera Traps : 46,14,deer,01-10-2016 21:39:02,5,val
https://storage.googleapis.com/public-datasets-lila/idaho-camera-traps/public/loc_0026/loc_0026_im_002018.jpg,Idaho Camera Traps : loc_0026_im_002018,Idaho Camera Traps : loc_0026_seq_001774,Idaho Camera Traps : 26,2,deer,01-16-2016 03:09:42,5,train
https://storage.googleapis.com/public-datasets-lila/idaho-camera-traps/public/loc_0129/loc_0129_im_000447.jpg,Idaho Camera Traps : loc_0129_im_000447,Idaho Camera Traps : loc_0129_seq_000045,Idaho Camera Traps : 129,7,deer,05-28-2016 21:56:18,5,train
https://storage.googleapis.com/public-datasets-lila/nacti-unzipped/part1/sub169/FL-09_12_06_2015_FL-09_0038870.jpg,NACTI : FL-09_12_06_2015_FL-09_0038870.jpg,NACTI : unknown,NACTI : archbold_FL-09,-1,deer,,5,train
https://storage.googleapis.com/public-datasets-lila/nacti-unzipped/part1/sub178/FL-12_12_08_2015_FL-12_0020941.jpg,NACTI : FL-12_12_08_2015_FL-12_0020941.jpg,NACTI : unknown,NACTI : archbold_FL-12,-1,deer,,5,train
https://storage.googleapis.com/public-datasets-lila/idaho-camera-traps/public/loc_0103/loc_0103_im_004511.jpg,Idaho Camera Traps : loc_0103_im_004511,Idaho Camera Traps : loc_0103_seq_000666,Idaho Camera Traps : 103,5,deer,05-23-2016 20:06:18,5,train
https://storage.googleapis.com/public-datasets-lila/nacti-unzipped/part0/sub065/CA-24_01_21_2016_CA-24_0013604.jpg,NACTI : CA-24_01_21_2016_CA-24_0013604.jpg,NACTI : unknown,NACTI : lebec_CA-24,-1,deer,,5,train
https://storage.googleapis.com/public-datasets-lila/idaho-camera-traps/public/loc_0080/loc_0080_im_000966.jpg,Idaho Camera Traps : loc_0080_im_000966,Idaho Camera Traps : loc_0080_seq_000108,Idaho Camera Traps : 80,0,deer,07-23-2015 23:32:27,5,train
https://storage.googleapis.com/public-datasets-lila/caltech-unzipped/cct_images/598c5df8-23d2-11e8-a6a3-ec086b02610b.jpg,Caltech Camera Traps : 598c5df8-23d2-11e8-a6a3-ec086b02610b,Caltech Camera Traps : 70122c00-5567-11e8-ae5a-dca9047ef277,Caltech Camera Traps : 27,2,deer,05-25-2014 03:56:13,5,train
https://storage.googleapis.com/public-datasets-lila/nz-trailcams/PS3/deer/2d5b0808-1cf2-4b90-a0ab-687a6d439a87.JPG,Trail Camera Images of New Zealand Animals : PS3/deer/2d5b0808-1cf2-4b90-a0ab-687a6d439a87.JPG,Trail Camera Images of New Zealand Animals : unknown,Trail Camera Images of New Zealand Animals : PS3_CAMGC43,-1,deer,02-26-2023 21:50:04,5,train
https://storage.googleapis.com/public-datasets-lila/idaho-camera-traps/public/loc_0126/loc_0126_im_001028.jpg,Idaho Camera Traps : loc_0126_im_001028,Idaho Camera Traps : loc_0126_seq_000095,Idaho Camera Traps : 126,16,deer,06-30-2016 04:33:56,5,train
https://storage.googleapis.com/public-datasets-lila/nz-trailcams/PS1/deer/cbac062e-e0c7-4cc4-b76a-7b7160c6a4c6.JPG,Trail Camera Images of New Zealand Animals : PS1/deer/cbac062e-e0c7-4cc4-b76a-7b7160c6a4c6.JPG,Trail Camera Images of New Zealand Animals : unknown,Trail Camera Images of New Zealand Animals : PS1_CAMFC23,-1,deer,06-20-2022 02:56:34,5,train
https://storage.googleapis.com/public-datasets-lila/idaho-camera-traps/public/loc_0234/loc_0234_im_001418.jpg,Idaho Camera Traps : loc_0234_im_001418,Idaho Camera Traps : loc_0234_seq_000180,Idaho Camera Traps : 234,9,deer,03-01-2016 16:48:40,5,train
https://storage.googleapis.com/public-datasets-lila/idaho-camera-traps/public/loc_0020/loc_0020_im_003198.jpg,Idaho Camera Traps : loc_0020_im_003198,Idaho Camera Traps : loc_0020_seq_002595,Idaho Camera Traps : 20,0,deer,01-21-2016 10:30:00,5,train
https://storage.googleapis.com/public-datasets-lila/nacti-unzipped/part2/sub216/FL-20_07_29_2015_FL-20_0017943.jpg,NACTI : FL-20_07_29_2015_FL-20_0017943.jpg,NACTI : unknown,NACTI : archbold_FL-20,-1,deer,,5,train
https://storage.googleapis.com/public-datasets-lila/idaho-camera-traps/public/loc_0158/loc_0158_im_000409.jpg,Idaho Camera Traps : loc_0158_im_000409,Idaho Camera Traps : loc_0158_seq_000169,Idaho Camera Traps : 158,0,deer,09-23-2016 20:58:11,5,train
https://storage.googleapis.com/public-datasets-lila/caltech-unzipped/cct_images/58f73cba-23d2-11e8-a6a3-ec086b02610b.jpg,Caltech Camera Traps : 58f73cba-23d2-11e8-a6a3-ec086b02610b,Caltech Camera Traps : 7010a84c-5567-11e8-b5d6-dca9047ef277,Caltech Camera Traps : 102,3,deer,04-23-2014 17:04:27,5,train
https://storage.googleapis.com/public-datasets-lila/idaho-camera-traps/public/loc_0163/loc_0163_im_000121.jpg,Idaho Camera Traps : loc_0163_im_000121,Idaho Camera Traps : loc_0163_seq_000027,Idaho Camera Traps : 163,4,deer,06-09-2016 04:41:37,5,train
https://storage.googleapis.com/public-datasets-lila/nz-trailcams/LCC/deer/5e347944-4e4e-43c4-b7a3-496247cac08e.JPG,Trail Camera Images of New Zealand Animals : LCC/deer/5e347944-4e4e-43c4-b7a3-496247cac08e.JPG,Trail Camera Images of New Zealand Animals : unknown,Trail Camera Images of New Zealand Animals : LCC_R95,-1,deer,03-25-2018 23:19:38,5,train
https://storage.googleapis.com/public-datasets-lila/idaho-camera-traps/public/loc_0035/loc_0035_im_001174.jpg,Idaho Camera Traps : loc_0035_im_001174,Idaho Camera Traps : loc_0035_seq_000340,Idaho Camera Traps : 35,40,deer,01-05-2016 15:07:07,5,train
https://storage.googleapis.com/public-datasets-lila/nacti-unzipped/part1/sub169/FL-10_04_05_2016_FL-10_0015812.JPG,NACTI : FL-10_04_05_2016_FL-10_0015812.JPG,NACTI : unknown,NACTI : archbold_FL-10,-1,deer,,5,train
https://storage.googleapis.com/public-datasets-lila/nacti-unzipped/part1/sub175/FL-12_06_29_2015_FL-12_0002490.jpg,NACTI : FL-12_06_29_2015_FL-12_0002490.jpg,NACTI : unknown,NACTI : archbold_FL-12,-1,deer,,5,train
https://storage.googleapis.com/public-datasets-lila/nacti-unzipped/part0/sub084/CA-31_10_07_2015_CA-31_0016075.jpg,NACTI : CA-31_10_07_2015_CA-31_0016075.jpg,NACTI : unknown,NACTI : lebec_CA-31,-1,deer,,5,train
https://storage.googleapis.com/public-datasets-lila/nacti-unzipped/part2/sub219/FL-22_01_21_2016_FL-22_0079836.jpg,NACTI : FL-22_01_21_2016_FL-22_0079836.jpg,NACTI : unknown,NACTI : archbold_FL-22,-1,deer,,5,train
https://storage.googleapis.com/public-datasets-lila/nz-trailcams/PS1/deer/6aae18f6-3774-4797-b103-c0f56f5b198f.JPG,Trail Camera Images of New Zealand Animals : PS1/deer/6aae18f6-3774-4797-b103-c0f56f5b198f.JPG,Trail Camera Images of New Zealand Animals : unknown,Trail Camera Images of New Zealand Animals : PS1_CAM7811,-1,deer,02-28-2022 03:31:00,5,val
https://storage.googleapis.com/public-datasets-lila/idaho-camera-traps/public/loc_0226/loc_0226_im_000159.jpg,Idaho Camera Traps : loc_0226_im_000159,Idaho Camera Traps : loc_0226_seq_000095,Idaho Camera Traps : 226,5,deer,03-17-2016 08:46:16,5,test
https://storage.googleapis.com/public-datasets-lila/nacti-unzipped/part1/sub134/FL-05_10_05_2016_FL-05_0045120.JPG,NACTI : FL-05_10_05_2016_FL-05_0045120.JPG,NACTI : unknown,NACTI : archbold_FL-05,-1,deer,,5,train
https://storage.googleapis.com/public-datasets-lila/idaho-camera-traps/public/loc_0255/loc_0255_im_000434.jpg,Idaho Camera Traps : loc_0255_im_000434,Idaho Camera Traps : loc_0255_seq_000112,Idaho Camera Traps : 255,0,deer,03-06-2016 07:23:21,5,train
https://storage.googleapis.com/public-datasets-lila/caltech-unzipped/cct_images/59c178e9-23d2-11e8-a6a3-ec086b02610b.jpg,Caltech Camera Traps : 59c178e9-23d2-11e8-a6a3-ec086b02610b,Caltech Camera Traps : 6f7ee36e-5567-11e8-9135-dca9047ef277,Caltech Camera Traps : 57,1,deer,10-28-2013 01:10:21,5,train
https://storage.googleapis.com/public-datasets-lila/idaho-camera-traps/public/loc_0178/loc_0178_im_000442.jpg,Idaho Camera Traps : loc_0178_im_000442,Idaho Camera Traps : loc_0178_seq_000130,Idaho Camera Traps : 178,0,deer,08-08-2016 07:59:05,5,train
https://storage.googleapis.com/public-datasets-lila/idaho-camera-traps/public/loc_0250/loc_0250_im_000616.jpg,Idaho Camera Traps : loc_0250_im_000616,Idaho Camera Traps : loc_0250_seq_000062,Idaho Camera Traps : 250,8,deer,12-29-2015 12:15:37,5,train
https://storage.googleapis.com/public-datasets-lila/nacti-unzipped/part2/sub241/FL-27_05_02_2016_FL-27_0056714.JPG,NACTI : FL-27_05_02_2016_FL-27_0056714.JPG,NACTI : unknown,NACTI : archbold_FL-27,-1,deer,,5,train
https://storage.googleapis.com/public-datasets-lila/idaho-camera-traps/public/loc_0126/loc_0126_im_002022.jpg,Idaho Camera Traps : loc_0126_im_002022,Idaho Camera Traps : loc_0126_seq_000195,Idaho Camera Traps : 126,23,deer,07-12-2016 09:47:23,5,train
https://storage.googleapis.com/public-datasets-lila/nz-trailcams/PS1/deer/aafd63f9-2375-4f0f-940b-2549ecb1efe8.JPG,Trail Camera Images of New Zealand Animals : PS1/deer/aafd63f9-2375-4f0f-940b-2549ecb1efe8.JPG,Trail Camera Images of New Zealand Animals : unknown,Trail Camera Images of New Zealand Animals : PS1_CAM8001,-1,deer,03-12-2022 11:52:31,5,test
https://storage.googleapis.com/public-datasets-lila/nacti-unzipped/part0/sub089/CA-35_08_08_2016_CA-35_0006430.JPG,NACTI : CA-35_08_08_2016_CA-35_0006430.JPG,NACTI : unknown,NACTI : lebec_CA-35,-1,deer,,5,train
https://storage.googleapis.com/public-datasets-lila/idaho-camera-traps/public/loc_0112/loc_0112_im_000734.jpg,Idaho Camera Traps : loc_0112_im_000734,Idaho Camera Traps : loc_0112_seq_000094,Idaho Camera Traps : 112,7,deer,01-09-2016 04:08:35,5,train
https://storage.googleapis.com/public-datasets-lila/nacti-unzipped/part1/sub176/FL-12_07_28_2015_FL-12_0005558.jpg,NACTI : FL-12_07_28_2015_FL-12_0005558.jpg,NACTI : unknown,NACTI : archbold_FL-12,-1,deer,,5,train
https://storage.googleapis.com/public-datasets-lila/nacti-unzipped/part1/sub172/FL-12_01_20_2016_FL-12_0021659.jpg,NACTI : FL-12_01_20_2016_FL-12_0021659.jpg,NACTI : unknown,NACTI : archbold_FL-12,-1,deer,,5,train
https://storage.googleapis.com/public-datasets-lila/nacti-unzipped/part2/sub245/FL-27_07_28_2015_FL-27_0029890.jpg,NACTI : FL-27_07_28_2015_FL-27_0029890.jpg,NACTI : unknown,NACTI : archbold_FL-27,-1,deer,,5,train
https://storage.googleapis.com/public-datasets-lila/nacti-unzipped/part2/sub241/FL-27_03_07_2016_FL-27_0050010.JPG,NACTI : FL-27_03_07_2016_FL-27_0050010.JPG,NACTI : unknown,NACTI : archbold_FL-27,-1,deer,,5,train
https://storage.googleapis.com/public-datasets-lila/nacti-unzipped/part1/sub177/FL-12_09_02_2015_FL-12_0009987.jpg,NACTI : FL-12_09_02_2015_FL-12_0009987.jpg,NACTI : unknown,NACTI : archbold_FL-12,-1,deer,,5,train
https://storage.googleapis.com/public-datasets-lila/idaho-camera-traps/public/loc_0079/loc_0079_im_000853.jpg,Idaho Camera Traps : loc_0079_im_000853,Idaho Camera Traps : loc_0079_seq_000095,Idaho Camera Traps : 79,8,deer,06-04-2015 09:11:47,5,train
https://storage.googleapis.com/public-datasets-lila/idaho-camera-traps/public/loc_0126/loc_0126_im_004157.jpg,Idaho Camera Traps : loc_0126_im_004157,Idaho Camera Traps : loc_0126_seq_000449,Idaho Camera Traps : 126,4,deer,08-20-2016 06:08:01,5,train
https://storage.googleapis.com/public-datasets-lila/nacti-unzipped/part2/sub234/FL-24_06_02_2016_FL-24_0059475.JPG,NACTI : FL-24_06_02_2016_FL-24_0059475.JPG,NACTI : unknown,NACTI : archbold_FL-24,-1,deer,,5,train
https://storage.googleapis.com/public-datasets-lila/nacti-unzipped/part2/sub272/FL-35_01_23_2016_FL-35_0021991.JPG,NACTI : FL-35_01_23_2016_FL-35_0021991.JPG,NACTI : unknown,NACTI : archbold_FL-35,-1,deer,,5,train
https://storage.googleapis.com/public-datasets-lila/nacti-unzipped/part1/sub176/FL-12_07_28_2015_FL-12_0004498.jpg,NACTI : FL-12_07_28_2015_FL-12_0004498.jpg,NACTI : unknown,NACTI : archbold_FL-12,-1,deer,,5,train
https://storage.googleapis.com/public-datasets-lila/nacti-unzipped/part2/sub211/FL-19_06_30_2015_FL-19_0014903.jpg,NACTI : FL-19_06_30_2015_FL-19_0014903.jpg,NACTI : unknown,NACTI : archbold_FL-19,-1,deer,,5,train
https://storage.googleapis.com/public-datasets-lila/idaho-camera-traps/public/loc_0026/loc_0026_im_003575.jpg,Idaho Camera Traps : loc_0026_im_003575,Idaho Camera Traps : loc_0026_seq_003134,Idaho Camera Traps : 26,0,deer,01-25-2016 08:43:41,5,train
https://storage.googleapis.com/public-datasets-lila/nacti-unzipped/part0/sub070/CA-27_08_17_2015_CA-27_0007147.jpg,NACTI : CA-27_08_17_2015_CA-27_0007147.jpg,NACTI : unknown,NACTI : lebec_CA-27,-1,deer,,5,train
https://storage.googleapis.com/public-datasets-lila/idaho-camera-traps/public/loc_0198/loc_0198_im_000349.jpg,Idaho Camera Traps : loc_0198_im_000349,Idaho Camera Traps : loc_0198_seq_000047,Idaho Camera Traps : 198,11,deer,01-05-2016 09:18:44,5,train
https://storage.googleapis.com/public-datasets-lila/idaho-camera-traps/public/loc_0131/loc_0131_im_000269.jpg,Idaho Camera Traps : loc_0131_im_000269,Idaho Camera Traps : loc_0131_seq_000081,Idaho Camera Traps : 131,4,deer,07-05-2016 08:19:46,5,train
https://storage.googleapis.com/public-datasets-lila/idaho-camera-traps/public/loc_0130/loc_0130_im_008484.jpg,Idaho Camera Traps : loc_0130_im_008484,Idaho Camera Traps : loc_0130_seq_000798,Idaho Camera Traps : 130,8,deer,08-27-2016 09:12:56,5,train
https://storage.googleapis.com/public-datasets-lila/nacti-unzipped/part1/sub169/FL-09_12_06_2015_FL-09_0039184.jpg,NACTI : FL-09_12_06_2015_FL-09_0039184.jpg,NACTI : unknown,NACTI : archbold_FL-09,-1,deer,,5,train
https://storage.googleapis.com/public-datasets-lila/idaho-camera-traps/public/loc_0188/loc_0188_im_000897.jpg,Idaho Camera Traps : loc_0188_im_000897,Idaho Camera Traps : loc_0188_seq_000221,Idaho Camera Traps : 188,7,deer,07-30-2016 02:15:26,5,test
https://storage.googleapis.com/public-datasets-lila/nz-trailcams/LCC/deer/c1f21a6f-ac34-47f0-a8d2-646aa66e1566.JPG,Trail Camera Images of New Zealand Animals : LCC/deer/c1f21a6f-ac34-47f0-a8d2-646aa66e1566.JPG,Trail Camera Images of New Zealand Animals : unknown,Trail Camera Images of New Zealand Animals : LCC_R37,-1,deer,04-14-2018 20:06:15,5,train
https://storage.googleapis.com/public-datasets-lila/idaho-camera-traps/public/loc_0257/loc_0257_im_000600.jpg,Idaho Camera Traps : loc_0257_im_000600,Idaho Camera Traps : loc_0257_seq_000054,Idaho Camera Traps : 257,3,deer,12-25-2015 00:28:22,5,train
https://storage.googleapis.com/public-datasets-lila/nacti-unzipped/part1/sub112/FL-01_06_29_2015_FL-01_0000551.jpg,NACTI : FL-01_06_29_2015_FL-01_0000551.jpg,NACTI : unknown,NACTI : archbold_FL-01,-1,deer,,5,train
https://storage.googleapis.com/public-datasets-lila/idaho-camera-traps/public/loc_0098/loc_0098_im_003109.jpg,Idaho Camera Traps : loc_0098_im_003109,Idaho Camera Traps : loc_0098_seq_000323,Idaho Camera Traps : 98,4,deer,08-09-2015 16:59:11,5,train
https://storage.googleapis.com/public-datasets-lila/idaho-camera-traps/public/loc_0092/loc_0092_im_002202.jpg,Idaho Camera Traps : loc_0092_im_002202,Idaho Camera Traps : loc_0092_seq_000345,Idaho Camera Traps : 92,0,deer,11-24-2015 11:43:13,5,train
https://storage.googleapis.com/public-datasets-lila/idaho-camera-traps/public/loc_0242/loc_0242_im_000555.jpg,Idaho Camera Traps : loc_0242_im_000555,Idaho Camera Traps : loc_0242_seq_000120,Idaho Camera Traps : 242,55,deer,02-29-2016 17:07:55,5,test
https://storage.googleapis.com/public-datasets-lila/idaho-camera-traps/public/loc_0128/loc_0128_im_000296.jpg,Idaho Camera Traps : loc_0128_im_000296,Idaho Camera Traps : loc_0128_seq_000052,Idaho Camera Traps : 128,10,deer,06-20-2016 05:07:55,5,train
https://storage.googleapis.com/public-datasets-lila/nacti-unzipped/part1/sub178/FL-12_11_02_2015_FL-12_0016851.jpg,NACTI : FL-12_11_02_2015_FL-12_0016851.jpg,NACTI : unknown,NACTI : archbold_FL-12,-1,deer,,5,train
https://storage.googleapis.com/public-datasets-lila/nacti-unzipped/part1/sub134/FL-05_07_05_2016_FL-05_0042997.JPG,NACTI : FL-05_07_05_2016_FL-05_0042997.JPG,NACTI : unknown,NACTI : archbold_FL-05,-1,deer,,5,train
https://storage.googleapis.com/public-datasets-lila/nz-trailcams/LCC/deer/2b44710a-fe26-4b5e-b0ba-5de8157e47ef.JPG,Trail Camera Images of New Zealand Animals : LCC/deer/2b44710a-fe26-4b5e-b0ba-5de8157e47ef.JPG,Trail Camera Images of New Zealand Animals : unknown,Trail Camera Images of New Zealand Animals : LCC_R06,-1,deer,04-23-2018 19:59:40,5,val
https://storage.googleapis.com/public-datasets-lila/idaho-camera-traps/public/loc_0198/loc_0198_im_001588.jpg,Idaho Camera Traps : loc_0198_im_001588,Idaho Camera Traps : loc_0198_seq_000267,Idaho Camera Traps : 198,4,deer,04-24-2016 13:44:51,5,train
https://storage.googleapis.com/public-datasets-lila/nz-trailcams/Z20/deer/0b7a3ee1-7910-4b29-a21f-58e7ba3b93db.JPG,Trail Camera Images of New Zealand Animals : Z20/deer/0b7a3ee1-7910-4b29-a21f-58e7ba3b93db.JPG,Trail Camera Images of New Zealand Animals : unknown,Trail Camera Images of New Zealand Animals : Z20_NH179,-1,deer,02-25-2022 07:51:38,5,train
https://storage.googleapis.com/public-datasets-lila/idaho-camera-traps/public/loc_0003/loc_0003_im_002068.jpg,Idaho Camera Traps : loc_0003_im_002068,Idaho Camera Traps : loc_0003_seq_001717,Idaho Camera Traps : 3,3,deer,01-19-2016 11:06:08,5,val
https://storage.googleapis.com/public-datasets-lila/idaho-camera-traps/public/loc_0269/loc_0269_im_006315.jpg,Idaho Camera Traps : loc_0269_im_006315,Idaho Camera Traps : loc_0269_seq_000611,Idaho Camera Traps : 269,29,deer,02-17-2016 16:44:05,5,train
https://storage.googleapis.com/public-datasets-lila/nacti-unzipped/part1/sub176/FL-12_07_28_2015_FL-12_0006422.jpg,NACTI : FL-12_07_28_2015_FL-12_0006422.jpg,NACTI : unknown,NACTI : archbold_FL-12,-1,deer,,5,train
https://storage.googleapis.com/public-datasets-lila/idaho-camera-traps/public/loc_0126/loc_0126_im_001210.jpg,Idaho Camera Traps : loc_0126_im_001210,Idaho Camera Traps : loc_0126_seq_000109,Idaho Camera Traps : 126,10,deer,07-02-2016 03:45:49,5,train
https://storage.googleapis.com/public-datasets-lila/nacti-unzipped/part2/sub245/FL-27_09_02_2016_FL-27_0072066.JPG,NACTI : FL-27_09_02_2016_FL-27_0072066.JPG,NACTI : unknown,NACTI : archbold_FL-27,-1,deer,,5,train
https://storage.googleapis.com/public-datasets-lila/nacti-unzipped/part1/sub177/FL-12_09_02_2015_FL-12_0013427.jpg,NACTI : FL-12_09_02_2015_FL-12_0013427.jpg,NACTI : unknown,NACTI : archbold_FL-12,-1,deer,,5,train
https://storage.googleapis.com/public-datasets-lila/idaho-camera-traps/public/loc_0101/loc_0101_im_000969.jpg,Idaho Camera Traps : loc_0101_im_000969,Idaho Camera Traps : loc_0101_seq_000145,Idaho Camera Traps : 101,0,deer,08-24-2015 06:42:03,5,train
https://storage.googleapis.com/public-datasets-lila/nz-trailcams/PS3/deer/00f1a3f1-1899-4235-ad92-af022bb713aa.JPG,Trail Camera Images of New Zealand Animals : PS3/deer/00f1a3f1-1899-4235-ad92-af022bb713aa.JPG,Trail Camera Images of New Zealand Animals : unknown,Trail Camera Images of New Zealand Animals : PS3_CAM6119,-1,deer,04-26-2023 11:17:59,5,val
https://storage.googleapis.com/public-datasets-lila/idaho-camera-traps/public/loc_0126/loc_0126_im_002865.jpg,Idaho Camera Traps : loc_0126_im_002865,Idaho Camera Traps : loc_0126_seq_000286,Idaho Camera Traps : 126,8,deer,07-21-2016 08:17:56,5,train
https://storage.googleapis.com/public-datasets-lila/idaho-camera-traps/public/loc_0252/loc_0252_im_000186.jpg,Idaho Camera Traps : loc_0252_im_000186,Idaho Camera Traps : loc_0252_seq_000084,Idaho Camera Traps : 252,5,deer,02-26-2016 13:48:18,5,train
https://storage.googleapis.com/public-datasets-lila/idaho-camera-traps/public/loc_0233/loc_0233_im_001488.jpg,Idaho Camera Traps : loc_0233_im_001488,Idaho Camera Traps : loc_0233_seq_000212,Idaho Camera Traps : 233,47,deer,04-03-2016 11:22:08,5,train
https://storage.googleapis.com/public-datasets-lila/idaho-camera-traps/public/loc_0163/loc_0163_im_002361.jpg,Idaho Camera Traps : loc_0163_im_002361,Idaho Camera Traps : loc_0163_seq_000491,Idaho Camera Traps : 163,1,deer,09-09-2016 19:47:11,5,train
https://storage.googleapis.com/public-datasets-lila/nz-trailcams/LCC/deer/1e5301ff-a190-4bbc-89b9-9f6aa0190be6.JPG,Trail Camera Images of New Zealand Animals : LCC/deer/1e5301ff-a190-4bbc-89b9-9f6aa0190be6.JPG,Trail Camera Images of New Zealand Animals : unknown,Trail Camera Images of New Zealand Animals : LCC_R51,-1,deer,03-28-2018 15:55:55,5,train
https://storage.googleapis.com/public-datasets-lila/nacti-unzipped/part2/sub275/FL-35_12_07_2015_FL-35_0004813.jpg,NACTI : FL-35_12_07_2015_FL-35_0004813.jpg,NACTI : unknown,NACTI : archbold_FL-35,-1,deer,,5,train
https://storage.googleapis.com/public-datasets-lila/idaho-camera-traps/public/loc_0233/loc_0233_im_001261.jpg,Idaho Camera Traps : loc_0233_im_001261,Idaho Camera Traps : loc_0233_seq_000185,Idaho Camera Traps : 233,25,deer,03-19-2016 06:38:41,5,train
https://storage.googleapis.com/public-datasets-lila/idaho-camera-traps/public/loc_0117/loc_0117_im_000058.jpg,Idaho Camera Traps : loc_0117_im_000058,Idaho Camera Traps : loc_0117_seq_000006,Idaho Camera Traps : 117,1,deer,06-04-2015 05:45:42,5,train
https://storage.googleapis.com/public-datasets-lila/idaho-camera-traps/public/loc_0097/loc_0097_im_002410.jpg,Idaho Camera Traps : loc_0097_im_002410,Idaho Camera Traps : loc_0097_seq_000288,Idaho Camera Traps : 97,13,deer,05-01-2016 19:21:03,5,train
https://storage.googleapis.com/public-datasets-lila/idaho-camera-traps/public/loc_0087/loc_0087_im_000389.jpg,Idaho Camera Traps : loc_0087_im_000389,Idaho Camera Traps : loc_0087_seq_000043,Idaho Camera Traps : 87,14,deer,06-15-2015 07:01:10,5,train
https://storage.googleapis.com/public-datasets-lila/idaho-camera-traps/public/loc_0096/loc_0096_im_000339.jpg,Idaho Camera Traps : loc_0096_im_000339,Idaho Camera Traps : loc_0096_seq_000063,Idaho Camera Traps : 96,9,deer,09-04-2015 19:46:29,5,train
https://storage.googleapis.com/public-datasets-lila/idaho-camera-traps/public/loc_0106/loc_0106_im_000357.jpg,Idaho Camera Traps : loc_0106_im_000357,Idaho Camera Traps : loc_0106_seq_000069,Idaho Camera Traps : 106,4,deer,12-20-2015 18:56:14,5,train
https://storage.googleapis.com/public-datasets-lila/idaho-camera-traps/public/loc_0080/loc_0080_im_004361.jpg,Idaho Camera Traps : loc_0080_im_004361,Idaho Camera Traps : loc_0080_seq_000508,Idaho Camera Traps : 80,7,deer,05-21-2016 05:07:15,5,train
https://storage.googleapis.com/public-datasets-lila/idaho-camera-traps/public/loc_0159/loc_0159_im_000157.jpg,Idaho Camera Traps : loc_0159_im_000157,Idaho Camera Traps : loc_0159_seq_000087,Idaho Camera Traps : 159,6,deer,08-05-2016 12:50:04,5,train
https://storage.googleapis.com/public-datasets-lila/nz-trailcams/PS3/deer/26cba62a-1524-4437-a074-7d89bbb29934.JPG,Trail Camera Images of New Zealand Animals : PS3/deer/26cba62a-1524-4437-a074-7d89bbb29934.JPG,Trail Camera Images of New Zealand Animals : unknown,Trail Camera Images of New Zealand Animals : PS3_CAM7821,-1,deer,02-16-2023 21:03:48,5,train
https://storage.googleapis.com/public-datasets-lila/nacti-unzipped/part2/sub232/FL-23_12_08_2015_FL-23_0016560.jpg,NACTI : FL-23_12_08_2015_FL-23_0016560.jpg,NACTI : unknown,NACTI : archbold_FL-23,-1,deer,,5,train
https://storage.googleapis.com/public-datasets-lila/nacti-unzipped/part2/sub267/FL-31_12_06_2015_FL-31_0030189.jpg,NACTI : FL-31_12_06_2015_FL-31_0030189.jpg,NACTI : unknown,NACTI : archbold_FL-31,-1,deer,,5,train
https://storage.googleapis.com/public-datasets-lila/nacti-unzipped/part1/sub176/FL-12_07_28_2015_FL-12_0007730.jpg,NACTI : FL-12_07_28_2015_FL-12_0007730.jpg,NACTI : unknown,NACTI : archbold_FL-12,-1,deer,,5,train
https://storage.googleapis.com/public-datasets-lila/idaho-camera-traps/public/loc_0198/loc_0198_im_001155.jpg,Idaho Camera Traps : loc_0198_im_001155,Idaho Camera Traps : loc_0198_seq_000182,Idaho Camera Traps : 198,12,deer,02-28-2016 15:00:41,5,train
https://storage.googleapis.com/public-datasets-lila/idaho-camera-traps/public/loc_0199/loc_0199_im_004107.jpg,Idaho Camera Traps : loc_0199_im_004107,Idaho Camera Traps : loc_0199_seq_000280,Idaho Camera Traps : 199,1,deer,03-01-2016 15:20:51,5,train
https://storage.googleapis.com/public-datasets-lila/idaho-camera-traps/public/loc_0257/loc_0257_im_002312.jpg,Idaho Camera Traps : loc_0257_im_002312,Idaho Camera Traps : loc_0257_seq_000212,Idaho Camera Traps : 257,8,deer,01-15-2016 14:20:50,5,train
https://storage.googleapis.com/public-datasets-lila/idaho-camera-traps/public/loc_0242/loc_0242_im_001283.jpg,Idaho Camera Traps : loc_0242_im_001283,Idaho Camera Traps : loc_0242_seq_000208,Idaho Camera Traps : 242,30,deer,04-02-2016 15:39:49,5,test
https://storage.googleapis.com/public-datasets-lila/idaho-camera-traps/public/loc_0094/loc_0094_im_001246.jpg,Idaho Camera Traps : loc_0094_im_001246,Idaho Camera Traps : loc_0094_seq_000163,Idaho Camera Traps : 94,1,deer,09-24-2015 20:13:01,5,train
https://storage.googleapis.com/public-datasets-lila/idaho-camera-traps/public/loc_0138/loc_0138_im_000348.jpg,Idaho Camera Traps : loc_0138_im_000348,Idaho Camera Traps : loc_0138_seq_000063,Idaho Camera Traps : 138,4,deer,06-13-2016 08:44:55,5,val
https://storage.googleapis.com/public-datasets-lila/nacti-unzipped/part1/sub134/FL-05_07_28_2015_FL-05_0021998.jpg,NACTI : FL-05_07_28_2015_FL-05_0021998.jpg,NACTI : unknown,NACTI : archbold_FL-05,-1,deer,,5,train
https://storage.googleapis.com/public-datasets-lila/idaho-camera-traps/public/loc_0192/loc_0192_im_000187.jpg,Idaho Camera Traps : loc_0192_im_000187,Idaho Camera Traps : loc_0192_seq_000054,Idaho Camera Traps : 192,3,deer,06-27-2016 18:31:25,5,train
https://storage.googleapis.com/public-datasets-lila/idaho-camera-traps/public/loc_0213/loc_0213_im_003066.jpg,Idaho Camera Traps : loc_0213_im_003066,Idaho Camera Traps : loc_0213_seq_000470,Idaho Camera Traps : 213,0,deer,04-21-2016 04:27:37,5,train
https://storage.googleapis.com/public-datasets-lila/nz-trailcams/PS1/deer/3c5de58d-c0e1-45c0-80ce-92477741516c.JPG,Trail Camera Images of New Zealand Animals : PS1/deer/3c5de58d-c0e1-45c0-80ce-92477741516c.JPG,Trail Camera Images of New Zealand Animals : unknown,Trail Camera Images of New Zealand Animals : PS1_CAMFC23,-1,deer,06-20-2022 03:38:06,5,train
https://storage.googleapis.com/public-datasets-lila/nacti-unzipped/part0/sub088/CA-34_11_08_2016_CA-34_0031396.JPG,NACTI : CA-34_11_08_2016_CA-34_0031396.JPG,NACTI : unknown,NACTI : lebec_CA-34,-1,deer,,5,train
https://storage.googleapis.com/public-datasets-lila/idaho-camera-traps/public/loc_0232/loc_0232_im_000283.jpg,Idaho Camera Traps : loc_0232_im_000283,Idaho Camera Traps : loc_0232_seq_000135,Idaho Camera Traps : 232,2,deer,04-06-2016 13:55:14,5,train
https://storage.googleapis.com/public-datasets-lila/nacti-unzipped/part2/sub200/FL-17_05_02_2016_FL-17_0072858.JPG,NACTI : FL-17_05_02_2016_FL-17_0072858.JPG,NACTI : unknown,NACTI : archbold_FL-17,-1,deer,,5,train
https://storage.googleapis.com/public-datasets-lila/idaho-camera-traps/public/loc_0116/loc_0116_im_000104.jpg,Idaho Camera Traps : loc_0116_im_000104,Idaho Camera Traps : loc_0116_seq_000018,Idaho Camera Traps : 116,5,deer,06-08-2015 21:26:00,5,train
https://storage.googleapis.com/public-datasets-lila/idaho-camera-traps/public/loc_0092/loc_0092_im_003312.jpg,Idaho Camera Traps : loc_0092_im_003312,Idaho Camera Traps : loc_0092_seq_000542,Idaho Camera Traps : 92,3,deer,05-14-2016 21:11:13,5,train
https://storage.googleapis.com/public-datasets-lila/nacti-unzipped/part1/sub172/FL-12_01_20_2016_FL-12_0021706.jpg,NACTI : FL-12_01_20_2016_FL-12_0021706.jpg,NACTI : unknown,NACTI : archbold_FL-12,-1,deer,,5,train
https://storage.googleapis.com/public-datasets-lila/idaho-camera-traps/public/loc_0011/loc_0011_im_003114.jpg,Idaho Camera Traps : loc_0011_im_003114,Idaho Camera Traps : loc_0011_seq_003008,Idaho Camera Traps : 11,6,deer,01-25-2016 10:10:20,5,train
https://storage.googleapis.com/public-datasets-lila/idaho-camera-traps/public/loc_0152/loc_0152_im_000733.jpg,Idaho Camera Traps : loc_0152_im_000733,Idaho Camera Traps : loc_0152_seq_000140,Idaho Camera Traps : 152,3,deer,06-30-2016 08:07:53,5,train
https://storage.googleapis.com/public-datasets-lila/nz-trailcams/PS2/deer/9ab8db3f-c3b7-491a-9b15-06c2e568074b.JPG,Trail Camera Images of New Zealand Animals : PS2/deer/9ab8db3f-c3b7-491a-9b15-06c2e568074b.JPG,Trail Camera Images of New Zealand Animals : unknown,Trail Camera Images of New Zealand Animals : PS2_CAM8008,-1,deer,01-04-2023 10:54:15,5,train
https://storage.googleapis.com/public-datasets-lila/idaho-camera-traps/public/loc_0120/loc_0120_im_001935.jpg,Idaho Camera Traps : loc_0120_im_001935,Idaho Camera Traps : loc_0120_seq_000202,Idaho Camera Traps : 120,27,deer,10-04-2015 18:40:44,5,train
https://storage.googleapis.com/public-datasets-lila/idaho-camera-traps/public/loc_0272/loc_0272_im_000762.jpg,Idaho Camera Traps : loc_0272_im_000762,Idaho Camera Traps : loc_0272_seq_000108,Idaho Camera Traps : 272,12,deer,02-05-2016 10:18:41,5,test
https://storage.googleapis.com/public-datasets-lila/idaho-camera-traps/public/loc_0116/loc_0116_im_004587.jpg,Idaho Camera Traps : loc_0116_im_004587,Idaho Camera Traps : loc_0116_seq_000416,Idaho Camera Traps : 116,32,deer,04-21-2016 01:32:15,5,train
https://storage.googleapis.com/public-datasets-lila/nacti-unzipped/part1/sub178/FL-12_11_02_2015_FL-12_0017170.jpg,NACTI : FL-12_11_02_2015_FL-12_0017170.jpg,NACTI : unknown,NACTI : archbold_FL-12,-1,deer,,5,train
https://storage.googleapis.com/public-datasets-lila/nacti-unzipped/part1/sub176/FL-12_07_28_2015_FL-12_0003417.jpg,NACTI : FL-12_07_28_2015_FL-12_0003417.jpg,NACTI : unknown,NACTI : archbold_FL-12,-1,deer,,5,train
https://storage.googleapis.com/public-datasets-lila/nz-trailcams/PS3/deer/a1ec383b-c019-4462-be63-6139fc935205.JPG,Trail Camera Images of New Zealand Animals : PS3/deer/a1ec383b-c019-4462-be63-6139fc935205.JPG,Trail Camera Images of New Zealand Animals : unknown,Trail Camera Images of New Zealand Animals : PS3_CAMGC43,-1,deer,03-24-2023 03:03:38,5,train
https://storage.googleapis.com/public-datasets-lila/idaho-camera-traps/public/loc_0225/loc_0225_im_006847.jpg,Idaho Camera Traps : loc_0225_im_006847,Idaho Camera Traps : loc_0225_seq_001002,Idaho Camera Traps : 225,4,deer,03-13-2016 12:06:42,5,train
https://storage.googleapis.com/public-datasets-lila/nacti-unzipped/part2/sub273/FL-35_03_25_2016_FL-35_0033578.JPG,NACTI : FL-35_03_25_2016_FL-35_0033578.JPG,NACTI : unknown,NACTI : archbold_FL-35,-1,deer,,5,train
https://storage.googleapis.com/public-datasets-lila/nacti-unzipped/part1/sub185/FL-14_01_21_2016_FL-14_0014576.jpg,NACTI : FL-14_01_21_2016_FL-14_0014576.jpg,NACTI : unknown,NACTI : archbold_FL-14,-1,deer,,5,train
https://storage.googleapis.com/public-datasets-lila/nz-trailcams/PS1/deer/e9ec8c37-c057-48f4-b549-9af4259b31fd.JPG,Trail Camera Images of New Zealand Animals : PS1/deer/e9ec8c37-c057-48f4-b549-9af4259b31fd.JPG,Trail Camera Images of New Zealand Animals : unknown,Trail Camera Images of New Zealand Animals : PS1_CAMFC23,-1,deer,06-20-2022 01:52:53,5,train
https://storage.googleapis.com/public-datasets-lila/caltech-unzipped/cct_images/59610771-23d2-11e8-a6a3-ec086b02610b.jpg,Caltech Camera Traps : 59610771-23d2-11e8-a6a3-ec086b02610b,Caltech Camera Traps : 6fd88dd9-5567-11e8-a1c1-dca9047ef277,Caltech Camera Traps : 70,1,deer,06-07-2014 02:12:50,5,train
https://storage.googleapis.com/public-datasets-lila/idaho-camera-traps/public/loc_0080/loc_0080_im_000983.jpg,Idaho Camera Traps : loc_0080_im_000983,Idaho Camera Traps : loc_0080_seq_000111,Idaho Camera Traps : 80,5,deer,07-28-2015 10:01:42,5,train
https://storage.googleapis.com/public-datasets-lila/idaho-camera-traps/public/loc_0177/loc_0177_im_000605.jpg,Idaho Camera Traps : loc_0177_im_000605,Idaho Camera Traps : loc_0177_seq_000109,Idaho Camera Traps : 177,3,deer,07-19-2016 17:25:40,5,train
https://storage.googleapis.com/public-datasets-lila/nz-trailcams/MIS/deer/e2b829fb-9c5b-445b-9850-90d2c24b5339.JPG,Trail Camera Images of New Zealand Animals : MIS/deer/e2b829fb-9c5b-445b-9850-90d2c24b5339.JPG,Trail Camera Images of New Zealand Animals : unknown,Trail Camera Images of New Zealand Animals : MIS_HV0523,-1,deer,,5,train
https://storage.googleapis.com/public-datasets-lila/idaho-camera-traps/public/loc_0092/loc_0092_im_001478.jpg,Idaho Camera Traps : loc_0092_im_001478,Idaho Camera Traps : loc_0092_seq_000220,Idaho Camera Traps : 92,32,deer,09-15-2015 16:08:25,5,train
https://storage.googleapis.com/public-datasets-lila/nacti-unzipped/part1/sub131/FL-04_11_02_2015_FL-04_0011818.jpg,NACTI : FL-04_11_02_2015_FL-04_0011818.jpg,NACTI : unknown,NACTI : archbold_FL-04,-1,deer,,5,test
https://storage.googleapis.com/public-datasets-lila/idaho-camera-traps/public/loc_0101/loc_0101_im_000888.jpg,Idaho Camera Traps : loc_0101_im_000888,Idaho Camera Traps : loc_0101_seq_000131,Idaho Camera Traps : 101,0,deer,08-13-2015 10:54:50,5,train
https://storage.googleapis.com/public-datasets-lila/nacti-unzipped/part1/sub176/FL-12_07_28_2015_FL-12_0005466.jpg,NACTI : FL-12_07_28_2015_FL-12_0005466.jpg,NACTI : unknown,NACTI : archbold_FL-12,-1,deer,,5,train
https://storage.googleapis.com/public-datasets-lila/idaho-camera-traps/public/loc_0208/loc_0208_im_008824.jpg,Idaho Camera Traps : loc_0208_im_008824,Idaho Camera Traps : loc_0208_seq_000811,Idaho Camera Traps : 208,51,deer,01-26-2016 10:43:49,5,train
https://storage.googleapis.com/public-datasets-lila/idaho-camera-traps/public/loc_0225/loc_0225_im_005910.jpg,Idaho Camera Traps : loc_0225_im_005910,Idaho Camera Traps : loc_0225_seq_000832,Idaho Camera Traps : 225,14,deer,03-08-2016 08:14:07,5,train
https://storage.googleapis.com/public-datasets-lila/nacti-unzipped/part1/sub112/FL-01_06_01_2015_FL-01_0000141.jpg,NACTI : FL-01_06_01_2015_FL-01_0000141.jpg,NACTI : unknown,NACTI : archbold_FL-01,-1,deer,,5,train
https://storage.googleapis.com/public-datasets-lila/nacti-unzipped/part1/sub189/FL-16_03_07_2016_FL-16_0106861.JPG,NACTI : FL-16_03_07_2016_FL-16_0106861.JPG,NACTI : unknown,NACTI : archbold_FL-16,-1,deer,,5,train
https://storage.googleapis.com/public-datasets-lila/idaho-camera-traps/public/loc_0092/loc_0092_im_000214.jpg,Idaho Camera Traps : loc_0092_im_000214,Idaho Camera Traps : loc_0092_seq_000027,Idaho Camera Traps : 92,1,deer,06-04-2015 09:37:52,5,train
https://storage.googleapis.com/public-datasets-lila/nacti-unzipped/part2/sub284/FL-40_07_06_2016_FL-40_0021980.JPG,NACTI : FL-40_07_06_2016_FL-40_0021980.JPG,NACTI : unknown,NACTI : archbold_FL-40,-1,deer,,5,val
https://storage.googleapis.com/public-datasets-lila/nacti-unzipped/part1/sub134/FL-05_10_05_2016_FL-05_0044961.JPG,NACTI : FL-05_10_05_2016_FL-05_0044961.JPG,NACTI : unknown,NACTI : archbold_FL-05,-1,deer,,5,train
https://storage.googleapis.com/public-datasets-lila/nacti-unzipped/part2/sub253/FL-29_06_03_2015_FL-29_0013543.jpg,NACTI : FL-29_06_03_2015_FL-29_0013543.jpg,NACTI : unknown,NACTI : archbold_FL-29,-1,deer,,5,train
https://storage.googleapis.com/public-datasets-lila/nacti-unzipped/part2/sub208/FL-19_04_04_2016_FL-19_0048019.JPG,NACTI : FL-19_04_04_2016_FL-19_0048019.JPG,NACTI : unknown,NACTI : archbold_FL-19,-1,deer,,5,train
https://storage.googleapis.com/public-datasets-lila/idaho-camera-traps/public/loc_0244/loc_0244_im_001323.jpg,Idaho Camera Traps : loc_0244_im_001323,Idaho Camera Traps : loc_0244_seq_000276,Idaho Camera Traps : 244,21,deer,04-15-2016 11:19:06,5,train
https://storage.googleapis.com/public-datasets-lila/nacti-unzipped/part1/sub178/FL-12_11_02_2015_FL-12_0018388.jpg,NACTI : FL-12_11_02_2015_FL-12_0018388.jpg,NACTI : unknown,NACTI : archbold_FL-12,-1,deer,,5,train
https://storage.googleapis.com/public-datasets-lila/nacti-unzipped/part2/sub287/FL-41_12_07_2015_FL-41_0003789.jpg,NACTI : FL-41_12_07_2015_FL-41_0003789.jpg,NACTI : unknown,NACTI : archbold_FL-41,-1,deer,,5,train
https://storage.googleapis.com/public-datasets-lila/idaho-camera-traps/public/loc_0180/loc_0180_im_000360.jpg,Idaho Camera Traps : loc_0180_im_000360,Idaho Camera Traps : loc_0180_seq_000058,Idaho Camera Traps : 180,3,deer,06-20-2016 08:32:03,5,train
https://storage.googleapis.com/public-datasets-lila/idaho-camera-traps/public/loc_0080/loc_0080_im_002799.jpg,Idaho Camera Traps : loc_0080_im_002799,Idaho Camera Traps : loc_0080_seq_000328,Idaho Camera Traps : 80,2,deer,05-08-2016 02:59:30,5,train
https://storage.googleapis.com/public-datasets-lila/nacti-unzipped/part2/sub268/FL-32_12_07_2015_FL-32_0001134.jpg,NACTI : FL-32_12_07_2015_FL-32_0001134.jpg,NACTI : unknown,NACTI : archbold_FL-32,-1,deer,,5,train
https://storage.googleapis.com/public-datasets-lila/nacti-unzipped/part2/sub259/FL-30_06_03_2015_FL-30_0009271.jpg,NACTI : FL-30_06_03_2015_FL-30_0009271.jpg,NACTI : unknown,NACTI : archbold_FL-30,-1,deer,,5,train
https://storage.googleapis.com/public-datasets-lila/idaho-camera-traps/public/loc_0250/loc_0250_im_002545.jpg,Idaho Camera Traps : loc_0250_im_002545,Idaho Camera Traps : loc_0250_seq_000253,Idaho Camera Traps : 250,1,deer,02-03-2016 23:53:49,5,train
https://storage.googleapis.com/public-datasets-lila/nz-trailcams/PS1/deer/aa216bde-ad69-4633-ad19-a2f5a6006fd0.JPG,Trail Camera Images of New Zealand Animals : PS1/deer/aa216bde-ad69-4633-ad19-a2f5a6006fd0.JPG,Trail Camera Images of New Zealand Animals : unknown,Trail Camera Images of New Zealand Animals : PS1_CAM8001,-1,deer,03-12-2022 11:53:41,5,test
https://storage.googleapis.com/public-datasets-lila/idaho-camera-traps/public/loc_0199/loc_0199_im_003649.jpg,Idaho Camera Traps : loc_0199_im_003649,Idaho Camera Traps : loc_0199_seq_000248,Idaho Camera Traps : 199,2,deer,02-27-2016 07:12:42,5,train
https://storage.googleapis.com/public-datasets-lila/idaho-camera-traps/public/loc_0272/loc_0272_im_002143.jpg,Idaho Camera Traps : loc_0272_im_002143,Idaho Camera Traps : loc_0272_seq_000272,Idaho Camera Traps : 272,3,deer,03-30-2016 14:25:10,5,test
https://storage.googleapis.com/public-datasets-lila/idaho-camera-traps/public/loc_0132/loc_0132_im_000900.jpg,Idaho Camera Traps : loc_0132_im_000900,Idaho Camera Traps : loc_0132_seq_000133,Idaho Camera Traps : 132,2,deer,06-24-2016 18:09:03,5,val
https://storage.googleapis.com/public-datasets-lila/idaho-camera-traps/public/loc_0225/loc_0225_im_001935.jpg,Idaho Camera Traps : loc_0225_im_001935,Idaho Camera Traps : loc_0225_seq_000265,Idaho Camera Traps : 225,2,deer,01-14-2016 12:46:27,5,train
https://storage.googleapis.com/public-datasets-lila/nz-trailcams/PS3/deer/c6e11268-a14e-4c4a-9d94-5f0acb7e1dff.JPG,Trail Camera Images of New Zealand Animals : PS3/deer/c6e11268-a14e-4c4a-9d94-5f0acb7e1dff.JPG,Trail Camera Images of New Zealand Animals : unknown,Trail Camera Images of New Zealand Animals : PS3_CAMGC43,-1,deer,03-17-2023 22:09:41,5,train
https://storage.googleapis.com/public-datasets-lila/caltech-unzipped/cct_images/5a1cafef-23d2-11e8-a6a3-ec086b02610b.jpg,Caltech Camera Traps : 5a1cafef-23d2-11e8-a6a3-ec086b02610b,Caltech Camera Traps : 6f88000c-5567-11e8-bb79-dca9047ef277,Caltech Camera Traps : 57,1,deer,04-28-2014 01:37:15,5,train
https://storage.googleapis.com/public-datasets-lila/idaho-camera-traps/public/loc_0193/loc_0193_im_001876.jpg,Idaho Camera Traps : loc_0193_im_001876,Idaho Camera Traps : loc_0193_seq_000341,Idaho Camera Traps : 193,0,deer,07-16-2016 05:06:34,5,val
https://storage.googleapis.com/public-datasets-lila/idaho-camera-traps/public/loc_0183/loc_0183_im_001332.jpg,Idaho Camera Traps : loc_0183_im_001332,Idaho Camera Traps : loc_0183_seq_000251,Idaho Camera Traps : 183,41,deer,07-10-2016 04:55:43,5,train
https://storage.googleapis.com/public-datasets-lila/nacti-unzipped/part2/sub227/FL-22_06_30_2015_FL-22_0056789.jpg,NACTI : FL-22_06_30_2015_FL-22_0056789.jpg,NACTI : unknown,NACTI : archbold_FL-22,-1,deer,,5,train
https://storage.googleapis.com/public-datasets-lila/idaho-camera-traps/public/loc_0093/loc_0093_im_000380.jpg,Idaho Camera Traps : loc_0093_im_000380,Idaho Camera Traps : loc_0093_seq_000059,Idaho Camera Traps : 93,5,deer,08-23-2015 18:09:29,5,train
https://storage.googleapis.com/public-datasets-lila/idaho-camera-traps/public/loc_0089/loc_0089_im_002994.jpg,Idaho Camera Traps : loc_0089_im_002994,Idaho Camera Traps : loc_0089_seq_000417,Idaho Camera Traps : 89,11,deer,11-23-2015 02:07:37,5,train
https://storage.googleapis.com/public-datasets-lila/idaho-camera-traps/public/loc_0174/loc_0174_im_000621.jpg,Idaho Camera Traps : loc_0174_im_000621,Idaho Camera Traps : loc_0174_seq_000103,Idaho Camera Traps : 174,18,deer,08-13-2016 07:09:13,5,train
https://storage.googleapis.com/public-datasets-lila/idaho-camera-traps/public/loc_0020/loc_0020_im_002705.jpg,Idaho Camera Traps : loc_0020_im_002705,Idaho Camera Traps : loc_0020_seq_002210,Idaho Camera Traps : 20,5,deer,01-18-2016 14:57:47,5,train
https://storage.googleapis.com/public-datasets-lila/idaho-camera-traps/public/loc_0133/loc_0133_im_007282.jpg,Idaho Camera Traps : loc_0133_im_007282,Idaho Camera Traps : loc_0133_seq_001365,Idaho Camera Traps : 133,0,deer,08-25-2016 05:44:10,5,train
https://storage.googleapis.com/public-datasets-lila/idaho-camera-traps/public/loc_0126/loc_0126_im_004891.jpg,Idaho Camera Traps : loc_0126_im_004891,Idaho Camera Traps : loc_0126_seq_000580,Idaho Camera Traps : 126,0,deer,09-25-2016 09:42:32,5,train
https://storage.googleapis.com/public-datasets-lila/nacti-unzipped/part0/sub063/CA-23_03_03_2016_CA-23_0021204.JPG,NACTI : CA-23_03_03_2016_CA-23_0021204.JPG,NACTI : unknown,NACTI : lebec_CA-23,-1,deer,,5,train
https://storage.googleapis.com/public-datasets-lila/nz-trailcams/PS1/deer/f0e34dc5-2bcf-4e7c-bb35-222f1ea43540.JPG,Trail Camera Images of New Zealand Animals : PS1/deer/f0e34dc5-2bcf-4e7c-bb35-222f1ea43540.JPG,Trail Camera Images of New Zealand Animals : unknown,Trail Camera Images of New Zealand Animals : PS1_CAM8001,-1,deer,03-17-2022 17:43:00,5,test
https://storage.googleapis.com/public-datasets-lila/idaho-camera-traps/public/loc_0089/loc_0089_im_003596.jpg,Idaho Camera Traps : loc_0089_im_003596,Idaho Camera Traps : loc_0089_seq_000496,Idaho Camera Traps : 89,1,deer,03-12-2016 07:44:49,5,train
https://storage.googleapis.com/public-datasets-lila/idaho-camera-traps/public/loc_0121/loc_0121_im_005355.jpg,Idaho Camera Traps : loc_0121_im_005355,Idaho Camera Traps : loc_0121_seq_000639,Idaho Camera Traps : 121,2,deer,04-23-2016 20:09:18,5,train
https://storage.googleapis.com/public-datasets-lila/idaho-camera-traps/public/loc_0130/loc_0130_im_006205.jpg,Idaho Camera Traps : loc_0130_im_006205,Idaho Camera Traps : loc_0130_seq_000560,Idaho Camera Traps : 130,15,deer,08-03-2016 12:14:40,5,train
https://storage.googleapis.com/public-datasets-lila/idaho-camera-traps/public/loc_0192/loc_0192_im_000770.jpg,Idaho Camera Traps : loc_0192_im_000770,Idaho Camera Traps : loc_0192_seq_000215,Idaho Camera Traps : 192,2,deer,09-24-2016 00:24:08,5,train
https://storage.googleapis.com/public-datasets-lila/idaho-camera-traps/public/loc_0193/loc_0193_im_001753.jpg,Idaho Camera Traps : loc_0193_im_001753,Idaho Camera Traps : loc_0193_seq_000320,Idaho Camera Traps : 193,1,deer,07-15-2016 04:29:30,5,val
https://storage.googleapis.com/public-datasets-lila/idaho-camera-traps/public/loc_0156/loc_0156_im_001051.jpg,Idaho Camera Traps : loc_0156_im_001051,Idaho Camera Traps : loc_0156_seq_000194,Idaho Camera Traps : 156,2,deer,09-02-2016 14:07:48,5,train
https://storage.googleapis.com/public-datasets-lila/idaho-camera-traps/public/loc_0256/loc_0256_im_000983.jpg,Idaho Camera Traps : loc_0256_im_000983,Idaho Camera Traps : loc_0256_seq_000208,Idaho Camera Traps : 256,9,deer,04-21-2016 19:02:19,5,train
https://storage.googleapis.com/public-datasets-lila/idaho-camera-traps/public/loc_0077/loc_0077_im_000591.jpg,Idaho Camera Traps : loc_0077_im_000591,Idaho Camera Traps : loc_0077_seq_000048,Idaho Camera Traps : 77,0,deer,06-04-2015 20:39:22,5,train
https://storage.googleapis.com/public-datasets-lila/idaho-camera-traps/public/loc_0148/loc_0148_im_003762.jpg,Idaho Camera Traps : loc_0148_im_003762,Idaho Camera Traps : loc_0148_seq_000344,Idaho Camera Traps : 148,41,deer,08-08-2016 05:09:36,5,train
https://storage.googleapis.com/public-datasets-lila/idaho-camera-traps/public/loc_0150/loc_0150_im_001319.jpg,Idaho Camera Traps : loc_0150_im_001319,Idaho Camera Traps : loc_0150_seq_000149,Idaho Camera Traps : 150,2,deer,07-13-2016 20:43:59,5,val
https://storage.googleapis.com/public-datasets-lila/idaho-camera-traps/public/loc_0126/loc_0126_im_001849.jpg,Idaho Camera Traps : loc_0126_im_001849,Idaho Camera Traps : loc_0126_seq_000181,Idaho Camera Traps : 126,9,deer,07-12-2016 06:43:03,5,train
https://storage.googleapis.com/public-datasets-lila/nacti-unzipped/part2/sub267/FL-32_06_03_2016_FL-32_0013363.JPG,NACTI : FL-32_06_03_2016_FL-32_0013363.JPG,NACTI : unknown,NACTI : archbold_FL-32,-1,deer,,5,train
https://storage.googleapis.com/public-datasets-lila/nacti-unzipped/part2/sub283/FL-39_12_07_2015_FL-39_0002833.jpg,NACTI : FL-39_12_07_2015_FL-39_0002833.jpg,NACTI : unknown,NACTI : archbold_FL-39,-1,deer,,5,test
https://storage.googleapis.com/public-datasets-lila/idaho-camera-traps/public/loc_0225/loc_0225_im_001414.jpg,Idaho Camera Traps : loc_0225_im_001414,Idaho Camera Traps : loc_0225_seq_000189,Idaho Camera Traps : 225,12,deer,01-04-2016 07:49:11,5,train
https://storage.googleapis.com/public-datasets-lila/nacti-unzipped/part0/sub069/CA-26_07_06_2016_CA-26_0008821.JPG,NACTI : CA-26_07_06_2016_CA-26_0008821.JPG,NACTI : unknown,NACTI : lebec_CA-26,-1,deer,,5,train
https://storage.googleapis.com/public-datasets-lila/nacti-unzipped/part1/sub175/FL-12_07_05_2016_FL-12_0057358.JPG,NACTI : FL-12_07_05_2016_FL-12_0057358.JPG,NACTI : unknown,NACTI : archbold_FL-12,-1,deer,,5,train
https://storage.googleapis.com/public-datasets-lila/nacti-unzipped/part2/sub207/FL-17_12_08_2015_FL-17_0062919.jpg,NACTI : FL-17_12_08_2015_FL-17_0062919.jpg,NACTI : unknown,NACTI : archbold_FL-17,-1,deer,,5,train
https://storage.googleapis.com/public-datasets-lila/idaho-camera-traps/public/loc_0126/loc_0126_im_000965.jpg,Idaho Camera Traps : loc_0126_im_000965,Idaho Camera Traps : loc_0126_seq_000090,Idaho Camera Traps : 126,2,deer,06-29-2016 04:34:51,5,train
https://storage.googleapis.com/public-datasets-lila/nacti-unzipped/part1/sub178/FL-12_11_02_2015_FL-12_0018949.jpg,NACTI : FL-12_11_02_2015_FL-12_0018949.jpg,NACTI : unknown,NACTI : archbold_FL-12,-1,deer,,5,train
https://storage.googleapis.com/public-datasets-lila/nz-trailcams/PS3/deer/c94dc3e5-9b06-4c1a-809b-2355650442ba.JPG,Trail Camera Images of New Zealand Animals : PS3/deer/c94dc3e5-9b06-4c1a-809b-2355650442ba.JPG,Trail Camera Images of New Zealand Animals : unknown,Trail Camera Images of New Zealand Animals : PS3_CAMGC43,-1,deer,02-26-2023 21:38:03,5,train
https://storage.googleapis.com/public-datasets-lila/idaho-camera-traps/public/loc_0240/loc_0240_im_000096.jpg,Idaho Camera Traps : loc_0240_im_000096,Idaho Camera Traps : loc_0240_seq_000008,Idaho Camera Traps : 240,14,deer,12-20-2015 12:22:10,5,test
https://storage.googleapis.com/public-datasets-lila/idaho-camera-traps/public/loc_0196/loc_0196_im_000339.jpg,Idaho Camera Traps : loc_0196_im_000339,Idaho Camera Traps : loc_0196_seq_000024,Idaho Camera Traps : 196,3,deer,07-03-2015 10:07:37,5,train
https://storage.googleapis.com/public-datasets-lila/idaho-camera-traps/public/loc_0138/loc_0138_im_000436.jpg,Idaho Camera Traps : loc_0138_im_000436,Idaho Camera Traps : loc_0138_seq_000080,Idaho Camera Traps : 138,1,deer,06-17-2016 13:29:23,5,val
https://storage.googleapis.com/public-datasets-lila/nacti-unzipped/part2/sub214/FL-20_06_02_2015_FL-20_0001402.jpg,NACTI : FL-20_06_02_2015_FL-20_0001402.jpg,NACTI : unknown,NACTI : archbold_FL-20,-1,deer,,5,train
https://storage.googleapis.com/public-datasets-lila/nacti-unzipped/part2/sub208/FL-19_04_04_2016_FL-19_0048285.JPG,NACTI : FL-19_04_04_2016_FL-19_0048285.JPG,NACTI : unknown,NACTI : archbold_FL-19,-1,deer,,5,train
https://storage.googleapis.com/public-datasets-lila/idaho-camera-traps/public/loc_0234/loc_0234_im_000377.jpg,Idaho Camera Traps : loc_0234_im_000377,Idaho Camera Traps : loc_0234_seq_000049,Idaho Camera Traps : 234,2,deer,01-12-2016 15:36:11,5,train
https://storage.googleapis.com/public-datasets-lila/nacti-unzipped/part1/sub177/FL-12_09_02_2015_FL-12_0012378.jpg,NACTI : FL-12_09_02_2015_FL-12_0012378.jpg,NACTI : unknown,NACTI : archbold_FL-12,-1,deer,,5,train
https://storage.googleapis.com/public-datasets-lila/nacti-unzipped/part1/sub116/FL-01_09_30_2015_FL-01_0037875.jpg,NACTI : FL-01_09_30_2015_FL-01_0037875.jpg,NACTI : unknown,NACTI : archbold_FL-01,-1,deer,,5,train
https://storage.googleapis.com/public-datasets-lila/nacti-unzipped/part0/sub091/CA-37_08_03_2015_CA-37_0012871.jpg,NACTI : CA-37_08_03_2015_CA-37_0012871.jpg,NACTI : unknown,NACTI : lebec_CA-37,-1,deer,,5,train
https://storage.googleapis.com/public-datasets-lila/nacti-unzipped/part1/sub188/FL-15_06_02_2015_FL-15_0001605.jpg,NACTI : FL-15_06_02_2015_FL-15_0001605.jpg,NACTI : unknown,NACTI : archbold_FL-15,-1,deer,,5,train
https://storage.googleapis.com/public-datasets-lila/nacti-unzipped/part0/sub084/CA-31_08_17_2015_CA-31_0014950.jpg,NACTI : CA-31_08_17_2015_CA-31_0014950.jpg,NACTI : unknown,NACTI : lebec_CA-31,-1,deer,,5,train
https://storage.googleapis.com/public-datasets-lila/idaho-camera-traps/public/loc_0257/loc_0257_im_006826.jpg,Idaho Camera Traps : loc_0257_im_006826,Idaho Camera Traps : loc_0257_seq_000815,Idaho Camera Traps : 257,3,deer,04-18-2016 14:03:59,5,train
https://storage.googleapis.com/public-datasets-lila/idaho-camera-traps/public/loc_0034/loc_0034_im_003508.jpg,Idaho Camera Traps : loc_0034_im_003508,Idaho Camera Traps : loc_0034_seq_003138,Idaho Camera Traps : 34,2,deer,03-22-2016 11:14:19,5,train
https://storage.googleapis.com/public-datasets-lila/idaho-camera-traps/public/loc_0182/loc_0182_im_000137.jpg,Idaho Camera Traps : loc_0182_im_000137,Idaho Camera Traps : loc_0182_seq_000022,Idaho Camera Traps : 182,28,deer,06-04-2016 05:54:46,5,train
https://storage.googleapis.com/public-datasets-lila/idaho-camera-traps/public/loc_0103/loc_0103_im_001386.jpg,Idaho Camera Traps : loc_0103_im_001386,Idaho Camera Traps : loc_0103_seq_000159,Idaho Camera Traps : 103,0,deer,07-05-2015 07:59:35,5,train
https://storage.googleapis.com/public-datasets-lila/nacti-unzipped/part1/sub177/FL-12_09_02_2015_FL-12_0011548.jpg,NACTI : FL-12_09_02_2015_FL-12_0011548.jpg,NACTI : unknown,NACTI : archbold_FL-12,-1,deer,,5,train
https://storage.googleapis.com/public-datasets-lila/nacti-unzipped/part2/sub261/FL-30_09_03_2015_FL-30_0035652.jpg,NACTI : FL-30_09_03_2015_FL-30_0035652.jpg,NACTI : unknown,NACTI : archbold_FL-30,-1,deer,,5,train
https://storage.googleapis.com/public-datasets-lila/nz-trailcams/PS3/deer/2884ad55-88a2-468e-900c-05b3b135aba8.JPG,Trail Camera Images of New Zealand Animals : PS3/deer/2884ad55-88a2-468e-900c-05b3b135aba8.JPG,Trail Camera Images of New Zealand Animals : unknown,Trail Camera Images of New Zealand Animals : PS3_CAM8008,-1,deer,03-06-2023 22:03:47,5,train
https://storage.googleapis.com/public-datasets-lila/idaho-camera-traps/public/loc_0234/loc_0234_im_001234.jpg,Idaho Camera Traps : loc_0234_im_001234,Idaho Camera Traps : loc_0234_seq_000165,Idaho Camera Traps : 234,3,deer,02-28-2016 06:11:06,5,train
https://storage.googleapis.com/public-datasets-lila/nz-trailcams/PS1/deer/ccf9be13-7240-4095-9c1b-c9047d172357.JPG,Trail Camera Images of New Zealand Animals : PS1/deer/ccf9be13-7240-4095-9c1b-c9047d172357.JPG,Trail Camera Images of New Zealand Animals : unknown,Trail Camera Images of New Zealand Animals : PS1_CAM8008,-1,deer,02-06-2022 17:31:39,5,train
https://storage.googleapis.com/public-datasets-lila/idaho-camera-traps/public/loc_0117/loc_0117_im_001383.jpg,Idaho Camera Traps : loc_0117_im_001383,Idaho Camera Traps : loc_0117_seq_000179,Idaho Camera Traps : 117,0,deer,11-21-2015 18:15:17,5,train
https://storage.googleapis.com/public-datasets-lila/idaho-camera-traps/public/loc_0188/loc_0188_im_001256.jpg,Idaho Camera Traps : loc_0188_im_001256,Idaho Camera Traps : loc_0188_seq_000298,Idaho Camera Traps : 188,4,deer,08-16-2016 17:49:36,5,test
https://storage.googleapis.com/public-datasets-lila/nz-trailcams/LCC/deer/f6244bb1-904b-4cb1-86fa-d49c01388add.JPG,Trail Camera Images of New Zealand Animals : LCC/deer/f6244bb1-904b-4cb1-86fa-d49c01388add.JPG,Trail Camera Images of New Zealand Animals : unknown,Trail Camera Images of New Zealand Animals : LCC_R86,-1,deer,04-05-2018 08:51:03,5,train
https://storage.googleapis.com/public-datasets-lila/caltech-unzipped/cct_images/59c66b26-23d2-11e8-a6a3-ec086b02610b.jpg,Caltech Camera Traps : 59c66b26-23d2-11e8-a6a3-ec086b02610b,Caltech Camera Traps : 70126d80-5567-11e8-92df-dca9047ef277,Caltech Camera Traps : 27,1,deer,03-25-2015 01:24:15,5,train
https://storage.googleapis.com/public-datasets-lila/idaho-camera-traps/public/loc_0160/loc_0160_im_000012.jpg,Idaho Camera Traps : loc_0160_im_000012,Idaho Camera Traps : loc_0160_seq_000002,Idaho Camera Traps : 160,5,deer,05-25-2016 05:13:58,5,train
https://storage.googleapis.com/public-datasets-lila/idaho-camera-traps/public/loc_0003/loc_0003_im_007071.jpg,Idaho Camera Traps : loc_0003_im_007071,Idaho Camera Traps : loc_0003_seq_005089,Idaho Camera Traps : 3,9,deer,02-11-2016 10:45:17,5,val
https://storage.googleapis.com/public-datasets-lila/idaho-camera-traps/public/loc_0026/loc_0026_im_005219.jpg,Idaho Camera Traps : loc_0026_im_005219,Idaho Camera Traps : loc_0026_seq_004531,Idaho Camera Traps : 26,29,deer,02-03-2016 16:08:44,5,train
https://storage.googleapis.com/public-datasets-lila/idaho-camera-traps/public/loc_0117/loc_0117_im_001479.jpg,Idaho Camera Traps : loc_0117_im_001479,Idaho Camera Traps : loc_0117_seq_000194,Idaho Camera Traps : 117,3,deer,11-23-2015 03:56:52,5,train
https://storage.googleapis.com/public-datasets-lila/idaho-camera-traps/public/loc_0148/loc_0148_im_002661.jpg,Idaho Camera Traps : loc_0148_im_002661,Idaho Camera Traps : loc_0148_seq_000246,Idaho Camera Traps : 148,8,deer,07-21-2016 01:21:24,5,train
https://storage.googleapis.com/public-datasets-lila/nz-trailcams/PS3/deer/e23d577e-4fea-4045-a386-4bc4e9a39816.JPG,Trail Camera Images of New Zealand Animals : PS3/deer/e23d577e-4fea-4045-a386-4bc4e9a39816.JPG,Trail Camera Images of New Zealand Animals : unknown,Trail Camera Images of New Zealand Animals : PS3_CAM8615,-1,deer,02-24-2023 13:24:43,5,train
https://storage.googleapis.com/public-datasets-lila/wellington-unzipped/images/0104150359261266L203.JPG,Wellington Camera Traps : 0104150359261266L203,Wellington Camera Traps : 81678,Wellington Camera Traps : 1266,2,deer,04-01-2015 03:59:00,5,train
https://storage.googleapis.com/public-datasets-lila/nz-trailcams/PS3/deer/f0f726b7-4b71-447d-8c64-214b0aa775d5.JPG,Trail Camera Images of New Zealand Animals : PS3/deer/f0f726b7-4b71-447d-8c64-214b0aa775d5.JPG,Trail Camera Images of New Zealand Animals : unknown,Trail Camera Images of New Zealand Animals : PS3_CAMGC43,-1,deer,02-26-2023 21:49:20,5,train
https://storage.googleapis.com/public-datasets-lila/idaho-camera-traps/public/loc_0003/loc_0003_im_003242.jpg,Idaho Camera Traps : loc_0003_im_003242,Idaho Camera Traps : loc_0003_seq_002589,Idaho Camera Traps : 3,65,deer,01-25-2016 10:33:02,5,val
https://storage.googleapis.com/public-datasets-lila/idaho-camera-traps/public/loc_0272/loc_0272_im_001941.jpg,Idaho Camera Traps : loc_0272_im_001941,Idaho Camera Traps : loc_0272_seq_000246,Idaho Camera Traps : 272,2,deer,03-20-2016 06:40:32,5,test
https://storage.googleapis.com/public-datasets-lila/idaho-camera-traps/public/loc_0115/loc_0115_im_000333.jpg,Idaho Camera Traps : loc_0115_im_000333,Idaho Camera Traps : loc_0115_seq_000050,Idaho Camera Traps : 115,9,deer,08-21-2015 09:17:59,5,train
https://storage.googleapis.com/public-datasets-lila/idaho-camera-traps/public/loc_0083/loc_0083_im_005462.jpg,Idaho Camera Traps : loc_0083_im_005462,Idaho Camera Traps : loc_0083_seq_000920,Idaho Camera Traps : 83,5,deer,09-13-2015 19:13:53,5,train
https://storage.googleapis.com/public-datasets-lila/idaho-camera-traps/public/loc_0257/loc_0257_im_001685.jpg,Idaho Camera Traps : loc_0257_im_001685,Idaho Camera Traps : loc_0257_seq_000160,Idaho Camera Traps : 257,6,deer,01-06-2016 09:55:30,5,train
https://storage.googleapis.com/public-datasets-lila/idaho-camera-traps/public/loc_0105/loc_0105_im_000194.jpg,Idaho Camera Traps : loc_0105_im_000194,Idaho Camera Traps : loc_0105_seq_000015,Idaho Camera Traps : 105,5,deer,06-10-2015 06:04:12,5,train
https://storage.googleapis.com/public-datasets-lila/nz-trailcams/PS1/deer/7dcaf72f-dc0b-47ca-8bba-236c35aad6c2.JPG,Trail Camera Images of New Zealand Animals : PS1/deer/7dcaf72f-dc0b-47ca-8bba-236c35aad6c2.JPG,Trail Camera Images of New Zealand Animals : unknown,Trail Camera Images of New Zealand Animals : PS1_CAMFC01,-1,deer,08-19-2022 22:54:11,5,train
https://storage.googleapis.com/public-datasets-lila/idaho-camera-traps/public/loc_0080/loc_0080_im_004376.jpg,Idaho Camera Traps : loc_0080_im_004376,Idaho Camera Traps : loc_0080_seq_000509,Idaho Camera Traps : 80,7,deer,05-21-2016 13:19:20,5,train
https://storage.googleapis.com/public-datasets-lila/nz-trailcams/PS3/deer/10188e70-f500-49b3-9a07-b48bcb4bb3ad.JPG,Trail Camera Images of New Zealand Animals : PS3/deer/10188e70-f500-49b3-9a07-b48bcb4bb3ad.JPG,Trail Camera Images of New Zealand Animals : unknown,Trail Camera Images of New Zealand Animals : PS3_CAMGC43,-1,deer,02-26-2023 21:51:47,5,train
https://storage.googleapis.com/public-datasets-lila/idaho-camera-traps/public/loc_0149/loc_0149_im_002384.jpg,Idaho Camera Traps : loc_0149_im_002384,Idaho Camera Traps : loc_0149_seq_000498,Idaho Camera Traps : 149,2,deer,08-28-2016 08:39:16,5,val
https://storage.googleapis.com/public-datasets-lila/idaho-camera-traps/public/loc_0077/loc_0077_im_000871.jpg,Idaho Camera Traps : loc_0077_im_000871,Idaho Camera Traps : loc_0077_seq_000075,Idaho Camera Traps : 77,1,deer,06-27-2015 08:35:34,5,train
https://storage.googleapis.com/public-datasets-lila/idaho-camera-traps/public/loc_0269/loc_0269_im_006505.jpg,Idaho Camera Traps : loc_0269_im_006505,Idaho Camera Traps : loc_0269_seq_000674,Idaho Camera Traps : 269,2,deer,03-30-2016 17:35:24,5,train
https://storage.googleapis.com/public-datasets-lila/idaho-camera-traps/public/loc_0104/loc_0104_im_000444.jpg,Idaho Camera Traps : loc_0104_im_000444,Idaho Camera Traps : loc_0104_seq_000057,Idaho Camera Traps : 104,6,deer,09-19-2015 15:52:36,5,train
https://storage.googleapis.com/public-datasets-lila/idaho-camera-traps/public/loc_0210/loc_0210_im_000177.jpg,Idaho Camera Traps : loc_0210_im_000177,Idaho Camera Traps : loc_0210_seq_000114,Idaho Camera Traps : 210,3,deer,03-25-2016 02:11:45,5,train
https://storage.googleapis.com/public-datasets-lila/nz-trailcams/LCC/deer/b58a2291-68a3-4aea-96d4-0aa7683808db.JPG,Trail Camera Images of New Zealand Animals : LCC/deer/b58a2291-68a3-4aea-96d4-0aa7683808db.JPG,Trail Camera Images of New Zealand Animals : unknown,Trail Camera Images of New Zealand Animals : LCC_R25,-1,deer,03-21-2018 06:45:26,5,train
https://storage.googleapis.com/public-datasets-lila/nacti-unzipped/part0/sub074/CA-29_04_19_2016_CA-29_0030667.JPG,NACTI : CA-29_04_19_2016_CA-29_0030667.JPG,NACTI : unknown,NACTI : lebec_CA-29,-1,deer,,5,train
https://storage.googleapis.com/public-datasets-lila/nz-trailcams/PS2/deer/53a5f7b6-976e-46d6-a52f-6b58989596b4.JPG,Trail Camera Images of New Zealand Animals : PS2/deer/53a5f7b6-976e-46d6-a52f-6b58989596b4.JPG,Trail Camera Images of New Zealand Animals : unknown,Trail Camera Images of New Zealand Animals : PS2_CAM8008,-1,deer,01-07-2023 11:19:10,5,train
https://storage.googleapis.com/public-datasets-lila/idaho-camera-traps/public/loc_0080/loc_0080_im_001224.jpg,Idaho Camera Traps : loc_0080_im_001224,Idaho Camera Traps : loc_0080_seq_000150,Idaho Camera Traps : 80,0,deer,09-04-2015 05:42:44,5,train
https://storage.googleapis.com/public-datasets-lila/nz-trailcams/PS1/deer/9ba20b1d-33c0-479b-8a2f-616000394545.JPG,Trail Camera Images of New Zealand Animals : PS1/deer/9ba20b1d-33c0-479b-8a2f-616000394545.JPG,Trail Camera Images of New Zealand Animals : unknown,Trail Camera Images of New Zealand Animals : PS1_CAM6803,-1,deer,05-07-2022 13:18:51,5,train
https://storage.googleapis.com/public-datasets-lila/idaho-camera-traps/public/loc_0201/loc_0201_im_000427.jpg,Idaho Camera Traps : loc_0201_im_000427,Idaho Camera Traps : loc_0201_seq_000104,Idaho Camera Traps : 201,11,deer,03-02-2016 16:43:30,5,val
https://storage.googleapis.com/public-datasets-lila/idaho-camera-traps/public/loc_0185/loc_0185_im_001126.jpg,Idaho Camera Traps : loc_0185_im_001126,Idaho Camera Traps : loc_0185_seq_000165,Idaho Camera Traps : 185,9,deer,06-28-2016 21:02:23,5,train
https://storage.googleapis.com/public-datasets-lila/nacti-unzipped/part1/sub178/FL-12_11_02_2015_FL-12_0017001.jpg,NACTI : FL-12_11_02_2015_FL-12_0017001.jpg,NACTI : unknown,NACTI : archbold_FL-12,-1,deer,,5,train
https://storage.googleapis.com/public-datasets-lila/idaho-camera-traps/public/loc_0126/loc_0126_im_002215.jpg,Idaho Camera Traps : loc_0126_im_002215,Idaho Camera Traps : loc_0126_seq_000211,Idaho Camera Traps : 126,34,deer,07-14-2016 05:01:09,5,train
https://storage.googleapis.com/public-datasets-lila/idaho-camera-traps/public/loc_0229/loc_0229_im_000215.jpg,Idaho Camera Traps : loc_0229_im_000215,Idaho Camera Traps : loc_0229_seq_000045,Idaho Camera Traps : 229,3,deer,01-20-2016 15:12:12,5,train
https://storage.googleapis.com/public-datasets-lila/idaho-camera-traps/public/loc_0116/loc_0116_im_004525.jpg,Idaho Camera Traps : loc_0116_im_004525,Idaho Camera Traps : loc_0116_seq_000415,Idaho Camera Traps : 116,24,deer,04-21-2016 01:26:48,5,train
https://storage.googleapis.com/public-datasets-lila/nz-trailcams/PS3/deer/0586dd76-82f8-452b-aba9-7cdab93cedd2.JPG,Trail Camera Images of New Zealand Animals : PS3/deer/0586dd76-82f8-452b-aba9-7cdab93cedd2.JPG,Trail Camera Images of New Zealand Animals : unknown,Trail Camera Images of New Zealand Animals : PS3_CAM7705,-1,deer,01-18-2023 18:06:00,5,test
https://storage.googleapis.com/public-datasets-lila/nz-trailcams/LCC/deer/6809fc7e-ac3b-466b-a4c7-172e82a41f96.JPG,Trail Camera Images of New Zealand Animals : LCC/deer/6809fc7e-ac3b-466b-a4c7-172e82a41f96.JPG,Trail Camera Images of New Zealand Animals : unknown,Trail Camera Images of New Zealand Animals : LCC_R86,-1,deer,04-07-2018 09:40:00,5,train
https://storage.googleapis.com/public-datasets-lila/idaho-camera-traps/public/loc_0185/loc_0185_im_000436.jpg,Idaho Camera Traps : loc_0185_im_000436,Idaho Camera Traps : loc_0185_seq_000081,Idaho Camera Traps : 185,19,deer,06-15-2016 20:18:55,5,train
https://storage.googleapis.com/public-datasets-lila/orinoquia-camera-traps/public/N16/06180666.JPG,Orinoquia Camera Traps : N16_06180666.JPG,Orinoquia Camera Traps : 398b6243-7160-11ec-a1d5-5cf3706028c2,Orinoquia Camera Traps : N16,5,deer,06-18-2020 11:15:31,5,train
https://storage.googleapis.com/public-datasets-lila/idaho-camera-traps/public/loc_0028/loc_0028_im_001416.jpg,Idaho Camera Traps : loc_0028_im_001416,Idaho Camera Traps : loc_0028_seq_001302,Idaho Camera Traps : 28,0,deer,01-16-2016 13:40:00,5,val
https://storage.googleapis.com/public-datasets-lila/idaho-camera-traps/public/loc_0114/loc_0114_im_001551.jpg,Idaho Camera Traps : loc_0114_im_001551,Idaho Camera Traps : loc_0114_seq_000181,Idaho Camera Traps : 114,0,deer,12-07-2015 08:15:25,5,test
https://storage.googleapis.com/public-datasets-lila/idaho-camera-traps/public/loc_0012/loc_0012_im_017052.jpg,Idaho Camera Traps : loc_0012_im_017052,Idaho Camera Traps : loc_0012_seq_013027,Idaho Camera Traps : 12,4,deer,04-01-2016 15:00:37,5,train
https://storage.googleapis.com/public-datasets-lila/nz-trailcams/MIS/deer/0f2c4a75-85ae-4cfa-8f31-75400f77f8ac.JPG,Trail Camera Images of New Zealand Animals : MIS/deer/0f2c4a75-85ae-4cfa-8f31-75400f77f8ac.JPG,Trail Camera Images of New Zealand Animals : unknown,Trail Camera Images of New Zealand Animals : MIS_HV0483,-1,deer,,5,train
https://storage.googleapis.com/public-datasets-lila/idaho-camera-traps/public/loc_0029/loc_0029_im_001084.jpg,Idaho Camera Traps : loc_0029_im_001084,Idaho Camera Traps : loc_0029_seq_001059,Idaho Camera Traps : 29,3,deer,01-11-2016 12:47:43,5,train
https://storage.googleapis.com/public-datasets-lila/nz-trailcams/PS3/deer/6267d5f6-2a7b-45bc-b609-bc5eb8488590.JPG,Trail Camera Images of New Zealand Animals : PS3/deer/6267d5f6-2a7b-45bc-b609-bc5eb8488590.JPG,Trail Camera Images of New Zealand Animals : unknown,Trail Camera Images of New Zealand Animals : PS3_CAM7821,-1,deer,03-05-2023 09:04:37,5,train
https://storage.googleapis.com/public-datasets-lila/idaho-camera-traps/public/loc_0044/loc_0044_im_007157.jpg,Idaho Camera Traps : loc_0044_im_007157,Idaho Camera Traps : loc_0044_seq_005377,Idaho Camera Traps : 44,8,deer,02-09-2016 11:38:20,5,val
https://storage.googleapis.com/public-datasets-lila/idaho-camera-traps/public/loc_0045/loc_0045_im_006546.jpg,Idaho Camera Traps : loc_0045_im_006546,Idaho Camera Traps : loc_0045_seq_005808,Idaho Camera Traps : 45,5,deer,02-14-2016 13:58:06,5,train
https://storage.googleapis.com/public-datasets-lila/idaho-camera-traps/public/loc_0153/loc_0153_im_000162.jpg,Idaho Camera Traps : loc_0153_im_000162,Idaho Camera Traps : loc_0153_seq_000033,Idaho Camera Traps : 153,5,deer,06-03-2016 23:23:35,5,train
https://storage.googleapis.com/public-datasets-lila/idaho-camera-traps/public/loc_0176/loc_0176_im_000020.jpg,Idaho Camera Traps : loc_0176_im_000020,Idaho Camera Traps : loc_0176_seq_000007,Idaho Camera Traps : 176,6,deer,05-30-2016 11:45:28,5,train
https://storage.googleapis.com/public-datasets-lila/idaho-camera-traps/public/loc_0188/loc_0188_im_000898.jpg,Idaho Camera Traps : loc_0188_im_000898,Idaho Camera Traps : loc_0188_seq_000221,Idaho Camera Traps : 188,8,deer,07-30-2016 02:15:27,5,test
https://storage.googleapis.com/public-datasets-lila/nacti-unzipped/part0/sub088/CA-35_08_04_2015_CA-35_0001093.jpg,NACTI : CA-35_08_04_2015_CA-35_0001093.jpg,NACTI : unknown,NACTI : lebec_CA-35,-1,deer,,5,train
https://storage.googleapis.com/public-datasets-lila/idaho-camera-traps/public/loc_0118/loc_0118_im_001824.jpg,Idaho Camera Traps : loc_0118_im_001824,Idaho Camera Traps : loc_0118_seq_000221,Idaho Camera Traps : 118,0,deer,10-28-2015 19:16:37,5,train
https://storage.googleapis.com/public-datasets-lila/idaho-camera-traps/public/loc_0199/loc_0199_im_005273.jpg,Idaho Camera Traps : loc_0199_im_005273,Idaho Camera Traps : loc_0199_seq_000400,Idaho Camera Traps : 199,1,deer,03-18-2016 06:26:55,5,train
https://storage.googleapis.com/public-datasets-lila/nz-trailcams/MIS/deer/7f746e8f-eca1-4594-8711-ae3cd2150b78.JPG,Trail Camera Images of New Zealand Animals : MIS/deer/7f746e8f-eca1-4594-8711-ae3cd2150b78.JPG,Trail Camera Images of New Zealand Animals : unknown,Trail Camera Images of New Zealand Animals : MIS_HV0523,-1,deer,,5,train
https://storage.googleapis.com/public-datasets-lila/idaho-camera-traps/public/loc_0088/loc_0088_im_002043.jpg,Idaho Camera Traps : loc_0088_im_002043,Idaho Camera Traps : loc_0088_seq_000228,Idaho Camera Traps : 88,24,deer,03-11-2016 17:17:08,5,train
https://storage.googleapis.com/public-datasets-lila/idaho-camera-traps/public/loc_0097/loc_0097_im_000347.jpg,Idaho Camera Traps : loc_0097_im_000347,Idaho Camera Traps : loc_0097_seq_000035,Idaho Camera Traps : 97,5,deer,07-19-2015 11:28:05,5,train
https://storage.googleapis.com/public-datasets-lila/nacti-unzipped/part0/sub037/CA-04_08_12_2015_CA-04_0003856.jpg,NACTI : CA-04_08_12_2015_CA-04_0003856.jpg,NACTI : unknown,NACTI : lebec_CA-04,-1,deer,,5,train
https://storage.googleapis.com/public-datasets-lila/idaho-camera-traps/public/loc_0206/loc_0206_im_002717.jpg,Idaho Camera Traps : loc_0206_im_002717,Idaho Camera Traps : loc_0206_seq_000244,Idaho Camera Traps : 206,8,deer,03-12-2017 16:42:12,5,train
https://storage.googleapis.com/public-datasets-lila/idaho-camera-traps/public/loc_0248/loc_0248_im_000554.jpg,Idaho Camera Traps : loc_0248_im_000554,Idaho Camera Traps : loc_0248_seq_000146,Idaho Camera Traps : 248,6,deer,03-18-2016 16:27:38,5,train
https://storage.googleapis.com/public-datasets-lila/nacti-unzipped/part1/sub132/FL-05_05_02_2016_FL-05_0036834.JPG,NACTI : FL-05_05_02_2016_FL-05_0036834.JPG,NACTI : unknown,NACTI : archbold_FL-05,-1,deer,,5,train
https://storage.googleapis.com/public-datasets-lila/idaho-camera-traps/public/loc_0089/loc_0089_im_005988.jpg,Idaho Camera Traps : loc_0089_im_005988,Idaho Camera Traps : loc_0089_seq_000775,Idaho Camera Traps : 89,5,deer,05-23-2016 20:25:56,5,train
https://storage.googleapis.com/public-datasets-lila/idaho-camera-traps/public/loc_0167/loc_0167_im_001054.jpg,Idaho Camera Traps : loc_0167_im_001054,Idaho Camera Traps : loc_0167_seq_000215,Idaho Camera Traps : 167,2,deer,09-01-2016 15:15:45,5,train
https://storage.googleapis.com/public-datasets-lila/idaho-camera-traps/public/loc_0234/loc_0234_im_001632.jpg,Idaho Camera Traps : loc_0234_im_001632,Idaho Camera Traps : loc_0234_seq_000212,Idaho Camera Traps : 234,18,deer,03-07-2016 01:04:27,5,train
https://storage.googleapis.com/public-datasets-lila/idaho-camera-traps/public/loc_0114/loc_0114_im_000674.jpg,Idaho Camera Traps : loc_0114_im_000674,Idaho Camera Traps : loc_0114_seq_000080,Idaho Camera Traps : 114,11,deer,09-08-2015 08:40:20,5,test
https://storage.googleapis.com/public-datasets-lila/nacti-unzipped/part1/sub186/FL-14_06_02_2015_FL-14_0003654.jpg,NACTI : FL-14_06_02_2015_FL-14_0003654.jpg,NACTI : unknown,NACTI : archbold_FL-14,-1,deer,,5,train
https://storage.googleapis.com/public-datasets-lila/caltech-unzipped/cct_images/5971fbe1-23d2-11e8-a6a3-ec086b02610b.jpg,Caltech Camera Traps : 5971fbe1-23d2-11e8-a6a3-ec086b02610b,Caltech Camera Traps : 70174d5c-5567-11e8-b6dd-dca9047ef277,Caltech Camera Traps : 6,2,deer,11-17-2014 21:19:40,5,train
https://storage.googleapis.com/public-datasets-lila/nacti-unzipped/part1/sub178/FL-12_11_02_2015_FL-12_0017816.jpg,NACTI : FL-12_11_02_2015_FL-12_0017816.jpg,NACTI : unknown,NACTI : archbold_FL-12,-1,deer,,5,train
https://storage.googleapis.com/public-datasets-lila/idaho-camera-traps/public/loc_0116/loc_0116_im_000272.jpg,Idaho Camera Traps : loc_0116_im_000272,Idaho Camera Traps : loc_0116_seq_000043,Idaho Camera Traps : 116,26,deer,06-13-2015 04:11:25,5,train
https://storage.googleapis.com/public-datasets-lila/nacti-unzipped/part2/sub288/FL-42_04_05_2016_FL-42_0008624.JPG,NACTI : FL-42_04_05_2016_FL-42_0008624.JPG,NACTI : unknown,NACTI : archbold_FL-42,-1,deer,,5,train
https://storage.googleapis.com/public-datasets-lila/idaho-camera-traps/public/loc_0018/loc_0018_im_003609.jpg,Idaho Camera Traps : loc_0018_im_003609,Idaho Camera Traps : loc_0018_seq_002847,Idaho Camera Traps : 18,8,deer,01-23-2016 06:25:52,5,val
https://storage.googleapis.com/public-datasets-lila/nacti-unzipped/part2/sub218/FL-21_07_29_2015_FL-21_0006986.jpg,NACTI : FL-21_07_29_2015_FL-21_0006986.jpg,NACTI : unknown,NACTI : archbold_FL-21,-1,deer,,5,train
https://storage.googleapis.com/public-datasets-lila/nacti-unzipped/part2/sub236/FL-24_07_05_2016_FL-24_0060169.JPG,NACTI : FL-24_07_05_2016_FL-24_0060169.JPG,NACTI : unknown,NACTI : archbold_FL-24,-1,deer,,5,train
https://storage.googleapis.com/public-datasets-lila/nacti-unzipped/part0/sub084/CA-32_08_17_2015_CA-32_0003689.jpg,NACTI : CA-32_08_17_2015_CA-32_0003689.jpg,NACTI : unknown,NACTI : lebec_CA-32,-1,deer,,5,train
https://storage.googleapis.com/public-datasets-lila/idaho-camera-traps/public/loc_0272/loc_0272_im_001711.jpg,Idaho Camera Traps : loc_0272_im_001711,Idaho Camera Traps : loc_0272_seq_000218,Idaho Camera Traps : 272,14,deer,03-08-2016 11:11:01,5,test
https://storage.googleapis.com/public-datasets-lila/idaho-camera-traps/public/loc_0225/loc_0225_im_002210.jpg,Idaho Camera Traps : loc_0225_im_002210,Idaho Camera Traps : loc_0225_seq_000296,Idaho Camera Traps : 225,11,deer,01-15-2016 15:07:49,5,train
https://storage.googleapis.com/public-datasets-lila/nacti-unzipped/part2/sub279/FL-37_12_07_2015_FL-37_0003305.jpg,NACTI : FL-37_12_07_2015_FL-37_0003305.jpg,NACTI : unknown,NACTI : archbold_FL-37,-1,deer,,5,val
https://storage.googleapis.com/public-datasets-lila/idaho-camera-traps/public/loc_0110/loc_0110_im_002206.jpg,Idaho Camera Traps : loc_0110_im_002206,Idaho Camera Traps : loc_0110_seq_000251,Idaho Camera Traps : 110,3,deer,12-21-2015 22:37:08,5,train
https://storage.googleapis.com/public-datasets-lila/idaho-camera-traps/public/loc_0257/loc_0257_im_005994.jpg,Idaho Camera Traps : loc_0257_im_005994,Idaho Camera Traps : loc_0257_seq_000696,Idaho Camera Traps : 257,14,deer,04-11-2016 11:29:10,5,train
https://storage.googleapis.com/public-datasets-lila/nacti-unzipped/part1/sub162/FL-08_08_04_2016_FL-08_0025514.JPG,NACTI : FL-08_08_04_2016_FL-08_0025514.JPG,NACTI : unknown,NACTI : archbold_FL-08,-1,deer,,5,train
https://storage.googleapis.com/public-datasets-lila/nacti-unzipped/part1/sub134/FL-05_11_02_2015_FL-05_0024810.jpg,NACTI : FL-05_11_02_2015_FL-05_0024810.jpg,NACTI : unknown,NACTI : archbold_FL-05,-1,deer,,5,train
https://storage.googleapis.com/public-datasets-lila/idaho-camera-traps/public/loc_0233/loc_0233_im_000802.jpg,Idaho Camera Traps : loc_0233_im_000802,Idaho Camera Traps : loc_0233_seq_000129,Idaho Camera Traps : 233,4,deer,03-01-2016 01:53:30,5,train
https://storage.googleapis.com/public-datasets-lila/nacti-unzipped/part1/sub162/FL-08_07_29_2015_FL-08_0009304.jpg,NACTI : FL-08_07_29_2015_FL-08_0009304.jpg,NACTI : unknown,NACTI : archbold_FL-08,-1,deer,,5,train
https://storage.googleapis.com/public-datasets-lila/nz-trailcams/LCC/deer/2d9b3eba-07a6-42f2-98e3-e488f0569775.JPG,Trail Camera Images of New Zealand Animals : LCC/deer/2d9b3eba-07a6-42f2-98e3-e488f0569775.JPG,Trail Camera Images of New Zealand Animals : unknown,Trail Camera Images of New Zealand Animals : LCC_R109,-1,deer,04-25-2018 00:20:26,5,train
https://storage.googleapis.com/public-datasets-lila/idaho-camera-traps/public/loc_0150/loc_0150_im_000703.jpg,Idaho Camera Traps : loc_0150_im_000703,Idaho Camera Traps : loc_0150_seq_000073,Idaho Camera Traps : 150,19,deer,06-19-2016 09:52:05,5,val
https://storage.googleapis.com/public-datasets-lila/nacti-unzipped/part2/sub219/FL-22_01_21_2016_FL-22_0079510.jpg,NACTI : FL-22_01_21_2016_FL-22_0079510.jpg,NACTI : unknown,NACTI : archbold_FL-22,-1,deer,,5,train
https://storage.googleapis.com/public-datasets-lila/idaho-camera-traps/public/loc_0112/loc_0112_im_000014.jpg,Idaho Camera Traps : loc_0112_im_000014,Idaho Camera Traps : loc_0112_seq_000003,Idaho Camera Traps : 112,2,deer,06-12-2015 04:26:04,5,train
https://storage.googleapis.com/public-datasets-lila/idaho-camera-traps/public/loc_0081/loc_0081_im_002414.jpg,Idaho Camera Traps : loc_0081_im_002414,Idaho Camera Traps : loc_0081_seq_000322,Idaho Camera Traps : 81,0,deer,05-22-2016 08:35:37,5,train
https://storage.googleapis.com/public-datasets-lila/idaho-camera-traps/public/loc_0250/loc_0250_im_000805.jpg,Idaho Camera Traps : loc_0250_im_000805,Idaho Camera Traps : loc_0250_seq_000082,Idaho Camera Traps : 250,2,deer,01-04-2016 10:55:42,5,train
https://storage.googleapis.com/public-datasets-lila/nacti-unzipped/part2/sub281/FL-38_07_08_2016_FL-38_0043152.JPG,NACTI : FL-38_07_08_2016_FL-38_0043152.JPG,NACTI : unknown,NACTI : archbold_FL-38,-1,deer,,5,train
https://storage.googleapis.com/public-datasets-lila/idaho-camera-traps/public/loc_0216/loc_0216_im_000237.jpg,Idaho Camera Traps : loc_0216_im_000237,Idaho Camera Traps : loc_0216_seq_000072,Idaho Camera Traps : 216,5,deer,02-08-2016 01:35:43,5,train
https://storage.googleapis.com/public-datasets-lila/idaho-camera-traps/public/loc_0165/loc_0165_im_002323.jpg,Idaho Camera Traps : loc_0165_im_002323,Idaho Camera Traps : loc_0165_seq_000274,Idaho Camera Traps : 165,1,deer,07-12-2016 18:02:49,5,train
https://storage.googleapis.com/public-datasets-lila/idaho-camera-traps/public/loc_0086/loc_0086_im_004790.jpg,Idaho Camera Traps : loc_0086_im_004790,Idaho Camera Traps : loc_0086_seq_000755,Idaho Camera Traps : 86,8,deer,03-05-2016 19:13:23,5,train
https://storage.googleapis.com/public-datasets-lila/idaho-camera-traps/public/loc_0121/loc_0121_im_000617.jpg,Idaho Camera Traps : loc_0121_im_000617,Idaho Camera Traps : loc_0121_seq_000053,Idaho Camera Traps : 121,44,deer,06-15-2015 08:37:33,5,train
https://storage.googleapis.com/public-datasets-lila/nacti-unzipped/part1/sub169/FL-10_06_02_2016_FL-10_0019555.JPG,NACTI : FL-10_06_02_2016_FL-10_0019555.JPG,NACTI : unknown,NACTI : archbold_FL-10,-1,deer,,5,train
https://storage.googleapis.com/public-datasets-lila/idaho-camera-traps/public/loc_0117/loc_0117_im_000741.jpg,Idaho Camera Traps : loc_0117_im_000741,Idaho Camera Traps : loc_0117_seq_000104,Idaho Camera Traps : 117,0,deer,11-09-2015 09:13:48,5,train
https://storage.googleapis.com/public-datasets-lila/idaho-camera-traps/public/loc_0166/loc_0166_im_000212.jpg,Idaho Camera Traps : loc_0166_im_000212,Idaho Camera Traps : loc_0166_seq_000036,Idaho Camera Traps : 166,2,deer,05-31-2016 07:02:52,5,train
https://storage.googleapis.com/public-datasets-lila/idaho-camera-traps/public/loc_0018/loc_0018_im_013342.jpg,Idaho Camera Traps : loc_0018_im_013342,Idaho Camera Traps : loc_0018_seq_011018,Idaho Camera Traps : 18,3,deer,03-19-2016 01:37:46,5,val
https://storage.googleapis.com/public-datasets-lila/idaho-camera-traps/public/loc_0126/loc_0126_im_004449.jpg,Idaho Camera Traps : loc_0126_im_004449,Idaho Camera Traps : loc_0126_seq_000501,Idaho Camera Traps : 126,8,deer,09-01-2016 19:49:46,5,train
https://storage.googleapis.com/public-datasets-lila/idaho-camera-traps/public/loc_0077/loc_0077_im_003457.jpg,Idaho Camera Traps : loc_0077_im_003457,Idaho Camera Traps : loc_0077_seq_000399,Idaho Camera Traps : 77,10,deer,10-22-2015 06:07:04,5,train
https://storage.googleapis.com/public-datasets-lila/idaho-camera-traps/public/loc_0171/loc_0171_im_001214.jpg,Idaho Camera Traps : loc_0171_im_001214,Idaho Camera Traps : loc_0171_seq_000200,Idaho Camera Traps : 171,4,deer,09-11-2016 20:08:36,5,train
https://storage.googleapis.com/public-datasets-lila/nacti-unzipped/part1/sub134/FL-05_11_02_2015_FL-05_0024377.jpg,NACTI : FL-05_11_02_2015_FL-05_0024377.jpg,NACTI : unknown,NACTI : archbold_FL-05,-1,deer,,5,train
https://storage.googleapis.com/public-datasets-lila/nz-trailcams/PS1/deer/8e958b1e-c4eb-4483-b1c8-6c5519f17260.JPG,Trail Camera Images of New Zealand Animals : PS1/deer/8e958b1e-c4eb-4483-b1c8-6c5519f17260.JPG,Trail Camera Images of New Zealand Animals : unknown,Trail Camera Images of New Zealand Animals : PS1_CAMFC11,-1,deer,01-30-2022 07:06:00,5,train
https://storage.googleapis.com/public-datasets-lila/nacti-unzipped/part0/sub084/CA-32_08_17_2015_CA-32_0000565.jpg,NACTI : CA-32_08_17_2015_CA-32_0000565.jpg,NACTI : unknown,NACTI : lebec_CA-32,-1,deer,,5,train
https://storage.googleapis.com/public-datasets-lila/idaho-camera-traps/public/loc_0003/loc_0003_im_008067.jpg,Idaho Camera Traps : loc_0003_im_008067,Idaho Camera Traps : loc_0003_seq_005853,Idaho Camera Traps : 3,0,deer,02-16-2016 13:40:00,5,val
https://storage.googleapis.com/public-datasets-lila/idaho-camera-traps/public/loc_0156/loc_0156_im_000098.jpg,Idaho Camera Traps : loc_0156_im_000098,Idaho Camera Traps : loc_0156_seq_000015,Idaho Camera Traps : 156,4,deer,05-31-2016 11:31:15,5,train
https://storage.googleapis.com/public-datasets-lila/idaho-camera-traps/public/loc_0083/loc_0083_im_001328.jpg,Idaho Camera Traps : loc_0083_im_001328,Idaho Camera Traps : loc_0083_seq_000212,Idaho Camera Traps : 83,2,deer,07-16-2015 21:27:42,5,train
https://storage.googleapis.com/public-datasets-lila/idaho-camera-traps/public/loc_0103/loc_0103_im_003695.jpg,Idaho Camera Traps : loc_0103_im_003695,Idaho Camera Traps : loc_0103_seq_000509,Idaho Camera Traps : 103,11,deer,03-19-2016 07:48:33,5,train
https://storage.googleapis.com/public-datasets-lila/idaho-camera-traps/public/loc_0207/loc_0207_im_000543.jpg,Idaho Camera Traps : loc_0207_im_000543,Idaho Camera Traps : loc_0207_seq_000139,Idaho Camera Traps : 207,0,deer,03-24-2016 12:09:46,5,train
https://storage.googleapis.com/public-datasets-lila/idaho-camera-traps/public/loc_0140/loc_0140_im_001241.jpg,Idaho Camera Traps : loc_0140_im_001241,Idaho Camera Traps : loc_0140_seq_000212,Idaho Camera Traps : 140,0,deer,07-19-2016 00:26:57,5,train
https://storage.googleapis.com/public-datasets-lila/idaho-camera-traps/public/loc_0124/loc_0124_im_001524.jpg,Idaho Camera Traps : loc_0124_im_001524,Idaho Camera Traps : loc_0124_seq_000170,Idaho Camera Traps : 124,9,deer,10-01-2015 03:43:09,5,test
https://storage.googleapis.com/public-datasets-lila/nacti-unzipped/part1/sub172/FL-12_03_04_2016_FL-12_0026137.JPG,NACTI : FL-12_03_04_2016_FL-12_0026137.JPG,NACTI : unknown,NACTI : archbold_FL-12,-1,deer,,5,train
https://storage.googleapis.com/public-datasets-lila/caltech-unzipped/cct_images/58e724d1-23d2-11e8-a6a3-ec086b02610b.jpg,Caltech Camera Traps : 58e724d1-23d2-11e8-a6a3-ec086b02610b,Caltech Camera Traps : 6f6738e1-5567-11e8-9944-dca9047ef277,Caltech Camera Traps : 106,1,deer,09-26-2013 05:40:49,5,train
https://storage.googleapis.com/public-datasets-lila/nacti-unzipped/part1/sub190/FL-16_04_05_2016_FL-16_0115598.JPG,NACTI : FL-16_04_05_2016_FL-16_0115598.JPG,NACTI : unknown,NACTI : archbold_FL-16,-1,deer,,5,train
https://storage.googleapis.com/public-datasets-lila/idaho-camera-traps/public/loc_0166/loc_0166_im_000123.jpg,Idaho Camera Traps : loc_0166_im_000123,Idaho Camera Traps : loc_0166_seq_000022,Idaho Camera Traps : 166,1,deer,05-30-2016 04:30:43,5,train
https://storage.googleapis.com/public-datasets-lila/nacti-unzipped/part1/sub178/FL-12_11_02_2015_FL-12_0017773.jpg,NACTI : FL-12_11_02_2015_FL-12_0017773.jpg,NACTI : unknown,NACTI : archbold_FL-12,-1,deer,,5,train
https://storage.googleapis.com/public-datasets-lila/caltech-unzipped/cct_images/593bdd49-23d2-11e8-a6a3-ec086b02610b.jpg,Caltech Camera Traps : 593bdd49-23d2-11e8-a6a3-ec086b02610b,Caltech Camera Traps : 70178266-5567-11e8-b444-dca9047ef277,Caltech Camera Traps : 84,3,deer,04-25-2014 21:40:16,5,train
https://storage.googleapis.com/public-datasets-lila/idaho-camera-traps/public/loc_0081/loc_0081_im_001051.jpg,Idaho Camera Traps : loc_0081_im_001051,Idaho Camera Traps : loc_0081_seq_000115,Idaho Camera Traps : 81,2,deer,07-17-2015 06:57:41,5,train
https://storage.googleapis.com/public-datasets-lila/idaho-camera-traps/public/loc_0166/loc_0166_im_002297.jpg,Idaho Camera Traps : loc_0166_im_002297,Idaho Camera Traps : loc_0166_seq_000423,Idaho Camera Traps : 166,0,deer,08-22-2016 07:41:09,5,train
https://storage.googleapis.com/public-datasets-lila/idaho-camera-traps/public/loc_0193/loc_0193_im_004849.jpg,Idaho Camera Traps : loc_0193_im_004849,Idaho Camera Traps : loc_0193_seq_000961,Idaho Camera Traps : 193,2,deer,09-09-2016 06:31:54,5,val
https://storage.googleapis.com/public-datasets-lila/nacti-unzipped/part1/sub198/FL-16_09_02_2016_FL-16_0141430.JPG,NACTI : FL-16_09_02_2016_FL-16_0141430.JPG,NACTI : unknown,NACTI : archbold_FL-16,-1,deer,,5,train
https://storage.googleapis.com/public-datasets-lila/nacti-unzipped/part1/sub196/FL-16_06_30_2015_FL-16_0061303.jpg,NACTI : FL-16_06_30_2015_FL-16_0061303.jpg,NACTI : unknown,NACTI : archbold_FL-16,-1,deer,,5,train
https://storage.googleapis.com/public-datasets-lila/idaho-camera-traps/public/loc_0124/loc_0124_im_001054.jpg,Idaho Camera Traps : loc_0124_im_001054,Idaho Camera Traps : loc_0124_seq_000113,Idaho Camera Traps : 124,4,deer,08-26-2015 20:32:26,5,test
https://storage.googleapis.com/public-datasets-lila/nz-trailcams/LCC/deer/6617ff0b-9a6e-42e7-9251-8fcb20eed6dd.JPG,Trail Camera Images of New Zealand Animals : LCC/deer/6617ff0b-9a6e-42e7-9251-8fcb20eed6dd.JPG,Trail Camera Images of New Zealand Animals : unknown,Trail Camera Images of New Zealand Animals : LCC_B87,-1,deer,08-09-2018 19:23:12,5,test
https://storage.googleapis.com/public-datasets-lila/idaho-camera-traps/public/loc_0216/loc_0216_im_001042.jpg,Idaho Camera Traps : loc_0216_im_001042,Idaho Camera Traps : loc_0216_seq_000205,Idaho Camera Traps : 216,7,deer,04-16-2016 09:04:05,5,train
https://storage.googleapis.com/public-datasets-lila/idaho-camera-traps/public/loc_0242/loc_0242_im_000410.jpg,Idaho Camera Traps : loc_0242_im_000410,Idaho Camera Traps : loc_0242_seq_000102,Idaho Camera Traps : 242,2,deer,02-22-2016 14:39:21,5,test
https://storage.googleapis.com/public-datasets-lila/nacti-unzipped/part2/sub255/FL-29_07_06_2016_FL-29_0066940.JPG,NACTI : FL-29_07_06_2016_FL-29_0066940.JPG,NACTI : unknown,NACTI : archbold_FL-29,-1,deer,,5,train
https://storage.googleapis.com/public-datasets-lila/nz-trailcams/LCC/deer/395777e7-8902-47c4-bf8a-40c23c2b495e.JPG,Trail Camera Images of New Zealand Animals : LCC/deer/395777e7-8902-47c4-bf8a-40c23c2b495e.JPG,Trail Camera Images of New Zealand Animals : unknown,Trail Camera Images of New Zealand Animals : LCC_R12,-1,deer,04-19-2018 02:17:29,5,test
https://storage.googleapis.com/public-datasets-lila/idaho-camera-traps/public/loc_0018/loc_0018_im_006160.jpg,Idaho Camera Traps : loc_0018_im_006160,Idaho Camera Traps : loc_0018_seq_004420,Idaho Camera Traps : 18,83,deer,02-02-2016 13:17:31,5,val
https://storage.googleapis.com/public-datasets-lila/idaho-camera-traps/public/loc_0213/loc_0213_im_001282.jpg,Idaho Camera Traps : loc_0213_im_001282,Idaho Camera Traps : loc_0213_seq_000241,Idaho Camera Traps : 213,7,deer,04-05-2016 05:23:30,5,train
https://storage.googleapis.com/public-datasets-lila/nacti-unzipped/part1/sub198/FL-16_07_06_2016_FL-16_0139602.JPG,NACTI : FL-16_07_06_2016_FL-16_0139602.JPG,NACTI : unknown,NACTI : archbold_FL-16,-1,deer,,5,train
https://storage.googleapis.com/public-datasets-lila/nacti-unzipped/part0/sub054/CA-17_08_03_2015_CA-17_0023755.jpg,NACTI : CA-17_08_03_2015_CA-17_0023755.jpg,NACTI : unknown,NACTI : lebec_CA-17,-1,deer,,5,train
https://storage.googleapis.com/public-datasets-lila/idaho-camera-traps/public/loc_0196/loc_0196_im_003167.jpg,Idaho Camera Traps : loc_0196_im_003167,Idaho Camera Traps : loc_0196_seq_000355,Idaho Camera Traps : 196,2,deer,04-02-2016 12:14:41,5,train
https://storage.googleapis.com/public-datasets-lila/nacti-unzipped/part2/sub268/FL-33_06_03_2016_FL-33_0015490.JPG,NACTI : FL-33_06_03_2016_FL-33_0015490.JPG,NACTI : unknown,NACTI : archbold_FL-33,-1,deer,,5,train
https://storage.googleapis.com/public-datasets-lila/idaho-camera-traps/public/loc_0129/loc_0129_im_000446.jpg,Idaho Camera Traps : loc_0129_im_000446,Idaho Camera Traps : loc_0129_seq_000045,Idaho Camera Traps : 129,6,deer,05-28-2016 21:56:17,5,train
https://storage.googleapis.com/public-datasets-lila/caltech-unzipped/cct_images/588718f6-23d2-11e8-a6a3-ec086b02610b.jpg,Caltech Camera Traps : 588718f6-23d2-11e8-a6a3-ec086b02610b,Caltech Camera Traps : 70109ab5-5567-11e8-b470-dca9047ef277,Caltech Camera Traps : 102,2,deer,12-18-2013 03:56:46,5,train
https://storage.googleapis.com/public-datasets-lila/caltech-unzipped/cct_images/58f4241a-23d2-11e8-a6a3-ec086b02610b.jpg,Caltech Camera Traps : 58f4241a-23d2-11e8-a6a3-ec086b02610b,Caltech Camera Traps : 70178540-5567-11e8-a2b2-dca9047ef277,Caltech Camera Traps : 84,2,deer,04-26-2014 19:52:00,5,train
https://storage.googleapis.com/public-datasets-lila/idaho-camera-traps/public/loc_0193/loc_0193_im_001855.jpg,Idaho Camera Traps : loc_0193_im_001855,Idaho Camera Traps : loc_0193_seq_000339,Idaho Camera Traps : 193,3,deer,07-16-2016 05:02:20,5,val
https://storage.googleapis.com/public-datasets-lila/nz-trailcams/PS1/deer/095850c1-fe2a-4a08-9adc-a6a607b322bc.JPG,Trail Camera Images of New Zealand Animals : PS1/deer/095850c1-fe2a-4a08-9adc-a6a607b322bc.JPG,Trail Camera Images of New Zealand Animals : unknown,Trail Camera Images of New Zealand Animals : PS1_CAM7402,-1,deer,06-15-2022 11:03:43,5,train
https://storage.googleapis.com/public-datasets-lila/nacti-unzipped/part0/sub070/CA-27_11_08_2016_CA-27_0021042.JPG,NACTI : CA-27_11_08_2016_CA-27_0021042.JPG,NACTI : unknown,NACTI : lebec_CA-27,-1,deer,,5,train
https://storage.googleapis.com/public-datasets-lila/nz-trailcams/LCC/deer/741d27d1-9927-4eca-a577-058ed2b8592a.JPG,Trail Camera Images of New Zealand Animals : LCC/deer/741d27d1-9927-4eca-a577-058ed2b8592a.JPG,Trail Camera Images of New Zealand Animals : unknown,Trail Camera Images of New Zealand Animals : LCC_R45,-1,deer,04-22-2018 22:18:00,5,train
https://storage.googleapis.com/public-datasets-lila/idaho-camera-traps/public/loc_0097/loc_0097_im_001982.jpg,Idaho Camera Traps : loc_0097_im_001982,Idaho Camera Traps : loc_0097_seq_000245,Idaho Camera Traps : 97,5,deer,03-31-2016 23:34:40,5,train
https://storage.googleapis.com/public-datasets-lila/idaho-camera-traps/public/loc_0242/loc_0242_im_000417.jpg,Idaho Camera Traps : loc_0242_im_000417,Idaho Camera Traps : loc_0242_seq_000102,Idaho Camera Traps : 242,9,deer,02-22-2016 14:39:29,5,test
https://storage.googleapis.com/public-datasets-lila/idaho-camera-traps/public/loc_0272/loc_0272_im_001842.jpg,Idaho Camera Traps : loc_0272_im_001842,Idaho Camera Traps : loc_0272_seq_000237,Idaho Camera Traps : 272,3,deer,03-14-2016 13:10:07,5,test
https://storage.googleapis.com/public-datasets-lila/idaho-camera-traps/public/loc_0123/loc_0123_im_000780.jpg,Idaho Camera Traps : loc_0123_im_000780,Idaho Camera Traps : loc_0123_seq_000101,Idaho Camera Traps : 123,0,deer,11-07-2015 12:00:16,5,train
https://storage.googleapis.com/public-datasets-lila/idaho-camera-traps/public/loc_0126/loc_0126_im_002973.jpg,Idaho Camera Traps : loc_0126_im_002973,Idaho Camera Traps : loc_0126_seq_000297,Idaho Camera Traps : 126,15,deer,07-23-2016 01:30:28,5,train
https://storage.googleapis.com/public-datasets-lila/idaho-camera-traps/public/loc_0250/loc_0250_im_003207.jpg,Idaho Camera Traps : loc_0250_im_003207,Idaho Camera Traps : loc_0250_seq_000372,Idaho Camera Traps : 250,3,deer,04-03-2016 17:49:56,5,train
https://storage.googleapis.com/public-datasets-lila/nacti-unzipped/part0/sub049/CA-14_08_12_2015_CA-14_0004873.jpg,NACTI : CA-14_08_12_2015_CA-14_0004873.jpg,NACTI : unknown,NACTI : lebec_CA-14,-1,deer,,5,test
https://storage.googleapis.com/public-datasets-lila/nacti-unzipped/part2/sub283/FL-39_11_03_2015_FL-39_0000961.jpg,NACTI : FL-39_11_03_2015_FL-39_0000961.jpg,NACTI : unknown,NACTI : archbold_FL-39,-1,deer,,5,test
https://storage.googleapis.com/public-datasets-lila/nz-trailcams/PS1/deer/4bb69105-e587-4f7e-bf80-8a7ebd735c9a.JPG,Trail Camera Images of New Zealand Animals : PS1/deer/4bb69105-e587-4f7e-bf80-8a7ebd735c9a.JPG,Trail Camera Images of New Zealand Animals : unknown,Trail Camera Images of New Zealand Animals : PS1_CAM6213,-1,deer,06-08-2022 09:51:54,5,train
https://storage.googleapis.com/public-datasets-lila/nz-trailcams/PS1/deer/d16e0368-51c2-43a5-ab73-31b98421327d.JPG,Trail Camera Images of New Zealand Animals : PS1/deer/d16e0368-51c2-43a5-ab73-31b98421327d.JPG,Trail Camera Images of New Zealand Animals : unknown,Trail Camera Images of New Zealand Animals : PS1_CAM7613,-1,deer,02-25-2022 11:16:17,5,test
https://storage.googleapis.com/public-datasets-lila/idaho-camera-traps/public/loc_0076/loc_0076_im_000908.jpg,Idaho Camera Traps : loc_0076_im_000908,Idaho Camera Traps : loc_0076_seq_000091,Idaho Camera Traps : 76,8,deer,07-19-2015 05:48:00,5,val
https://storage.googleapis.com/public-datasets-lila/nz-trailcams/Z20/deer/5ba770a0-7582-4408-a72b-62c68fa9da23.JPG,Trail Camera Images of New Zealand Animals : Z20/deer/5ba770a0-7582-4408-a72b-62c68fa9da23.JPG,Trail Camera Images of New Zealand Animals : unknown,Trail Camera Images of New Zealand Animals : Z20_3MIA550,-1,deer,03-11-2022 01:59:55,5,train
https://storage.googleapis.com/public-datasets-lila/nacti-unzipped/part2/sub227/FL-22_06_30_2015_FL-22_0056796.jpg,NACTI : FL-22_06_30_2015_FL-22_0056796.jpg,NACTI : unknown,NACTI : archbold_FL-22,-1,deer,,5,train
https://storage.googleapis.com/public-datasets-lila/nacti-unzipped/part1/sub178/FL-12_11_02_2015_FL-12_0019622.jpg,NACTI : FL-12_11_02_2015_FL-12_0019622.jpg,NACTI : unknown,NACTI : archbold_FL-12,-1,deer,,5,train
https://storage.googleapis.com/public-datasets-lila/idaho-camera-traps/public/loc_0122/loc_0122_im_003160.jpg,Idaho Camera Traps : loc_0122_im_003160,Idaho Camera Traps : loc_0122_seq_000357,Idaho Camera Traps : 122,1,deer,10-30-2015 02:32:14,5,val
https://storage.googleapis.com/public-datasets-lila/idaho-camera-traps/public/loc_0189/loc_0189_im_000141.jpg,Idaho Camera Traps : loc_0189_im_000141,Idaho Camera Traps : loc_0189_seq_000018,Idaho Camera Traps : 189,39,deer,07-07-2016 04:47:02,5,train
https://storage.googleapis.com/public-datasets-lila/idaho-camera-traps/public/loc_0141/loc_0141_im_001324.jpg,Idaho Camera Traps : loc_0141_im_001324,Idaho Camera Traps : loc_0141_seq_000265,Idaho Camera Traps : 141,3,deer,09-30-2016 18:25:02,5,train
https://storage.googleapis.com/public-datasets-lila/nz-trailcams/PS1/deer/d9adca22-5e9a-4e21-87d5-882abf4cca1f.JPG,Trail Camera Images of New Zealand Animals : PS1/deer/d9adca22-5e9a-4e21-87d5-882abf4cca1f.JPG,Trail Camera Images of New Zealand Animals : unknown,Trail Camera Images of New Zealand Animals : PS1_CAM6213,-1,deer,06-18-2022 17:37:54,5,train
https://storage.googleapis.com/public-datasets-lila/idaho-camera-traps/public/loc_0079/loc_0079_im_001953.jpg,Idaho Camera Traps : loc_0079_im_001953,Idaho Camera Traps : loc_0079_seq_000218,Idaho Camera Traps : 79,1,deer,07-21-2015 15:47:57,5,train
https://storage.googleapis.com/public-datasets-lila/nacti-unzipped/part2/sub283/FL-39_07_06_2016_FL-39_0010533.JPG,NACTI : FL-39_07_06_2016_FL-39_0010533.JPG,NACTI : unknown,NACTI : archbold_FL-39,-1,deer,,5,test
https://storage.googleapis.com/public-datasets-lila/caltech-unzipped/cct_images/59e91ba9-23d2-11e8-a6a3-ec086b02610b.jpg,Caltech Camera Traps : 59e91ba9-23d2-11e8-a6a3-ec086b02610b,Caltech Camera Traps : 70149238-5567-11e8-9753-dca9047ef277,Caltech Camera Traps : 34,3,deer,08-24-2013 16:15:15,5,val
https://storage.googleapis.com/public-datasets-lila/idaho-camera-traps/public/loc_0143/loc_0143_im_001660.jpg,Idaho Camera Traps : loc_0143_im_001660,Idaho Camera Traps : loc_0143_seq_000403,Idaho Camera Traps : 143,5,deer,10-10-2016 23:24:50,5,train
https://storage.googleapis.com/public-datasets-lila/idaho-camera-traps/public/loc_0097/loc_0097_im_001931.jpg,Idaho Camera Traps : loc_0097_im_001931,Idaho Camera Traps : loc_0097_seq_000238,Idaho Camera Traps : 97,2,deer,03-12-2016 14:19:29,5,train
https://storage.googleapis.com/public-datasets-lila/idaho-camera-traps/public/loc_0028/loc_0028_im_004207.jpg,Idaho Camera Traps : loc_0028_im_004207,Idaho Camera Traps : loc_0028_seq_004030,Idaho Camera Traps : 28,0,deer,02-04-2016 12:25:00,5,val
https://storage.googleapis.com/public-datasets-lila/idaho-camera-traps/public/loc_0196/loc_0196_im_003144.jpg,Idaho Camera Traps : loc_0196_im_003144,Idaho Camera Traps : loc_0196_seq_000350,Idaho Camera Traps : 196,0,deer,03-14-2016 06:41:21,5,train
https://storage.googleapis.com/public-datasets-lila/idaho-camera-traps/public/loc_0129/loc_0129_im_000460.jpg,Idaho Camera Traps : loc_0129_im_000460,Idaho Camera Traps : loc_0129_seq_000047,Idaho Camera Traps : 129,2,deer,05-28-2016 23:01:34,5,train
https://storage.googleapis.com/public-datasets-lila/idaho-camera-traps/public/loc_0076/loc_0076_im_002477.jpg,Idaho Camera Traps : loc_0076_im_002477,Idaho Camera Traps : loc_0076_seq_000307,Idaho Camera Traps : 76,1,deer,04-18-2016 18:27:57,5,val
https://storage.googleapis.com/public-datasets-lila/idaho-camera-traps/public/loc_0121/loc_0121_im_005269.jpg,Idaho Camera Traps : loc_0121_im_005269,Idaho Camera Traps : loc_0121_seq_000635,Idaho Camera Traps : 121,9,deer,04-22-2016 06:05:38,5,train
https://storage.googleapis.com/public-datasets-lila/idaho-camera-traps/public/loc_0240/loc_0240_im_001694.jpg,Idaho Camera Traps : loc_0240_im_001694,Idaho Camera Traps : loc_0240_seq_000248,Idaho Camera Traps : 240,2,deer,02-24-2016 09:33:18,5,test
https://storage.googleapis.com/public-datasets-lila/idaho-camera-traps/public/loc_0193/loc_0193_im_000970.jpg,Idaho Camera Traps : loc_0193_im_000970,Idaho Camera Traps : loc_0193_seq_000140,Idaho Camera Traps : 193,18,deer,06-25-2016 03:22:28,5,val
https://storage.googleapis.com/public-datasets-lila/nacti-unzipped/part0/sub084/CA-32_08_17_2015_CA-32_0000934.jpg,NACTI : CA-32_08_17_2015_CA-32_0000934.jpg,NACTI : unknown,NACTI : lebec_CA-32,-1,deer,,5,train
https://storage.googleapis.com/public-datasets-lila/nz-trailcams/PS1/deer/ee2c9a96-c721-4e6f-8f43-203d81970c4a.JPG,Trail Camera Images of New Zealand Animals : PS1/deer/ee2c9a96-c721-4e6f-8f43-203d81970c4a.JPG,Trail Camera Images of New Zealand Animals : unknown,Trail Camera Images of New Zealand Animals : PS1_CAMGC43,-1,deer,04-26-2022 23:15:34,5,train
https://storage.googleapis.com/public-datasets-lila/idaho-camera-traps/public/loc_0209/loc_0209_im_000420.jpg,Idaho Camera Traps : loc_0209_im_000420,Idaho Camera Traps : loc_0209_seq_000067,Idaho Camera Traps : 209,15,deer,01-10-2016 16:14:14,5,train
https://storage.googleapis.com/public-datasets-lila/nacti-unzipped/part1/sub129/FL-04_06_30_2015_FL-04_0003629.jpg,NACTI : FL-04_06_30_2015_FL-04_0003629.jpg,NACTI : unknown,NACTI : archbold_FL-04,-1,deer,,5,test
https://storage.googleapis.com/public-datasets-lila/nz-trailcams/PS3/deer/f34c6788-9eb8-42ef-9522-41980e9105f1.JPG,Trail Camera Images of New Zealand Animals : PS3/deer/f34c6788-9eb8-42ef-9522-41980e9105f1.JPG,Trail Camera Images of New Zealand Animals : unknown,Trail Camera Images of New Zealand Animals : PS3_CAMGC43,-1,deer,02-09-2023 02:41:46,5,train
https://storage.googleapis.com/public-datasets-lila/nacti-unzipped/part1/sub168/FL-09_10_01_2015_FL-09_0034161.jpg,NACTI : FL-09_10_01_2015_FL-09_0034161.jpg,NACTI : unknown,NACTI : archbold_FL-09,-1,deer,,5,train
https://storage.googleapis.com/public-datasets-lila/idaho-camera-traps/public/loc_0045/loc_0045_im_003152.jpg,Idaho Camera Traps : loc_0045_im_003152,Idaho Camera Traps : loc_0045_seq_002881,Idaho Camera Traps : 45,2,deer,01-25-2016 11:24:18,5,train
https://storage.googleapis.com/public-datasets-lila/idaho-camera-traps/public/loc_0026/loc_0026_im_007540.jpg,Idaho Camera Traps : loc_0026_im_007540,Idaho Camera Traps : loc_0026_seq_006641,Idaho Camera Traps : 26,9,deer,02-18-2016 10:35:07,5,train
https://storage.googleapis.com/public-datasets-lila/idaho-camera-traps/public/loc_0014/loc_0014_im_001494.jpg,Idaho Camera Traps : loc_0014_im_001494,Idaho Camera Traps : loc_0014_seq_001459,Idaho Camera Traps : 14,8,deer,01-14-2016 14:27:14,5,train
https://storage.googleapis.com/public-datasets-lila/nacti-unzipped/part1/sub167/FL-09_06_30_2015_FL-09_0022633.jpg,NACTI : FL-09_06_30_2015_FL-09_0022633.jpg,NACTI : unknown,NACTI : archbold_FL-09,-1,deer,,5,train
https://storage.googleapis.com/public-datasets-lila/nacti-unzipped/part1/sub177/FL-12_09_02_2015_FL-12_0012979.jpg,NACTI : FL-12_09_02_2015_FL-12_0012979.jpg,NACTI : unknown,NACTI : archbold_FL-12,-1,deer,,5,train
https://storage.googleapis.com/public-datasets-lila/idaho-camera-traps/public/loc_0105/loc_0105_im_000162.jpg,Idaho Camera Traps : loc_0105_im_000162,Idaho Camera Traps : loc_0105_seq_000012,Idaho Camera Traps : 105,39,deer,06-04-2015 07:00:50,5,train
https://storage.googleapis.com/public-datasets-lila/idaho-camera-traps/public/loc_0126/loc_0126_im_000218.jpg,Idaho Camera Traps : loc_0126_im_000218,Idaho Camera Traps : loc_0126_seq_000018,Idaho Camera Traps : 126,1,deer,06-21-2016 08:44:32,5,train
https://storage.googleapis.com/public-datasets-lila/nacti-unzipped/part1/sub175/FL-12_07_05_2016_FL-12_0055845.JPG,NACTI : FL-12_07_05_2016_FL-12_0055845.JPG,NACTI : unknown,NACTI : archbold_FL-12,-1,deer,,5,train
https://storage.googleapis.com/public-datasets-lila/nacti-unzipped/part1/sub162/FL-08_09_01_2016_FL-08_0025814.JPG,NACTI : FL-08_09_01_2016_FL-08_0025814.JPG,NACTI : unknown,NACTI : archbold_FL-08,-1,deer,,5,train
https://storage.googleapis.com/public-datasets-lila/nacti-unzipped/part1/sub134/FL-05_07_05_2016_FL-05_0042550.JPG,NACTI : FL-05_07_05_2016_FL-05_0042550.JPG,NACTI : unknown,NACTI : archbold_FL-05,-1,deer,,5,train
https://storage.googleapis.com/public-datasets-lila/nz-trailcams/LCC/deer/44625f42-f469-4f6a-9b0a-088ba281f40c.JPG,Trail Camera Images of New Zealand Animals : LCC/deer/44625f42-f469-4f6a-9b0a-088ba281f40c.JPG,Trail Camera Images of New Zealand Animals : unknown,Trail Camera Images of New Zealand Animals : LCC_R141,-1,deer,04-13-2018 09:26:58,5,train
https://storage.googleapis.com/public-datasets-lila/nz-trailcams/PS1/deer/4c72e53e-280e-4752-b30b-14073914960e.JPG,Trail Camera Images of New Zealand Animals : PS1/deer/4c72e53e-280e-4752-b30b-14073914960e.JPG,Trail Camera Images of New Zealand Animals : unknown,Trail Camera Images of New Zealand Animals : PS1_CAM8001,-1,deer,03-12-2022 11:54:57,5,test
https://storage.googleapis.com/public-datasets-lila/idaho-camera-traps/public/loc_0012/loc_0012_im_007308.jpg,Idaho Camera Traps : loc_0012_im_007308,Idaho Camera Traps : loc_0012_seq_005274,Idaho Camera Traps : 12,15,deer,02-08-2016 11:21:56,5,train
https://storage.googleapis.com/public-datasets-lila/idaho-camera-traps/public/loc_0016/loc_0016_im_007322.jpg,Idaho Camera Traps : loc_0016_im_007322,Idaho Camera Traps : loc_0016_seq_005971,Idaho Camera Traps : 16,0,deer,02-14-2016 12:20:00,5,test
https://storage.googleapis.com/public-datasets-lila/nacti-unzipped/part2/sub274/FL-35_08_15_2016_FL-35_0056359.JPG,NACTI : FL-35_08_15_2016_FL-35_0056359.JPG,NACTI : unknown,NACTI : archbold_FL-35,-1,deer,,5,train
https://storage.googleapis.com/public-datasets-lila/nacti-unzipped/part2/sub230/FL-22_12_06_2015_FL-22_0075304.jpg,NACTI : FL-22_12_06_2015_FL-22_0075304.jpg,NACTI : unknown,NACTI : archbold_FL-22,-1,deer,,5,train
https://storage.googleapis.com/public-datasets-lila/nacti-unzipped/part2/sub241/FL-27_03_07_2016_FL-27_0049486.JPG,NACTI : FL-27_03_07_2016_FL-27_0049486.JPG,NACTI : unknown,NACTI : archbold_FL-27,-1,deer,,5,train
https://storage.googleapis.com/public-datasets-lila/nz-trailcams/LCC/deer/145e6283-9ef8-44b7-8537-bd77a3b9ced7.JPG,Trail Camera Images of New Zealand Animals : LCC/deer/145e6283-9ef8-44b7-8537-bd77a3b9ced7.JPG,Trail Camera Images of New Zealand Animals : unknown,Trail Camera Images of New Zealand Animals : LCC_R51,-1,deer,05-06-2018 15:37:08,5,train
https://storage.googleapis.com/public-datasets-lila/idaho-camera-traps/public/loc_0083/loc_0083_im_006230.jpg,Idaho Camera Traps : loc_0083_im_006230,Idaho Camera Traps : loc_0083_seq_001028,Idaho Camera Traps : 83,7,deer,04-18-2016 05:20:09,5,train
https://storage.googleapis.com/public-datasets-lila/idaho-camera-traps/public/loc_0092/loc_0092_im_002601.jpg,Idaho Camera Traps : loc_0092_im_002601,Idaho Camera Traps : loc_0092_seq_000415,Idaho Camera Traps : 92,3,deer,12-31-2015 12:13:18,5,train
https://storage.googleapis.com/public-datasets-lila/nacti-unzipped/part1/sub172/FL-12_01_20_2016_FL-12_0021778.jpg,NACTI : FL-12_01_20_2016_FL-12_0021778.jpg,NACTI : unknown,NACTI : archbold_FL-12,-1,deer,,5,train
https://storage.googleapis.com/public-datasets-lila/nacti-unzipped/part1/sub167/FL-09_06_30_2015_FL-09_0028439.jpg,NACTI : FL-09_06_30_2015_FL-09_0028439.jpg,NACTI : unknown,NACTI : archbold_FL-09,-1,deer,,5,train
https://storage.googleapis.com/public-datasets-lila/nacti-unzipped/part1/sub162/FL-08_07_29_2015_FL-08_0009162.jpg,NACTI : FL-08_07_29_2015_FL-08_0009162.jpg,NACTI : unknown,NACTI : archbold_FL-08,-1,deer,,5,train
https://storage.googleapis.com/public-datasets-lila/nz-trailcams/PS1/deer/010c0826-a179-4e5c-a740-4239a9b49cd9.JPG,Trail Camera Images of New Zealand Animals : PS1/deer/010c0826-a179-4e5c-a740-4239a9b49cd9.JPG,Trail Camera Images of New Zealand Animals : unknown,Trail Camera Images of New Zealand Animals : PS1_CAMGC43,-1,deer,01-08-2022 02:31:06,5,train
https://storage.googleapis.com/public-datasets-lila/nacti-unzipped/part2/sub245/FL-27_08_05_2016_FL-27_0068884.JPG,NACTI : FL-27_08_05_2016_FL-27_0068884.JPG,NACTI : unknown,NACTI : archbold_FL-27,-1,deer,,5,train
https://storage.googleapis.com/public-datasets-lila/nacti-unzipped/part2/sub258/FL-30_01_21_2016_FL-30_0044706.jpg,NACTI : FL-30_01_21_2016_FL-30_0044706.jpg,NACTI : unknown,NACTI : archbold_FL-30,-1,deer,,5,train
https://storage.googleapis.com/public-datasets-lila/idaho-camera-traps/public/loc_0214/loc_0214_im_001762.jpg,Idaho Camera Traps : loc_0214_im_001762,Idaho Camera Traps : loc_0214_seq_000166,Idaho Camera Traps : 214,0,deer,03-05-2016 17:48:58,5,test
https://storage.googleapis.com/public-datasets-lila/idaho-camera-traps/public/loc_0076/loc_0076_im_002870.jpg,Idaho Camera Traps : loc_0076_im_002870,Idaho Camera Traps : loc_0076_seq_000347,Idaho Camera Traps : 76,1,deer,05-07-2016 05:38:49,5,val
https://storage.googleapis.com/public-datasets-lila/idaho-camera-traps/public/loc_0269/loc_0269_im_000217.jpg,Idaho Camera Traps : loc_0269_im_000217,Idaho Camera Traps : loc_0269_seq_000027,Idaho Camera Traps : 269,2,deer,12-26-2015 10:24:31,5,train
https://storage.googleapis.com/public-datasets-lila/idaho-camera-traps/public/loc_0093/loc_0093_im_000527.jpg,Idaho Camera Traps : loc_0093_im_000527,Idaho Camera Traps : loc_0093_seq_000076,Idaho Camera Traps : 93,2,deer,09-28-2015 02:24:39,5,train
https://storage.googleapis.com/public-datasets-lila/nz-trailcams/LCC/deer/e5cb2a1b-629b-4ea4-9c16-7f9360fcb5a7.JPG,Trail Camera Images of New Zealand Animals : LCC/deer/e5cb2a1b-629b-4ea4-9c16-7f9360fcb5a7.JPG,Trail Camera Images of New Zealand Animals : unknown,Trail Camera Images of New Zealand Animals : LCC_R113,-1,deer,03-28-2018 08:15:45,5,train
https://storage.googleapis.com/public-datasets-lila/nacti-unzipped/part2/sub289/FL-43_04_05_2016_FL-43_0008877.JPG,NACTI : FL-43_04_05_2016_FL-43_0008877.JPG,NACTI : unknown,NACTI : archbold_FL-43,-1,deer,,5,train
https://storage.googleapis.com/public-datasets-lila/nz-trailcams/LCC/deer/94ec332e-2e34-4889-865f-aa28d53c1d17.JPG,Trail Camera Images of New Zealand Animals : LCC/deer/94ec332e-2e34-4889-865f-aa28d53c1d17.JPG,Trail Camera Images of New Zealand Animals : unknown,Trail Camera Images of New Zealand Animals : LCC_B117,-1,deer,03-27-2018 04:35:43,5,train
https://storage.googleapis.com/public-datasets-lila/nz-trailcams/LCC/deer/ad9b6e4e-c3e8-4e2b-b6a3-1811a4e39627.JPG,Trail Camera Images of New Zealand Animals : LCC/deer/ad9b6e4e-c3e8-4e2b-b6a3-1811a4e39627.JPG,Trail Camera Images of New Zealand Animals : unknown,Trail Camera Images of New Zealand Animals : LCC_B37,-1,deer,05-22-2018 02:55:26,5,test
https://storage.googleapis.com/public-datasets-lila/nacti-unzipped/part1/sub177/FL-12_09_30_2015_FL-12_0015555.jpg,NACTI : FL-12_09_30_2015_FL-12_0015555.jpg,NACTI : unknown,NACTI : archbold_FL-12,-1,deer,,5,train
https://storage.googleapis.com/public-datasets-lila/idaho-camera-traps/public/loc_0233/loc_0233_im_000412.jpg,Idaho Camera Traps : loc_0233_im_000412,Idaho Camera Traps : loc_0233_seq_000094,Idaho Camera Traps : 233,7,deer,02-22-2016 00:32:16,5,train
https://storage.googleapis.com/public-datasets-lila/nacti-unzipped/part1/sub185/FL-14_01_21_2016_FL-14_0014154.jpg,NACTI : FL-14_01_21_2016_FL-14_0014154.jpg,NACTI : unknown,NACTI : archbold_FL-14,-1,deer,,5,train
https://storage.googleapis.com/public-datasets-lila/idaho-camera-traps/public/loc_0194/loc_0194_im_000121.jpg,Idaho Camera Traps : loc_0194_im_000121,Idaho Camera Traps : loc_0194_seq_000020,Idaho Camera Traps : 194,3,deer,05-31-2016 19:19:28,5,train
https://storage.googleapis.com/public-datasets-lila/nacti-unzipped/part1/sub170/FL-10_12_08_2015_FL-10_0010723.jpg,NACTI : FL-10_12_08_2015_FL-10_0010723.jpg,NACTI : unknown,NACTI : archbold_FL-10,-1,deer,,5,train
https://storage.googleapis.com/public-datasets-lila/idaho-camera-traps/public/loc_0094/loc_0094_im_000034.jpg,Idaho Camera Traps : loc_0094_im_000034,Idaho Camera Traps : loc_0094_seq_000008,Idaho Camera Traps : 94,1,deer,06-02-2015 06:38:51,5,train
https://storage.googleapis.com/public-datasets-lila/idaho-camera-traps/public/loc_0085/loc_0085_im_001871.jpg,Idaho Camera Traps : loc_0085_im_001871,Idaho Camera Traps : loc_0085_seq_000213,Idaho Camera Traps : 85,2,deer,11-24-2015 04:57:08,5,train
https://storage.googleapis.com/public-datasets-lila/nacti-unzipped/part2/sub282/FL-38_07_08_2016_FL-38_0046291.JPG,NACTI : FL-38_07_08_2016_FL-38_0046291.JPG,NACTI : unknown,NACTI : archbold_FL-38,-1,deer,,5,train
https://storage.googleapis.com/public-datasets-lila/nacti-unzipped/part2/sub254/FL-29_06_03_2016_FL-29_0065888.JPG,NACTI : FL-29_06_03_2016_FL-29_0065888.JPG,NACTI : unknown,NACTI : archbold_FL-29,-1,deer,,5,train
https://storage.googleapis.com/public-datasets-lila/idaho-camera-traps/public/loc_0044/loc_0044_im_007267.jpg,Idaho Camera Traps : loc_0044_im_007267,Idaho Camera Traps : loc_0044_seq_005387,Idaho Camera Traps : 44,65,deer,02-09-2016 12:18:16,5,val
https://storage.googleapis.com/public-datasets-lila/idaho-camera-traps/public/loc_0272/loc_0272_im_001407.jpg,Idaho Camera Traps : loc_0272_im_001407,Idaho Camera Traps : loc_0272_seq_000178,Idaho Camera Traps : 272,1,deer,02-25-2016 14:58:14,5,test
https://storage.googleapis.com/public-datasets-lila/nz-trailcams/PS1/deer/897d9cbb-4189-4e04-99bc-b7317f301f48.JPG,Trail Camera Images of New Zealand Animals : PS1/deer/897d9cbb-4189-4e04-99bc-b7317f301f48.JPG,Trail Camera Images of New Zealand Animals : unknown,Trail Camera Images of New Zealand Animals : PS1_CAM7208,-1,deer,06-23-2022 23:28:51,5,test
https://storage.googleapis.com/public-datasets-lila/nacti-unzipped/part2/sub283/FL-39_07_06_2016_FL-39_0010303.JPG,NACTI : FL-39_07_06_2016_FL-39_0010303.JPG,NACTI : unknown,NACTI : archbold_FL-39,-1,deer,,5,test
https://storage.googleapis.com/public-datasets-lila/idaho-camera-traps/public/loc_0233/loc_0233_im_000548.jpg,Idaho Camera Traps : loc_0233_im_000548,Idaho Camera Traps : loc_0233_seq_000110,Idaho Camera Traps : 233,0,deer,02-25-2016 10:02:56,5,train
https://storage.googleapis.com/public-datasets-lila/nacti-unzipped/part1/sub178/FL-12_11_02_2015_FL-12_0017877.jpg,NACTI : FL-12_11_02_2015_FL-12_0017877.jpg,NACTI : unknown,NACTI : archbold_FL-12,-1,deer,,5,train
https://storage.googleapis.com/public-datasets-lila/nacti-unzipped/part2/sub279/FL-37_10_01_2015_FL-37_0000088.jpg,NACTI : FL-37_10_01_2015_FL-37_0000088.jpg,NACTI : unknown,NACTI : archbold_FL-37,-1,deer,,5,val
https://storage.googleapis.com/public-datasets-lila/nacti-unzipped/part1/sub131/FL-04_11_02_2015_FL-04_0012715.jpg,NACTI : FL-04_11_02_2015_FL-04_0012715.jpg,NACTI : unknown,NACTI : archbold_FL-04,-1,deer,,5,test
https://storage.googleapis.com/public-datasets-lila/idaho-camera-traps/public/loc_0120/loc_0120_im_002971.jpg,Idaho Camera Traps : loc_0120_im_002971,Idaho Camera Traps : loc_0120_seq_000338,Idaho Camera Traps : 120,8,deer,12-18-2015 22:01:33,5,train
https://storage.googleapis.com/public-datasets-lila/idaho-camera-traps/public/loc_0103/loc_0103_im_004021.jpg,Idaho Camera Traps : loc_0103_im_004021,Idaho Camera Traps : loc_0103_seq_000569,Idaho Camera Traps : 103,1,deer,04-06-2016 06:35:01,5,train
https://storage.googleapis.com/public-datasets-lila/idaho-camera-traps/public/loc_0257/loc_0257_im_001136.jpg,Idaho Camera Traps : loc_0257_im_001136,Idaho Camera Traps : loc_0257_seq_000098,Idaho Camera Traps : 257,83,deer,12-31-2015 10:05:36,5,train
https://storage.googleapis.com/public-datasets-lila/idaho-camera-traps/public/loc_0099/loc_0099_im_001387.jpg,Idaho Camera Traps : loc_0099_im_001387,Idaho Camera Traps : loc_0099_seq_000253,Idaho Camera Traps : 99,7,deer,05-14-2016 20:22:38,5,train
https://storage.googleapis.com/public-datasets-lila/idaho-camera-traps/public/loc_0012/loc_0012_im_004228.jpg,Idaho Camera Traps : loc_0012_im_004228,Idaho Camera Traps : loc_0012_seq_003208,Idaho Camera Traps : 12,51,deer,01-25-2016 10:33:51,5,train
https://storage.googleapis.com/public-datasets-lila/idaho-camera-traps/public/loc_0242/loc_0242_im_001712.jpg,Idaho Camera Traps : loc_0242_im_001712,Idaho Camera Traps : loc_0242_seq_000248,Idaho Camera Traps : 242,7,deer,04-15-2016 05:07:10,5,test
https://storage.googleapis.com/public-datasets-lila/nz-trailcams/LCC/deer/d8ecd945-de71-45ef-818b-f24b977d5d23.JPG,Trail Camera Images of New Zealand Animals : LCC/deer/d8ecd945-de71-45ef-818b-f24b977d5d23.JPG,Trail Camera Images of New Zealand Animals : unknown,Trail Camera Images of New Zealand Animals : LCC_R135,-1,deer,03-18-2018 04:21:19,5,train
https://storage.googleapis.com/public-datasets-lila/idaho-camera-traps/public/loc_0109/loc_0109_im_001592.jpg,Idaho Camera Traps : loc_0109_im_001592,Idaho Camera Traps : loc_0109_seq_000175,Idaho Camera Traps : 109,4,deer,04-22-2016 17:39:51,5,train
https://storage.googleapis.com/public-datasets-lila/nacti-unzipped/part1/sub186/FL-14_04_05_2016_FL-14_0019686.JPG,NACTI : FL-14_04_05_2016_FL-14_0019686.JPG,NACTI : unknown,NACTI : archbold_FL-14,-1,deer,,5,train
https://storage.googleapis.com/public-datasets-lila/nacti-unzipped/part2/sub200/FL-17_05_02_2016_FL-17_0073455.JPG,NACTI : FL-17_05_02_2016_FL-17_0073455.JPG,NACTI : unknown,NACTI : archbold_FL-17,-1,deer,,5,train
https://storage.googleapis.com/public-datasets-lila/nz-trailcams/PS1/deer/c5af456a-2737-4a39-89fd-091f3d56a605.JPG,Trail Camera Images of New Zealand Animals : PS1/deer/c5af456a-2737-4a39-89fd-091f3d56a605.JPG,Trail Camera Images of New Zealand Animals : unknown,Trail Camera Images of New Zealand Animals : PS1_CAMFC23,-1,deer,06-20-2022 01:52:12,5,train
https://storage.googleapis.com/public-datasets-lila/idaho-camera-traps/public/loc_0170/loc_0170_im_001675.jpg,Idaho Camera Traps : loc_0170_im_001675,Idaho Camera Traps : loc_0170_seq_000263,Idaho Camera Traps : 170,1,deer,06-28-2016 19:37:09,5,train
https://storage.googleapis.com/public-datasets-lila/nz-trailcams/LCC/deer/6b7180e5-d55b-49eb-a54e-25c6a749da07.JPG,Trail Camera Images of New Zealand Animals : LCC/deer/6b7180e5-d55b-49eb-a54e-25c6a749da07.JPG,Trail Camera Images of New Zealand Animals : unknown,Trail Camera Images of New Zealand Animals : LCC_B122,-1,deer,05-04-2018 20:56:44,5,test
https://storage.googleapis.com/public-datasets-lila/nacti-unzipped/part1/sub178/FL-12_11_02_2015_FL-12_0017127.jpg,NACTI : FL-12_11_02_2015_FL-12_0017127.jpg,NACTI : unknown,NACTI : archbold_FL-12,-1,deer,,5,train
https://storage.googleapis.com/public-datasets-lila/nacti-unzipped/part1/sub130/FL-04_09_30_2015_FL-04_0010045.jpg,NACTI : FL-04_09_30_2015_FL-04_0010045.jpg,NACTI : unknown,NACTI : archbold_FL-04,-1,deer,,5,test
https://storage.googleapis.com/public-datasets-lila/nacti-unzipped/part1/sub177/FL-12_09_01_2016_FL-12_0073439.JPG,NACTI : FL-12_09_01_2016_FL-12_0073439.JPG,NACTI : unknown,NACTI : archbold_FL-12,-1,deer,,5,train
https://storage.googleapis.com/public-datasets-lila/nz-trailcams/LCC/deer/88e7ac87-471b-49e7-9c9f-a39706eab1ee.JPG,Trail Camera Images of New Zealand Animals : LCC/deer/88e7ac87-471b-49e7-9c9f-a39706eab1ee.JPG,Trail Camera Images of New Zealand Animals : unknown,Trail Camera Images of New Zealand Animals : LCC_R102,-1,deer,04-12-2018 07:24:57,5,train
https://storage.googleapis.com/public-datasets-lila/nacti-unzipped/part1/sub176/FL-12_07_28_2015_FL-12_0008694.jpg,NACTI : FL-12_07_28_2015_FL-12_0008694.jpg,NACTI : unknown,NACTI : archbold_FL-12,-1,deer,,5,train
https://storage.googleapis.com/public-datasets-lila/nacti-unzipped/part1/sub133/FL-05_06_02_2016_FL-05_0039483.JPG,NACTI : FL-05_06_02_2016_FL-05_0039483.JPG,NACTI : unknown,NACTI : archbold_FL-05,-1,deer,,5,train
https://storage.googleapis.com/public-datasets-lila/idaho-camera-traps/public/loc_0169/loc_0169_im_000517.jpg,Idaho Camera Traps : loc_0169_im_000517,Idaho Camera Traps : loc_0169_seq_000079,Idaho Camera Traps : 169,8,deer,06-13-2016 00:12:32,5,test
https://storage.googleapis.com/public-datasets-lila/nz-trailcams/Z20/deer/bc09b9b9-08d9-4d0f-a82b-d9428292447f.JPG,Trail Camera Images of New Zealand Animals : Z20/deer/bc09b9b9-08d9-4d0f-a82b-d9428292447f.JPG,Trail Camera Images of New Zealand Animals : unknown,Trail Camera Images of New Zealand Animals : Z20_3LL2400,-1,deer,03-27-2022 04:13:23,5,train
https://storage.googleapis.com/public-datasets-lila/idaho-camera-traps/public/loc_0199/loc_0199_im_005953.jpg,Idaho Camera Traps : loc_0199_im_005953,Idaho Camera Traps : loc_0199_seq_000468,Idaho Camera Traps : 199,3,deer,03-31-2016 11:28:47,5,train
https://storage.googleapis.com/public-datasets-lila/idaho-camera-traps/public/loc_0110/loc_0110_im_001591.jpg,Idaho Camera Traps : loc_0110_im_001591,Idaho Camera Traps : loc_0110_seq_000177,Idaho Camera Traps : 110,4,deer,10-20-2015 18:28:08,5,train
https://storage.googleapis.com/public-datasets-lila/idaho-camera-traps/public/loc_0199/loc_0199_im_005880.jpg,Idaho Camera Traps : loc_0199_im_005880,Idaho Camera Traps : loc_0199_seq_000462,Idaho Camera Traps : 199,0,deer,03-31-2016 09:19:32,5,train
https://storage.googleapis.com/public-datasets-lila/idaho-camera-traps/public/loc_0124/loc_0124_im_001533.jpg,Idaho Camera Traps : loc_0124_im_001533,Idaho Camera Traps : loc_0124_seq_000170,Idaho Camera Traps : 124,18,deer,10-01-2015 03:43:34,5,test
https://storage.googleapis.com/public-datasets-lila/caltech-unzipped/cct_images/598941ab-23d2-11e8-a6a3-ec086b02610b.jpg,Caltech Camera Traps : 598941ab-23d2-11e8-a6a3-ec086b02610b,Caltech Camera Traps : 70150c85-5567-11e8-83ce-dca9047ef277,Caltech Camera Traps : 34,3,deer,11-10-2013 15:27:27,5,val
https://storage.googleapis.com/public-datasets-lila/nz-trailcams/LCC/deer/d5defea3-2c87-4419-890a-5665a46f36da.JPG,Trail Camera Images of New Zealand Animals : LCC/deer/d5defea3-2c87-4419-890a-5665a46f36da.JPG,Trail Camera Images of New Zealand Animals : unknown,Trail Camera Images of New Zealand Animals : LCC_R21,-1,deer,04-16-2018 05:26:46,5,train
https://storage.googleapis.com/public-datasets-lila/idaho-camera-traps/public/loc_0199/loc_0199_im_003790.jpg,Idaho Camera Traps : loc_0199_im_003790,Idaho Camera Traps : loc_0199_seq_000260,Idaho Camera Traps : 199,1,deer,02-29-2016 00:13:45,5,train
https://storage.googleapis.com/public-datasets-lila/nacti-unzipped/part2/sub237/FL-25_05_02_2016_FL-25_0025367.JPG,NACTI : FL-25_05_02_2016_FL-25_0025367.JPG,NACTI : unknown,NACTI : archbold_FL-25,-1,deer,,5,train
https://storage.googleapis.com/public-datasets-lila/caltech-unzipped/cct_images/5a163efb-23d2-11e8-a6a3-ec086b02610b.jpg,Caltech Camera Traps : 5a163efb-23d2-11e8-a6a3-ec086b02610b,Caltech Camera Traps : 7012878f-5567-11e8-911b-dca9047ef277,Caltech Camera Traps : 27,1,deer,03-25-2015 03:19:18,5,train
https://storage.googleapis.com/public-datasets-lila/nz-trailcams/PS3/deer/61aa02ab-60b6-408a-a30d-1c71dcddf69c.JPG,Trail Camera Images of New Zealand Animals : PS3/deer/61aa02ab-60b6-408a-a30d-1c71dcddf69c.JPG,Trail Camera Images of New Zealand Animals : unknown,Trail Camera Images of New Zealand Animals : PS3_CAM8001,-1,deer,02-06-2023 13:47:54,5,train
https://storage.googleapis.com/public-datasets-lila/nacti-unzipped/part1/sub116/FL-01_06_29_2015_FL-01_0036922.jpg,NACTI : FL-01_06_29_2015_FL-01_0036922.jpg,NACTI : unknown,NACTI : archbold_FL-01,-1,deer,,5,train
https://storage.googleapis.com/public-datasets-lila/idaho-camera-traps/public/loc_0091/loc_0091_im_000487.jpg,Idaho Camera Traps : loc_0091_im_000487,Idaho Camera Traps : loc_0091_seq_000062,Idaho Camera Traps : 91,1,deer,08-04-2015 14:06:00,5,train
https://storage.googleapis.com/public-datasets-lila/idaho-camera-traps/public/loc_0121/loc_0121_im_001756.jpg,Idaho Camera Traps : loc_0121_im_001756,Idaho Camera Traps : loc_0121_seq_000192,Idaho Camera Traps : 121,10,deer,09-03-2015 07:09:12,5,train
https://storage.googleapis.com/public-datasets-lila/idaho-camera-traps/public/loc_0134/loc_0134_im_000465.jpg,Idaho Camera Traps : loc_0134_im_000465,Idaho Camera Traps : loc_0134_seq_000059,Idaho Camera Traps : 134,14,deer,06-20-2016 09:19:41,5,train
https://storage.googleapis.com/public-datasets-lila/idaho-camera-traps/public/loc_0080/loc_0080_im_002815.jpg,Idaho Camera Traps : loc_0080_im_002815,Idaho Camera Traps : loc_0080_seq_000330,Idaho Camera Traps : 80,0,deer,05-08-2016 21:36:43,5,train
https://storage.googleapis.com/public-datasets-lila/idaho-camera-traps/public/loc_0183/loc_0183_im_001225.jpg,Idaho Camera Traps : loc_0183_im_001225,Idaho Camera Traps : loc_0183_seq_000239,Idaho Camera Traps : 183,10,deer,07-06-2016 00:19:20,5,train
https://storage.googleapis.com/public-datasets-lila/nacti-unzipped/part1/sub167/FL-09_06_30_2015_FL-09_0022605.jpg,NACTI : FL-09_06_30_2015_FL-09_0022605.jpg,NACTI : unknown,NACTI : archbold_FL-09,-1,deer,,5,train
https://storage.googleapis.com/public-datasets-lila/idaho-camera-traps/public/loc_0081/loc_0081_im_000588.jpg,Idaho Camera Traps : loc_0081_im_000588,Idaho Camera Traps : loc_0081_seq_000061,Idaho Camera Traps : 81,19,deer,06-10-2015 19:38:29,5,train
https://storage.googleapis.com/public-datasets-lila/idaho-camera-traps/public/loc_0124/loc_0124_im_000198.jpg,Idaho Camera Traps : loc_0124_im_000198,Idaho Camera Traps : loc_0124_seq_000014,Idaho Camera Traps : 124,9,deer,06-09-2015 10:52:02,5,test
https://storage.googleapis.com/public-datasets-lila/nacti-unzipped/part2/sub261/FL-31_01_21_2016_FL-31_0033717.jpg,NACTI : FL-31_01_21_2016_FL-31_0033717.jpg,NACTI : unknown,NACTI : archbold_FL-31,-1,deer,,5,train
https://storage.googleapis.com/public-datasets-lila/idaho-camera-traps/public/loc_0049/loc_0049_im_007021.jpg,Idaho Camera Traps : loc_0049_im_007021,Idaho Camera Traps : loc_0049_seq_004494,Idaho Camera Traps : 49,0,deer,02-03-2016 12:48:56,5,train
https://storage.googleapis.com/public-datasets-lila/idaho-camera-traps/public/loc_0080/loc_0080_im_002964.jpg,Idaho Camera Traps : loc_0080_im_002964,Idaho Camera Traps : loc_0080_seq_000339,Idaho Camera Traps : 80,20,deer,05-09-2016 19:23:27,5,train
https://storage.googleapis.com/public-datasets-lila/nz-trailcams/LCC/deer/715d2584-3405-4ad9-9c22-3f023241f448.JPG,Trail Camera Images of New Zealand Animals : LCC/deer/715d2584-3405-4ad9-9c22-3f023241f448.JPG,Trail Camera Images of New Zealand Animals : unknown,Trail Camera Images of New Zealand Animals : LCC_R51,-1,deer,04-21-2018 20:40:11,5,train
https://storage.googleapis.com/public-datasets-lila/nz-trailcams/PS1/deer/5e1d6028-e9a7-48e4-ac40-b60cc64de543.JPG,Trail Camera Images of New Zealand Animals : PS1/deer/5e1d6028-e9a7-48e4-ac40-b60cc64de543.JPG,Trail Camera Images of New Zealand Animals : unknown,Trail Camera Images of New Zealand Animals : PS1_CAM6609,-1,deer,07-26-2022 09:52:29,5,test
https://storage.googleapis.com/public-datasets-lila/idaho-camera-traps/public/loc_0126/loc_0126_im_001062.jpg,Idaho Camera Traps : loc_0126_im_001062,Idaho Camera Traps : loc_0126_seq_000096,Idaho Camera Traps : 126,5,deer,06-30-2016 08:03:08,5,train
https://storage.googleapis.com/public-datasets-lila/nacti-unzipped/part2/sub227/FL-22_07_06_2016_FL-22_0111389.JPG,NACTI : FL-22_07_06_2016_FL-22_0111389.JPG,NACTI : unknown,NACTI : archbold_FL-22,-1,deer,,5,train
https://storage.googleapis.com/public-datasets-lila/idaho-camera-traps/public/loc_0017/loc_0017_im_010877.jpg,Idaho Camera Traps : loc_0017_im_010877,Idaho Camera Traps : loc_0017_seq_009479,Idaho Camera Traps : 17,78,deer,03-08-2016 18:04:31,5,train
https://storage.googleapis.com/public-datasets-lila/nacti-unzipped/part2/sub264/FL-31_06_30_2015_FL-31_0016608.jpg,NACTI : FL-31_06_30_2015_FL-31_0016608.jpg,NACTI : unknown,NACTI : archbold_FL-31,-1,deer,,5,train
https://storage.googleapis.com/public-datasets-lila/idaho-camera-traps/public/loc_0114/loc_0114_im_000473.jpg,Idaho Camera Traps : loc_0114_im_000473,Idaho Camera Traps : loc_0114_seq_000054,Idaho Camera Traps : 114,5,deer,08-08-2015 00:18:56,5,test
https://storage.googleapis.com/public-datasets-lila/orinoquia-camera-traps/public/M04/102EK113/02070336.JPG,Orinoquia Camera Traps : M04_102EK113_02070336.JPG,Orinoquia Camera Traps : 39a5ce80-7160-11ec-889c-5cf3706028c2,Orinoquia Camera Traps : M04,2,deer,02-07-2020 13:09:06,5,train
https://storage.googleapis.com/public-datasets-lila/nacti-unzipped/part2/sub264/FL-31_06_30_2015_FL-31_0016602.jpg,NACTI : FL-31_06_30_2015_FL-31_0016602.jpg,NACTI : unknown,NACTI : archbold_FL-31,-1,deer,,5,train
https://storage.googleapis.com/public-datasets-lila/idaho-camera-traps/public/loc_0082/loc_0082_im_000070.jpg,Idaho Camera Traps : loc_0082_im_000070,Idaho Camera Traps : loc_0082_seq_000010,Idaho Camera Traps : 82,4,deer,06-06-2015 07:15:45,5,train
https://storage.googleapis.com/public-datasets-lila/idaho-camera-traps/public/loc_0116/loc_0116_im_000903.jpg,Idaho Camera Traps : loc_0116_im_000903,Idaho Camera Traps : loc_0116_seq_000099,Idaho Camera Traps : 116,18,deer,07-13-2015 10:44:01,5,train
https://storage.googleapis.com/public-datasets-lila/idaho-camera-traps/public/loc_0105/loc_0105_im_000009.jpg,Idaho Camera Traps : loc_0105_im_000009,Idaho Camera Traps : loc_0105_seq_000000,Idaho Camera Traps : 105,9,deer,05-28-2015 17:47:05,5,train
https://storage.googleapis.com/public-datasets-lila/idaho-camera-traps/public/loc_0160/loc_0160_im_000936.jpg,Idaho Camera Traps : loc_0160_im_000936,Idaho Camera Traps : loc_0160_seq_000221,Idaho Camera Traps : 160,0,deer,09-14-2016 03:31:08,5,train
https://storage.googleapis.com/public-datasets-lila/idaho-camera-traps/public/loc_0176/loc_0176_im_000214.jpg,Idaho Camera Traps : loc_0176_im_000214,Idaho Camera Traps : loc_0176_seq_000063,Idaho Camera Traps : 176,8,deer,06-29-2016 19:55:07,5,train
https://storage.googleapis.com/public-datasets-lila/idaho-camera-traps/public/loc_0120/loc_0120_im_003801.jpg,Idaho Camera Traps : loc_0120_im_003801,Idaho Camera Traps : loc_0120_seq_000459,Idaho Camera Traps : 120,19,deer,04-26-2016 08:47:40,5,train
https://storage.googleapis.com/public-datasets-lila/nz-trailcams/LCC/deer/cbe309a2-e66e-4d34-8646-a7fb8ff7aa39.JPG,Trail Camera Images of New Zealand Animals : LCC/deer/cbe309a2-e66e-4d34-8646-a7fb8ff7aa39.JPG,Trail Camera Images of New Zealand Animals : unknown,Trail Camera Images of New Zealand Animals : LCC_B122,-1,deer,07-26-2018 21:14:56,5,test
https://storage.googleapis.com/public-datasets-lila/idaho-camera-traps/public/loc_0135/loc_0135_im_000619.jpg,Idaho Camera Traps : loc_0135_im_000619,Idaho Camera Traps : loc_0135_seq_000111,Idaho Camera Traps : 135,14,deer,07-18-2016 09:18:42,5,test
https://storage.googleapis.com/public-datasets-lila/nz-trailcams/PS3/deer/d8e17449-a3c3-41ab-8d7f-e582e76af1cc.JPG,Trail Camera Images of New Zealand Animals : PS3/deer/d8e17449-a3c3-41ab-8d7f-e582e76af1cc.JPG,Trail Camera Images of New Zealand Animals : unknown,Trail Camera Images of New Zealand Animals : PS3_CAMCREK,-1,deer,04-24-2023 10:19:08,5,train
https://storage.googleapis.com/public-datasets-lila/idaho-camera-traps/public/loc_0233/loc_0233_im_000465.jpg,Idaho Camera Traps : loc_0233_im_000465,Idaho Camera Traps : loc_0233_seq_000098,Idaho Camera Traps : 233,10,deer,02-22-2016 01:22:40,5,train
https://storage.googleapis.com/public-datasets-lila/idaho-camera-traps/public/loc_0196/loc_0196_im_000196.jpg,Idaho Camera Traps : loc_0196_im_000196,Idaho Camera Traps : loc_0196_seq_000014,Idaho Camera Traps : 196,4,deer,06-20-2015 11:39:56,5,train
https://storage.googleapis.com/public-datasets-lila/idaho-camera-traps/public/loc_0117/loc_0117_im_000712.jpg,Idaho Camera Traps : loc_0117_im_000712,Idaho Camera Traps : loc_0117_seq_000099,Idaho Camera Traps : 117,7,deer,11-04-2015 02:42:25,5,train
https://storage.googleapis.com/public-datasets-lila/nacti-unzipped/part2/sub208/FL-18_12_08_2015_FL-18_0016672.jpg,NACTI : FL-18_12_08_2015_FL-18_0016672.jpg,NACTI : unknown,NACTI : archbold_FL-18,-1,deer,,5,train
https://storage.googleapis.com/public-datasets-lila/nz-trailcams/EFH/deer/81A117E8-4596-4D3F-A500-0BD6EE209B0D.JPG,Trail Camera Images of New Zealand Animals : EFH/deer/81A117E8-4596-4D3F-A500-0BD6EE209B0D.JPG,Trail Camera Images of New Zealand Animals : unknown,Trail Camera Images of New Zealand Animals : EFH_HCAMJ03,-1,deer,06-30-2020 14:46:29,5,train
https://storage.googleapis.com/public-datasets-lila/caltech-unzipped/cct_images/59e91a14-23d2-11e8-a6a3-ec086b02610b.jpg,Caltech Camera Traps : 59e91a14-23d2-11e8-a6a3-ec086b02610b,Caltech Camera Traps : 7012b991-5567-11e8-88f7-dca9047ef277,Caltech Camera Traps : 27,1,deer,04-04-2015 03:42:53,5,train
https://storage.googleapis.com/public-datasets-lila/idaho-camera-traps/public/loc_0141/loc_0141_im_001532.jpg,Idaho Camera Traps : loc_0141_im_001532,Idaho Camera Traps : loc_0141_seq_000301,Idaho Camera Traps : 141,7,deer,10-12-2016 00:17:41,5,train
https://storage.googleapis.com/public-datasets-lila/idaho-camera-traps/public/loc_0193/loc_0193_im_004362.jpg,Idaho Camera Traps : loc_0193_im_004362,Idaho Camera Traps : loc_0193_seq_000862,Idaho Camera Traps : 193,2,deer,08-27-2016 05:06:37,5,val
https://storage.googleapis.com/public-datasets-lila/idaho-camera-traps/public/loc_0122/loc_0122_im_000621.jpg,Idaho Camera Traps : loc_0122_im_000621,Idaho Camera Traps : loc_0122_seq_000061,Idaho Camera Traps : 122,3,deer,06-19-2015 19:37:12,5,val
https://storage.googleapis.com/public-datasets-lila/caltech-unzipped/cct_images/59b48678-23d2-11e8-a6a3-ec086b02610b.jpg,Caltech Camera Traps : 59b48678-23d2-11e8-a6a3-ec086b02610b,Caltech Camera Traps : 7014cf0a-5567-11e8-a700-dca9047ef277,Caltech Camera Traps : 34,1,deer,10-23-2013 14:36:57,5,val
https://storage.googleapis.com/public-datasets-lila/nacti-unzipped/part2/sub283/FL-39_10_01_2015_FL-39_0000394.jpg,NACTI : FL-39_10_01_2015_FL-39_0000394.jpg,NACTI : unknown,NACTI : archbold_FL-39,-1,deer,,5,test
https://storage.googleapis.com/public-datasets-lila/nz-trailcams/LCC/deer/5a5e8695-fd32-467c-b842-3a8c3a48ce4c.JPG,Trail Camera Images of New Zealand Animals : LCC/deer/5a5e8695-fd32-467c-b842-3a8c3a48ce4c.JPG,Trail Camera Images of New Zealand Animals : unknown,Trail Camera Images of New Zealand Animals : LCC_B131,-1,deer,05-05-2018 01:22:44,5,val
https://storage.googleapis.com/public-datasets-lila/idaho-camera-traps/public/loc_0169/loc_0169_im_001175.jpg,Idaho Camera Traps : loc_0169_im_001175,Idaho Camera Traps : loc_0169_seq_000240,Idaho Camera Traps : 169,6,deer,09-14-2016 23:53:08,5,test
https://storage.googleapis.com/public-datasets-lila/nacti-unzipped/part1/sub177/FL-12_09_01_2016_FL-12_0074711.JPG,NACTI : FL-12_09_01_2016_FL-12_0074711.JPG,NACTI : unknown,NACTI : archbold_FL-12,-1,deer,,5,train
https://storage.googleapis.com/public-datasets-lila/nz-trailcams/MIS/deer/61e662de-0e41-415a-a5c7-1fd7ac308e2d.JPG,Trail Camera Images of New Zealand Animals : MIS/deer/61e662de-0e41-415a-a5c7-1fd7ac308e2d.JPG,Trail Camera Images of New Zealand Animals : unknown,Trail Camera Images of New Zealand Animals : MIS_HV0004,-1,deer,,5,train
https://storage.googleapis.com/public-datasets-lila/nacti-unzipped/part1/sub175/FL-12_06_29_2015_FL-12_0002201.jpg,NACTI : FL-12_06_29_2015_FL-12_0002201.jpg,NACTI : unknown,NACTI : archbold_FL-12,-1,deer,,5,train
https://storage.googleapis.com/public-datasets-lila/nacti-unzipped/part2/sub275/FL-35_11_03_2015_FL-35_0002309.jpg,NACTI : FL-35_11_03_2015_FL-35_0002309.jpg,NACTI : unknown,NACTI : archbold_FL-35,-1,deer,,5,train
https://storage.googleapis.com/public-datasets-lila/idaho-camera-traps/public/loc_0113/loc_0113_im_000092.jpg,Idaho Camera Traps : loc_0113_im_000092,Idaho Camera Traps : loc_0113_seq_000008,Idaho Camera Traps : 113,5,deer,06-13-2015 06:15:16,5,val
https://storage.googleapis.com/public-datasets-lila/nacti-unzipped/part1/sub175/FL-12_07_05_2016_FL-12_0056008.JPG,NACTI : FL-12_07_05_2016_FL-12_0056008.JPG,NACTI : unknown,NACTI : archbold_FL-12,-1,deer,,5,train
https://storage.googleapis.com/public-datasets-lila/idaho-camera-traps/public/loc_0016/loc_0016_im_009331.jpg,Idaho Camera Traps : loc_0016_im_009331,Idaho Camera Traps : loc_0016_seq_007714,Idaho Camera Traps : 16,8,deer,02-26-2016 11:43:50,5,test
https://storage.googleapis.com/public-datasets-lila/nz-trailcams/LCC/deer/702277b4-b6a0-49ae-985d-ce57b377fbbe.JPG,Trail Camera Images of New Zealand Animals : LCC/deer/702277b4-b6a0-49ae-985d-ce57b377fbbe.JPG,Trail Camera Images of New Zealand Animals : unknown,Trail Camera Images of New Zealand Animals : LCC_R14,-1,deer,05-06-2018 02:09:11,5,val
https://storage.googleapis.com/public-datasets-lila/nacti-unzipped/part2/sub281/FL-38_07_08_2016_FL-38_0043153.JPG,NACTI : FL-38_07_08_2016_FL-38_0043153.JPG,NACTI : unknown,NACTI : archbold_FL-38,-1,deer,,5,train
https://storage.googleapis.com/public-datasets-lila/idaho-camera-traps/public/loc_0015/loc_0015_im_010060.jpg,Idaho Camera Traps : loc_0015_im_010060,Idaho Camera Traps : loc_0015_seq_009510,Idaho Camera Traps : 15,4,deer,03-09-2016 11:51:39,5,train
https://storage.googleapis.com/public-datasets-lila/idaho-camera-traps/public/loc_0032/loc_0032_im_003067.jpg,Idaho Camera Traps : loc_0032_im_003067,Idaho Camera Traps : loc_0032_seq_002992,Idaho Camera Traps : 32,3,deer,03-08-2016 18:27:50,5,train
https://storage.googleapis.com/public-datasets-lila/idaho-camera-traps/public/loc_0024/loc_0024_im_010343.jpg,Idaho Camera Traps : loc_0024_im_010343,Idaho Camera Traps : loc_0024_seq_010200,Idaho Camera Traps : 24,0,deer,03-17-2016 11:20:00,5,train
https://storage.googleapis.com/public-datasets-lila/idaho-camera-traps/public/loc_0113/loc_0113_im_001314.jpg,Idaho Camera Traps : loc_0113_im_001314,Idaho Camera Traps : loc_0113_seq_000164,Idaho Camera Traps : 113,16,deer,12-04-2015 08:19:14,5,val
https://storage.googleapis.com/public-datasets-lila/nz-trailcams/PS1/deer/42928487-9668-494c-b08f-528a98f2ea96.JPG,Trail Camera Images of New Zealand Animals : PS1/deer/42928487-9668-494c-b08f-528a98f2ea96.JPG,Trail Camera Images of New Zealand Animals : unknown,Trail Camera Images of New Zealand Animals : PS1_CAM8306,-1,deer,06-19-2022 22:34:47,5,train
https://storage.googleapis.com/public-datasets-lila/nz-trailcams/LCC/deer/85f1e1d7-dc5c-4dae-b0bf-da9894656735.JPG,Trail Camera Images of New Zealand Animals : LCC/deer/85f1e1d7-dc5c-4dae-b0bf-da9894656735.JPG,Trail Camera Images of New Zealand Animals : unknown,Trail Camera Images of New Zealand Animals : LCC_B127,-1,deer,05-26-2018 00:38:28,5,train
https://storage.googleapis.com/public-datasets-lila/idaho-camera-traps/public/loc_0115/loc_0115_im_001144.jpg,Idaho Camera Traps : loc_0115_im_001144,Idaho Camera Traps : loc_0115_seq_000169,Idaho Camera Traps : 115,1,deer,04-27-2016 20:08:41,5,train
https://storage.googleapis.com/public-datasets-lila/idaho-camera-traps/public/loc_0103/loc_0103_im_003498.jpg,Idaho Camera Traps : loc_0103_im_003498,Idaho Camera Traps : loc_0103_seq_000475,Idaho Camera Traps : 103,0,deer,03-05-2016 08:29:04,5,train
https://storage.googleapis.com/public-datasets-lila/idaho-camera-traps/public/loc_0118/loc_0118_im_002027.jpg,Idaho Camera Traps : loc_0118_im_002027,Idaho Camera Traps : loc_0118_seq_000252,Idaho Camera Traps : 118,14,deer,11-07-2015 14:18:33,5,train
https://storage.googleapis.com/public-datasets-lila/idaho-camera-traps/public/loc_0225/loc_0225_im_003676.jpg,Idaho Camera Traps : loc_0225_im_003676,Idaho Camera Traps : loc_0225_seq_000483,Idaho Camera Traps : 225,3,deer,01-30-2016 11:52:02,5,train
https://storage.googleapis.com/public-datasets-lila/idaho-camera-traps/public/loc_0242/loc_0242_im_001071.jpg,Idaho Camera Traps : loc_0242_im_001071,Idaho Camera Traps : loc_0242_seq_000188,Idaho Camera Traps : 242,54,deer,03-27-2016 14:18:19,5,test
https://storage.googleapis.com/public-datasets-lila/nz-trailcams/LCC/deer/64874c69-a908-4897-9a99-bef7a9b64ae2.JPG,Trail Camera Images of New Zealand Animals : LCC/deer/64874c69-a908-4897-9a99-bef7a9b64ae2.JPG,Trail Camera Images of New Zealand Animals : unknown,Trail Camera Images of New Zealand Animals : LCC_R12,-1,deer,04-18-2018 11:21:36,5,test
https://storage.googleapis.com/public-datasets-lila/nacti-unzipped/part1/sub169/FL-10_10_01_2015_FL-10_0006463.jpg,NACTI : FL-10_10_01_2015_FL-10_0006463.jpg,NACTI : unknown,NACTI : archbold_FL-10,-1,deer,,5,train
https://storage.googleapis.com/public-datasets-lila/idaho-camera-traps/public/loc_0108/loc_0108_im_001497.jpg,Idaho Camera Traps : loc_0108_im_001497,Idaho Camera Traps : loc_0108_seq_000207,Idaho Camera Traps : 108,0,deer,05-14-2016 18:16:45,5,val
https://storage.googleapis.com/public-datasets-lila/nz-trailcams/PS1/deer/c34553d3-8450-41ca-bc42-09d23d12158d.JPG,Trail Camera Images of New Zealand Animals : PS1/deer/c34553d3-8450-41ca-bc42-09d23d12158d.JPG,Trail Camera Images of New Zealand Animals : unknown,Trail Camera Images of New Zealand Animals : PS1_CAM6213,-1,deer,03-27-2022 08:07:39,5,train
https://storage.googleapis.com/public-datasets-lila/idaho-camera-traps/public/loc_0125/loc_0125_im_000114.jpg,Idaho Camera Traps : loc_0125_im_000114,Idaho Camera Traps : loc_0125_seq_000024,Idaho Camera Traps : 125,1,deer,06-05-2016 01:53:29,5,train
https://storage.googleapis.com/public-datasets-lila/idaho-camera-traps/public/loc_0088/loc_0088_im_000929.jpg,Idaho Camera Traps : loc_0088_im_000929,Idaho Camera Traps : loc_0088_seq_000092,Idaho Camera Traps : 88,17,deer,10-31-2015 17:40:17,5,train
https://storage.googleapis.com/public-datasets-lila/nacti-unzipped/part1/sub162/FL-08_08_04_2016_FL-08_0025441.JPG,NACTI : FL-08_08_04_2016_FL-08_0025441.JPG,NACTI : unknown,NACTI : archbold_FL-08,-1,deer,,5,train
https://storage.googleapis.com/public-datasets-lila/idaho-camera-traps/public/loc_0209/loc_0209_im_001754.jpg,Idaho Camera Traps : loc_0209_im_001754,Idaho Camera Traps : loc_0209_seq_000300,Idaho Camera Traps : 209,6,deer,04-02-2016 18:27:52,5,train
https://storage.googleapis.com/public-datasets-lila/idaho-camera-traps/public/loc_0003/loc_0003_im_006180.jpg,Idaho Camera Traps : loc_0003_im_006180,Idaho Camera Traps : loc_0003_seq_004375,Idaho Camera Traps : 3,23,deer,02-06-2016 11:36:16,5,val
https://storage.googleapis.com/public-datasets-lila/nacti-unzipped/part2/sub207/FL-18_01_20_2016_FL-18_0017488.jpg,NACTI : FL-18_01_20_2016_FL-18_0017488.jpg,NACTI : unknown,NACTI : archbold_FL-18,-1,deer,,5,train
https://storage.googleapis.com/public-datasets-lila/idaho-camera-traps/public/loc_0014/loc_0014_im_007062.jpg,Idaho Camera Traps : loc_0014_im_007062,Idaho Camera Traps : loc_0014_seq_006686,Idaho Camera Traps : 14,14,deer,02-19-2016 16:42:10,5,train
https://storage.googleapis.com/public-datasets-lila/idaho-camera-traps/public/loc_0225/loc_0225_im_003860.jpg,Idaho Camera Traps : loc_0225_im_003860,Idaho Camera Traps : loc_0225_seq_000518,Idaho Camera Traps : 225,5,deer,02-06-2016 08:54:08,5,train
https://storage.googleapis.com/public-datasets-lila/idaho-camera-traps/public/loc_0148/loc_0148_im_001467.jpg,Idaho Camera Traps : loc_0148_im_001467,Idaho Camera Traps : loc_0148_seq_000082,Idaho Camera Traps : 148,2,deer,06-18-2016 02:31:52,5,train
https://storage.googleapis.com/public-datasets-lila/nacti-unzipped/part0/sub065/CA-23_08_13_2015_CA-23_0012829.jpg,NACTI : CA-23_08_13_2015_CA-23_0012829.jpg,NACTI : unknown,NACTI : lebec_CA-23,-1,deer,,5,train
https://storage.googleapis.com/public-datasets-lila/idaho-camera-traps/public/loc_0185/loc_0185_im_001576.jpg,Idaho Camera Traps : loc_0185_im_001576,Idaho Camera Traps : loc_0185_seq_000235,Idaho Camera Traps : 185,3,deer,07-16-2016 03:14:35,5,train
https://storage.googleapis.com/public-datasets-lila/nz-trailcams/PS3/deer/9e8ff844-b5cb-4548-8e55-a7d860aa3ea6.JPG,Trail Camera Images of New Zealand Animals : PS3/deer/9e8ff844-b5cb-4548-8e55-a7d860aa3ea6.JPG,Trail Camera Images of New Zealand Animals : unknown,Trail Camera Images of New Zealand Animals : PS3_CAMFC01,-1,deer,03-22-2023 20:54:21,5,train
https://storage.googleapis.com/public-datasets-lila/nz-trailcams/MIS/deer/a7b09ae4-23a9-4bb1-8d95-cbf8d062a52f.JPG,Trail Camera Images of New Zealand Animals : MIS/deer/a7b09ae4-23a9-4bb1-8d95-cbf8d062a52f.JPG,Trail Camera Images of New Zealand Animals : unknown,Trail Camera Images of New Zealand Animals : MIS_HV0523,-1,deer,,5,train
https://storage.googleapis.com/public-datasets-lila/idaho-camera-traps/public/loc_0155/loc_0155_im_000354.jpg,Idaho Camera Traps : loc_0155_im_000354,Idaho Camera Traps : loc_0155_seq_000085,Idaho Camera Traps : 155,37,deer,07-07-2016 06:56:00,5,test
https://storage.googleapis.com/public-datasets-lila/nz-trailcams/MIS/deer/a005d8df-a423-4e4d-9b29-99db78ee257d.JPG,Trail Camera Images of New Zealand Animals : MIS/deer/a005d8df-a423-4e4d-9b29-99db78ee257d.JPG,Trail Camera Images of New Zealand Animals : unknown,Trail Camera Images of New Zealand Animals : MIS_HV0701,-1,deer,,5,val
https://storage.googleapis.com/public-datasets-lila/nacti-unzipped/part1/sub198/FL-16_09_03_2015_FL-16_0089665.jpg,NACTI : FL-16_09_03_2015_FL-16_0089665.jpg,NACTI : unknown,NACTI : archbold_FL-16,-1,deer,,5,train
https://storage.googleapis.com/public-datasets-lila/nacti-unzipped/part1/sub178/FL-12_11_02_2015_FL-12_0017627.jpg,NACTI : FL-12_11_02_2015_FL-12_0017627.jpg,NACTI : unknown,NACTI : archbold_FL-12,-1,deer,,5,train
https://storage.googleapis.com/public-datasets-lila/nz-trailcams/PS1/deer/d5520510-6714-4af3-a3e3-e0203f458cc6.JPG,Trail Camera Images of New Zealand Animals : PS1/deer/d5520510-6714-4af3-a3e3-e0203f458cc6.JPG,Trail Camera Images of New Zealand Animals : unknown,Trail Camera Images of New Zealand Animals : PS1_CAMFC23,-1,deer,06-15-2022 20:56:16,5,train
https://storage.googleapis.com/public-datasets-lila/nz-trailcams/PS3/deer/03cc1360-449c-42cc-b772-4be4a3fe4a04.JPG,Trail Camera Images of New Zealand Animals : PS3/deer/03cc1360-449c-42cc-b772-4be4a3fe4a04.JPG,Trail Camera Images of New Zealand Animals : unknown,Trail Camera Images of New Zealand Animals : PS3_CAM8001,-1,deer,02-06-2023 13:51:13,5,train
https://storage.googleapis.com/public-datasets-lila/idaho-camera-traps/public/loc_0166/loc_0166_im_000569.jpg,Idaho Camera Traps : loc_0166_im_000569,Idaho Camera Traps : loc_0166_seq_000095,Idaho Camera Traps : 166,0,deer,06-08-2016 21:42:52,5,train
https://storage.googleapis.com/public-datasets-lila/nacti-unzipped/part2/sub262/FL-31_03_07_2016_FL-31_0038758.JPG,NACTI : FL-31_03_07_2016_FL-31_0038758.JPG,NACTI : unknown,NACTI : archbold_FL-31,-1,deer,,5,train
https://storage.googleapis.com/public-datasets-lila/idaho-camera-traps/public/loc_0117/loc_0117_im_002411.jpg,Idaho Camera Traps : loc_0117_im_002411,Idaho Camera Traps : loc_0117_seq_000361,Idaho Camera Traps : 117,5,deer,04-13-2016 05:52:15,5,train
https://storage.googleapis.com/public-datasets-lila/idaho-camera-traps/public/loc_0083/loc_0083_im_006208.jpg,Idaho Camera Traps : loc_0083_im_006208,Idaho Camera Traps : loc_0083_seq_001026,Idaho Camera Traps : 83,0,deer,04-12-2016 20:27:54,5,train
https://storage.googleapis.com/public-datasets-lila/nacti-unzipped/part1/sub176/FL-12_07_28_2015_FL-12_0007518.jpg,NACTI : FL-12_07_28_2015_FL-12_0007518.jpg,NACTI : unknown,NACTI : archbold_FL-12,-1,deer,,5,train
https://storage.googleapis.com/public-datasets-lila/idaho-camera-traps/public/loc_0122/loc_0122_im_003740.jpg,Idaho Camera Traps : loc_0122_im_003740,Idaho Camera Traps : loc_0122_seq_000453,Idaho Camera Traps : 122,8,deer,11-29-2015 14:38:24,5,val
https://storage.googleapis.com/public-datasets-lila/nacti-unzipped/part1/sub175/FL-12_06_29_2015_FL-12_0000333.jpg,NACTI : FL-12_06_29_2015_FL-12_0000333.jpg,NACTI : unknown,NACTI : archbold_FL-12,-1,deer,,5,train
https://storage.googleapis.com/public-datasets-lila/idaho-camera-traps/public/loc_0121/loc_0121_im_000063.jpg,Idaho Camera Traps : loc_0121_im_000063,Idaho Camera Traps : loc_0121_seq_000009,Idaho Camera Traps : 121,0,deer,05-30-2015 19:42:17,5,train
https://storage.googleapis.com/public-datasets-lila/nacti-unzipped/part2/sub207/FL-17_09_28_2015_FL-17_0061728.jpg,NACTI : FL-17_09_28_2015_FL-17_0061728.jpg,NACTI : unknown,NACTI : archbold_FL-17,-1,deer,,5,train
https://storage.googleapis.com/public-datasets-lila/nacti-unzipped/part2/sub237/FL-25_05_02_2016_FL-25_0025479.JPG,NACTI : FL-25_05_02_2016_FL-25_0025479.JPG,NACTI : unknown,NACTI : archbold_FL-25,-1,deer,,5,train
https://storage.googleapis.com/public-datasets-lila/idaho-camera-traps/public/loc_0118/loc_0118_im_003878.jpg,Idaho Camera Traps : loc_0118_im_003878,Idaho Camera Traps : loc_0118_seq_000519,Idaho Camera Traps : 118,2,deer,05-14-2016 05:05:42,5,train
https://storage.googleapis.com/public-datasets-lila/nacti-unzipped/part1/sub168/FL-09_10_01_2015_FL-09_0034015.jpg,NACTI : FL-09_10_01_2015_FL-09_0034015.jpg,NACTI : unknown,NACTI : archbold_FL-09,-1,deer,,5,train
https://storage.googleapis.com/public-datasets-lila/nacti-unzipped/part1/sub176/FL-12_07_28_2015_FL-12_0008676.jpg,NACTI : FL-12_07_28_2015_FL-12_0008676.jpg,NACTI : unknown,NACTI : archbold_FL-12,-1,deer,,5,train
https://storage.googleapis.com/public-datasets-lila/idaho-camera-traps/public/loc_0142/loc_0142_im_000471.jpg,Idaho Camera Traps : loc_0142_im_000471,Idaho Camera Traps : loc_0142_seq_000155,Idaho Camera Traps : 142,2,deer,08-27-2016 10:32:38,5,train
https://storage.googleapis.com/public-datasets-lila/nacti-unzipped/part1/sub176/FL-12_07_28_2015_FL-12_0008008.jpg,NACTI : FL-12_07_28_2015_FL-12_0008008.jpg,NACTI : unknown,NACTI : archbold_FL-12,-1,deer,,5,train
https://storage.googleapis.com/public-datasets-lila/idaho-camera-traps/public/loc_0143/loc_0143_im_000338.jpg,Idaho Camera Traps : loc_0143_im_000338,Idaho Camera Traps : loc_0143_seq_000074,Idaho Camera Traps : 143,2,deer,06-25-2016 01:32:05,5,train
https://storage.googleapis.com/public-datasets-lila/idaho-camera-traps/public/loc_0264/loc_0264_im_000123.jpg,Idaho Camera Traps : loc_0264_im_000123,Idaho Camera Traps : loc_0264_seq_000024,Idaho Camera Traps : 264,3,deer,12-21-2015 10:28:50,5,val
https://storage.googleapis.com/public-datasets-lila/idaho-camera-traps/public/loc_0126/loc_0126_im_002993.jpg,Idaho Camera Traps : loc_0126_im_002993,Idaho Camera Traps : loc_0126_seq_000298,Idaho Camera Traps : 126,2,deer,07-23-2016 05:36:34,5,train
https://storage.googleapis.com/public-datasets-lila/nacti-unzipped/part0/sub041/CA-08_06_08_2016_CA-08_0012734.JPG,NACTI : CA-08_06_08_2016_CA-08_0012734.JPG,NACTI : unknown,NACTI : lebec_CA-08,-1,deer,,5,train
https://storage.googleapis.com/public-datasets-lila/idaho-camera-traps/public/loc_0092/loc_0092_im_002742.jpg,Idaho Camera Traps : loc_0092_im_002742,Idaho Camera Traps : loc_0092_seq_000437,Idaho Camera Traps : 92,9,deer,02-05-2016 17:20:36,5,train
https://storage.googleapis.com/public-datasets-lila/nz-trailcams/PS3/deer/f6e268c0-d8cb-4c1e-bf53-45906d054d9b.JPG,Trail Camera Images of New Zealand Animals : PS3/deer/f6e268c0-d8cb-4c1e-bf53-45906d054d9b.JPG,Trail Camera Images of New Zealand Animals : unknown,Trail Camera Images of New Zealand Animals : PS3_CAMFC23,-1,deer,03-27-2023 23:42:05,5,train
https://storage.googleapis.com/public-datasets-lila/idaho-camera-traps/public/loc_0016/loc_0016_im_007164.jpg,Idaho Camera Traps : loc_0016_im_007164,Idaho Camera Traps : loc_0016_seq_005825,Idaho Camera Traps : 16,0,deer,02-13-2016 12:25:00,5,test
https://storage.googleapis.com/public-datasets-lila/nacti-unzipped/part1/sub177/FL-12_09_30_2015_FL-12_0014571.jpg,NACTI : FL-12_09_30_2015_FL-12_0014571.jpg,NACTI : unknown,NACTI : archbold_FL-12,-1,deer,,5,train
https://storage.googleapis.com/public-datasets-lila/nz-trailcams/LCC/deer/21647488-1025-4c08-9bbe-d2da2286980b.JPG,Trail Camera Images of New Zealand Animals : LCC/deer/21647488-1025-4c08-9bbe-d2da2286980b.JPG,Trail Camera Images of New Zealand Animals : unknown,Trail Camera Images of New Zealand Animals : LCC_R21,-1,deer,04-16-2018 05:24:25,5,train
https://storage.googleapis.com/public-datasets-lila/idaho-camera-traps/public/loc_0225/loc_0225_im_000894.jpg,Idaho Camera Traps : loc_0225_im_000894,Idaho Camera Traps : loc_0225_seq_000115,Idaho Camera Traps : 225,4,deer,12-27-2015 22:44:48,5,train
https://storage.googleapis.com/public-datasets-lila/idaho-camera-traps/public/loc_0193/loc_0193_im_000569.jpg,Idaho Camera Traps : loc_0193_im_000569,Idaho Camera Traps : loc_0193_seq_000078,Idaho Camera Traps : 193,13,deer,06-19-2016 08:17:46,5,val
https://storage.googleapis.com/public-datasets-lila/idaho-camera-traps/public/loc_0124/loc_0124_im_001694.jpg,Idaho Camera Traps : loc_0124_im_001694,Idaho Camera Traps : loc_0124_seq_000177,Idaho Camera Traps : 124,11,deer,10-01-2015 04:01:44,5,test
https://storage.googleapis.com/public-datasets-lila/nacti-unzipped/part2/sub275/FL-35_10_01_2015_FL-35_0000926.jpg,NACTI : FL-35_10_01_2015_FL-35_0000926.jpg,NACTI : unknown,NACTI : archbold_FL-35,-1,deer,,5,train
https://storage.googleapis.com/public-datasets-lila/idaho-camera-traps/public/loc_0016/loc_0016_im_008956.jpg,Idaho Camera Traps : loc_0016_im_008956,Idaho Camera Traps : loc_0016_seq_007433,Idaho Camera Traps : 16,0,deer,02-24-2016 13:05:00,5,test
https://storage.googleapis.com/public-datasets-lila/idaho-camera-traps/public/loc_0130/loc_0130_im_008521.jpg,Idaho Camera Traps : loc_0130_im_008521,Idaho Camera Traps : loc_0130_seq_000804,Idaho Camera Traps : 130,1,deer,08-29-2016 08:04:26,5,train
https://storage.googleapis.com/public-datasets-lila/nz-trailcams/LCC/deer/cd2a420b-ae0c-4ee3-a80d-22a41db576d8.JPG,Trail Camera Images of New Zealand Animals : LCC/deer/cd2a420b-ae0c-4ee3-a80d-22a41db576d8.JPG,Trail Camera Images of New Zealand Animals : unknown,Trail Camera Images of New Zealand Animals : LCC_R141,-1,deer,05-26-2018 20:26:29,5,train
https://storage.googleapis.com/public-datasets-lila/idaho-camera-traps/public/loc_0234/loc_0234_im_000510.jpg,Idaho Camera Traps : loc_0234_im_000510,Idaho Camera Traps : loc_0234_seq_000064,Idaho Camera Traps : 234,1,deer,01-16-2016 18:49:13,5,train
https://storage.googleapis.com/public-datasets-lila/idaho-camera-traps/public/loc_0053/loc_0053_im_002965.jpg,Idaho Camera Traps : loc_0053_im_002965,Idaho Camera Traps : loc_0053_seq_002868,Idaho Camera Traps : 53,16,deer,01-25-2016 09:38:31,5,train
https://storage.googleapis.com/public-datasets-lila/nacti-unzipped/part0/sub077/CA-29_09_06_2016_CA-29_0046961.JPG,NACTI : CA-29_09_06_2016_CA-29_0046961.JPG,NACTI : unknown,NACTI : lebec_CA-29,-1,deer,,5,train
https://storage.googleapis.com/public-datasets-lila/caltech-unzipped/cct_images/599be8ff-23d2-11e8-a6a3-ec086b02610b.jpg,Caltech Camera Traps : 599be8ff-23d2-11e8-a6a3-ec086b02610b,Caltech Camera Traps : 701709f0-5567-11e8-808c-dca9047ef277,Caltech Camera Traps : 6,3,deer,10-15-2013 23:36:19,5,train
https://storage.googleapis.com/public-datasets-lila/nz-trailcams/LCC/deer/6fec0010-2d52-4a09-94f1-d683a359d181.JPG,Trail Camera Images of New Zealand Animals : LCC/deer/6fec0010-2d52-4a09-94f1-d683a359d181.JPG,Trail Camera Images of New Zealand Animals : unknown,Trail Camera Images of New Zealand Animals : LCC_R102,-1,deer,03-25-2018 08:49:12,5,train
https://storage.googleapis.com/public-datasets-lila/idaho-camera-traps/public/loc_0213/loc_0213_im_000113.jpg,Idaho Camera Traps : loc_0213_im_000113,Idaho Camera Traps : loc_0213_seq_000016,Idaho Camera Traps : 213,4,deer,12-15-2015 13:44:18,5,train
https://storage.googleapis.com/public-datasets-lila/idaho-camera-traps/public/loc_0114/loc_0114_im_002138.jpg,Idaho Camera Traps : loc_0114_im_002138,Idaho Camera Traps : loc_0114_seq_000257,Idaho Camera Traps : 114,8,deer,02-23-2016 17:33:42,5,test
https://storage.googleapis.com/public-datasets-lila/idaho-camera-traps/public/loc_0184/loc_0184_im_000265.jpg,Idaho Camera Traps : loc_0184_im_000265,Idaho Camera Traps : loc_0184_seq_000130,Idaho Camera Traps : 184,6,deer,09-01-2016 00:05:04,5,train
https://storage.googleapis.com/public-datasets-lila/nacti-unzipped/part2/sub216/FL-20_07_29_2015_FL-20_0017990.jpg,NACTI : FL-20_07_29_2015_FL-20_0017990.jpg,NACTI : unknown,NACTI : archbold_FL-20,-1,deer,,5,train
https://storage.googleapis.com/public-datasets-lila/nacti-unzipped/part0/sub058/CA-18_08_08_2016_CA-18_0038389.JPG,NACTI : CA-18_08_08_2016_CA-18_0038389.JPG,NACTI : unknown,NACTI : lebec_CA-18,-1,deer,,5,train
https://storage.googleapis.com/public-datasets-lila/idaho-camera-traps/public/loc_0114/loc_0114_im_001400.jpg,Idaho Camera Traps : loc_0114_im_001400,Idaho Camera Traps : loc_0114_seq_000162,Idaho Camera Traps : 114,2,deer,11-22-2015 00:01:01,5,test
https://storage.googleapis.com/public-datasets-lila/orinoquia-camera-traps/public/M04/102EK113/02070334.JPG,Orinoquia Camera Traps : M04_102EK113_02070334.JPG,Orinoquia Camera Traps : 39a5ce80-7160-11ec-889c-5cf3706028c2,Orinoquia Camera Traps : M04,0,deer,02-07-2020 13:09:04,5,train
https://storage.googleapis.com/public-datasets-lila/idaho-camera-traps/public/loc_0136/loc_0136_im_000366.jpg,Idaho Camera Traps : loc_0136_im_000366,Idaho Camera Traps : loc_0136_seq_000071,Idaho Camera Traps : 136,0,deer,06-28-2016 08:10:48,5,val
https://storage.googleapis.com/public-datasets-lila/idaho-camera-traps/public/loc_0148/loc_0148_im_000962.jpg,Idaho Camera Traps : loc_0148_im_000962,Idaho Camera Traps : loc_0148_seq_000060,Idaho Camera Traps : 148,183,deer,06-13-2016 05:14:15,5,train
https://storage.googleapis.com/public-datasets-lila/idaho-camera-traps/public/loc_0080/loc_0080_im_000893.jpg,Idaho Camera Traps : loc_0080_im_000893,Idaho Camera Traps : loc_0080_seq_000097,Idaho Camera Traps : 80,2,deer,07-07-2015 07:12:42,5,train
https://storage.googleapis.com/public-datasets-lila/wellington-unzipped/images/0104150416121266L202.JPG,Wellington Camera Traps : 0104150416121266L202,Wellington Camera Traps : 81659,Wellington Camera Traps : 1266,1,deer,04-01-2015 04:16:00,5,train
https://storage.googleapis.com/public-datasets-lila/idaho-camera-traps/public/loc_0090/loc_0090_im_000185.jpg,Idaho Camera Traps : loc_0090_im_000185,Idaho Camera Traps : loc_0090_seq_000031,Idaho Camera Traps : 90,2,deer,09-26-2015 19:00:04,5,train
https://storage.googleapis.com/public-datasets-lila/idaho-camera-traps/public/loc_0113/loc_0113_im_001350.jpg,Idaho Camera Traps : loc_0113_im_001350,Idaho Camera Traps : loc_0113_seq_000165,Idaho Camera Traps : 113,19,deer,12-04-2015 08:23:07,5,val
https://storage.googleapis.com/public-datasets-lila/idaho-camera-traps/public/loc_0118/loc_0118_im_001858.jpg,Idaho Camera Traps : loc_0118_im_001858,Idaho Camera Traps : loc_0118_seq_000226,Idaho Camera Traps : 118,7,deer,11-01-2015 18:13:24,5,train
https://storage.googleapis.com/public-datasets-lila/nacti-unzipped/part2/sub285/FL-40_10_01_2015_FL-40_0000527.jpg,NACTI : FL-40_10_01_2015_FL-40_0000527.jpg,NACTI : unknown,NACTI : archbold_FL-40,-1,deer,,5,val
https://storage.googleapis.com/public-datasets-lila/idaho-camera-traps/public/loc_0023/loc_0023_im_006836.jpg,Idaho Camera Traps : loc_0023_im_006836,Idaho Camera Traps : loc_0023_seq_006729,Idaho Camera Traps : 23,37,deer,02-21-2016 09:57:07,5,train
https://storage.googleapis.com/public-datasets-lila/idaho-camera-traps/public/loc_0031/loc_0031_im_008801.jpg,Idaho Camera Traps : loc_0031_im_008801,Idaho Camera Traps : loc_0031_seq_007357,Idaho Camera Traps : 31,5,deer,02-22-2016 22:12:34,5,test
https://storage.googleapis.com/public-datasets-lila/idaho-camera-traps/public/loc_0208/loc_0208_im_008745.jpg,Idaho Camera Traps : loc_0208_im_008745,Idaho Camera Traps : loc_0208_seq_000809,Idaho Camera Traps : 208,22,deer,01-25-2016 14:59:47,5,train
https://storage.googleapis.com/public-datasets-lila/idaho-camera-traps/public/loc_0026/loc_0026_im_005138.jpg,Idaho Camera Traps : loc_0026_im_005138,Idaho Camera Traps : loc_0026_seq_004515,Idaho Camera Traps : 26,24,deer,02-03-2016 14:49:35,5,train
https://storage.googleapis.com/public-datasets-lila/nacti-unzipped/part1/sub134/FL-05_06_29_2015_FL-05_0021269.jpg,NACTI : FL-05_06_29_2015_FL-05_0021269.jpg,NACTI : unknown,NACTI : archbold_FL-05,-1,deer,,5,train
https://storage.googleapis.com/public-datasets-lila/nz-trailcams/PS1/deer/930a97f2-7193-41f3-9765-1c3287c0b096.JPG,Trail Camera Images of New Zealand Animals : PS1/deer/930a97f2-7193-41f3-9765-1c3287c0b096.JPG,Trail Camera Images of New Zealand Animals : unknown,Trail Camera Images of New Zealand Animals : PS1_CAM6119,-1,deer,03-23-2022 13:44:44,5,train
https://storage.googleapis.com/public-datasets-lila/idaho-camera-traps/public/loc_0178/loc_0178_im_000389.jpg,Idaho Camera Traps : loc_0178_im_000389,Idaho Camera Traps : loc_0178_seq_000114,Idaho Camera Traps : 178,0,deer,07-31-2016 08:28:58,5,train
https://storage.googleapis.com/public-datasets-lila/nz-trailcams/LCC/deer/fedf9340-c924-4894-a618-a2611a1da1ee.JPG,Trail Camera Images of New Zealand Animals : LCC/deer/fedf9340-c924-4894-a618-a2611a1da1ee.JPG,Trail Camera Images of New Zealand Animals : unknown,Trail Camera Images of New Zealand Animals : LCC_B10,-1,deer,07-02-2018 02:33:47,5,train
https://storage.googleapis.com/public-datasets-lila/idaho-camera-traps/public/loc_0170/loc_0170_im_000217.jpg,Idaho Camera Traps : loc_0170_im_000217,Idaho Camera Traps : loc_0170_seq_000039,Idaho Camera Traps : 170,3,deer,06-03-2016 07:44:40,5,train
https://storage.googleapis.com/public-datasets-lila/idaho-camera-traps/public/loc_0118/loc_0118_im_002792.jpg,Idaho Camera Traps : loc_0118_im_002792,Idaho Camera Traps : loc_0118_seq_000337,Idaho Camera Traps : 118,14,deer,02-09-2016 19:07:26,5,train
https://storage.googleapis.com/public-datasets-lila/idaho-camera-traps/public/loc_0102/loc_0102_im_000984.jpg,Idaho Camera Traps : loc_0102_im_000984,Idaho Camera Traps : loc_0102_seq_000096,Idaho Camera Traps : 102,6,deer,11-04-2015 07:48:02,5,train
https://storage.googleapis.com/public-datasets-lila/nz-trailcams/PS1/deer/91da0e3f-9674-4e68-9f86-f3cec282b485.JPG,Trail Camera Images of New Zealand Animals : PS1/deer/91da0e3f-9674-4e68-9f86-f3cec282b485.JPG,Trail Camera Images of New Zealand Animals : unknown,Trail Camera Images of New Zealand Animals : PS1_CAMFC23,-1,deer,06-20-2022 01:57:01,5,train
https://storage.googleapis.com/public-datasets-lila/nacti-unzipped/part2/sub285/FL-40_09_09_2016_FL-40_0027439.JPG,NACTI : FL-40_09_09_2016_FL-40_0027439.JPG,NACTI : unknown,NACTI : archbold_FL-40,-1,deer,,5,val
https://storage.googleapis.com/public-datasets-lila/idaho-camera-traps/public/loc_0209/loc_0209_im_001657.jpg,Idaho Camera Traps : loc_0209_im_001657,Idaho Camera Traps : loc_0209_seq_000282,Idaho Camera Traps : 209,16,deer,03-26-2016 13:17:47,5,train
https://storage.googleapis.com/public-datasets-lila/nacti-unzipped/part0/sub069/CA-26_08_05_2016_CA-26_0010625.JPG,NACTI : CA-26_08_05_2016_CA-26_0010625.JPG,NACTI : unknown,NACTI : lebec_CA-26,-1,deer,,5,train
https://storage.googleapis.com/public-datasets-lila/nacti-unzipped/part2/sub276/FL-36_04_05_2016_FL-36_0013492.JPG,NACTI : FL-36_04_05_2016_FL-36_0013492.JPG,NACTI : unknown,NACTI : archbold_FL-36,-1,deer,,5,test
https://storage.googleapis.com/public-datasets-lila/idaho-camera-traps/public/loc_0091/loc_0091_im_001132.jpg,Idaho Camera Traps : loc_0091_im_001132,Idaho Camera Traps : loc_0091_seq_000142,Idaho Camera Traps : 91,0,deer,11-05-2015 13:56:14,5,train
https://storage.googleapis.com/public-datasets-lila/nacti-unzipped/part2/sub285/FL-40_12_07_2015_FL-40_0003001.jpg,NACTI : FL-40_12_07_2015_FL-40_0003001.jpg,NACTI : unknown,NACTI : archbold_FL-40,-1,deer,,5,val
https://storage.googleapis.com/public-datasets-lila/idaho-camera-traps/public/loc_0044/loc_0044_im_000849.jpg,Idaho Camera Traps : loc_0044_im_000849,Idaho Camera Traps : loc_0044_seq_000771,Idaho Camera Traps : 44,0,deer,01-08-2016 16:30:00,5,val
https://storage.googleapis.com/public-datasets-lila/idaho-camera-traps/public/loc_0250/loc_0250_im_003218.jpg,Idaho Camera Traps : loc_0250_im_003218,Idaho Camera Traps : loc_0250_seq_000375,Idaho Camera Traps : 250,3,deer,04-05-2016 01:28:52,5,train
https://storage.googleapis.com/public-datasets-lila/idaho-camera-traps/public/loc_0225/loc_0225_im_000239.jpg,Idaho Camera Traps : loc_0225_im_000239,Idaho Camera Traps : loc_0225_seq_000044,Idaho Camera Traps : 225,1,deer,12-25-2015 16:02:47,5,train
https://storage.googleapis.com/public-datasets-lila/nacti-unzipped/part1/sub177/FL-12_09_02_2015_FL-12_0010345.jpg,NACTI : FL-12_09_02_2015_FL-12_0010345.jpg,NACTI : unknown,NACTI : archbold_FL-12,-1,deer,,5,train
https://storage.googleapis.com/public-datasets-lila/idaho-camera-traps/public/loc_0094/loc_0094_im_002383.jpg,Idaho Camera Traps : loc_0094_im_002383,Idaho Camera Traps : loc_0094_seq_000351,Idaho Camera Traps : 94,0,deer,05-12-2016 07:00:22,5,train
https://storage.googleapis.com/public-datasets-lila/nz-trailcams/LCC/deer/ee998ba9-d584-4b33-84d4-7d128ad57f91.JPG,Trail Camera Images of New Zealand Animals : LCC/deer/ee998ba9-d584-4b33-84d4-7d128ad57f91.JPG,Trail Camera Images of New Zealand Animals : unknown,Trail Camera Images of New Zealand Animals : LCC_B37,-1,deer,08-23-2018 01:07:01,5,test
https://storage.googleapis.com/public-datasets-lila/nacti-unzipped/part1/sub179/FL-13_03_07_2016_FL-13_0069857.JPG,NACTI : FL-13_03_07_2016_FL-13_0069857.JPG,NACTI : unknown,NACTI : archbold_FL-13,-1,deer,,5,train
https://storage.googleapis.com/public-datasets-lila/idaho-camera-traps/public/loc_0112/loc_0112_im_001010.jpg,Idaho Camera Traps : loc_0112_im_001010,Idaho Camera Traps : loc_0112_seq_000134,Idaho Camera Traps : 112,1,deer,04-21-2016 22:05:48,5,train
https://storage.googleapis.com/public-datasets-lila/idaho-camera-traps/public/loc_0154/loc_0154_im_001798.jpg,Idaho Camera Traps : loc_0154_im_001798,Idaho Camera Traps : loc_0154_seq_000391,Idaho Camera Traps : 154,4,deer,10-19-2016 09:28:41,5,train
https://storage.googleapis.com/public-datasets-lila/nacti-unzipped/part2/sub219/FL-22_01_21_2016_FL-22_0078921.jpg,NACTI : FL-22_01_21_2016_FL-22_0078921.jpg,NACTI : unknown,NACTI : archbold_FL-22,-1,deer,,5,train
https://storage.googleapis.com/public-datasets-lila/nacti-unzipped/part2/sub268/FL-33_06_03_2016_FL-33_0015492.JPG,NACTI : FL-33_06_03_2016_FL-33_0015492.JPG,NACTI : unknown,NACTI : archbold_FL-33,-1,deer,,5,train
https://storage.googleapis.com/public-datasets-lila/idaho-camera-traps/public/loc_0160/loc_0160_im_000527.jpg,Idaho Camera Traps : loc_0160_im_000527,Idaho Camera Traps : loc_0160_seq_000114,Idaho Camera Traps : 160,3,deer,07-18-2016 20:08:03,5,train
https://storage.googleapis.com/public-datasets-lila/nacti-unzipped/part2/sub207/FL-17_11_02_2015_FL-17_0062226.jpg,NACTI : FL-17_11_02_2015_FL-17_0062226.jpg,NACTI : unknown,NACTI : archbold_FL-17,-1,deer,,5,train
https://storage.googleapis.com/public-datasets-lila/nz-trailcams/PS1/deer/b7041306-1c3a-40e1-a3c3-87e2a6f7f844.JPG,Trail Camera Images of New Zealand Animals : PS1/deer/b7041306-1c3a-40e1-a3c3-87e2a6f7f844.JPG,Trail Camera Images of New Zealand Animals : unknown,Trail Camera Images of New Zealand Animals : PS1_CAM7507,-1,deer,05-02-2022 05:57:57,5,train
https://storage.googleapis.com/public-datasets-lila/nacti-unzipped/part2/sub271/FL-34_07_06_2016_FL-34_0018349.JPG,NACTI : FL-34_07_06_2016_FL-34_0018349.JPG,NACTI : unknown,NACTI : archbold_FL-34,-1,deer,,5,train
https://storage.googleapis.com/public-datasets-lila/nacti-unzipped/part2/sub257/FL-29_09_02_2016_FL-29_0075151.JPG,NACTI : FL-29_09_02_2016_FL-29_0075151.JPG,NACTI : unknown,NACTI : archbold_FL-29,-1,deer,,5,train
https://storage.googleapis.com/public-datasets-lila/nz-trailcams/LCC/deer/2781f6ce-0b3e-4958-8be3-97752cdb9b97.JPG,Trail Camera Images of New Zealand Animals : LCC/deer/2781f6ce-0b3e-4958-8be3-97752cdb9b97.JPG,Trail Camera Images of New Zealand Animals : unknown,Trail Camera Images of New Zealand Animals : LCC_R25,-1,deer,04-22-2018 04:22:23,5,train
https://storage.googleapis.com/public-datasets-lila/idaho-camera-traps/public/loc_0149/loc_0149_im_003093.jpg,Idaho Camera Traps : loc_0149_im_003093,Idaho Camera Traps : loc_0149_seq_000613,Idaho Camera Traps : 149,21,deer,09-29-2016 06:27:30,5,val
https://storage.googleapis.com/public-datasets-lila/idaho-camera-traps/public/loc_0121/loc_0121_im_001379.jpg,Idaho Camera Traps : loc_0121_im_001379,Idaho Camera Traps : loc_0121_seq_000141,Idaho Camera Traps : 121,8,deer,07-28-2015 12:04:41,5,train
https://storage.googleapis.com/public-datasets-lila/nacti-unzipped/part1/sub126/FL-03_06_30_2015_FL-03_0020401.jpg,NACTI : FL-03_06_30_2015_FL-03_0020401.jpg,NACTI : unknown,NACTI : archbold_FL-03,-1,deer,,5,val
https://storage.googleapis.com/public-datasets-lila/idaho-camera-traps/public/loc_0250/loc_0250_im_001154.jpg,Idaho Camera Traps : loc_0250_im_001154,Idaho Camera Traps : loc_0250_seq_000108,Idaho Camera Traps : 250,8,deer,01-11-2016 16:34:20,5,train
https://storage.googleapis.com/public-datasets-lila/nacti-unzipped/part1/sub178/FL-12_12_08_2015_FL-12_0021286.jpg,NACTI : FL-12_12_08_2015_FL-12_0021286.jpg,NACTI : unknown,NACTI : archbold_FL-12,-1,deer,,5,train
https://storage.googleapis.com/public-datasets-lila/nacti-unzipped/part1/sub171/FL-11_09_01_2016_FL-11_0022545.JPG,NACTI : FL-11_09_01_2016_FL-11_0022545.JPG,NACTI : unknown,NACTI : archbold_FL-11,-1,deer,,5,train
https://storage.googleapis.com/public-datasets-lila/idaho-camera-traps/public/loc_0166/loc_0166_im_001456.jpg,Idaho Camera Traps : loc_0166_im_001456,Idaho Camera Traps : loc_0166_seq_000259,Idaho Camera Traps : 166,3,deer,07-19-2016 05:23:37,5,train
https://storage.googleapis.com/public-datasets-lila/nacti-unzipped/part2/sub207/FL-17_12_08_2015_FL-17_0063043.jpg,NACTI : FL-17_12_08_2015_FL-17_0063043.jpg,NACTI : unknown,NACTI : archbold_FL-17,-1,deer,,5,train
https://storage.googleapis.com/public-datasets-lila/nacti-unzipped/part2/sub284/FL-40_03_07_2016_FL-40_0011804.JPG,NACTI : FL-40_03_07_2016_FL-40_0011804.JPG,NACTI : unknown,NACTI : archbold_FL-40,-1,deer,,5,val
https://storage.googleapis.com/public-datasets-lila/nacti-unzipped/part1/sub176/FL-12_07_28_2015_FL-12_0008136.jpg,NACTI : FL-12_07_28_2015_FL-12_0008136.jpg,NACTI : unknown,NACTI : archbold_FL-12,-1,deer,,5,train
https://storage.googleapis.com/public-datasets-lila/nacti-unzipped/part1/sub177/FL-12_09_02_2015_FL-12_0013087.jpg,NACTI : FL-12_09_02_2015_FL-12_0013087.jpg,NACTI : unknown,NACTI : archbold_FL-12,-1,deer,,5,train
https://storage.googleapis.com/public-datasets-lila/caltech-unzipped/cct_images/59f2c33f-23d2-11e8-a6a3-ec086b02610b.jpg,Caltech Camera Traps : 59f2c33f-23d2-11e8-a6a3-ec086b02610b,Caltech Camera Traps : 7014ab0f-5567-11e8-a6c4-dca9047ef277,Caltech Camera Traps : 34,3,deer,08-24-2013 16:57:50,5,val
https://storage.googleapis.com/public-datasets-lila/idaho-camera-traps/public/loc_0018/loc_0018_im_005763.jpg,Idaho Camera Traps : loc_0018_im_005763,Idaho Camera Traps : loc_0018_seq_004182,Idaho Camera Traps : 18,7,deer,01-31-2016 21:54:57,5,val
https://storage.googleapis.com/public-datasets-lila/idaho-camera-traps/public/loc_0213/loc_0213_im_000415.jpg,Idaho Camera Traps : loc_0213_im_000415,Idaho Camera Traps : loc_0213_seq_000111,Idaho Camera Traps : 213,9,deer,02-21-2016 10:15:38,5,train
https://storage.googleapis.com/public-datasets-lila/nacti-unzipped/part0/sub044/CA-10_09_07_2016_CA-10_0025517.JPG,NACTI : CA-10_09_07_2016_CA-10_0025517.JPG,NACTI : unknown,NACTI : lebec_CA-10,-1,deer,,5,train
https://storage.googleapis.com/public-datasets-lila/nz-trailcams/LCC/deer/25236ec7-64a8-4b62-a01e-3daaf62d5f5d.JPG,Trail Camera Images of New Zealand Animals : LCC/deer/25236ec7-64a8-4b62-a01e-3daaf62d5f5d.JPG,Trail Camera Images of New Zealand Animals : unknown,Trail Camera Images of New Zealand Animals : LCC_R109,-1,deer,04-25-2018 00:21:04,5,train
https://storage.googleapis.com/public-datasets-lila/idaho-camera-traps/public/loc_0185/loc_0185_im_002132.jpg,Idaho Camera Traps : loc_0185_im_002132,Idaho Camera Traps : loc_0185_seq_000359,Idaho Camera Traps : 185,4,deer,08-24-2016 11:33:28,5,train
https://storage.googleapis.com/public-datasets-lila/nz-trailcams/Z20/deer/ed36522e-49f1-424e-8d2a-933f55ded0f8.JPG,Trail Camera Images of New Zealand Animals : Z20/deer/ed36522e-49f1-424e-8d2a-933f55ded0f8.JPG,Trail Camera Images of New Zealand Animals : unknown,Trail Camera Images of New Zealand Animals : Z20_IK226,-1,deer,03-21-2022 02:51:31,5,train
https://storage.googleapis.com/public-datasets-lila/idaho-camera-traps/public/loc_0112/loc_0112_im_000598.jpg,Idaho Camera Traps : loc_0112_im_000598,Idaho Camera Traps : loc_0112_seq_000075,Idaho Camera Traps : 112,0,deer,11-17-2015 17:15:04,5,train
https://storage.googleapis.com/public-datasets-lila/nacti-unzipped/part2/sub240/FL-26_12_08_2015_FL-26_0022950.jpg,NACTI : FL-26_12_08_2015_FL-26_0022950.jpg,NACTI : unknown,NACTI : archbold_FL-26,-1,deer,,5,train
https://storage.googleapis.com/public-datasets-lila/nacti-unzipped/part0/sub091/CA-37_08_03_2015_CA-37_0012872.jpg,NACTI : CA-37_08_03_2015_CA-37_0012872.jpg,NACTI : unknown,NACTI : lebec_CA-37,-1,deer,,5,train
https://storage.googleapis.com/public-datasets-lila/idaho-camera-traps/public/loc_0085/loc_0085_im_001550.jpg,Idaho Camera Traps : loc_0085_im_001550,Idaho Camera Traps : loc_0085_seq_000171,Idaho Camera Traps : 85,2,deer,11-05-2015 15:15:19,5,train
https://storage.googleapis.com/public-datasets-lila/nacti-unzipped/part1/sub101/CA-42_08_04_2015_CA-42_0003343.jpg,NACTI : CA-42_08_04_2015_CA-42_0003343.jpg,NACTI : unknown,NACTI : lebec_CA-42,-1,deer,,5,val
https://storage.googleapis.com/public-datasets-lila/idaho-camera-traps/public/loc_0157/loc_0157_im_001133.jpg,Idaho Camera Traps : loc_0157_im_001133,Idaho Camera Traps : loc_0157_seq_000290,Idaho Camera Traps : 157,3,deer,10-08-2016 10:25:14,5,train
https://storage.googleapis.com/public-datasets-lila/nacti-unzipped/part1/sub177/FL-12_09_02_2015_FL-12_0011654.jpg,NACTI : FL-12_09_02_2015_FL-12_0011654.jpg,NACTI : unknown,NACTI : archbold_FL-12,-1,deer,,5,train
https://storage.googleapis.com/public-datasets-lila/idaho-camera-traps/public/loc_0160/loc_0160_im_000693.jpg,Idaho Camera Traps : loc_0160_im_000693,Idaho Camera Traps : loc_0160_seq_000163,Idaho Camera Traps : 160,0,deer,08-15-2016 08:07:24,5,train
https://storage.googleapis.com/public-datasets-lila/nacti-unzipped/part2/sub289/FL-42_10_01_2016_FL-42_0000497.jpg,NACTI : FL-42_10_01_2016_FL-42_0000497.jpg,NACTI : unknown,NACTI : archbold_FL-42,-1,deer,,5,train
https://storage.googleapis.com/public-datasets-lila/idaho-camera-traps/public/loc_0248/loc_0248_im_000715.jpg,Idaho Camera Traps : loc_0248_im_000715,Idaho Camera Traps : loc_0248_seq_000183,Idaho Camera Traps : 248,8,deer,04-11-2016 14:37:26,5,train
https://storage.googleapis.com/public-datasets-lila/nz-trailcams/PS3/deer/fdff17a0-8296-403f-8830-a305d97d4a96.JPG,Trail Camera Images of New Zealand Animals : PS3/deer/fdff17a0-8296-403f-8830-a305d97d4a96.JPG,Trail Camera Images of New Zealand Animals : unknown,Trail Camera Images of New Zealand Animals : PS3_CAMFC23,-1,deer,03-27-2023 23:43:55,5,train
https://storage.googleapis.com/public-datasets-lila/nacti-unzipped/part1/sub175/FL-12_06_29_2015_FL-12_0001482.jpg,NACTI : FL-12_06_29_2015_FL-12_0001482.jpg,NACTI : unknown,NACTI : archbold_FL-12,-1,deer,,5,train
https://storage.googleapis.com/public-datasets-lila/nz-trailcams/PS1/deer/2e75f551-cefb-4f69-b749-3e9a816c320e.JPG,Trail Camera Images of New Zealand Animals : PS1/deer/2e75f551-cefb-4f69-b749-3e9a816c320e.JPG,Trail Camera Images of New Zealand Animals : unknown,Trail Camera Images of New Zealand Animals : PS1_CAM7307,-1,deer,12-27-2021 21:28:37,5,train
https://storage.googleapis.com/public-datasets-lila/idaho-camera-traps/public/loc_0198/loc_0198_im_001251.jpg,Idaho Camera Traps : loc_0198_im_001251,Idaho Camera Traps : loc_0198_seq_000193,Idaho Camera Traps : 198,3,deer,03-04-2016 14:00:11,5,train
https://storage.googleapis.com/public-datasets-lila/idaho-camera-traps/public/loc_0110/loc_0110_im_002096.jpg,Idaho Camera Traps : loc_0110_im_002096,Idaho Camera Traps : loc_0110_seq_000238,Idaho Camera Traps : 110,7,deer,11-24-2015 13:34:17,5,train
https://storage.googleapis.com/public-datasets-lila/idaho-camera-traps/public/loc_0126/loc_0126_im_003100.jpg,Idaho Camera Traps : loc_0126_im_003100,Idaho Camera Traps : loc_0126_seq_000310,Idaho Camera Traps : 126,0,deer,07-24-2016 18:40:30,5,train
https://storage.googleapis.com/public-datasets-lila/nacti-unzipped/part1/sub169/FL-10_06_02_2016_FL-10_0019433.JPG,NACTI : FL-10_06_02_2016_FL-10_0019433.JPG,NACTI : unknown,NACTI : archbold_FL-10,-1,deer,,5,train
https://storage.googleapis.com/public-datasets-lila/nacti-unzipped/part0/sub080/CA-30_08_02_2016_CA-30_0058408.JPG,NACTI : CA-30_08_02_2016_CA-30_0058408.JPG,NACTI : unknown,NACTI : lebec_CA-30,-1,deer,,5,train
https://storage.googleapis.com/public-datasets-lila/idaho-camera-traps/public/loc_0089/loc_0089_im_004119.jpg,Idaho Camera Traps : loc_0089_im_004119,Idaho Camera Traps : loc_0089_seq_000553,Idaho Camera Traps : 89,2,deer,04-08-2016 06:16:14,5,train
https://storage.googleapis.com/public-datasets-lila/caltech-unzipped/cct_images/59c668cf-23d2-11e8-a6a3-ec086b02610b.jpg,Caltech Camera Traps : 59c668cf-23d2-11e8-a6a3-ec086b02610b,Caltech Camera Traps : 70182361-5567-11e8-88c7-dca9047ef277,Caltech Camera Traps : 37,1,deer,09-02-2014 20:10:59,5,test
https://storage.googleapis.com/public-datasets-lila/nacti-unzipped/part1/sub168/FL-09_07_29_2015_FL-09_0032482.jpg,NACTI : FL-09_07_29_2015_FL-09_0032482.jpg,NACTI : unknown,NACTI : archbold_FL-09,-1,deer,,5,train
https://storage.googleapis.com/public-datasets-lila/idaho-camera-traps/public/loc_0209/loc_0209_im_000745.jpg,Idaho Camera Traps : loc_0209_im_000745,Idaho Camera Traps : loc_0209_seq_000116,Idaho Camera Traps : 209,3,deer,01-28-2016 07:43:30,5,train
https://storage.googleapis.com/public-datasets-lila/idaho-camera-traps/public/loc_0122/loc_0122_im_000085.jpg,Idaho Camera Traps : loc_0122_im_000085,Idaho Camera Traps : loc_0122_seq_000009,Idaho Camera Traps : 122,7,deer,06-01-2015 10:51:31,5,val
https://storage.googleapis.com/public-datasets-lila/idaho-camera-traps/public/loc_0102/loc_0102_im_000803.jpg,Idaho Camera Traps : loc_0102_im_000803,Idaho Camera Traps : loc_0102_seq_000076,Idaho Camera Traps : 102,29,deer,08-27-2015 17:21:12,5,train
https://storage.googleapis.com/public-datasets-lila/idaho-camera-traps/public/loc_0173/loc_0173_im_000852.jpg,Idaho Camera Traps : loc_0173_im_000852,Idaho Camera Traps : loc_0173_seq_000175,Idaho Camera Traps : 173,6,deer,07-11-2016 18:24:36,5,train
https://storage.googleapis.com/public-datasets-lila/idaho-camera-traps/public/loc_0093/loc_0093_im_000423.jpg,Idaho Camera Traps : loc_0093_im_000423,Idaho Camera Traps : loc_0093_seq_000065,Idaho Camera Traps : 93,15,deer,09-02-2015 07:02:19,5,train
https://storage.googleapis.com/public-datasets-lila/nacti-unzipped/part1/sub169/FL-10_06_30_2015_FL-10_0003194.jpg,NACTI : FL-10_06_30_2015_FL-10_0003194.jpg,NACTI : unknown,NACTI : archbold_FL-10,-1,deer,,5,train
https://storage.googleapis.com/public-datasets-lila/nacti-unzipped/part0/sub089/CA-36_03_21_2016_CA-36_0003909.JPG,NACTI : CA-36_03_21_2016_CA-36_0003909.JPG,NACTI : unknown,NACTI : lebec_CA-36,-1,deer,,5,val
https://storage.googleapis.com/public-datasets-lila/caltech-unzipped/cct_images/594b5c87-23d2-11e8-a6a3-ec086b02610b.jpg,Caltech Camera Traps : 594b5c87-23d2-11e8-a6a3-ec086b02610b,Caltech Camera Traps : 6fdc1f1e-5567-11e8-88b9-dca9047ef277,Caltech Camera Traps : 70,1,deer,09-03-2014 01:12:48,5,train
https://storage.googleapis.com/public-datasets-lila/nacti-unzipped/part0/sub082/CA-30_08_03_2015_CA-30_0030735.jpg,NACTI : CA-30_08_03_2015_CA-30_0030735.jpg,NACTI : unknown,NACTI : lebec_CA-30,-1,deer,,5,train
https://storage.googleapis.com/public-datasets-lila/idaho-camera-traps/public/loc_0079/loc_0079_im_002281.jpg,Idaho Camera Traps : loc_0079_im_002281,Idaho Camera Traps : loc_0079_seq_000262,Idaho Camera Traps : 79,2,deer,08-04-2015 09:03:34,5,train
https://storage.googleapis.com/public-datasets-lila/nacti-unzipped/part2/sub237/FL-25_03_07_2016_FL-25_0020318.JPG,NACTI : FL-25_03_07_2016_FL-25_0020318.JPG,NACTI : unknown,NACTI : archbold_FL-25,-1,deer,,5,train
https://storage.googleapis.com/public-datasets-lila/idaho-camera-traps/public/loc_0102/loc_0102_im_000166.jpg,Idaho Camera Traps : loc_0102_im_000166,Idaho Camera Traps : loc_0102_seq_000014,Idaho Camera Traps : 102,1,deer,06-08-2015 21:15:22,5,train
https://storage.googleapis.com/public-datasets-lila/idaho-camera-traps/public/loc_0272/loc_0272_im_002044.jpg,Idaho Camera Traps : loc_0272_im_002044,Idaho Camera Traps : loc_0272_seq_000261,Idaho Camera Traps : 272,9,deer,03-25-2016 15:35:48,5,test
https://storage.googleapis.com/public-datasets-lila/idaho-camera-traps/public/loc_0098/loc_0098_im_004225.jpg,Idaho Camera Traps : loc_0098_im_004225,Idaho Camera Traps : loc_0098_seq_000501,Idaho Camera Traps : 98,1,deer,04-02-2016 12:28:21,5,train
https://storage.googleapis.com/public-datasets-lila/nacti-unzipped/part1/sub129/FL-04_06_01_2015_FL-04_0003165.jpg,NACTI : FL-04_06_01_2015_FL-04_0003165.jpg,NACTI : unknown,NACTI : archbold_FL-04,-1,deer,,5,test
https://storage.googleapis.com/public-datasets-lila/idaho-camera-traps/public/loc_0080/loc_0080_im_000074.jpg,Idaho Camera Traps : loc_0080_im_000074,Idaho Camera Traps : loc_0080_seq_000007,Idaho Camera Traps : 80,5,deer,05-29-2015 04:13:37,5,train
https://storage.googleapis.com/public-datasets-lila/idaho-camera-traps/public/loc_0143/loc_0143_im_000821.jpg,Idaho Camera Traps : loc_0143_im_000821,Idaho Camera Traps : loc_0143_seq_000192,Idaho Camera Traps : 143,2,deer,08-09-2016 00:45:13,5,train
https://storage.googleapis.com/public-datasets-lila/idaho-camera-traps/public/loc_0226/loc_0226_im_000307.jpg,Idaho Camera Traps : loc_0226_im_000307,Idaho Camera Traps : loc_0226_seq_000115,Idaho Camera Traps : 226,15,deer,03-20-2016 11:08:51,5,test
https://storage.googleapis.com/public-datasets-lila/idaho-camera-traps/public/loc_0250/loc_0250_im_002512.jpg,Idaho Camera Traps : loc_0250_im_002512,Idaho Camera Traps : loc_0250_seq_000249,Idaho Camera Traps : 250,3,deer,02-03-2016 15:30:56,5,train
https://storage.googleapis.com/public-datasets-lila/idaho-camera-traps/public/loc_0180/loc_0180_im_000463.jpg,Idaho Camera Traps : loc_0180_im_000463,Idaho Camera Traps : loc_0180_seq_000078,Idaho Camera Traps : 180,7,deer,06-29-2016 06:25:02,5,train
https://storage.googleapis.com/public-datasets-lila/idaho-camera-traps/public/loc_0014/loc_0014_im_007010.jpg,Idaho Camera Traps : loc_0014_im_007010,Idaho Camera Traps : loc_0014_seq_006682,Idaho Camera Traps : 14,45,deer,02-19-2016 16:27:04,5,train
https://storage.googleapis.com/public-datasets-lila/idaho-camera-traps/public/loc_0035/loc_0035_im_001224.jpg,Idaho Camera Traps : loc_0035_im_001224,Idaho Camera Traps : loc_0035_seq_000340,Idaho Camera Traps : 35,90,deer,01-05-2016 15:08:25,5,train
https://storage.googleapis.com/public-datasets-lila/idaho-camera-traps/public/loc_0120/loc_0120_im_003218.jpg,Idaho Camera Traps : loc_0120_im_003218,Idaho Camera Traps : loc_0120_seq_000375,Idaho Camera Traps : 120,6,deer,01-27-2016 10:37:41,5,train
https://storage.googleapis.com/public-datasets-lila/idaho-camera-traps/public/loc_0125/loc_0125_im_001724.jpg,Idaho Camera Traps : loc_0125_im_001724,Idaho Camera Traps : loc_0125_seq_000297,Idaho Camera Traps : 125,8,deer,08-26-2016 08:22:04,5,train
https://storage.googleapis.com/public-datasets-lila/idaho-camera-traps/public/loc_0080/loc_0080_im_000287.jpg,Idaho Camera Traps : loc_0080_im_000287,Idaho Camera Traps : loc_0080_seq_000030,Idaho Camera Traps : 80,5,deer,06-02-2015 04:31:54,5,train
https://storage.googleapis.com/public-datasets-lila/idaho-camera-traps/public/loc_0138/loc_0138_im_000129.jpg,Idaho Camera Traps : loc_0138_im_000129,Idaho Camera Traps : loc_0138_seq_000018,Idaho Camera Traps : 138,1,deer,05-29-2016 06:28:40,5,val
https://storage.googleapis.com/public-datasets-lila/nacti-unzipped/part1/sub198/FL-16_11_02_2015_FL-16_0096581.jpg,NACTI : FL-16_11_02_2015_FL-16_0096581.jpg,NACTI : unknown,NACTI : archbold_FL-16,-1,deer,,5,train
https://storage.googleapis.com/public-datasets-lila/nacti-unzipped/part1/sub176/FL-12_07_28_2015_FL-12_0009013.jpg,NACTI : FL-12_07_28_2015_FL-12_0009013.jpg,NACTI : unknown,NACTI : archbold_FL-12,-1,deer,,5,train
https://storage.googleapis.com/public-datasets-lila/nacti-unzipped/part2/sub290/FL-44_01_23_2016_FL-44_0001909.jpg,NACTI : FL-44_01_23_2016_FL-44_0001909.jpg,NACTI : unknown,NACTI : archbold_FL-44,-1,deer,,5,train
https://storage.googleapis.com/public-datasets-lila/caltech-unzipped/cct_images/59f6004f-23d2-11e8-a6a3-ec086b02610b.jpg,Caltech Camera Traps : 59f6004f-23d2-11e8-a6a3-ec086b02610b,Caltech Camera Traps : 6f827dcf-5567-11e8-84db-dca9047ef277,Caltech Camera Traps : 57,1,deer,12-27-2013 16:22:03,5,train
https://storage.googleapis.com/public-datasets-lila/idaho-camera-traps/public/loc_0094/loc_0094_im_001234.jpg,Idaho Camera Traps : loc_0094_im_001234,Idaho Camera Traps : loc_0094_seq_000160,Idaho Camera Traps : 94,1,deer,09-24-2015 20:08:11,5,train
https://storage.googleapis.com/public-datasets-lila/nz-trailcams/MIS/deer/66622bb6-d64a-4c3e-abf9-e3220d6db1aa.JPG,Trail Camera Images of New Zealand Animals : MIS/deer/66622bb6-d64a-4c3e-abf9-e3220d6db1aa.JPG,Trail Camera Images of New Zealand Animals : unknown,Trail Camera Images of New Zealand Animals : MIS_HV0523,-1,deer,,5,train
https://storage.googleapis.com/public-datasets-lila/idaho-camera-traps/public/loc_0092/loc_0092_im_003397.jpg,Idaho Camera Traps : loc_0092_im_003397,Idaho Camera Traps : loc_0092_seq_000553,Idaho Camera Traps : 92,4,deer,05-20-2016 05:26:32,5,train
https://storage.googleapis.com/public-datasets-lila/nacti-unzipped/part2/sub216/FL-21_01_21_2016_FL-21_0022211.jpg,NACTI : FL-21_01_21_2016_FL-21_0022211.jpg,NACTI : unknown,NACTI : archbold_FL-21,-1,deer,,5,train
https://storage.googleapis.com/public-datasets-lila/nacti-unzipped/part1/sub169/FL-09_12_06_2015_FL-09_0039711.jpg,NACTI : FL-09_12_06_2015_FL-09_0039711.jpg,NACTI : unknown,NACTI : archbold_FL-09,-1,deer,,5,train
https://storage.googleapis.com/public-datasets-lila/idaho-camera-traps/public/loc_0132/loc_0132_im_000935.jpg,Idaho Camera Traps : loc_0132_im_000935,Idaho Camera Traps : loc_0132_seq_000136,Idaho Camera Traps : 132,3,deer,06-25-2016 09:43:13,5,val
https://storage.googleapis.com/public-datasets-lila/idaho-camera-traps/public/loc_0155/loc_0155_im_000287.jpg,Idaho Camera Traps : loc_0155_im_000287,Idaho Camera Traps : loc_0155_seq_000079,Idaho Camera Traps : 155,0,deer,07-04-2016 23:36:51,5,test
https://storage.googleapis.com/public-datasets-lila/idaho-camera-traps/public/loc_0249/loc_0249_im_000181.jpg,Idaho Camera Traps : loc_0249_im_000181,Idaho Camera Traps : loc_0249_seq_000017,Idaho Camera Traps : 249,11,deer,12-21-2015 13:23:54,5,train
https://storage.googleapis.com/public-datasets-lila/nacti-unzipped/part2/sub288/FL-42_05_03_2016_FL-42_0009176.JPG,NACTI : FL-42_05_03_2016_FL-42_0009176.JPG,NACTI : unknown,NACTI : archbold_FL-42,-1,deer,,5,train
https://storage.googleapis.com/public-datasets-lila/nacti-unzipped/part2/sub284/FL-40_03_07_2016_FL-40_0008366.JPG,NACTI : FL-40_03_07_2016_FL-40_0008366.JPG,NACTI : unknown,NACTI : archbold_FL-40,-1,deer,,5,val
https://storage.googleapis.com/public-datasets-lila/nz-trailcams/PS2/deer/32d30aef-be90-4b2f-ae1b-f27c2ea3ca62.JPG,Trail Camera Images of New Zealand Animals : PS2/deer/32d30aef-be90-4b2f-ae1b-f27c2ea3ca62.JPG,Trail Camera Images of New Zealand Animals : unknown,Trail Camera Images of New Zealand Animals : PS2_CAM8008,-1,deer,01-04-2023 10:56:03,5,train
https://storage.googleapis.com/public-datasets-lila/idaho-camera-traps/public/loc_0113/loc_0113_im_000467.jpg,Idaho Camera Traps : loc_0113_im_000467,Idaho Camera Traps : loc_0113_seq_000062,Idaho Camera Traps : 113,11,deer,08-26-2015 19:31:02,5,val
https://storage.googleapis.com/public-datasets-lila/idaho-camera-traps/public/loc_0105/loc_0105_im_001113.jpg,Idaho Camera Traps : loc_0105_im_001113,Idaho Camera Traps : loc_0105_seq_000136,Idaho Camera Traps : 105,9,deer,12-12-2015 03:57:07,5,train
https://storage.googleapis.com/public-datasets-lila/idaho-camera-traps/public/loc_0160/loc_0160_im_000468.jpg,Idaho Camera Traps : loc_0160_im_000468,Idaho Camera Traps : loc_0160_seq_000104,Idaho Camera Traps : 160,2,deer,07-14-2016 22:46:41,5,train
https://storage.googleapis.com/public-datasets-lila/idaho-camera-traps/public/loc_0132/loc_0132_im_002452.jpg,Idaho Camera Traps : loc_0132_im_002452,Idaho Camera Traps : loc_0132_seq_000378,Idaho Camera Traps : 132,1,deer,09-09-2016 07:02:27,5,val
https://storage.googleapis.com/public-datasets-lila/idaho-camera-traps/public/loc_0225/loc_0225_im_002167.jpg,Idaho Camera Traps : loc_0225_im_002167,Idaho Camera Traps : loc_0225_seq_000290,Idaho Camera Traps : 225,14,deer,01-15-2016 08:46:21,5,train
https://storage.googleapis.com/public-datasets-lila/nacti-unzipped/part2/sub281/FL-38_05_03_2016_FL-38_0032813.JPG,NACTI : FL-38_05_03_2016_FL-38_0032813.JPG,NACTI : unknown,NACTI : archbold_FL-38,-1,deer,,5,train
https://storage.googleapis.com/public-datasets-lila/idaho-camera-traps/public/loc_0080/loc_0080_im_000283.jpg,Idaho Camera Traps : loc_0080_im_000283,Idaho Camera Traps : loc_0080_seq_000030,Idaho Camera Traps : 80,1,deer,06-02-2015 04:31:45,5,train
https://storage.googleapis.com/public-datasets-lila/idaho-camera-traps/public/loc_0091/loc_0091_im_000925.jpg,Idaho Camera Traps : loc_0091_im_000925,Idaho Camera Traps : loc_0091_seq_000114,Idaho Camera Traps : 91,1,deer,09-02-2015 10:30:37,5,train
https://storage.googleapis.com/public-datasets-lila/nacti-unzipped/part2/sub208/FL-18_09_01_2016_FL-18_0028978.JPG,NACTI : FL-18_09_01_2016_FL-18_0028978.JPG,NACTI : unknown,NACTI : archbold_FL-18,-1,deer,,5,train
https://storage.googleapis.com/public-datasets-lila/nacti-unzipped/part1/sub160/FL-08_01_21_2016_FL-08_0014880.jpg,NACTI : FL-08_01_21_2016_FL-08_0014880.jpg,NACTI : unknown,NACTI : archbold_FL-08,-1,deer,,5,train
https://storage.googleapis.com/public-datasets-lila/nacti-unzipped/part1/sub168/FL-09_09_03_2015_FL-09_0033304.jpg,NACTI : FL-09_09_03_2015_FL-09_0033304.jpg,NACTI : unknown,NACTI : archbold_FL-09,-1,deer,,5,train
https://storage.googleapis.com/public-datasets-lila/caltech-unzipped/cct_images/59aadada-23d2-11e8-a6a3-ec086b02610b.jpg,Caltech Camera Traps : 59aadada-23d2-11e8-a6a3-ec086b02610b,Caltech Camera Traps : 6f8c31f3-5567-11e8-af6b-dca9047ef277,Caltech Camera Traps : 57,1,deer,07-06-2014 01:15:28,5,train
https://storage.googleapis.com/public-datasets-lila/idaho-camera-traps/public/loc_0102/loc_0102_im_001173.jpg,Idaho Camera Traps : loc_0102_im_001173,Idaho Camera Traps : loc_0102_seq_000118,Idaho Camera Traps : 102,12,deer,05-24-2016 08:13:20,5,train
https://storage.googleapis.com/public-datasets-lila/idaho-camera-traps/public/loc_0044/loc_0044_im_000577.jpg,Idaho Camera Traps : loc_0044_im_000577,Idaho Camera Traps : loc_0044_seq_000533,Idaho Camera Traps : 44,0,deer,01-07-2016 08:41:32,5,val
https://storage.googleapis.com/public-datasets-lila/idaho-camera-traps/public/loc_0108/loc_0108_im_001475.jpg,Idaho Camera Traps : loc_0108_im_001475,Idaho Camera Traps : loc_0108_seq_000205,Idaho Camera Traps : 108,11,deer,05-14-2016 13:26:51,5,val
https://storage.googleapis.com/public-datasets-lila/idaho-camera-traps/public/loc_0080/loc_0080_im_003396.jpg,Idaho Camera Traps : loc_0080_im_003396,Idaho Camera Traps : loc_0080_seq_000381,Idaho Camera Traps : 80,5,deer,05-11-2016 23:18:08,5,train
https://storage.googleapis.com/public-datasets-lila/nacti-unzipped/part1/sub177/FL-12_09_02_2015_FL-12_0009945.jpg,NACTI : FL-12_09_02_2015_FL-12_0009945.jpg,NACTI : unknown,NACTI : archbold_FL-12,-1,deer,,5,train
https://storage.googleapis.com/public-datasets-lila/idaho-camera-traps/public/loc_0169/loc_0169_im_000511.jpg,Idaho Camera Traps : loc_0169_im_000511,Idaho Camera Traps : loc_0169_seq_000079,Idaho Camera Traps : 169,2,deer,06-13-2016 00:12:13,5,test
https://storage.googleapis.com/public-datasets-lila/nz-trailcams/LCC/deer/ba4812cb-a94e-4cc6-9b2f-f69d83cb0896.JPG,Trail Camera Images of New Zealand Animals : LCC/deer/ba4812cb-a94e-4cc6-9b2f-f69d83cb0896.JPG,Trail Camera Images of New Zealand Animals : unknown,Trail Camera Images of New Zealand Animals : LCC_B87,-1,deer,08-06-2018 01:10:10,5,test
https://storage.googleapis.com/public-datasets-lila/idaho-camera-traps/public/loc_0103/loc_0103_im_000587.jpg,Idaho Camera Traps : loc_0103_im_000587,Idaho Camera Traps : loc_0103_seq_000056,Idaho Camera Traps : 103,5,deer,05-26-2015 10:48:18,5,train
https://storage.googleapis.com/public-datasets-lila/nacti-unzipped/part2/sub242/FL-27_06_02_2016_FL-27_0060560.JPG,NACTI : FL-27_06_02_2016_FL-27_0060560.JPG,NACTI : unknown,NACTI : archbold_FL-27,-1,deer,,5,train
https://storage.googleapis.com/public-datasets-lila/idaho-camera-traps/public/loc_0106/loc_0106_im_000294.jpg,Idaho Camera Traps : loc_0106_im_000294,Idaho Camera Traps : loc_0106_seq_000058,Idaho Camera Traps : 106,7,deer,11-25-2015 09:18:20,5,train
https://storage.googleapis.com/public-datasets-lila/idaho-camera-traps/public/loc_0171/loc_0171_im_001051.jpg,Idaho Camera Traps : loc_0171_im_001051,Idaho Camera Traps : loc_0171_seq_000162,Idaho Camera Traps : 171,18,deer,08-21-2016 12:21:28,5,train
https://storage.googleapis.com/public-datasets-lila/nz-trailcams/PS1/deer/b40446ae-3bc3-4c08-9fd2-22f555810280.JPG,Trail Camera Images of New Zealand Animals : PS1/deer/b40446ae-3bc3-4c08-9fd2-22f555810280.JPG,Trail Camera Images of New Zealand Animals : unknown,Trail Camera Images of New Zealand Animals : PS1_CAM8410,-1,deer,01-11-2020 08:04:45,5,val
https://storage.googleapis.com/public-datasets-lila/idaho-camera-traps/public/loc_0138/loc_0138_im_000924.jpg,Idaho Camera Traps : loc_0138_im_000924,Idaho Camera Traps : loc_0138_seq_000173,Idaho Camera Traps : 138,1,deer,07-25-2016 05:09:59,5,val
https://storage.googleapis.com/public-datasets-lila/idaho-camera-traps/public/loc_0257/loc_0257_im_002829.jpg,Idaho Camera Traps : loc_0257_im_002829,Idaho Camera Traps : loc_0257_seq_000274,Idaho Camera Traps : 257,7,deer,01-29-2016 10:37:11,5,train
https://storage.googleapis.com/public-datasets-lila/idaho-camera-traps/public/loc_0150/loc_0150_im_002375.jpg,Idaho Camera Traps : loc_0150_im_002375,Idaho Camera Traps : loc_0150_seq_000312,Idaho Camera Traps : 150,5,deer,09-08-2016 19:15:54,5,val
https://storage.googleapis.com/public-datasets-lila/nz-trailcams/PS1/deer/782ac31f-6fc2-41fd-aa22-f96f4ff0b93e.JPG,Trail Camera Images of New Zealand Animals : PS1/deer/782ac31f-6fc2-41fd-aa22-f96f4ff0b93e.JPG,Trail Camera Images of New Zealand Animals : unknown,Trail Camera Images of New Zealand Animals : PS1_CAM7213,-1,deer,12-02-2021 20:14:10,5,train
https://storage.googleapis.com/public-datasets-lila/idaho-camera-traps/public/loc_0215/loc_0215_im_000244.jpg,Idaho Camera Traps : loc_0215_im_000244,Idaho Camera Traps : loc_0215_seq_000099,Idaho Camera Traps : 215,3,deer,03-10-2016 02:11:44,5,train
https://storage.googleapis.com/public-datasets-lila/nacti-unzipped/part2/sub241/FL-27_03_07_2016_FL-27_0049485.JPG,NACTI : FL-27_03_07_2016_FL-27_0049485.JPG,NACTI : unknown,NACTI : archbold_FL-27,-1,deer,,5,train
https://storage.googleapis.com/public-datasets-lila/nz-trailcams/LCC/deer/bed225bc-e081-4a74-b88b-62102e8e2ad0.JPG,Trail Camera Images of New Zealand Animals : LCC/deer/bed225bc-e081-4a74-b88b-62102e8e2ad0.JPG,Trail Camera Images of New Zealand Animals : unknown,Trail Camera Images of New Zealand Animals : LCC_R97,-1,deer,04-08-2018 09:33:56,5,train
https://storage.googleapis.com/public-datasets-lila/idaho-camera-traps/public/loc_0094/loc_0094_im_002121.jpg,Idaho Camera Traps : loc_0094_im_002121,Idaho Camera Traps : loc_0094_seq_000305,Idaho Camera Traps : 94,5,deer,03-20-2016 11:53:15,5,train
https://storage.googleapis.com/public-datasets-lila/nacti-unzipped/part2/sub240/FL-26_09_09_2016_FL-26_0030519.JPG,NACTI : FL-26_09_09_2016_FL-26_0030519.JPG,NACTI : unknown,NACTI : archbold_FL-26,-1,deer,,5,train
https://storage.googleapis.com/public-datasets-lila/idaho-camera-traps/public/loc_0170/loc_0170_im_004651.jpg,Idaho Camera Traps : loc_0170_im_004651,Idaho Camera Traps : loc_0170_seq_000801,Idaho Camera Traps : 170,5,deer,09-12-2016 10:08:18,5,train
https://storage.googleapis.com/public-datasets-lila/caltech-unzipped/cct_images/592c4f14-23d2-11e8-a6a3-ec086b02610b.jpg,Caltech Camera Traps : 592c4f14-23d2-11e8-a6a3-ec086b02610b,Caltech Camera Traps : 7010afe1-5567-11e8-aa02-dca9047ef277,Caltech Camera Traps : 102,4,deer,04-30-2014 22:46:10,5,train
https://storage.googleapis.com/public-datasets-lila/nz-trailcams/PS1/deer/67a5f712-caaa-4bb7-a893-0d333901e1c7.JPG,Trail Camera Images of New Zealand Animals : PS1/deer/67a5f712-caaa-4bb7-a893-0d333901e1c7.JPG,Trail Camera Images of New Zealand Animals : unknown,Trail Camera Images of New Zealand Animals : PS1_CAM7816,-1,deer,06-07-2022 12:52:38,5,train
https://storage.googleapis.com/public-datasets-lila/idaho-camera-traps/public/loc_0213/loc_0213_im_000037.jpg,Idaho Camera Traps : loc_0213_im_000037,Idaho Camera Traps : loc_0213_seq_000003,Idaho Camera Traps : 213,2,deer,12-07-2015 08:05:30,5,train
https://storage.googleapis.com/public-datasets-lila/idaho-camera-traps/public/loc_0064/loc_0064_im_002599.jpg,Idaho Camera Traps : loc_0064_im_002599,Idaho Camera Traps : loc_0064_seq_002114,Idaho Camera Traps : 64,8,deer,01-21-2016 16:10:30,5,train
https://storage.googleapis.com/public-datasets-lila/idaho-camera-traps/public/loc_0148/loc_0148_im_003414.jpg,Idaho Camera Traps : loc_0148_im_003414,Idaho Camera Traps : loc_0148_seq_000312,Idaho Camera Traps : 148,4,deer,07-31-2016 04:03:47,5,train
https://storage.googleapis.com/public-datasets-lila/nz-trailcams/PS1/deer/087112df-57f3-470c-9c7d-b5bb8438ae17.JPG,Trail Camera Images of New Zealand Animals : PS1/deer/087112df-57f3-470c-9c7d-b5bb8438ae17.JPG,Trail Camera Images of New Zealand Animals : unknown,Trail Camera Images of New Zealand Animals : PS1_CAMGC43,-1,deer,04-26-2022 23:14:09,5,train
https://storage.googleapis.com/public-datasets-lila/idaho-camera-traps/public/loc_0240/loc_0240_im_001013.jpg,Idaho Camera Traps : loc_0240_im_001013,Idaho Camera Traps : loc_0240_seq_000149,Idaho Camera Traps : 240,2,deer,01-23-2016 13:03:45,5,test
https://storage.googleapis.com/public-datasets-lila/nz-trailcams/PS1/deer/ba41b70b-2d85-47a6-910d-3737a5cbd96f.JPG,Trail Camera Images of New Zealand Animals : PS1/deer/ba41b70b-2d85-47a6-910d-3737a5cbd96f.JPG,Trail Camera Images of New Zealand Animals : unknown,Trail Camera Images of New Zealand Animals : PS1_CAM6213,-1,deer,08-05-2022 01:33:20,5,train
https://storage.googleapis.com/public-datasets-lila/idaho-camera-traps/public/loc_0180/loc_0180_im_000829.jpg,Idaho Camera Traps : loc_0180_im_000829,Idaho Camera Traps : loc_0180_seq_000212,Idaho Camera Traps : 180,0,deer,10-02-2016 00:00:00,5,train
https://storage.googleapis.com/public-datasets-lila/nz-trailcams/LCC/deer/d8dfdaf7-52f8-42bf-bdd6-f10d8eb237cc.JPG,Trail Camera Images of New Zealand Animals : LCC/deer/d8dfdaf7-52f8-42bf-bdd6-f10d8eb237cc.JPG,Trail Camera Images of New Zealand Animals : unknown,Trail Camera Images of New Zealand Animals : LCC_R143,-1,deer,06-25-2018 10:49:25,5,train
https://storage.googleapis.com/public-datasets-lila/nacti-unzipped/part1/sub116/FL-01_09_02_2015_FL-01_0037717.jpg,NACTI : FL-01_09_02_2015_FL-01_0037717.jpg,NACTI : unknown,NACTI : archbold_FL-01,-1,deer,,5,train
https://storage.googleapis.com/public-datasets-lila/nacti-unzipped/part0/sub089/CA-36_03_21_2016_CA-36_0003905.JPG,NACTI : CA-36_03_21_2016_CA-36_0003905.JPG,NACTI : unknown,NACTI : lebec_CA-36,-1,deer,,5,val
https://storage.googleapis.com/public-datasets-lila/nz-trailcams/LCC/deer/fe19a69b-7939-4b90-a774-5e33e98b66b2.JPG,Trail Camera Images of New Zealand Animals : LCC/deer/fe19a69b-7939-4b90-a774-5e33e98b66b2.JPG,Trail Camera Images of New Zealand Animals : unknown,Trail Camera Images of New Zealand Animals : LCC_R06,-1,deer,05-19-2018 05:26:28,5,val
https://storage.googleapis.com/public-datasets-lila/idaho-camera-traps/public/loc_0145/loc_0145_im_000076.jpg,Idaho Camera Traps : loc_0145_im_000076,Idaho Camera Traps : loc_0145_seq_000029,Idaho Camera Traps : 145,5,deer,06-17-2016 18:59:31,5,train
https://storage.googleapis.com/public-datasets-lila/idaho-camera-traps/public/loc_0209/loc_0209_im_000265.jpg,Idaho Camera Traps : loc_0209_im_000265,Idaho Camera Traps : loc_0209_seq_000045,Idaho Camera Traps : 209,4,deer,01-06-2016 15:33:52,5,train
https://storage.googleapis.com/public-datasets-lila/idaho-camera-traps/public/loc_0216/loc_0216_im_000651.jpg,Idaho Camera Traps : loc_0216_im_000651,Idaho Camera Traps : loc_0216_seq_000135,Idaho Camera Traps : 216,5,deer,03-08-2016 06:13:24,5,train
https://storage.googleapis.com/public-datasets-lila/nacti-unzipped/part2/sub267/FL-32_06_03_2016_FL-32_0013362.JPG,NACTI : FL-32_06_03_2016_FL-32_0013362.JPG,NACTI : unknown,NACTI : archbold_FL-32,-1,deer,,5,train
https://storage.googleapis.com/public-datasets-lila/idaho-camera-traps/public/loc_0196/loc_0196_im_000460.jpg,Idaho Camera Traps : loc_0196_im_000460,Idaho Camera Traps : loc_0196_seq_000038,Idaho Camera Traps : 196,4,deer,07-19-2015 19:44:59,5,train
https://storage.googleapis.com/public-datasets-lila/nz-trailcams/PS2/deer/596acc34-9a2c-4025-a719-ee14298800ac.JPG,Trail Camera Images of New Zealand Animals : PS2/deer/596acc34-9a2c-4025-a719-ee14298800ac.JPG,Trail Camera Images of New Zealand Animals : unknown,Trail Camera Images of New Zealand Animals : PS2_CAMGC43,-1,deer,12-20-2022 01:11:57,5,train
https://storage.googleapis.com/public-datasets-lila/idaho-camera-traps/public/loc_0092/loc_0092_im_002295.jpg,Idaho Camera Traps : loc_0092_im_002295,Idaho Camera Traps : loc_0092_seq_000361,Idaho Camera Traps : 92,3,deer,11-27-2015 13:06:56,5,train
https://storage.googleapis.com/public-datasets-lila/nz-trailcams/PS3/deer/4c133a0c-e87f-49ca-8a75-5b4ff269db91.JPG,Trail Camera Images of New Zealand Animals : PS3/deer/4c133a0c-e87f-49ca-8a75-5b4ff269db91.JPG,Trail Camera Images of New Zealand Animals : unknown,Trail Camera Images of New Zealand Animals : PS3_CAMGC43,-1,deer,03-24-2023 03:05:24,5,train
https://storage.googleapis.com/public-datasets-lila/nz-trailcams/PS2/deer/35f52c7d-adbf-4773-97ea-41b1a63dd7f8.JPG,Trail Camera Images of New Zealand Animals : PS2/deer/35f52c7d-adbf-4773-97ea-41b1a63dd7f8.JPG,Trail Camera Images of New Zealand Animals : unknown,Trail Camera Images of New Zealand Animals : PS2_CAM6604,-1,deer,01-02-2023 08:18:10,5,train
https://storage.googleapis.com/public-datasets-lila/nz-trailcams/PS3/deer/872fe5c5-5c9b-4728-9bf2-afe204d282c8.JPG,Trail Camera Images of New Zealand Animals : PS3/deer/872fe5c5-5c9b-4728-9bf2-afe204d282c8.JPG,Trail Camera Images of New Zealand Animals : unknown,Trail Camera Images of New Zealand Animals : PS3_CAMFC23,-1,deer,03-29-2023 00:50:42,5,train
https://storage.googleapis.com/public-datasets-lila/nacti-unzipped/part1/sub116/FL-01_06_29_2015_FL-01_0036832.jpg,NACTI : FL-01_06_29_2015_FL-01_0036832.jpg,NACTI : unknown,NACTI : archbold_FL-01,-1,deer,,5,train
https://storage.googleapis.com/public-datasets-lila/nacti-unzipped/part2/sub286/FL-41_06_03_2016_FL-41_0028522.JPG,NACTI : FL-41_06_03_2016_FL-41_0028522.JPG,NACTI : unknown,NACTI : archbold_FL-41,-1,deer,,5,train
https://storage.googleapis.com/public-datasets-lila/idaho-camera-traps/public/loc_0129/loc_0129_im_000128.jpg,Idaho Camera Traps : loc_0129_im_000128,Idaho Camera Traps : loc_0129_seq_000011,Idaho Camera Traps : 129,4,deer,05-24-2016 04:01:04,5,train
https://storage.googleapis.com/public-datasets-lila/nz-trailcams/WLG/deer/171215193248024b7481.jpg,Trail Camera Images of New Zealand Animals : WLG/deer/171215193248024b7481.jpg,Trail Camera Images of New Zealand Animals : unknown,Trail Camera Images of New Zealand Animals : WLG_24B748,-1,deer,12-17-2015 19:32:48,5,test
https://storage.googleapis.com/public-datasets-lila/nz-trailcams/PS1/deer/7e680cc6-b6fb-45c6-9135-12fc415dc416.JPG,Trail Camera Images of New Zealand Animals : PS1/deer/7e680cc6-b6fb-45c6-9135-12fc415dc416.JPG,Trail Camera Images of New Zealand Animals : unknown,Trail Camera Images of New Zealand Animals : PS1_CAM7920,-1,deer,11-14-2021 21:23:15,5,train
https://storage.googleapis.com/public-datasets-lila/idaho-camera-traps/public/loc_0080/loc_0080_im_003421.jpg,Idaho Camera Traps : loc_0080_im_003421,Idaho Camera Traps : loc_0080_seq_000384,Idaho Camera Traps : 80,0,deer,05-11-2016 23:40:47,5,train
https://storage.googleapis.com/public-datasets-lila/caltech-unzipped/cct_images/58ddd817-23d2-11e8-a6a3-ec086b02610b.jpg,Caltech Camera Traps : 58ddd817-23d2-11e8-a6a3-ec086b02610b,Caltech Camera Traps : 70109668-5567-11e8-b7f7-dca9047ef277,Caltech Camera Traps : 134,3,deer,06-03-2015 12:07:08,5,val
https://storage.googleapis.com/public-datasets-lila/nz-trailcams/MIS/deer/cbfabdae-d509-40e6-bae3-2dabcde53912.JPG,Trail Camera Images of New Zealand Animals : MIS/deer/cbfabdae-d509-40e6-bae3-2dabcde53912.JPG,Trail Camera Images of New Zealand Animals : unknown,Trail Camera Images of New Zealand Animals : MIS_HV0427,-1,deer,,5,train
https://storage.googleapis.com/public-datasets-lila/idaho-camera-traps/public/loc_0234/loc_0234_im_000291.jpg,Idaho Camera Traps : loc_0234_im_000291,Idaho Camera Traps : loc_0234_seq_000040,Idaho Camera Traps : 234,13,deer,01-10-2016 15:18:48,5,train
https://storage.googleapis.com/public-datasets-lila/idaho-camera-traps/public/loc_0229/loc_0229_im_000493.jpg,Idaho Camera Traps : loc_0229_im_000493,Idaho Camera Traps : loc_0229_seq_000113,Idaho Camera Traps : 229,9,deer,03-02-2016 17:38:47,5,train
https://storage.googleapis.com/public-datasets-lila/idaho-camera-traps/public/loc_0144/loc_0144_im_000158.jpg,Idaho Camera Traps : loc_0144_im_000158,Idaho Camera Traps : loc_0144_seq_000074,Idaho Camera Traps : 144,4,deer,07-14-2016 07:19:12,5,train
https://storage.googleapis.com/public-datasets-lila/idaho-camera-traps/public/loc_0064/loc_0064_im_002847.jpg,Idaho Camera Traps : loc_0064_im_002847,Idaho Camera Traps : loc_0064_seq_002222,Idaho Camera Traps : 64,4,deer,01-22-2016 12:39:08,5,train
https://storage.googleapis.com/public-datasets-lila/idaho-camera-traps/public/loc_0084/loc_0084_im_002267.jpg,Idaho Camera Traps : loc_0084_im_002267,Idaho Camera Traps : loc_0084_seq_000264,Idaho Camera Traps : 84,5,deer,11-08-2015 19:15:26,5,train
https://storage.googleapis.com/public-datasets-lila/idaho-camera-traps/public/loc_0235/loc_0235_im_000292.jpg,Idaho Camera Traps : loc_0235_im_000292,Idaho Camera Traps : loc_0235_seq_000097,Idaho Camera Traps : 235,31,deer,03-06-2016 09:30:56,5,train
https://storage.googleapis.com/public-datasets-lila/idaho-camera-traps/public/loc_0163/loc_0163_im_000282.jpg,Idaho Camera Traps : loc_0163_im_000282,Idaho Camera Traps : loc_0163_seq_000080,Idaho Camera Traps : 163,22,deer,07-11-2016 21:25:00,5,train
https://storage.googleapis.com/public-datasets-lila/idaho-camera-traps/public/loc_0199/loc_0199_im_005200.jpg,Idaho Camera Traps : loc_0199_im_005200,Idaho Camera Traps : loc_0199_seq_000394,Idaho Camera Traps : 199,3,deer,03-17-2016 15:57:56,5,train
https://storage.googleapis.com/public-datasets-lila/idaho-camera-traps/public/loc_0080/loc_0080_im_004631.jpg,Idaho Camera Traps : loc_0080_im_004631,Idaho Camera Traps : loc_0080_seq_000539,Idaho Camera Traps : 80,1,deer,05-23-2016 06:40:09,5,train
https://storage.googleapis.com/public-datasets-lila/idaho-camera-traps/public/loc_0150/loc_0150_im_001755.jpg,Idaho Camera Traps : loc_0150_im_001755,Idaho Camera Traps : loc_0150_seq_000195,Idaho Camera Traps : 150,8,deer,07-20-2016 09:36:41,5,val
https://storage.googleapis.com/public-datasets-lila/idaho-camera-traps/public/loc_0140/loc_0140_im_000188.jpg,Idaho Camera Traps : loc_0140_im_000188,Idaho Camera Traps : loc_0140_seq_000024,Idaho Camera Traps : 140,5,deer,06-01-2016 20:19:26,5,train
https://storage.googleapis.com/public-datasets-lila/idaho-camera-traps/public/loc_0076/loc_0076_im_001549.jpg,Idaho Camera Traps : loc_0076_im_001549,Idaho Camera Traps : loc_0076_seq_000168,Idaho Camera Traps : 76,4,deer,09-20-2015 23:55:38,5,val
https://storage.googleapis.com/public-datasets-lila/nz-trailcams/LCC/deer/521288d5-0fe4-4759-bc6f-7819a0ce42bc.JPG,Trail Camera Images of New Zealand Animals : LCC/deer/521288d5-0fe4-4759-bc6f-7819a0ce42bc.JPG,Trail Camera Images of New Zealand Animals : unknown,Trail Camera Images of New Zealand Animals : LCC_B117,-1,deer,03-22-2018 14:20:36,5,train
https://storage.googleapis.com/public-datasets-lila/nacti-unzipped/part2/sub261/FL-30_10_01_2015_FL-30_0037086.jpg,NACTI : FL-30_10_01_2015_FL-30_0037086.jpg,NACTI : unknown,NACTI : archbold_FL-30,-1,deer,,5,train
https://storage.googleapis.com/public-datasets-lila/idaho-camera-traps/public/loc_0154/loc_0154_im_001658.jpg,Idaho Camera Traps : loc_0154_im_001658,Idaho Camera Traps : loc_0154_seq_000334,Idaho Camera Traps : 154,1,deer,09-14-2016 19:26:22,5,train
https://storage.googleapis.com/public-datasets-lila/idaho-camera-traps/public/loc_0086/loc_0086_im_005957.jpg,Idaho Camera Traps : loc_0086_im_005957,Idaho Camera Traps : loc_0086_seq_000899,Idaho Camera Traps : 86,2,deer,05-22-2016 08:00:32,5,train
https://storage.googleapis.com/public-datasets-lila/nacti-unzipped/part0/sub077/CA-29_09_06_2016_CA-29_0046602.JPG,NACTI : CA-29_09_06_2016_CA-29_0046602.JPG,NACTI : unknown,NACTI : lebec_CA-29,-1,deer,,5,train
https://storage.googleapis.com/public-datasets-lila/idaho-camera-traps/public/loc_0177/loc_0177_im_001002.jpg,Idaho Camera Traps : loc_0177_im_001002,Idaho Camera Traps : loc_0177_seq_000190,Idaho Camera Traps : 177,2,deer,09-07-2016 16:56:27,5,train
https://storage.googleapis.com/public-datasets-lila/idaho-camera-traps/public/loc_0187/loc_0187_im_000915.jpg,Idaho Camera Traps : loc_0187_im_000915,Idaho Camera Traps : loc_0187_seq_000160,Idaho Camera Traps : 187,1,deer,08-09-2016 20:11:46,5,train
https://storage.googleapis.com/public-datasets-lila/idaho-camera-traps/public/loc_0123/loc_0123_im_000975.jpg,Idaho Camera Traps : loc_0123_im_000975,Idaho Camera Traps : loc_0123_seq_000136,Idaho Camera Traps : 123,3,deer,11-28-2015 10:12:07,5,train
https://storage.googleapis.com/public-datasets-lila/nz-trailcams/LCC/deer/24f07fc6-c366-4d57-9059-70d54be5e014.JPG,Trail Camera Images of New Zealand Animals : LCC/deer/24f07fc6-c366-4d57-9059-70d54be5e014.JPG,Trail Camera Images of New Zealand Animals : unknown,Trail Camera Images of New Zealand Animals : LCC_R141,-1,deer,05-26-2018 20:25:08,5,train
https://storage.googleapis.com/public-datasets-lila/idaho-camera-traps/public/loc_0092/loc_0092_im_000750.jpg,Idaho Camera Traps : loc_0092_im_000750,Idaho Camera Traps : loc_0092_seq_000118,Idaho Camera Traps : 92,0,deer,08-04-2015 02:21:31,5,train
https://storage.googleapis.com/public-datasets-lila/idaho-camera-traps/public/loc_0148/loc_0148_im_000508.jpg,Idaho Camera Traps : loc_0148_im_000508,Idaho Camera Traps : loc_0148_seq_000046,Idaho Camera Traps : 148,43,deer,06-11-2016 19:42:48,5,train
https://storage.googleapis.com/public-datasets-lila/nacti-unzipped/part1/sub173/FL-12_05_02_2016_FL-12_0038080.JPG,NACTI : FL-12_05_02_2016_FL-12_0038080.JPG,NACTI : unknown,NACTI : archbold_FL-12,-1,deer,,5,train
https://storage.googleapis.com/public-datasets-lila/idaho-camera-traps/public/loc_0122/loc_0122_im_005132.jpg,Idaho Camera Traps : loc_0122_im_005132,Idaho Camera Traps : loc_0122_seq_000645,Idaho Camera Traps : 122,2,deer,05-11-2016 16:48:28,5,val
https://storage.googleapis.com/public-datasets-lila/nz-trailcams/PS3/deer/e63fc992-173f-4511-bc4a-d0411b512675.JPG,Trail Camera Images of New Zealand Animals : PS3/deer/e63fc992-173f-4511-bc4a-d0411b512675.JPG,Trail Camera Images of New Zealand Animals : unknown,Trail Camera Images of New Zealand Animals : PS3_CAMGC43,-1,deer,02-27-2023 05:43:23,5,train
https://storage.googleapis.com/public-datasets-lila/nz-trailcams/PS1/deer/8628cb7c-742f-4036-a088-53c14dce939a.JPG,Trail Camera Images of New Zealand Animals : PS1/deer/8628cb7c-742f-4036-a088-53c14dce939a.JPG,Trail Camera Images of New Zealand Animals : unknown,Trail Camera Images of New Zealand Animals : PS1_CAM6213,-1,deer,06-11-2022 16:02:39,5,train
https://storage.googleapis.com/public-datasets-lila/idaho-camera-traps/public/loc_0126/loc_0126_im_001283.jpg,Idaho Camera Traps : loc_0126_im_001283,Idaho Camera Traps : loc_0126_seq_000115,Idaho Camera Traps : 126,20,deer,07-02-2016 06:37:52,5,train
https://storage.googleapis.com/public-datasets-lila/idaho-camera-traps/public/loc_0004/loc_0004_im_005459.jpg,Idaho Camera Traps : loc_0004_im_005459,Idaho Camera Traps : loc_0004_seq_004864,Idaho Camera Traps : 4,0,deer,02-10-2016 10:30:55,5,train
https://storage.googleapis.com/public-datasets-lila/nacti-unzipped/part1/sub169/FL-10_04_05_2016_FL-10_0015864.JPG,NACTI : FL-10_04_05_2016_FL-10_0015864.JPG,NACTI : unknown,NACTI : archbold_FL-10,-1,deer,,5,train
https://storage.googleapis.com/public-datasets-lila/nacti-unzipped/part1/sub176/FL-12_07_28_2015_FL-12_0006671.jpg,NACTI : FL-12_07_28_2015_FL-12_0006671.jpg,NACTI : unknown,NACTI : archbold_FL-12,-1,deer,,5,train
https://storage.googleapis.com/public-datasets-lila/nacti-unzipped/part0/sub057/CA-18_08_03_2015_CA-18_0015724.jpg,NACTI : CA-18_08_03_2015_CA-18_0015724.jpg,NACTI : unknown,NACTI : lebec_CA-18,-1,deer,,5,train
https://storage.googleapis.com/public-datasets-lila/idaho-camera-traps/public/loc_0242/loc_0242_im_001039.jpg,Idaho Camera Traps : loc_0242_im_001039,Idaho Camera Traps : loc_0242_seq_000188,Idaho Camera Traps : 242,22,deer,03-27-2016 14:17:17,5,test
https://storage.googleapis.com/public-datasets-lila/nz-trailcams/LCC/deer/2668d6c3-465c-4d75-973d-fd9fbb06e749.JPG,Trail Camera Images of New Zealand Animals : LCC/deer/2668d6c3-465c-4d75-973d-fd9fbb06e749.JPG,Trail Camera Images of New Zealand Animals : unknown,Trail Camera Images of New Zealand Animals : LCC_R113,-1,deer,04-09-2018 14:48:29,5,train
https://storage.googleapis.com/public-datasets-lila/idaho-camera-traps/public/loc_0097/loc_0097_im_000108.jpg,Idaho Camera Traps : loc_0097_im_000108,Idaho Camera Traps : loc_0097_seq_000011,Idaho Camera Traps : 97,0,deer,06-13-2015 09:07:19,5,train
https://storage.googleapis.com/public-datasets-lila/idaho-camera-traps/public/loc_0167/loc_0167_im_000238.jpg,Idaho Camera Traps : loc_0167_im_000238,Idaho Camera Traps : loc_0167_seq_000044,Idaho Camera Traps : 167,5,deer,06-12-2016 06:20:13,5,train
https://storage.googleapis.com/public-datasets-lila/idaho-camera-traps/public/loc_0121/loc_0121_im_001844.jpg,Idaho Camera Traps : loc_0121_im_001844,Idaho Camera Traps : loc_0121_seq_000199,Idaho Camera Traps : 121,2,deer,09-06-2015 02:45:28,5,train
https://storage.googleapis.com/public-datasets-lila/idaho-camera-traps/public/loc_0202/loc_0202_im_000316.jpg,Idaho Camera Traps : loc_0202_im_000316,Idaho Camera Traps : loc_0202_seq_000082,Idaho Camera Traps : 202,7,deer,02-16-2016 15:53:55,5,train
https://storage.googleapis.com/public-datasets-lila/idaho-camera-traps/public/loc_0083/loc_0083_im_004223.jpg,Idaho Camera Traps : loc_0083_im_004223,Idaho Camera Traps : loc_0083_seq_000655,Idaho Camera Traps : 83,8,deer,08-19-2015 04:47:49,5,train
https://storage.googleapis.com/public-datasets-lila/idaho-camera-traps/public/loc_0166/loc_0166_im_000800.jpg,Idaho Camera Traps : loc_0166_im_000800,Idaho Camera Traps : loc_0166_seq_000142,Idaho Camera Traps : 166,3,deer,06-20-2016 21:19:39,5,train
https://storage.googleapis.com/public-datasets-lila/nacti-unzipped/part0/sub054/CA-17_08_03_2015_CA-17_0021395.jpg,NACTI : CA-17_08_03_2015_CA-17_0021395.jpg,NACTI : unknown,NACTI : lebec_CA-17,-1,deer,,5,train
https://storage.googleapis.com/public-datasets-lila/idaho-camera-traps/public/loc_0166/loc_0166_im_002117.jpg,Idaho Camera Traps : loc_0166_im_002117,Idaho Camera Traps : loc_0166_seq_000384,Idaho Camera Traps : 166,4,deer,08-15-2016 05:43:16,5,train
https://storage.googleapis.com/public-datasets-lila/idaho-camera-traps/public/loc_0075/loc_0075_im_008036.jpg,Idaho Camera Traps : loc_0075_im_008036,Idaho Camera Traps : loc_0075_seq_007508,Idaho Camera Traps : 75,4,deer,02-28-2016 10:04:58,5,train
https://storage.googleapis.com/public-datasets-lila/idaho-camera-traps/public/loc_0196/loc_0196_im_003156.jpg,Idaho Camera Traps : loc_0196_im_003156,Idaho Camera Traps : loc_0196_seq_000352,Idaho Camera Traps : 196,6,deer,03-21-2016 19:15:38,5,train
https://storage.googleapis.com/public-datasets-lila/idaho-camera-traps/public/loc_0026/loc_0026_im_000827.jpg,Idaho Camera Traps : loc_0026_im_000827,Idaho Camera Traps : loc_0026_seq_000731,Idaho Camera Traps : 26,1,deer,01-08-2016 16:07:03,5,train
https://storage.googleapis.com/public-datasets-lila/idaho-camera-traps/public/loc_0121/loc_0121_im_000693.jpg,Idaho Camera Traps : loc_0121_im_000693,Idaho Camera Traps : loc_0121_seq_000058,Idaho Camera Traps : 121,30,deer,06-17-2015 08:01:29,5,train
https://storage.googleapis.com/public-datasets-lila/nacti-unzipped/part1/sub176/FL-12_07_28_2015_FL-12_0005216.jpg,NACTI : FL-12_07_28_2015_FL-12_0005216.jpg,NACTI : unknown,NACTI : archbold_FL-12,-1,deer,,5,train
https://storage.googleapis.com/public-datasets-lila/nacti-unzipped/part1/sub176/FL-12_07_28_2015_FL-12_0008329.jpg,NACTI : FL-12_07_28_2015_FL-12_0008329.jpg,NACTI : unknown,NACTI : archbold_FL-12,-1,deer,,5,train
https://storage.googleapis.com/public-datasets-lila/idaho-camera-traps/public/loc_0086/loc_0086_im_003568.jpg,Idaho Camera Traps : loc_0086_im_003568,Idaho Camera Traps : loc_0086_seq_000607,Idaho Camera Traps : 86,1,deer,10-30-2015 03:17:07,5,train
https://storage.googleapis.com/public-datasets-lila/caltech-unzipped/cct_images/59fc7e38-23d2-11e8-a6a3-ec086b02610b.jpg,Caltech Camera Traps : 59fc7e38-23d2-11e8-a6a3-ec086b02610b,Caltech Camera Traps : 6fded7c5-5567-11e8-8bd5-dca9047ef277,Caltech Camera Traps : 23,1,deer,10-18-2013 05:36:02,5,train
https://storage.googleapis.com/public-datasets-lila/idaho-camera-traps/public/loc_0191/loc_0191_im_000323.jpg,Idaho Camera Traps : loc_0191_im_000323,Idaho Camera Traps : loc_0191_seq_000087,Idaho Camera Traps : 191,8,deer,07-18-2016 11:41:43,5,train
https://storage.googleapis.com/public-datasets-lila/nacti-unzipped/part1/sub134/FL-05_09_02_2015_FL-05_0023270.jpg,NACTI : FL-05_09_02_2015_FL-05_0023270.jpg,NACTI : unknown,NACTI : archbold_FL-05,-1,deer,,5,train
https://storage.googleapis.com/public-datasets-lila/nacti-unzipped/part1/sub188/FL-15_04_05_2016_FL-15_0016244.JPG,NACTI : FL-15_04_05_2016_FL-15_0016244.JPG,NACTI : unknown,NACTI : archbold_FL-15,-1,deer,,5,train
https://storage.googleapis.com/public-datasets-lila/nz-trailcams/PS3/deer/5674f6da-da01-465a-a3f0-265b16bb2f44.JPG,Trail Camera Images of New Zealand Animals : PS3/deer/5674f6da-da01-465a-a3f0-265b16bb2f44.JPG,Trail Camera Images of New Zealand Animals : unknown,Trail Camera Images of New Zealand Animals : PS3_CAM6207,-1,deer,03-25-2023 10:29:07,5,train
https://storage.googleapis.com/public-datasets-lila/idaho-camera-traps/public/loc_0098/loc_0098_im_000187.jpg,Idaho Camera Traps : loc_0098_im_000187,Idaho Camera Traps : loc_0098_seq_000023,Idaho Camera Traps : 98,4,deer,05-16-2015 11:36:20,5,train
https://storage.googleapis.com/public-datasets-lila/idaho-camera-traps/public/loc_0040/loc_0040_im_005416.jpg,Idaho Camera Traps : loc_0040_im_005416,Idaho Camera Traps : loc_0040_seq_005199,Idaho Camera Traps : 40,3,deer,02-12-2016 13:23:59,5,train
https://storage.googleapis.com/public-datasets-lila/idaho-camera-traps/public/loc_0082/loc_0082_im_000659.jpg,Idaho Camera Traps : loc_0082_im_000659,Idaho Camera Traps : loc_0082_seq_000115,Idaho Camera Traps : 82,5,deer,11-24-2015 08:14:38,5,train
https://storage.googleapis.com/public-datasets-lila/nacti-unzipped/part1/sub179/FL-13_03_07_2016_FL-13_0069883.JPG,NACTI : FL-13_03_07_2016_FL-13_0069883.JPG,NACTI : unknown,NACTI : archbold_FL-13,-1,deer,,5,train
https://storage.googleapis.com/public-datasets-lila/idaho-camera-traps/public/loc_0084/loc_0084_im_000455.jpg,Idaho Camera Traps : loc_0084_im_000455,Idaho Camera Traps : loc_0084_seq_000052,Idaho Camera Traps : 84,14,deer,06-16-2015 09:02:19,5,train
https://storage.googleapis.com/public-datasets-lila/idaho-camera-traps/public/loc_0091/loc_0091_im_000071.jpg,Idaho Camera Traps : loc_0091_im_000071,Idaho Camera Traps : loc_0091_seq_000008,Idaho Camera Traps : 91,20,deer,06-04-2015 06:02:12,5,train
https://storage.googleapis.com/public-datasets-lila/idaho-camera-traps/public/loc_0104/loc_0104_im_000657.jpg,Idaho Camera Traps : loc_0104_im_000657,Idaho Camera Traps : loc_0104_seq_000089,Idaho Camera Traps : 104,0,deer,12-08-2015 12:05:32,5,train
https://storage.googleapis.com/public-datasets-lila/idaho-camera-traps/public/loc_0119/loc_0119_im_000185.jpg,Idaho Camera Traps : loc_0119_im_000185,Idaho Camera Traps : loc_0119_seq_000020,Idaho Camera Traps : 119,11,deer,11-04-2015 21:21:35,5,train
https://storage.googleapis.com/public-datasets-lila/nacti-unzipped/part0/sub088/CA-35_01_28_2016_CA-35_0004418.jpg,NACTI : CA-35_01_28_2016_CA-35_0004418.jpg,NACTI : unknown,NACTI : lebec_CA-35,-1,deer,,5,train
https://storage.googleapis.com/public-datasets-lila/idaho-camera-traps/public/loc_0272/loc_0272_im_001008.jpg,Idaho Camera Traps : loc_0272_im_001008,Idaho Camera Traps : loc_0272_seq_000128,Idaho Camera Traps : 272,9,deer,02-13-2016 13:20:52,5,test
https://storage.googleapis.com/public-datasets-lila/idaho-camera-traps/public/loc_0126/loc_0126_im_000025.jpg,Idaho Camera Traps : loc_0126_im_000025,Idaho Camera Traps : loc_0126_seq_000003,Idaho Camera Traps : 126,7,deer,06-20-2016 20:50:35,5,train
https://storage.googleapis.com/public-datasets-lila/idaho-camera-traps/public/loc_0017/loc_0017_im_003486.jpg,Idaho Camera Traps : loc_0017_im_003486,Idaho Camera Traps : loc_0017_seq_002754,Idaho Camera Traps : 17,0,deer,01-22-2016 12:35:00,5,train
https://storage.googleapis.com/public-datasets-lila/nz-trailcams/PS3/deer/eb8e3cd9-95b5-4517-b143-e192cd6a00bf.JPG,Trail Camera Images of New Zealand Animals : PS3/deer/eb8e3cd9-95b5-4517-b143-e192cd6a00bf.JPG,Trail Camera Images of New Zealand Animals : unknown,Trail Camera Images of New Zealand Animals : PS3_CAMGC43,-1,deer,02-26-2023 21:50:25,5,train
https://storage.googleapis.com/public-datasets-lila/idaho-camera-traps/public/loc_0080/loc_0080_im_001021.jpg,Idaho Camera Traps : loc_0080_im_001021,Idaho Camera Traps : loc_0080_seq_000119,Idaho Camera Traps : 80,4,deer,08-06-2015 09:44:39,5,train
https://storage.googleapis.com/public-datasets-lila/nz-trailcams/LCC/deer/ad50f75d-5b3f-4afd-a3cf-d20f7812fe1b.JPG,Trail Camera Images of New Zealand Animals : LCC/deer/ad50f75d-5b3f-4afd-a3cf-d20f7812fe1b.JPG,Trail Camera Images of New Zealand Animals : unknown,Trail Camera Images of New Zealand Animals : LCC_R141,-1,deer,04-13-2018 19:00:57,5,train
https://storage.googleapis.com/public-datasets-lila/idaho-camera-traps/public/loc_0097/loc_0097_im_000760.jpg,Idaho Camera Traps : loc_0097_im_000760,Idaho Camera Traps : loc_0097_seq_000092,Idaho Camera Traps : 97,7,deer,09-30-2015 05:53:46,5,train
https://storage.googleapis.com/public-datasets-lila/nz-trailcams/PS3/deer/990b3198-2c4f-4cf6-be27-26cc5a85a98b.JPG,Trail Camera Images of New Zealand Animals : PS3/deer/990b3198-2c4f-4cf6-be27-26cc5a85a98b.JPG,Trail Camera Images of New Zealand Animals : unknown,Trail Camera Images of New Zealand Animals : PS3_CAMP164,-1,deer,04-12-2023 15:57:49,5,train
https://storage.googleapis.com/public-datasets-lila/idaho-camera-traps/public/loc_0124/loc_0124_im_001564.jpg,Idaho Camera Traps : loc_0124_im_001564,Idaho Camera Traps : loc_0124_seq_000171,Idaho Camera Traps : 124,10,deer,10-01-2015 03:48:52,5,test
https://storage.googleapis.com/public-datasets-lila/idaho-camera-traps/public/loc_0148/loc_0148_im_000875.jpg,Idaho Camera Traps : loc_0148_im_000875,Idaho Camera Traps : loc_0148_seq_000060,Idaho Camera Traps : 148,96,deer,06-13-2016 05:11:00,5,train
https://storage.googleapis.com/public-datasets-lila/nacti-unzipped/part1/sub177/FL-12_09_30_2015_FL-12_0015271.jpg,NACTI : FL-12_09_30_2015_FL-12_0015271.jpg,NACTI : unknown,NACTI : archbold_FL-12,-1,deer,,5,train
https://storage.googleapis.com/public-datasets-lila/idaho-camera-traps/public/loc_0182/loc_0182_im_000034.jpg,Idaho Camera Traps : loc_0182_im_000034,Idaho Camera Traps : loc_0182_seq_000009,Idaho Camera Traps : 182,8,deer,05-30-2016 06:09:46,5,train
https://storage.googleapis.com/public-datasets-lila/nacti-unzipped/part2/sub265/FL-31_07_29_2015_FL-31_0021204.jpg,NACTI : FL-31_07_29_2015_FL-31_0021204.jpg,NACTI : unknown,NACTI : archbold_FL-31,-1,deer,,5,train
https://storage.googleapis.com/public-datasets-lila/nz-trailcams/PS1/deer/0d78f52f-09ff-402b-89e5-deca98950f91.JPG,Trail Camera Images of New Zealand Animals : PS1/deer/0d78f52f-09ff-402b-89e5-deca98950f91.JPG,Trail Camera Images of New Zealand Animals : unknown,Trail Camera Images of New Zealand Animals : PS1_CAM8306,-1,deer,05-25-2022 12:03:48,5,train
https://storage.googleapis.com/public-datasets-lila/nz-trailcams/PS1/deer/933cc7d7-875e-4e40-8ab5-5aee091a06a6.JPG,Trail Camera Images of New Zealand Animals : PS1/deer/933cc7d7-875e-4e40-8ab5-5aee091a06a6.JPG,Trail Camera Images of New Zealand Animals : unknown,Trail Camera Images of New Zealand Animals : PS1_CAMFC23,-1,deer,09-16-2022 22:01:15,5,train
https://storage.googleapis.com/public-datasets-lila/idaho-camera-traps/public/loc_0122/loc_0122_im_000840.jpg,Idaho Camera Traps : loc_0122_im_000840,Idaho Camera Traps : loc_0122_seq_000087,Idaho Camera Traps : 122,6,deer,07-04-2015 08:37:51,5,val
https://storage.googleapis.com/public-datasets-lila/nacti-unzipped/part2/sub272/FL-35_01_23_2016_FL-35_0021283.JPG,NACTI : FL-35_01_23_2016_FL-35_0021283.JPG,NACTI : unknown,NACTI : archbold_FL-35,-1,deer,,5,train
https://storage.googleapis.com/public-datasets-lila/idaho-camera-traps/public/loc_0196/loc_0196_im_000243.jpg,Idaho Camera Traps : loc_0196_im_000243,Idaho Camera Traps : loc_0196_seq_000018,Idaho Camera Traps : 196,0,deer,06-25-2015 09:51:45,5,train
https://storage.googleapis.com/public-datasets-lila/caltech-unzipped/cct_images/59b4846e-23d2-11e8-a6a3-ec086b02610b.jpg,Caltech Camera Traps : 59b4846e-23d2-11e8-a6a3-ec086b02610b,Caltech Camera Traps : 70116ea1-5567-11e8-8463-dca9047ef277,Caltech Camera Traps : 41,3,deer,05-25-2014 05:16:08,5,train
https://storage.googleapis.com/public-datasets-lila/nz-trailcams/Z20/deer/4c9c0224-180d-4712-9cba-02d37a8ec907.JPG,Trail Camera Images of New Zealand Animals : Z20/deer/4c9c0224-180d-4712-9cba-02d37a8ec907.JPG,Trail Camera Images of New Zealand Animals : unknown,Trail Camera Images of New Zealand Animals : Z20_3UU2200,-1,deer,04-03-2022 14:04:23,5,train
https://storage.googleapis.com/public-datasets-lila/nz-trailcams/PS1/deer/13f65879-e48c-4c5b-b524-5686e609a141.JPG,Trail Camera Images of New Zealand Animals : PS1/deer/13f65879-e48c-4c5b-b524-5686e609a141.JPG,Trail Camera Images of New Zealand Animals : unknown,Trail Camera Images of New Zealand Animals : PS1_CAM7920,-1,deer,12-04-2021 07:18:25,5,train
https://storage.googleapis.com/public-datasets-lila/idaho-camera-traps/public/loc_0029/loc_0029_im_002542.jpg,Idaho Camera Traps : loc_0029_im_002542,Idaho Camera Traps : loc_0029_seq_002344,Idaho Camera Traps : 29,70,deer,01-20-2016 11:36:28,5,train
https://storage.googleapis.com/public-datasets-lila/idaho-camera-traps/public/loc_0110/loc_0110_im_001603.jpg,Idaho Camera Traps : loc_0110_im_001603,Idaho Camera Traps : loc_0110_seq_000180,Idaho Camera Traps : 110,1,deer,10-20-2015 21:41:12,5,train
https://storage.googleapis.com/public-datasets-lila/idaho-camera-traps/public/loc_0089/loc_0089_im_004705.jpg,Idaho Camera Traps : loc_0089_im_004705,Idaho Camera Traps : loc_0089_seq_000620,Idaho Camera Traps : 89,6,deer,04-24-2016 08:50:19,5,train
https://storage.googleapis.com/public-datasets-lila/idaho-camera-traps/public/loc_0004/loc_0004_im_007036.jpg,Idaho Camera Traps : loc_0004_im_007036,Idaho Camera Traps : loc_0004_seq_006165,Idaho Camera Traps : 4,125,deer,02-19-2016 10:14:58,5,train
https://storage.googleapis.com/public-datasets-lila/nacti-unzipped/part1/sub176/FL-12_07_28_2015_FL-12_0007174.jpg,NACTI : FL-12_07_28_2015_FL-12_0007174.jpg,NACTI : unknown,NACTI : archbold_FL-12,-1,deer,,5,train
https://storage.googleapis.com/public-datasets-lila/nacti-unzipped/part2/sub275/FL-35_11_03_2015_FL-35_0001178.jpg,NACTI : FL-35_11_03_2015_FL-35_0001178.jpg,NACTI : unknown,NACTI : archbold_FL-35,-1,deer,,5,train
https://storage.googleapis.com/public-datasets-lila/idaho-camera-traps/public/loc_0100/loc_0100_im_006257.jpg,Idaho Camera Traps : loc_0100_im_006257,Idaho Camera Traps : loc_0100_seq_000545,Idaho Camera Traps : 100,2,deer,08-24-2015 18:22:26,5,train
https://storage.googleapis.com/public-datasets-lila/idaho-camera-traps/public/loc_0035/loc_0035_im_001144.jpg,Idaho Camera Traps : loc_0035_im_001144,Idaho Camera Traps : loc_0035_seq_000340,Idaho Camera Traps : 35,10,deer,01-05-2016 15:06:02,5,train
https://storage.googleapis.com/public-datasets-lila/nz-trailcams/LCC/deer/e6038afb-3668-497b-a388-6d2f1948dc31.JPG,Trail Camera Images of New Zealand Animals : LCC/deer/e6038afb-3668-497b-a388-6d2f1948dc31.JPG,Trail Camera Images of New Zealand Animals : unknown,Trail Camera Images of New Zealand Animals : LCC_R110,-1,deer,03-28-2018 01:20:54,5,train
https://storage.googleapis.com/public-datasets-lila/nacti-unzipped/part2/sub267/FL-32_04_04_2016_FL-32_0008870.JPG,NACTI : FL-32_04_04_2016_FL-32_0008870.JPG,NACTI : unknown,NACTI : archbold_FL-32,-1,deer,,5,train
https://storage.googleapis.com/public-datasets-lila/idaho-camera-traps/public/loc_0107/loc_0107_im_000922.jpg,Idaho Camera Traps : loc_0107_im_000922,Idaho Camera Traps : loc_0107_seq_000076,Idaho Camera Traps : 107,4,deer,07-28-2015 09:39:24,5,test
https://storage.googleapis.com/public-datasets-lila/idaho-camera-traps/public/loc_0132/loc_0132_im_002200.jpg,Idaho Camera Traps : loc_0132_im_002200,Idaho Camera Traps : loc_0132_seq_000336,Idaho Camera Traps : 132,3,deer,08-26-2016 06:51:20,5,val
https://storage.googleapis.com/public-datasets-lila/idaho-camera-traps/public/loc_0124/loc_0124_im_000287.jpg,Idaho Camera Traps : loc_0124_im_000287,Idaho Camera Traps : loc_0124_seq_000020,Idaho Camera Traps : 124,5,deer,06-10-2015 12:10:02,5,test
https://storage.googleapis.com/public-datasets-lila/nacti-unzipped/part1/sub189/FL-15_07_29_2015_FL-15_0008169.jpg,NACTI : FL-15_07_29_2015_FL-15_0008169.jpg,NACTI : unknown,NACTI : archbold_FL-15,-1,deer,,5,train
https://storage.googleapis.com/public-datasets-lila/nacti-unzipped/part1/sub134/FL-05_09_02_2015_FL-05_0023781.jpg,NACTI : FL-05_09_02_2015_FL-05_0023781.jpg,NACTI : unknown,NACTI : archbold_FL-05,-1,deer,,5,train
https://storage.googleapis.com/public-datasets-lila/idaho-camera-traps/public/loc_0257/loc_0257_im_002869.jpg,Idaho Camera Traps : loc_0257_im_002869,Idaho Camera Traps : loc_0257_seq_000278,Idaho Camera Traps : 257,5,deer,01-30-2016 16:13:39,5,train
https://storage.googleapis.com/public-datasets-lila/nacti-unzipped/part0/sub045/CA-11_04_06_2016_CA-11_0009397.JPG,NACTI : CA-11_04_06_2016_CA-11_0009397.JPG,NACTI : unknown,NACTI : lebec_CA-11,-1,deer,,5,train
https://storage.googleapis.com/public-datasets-lila/nacti-unzipped/part2/sub283/FL-39_10_01_2015_FL-39_0000422.jpg,NACTI : FL-39_10_01_2015_FL-39_0000422.jpg,NACTI : unknown,NACTI : archbold_FL-39,-1,deer,,5,test
https://storage.googleapis.com/public-datasets-lila/idaho-camera-traps/public/loc_0126/loc_0126_im_004577.jpg,Idaho Camera Traps : loc_0126_im_004577,Idaho Camera Traps : loc_0126_seq_000523,Idaho Camera Traps : 126,7,deer,09-07-2016 18:26:56,5,train
https://storage.googleapis.com/public-datasets-lila/idaho-camera-traps/public/loc_0173/loc_0173_im_000471.jpg,Idaho Camera Traps : loc_0173_im_000471,Idaho Camera Traps : loc_0173_seq_000101,Idaho Camera Traps : 173,40,deer,06-22-2016 19:58:36,5,train
https://storage.googleapis.com/public-datasets-lila/idaho-camera-traps/public/loc_0269/loc_0269_im_004532.jpg,Idaho Camera Traps : loc_0269_im_004532,Idaho Camera Traps : loc_0269_seq_000407,Idaho Camera Traps : 269,20,deer,01-25-2016 10:17:19,5,train
https://storage.googleapis.com/public-datasets-lila/nz-trailcams/LR2/deer/2ac1d8e0-c1f9-46db-9f08-f1d78471be57.JPG,Trail Camera Images of New Zealand Animals : LR2/deer/2ac1d8e0-c1f9-46db-9f08-f1d78471be57.JPG,Trail Camera Images of New Zealand Animals : unknown,Trail Camera Images of New Zealand Animals : LR2_EC103,-1,deer,10-20-2021 04:54:06,5,train
https://storage.googleapis.com/public-datasets-lila/idaho-camera-traps/public/loc_0121/loc_0121_im_001425.jpg,Idaho Camera Traps : loc_0121_im_001425,Idaho Camera Traps : loc_0121_seq_000147,Idaho Camera Traps : 121,3,deer,08-03-2015 07:48:43,5,train
https://storage.googleapis.com/public-datasets-lila/nz-trailcams/LCC/deer/4672492a-4e86-4750-bdcf-a12892b2a6bf.JPG,Trail Camera Images of New Zealand Animals : LCC/deer/4672492a-4e86-4750-bdcf-a12892b2a6bf.JPG,Trail Camera Images of New Zealand Animals : unknown,Trail Camera Images of New Zealand Animals : LCC_R110,-1,deer,03-26-2018 16:54:10,5,train
https://storage.googleapis.com/public-datasets-lila/nacti-unzipped/part1/sub136/FL-06_06_01_2015_FL-06_0000099.jpg,NACTI : FL-06_06_01_2015_FL-06_0000099.jpg,NACTI : unknown,NACTI : archbold_FL-06,-1,deer,,5,val
https://storage.googleapis.com/public-datasets-lila/idaho-camera-traps/public/loc_0233/loc_0233_im_000576.jpg,Idaho Camera Traps : loc_0233_im_000576,Idaho Camera Traps : loc_0233_seq_000114,Idaho Camera Traps : 233,3,deer,02-25-2016 10:49:48,5,train
https://storage.googleapis.com/public-datasets-lila/nacti-unzipped/part1/sub132/FL-05_05_02_2016_FL-05_0038615.JPG,NACTI : FL-05_05_02_2016_FL-05_0038615.JPG,NACTI : unknown,NACTI : archbold_FL-05,-1,deer,,5,train
https://storage.googleapis.com/public-datasets-lila/caltech-unzipped/cct_images/59f79b0a-23d2-11e8-a6a3-ec086b02610b.jpg,Caltech Camera Traps : 59f79b0a-23d2-11e8-a6a3-ec086b02610b,Caltech Camera Traps : 7010e9d9-5567-11e8-be30-dca9047ef277,Caltech Camera Traps : 25,2,deer,02-20-2015 19:31:28,5,val
https://storage.googleapis.com/public-datasets-lila/nacti-unzipped/part1/sub174/FL-12_05_26_2016_FL-12_0048615.JPG,NACTI : FL-12_05_26_2016_FL-12_0048615.JPG,NACTI : unknown,NACTI : archbold_FL-12,-1,deer,,5,train
https://storage.googleapis.com/public-datasets-lila/nacti-unzipped/part2/sub283/FL-39_01_23_2016_FL-39_0003752.jpg,NACTI : FL-39_01_23_2016_FL-39_0003752.jpg,NACTI : unknown,NACTI : archbold_FL-39,-1,deer,,5,test
https://storage.googleapis.com/public-datasets-lila/idaho-camera-traps/public/loc_0116/loc_0116_im_001750.jpg,Idaho Camera Traps : loc_0116_im_001750,Idaho Camera Traps : loc_0116_seq_000152,Idaho Camera Traps : 116,58,deer,08-08-2015 23:27:34,5,train
https://storage.googleapis.com/public-datasets-lila/idaho-camera-traps/public/loc_0117/loc_0117_im_000797.jpg,Idaho Camera Traps : loc_0117_im_000797,Idaho Camera Traps : loc_0117_seq_000107,Idaho Camera Traps : 117,2,deer,11-11-2015 05:50:00,5,train
https://storage.googleapis.com/public-datasets-lila/nacti-unzipped/part0/sub050/CA-15_12_08_2015_CA-15_0008753.jpg,NACTI : CA-15_12_08_2015_CA-15_0008753.jpg,NACTI : unknown,NACTI : lebec_CA-15,-1,deer,,5,train
https://storage.googleapis.com/public-datasets-lila/idaho-camera-traps/public/loc_0193/loc_0193_im_000529.jpg,Idaho Camera Traps : loc_0193_im_000529,Idaho Camera Traps : loc_0193_seq_000075,Idaho Camera Traps : 193,0,deer,06-19-2016 08:06:59,5,val
https://storage.googleapis.com/public-datasets-lila/idaho-camera-traps/public/loc_0148/loc_0148_im_003585.jpg,Idaho Camera Traps : loc_0148_im_003585,Idaho Camera Traps : loc_0148_seq_000332,Idaho Camera Traps : 148,5,deer,08-05-2016 04:48:28,5,train
https://storage.googleapis.com/public-datasets-lila/nacti-unzipped/part1/sub177/FL-12_09_02_2015_FL-12_0012209.jpg,NACTI : FL-12_09_02_2015_FL-12_0012209.jpg,NACTI : unknown,NACTI : archbold_FL-12,-1,deer,,5,train
https://storage.googleapis.com/public-datasets-lila/idaho-camera-traps/public/loc_0081/loc_0081_im_000982.jpg,Idaho Camera Traps : loc_0081_im_000982,Idaho Camera Traps : loc_0081_seq_000109,Idaho Camera Traps : 81,5,deer,07-13-2015 19:46:45,5,train
https://storage.googleapis.com/public-datasets-lila/nacti-unzipped/part1/sub130/FL-04_08_02_2016_FL-04_0027582.JPG,NACTI : FL-04_08_02_2016_FL-04_0027582.JPG,NACTI : unknown,NACTI : archbold_FL-04,-1,deer,,5,test
https://storage.googleapis.com/public-datasets-lila/idaho-camera-traps/public/loc_0119/loc_0119_im_000237.jpg,Idaho Camera Traps : loc_0119_im_000237,Idaho Camera Traps : loc_0119_seq_000029,Idaho Camera Traps : 119,0,deer,12-18-2015 14:45:00,5,train
https://storage.googleapis.com/public-datasets-lila/idaho-camera-traps/public/loc_0129/loc_0129_im_002575.jpg,Idaho Camera Traps : loc_0129_im_002575,Idaho Camera Traps : loc_0129_seq_000344,Idaho Camera Traps : 129,4,deer,08-03-2016 22:57:47,5,train
https://storage.googleapis.com/public-datasets-lila/caltech-unzipped/cct_images/58d7a19c-23d2-11e8-a6a3-ec086b02610b.jpg,Caltech Camera Traps : 58d7a19c-23d2-11e8-a6a3-ec086b02610b,Caltech Camera Traps : 7017816e-5567-11e8-89a4-dca9047ef277,Caltech Camera Traps : 84,2,deer,04-25-2014 21:39:56,5,train
https://storage.googleapis.com/public-datasets-lila/idaho-camera-traps/public/loc_0088/loc_0088_im_000956.jpg,Idaho Camera Traps : loc_0088_im_000956,Idaho Camera Traps : loc_0088_seq_000096,Idaho Camera Traps : 88,2,deer,11-06-2015 11:40:41,5,train
https://storage.googleapis.com/public-datasets-lila/nz-trailcams/PS1/deer/5f3079e2-a81a-41cb-becf-f82db56eff93.JPG,Trail Camera Images of New Zealand Animals : PS1/deer/5f3079e2-a81a-41cb-becf-f82db56eff93.JPG,Trail Camera Images of New Zealand Animals : unknown,Trail Camera Images of New Zealand Animals : PS1_CAMFC23,-1,deer,09-16-2022 21:59:43,5,train
https://storage.googleapis.com/public-datasets-lila/idaho-camera-traps/public/loc_0123/loc_0123_im_000228.jpg,Idaho Camera Traps : loc_0123_im_000228,Idaho Camera Traps : loc_0123_seq_000021,Idaho Camera Traps : 123,6,deer,07-30-2015 17:45:22,5,train
https://storage.googleapis.com/public-datasets-lila/idaho-camera-traps/public/loc_0124/loc_0124_im_001676.jpg,Idaho Camera Traps : loc_0124_im_001676,Idaho Camera Traps : loc_0124_seq_000176,Idaho Camera Traps : 124,8,deer,10-01-2015 03:59:23,5,test
https://storage.googleapis.com/public-datasets-lila/idaho-camera-traps/public/loc_0117/loc_0117_im_001509.jpg,Idaho Camera Traps : loc_0117_im_001509,Idaho Camera Traps : loc_0117_seq_000200,Idaho Camera Traps : 117,0,deer,11-25-2015 02:26:52,5,train
https://storage.googleapis.com/public-datasets-lila/idaho-camera-traps/public/loc_0064/loc_0064_im_002750.jpg,Idaho Camera Traps : loc_0064_im_002750,Idaho Camera Traps : loc_0064_seq_002219,Idaho Camera Traps : 64,18,deer,01-22-2016 12:32:32,5,train
https://storage.googleapis.com/public-datasets-lila/idaho-camera-traps/public/loc_0051/loc_0051_im_015809.jpg,Idaho Camera Traps : loc_0051_im_015809,Idaho Camera Traps : loc_0051_seq_012827,Idaho Camera Traps : 51,7,deer,04-01-2016 06:41:36,5,train
https://storage.googleapis.com/public-datasets-lila/nacti-unzipped/part2/sub274/FL-35_07_06_2016_FL-35_0045922.JPG,NACTI : FL-35_07_06_2016_FL-35_0045922.JPG,NACTI : unknown,NACTI : archbold_FL-35,-1,deer,,5,train
https://storage.googleapis.com/public-datasets-lila/idaho-camera-traps/public/loc_0126/loc_0126_im_004435.jpg,Idaho Camera Traps : loc_0126_im_004435,Idaho Camera Traps : loc_0126_seq_000500,Idaho Camera Traps : 126,0,deer,09-01-2016 18:39:30,5,train
https://storage.googleapis.com/public-datasets-lila/idaho-camera-traps/public/loc_0076/loc_0076_im_000437.jpg,Idaho Camera Traps : loc_0076_im_000437,Idaho Camera Traps : loc_0076_seq_000030,Idaho Camera Traps : 76,2,deer,05-26-2015 23:37:30,5,val
https://storage.googleapis.com/public-datasets-lila/nacti-unzipped/part2/sub275/FL-35_11_03_2015_FL-35_0002441.jpg,NACTI : FL-35_11_03_2015_FL-35_0002441.jpg,NACTI : unknown,NACTI : archbold_FL-35,-1,deer,,5,train
https://storage.googleapis.com/public-datasets-lila/nz-trailcams/LCC/deer/4991b7c8-0cec-4440-bf34-7102243ee81c.JPG,Trail Camera Images of New Zealand Animals : LCC/deer/4991b7c8-0cec-4440-bf34-7102243ee81c.JPG,Trail Camera Images of New Zealand Animals : unknown,Trail Camera Images of New Zealand Animals : LCC_R12,-1,deer,04-18-2018 19:59:09,5,test
https://storage.googleapis.com/public-datasets-lila/nacti-unzipped/part1/sub138/FL-06_09_02_2015_FL-06_0009996.jpg,NACTI : FL-06_09_02_2015_FL-06_0009996.jpg,NACTI : unknown,NACTI : archbold_FL-06,-1,deer,,5,val
https://storage.googleapis.com/public-datasets-lila/idaho-camera-traps/public/loc_0199/loc_0199_im_004767.jpg,Idaho Camera Traps : loc_0199_im_004767,Idaho Camera Traps : loc_0199_seq_000341,Idaho Camera Traps : 199,8,deer,03-10-2016 07:39:25,5,train
https://storage.googleapis.com/public-datasets-lila/nz-trailcams/PS1/deer/4946a646-9ebb-4421-94c5-8774036b488c.JPG,Trail Camera Images of New Zealand Animals : PS1/deer/4946a646-9ebb-4421-94c5-8774036b488c.JPG,Trail Camera Images of New Zealand Animals : unknown,Trail Camera Images of New Zealand Animals : PS1_CAMFC23,-1,deer,09-04-2022 02:28:01,5,train
https://storage.googleapis.com/public-datasets-lila/idaho-camera-traps/public/loc_0171/loc_0171_im_000938.jpg,Idaho Camera Traps : loc_0171_im_000938,Idaho Camera Traps : loc_0171_seq_000136,Idaho Camera Traps : 171,30,deer,08-04-2016 20:18:15,5,train
https://storage.googleapis.com/public-datasets-lila/idaho-camera-traps/public/loc_0225/loc_0225_im_000227.jpg,Idaho Camera Traps : loc_0225_im_000227,Idaho Camera Traps : loc_0225_seq_000041,Idaho Camera Traps : 225,4,deer,12-25-2015 15:01:49,5,train
https://storage.googleapis.com/public-datasets-lila/caltech-unzipped/cct_images/5a14a6c4-23d2-11e8-a6a3-ec086b02610b.jpg,Caltech Camera Traps : 5a14a6c4-23d2-11e8-a6a3-ec086b02610b,Caltech Camera Traps : 6f7d23ee-5567-11e8-a28c-dca9047ef277,Caltech Camera Traps : 57,1,deer,10-03-2013 17:52:17,5,train
https://storage.googleapis.com/public-datasets-lila/nz-trailcams/MIS/deer/0c00cbf3-188a-47e3-9844-765ec12d632c.JPG,Trail Camera Images of New Zealand Animals : MIS/deer/0c00cbf3-188a-47e3-9844-765ec12d632c.JPG,Trail Camera Images of New Zealand Animals : unknown,Trail Camera Images of New Zealand Animals : MIS_HV0461,-1,deer,,5,train
https://storage.googleapis.com/public-datasets-lila/idaho-camera-traps/public/loc_0103/loc_0103_im_005017.jpg,Idaho Camera Traps : loc_0103_im_005017,Idaho Camera Traps : loc_0103_seq_000768,Idaho Camera Traps : 103,4,deer,11-29-2015 23:37:31,5,train
https://storage.googleapis.com/public-datasets-lila/idaho-camera-traps/public/loc_0203/loc_0203_im_000503.jpg,Idaho Camera Traps : loc_0203_im_000503,Idaho Camera Traps : loc_0203_seq_000079,Idaho Camera Traps : 203,2,deer,01-13-2016 07:52:32,5,train
https://storage.googleapis.com/public-datasets-lila/idaho-camera-traps/public/loc_0257/loc_0257_im_007504.jpg,Idaho Camera Traps : loc_0257_im_007504,Idaho Camera Traps : loc_0257_seq_000898,Idaho Camera Traps : 257,0,deer,04-24-2016 17:02:47,5,train
https://storage.googleapis.com/public-datasets-lila/nacti-unzipped/part1/sub172/FL-12_01_20_2016_FL-12_0022090.jpg,NACTI : FL-12_01_20_2016_FL-12_0022090.jpg,NACTI : unknown,NACTI : archbold_FL-12,-1,deer,,5,train
https://storage.googleapis.com/public-datasets-lila/idaho-camera-traps/public/loc_0150/loc_0150_im_001152.jpg,Idaho Camera Traps : loc_0150_im_001152,Idaho Camera Traps : loc_0150_seq_000133,Idaho Camera Traps : 150,14,deer,07-11-2016 11:32:02,5,val
https://storage.googleapis.com/public-datasets-lila/idaho-camera-traps/public/loc_0118/loc_0118_im_003889.jpg,Idaho Camera Traps : loc_0118_im_003889,Idaho Camera Traps : loc_0118_seq_000522,Idaho Camera Traps : 118,1,deer,05-16-2016 03:34:15,5,train
https://storage.googleapis.com/public-datasets-lila/nz-trailcams/PS1/deer/2ec3020f-40b9-4098-8fa3-74a46071a295.JPG,Trail Camera Images of New Zealand Animals : PS1/deer/2ec3020f-40b9-4098-8fa3-74a46071a295.JPG,Trail Camera Images of New Zealand Animals : unknown,Trail Camera Images of New Zealand Animals : PS1_CAM7402,-1,deer,07-11-2022 07:31:00,5,train
https://storage.googleapis.com/public-datasets-lila/idaho-camera-traps/public/loc_0244/loc_0244_im_001320.jpg,Idaho Camera Traps : loc_0244_im_001320,Idaho Camera Traps : loc_0244_seq_000276,Idaho Camera Traps : 244,18,deer,04-15-2016 11:18:57,5,train
https://storage.googleapis.com/public-datasets-lila/nacti-unzipped/part1/sub176/FL-12_07_28_2015_FL-12_0007497.jpg,NACTI : FL-12_07_28_2015_FL-12_0007497.jpg,NACTI : unknown,NACTI : archbold_FL-12,-1,deer,,5,train
https://storage.googleapis.com/public-datasets-lila/idaho-camera-traps/public/loc_0079/loc_0079_im_003553.jpg,Idaho Camera Traps : loc_0079_im_003553,Idaho Camera Traps : loc_0079_seq_000429,Idaho Camera Traps : 79,5,deer,09-21-2015 09:30:06,5,train
https://storage.googleapis.com/public-datasets-lila/nacti-unzipped/part0/sub057/CA-18_08_03_2015_CA-18_0015732.jpg,NACTI : CA-18_08_03_2015_CA-18_0015732.jpg,NACTI : unknown,NACTI : lebec_CA-18,-1,deer,,5,train
https://storage.googleapis.com/public-datasets-lila/nacti-unzipped/part1/sub176/FL-12_07_28_2015_FL-12_0007962.jpg,NACTI : FL-12_07_28_2015_FL-12_0007962.jpg,NACTI : unknown,NACTI : archbold_FL-12,-1,deer,,5,train
https://storage.googleapis.com/public-datasets-lila/nacti-unzipped/part1/sub176/FL-12_07_28_2015_FL-12_0004495.jpg,NACTI : FL-12_07_28_2015_FL-12_0004495.jpg,NACTI : unknown,NACTI : archbold_FL-12,-1,deer,,5,train
https://storage.googleapis.com/public-datasets-lila/nacti-unzipped/part2/sub245/FL-27_07_28_2015_FL-27_0029846.jpg,NACTI : FL-27_07_28_2015_FL-27_0029846.jpg,NACTI : unknown,NACTI : archbold_FL-27,-1,deer,,5,train
https://storage.googleapis.com/public-datasets-lila/idaho-camera-traps/public/loc_0128/loc_0128_im_000245.jpg,Idaho Camera Traps : loc_0128_im_000245,Idaho Camera Traps : loc_0128_seq_000047,Idaho Camera Traps : 128,1,deer,06-17-2016 00:14:03,5,train
https://storage.googleapis.com/public-datasets-lila/nacti-unzipped/part0/sub089/CA-35_11_14_2015_CA-35_0004078.jpg,NACTI : CA-35_11_14_2015_CA-35_0004078.jpg,NACTI : unknown,NACTI : lebec_CA-35,-1,deer,,5,train
https://storage.googleapis.com/public-datasets-lila/idaho-camera-traps/public/loc_0103/loc_0103_im_003159.jpg,Idaho Camera Traps : loc_0103_im_003159,Idaho Camera Traps : loc_0103_seq_000423,Idaho Camera Traps : 103,3,deer,02-23-2016 14:48:10,5,train
https://storage.googleapis.com/public-datasets-lila/idaho-camera-traps/public/loc_0089/loc_0089_im_003522.jpg,Idaho Camera Traps : loc_0089_im_003522,Idaho Camera Traps : loc_0089_seq_000490,Idaho Camera Traps : 89,2,deer,03-10-2016 12:12:57,5,train
https://storage.googleapis.com/public-datasets-lila/idaho-camera-traps/public/loc_0168/loc_0168_im_001564.jpg,Idaho Camera Traps : loc_0168_im_001564,Idaho Camera Traps : loc_0168_seq_000223,Idaho Camera Traps : 168,0,deer,08-04-2016 18:43:53,5,train
https://storage.googleapis.com/public-datasets-lila/idaho-camera-traps/public/loc_0079/loc_0079_im_002447.jpg,Idaho Camera Traps : loc_0079_im_002447,Idaho Camera Traps : loc_0079_seq_000282,Idaho Camera Traps : 79,0,deer,08-07-2015 18:01:44,5,train
https://storage.googleapis.com/public-datasets-lila/idaho-camera-traps/public/loc_0053/loc_0053_im_002958.jpg,Idaho Camera Traps : loc_0053_im_002958,Idaho Camera Traps : loc_0053_seq_002868,Idaho Camera Traps : 53,9,deer,01-25-2016 09:37:59,5,train
https://storage.googleapis.com/public-datasets-lila/idaho-camera-traps/public/loc_0012/loc_0012_im_012196.jpg,Idaho Camera Traps : loc_0012_im_012196,Idaho Camera Traps : loc_0012_seq_008652,Idaho Camera Traps : 12,12,deer,03-02-2016 12:06:22,5,train
https://storage.googleapis.com/public-datasets-lila/nacti-unzipped/part1/sub177/FL-12_09_02_2015_FL-12_0011400.jpg,NACTI : FL-12_09_02_2015_FL-12_0011400.jpg,NACTI : unknown,NACTI : archbold_FL-12,-1,deer,,5,train
https://storage.googleapis.com/public-datasets-lila/idaho-camera-traps/public/loc_0035/loc_0035_im_000425.jpg,Idaho Camera Traps : loc_0035_im_000425,Idaho Camera Traps : loc_0035_seq_000276,Idaho Camera Traps : 35,41,deer,01-05-2016 11:00:50,5,train
https://storage.googleapis.com/public-datasets-lila/nz-trailcams/PS3/deer/378af44e-0b43-471e-ad1a-b37035e97187.JPG,Trail Camera Images of New Zealand Animals : PS3/deer/378af44e-0b43-471e-ad1a-b37035e97187.JPG,Trail Camera Images of New Zealand Animals : unknown,Trail Camera Images of New Zealand Animals : PS3_CAMGC43,-1,deer,03-17-2023 22:09:46,5,train
https://storage.googleapis.com/public-datasets-lila/idaho-camera-traps/public/loc_0012/loc_0012_im_014554.jpg,Idaho Camera Traps : loc_0012_im_014554,Idaho Camera Traps : loc_0012_seq_010942,Idaho Camera Traps : 12,22,deer,03-18-2016 10:27:00,5,train
https://storage.googleapis.com/public-datasets-lila/idaho-camera-traps/public/loc_0079/loc_0079_im_002337.jpg,Idaho Camera Traps : loc_0079_im_002337,Idaho Camera Traps : loc_0079_seq_000270,Idaho Camera Traps : 79,1,deer,08-04-2015 11:51:08,5,train
https://storage.googleapis.com/public-datasets-lila/nz-trailcams/LCC/deer/d7b13e0a-e3ae-4d0d-9646-4678ac31c589.JPG,Trail Camera Images of New Zealand Animals : LCC/deer/d7b13e0a-e3ae-4d0d-9646-4678ac31c589.JPG,Trail Camera Images of New Zealand Animals : unknown,Trail Camera Images of New Zealand Animals : LCC_B118,-1,deer,02-09-2014 04:59:38,5,train
https://storage.googleapis.com/public-datasets-lila/idaho-camera-traps/public/loc_0148/loc_0148_im_000738.jpg,Idaho Camera Traps : loc_0148_im_000738,Idaho Camera Traps : loc_0148_seq_000053,Idaho Camera Traps : 148,2,deer,06-12-2016 22:19:12,5,train
https://storage.googleapis.com/public-datasets-lila/idaho-camera-traps/public/loc_0080/loc_0080_im_001972.jpg,Idaho Camera Traps : loc_0080_im_001972,Idaho Camera Traps : loc_0080_seq_000228,Idaho Camera Traps : 80,37,deer,10-22-2015 23:44:46,5,train
https://storage.googleapis.com/public-datasets-lila/nz-trailcams/PS3/deer/e71f4ec3-5d2c-44cd-adda-674cb917eacf.JPG,Trail Camera Images of New Zealand Animals : PS3/deer/e71f4ec3-5d2c-44cd-adda-674cb917eacf.JPG,Trail Camera Images of New Zealand Animals : unknown,Trail Camera Images of New Zealand Animals : PS3_CAMFC23,-1,deer,03-27-2023 20:18:47,5,train
https://storage.googleapis.com/public-datasets-lila/nacti-unzipped/part1/sub173/FL-12_05_02_2016_FL-12_0039437.JPG,NACTI : FL-12_05_02_2016_FL-12_0039437.JPG,NACTI : unknown,NACTI : archbold_FL-12,-1,deer,,5,train
https://storage.googleapis.com/public-datasets-lila/idaho-camera-traps/public/loc_0003/loc_0003_im_005494.jpg,Idaho Camera Traps : loc_0003_im_005494,Idaho Camera Traps : loc_0003_seq_003832,Idaho Camera Traps : 3,0,deer,02-02-2016 15:35:00,5,val
https://storage.googleapis.com/public-datasets-lila/caltech-unzipped/cct_images/59b48685-23d2-11e8-a6a3-ec086b02610b.jpg,Caltech Camera Traps : 59b48685-23d2-11e8-a6a3-ec086b02610b,Caltech Camera Traps : 7012d69e-5567-11e8-befb-dca9047ef277,Caltech Camera Traps : 27,3,deer,04-09-2015 22:43:45,5,train
https://storage.googleapis.com/public-datasets-lila/idaho-camera-traps/public/loc_0089/loc_0089_im_003836.jpg,Idaho Camera Traps : loc_0089_im_003836,Idaho Camera Traps : loc_0089_seq_000524,Idaho Camera Traps : 89,4,deer,03-21-2016 12:45:23,5,train
https://storage.googleapis.com/public-datasets-lila/nacti-unzipped/part1/sub186/FL-14_05_02_2016_FL-14_0021762.JPG,NACTI : FL-14_05_02_2016_FL-14_0021762.JPG,NACTI : unknown,NACTI : archbold_FL-14,-1,deer,,5,train
https://storage.googleapis.com/public-datasets-lila/idaho-camera-traps/public/loc_0250/loc_0250_im_001470.jpg,Idaho Camera Traps : loc_0250_im_001470,Idaho Camera Traps : loc_0250_seq_000138,Idaho Camera Traps : 250,5,deer,01-15-2016 15:55:04,5,train
https://storage.googleapis.com/public-datasets-lila/nacti-unzipped/part1/sub178/FL-12_11_02_2015_FL-12_0018114.jpg,NACTI : FL-12_11_02_2015_FL-12_0018114.jpg,NACTI : unknown,NACTI : archbold_FL-12,-1,deer,,5,train
https://storage.googleapis.com/public-datasets-lila/idaho-camera-traps/public/loc_0077/loc_0077_im_003498.jpg,Idaho Camera Traps : loc_0077_im_003498,Idaho Camera Traps : loc_0077_seq_000407,Idaho Camera Traps : 77,0,deer,10-28-2015 00:03:40,5,train
https://storage.googleapis.com/public-datasets-lila/nacti-unzipped/part1/sub187/FL-14_12_06_2015_FL-14_0013496.jpg,NACTI : FL-14_12_06_2015_FL-14_0013496.jpg,NACTI : unknown,NACTI : archbold_FL-14,-1,deer,,5,train
https://storage.googleapis.com/public-datasets-lila/caltech-unzipped/cct_images/5946b8d3-23d2-11e8-a6a3-ec086b02610b.jpg,Caltech Camera Traps : 5946b8d3-23d2-11e8-a6a3-ec086b02610b,Caltech Camera Traps : 70108fbd-5567-11e8-8339-dca9047ef277,Caltech Camera Traps : 134,1,deer,01-12-2015 18:23:41,5,val
https://storage.googleapis.com/public-datasets-lila/idaho-camera-traps/public/loc_0046/loc_0046_im_013329.jpg,Idaho Camera Traps : loc_0046_im_013329,Idaho Camera Traps : loc_0046_seq_009549,Idaho Camera Traps : 46,10,deer,03-08-2016 14:10:12,5,val
https://storage.googleapis.com/public-datasets-lila/idaho-camera-traps/public/loc_0174/loc_0174_im_000678.jpg,Idaho Camera Traps : loc_0174_im_000678,Idaho Camera Traps : loc_0174_seq_000104,Idaho Camera Traps : 174,12,deer,08-13-2016 07:16:17,5,train
https://storage.googleapis.com/public-datasets-lila/nacti-unzipped/part0/sub077/CA-29_09_06_2016_CA-29_0046841.JPG,NACTI : CA-29_09_06_2016_CA-29_0046841.JPG,NACTI : unknown,NACTI : lebec_CA-29,-1,deer,,5,train
https://storage.googleapis.com/public-datasets-lila/idaho-camera-traps/public/loc_0103/loc_0103_im_002741.jpg,Idaho Camera Traps : loc_0103_im_002741,Idaho Camera Traps : loc_0103_seq_000343,Idaho Camera Traps : 103,2,deer,09-19-2015 04:49:20,5,train
https://storage.googleapis.com/public-datasets-lila/nz-trailcams/PS1/deer/16437320-e3fb-4b98-b672-48532dca3814.JPG,Trail Camera Images of New Zealand Animals : PS1/deer/16437320-e3fb-4b98-b672-48532dca3814.JPG,Trail Camera Images of New Zealand Animals : unknown,Trail Camera Images of New Zealand Animals : PS1_CAM8001,-1,deer,04-04-2022 11:43:04,5,test
https://storage.googleapis.com/public-datasets-lila/idaho-camera-traps/public/loc_0150/loc_0150_im_000456.jpg,Idaho Camera Traps : loc_0150_im_000456,Idaho Camera Traps : loc_0150_seq_000034,Idaho Camera Traps : 150,1,deer,06-06-2016 19:53:54,5,val
https://storage.googleapis.com/public-datasets-lila/nacti-unzipped/part2/sub241/FL-27_05_02_2016_FL-27_0056417.JPG,NACTI : FL-27_05_02_2016_FL-27_0056417.JPG,NACTI : unknown,NACTI : archbold_FL-27,-1,deer,,5,train
https://storage.googleapis.com/public-datasets-lila/idaho-camera-traps/public/loc_0241/loc_0241_im_000066.jpg,Idaho Camera Traps : loc_0241_im_000066,Idaho Camera Traps : loc_0241_seq_000025,Idaho Camera Traps : 241,20,deer,01-09-2016 13:33:31,5,train
https://storage.googleapis.com/public-datasets-lila/idaho-camera-traps/public/loc_0149/loc_0149_im_000396.jpg,Idaho Camera Traps : loc_0149_im_000396,Idaho Camera Traps : loc_0149_seq_000040,Idaho Camera Traps : 149,3,deer,06-06-2016 00:39:29,5,val
https://storage.googleapis.com/public-datasets-lila/caltech-unzipped/cct_images/59b6148c-23d2-11e8-a6a3-ec086b02610b.jpg,Caltech Camera Traps : 59b6148c-23d2-11e8-a6a3-ec086b02610b,Caltech Camera Traps : 70181f8c-5567-11e8-8766-dca9047ef277,Caltech Camera Traps : 37,1,deer,09-02-2014 20:10:15,5,test
https://storage.googleapis.com/public-datasets-lila/idaho-camera-traps/public/loc_0201/loc_0201_im_000654.jpg,Idaho Camera Traps : loc_0201_im_000654,Idaho Camera Traps : loc_0201_seq_000127,Idaho Camera Traps : 201,10,deer,03-11-2016 08:46:49,5,val
https://storage.googleapis.com/public-datasets-lila/idaho-camera-traps/public/loc_0080/loc_0080_im_003854.jpg,Idaho Camera Traps : loc_0080_im_003854,Idaho Camera Traps : loc_0080_seq_000438,Idaho Camera Traps : 80,7,deer,05-14-2016 19:11:31,5,train
https://storage.googleapis.com/public-datasets-lila/nacti-unzipped/part1/sub176/FL-12_07_28_2015_FL-12_0004077.jpg,NACTI : FL-12_07_28_2015_FL-12_0004077.jpg,NACTI : unknown,NACTI : archbold_FL-12,-1,deer,,5,train
https://storage.googleapis.com/public-datasets-lila/idaho-camera-traps/public/loc_0225/loc_0225_im_000521.jpg,Idaho Camera Traps : loc_0225_im_000521,Idaho Camera Traps : loc_0225_seq_000074,Idaho Camera Traps : 225,13,deer,12-26-2015 11:51:01,5,train
https://storage.googleapis.com/public-datasets-lila/idaho-camera-traps/public/loc_0080/loc_0080_im_002940.jpg,Idaho Camera Traps : loc_0080_im_002940,Idaho Camera Traps : loc_0080_seq_000338,Idaho Camera Traps : 80,2,deer,05-09-2016 17:42:16,5,train
https://storage.googleapis.com/public-datasets-lila/nz-trailcams/LCC/deer/66e4b36e-08f1-4916-acfd-feb903b44f6f.JPG,Trail Camera Images of New Zealand Animals : LCC/deer/66e4b36e-08f1-4916-acfd-feb903b44f6f.JPG,Trail Camera Images of New Zealand Animals : unknown,Trail Camera Images of New Zealand Animals : LCC_R95,-1,deer,03-25-2018 23:25:16,5,train
https://storage.googleapis.com/public-datasets-lila/idaho-camera-traps/public/loc_0003/loc_0003_im_003216.jpg,Idaho Camera Traps : loc_0003_im_003216,Idaho Camera Traps : loc_0003_seq_002589,Idaho Camera Traps : 3,39,deer,01-25-2016 10:32:09,5,val
https://storage.googleapis.com/public-datasets-lila/idaho-camera-traps/public/loc_0148/loc_0148_im_003424.jpg,Idaho Camera Traps : loc_0148_im_003424,Idaho Camera Traps : loc_0148_seq_000312,Idaho Camera Traps : 148,14,deer,07-31-2016 04:04:23,5,train
https://storage.googleapis.com/public-datasets-lila/idaho-camera-traps/public/loc_0026/loc_0026_im_013070.jpg,Idaho Camera Traps : loc_0026_im_013070,Idaho Camera Traps : loc_0026_seq_012024,Idaho Camera Traps : 26,0,deer,03-26-2016 14:04:11,5,train
https://storage.googleapis.com/public-datasets-lila/idaho-camera-traps/public/loc_0214/loc_0214_im_000671.jpg,Idaho Camera Traps : loc_0214_im_000671,Idaho Camera Traps : loc_0214_seq_000100,Idaho Camera Traps : 214,11,deer,02-27-2016 22:37:11,5,test
https://storage.googleapis.com/public-datasets-lila/nacti-unzipped/part1/sub177/FL-12_09_01_2016_FL-12_0074335.JPG,NACTI : FL-12_09_01_2016_FL-12_0074335.JPG,NACTI : unknown,NACTI : archbold_FL-12,-1,deer,,5,train
https://storage.googleapis.com/public-datasets-lila/idaho-camera-traps/public/loc_0125/loc_0125_im_000622.jpg,Idaho Camera Traps : loc_0125_im_000622,Idaho Camera Traps : loc_0125_seq_000123,Idaho Camera Traps : 125,3,deer,07-07-2016 06:21:46,5,train
https://storage.googleapis.com/public-datasets-lila/caltech-unzipped/cct_images/59595112-23d2-11e8-a6a3-ec086b02610b.jpg,Caltech Camera Traps : 59595112-23d2-11e8-a6a3-ec086b02610b,Caltech Camera Traps : 6fd27061-5567-11e8-b06b-dca9047ef277,Caltech Camera Traps : 70,1,deer,01-22-2014 06:31:24,5,train
https://storage.googleapis.com/public-datasets-lila/nacti-unzipped/part0/sub045/CA-11_05_11_2016_CA-11_0009614.JPG,NACTI : CA-11_05_11_2016_CA-11_0009614.JPG,NACTI : unknown,NACTI : lebec_CA-11,-1,deer,,5,train
https://storage.googleapis.com/public-datasets-lila/idaho-camera-traps/public/loc_0193/loc_0193_im_000421.jpg,Idaho Camera Traps : loc_0193_im_000421,Idaho Camera Traps : loc_0193_seq_000051,Idaho Camera Traps : 193,28,deer,06-12-2016 05:03:12,5,val
https://storage.googleapis.com/public-datasets-lila/idaho-camera-traps/public/loc_0223/loc_0223_im_002021.jpg,Idaho Camera Traps : loc_0223_im_002021,Idaho Camera Traps : loc_0223_seq_000375,Idaho Camera Traps : 223,24,deer,04-19-2016 06:59:07,5,train
https://storage.googleapis.com/public-datasets-lila/caltech-unzipped/cct_images/59531d75-23d2-11e8-a6a3-ec086b02610b.jpg,Caltech Camera Traps : 59531d75-23d2-11e8-a6a3-ec086b02610b,Caltech Camera Traps : 700a0cc7-5567-11e8-8acb-dca9047ef277,Caltech Camera Traps : 66,1,deer,10-12-2011 05:11:00,5,train
https://storage.googleapis.com/public-datasets-lila/nz-trailcams/PS1/deer/a383596f-2bf6-4a67-b209-3c063f246184.JPG,Trail Camera Images of New Zealand Animals : PS1/deer/a383596f-2bf6-4a67-b209-3c063f246184.JPG,Trail Camera Images of New Zealand Animals : unknown,Trail Camera Images of New Zealand Animals : PS1_CAMGC43,-1,deer,02-23-2022 22:53:39,5,train
https://storage.googleapis.com/public-datasets-lila/nacti-unzipped/part2/sub209/FL-19_05_02_2016_FL-19_0049019.JPG,NACTI : FL-19_05_02_2016_FL-19_0049019.JPG,NACTI : unknown,NACTI : archbold_FL-19,-1,deer,,5,train
https://storage.googleapis.com/public-datasets-lila/idaho-camera-traps/public/loc_0234/loc_0234_im_000464.jpg,Idaho Camera Traps : loc_0234_im_000464,Idaho Camera Traps : loc_0234_seq_000057,Idaho Camera Traps : 234,12,deer,01-14-2016 17:06:26,5,train
https://storage.googleapis.com/public-datasets-lila/idaho-camera-traps/public/loc_0016/loc_0016_im_004839.jpg,Idaho Camera Traps : loc_0016_im_004839,Idaho Camera Traps : loc_0016_seq_004050,Idaho Camera Traps : 16,0,deer,02-01-2016 10:10:00,5,test
https://storage.googleapis.com/public-datasets-lila/idaho-camera-traps/public/loc_0100/loc_0100_im_001012.jpg,Idaho Camera Traps : loc_0100_im_001012,Idaho Camera Traps : loc_0100_seq_000098,Idaho Camera Traps : 100,4,deer,07-04-2015 04:27:46,5,train
https://storage.googleapis.com/public-datasets-lila/idaho-camera-traps/public/loc_0188/loc_0188_im_000275.jpg,Idaho Camera Traps : loc_0188_im_000275,Idaho Camera Traps : loc_0188_seq_000069,Idaho Camera Traps : 188,1,deer,06-23-2016 04:49:07,5,test
https://storage.googleapis.com/public-datasets-lila/idaho-camera-traps/public/loc_0096/loc_0096_im_000190.jpg,Idaho Camera Traps : loc_0096_im_000190,Idaho Camera Traps : loc_0096_seq_000038,Idaho Camera Traps : 96,1,deer,08-06-2015 08:39:18,5,train
https://storage.googleapis.com/public-datasets-lila/idaho-camera-traps/public/loc_0089/loc_0089_im_002909.jpg,Idaho Camera Traps : loc_0089_im_002909,Idaho Camera Traps : loc_0089_seq_000404,Idaho Camera Traps : 89,4,deer,11-17-2015 09:23:24,5,train
https://storage.googleapis.com/public-datasets-lila/idaho-camera-traps/public/loc_0156/loc_0156_im_001176.jpg,Idaho Camera Traps : loc_0156_im_001176,Idaho Camera Traps : loc_0156_seq_000223,Idaho Camera Traps : 156,4,deer,09-20-2016 12:19:56,5,train
https://storage.googleapis.com/public-datasets-lila/nz-trailcams/MIS/deer/92bc982d-2f48-48f8-a3e9-df0babf44474.JPG,Trail Camera Images of New Zealand Animals : MIS/deer/92bc982d-2f48-48f8-a3e9-df0babf44474.JPG,Trail Camera Images of New Zealand Animals : unknown,Trail Camera Images of New Zealand Animals : MIS_HV0523,-1,deer,,5,train
https://storage.googleapis.com/public-datasets-lila/idaho-camera-traps/public/loc_0122/loc_0122_im_002338.jpg,Idaho Camera Traps : loc_0122_im_002338,Idaho Camera Traps : loc_0122_seq_000243,Idaho Camera Traps : 122,1,deer,09-09-2015 02:49:47,5,val
https://storage.googleapis.com/public-datasets-lila/nacti-unzipped/part2/sub256/FL-29_07_28_2015_FL-29_0037277.jpg,NACTI : FL-29_07_28_2015_FL-29_0037277.jpg,NACTI : unknown,NACTI : archbold_FL-29,-1,deer,,5,train
https://storage.googleapis.com/public-datasets-lila/nacti-unzipped/part2/sub275/FL-35_11_03_2015_FL-35_0001257.jpg,NACTI : FL-35_11_03_2015_FL-35_0001257.jpg,NACTI : unknown,NACTI : archbold_FL-35,-1,deer,,5,train
https://storage.googleapis.com/public-datasets-lila/nacti-unzipped/part1/sub162/FL-08_10_12_2016_FL-08_0026133.JPG,NACTI : FL-08_10_12_2016_FL-08_0026133.JPG,NACTI : unknown,NACTI : archbold_FL-08,-1,deer,,5,train
https://storage.googleapis.com/public-datasets-lila/idaho-camera-traps/public/loc_0129/loc_0129_im_003149.jpg,Idaho Camera Traps : loc_0129_im_003149,Idaho Camera Traps : loc_0129_seq_000441,Idaho Camera Traps : 129,0,deer,09-13-2016 21:01:25,5,train
https://storage.googleapis.com/public-datasets-lila/idaho-camera-traps/public/loc_0085/loc_0085_im_000769.jpg,Idaho Camera Traps : loc_0085_im_000769,Idaho Camera Traps : loc_0085_seq_000082,Idaho Camera Traps : 85,13,deer,08-18-2015 07:57:13,5,train
https://storage.googleapis.com/public-datasets-lila/nacti-unzipped/part1/sub172/FL-12_01_20_2016_FL-12_0022690.jpg,NACTI : FL-12_01_20_2016_FL-12_0022690.jpg,NACTI : unknown,NACTI : archbold_FL-12,-1,deer,,5,train
https://storage.googleapis.com/public-datasets-lila/idaho-camera-traps/public/loc_0226/loc_0226_im_000301.jpg,Idaho Camera Traps : loc_0226_im_000301,Idaho Camera Traps : loc_0226_seq_000115,Idaho Camera Traps : 226,9,deer,03-20-2016 11:08:17,5,test
https://storage.googleapis.com/public-datasets-lila/idaho-camera-traps/public/loc_0170/loc_0170_im_000745.jpg,Idaho Camera Traps : loc_0170_im_000745,Idaho Camera Traps : loc_0170_seq_000118,Idaho Camera Traps : 170,13,deer,06-17-2016 08:59:53,5,train
https://storage.googleapis.com/public-datasets-lila/nacti-unzipped/part1/sub134/FL-05_07_05_2016_FL-05_0041736.JPG,NACTI : FL-05_07_05_2016_FL-05_0041736.JPG,NACTI : unknown,NACTI : archbold_FL-05,-1,deer,,5,train
https://storage.googleapis.com/public-datasets-lila/idaho-camera-traps/public/loc_0115/loc_0115_im_001208.jpg,Idaho Camera Traps : loc_0115_im_001208,Idaho Camera Traps : loc_0115_seq_000177,Idaho Camera Traps : 115,11,deer,05-18-2016 06:28:12,5,train
https://storage.googleapis.com/public-datasets-lila/idaho-camera-traps/public/loc_0101/loc_0101_im_002114.jpg,Idaho Camera Traps : loc_0101_im_002114,Idaho Camera Traps : loc_0101_seq_000370,Idaho Camera Traps : 101,7,deer,05-11-2016 19:51:43,5,train
https://storage.googleapis.com/public-datasets-lila/idaho-camera-traps/public/loc_0046/loc_0046_im_013342.jpg,Idaho Camera Traps : loc_0046_im_013342,Idaho Camera Traps : loc_0046_seq_009549,Idaho Camera Traps : 46,23,deer,03-08-2016 14:10:28,5,val
https://storage.googleapis.com/public-datasets-lila/nacti-unzipped/part1/sub134/FL-05_07_28_2015_FL-05_0022655.jpg,NACTI : FL-05_07_28_2015_FL-05_0022655.jpg,NACTI : unknown,NACTI : archbold_FL-05,-1,deer,,5,train
https://storage.googleapis.com/public-datasets-lila/idaho-camera-traps/public/loc_0169/loc_0169_im_000255.jpg,Idaho Camera Traps : loc_0169_im_000255,Idaho Camera Traps : loc_0169_seq_000034,Idaho Camera Traps : 169,0,deer,06-02-2016 00:20:57,5,test
https://storage.googleapis.com/public-datasets-lila/idaho-camera-traps/public/loc_0212/loc_0212_im_001651.jpg,Idaho Camera Traps : loc_0212_im_001651,Idaho Camera Traps : loc_0212_seq_000208,Idaho Camera Traps : 212,10,deer,03-26-2016 08:41:04,5,train
https://storage.googleapis.com/public-datasets-lila/idaho-camera-traps/public/loc_0122/loc_0122_im_003523.jpg,Idaho Camera Traps : loc_0122_im_003523,Idaho Camera Traps : loc_0122_seq_000418,Idaho Camera Traps : 122,1,deer,11-21-2015 08:06:48,5,val
https://storage.googleapis.com/public-datasets-lila/idaho-camera-traps/public/loc_0140/loc_0140_im_000384.jpg,Idaho Camera Traps : loc_0140_im_000384,Idaho Camera Traps : loc_0140_seq_000063,Idaho Camera Traps : 140,3,deer,06-13-2016 10:32:31,5,train
https://storage.googleapis.com/public-datasets-lila/nacti-unzipped/part1/sub176/FL-12_07_28_2015_FL-12_0006129.jpg,NACTI : FL-12_07_28_2015_FL-12_0006129.jpg,NACTI : unknown,NACTI : archbold_FL-12,-1,deer,,5,train
https://storage.googleapis.com/public-datasets-lila/idaho-camera-traps/public/loc_0193/loc_0193_im_003748.jpg,Idaho Camera Traps : loc_0193_im_003748,Idaho Camera Traps : loc_0193_seq_000733,Idaho Camera Traps : 193,1,deer,08-17-2016 22:13:54,5,val
https://storage.googleapis.com/public-datasets-lila/nacti-unzipped/part2/sub209/FL-19_05_02_2016_FL-19_0049285.JPG,NACTI : FL-19_05_02_2016_FL-19_0049285.JPG,NACTI : unknown,NACTI : archbold_FL-19,-1,deer,,5,train
https://storage.googleapis.com/public-datasets-lila/idaho-camera-traps/public/loc_0012/loc_0012_im_006533.jpg,Idaho Camera Traps : loc_0012_im_006533,Idaho Camera Traps : loc_0012_seq_005128,Idaho Camera Traps : 12,49,deer,02-07-2016 13:06:32,5,train
https://storage.googleapis.com/public-datasets-lila/nacti-unzipped/part0/sub058/CA-18_08_03_2015_CA-18_0015973.jpg,NACTI : CA-18_08_03_2015_CA-18_0015973.jpg,NACTI : unknown,NACTI : lebec_CA-18,-1,deer,,5,train
https://storage.googleapis.com/public-datasets-lila/idaho-camera-traps/public/loc_0148/loc_0148_im_002595.jpg,Idaho Camera Traps : loc_0148_im_002595,Idaho Camera Traps : loc_0148_seq_000236,Idaho Camera Traps : 148,0,deer,07-20-2016 22:48:13,5,train
https://storage.googleapis.com/public-datasets-lila/nacti-unzipped/part2/sub210/FL-19_06_01_2015_FL-19_0012327.jpg,NACTI : FL-19_06_01_2015_FL-19_0012327.jpg,NACTI : unknown,NACTI : archbold_FL-19,-1,deer,,5,train
https://storage.googleapis.com/public-datasets-lila/idaho-camera-traps/public/loc_0086/loc_0086_im_003745.jpg,Idaho Camera Traps : loc_0086_im_003745,Idaho Camera Traps : loc_0086_seq_000627,Idaho Camera Traps : 86,4,deer,11-09-2015 10:32:29,5,train
https://storage.googleapis.com/public-datasets-lila/idaho-camera-traps/public/loc_0199/loc_0199_im_005297.jpg,Idaho Camera Traps : loc_0199_im_005297,Idaho Camera Traps : loc_0199_seq_000402,Idaho Camera Traps : 199,19,deer,03-19-2016 09:18:48,5,train
https://storage.googleapis.com/public-datasets-lila/nz-trailcams/PS3/deer/ae0565e7-059d-4fd1-a396-b953e6cdc436.JPG,Trail Camera Images of New Zealand Animals : PS3/deer/ae0565e7-059d-4fd1-a396-b953e6cdc436.JPG,Trail Camera Images of New Zealand Animals : unknown,Trail Camera Images of New Zealand Animals : PS3_CAM8008,-1,deer,03-09-2023 20:26:08,5,train
https://storage.googleapis.com/public-datasets-lila/idaho-camera-traps/public/loc_0136/loc_0136_im_000061.jpg,Idaho Camera Traps : loc_0136_im_000061,Idaho Camera Traps : loc_0136_seq_000006,Idaho Camera Traps : 136,14,deer,05-25-2016 07:02:49,5,val
https://storage.googleapis.com/public-datasets-lila/nz-trailcams/MIS/deer/198af1f1-bd73-4718-910e-99e1991ac47e.JPG,Trail Camera Images of New Zealand Animals : MIS/deer/198af1f1-bd73-4718-910e-99e1991ac47e.JPG,Trail Camera Images of New Zealand Animals : unknown,Trail Camera Images of New Zealand Animals : MIS_HV0230,-1,deer,,5,train
https://storage.googleapis.com/public-datasets-lila/idaho-camera-traps/public/loc_0114/loc_0114_im_001806.jpg,Idaho Camera Traps : loc_0114_im_001806,Idaho Camera Traps : loc_0114_seq_000215,Idaho Camera Traps : 114,0,deer,01-12-2016 09:14:19,5,test
https://storage.googleapis.com/public-datasets-lila/idaho-camera-traps/public/loc_0014/loc_0014_im_002509.jpg,Idaho Camera Traps : loc_0014_im_002509,Idaho Camera Traps : loc_0014_seq_002294,Idaho Camera Traps : 14,11,deer,01-20-2016 11:25:42,5,train
https://storage.googleapis.com/public-datasets-lila/nz-trailcams/PS1/deer/f0a012d0-bcf2-469d-b2d3-bc59faa4e558.JPG,Trail Camera Images of New Zealand Animals : PS1/deer/f0a012d0-bcf2-469d-b2d3-bc59faa4e558.JPG,Trail Camera Images of New Zealand Animals : unknown,Trail Camera Images of New Zealand Animals : PS1_CAM7920,-1,deer,01-08-2022 13:24:19,5,train
https://storage.googleapis.com/public-datasets-lila/idaho-camera-traps/public/loc_0232/loc_0232_im_000243.jpg,Idaho Camera Traps : loc_0232_im_000243,Idaho Camera Traps : loc_0232_seq_000119,Idaho Camera Traps : 232,4,deer,03-26-2016 11:09:41,5,train
https://storage.googleapis.com/public-datasets-lila/idaho-camera-traps/public/loc_0187/loc_0187_im_000580.jpg,Idaho Camera Traps : loc_0187_im_000580,Idaho Camera Traps : loc_0187_seq_000091,Idaho Camera Traps : 187,14,deer,07-10-2016 04:08:53,5,train
https://storage.googleapis.com/public-datasets-lila/idaho-camera-traps/public/loc_0166/loc_0166_im_000751.jpg,Idaho Camera Traps : loc_0166_im_000751,Idaho Camera Traps : loc_0166_seq_000134,Idaho Camera Traps : 166,1,deer,06-18-2016 08:42:33,5,train
https://storage.googleapis.com/public-datasets-lila/nz-trailcams/PS3/deer/754a3aba-5f23-4023-9042-6cd5d30d7ea3.JPG,Trail Camera Images of New Zealand Animals : PS3/deer/754a3aba-5f23-4023-9042-6cd5d30d7ea3.JPG,Trail Camera Images of New Zealand Animals : unknown,Trail Camera Images of New Zealand Animals : PS3_CAM6504,-1,deer,02-13-2023 13:40:47,5,test
https://storage.googleapis.com/public-datasets-lila/nz-trailcams/LCC/deer/430fc1a0-751a-429a-9ed8-f36a1dd2633d.JPG,Trail Camera Images of New Zealand Animals : LCC/deer/430fc1a0-751a-429a-9ed8-f36a1dd2633d.JPG,Trail Camera Images of New Zealand Animals : unknown,Trail Camera Images of New Zealand Animals : LCC_R21,-1,deer,04-30-2018 18:41:46,5,train
https://storage.googleapis.com/public-datasets-lila/nacti-unzipped/part1/sub112/FL-01_05_02_2016_FL-01_0058674.JPG,NACTI : FL-01_05_02_2016_FL-01_0058674.JPG,NACTI : unknown,NACTI : archbold_FL-01,-1,deer,,5,train
https://storage.googleapis.com/public-datasets-lila/idaho-camera-traps/public/loc_0213/loc_0213_im_000397.jpg,Idaho Camera Traps : loc_0213_im_000397,Idaho Camera Traps : loc_0213_seq_000109,Idaho Camera Traps : 213,12,deer,02-19-2016 12:46:18,5,train
https://storage.googleapis.com/public-datasets-lila/idaho-camera-traps/public/loc_0209/loc_0209_im_001804.jpg,Idaho Camera Traps : loc_0209_im_001804,Idaho Camera Traps : loc_0209_seq_000314,Idaho Camera Traps : 209,8,deer,04-10-2016 17:39:10,5,train
https://storage.googleapis.com/public-datasets-lila/idaho-camera-traps/public/loc_0101/loc_0101_im_001725.jpg,Idaho Camera Traps : loc_0101_im_001725,Idaho Camera Traps : loc_0101_seq_000303,Idaho Camera Traps : 101,2,deer,02-17-2016 10:44:46,5,train
https://storage.googleapis.com/public-datasets-lila/idaho-camera-traps/public/loc_0094/loc_0094_im_001310.jpg,Idaho Camera Traps : loc_0094_im_001310,Idaho Camera Traps : loc_0094_seq_000170,Idaho Camera Traps : 94,5,deer,10-11-2015 03:26:34,5,train
https://storage.googleapis.com/public-datasets-lila/idaho-camera-traps/public/loc_0120/loc_0120_im_002827.jpg,Idaho Camera Traps : loc_0120_im_002827,Idaho Camera Traps : loc_0120_seq_000312,Idaho Camera Traps : 120,11,deer,12-03-2015 10:26:37,5,train
https://storage.googleapis.com/public-datasets-lila/idaho-camera-traps/public/loc_0252/loc_0252_im_000275.jpg,Idaho Camera Traps : loc_0252_im_000275,Idaho Camera Traps : loc_0252_seq_000123,Idaho Camera Traps : 252,3,deer,03-28-2016 13:56:54,5,train
https://storage.googleapis.com/public-datasets-lila/nz-trailcams/PS1/deer/e08d6333-95e6-496c-ab3d-839260c92d4b.JPG,Trail Camera Images of New Zealand Animals : PS1/deer/e08d6333-95e6-496c-ab3d-839260c92d4b.JPG,Trail Camera Images of New Zealand Animals : unknown,Trail Camera Images of New Zealand Animals : PS1_CAM7705,-1,deer,03-29-2022 08:05:27,5,train
https://storage.googleapis.com/public-datasets-lila/idaho-camera-traps/public/loc_0213/loc_0213_im_000322.jpg,Idaho Camera Traps : loc_0213_im_000322,Idaho Camera Traps : loc_0213_seq_000100,Idaho Camera Traps : 213,9,deer,02-17-2016 16:57:36,5,train
https://storage.googleapis.com/public-datasets-lila/idaho-camera-traps/public/loc_0103/loc_0103_im_002172.jpg,Idaho Camera Traps : loc_0103_im_002172,Idaho Camera Traps : loc_0103_seq_000269,Idaho Camera Traps : 103,6,deer,08-17-2015 05:26:09,5,train
https://storage.googleapis.com/public-datasets-lila/idaho-camera-traps/public/loc_0015/loc_0015_im_015633.jpg,Idaho Camera Traps : loc_0015_im_015633,Idaho Camera Traps : loc_0015_seq_013210,Idaho Camera Traps : 15,8,deer,04-03-2016 10:11:36,5,train
https://storage.googleapis.com/public-datasets-lila/idaho-camera-traps/public/loc_0101/loc_0101_im_001745.jpg,Idaho Camera Traps : loc_0101_im_001745,Idaho Camera Traps : loc_0101_seq_000306,Idaho Camera Traps : 101,7,deer,02-24-2016 14:37:21,5,train
https://storage.googleapis.com/public-datasets-lila/idaho-camera-traps/public/loc_0168/loc_0168_im_002106.jpg,Idaho Camera Traps : loc_0168_im_002106,Idaho Camera Traps : loc_0168_seq_000328,Idaho Camera Traps : 168,11,deer,09-21-2016 07:37:11,5,train
https://storage.googleapis.com/public-datasets-lila/idaho-camera-traps/public/loc_0166/loc_0166_im_002876.jpg,Idaho Camera Traps : loc_0166_im_002876,Idaho Camera Traps : loc_0166_seq_000540,Idaho Camera Traps : 166,0,deer,09-14-2016 06:17:10,5,train
https://storage.googleapis.com/public-datasets-lila/nacti-unzipped/part1/sub176/FL-12_07_28_2015_FL-12_0004891.jpg,NACTI : FL-12_07_28_2015_FL-12_0004891.jpg,NACTI : unknown,NACTI : archbold_FL-12,-1,deer,,5,train
https://storage.googleapis.com/public-datasets-lila/nacti-unzipped/part1/sub134/FL-05_09_01_2016_FL-05_0044069.JPG,NACTI : FL-05_09_01_2016_FL-05_0044069.JPG,NACTI : unknown,NACTI : archbold_FL-05,-1,deer,,5,train
https://storage.googleapis.com/public-datasets-lila/nz-trailcams/PS1/deer/9c69cc7f-514f-41fd-a41b-fde659f18069.JPG,Trail Camera Images of New Zealand Animals : PS1/deer/9c69cc7f-514f-41fd-a41b-fde659f18069.JPG,Trail Camera Images of New Zealand Animals : unknown,Trail Camera Images of New Zealand Animals : PS1_CAM7213,-1,deer,03-16-2022 13:16:27,5,train
https://storage.googleapis.com/public-datasets-lila/nz-trailcams/PS1/deer/4d01cebf-5e7d-41ba-b37d-17978eaacd83.JPG,Trail Camera Images of New Zealand Animals : PS1/deer/4d01cebf-5e7d-41ba-b37d-17978eaacd83.JPG,Trail Camera Images of New Zealand Animals : unknown,Trail Camera Images of New Zealand Animals : PS1_CAM8008,-1,deer,06-20-2022 16:59:19,5,train
https://storage.googleapis.com/public-datasets-lila/nacti-unzipped/part2/sub283/FL-40_01_23_2016_FL-40_0006460.jpg,NACTI : FL-40_01_23_2016_FL-40_0006460.jpg,NACTI : unknown,NACTI : archbold_FL-40,-1,deer,,5,val
https://storage.googleapis.com/public-datasets-lila/idaho-camera-traps/public/loc_0031/loc_0031_im_009730.jpg,Idaho Camera Traps : loc_0031_im_009730,Idaho Camera Traps : loc_0031_seq_008133,Idaho Camera Traps : 31,7,deer,02-28-2016 09:53:21,5,test
https://storage.googleapis.com/public-datasets-lila/nacti-unzipped/part2/sub245/FL-27_07_28_2015_FL-27_0029680.jpg,NACTI : FL-27_07_28_2015_FL-27_0029680.jpg,NACTI : unknown,NACTI : archbold_FL-27,-1,deer,,5,train
https://storage.googleapis.com/public-datasets-lila/nz-trailcams/LCC/deer/f98e9e87-9d87-48fd-a1d1-2445072c88f6.JPG,Trail Camera Images of New Zealand Animals : LCC/deer/f98e9e87-9d87-48fd-a1d1-2445072c88f6.JPG,Trail Camera Images of New Zealand Animals : unknown,Trail Camera Images of New Zealand Animals : LCC_R12,-1,deer,04-18-2018 16:06:34,5,test
https://storage.googleapis.com/public-datasets-lila/nz-trailcams/LR1/deer/6f2470b1-4125-46d4-ae61-951aa59061b9.JPG,Trail Camera Images of New Zealand Animals : LR1/deer/6f2470b1-4125-46d4-ae61-951aa59061b9.JPG,Trail Camera Images of New Zealand Animals : unknown,Trail Camera Images of New Zealand Animals : LR1_EC114,-1,deer,10-13-2020 04:36:33,5,train
https://storage.googleapis.com/public-datasets-lila/nz-trailcams/WLG/deer/100416164600024b7392.jpg,Trail Camera Images of New Zealand Animals : WLG/deer/100416164600024b7392.jpg,Trail Camera Images of New Zealand Animals : unknown,Trail Camera Images of New Zealand Animals : WLG_739,-1,deer,04-10-2016 16:46:00,5,test
https://storage.googleapis.com/public-datasets-lila/nacti-unzipped/part1/sub173/FL-12_05_02_2016_FL-12_0042520.JPG,NACTI : FL-12_05_02_2016_FL-12_0042520.JPG,NACTI : unknown,NACTI : archbold_FL-12,-1,deer,,5,train
https://storage.googleapis.com/public-datasets-lila/nacti-unzipped/part1/sub176/FL-12_07_28_2015_FL-12_0003969.jpg,NACTI : FL-12_07_28_2015_FL-12_0003969.jpg,NACTI : unknown,NACTI : archbold_FL-12,-1,deer,,5,train
https://storage.googleapis.com/public-datasets-lila/nacti-unzipped/part2/sub219/FL-22_01_21_2016_FL-22_0078651.jpg,NACTI : FL-22_01_21_2016_FL-22_0078651.jpg,NACTI : unknown,NACTI : archbold_FL-22,-1,deer,,5,train
https://storage.googleapis.com/public-datasets-lila/idaho-camera-traps/public/loc_0086/loc_0086_im_005203.jpg,Idaho Camera Traps : loc_0086_im_005203,Idaho Camera Traps : loc_0086_seq_000810,Idaho Camera Traps : 86,16,deer,04-20-2016 23:26:39,5,train
https://storage.googleapis.com/public-datasets-lila/idaho-camera-traps/public/loc_0181/loc_0181_im_000594.jpg,Idaho Camera Traps : loc_0181_im_000594,Idaho Camera Traps : loc_0181_seq_000152,Idaho Camera Traps : 181,7,deer,07-16-2016 01:39:44,5,train
https://storage.googleapis.com/public-datasets-lila/idaho-camera-traps/public/loc_0094/loc_0094_im_002236.jpg,Idaho Camera Traps : loc_0094_im_002236,Idaho Camera Traps : loc_0094_seq_000322,Idaho Camera Traps : 94,0,deer,04-18-2016 05:40:57,5,train
https://storage.googleapis.com/public-datasets-lila/nacti-unzipped/part1/sub160/FL-08_01_21_2016_FL-08_0015585.jpg,NACTI : FL-08_01_21_2016_FL-08_0015585.jpg,NACTI : unknown,NACTI : archbold_FL-08,-1,deer,,5,train
https://storage.googleapis.com/public-datasets-lila/idaho-camera-traps/public/loc_0097/loc_0097_im_001918.jpg,Idaho Camera Traps : loc_0097_im_001918,Idaho Camera Traps : loc_0097_seq_000236,Idaho Camera Traps : 97,1,deer,03-12-2016 08:24:45,5,train
https://storage.googleapis.com/public-datasets-lila/idaho-camera-traps/public/loc_0108/loc_0108_im_001518.jpg,Idaho Camera Traps : loc_0108_im_001518,Idaho Camera Traps : loc_0108_seq_000210,Idaho Camera Traps : 108,3,deer,05-17-2016 13:29:25,5,val
https://storage.googleapis.com/public-datasets-lila/idaho-camera-traps/public/loc_0118/loc_0118_im_000249.jpg,Idaho Camera Traps : loc_0118_im_000249,Idaho Camera Traps : loc_0118_seq_000032,Idaho Camera Traps : 118,0,deer,06-23-2015 22:59:32,5,train
https://storage.googleapis.com/public-datasets-lila/nacti-unzipped/part2/sub208/FL-18_12_08_2015_FL-18_0016640.jpg,NACTI : FL-18_12_08_2015_FL-18_0016640.jpg,NACTI : unknown,NACTI : archbold_FL-18,-1,deer,,5,train
https://storage.googleapis.com/public-datasets-lila/nacti-unzipped/part0/sub058/CA-18_08_03_2015_CA-18_0018498.jpg,NACTI : CA-18_08_03_2015_CA-18_0018498.jpg,NACTI : unknown,NACTI : lebec_CA-18,-1,deer,,5,train
https://storage.googleapis.com/public-datasets-lila/idaho-camera-traps/public/loc_0141/loc_0141_im_000521.jpg,Idaho Camera Traps : loc_0141_im_000521,Idaho Camera Traps : loc_0141_seq_000100,Idaho Camera Traps : 141,2,deer,07-10-2016 17:48:49,5,train
https://storage.googleapis.com/public-datasets-lila/nz-trailcams/LCC/deer/d95dd969-2169-4ab0-aca8-cd336b088d7a.JPG,Trail Camera Images of New Zealand Animals : LCC/deer/d95dd969-2169-4ab0-aca8-cd336b088d7a.JPG,Trail Camera Images of New Zealand Animals : unknown,Trail Camera Images of New Zealand Animals : LCC_R12,-1,deer,03-24-2018 18:30:41,5,test
https://storage.googleapis.com/public-datasets-lila/caltech-unzipped/cct_images/59bfdcb7-23d2-11e8-a6a3-ec086b02610b.jpg,Caltech Camera Traps : 59bfdcb7-23d2-11e8-a6a3-ec086b02610b,Caltech Camera Traps : 7011beab-5567-11e8-8158-dca9047ef277,Caltech Camera Traps : 41,2,deer,06-07-2014 07:49:22,5,train
https://storage.googleapis.com/public-datasets-lila/nz-trailcams/LCC/deer/b59ca1ac-0136-4c55-8381-96c5397e4ace.JPG,Trail Camera Images of New Zealand Animals : LCC/deer/b59ca1ac-0136-4c55-8381-96c5397e4ace.JPG,Trail Camera Images of New Zealand Animals : unknown,Trail Camera Images of New Zealand Animals : LCC_R42,-1,deer,05-29-2018 02:00:05,5,train
https://storage.googleapis.com/public-datasets-lila/idaho-camera-traps/public/loc_0125/loc_0125_im_000189.jpg,Idaho Camera Traps : loc_0125_im_000189,Idaho Camera Traps : loc_0125_seq_000039,Idaho Camera Traps : 125,16,deer,06-11-2016 21:19:17,5,train
https://storage.googleapis.com/public-datasets-lila/nacti-unzipped/part1/sub176/FL-12_07_28_2015_FL-12_0007474.jpg,NACTI : FL-12_07_28_2015_FL-12_0007474.jpg,NACTI : unknown,NACTI : archbold_FL-12,-1,deer,,5,train
https://storage.googleapis.com/public-datasets-lila/caltech-unzipped/cct_images/5a0492f9-23d2-11e8-a6a3-ec086b02610b.jpg,Caltech Camera Traps : 5a0492f9-23d2-11e8-a6a3-ec086b02610b,Caltech Camera Traps : 6f7efb68-5567-11e8-bf26-dca9047ef277,Caltech Camera Traps : 57,1,deer,10-30-2013 01:13:42,5,train
https://storage.googleapis.com/public-datasets-lila/idaho-camera-traps/public/loc_0225/loc_0225_im_005937.jpg,Idaho Camera Traps : loc_0225_im_005937,Idaho Camera Traps : loc_0225_seq_000836,Idaho Camera Traps : 225,1,deer,03-08-2016 08:18:42,5,train
https://storage.googleapis.com/public-datasets-lila/idaho-camera-traps/public/loc_0188/loc_0188_im_002136.jpg,Idaho Camera Traps : loc_0188_im_002136,Idaho Camera Traps : loc_0188_seq_000502,Idaho Camera Traps : 188,13,deer,09-10-2016 02:03:57,5,test
https://storage.googleapis.com/public-datasets-lila/nz-trailcams/PS1/deer/edcfd1d8-1e82-420c-b7c2-3312b1cfbcdb.JPG,Trail Camera Images of New Zealand Animals : PS1/deer/edcfd1d8-1e82-420c-b7c2-3312b1cfbcdb.JPG,Trail Camera Images of New Zealand Animals : unknown,Trail Camera Images of New Zealand Animals : PS1_CAMFC23,-1,deer,09-04-2022 02:27:54,5,train
https://storage.googleapis.com/public-datasets-lila/nz-trailcams/LCC/deer/a9287474-eaec-49dd-b7f5-31764a24578e.JPG,Trail Camera Images of New Zealand Animals : LCC/deer/a9287474-eaec-49dd-b7f5-31764a24578e.JPG,Trail Camera Images of New Zealand Animals : unknown,Trail Camera Images of New Zealand Animals : LCC_R109,-1,deer,04-01-2018 09:12:06,5,train
https://storage.googleapis.com/public-datasets-lila/idaho-camera-traps/public/loc_0132/loc_0132_im_002447.jpg,Idaho Camera Traps : loc_0132_im_002447,Idaho Camera Traps : loc_0132_seq_000377,Idaho Camera Traps : 132,23,deer,09-09-2016 06:10:25,5,val
https://storage.googleapis.com/public-datasets-lila/idaho-camera-traps/public/loc_0225/loc_0225_im_000987.jpg,Idaho Camera Traps : loc_0225_im_000987,Idaho Camera Traps : loc_0225_seq_000125,Idaho Camera Traps : 225,11,deer,12-28-2015 12:42:20,5,train
https://storage.googleapis.com/public-datasets-lila/nz-trailcams/PS1/deer/bd5f8671-ca31-4fc2-989e-ff1dd8c002ee.JPG,Trail Camera Images of New Zealand Animals : PS1/deer/bd5f8671-ca31-4fc2-989e-ff1dd8c002ee.JPG,Trail Camera Images of New Zealand Animals : unknown,Trail Camera Images of New Zealand Animals : PS1_CAM6504,-1,deer,04-29-2022 14:34:29,5,train
https://storage.googleapis.com/public-datasets-lila/idaho-camera-traps/public/loc_0018/loc_0018_im_005814.jpg,Idaho Camera Traps : loc_0018_im_005814,Idaho Camera Traps : loc_0018_seq_004188,Idaho Camera Traps : 18,3,deer,01-31-2016 23:52:22,5,val
https://storage.googleapis.com/public-datasets-lila/nacti-unzipped/part2/sub207/FL-18_05_02_2016_FL-18_0022862.JPG,NACTI : FL-18_05_02_2016_FL-18_0022862.JPG,NACTI : unknown,NACTI : archbold_FL-18,-1,deer,,5,train
https://storage.googleapis.com/public-datasets-lila/idaho-camera-traps/public/loc_0129/loc_0129_im_000758.jpg,Idaho Camera Traps : loc_0129_im_000758,Idaho Camera Traps : loc_0129_seq_000087,Idaho Camera Traps : 129,3,deer,06-03-2016 21:35:43,5,train
https://storage.googleapis.com/public-datasets-lila/idaho-camera-traps/public/loc_0015/loc_0015_im_011404.jpg,Idaho Camera Traps : loc_0015_im_011404,Idaho Camera Traps : loc_0015_seq_010505,Idaho Camera Traps : 15,0,deer,03-16-2016 09:01:53,5,train
https://storage.googleapis.com/public-datasets-lila/idaho-camera-traps/public/loc_0269/loc_0269_im_004521.jpg,Idaho Camera Traps : loc_0269_im_004521,Idaho Camera Traps : loc_0269_seq_000407,Idaho Camera Traps : 269,9,deer,01-25-2016 10:16:59,5,train
https://storage.googleapis.com/public-datasets-lila/idaho-camera-traps/public/loc_0117/loc_0117_im_001740.jpg,Idaho Camera Traps : loc_0117_im_001740,Idaho Camera Traps : loc_0117_seq_000242,Idaho Camera Traps : 117,0,deer,12-24-2015 05:34:01,5,train
https://storage.googleapis.com/public-datasets-lila/idaho-camera-traps/public/loc_0248/loc_0248_im_000649.jpg,Idaho Camera Traps : loc_0248_im_000649,Idaho Camera Traps : loc_0248_seq_000171,Idaho Camera Traps : 248,4,deer,04-05-2016 05:07:54,5,train
https://storage.googleapis.com/public-datasets-lila/idaho-camera-traps/public/loc_0100/loc_0100_im_007545.jpg,Idaho Camera Traps : loc_0100_im_007545,Idaho Camera Traps : loc_0100_seq_000724,Idaho Camera Traps : 100,3,deer,04-04-2016 15:32:57,5,train
https://storage.googleapis.com/public-datasets-lila/idaho-camera-traps/public/loc_0257/loc_0257_im_004243.jpg,Idaho Camera Traps : loc_0257_im_004243,Idaho Camera Traps : loc_0257_seq_000439,Idaho Camera Traps : 257,2,deer,02-22-2016 02:50:20,5,train
https://storage.googleapis.com/public-datasets-lila/nacti-unzipped/part1/sub185/FL-14_01_21_2016_FL-14_0014756.jpg,NACTI : FL-14_01_21_2016_FL-14_0014756.jpg,NACTI : unknown,NACTI : archbold_FL-14,-1,deer,,5,train
https://storage.googleapis.com/public-datasets-lila/nacti-unzipped/part2/sub209/FL-19_05_02_2016_FL-19_0050365.JPG,NACTI : FL-19_05_02_2016_FL-19_0050365.JPG,NACTI : unknown,NACTI : archbold_FL-19,-1,deer,,5,train
https://storage.googleapis.com/public-datasets-lila/idaho-camera-traps/public/loc_0098/loc_0098_im_003752.jpg,Idaho Camera Traps : loc_0098_im_003752,Idaho Camera Traps : loc_0098_seq_000417,Idaho Camera Traps : 98,2,deer,10-28-2015 19:15:57,5,train
https://storage.googleapis.com/public-datasets-lila/nacti-unzipped/part2/sub232/FL-23_11_02_2015_FL-23_0013830.jpg,NACTI : FL-23_11_02_2015_FL-23_0013830.jpg,NACTI : unknown,NACTI : archbold_FL-23,-1,deer,,5,train
https://storage.googleapis.com/public-datasets-lila/idaho-camera-traps/public/loc_0242/loc_0242_im_000228.jpg,Idaho Camera Traps : loc_0242_im_000228,Idaho Camera Traps : loc_0242_seq_000082,Idaho Camera Traps : 242,37,deer,02-15-2016 15:41:34,5,test
https://storage.googleapis.com/public-datasets-lila/caltech-unzipped/cct_images/5a21764f-23d2-11e8-a6a3-ec086b02610b.jpg,Caltech Camera Traps : 5a21764f-23d2-11e8-a6a3-ec086b02610b,Caltech Camera Traps : 70124c94-5567-11e8-ad59-dca9047ef277,Caltech Camera Traps : 27,1,deer,03-06-2015 21:07:03,5,train
https://storage.googleapis.com/public-datasets-lila/idaho-camera-traps/public/loc_0089/loc_0089_im_001354.jpg,Idaho Camera Traps : loc_0089_im_001354,Idaho Camera Traps : loc_0089_seq_000172,Idaho Camera Traps : 89,10,deer,08-05-2015 11:46:43,5,train
https://storage.googleapis.com/public-datasets-lila/nacti-unzipped/part1/sub104/CA-43_08_12_2015_CA-43_0001011.jpg,NACTI : CA-43_08_12_2015_CA-43_0001011.jpg,NACTI : unknown,NACTI : lebec_CA-43,-1,deer,,5,train
https://storage.googleapis.com/public-datasets-lila/idaho-camera-traps/public/loc_0154/loc_0154_im_001176.jpg,Idaho Camera Traps : loc_0154_im_001176,Idaho Camera Traps : loc_0154_seq_000218,Idaho Camera Traps : 154,11,deer,08-09-2016 02:38:26,5,train
https://storage.googleapis.com/public-datasets-lila/idaho-camera-traps/public/loc_0211/loc_0211_im_000796.jpg,Idaho Camera Traps : loc_0211_im_000796,Idaho Camera Traps : loc_0211_seq_000213,Idaho Camera Traps : 211,13,deer,04-24-2016 22:14:23,5,train
https://storage.googleapis.com/public-datasets-lila/caltech-unzipped/cct_images/59f46495-23d2-11e8-a6a3-ec086b02610b.jpg,Caltech Camera Traps : 59f46495-23d2-11e8-a6a3-ec086b02610b,Caltech Camera Traps : 6f7defeb-5567-11e8-8e98-dca9047ef277,Caltech Camera Traps : 57,1,deer,10-13-2013 23:46:27,5,train
https://storage.googleapis.com/public-datasets-lila/nacti-unzipped/part0/sub062/CA-21_09_10_2015_CA-21_0005980.jpg,NACTI : CA-21_09_10_2015_CA-21_0005980.jpg,NACTI : unknown,NACTI : lebec_CA-21,-1,deer,,5,val
https://storage.googleapis.com/public-datasets-lila/idaho-camera-traps/public/loc_0004/loc_0004_im_005226.jpg,Idaho Camera Traps : loc_0004_im_005226,Idaho Camera Traps : loc_0004_seq_004648,Idaho Camera Traps : 4,0,deer,02-08-2016 16:50:00,5,train
https://storage.googleapis.com/public-datasets-lila/idaho-camera-traps/public/loc_0098/loc_0098_im_000374.jpg,Idaho Camera Traps : loc_0098_im_000374,Idaho Camera Traps : loc_0098_seq_000047,Idaho Camera Traps : 98,2,deer,05-24-2015 08:11:11,5,train
https://storage.googleapis.com/public-datasets-lila/nacti-unzipped/part1/sub172/FL-12_03_04_2016_FL-12_0024838.JPG,NACTI : FL-12_03_04_2016_FL-12_0024838.JPG,NACTI : unknown,NACTI : archbold_FL-12,-1,deer,,5,train
https://storage.googleapis.com/public-datasets-lila/nacti-unzipped/part1/sub176/FL-12_07_28_2015_FL-12_0008601.jpg,NACTI : FL-12_07_28_2015_FL-12_0008601.jpg,NACTI : unknown,NACTI : archbold_FL-12,-1,deer,,5,train
https://storage.googleapis.com/public-datasets-lila/idaho-camera-traps/public/loc_0257/loc_0257_im_001536.jpg,Idaho Camera Traps : loc_0257_im_001536,Idaho Camera Traps : loc_0257_seq_000139,Idaho Camera Traps : 257,0,deer,01-03-2016 10:04:46,5,train
https://storage.googleapis.com/public-datasets-lila/idaho-camera-traps/public/loc_0129/loc_0129_im_001250.jpg,Idaho Camera Traps : loc_0129_im_001250,Idaho Camera Traps : loc_0129_seq_000156,Idaho Camera Traps : 129,2,deer,06-19-2016 04:38:31,5,train
https://storage.googleapis.com/public-datasets-lila/nacti-unzipped/part2/sub242/FL-27_06_30_2015_FL-27_0009534.jpg,NACTI : FL-27_06_30_2015_FL-27_0009534.jpg,NACTI : unknown,NACTI : archbold_FL-27,-1,deer,,5,train
https://storage.googleapis.com/public-datasets-lila/idaho-camera-traps/public/loc_0257/loc_0257_im_004871.jpg,Idaho Camera Traps : loc_0257_im_004871,Idaho Camera Traps : loc_0257_seq_000518,Idaho Camera Traps : 257,2,deer,03-15-2016 18:19:39,5,train
https://storage.googleapis.com/public-datasets-lila/idaho-camera-traps/public/loc_0138/loc_0138_im_001012.jpg,Idaho Camera Traps : loc_0138_im_001012,Idaho Camera Traps : loc_0138_seq_000180,Idaho Camera Traps : 138,6,deer,07-27-2016 02:01:47,5,val
https://storage.googleapis.com/public-datasets-lila/idaho-camera-traps/public/loc_0103/loc_0103_im_003773.jpg,Idaho Camera Traps : loc_0103_im_003773,Idaho Camera Traps : loc_0103_seq_000524,Idaho Camera Traps : 103,5,deer,03-25-2016 14:31:33,5,train
https://storage.googleapis.com/public-datasets-lila/nacti-unzipped/part1/sub198/FL-16_11_02_2015_FL-16_0094073.jpg,NACTI : FL-16_11_02_2015_FL-16_0094073.jpg,NACTI : unknown,NACTI : archbold_FL-16,-1,deer,,5,train
https://storage.googleapis.com/public-datasets-lila/idaho-camera-traps/public/loc_0132/loc_0132_im_002504.jpg,Idaho Camera Traps : loc_0132_im_002504,Idaho Camera Traps : loc_0132_seq_000391,Idaho Camera Traps : 132,8,deer,09-15-2016 01:57:37,5,val
https://storage.googleapis.com/public-datasets-lila/nacti-unzipped/part1/sub177/FL-12_09_02_2015_FL-12_0012877.jpg,NACTI : FL-12_09_02_2015_FL-12_0012877.jpg,NACTI : unknown,NACTI : archbold_FL-12,-1,deer,,5,train
https://storage.googleapis.com/public-datasets-lila/nacti-unzipped/part2/sub265/FL-31_06_30_2015_FL-31_0020155.jpg,NACTI : FL-31_06_30_2015_FL-31_0020155.jpg,NACTI : unknown,NACTI : archbold_FL-31,-1,deer,,5,train
https://storage.googleapis.com/public-datasets-lila/idaho-camera-traps/public/loc_0165/loc_0165_im_003720.jpg,Idaho Camera Traps : loc_0165_im_003720,Idaho Camera Traps : loc_0165_seq_000543,Idaho Camera Traps : 165,6,deer,10-04-2016 12:15:34,5,train
https://storage.googleapis.com/public-datasets-lila/idaho-camera-traps/public/loc_0194/loc_0194_im_000214.jpg,Idaho Camera Traps : loc_0194_im_000214,Idaho Camera Traps : loc_0194_seq_000037,Idaho Camera Traps : 194,5,deer,06-10-2016 03:26:02,5,train
https://storage.googleapis.com/public-datasets-lila/idaho-camera-traps/public/loc_0004/loc_0004_im_000475.jpg,Idaho Camera Traps : loc_0004_im_000475,Idaho Camera Traps : loc_0004_seq_000392,Idaho Camera Traps : 4,9,deer,01-10-2016 11:28:58,5,train
https://storage.googleapis.com/public-datasets-lila/nacti-unzipped/part2/sub251/FL-29_03_07_2016_FL-29_0055913.JPG,NACTI : FL-29_03_07_2016_FL-29_0055913.JPG,NACTI : unknown,NACTI : archbold_FL-29,-1,deer,,5,train
https://storage.googleapis.com/public-datasets-lila/idaho-camera-traps/public/loc_0121/loc_0121_im_000297.jpg,Idaho Camera Traps : loc_0121_im_000297,Idaho Camera Traps : loc_0121_seq_000030,Idaho Camera Traps : 121,6,deer,06-05-2015 07:22:05,5,train
https://storage.googleapis.com/public-datasets-lila/nacti-unzipped/part1/sub162/FL-09_01_21_2016_FL-09_0040870.jpg,NACTI : FL-09_01_21_2016_FL-09_0040870.jpg,NACTI : unknown,NACTI : archbold_FL-09,-1,deer,,5,train
https://storage.googleapis.com/public-datasets-lila/nacti-unzipped/part1/sub176/FL-12_07_28_2015_FL-12_0008092.jpg,NACTI : FL-12_07_28_2015_FL-12_0008092.jpg,NACTI : unknown,NACTI : archbold_FL-12,-1,deer,,5,train
https://storage.googleapis.com/public-datasets-lila/caltech-unzipped/cct_images/59d419f7-23d2-11e8-a6a3-ec086b02610b.jpg,Caltech Camera Traps : 59d419f7-23d2-11e8-a6a3-ec086b02610b,Caltech Camera Traps : 7016eb14-5567-11e8-854d-dca9047ef277,Caltech Camera Traps : 6,3,deer,08-31-2013 01:54:43,5,train
https://storage.googleapis.com/public-datasets-lila/nacti-unzipped/part1/sub178/FL-12_11_02_2015_FL-12_0016978.jpg,NACTI : FL-12_11_02_2015_FL-12_0016978.jpg,NACTI : unknown,NACTI : archbold_FL-12,-1,deer,,5,train
https://storage.googleapis.com/public-datasets-lila/idaho-camera-traps/public/loc_0105/loc_0105_im_001342.jpg,Idaho Camera Traps : loc_0105_im_001342,Idaho Camera Traps : loc_0105_seq_000170,Idaho Camera Traps : 105,4,deer,04-26-2016 07:02:46,5,train
https://storage.googleapis.com/public-datasets-lila/nacti-unzipped/part1/sub189/FL-15_10_01_2015_FL-15_0008742.jpg,NACTI : FL-15_10_01_2015_FL-15_0008742.jpg,NACTI : unknown,NACTI : archbold_FL-15,-1,deer,,5,train
https://storage.googleapis.com/public-datasets-lila/idaho-camera-traps/public/loc_0204/loc_0204_im_001484.jpg,Idaho Camera Traps : loc_0204_im_001484,Idaho Camera Traps : loc_0204_seq_000218,Idaho Camera Traps : 204,21,deer,04-19-2016 06:19:18,5,train
https://storage.googleapis.com/public-datasets-lila/idaho-camera-traps/public/loc_0129/loc_0129_im_001134.jpg,Idaho Camera Traps : loc_0129_im_001134,Idaho Camera Traps : loc_0129_seq_000143,Idaho Camera Traps : 129,1,deer,06-15-2016 05:48:53,5,train
https://storage.googleapis.com/public-datasets-lila/idaho-camera-traps/public/loc_0092/loc_0092_im_002099.jpg,Idaho Camera Traps : loc_0092_im_002099,Idaho Camera Traps : loc_0092_seq_000325,Idaho Camera Traps : 92,2,deer,11-21-2015 08:59:10,5,train
https://storage.googleapis.com/public-datasets-lila/idaho-camera-traps/public/loc_0169/loc_0169_im_001307.jpg,Idaho Camera Traps : loc_0169_im_001307,Idaho Camera Traps : loc_0169_seq_000252,Idaho Camera Traps : 169,5,deer,09-15-2016 04:18:25,5,test
https://storage.googleapis.com/public-datasets-lila/idaho-camera-traps/public/loc_0081/loc_0081_im_000225.jpg,Idaho Camera Traps : loc_0081_im_000225,Idaho Camera Traps : loc_0081_seq_000025,Idaho Camera Traps : 81,4,deer,05-30-2015 15:57:11,5,train
https://storage.googleapis.com/public-datasets-lila/nacti-unzipped/part2/sub259/FL-30_06_03_2015_FL-30_0009245.jpg,NACTI : FL-30_06_03_2015_FL-30_0009245.jpg,NACTI : unknown,NACTI : archbold_FL-30,-1,deer,,5,train
https://storage.googleapis.com/public-datasets-lila/nacti-unzipped/part1/sub137/FL-06_06_29_2015_FL-06_0002909.jpg,NACTI : FL-06_06_29_2015_FL-06_0002909.jpg,NACTI : unknown,NACTI : archbold_FL-06,-1,deer,,5,val
https://storage.googleapis.com/public-datasets-lila/nacti-unzipped/part1/sub196/FL-16_06_02_2016_FL-16_0134927.JPG,NACTI : FL-16_06_02_2016_FL-16_0134927.JPG,NACTI : unknown,NACTI : archbold_FL-16,-1,deer,,5,train
https://storage.googleapis.com/public-datasets-lila/nz-trailcams/DW2/deer/5F2DE7A0-94B1-4529-9425-6EB304D06F86.JPG,Trail Camera Images of New Zealand Animals : DW2/deer/5F2DE7A0-94B1-4529-9425-6EB304D06F86.JPG,Trail Camera Images of New Zealand Animals : unknown,Trail Camera Images of New Zealand Animals : DW2_BCAMWT005_2023_1,-1,deer,12-25-2022 07:13:26,5,train
https://storage.googleapis.com/public-datasets-lila/caltech-unzipped/cct_images/5a049536-23d2-11e8-a6a3-ec086b02610b.jpg,Caltech Camera Traps : 5a049536-23d2-11e8-a6a3-ec086b02610b,Caltech Camera Traps : 7012da4c-5567-11e8-a2c7-dca9047ef277,Caltech Camera Traps : 27,1,deer,04-09-2015 22:44:03,5,train
https://storage.googleapis.com/public-datasets-lila/idaho-camera-traps/public/loc_0077/loc_0077_im_002004.jpg,Idaho Camera Traps : loc_0077_im_002004,Idaho Camera Traps : loc_0077_seq_000202,Idaho Camera Traps : 77,9,deer,09-01-2015 07:46:05,5,train
https://storage.googleapis.com/public-datasets-lila/nz-trailcams/LCC/deer/2c266838-f966-42ab-a421-cc8aa9e1dfad.JPG,Trail Camera Images of New Zealand Animals : LCC/deer/2c266838-f966-42ab-a421-cc8aa9e1dfad.JPG,Trail Camera Images of New Zealand Animals : unknown,Trail Camera Images of New Zealand Animals : LCC_R110,-1,deer,03-28-2018 01:24:19,5,train
https://storage.googleapis.com/public-datasets-lila/caltech-unzipped/cct_images/5a2e1320-23d2-11e8-a6a3-ec086b02610b.jpg,Caltech Camera Traps : 5a2e1320-23d2-11e8-a6a3-ec086b02610b,Caltech Camera Traps : 70126b33-5567-11e8-a7c5-dca9047ef277,Caltech Camera Traps : 27,2,deer,03-25-2015 01:23:09,5,train
https://storage.googleapis.com/public-datasets-lila/nacti-unzipped/part2/sub216/FL-20_09_03_2015_FL-20_0023759.jpg,NACTI : FL-20_09_03_2015_FL-20_0023759.jpg,NACTI : unknown,NACTI : archbold_FL-20,-1,deer,,5,train
https://storage.googleapis.com/public-datasets-lila/idaho-camera-traps/public/loc_0177/loc_0177_im_000261.jpg,Idaho Camera Traps : loc_0177_im_000261,Idaho Camera Traps : loc_0177_seq_000028,Idaho Camera Traps : 177,4,deer,06-04-2016 06:31:12,5,train
https://storage.googleapis.com/public-datasets-lila/nacti-unzipped/part2/sub254/FL-29_06_03_2016_FL-29_0066103.JPG,NACTI : FL-29_06_03_2016_FL-29_0066103.JPG,NACTI : unknown,NACTI : archbold_FL-29,-1,deer,,5,train
https://storage.googleapis.com/public-datasets-lila/idaho-camera-traps/public/loc_0129/loc_0129_im_002785.jpg,Idaho Camera Traps : loc_0129_im_002785,Idaho Camera Traps : loc_0129_seq_000374,Idaho Camera Traps : 129,7,deer,08-12-2016 21:21:12,5,train
https://storage.googleapis.com/public-datasets-lila/nz-trailcams/PS3/deer/bb972cce-8b31-464c-8ac5-3cdb20443a4f.JPG,Trail Camera Images of New Zealand Animals : PS3/deer/bb972cce-8b31-464c-8ac5-3cdb20443a4f.JPG,Trail Camera Images of New Zealand Animals : unknown,Trail Camera Images of New Zealand Animals : PS3_CAMGC43,-1,deer,02-27-2023 05:40:35,5,train
https://storage.googleapis.com/public-datasets-lila/idaho-camera-traps/public/loc_0114/loc_0114_im_001510.jpg,Idaho Camera Traps : loc_0114_im_001510,Idaho Camera Traps : loc_0114_seq_000177,Idaho Camera Traps : 114,4,deer,12-01-2015 15:57:31,5,test
https://storage.googleapis.com/public-datasets-lila/nacti-unzipped/part1/sub198/FL-16_09_02_2016_FL-16_0141489.JPG,NACTI : FL-16_09_02_2016_FL-16_0141489.JPG,NACTI : unknown,NACTI : archbold_FL-16,-1,deer,,5,train
https://storage.googleapis.com/public-datasets-lila/idaho-camera-traps/public/loc_0110/loc_0110_im_002219.jpg,Idaho Camera Traps : loc_0110_im_002219,Idaho Camera Traps : loc_0110_seq_000253,Idaho Camera Traps : 110,1,deer,12-25-2015 07:50:27,5,train
https://storage.googleapis.com/public-datasets-lila/idaho-camera-traps/public/loc_0015/loc_0015_im_011644.jpg,Idaho Camera Traps : loc_0015_im_011644,Idaho Camera Traps : loc_0015_seq_010698,Idaho Camera Traps : 15,1,deer,03-17-2016 12:47:52,5,train
https://storage.googleapis.com/public-datasets-lila/nz-trailcams/LCC/deer/b138b09c-613d-4514-9721-752168823d24.JPG,Trail Camera Images of New Zealand Animals : LCC/deer/b138b09c-613d-4514-9721-752168823d24.JPG,Trail Camera Images of New Zealand Animals : unknown,Trail Camera Images of New Zealand Animals : LCC_R113,-1,deer,03-30-2018 21:08:06,5,train
https://storage.googleapis.com/public-datasets-lila/idaho-camera-traps/public/loc_0203/loc_0203_im_001172.jpg,Idaho Camera Traps : loc_0203_im_001172,Idaho Camera Traps : loc_0203_seq_000228,Idaho Camera Traps : 203,3,deer,04-05-2016 08:34:51,5,train
https://storage.googleapis.com/public-datasets-lila/idaho-camera-traps/public/loc_0188/loc_0188_im_000186.jpg,Idaho Camera Traps : loc_0188_im_000186,Idaho Camera Traps : loc_0188_seq_000042,Idaho Camera Traps : 188,0,deer,06-10-2016 04:55:48,5,test
https://storage.googleapis.com/public-datasets-lila/idaho-camera-traps/public/loc_0080/loc_0080_im_004396.jpg,Idaho Camera Traps : loc_0080_im_004396,Idaho Camera Traps : loc_0080_seq_000511,Idaho Camera Traps : 80,3,deer,05-21-2016 15:13:31,5,train
https://storage.googleapis.com/public-datasets-lila/idaho-camera-traps/public/loc_0129/loc_0129_im_001901.jpg,Idaho Camera Traps : loc_0129_im_001901,Idaho Camera Traps : loc_0129_seq_000245,Idaho Camera Traps : 129,9,deer,07-15-2016 20:26:41,5,train
https://storage.googleapis.com/public-datasets-lila/idaho-camera-traps/public/loc_0199/loc_0199_im_006054.jpg,Idaho Camera Traps : loc_0199_im_006054,Idaho Camera Traps : loc_0199_seq_000480,Idaho Camera Traps : 199,7,deer,04-02-2016 08:18:39,5,train
https://storage.googleapis.com/public-datasets-lila/idaho-camera-traps/public/loc_0028/loc_0028_im_004022.jpg,Idaho Camera Traps : loc_0028_im_004022,Idaho Camera Traps : loc_0028_seq_003864,Idaho Camera Traps : 28,0,deer,02-03-2016 10:40:00,5,val
https://storage.googleapis.com/public-datasets-lila/nacti-unzipped/part1/sub175/FL-12_07_05_2016_FL-12_0055279.JPG,NACTI : FL-12_07_05_2016_FL-12_0055279.JPG,NACTI : unknown,NACTI : archbold_FL-12,-1,deer,,5,train
https://storage.googleapis.com/public-datasets-lila/idaho-camera-traps/public/loc_0199/loc_0199_im_004402.jpg,Idaho Camera Traps : loc_0199_im_004402,Idaho Camera Traps : loc_0199_seq_000306,Idaho Camera Traps : 199,3,deer,03-04-2016 13:18:35,5,train
https://storage.googleapis.com/public-datasets-lila/idaho-camera-traps/public/loc_0135/loc_0135_im_000149.jpg,Idaho Camera Traps : loc_0135_im_000149,Idaho Camera Traps : loc_0135_seq_000022,Idaho Camera Traps : 135,8,deer,06-07-2016 03:48:26,5,test
https://storage.googleapis.com/public-datasets-lila/idaho-camera-traps/public/loc_0190/loc_0190_im_000155.jpg,Idaho Camera Traps : loc_0190_im_000155,Idaho Camera Traps : loc_0190_seq_000048,Idaho Camera Traps : 190,6,deer,06-21-2016 06:10:52,5,val
https://storage.googleapis.com/public-datasets-lila/idaho-camera-traps/public/loc_0233/loc_0233_im_000430.jpg,Idaho Camera Traps : loc_0233_im_000430,Idaho Camera Traps : loc_0233_seq_000095,Idaho Camera Traps : 233,5,deer,02-22-2016 00:34:15,5,train
https://storage.googleapis.com/public-datasets-lila/idaho-camera-traps/public/loc_0225/loc_0225_im_001642.jpg,Idaho Camera Traps : loc_0225_im_001642,Idaho Camera Traps : loc_0225_seq_000217,Idaho Camera Traps : 225,3,deer,01-05-2016 20:58:24,5,train
https://storage.googleapis.com/public-datasets-lila/idaho-camera-traps/public/loc_0170/loc_0170_im_004712.jpg,Idaho Camera Traps : loc_0170_im_004712,Idaho Camera Traps : loc_0170_seq_000822,Idaho Camera Traps : 170,4,deer,09-17-2016 12:59:53,5,train
https://storage.googleapis.com/public-datasets-lila/idaho-camera-traps/public/loc_0239/loc_0239_im_000554.jpg,Idaho Camera Traps : loc_0239_im_000554,Idaho Camera Traps : loc_0239_seq_000082,Idaho Camera Traps : 239,4,deer,01-27-2016 05:28:24,5,test
https://storage.googleapis.com/public-datasets-lila/nz-trailcams/PS1/deer/c71c8487-7a0f-421c-a728-44a525544708.JPG,Trail Camera Images of New Zealand Animals : PS1/deer/c71c8487-7a0f-421c-a728-44a525544708.JPG,Trail Camera Images of New Zealand Animals : unknown,Trail Camera Images of New Zealand Animals : PS1_CAM6213,-1,deer,06-03-2022 16:48:29,5,train
https://storage.googleapis.com/public-datasets-lila/idaho-camera-traps/public/loc_0101/loc_0101_im_000733.jpg,Idaho Camera Traps : loc_0101_im_000733,Idaho Camera Traps : loc_0101_seq_000110,Idaho Camera Traps : 101,1,deer,07-24-2015 09:28:17,5,train
https://storage.googleapis.com/public-datasets-lila/idaho-camera-traps/public/loc_0110/loc_0110_im_002058.jpg,Idaho Camera Traps : loc_0110_im_002058,Idaho Camera Traps : loc_0110_seq_000233,Idaho Camera Traps : 110,2,deer,11-22-2015 22:52:16,5,train
https://storage.googleapis.com/public-datasets-lila/idaho-camera-traps/public/loc_0136/loc_0136_im_000331.jpg,Idaho Camera Traps : loc_0136_im_000331,Idaho Camera Traps : loc_0136_seq_000061,Idaho Camera Traps : 136,3,deer,06-23-2016 18:39:03,5,val
https://storage.googleapis.com/public-datasets-lila/nacti-unzipped/part2/sub249/FL-28_07_28_2015_FL-28_0021495.jpg,NACTI : FL-28_07_28_2015_FL-28_0021495.jpg,NACTI : unknown,NACTI : archbold_FL-28,-1,deer,,5,val
https://storage.googleapis.com/public-datasets-lila/nacti-unzipped/part2/sub210/FL-19_06_02_2016_FL-19_0053052.JPG,NACTI : FL-19_06_02_2016_FL-19_0053052.JPG,NACTI : unknown,NACTI : archbold_FL-19,-1,deer,,5,train
https://storage.googleapis.com/public-datasets-lila/nacti-unzipped/part1/sub134/FL-05_07_28_2015_FL-05_0021553.jpg,NACTI : FL-05_07_28_2015_FL-05_0021553.jpg,NACTI : unknown,NACTI : archbold_FL-05,-1,deer,,5,train
https://storage.googleapis.com/public-datasets-lila/nacti-unzipped/part0/sub095/CA-38_09_06_2016_CA-38_0038542.JPG,NACTI : CA-38_09_06_2016_CA-38_0038542.JPG,NACTI : unknown,NACTI : lebec_CA-38,-1,deer,,5,train
https://storage.googleapis.com/public-datasets-lila/nz-trailcams/MIS/deer/d9a9dba7-0351-4809-9b4f-c08d449aa760.JPG,Trail Camera Images of New Zealand Animals : MIS/deer/d9a9dba7-0351-4809-9b4f-c08d449aa760.JPG,Trail Camera Images of New Zealand Animals : unknown,Trail Camera Images of New Zealand Animals : MIS_HV0505,-1,deer,,5,test
https://storage.googleapis.com/public-datasets-lila/idaho-camera-traps/public/loc_0201/loc_0201_im_001465.jpg,Idaho Camera Traps : loc_0201_im_001465,Idaho Camera Traps : loc_0201_seq_000211,Idaho Camera Traps : 201,23,deer,04-08-2016 11:13:00,5,val
https://storage.googleapis.com/public-datasets-lila/idaho-camera-traps/public/loc_0124/loc_0124_im_000143.jpg,Idaho Camera Traps : loc_0124_im_000143,Idaho Camera Traps : loc_0124_seq_000009,Idaho Camera Traps : 124,8,deer,06-06-2015 08:52:47,5,test
https://storage.googleapis.com/public-datasets-lila/idaho-camera-traps/public/loc_0131/loc_0131_im_000100.jpg,Idaho Camera Traps : loc_0131_im_000100,Idaho Camera Traps : loc_0131_seq_000025,Idaho Camera Traps : 131,0,deer,06-02-2016 17:05:45,5,train
https://storage.googleapis.com/public-datasets-lila/idaho-camera-traps/public/loc_0167/loc_0167_im_000525.jpg,Idaho Camera Traps : loc_0167_im_000525,Idaho Camera Traps : loc_0167_seq_000100,Idaho Camera Traps : 167,24,deer,07-04-2016 08:43:08,5,train
https://storage.googleapis.com/public-datasets-lila/nacti-unzipped/part1/sub187/FL-14_07_06_2016_FL-14_0027716.JPG,NACTI : FL-14_07_06_2016_FL-14_0027716.JPG,NACTI : unknown,NACTI : archbold_FL-14,-1,deer,,5,train
https://storage.googleapis.com/public-datasets-lila/idaho-camera-traps/public/loc_0199/loc_0199_im_004261.jpg,Idaho Camera Traps : loc_0199_im_004261,Idaho Camera Traps : loc_0199_seq_000293,Idaho Camera Traps : 199,19,deer,03-03-2016 09:20:15,5,train
https://storage.googleapis.com/public-datasets-lila/nacti-unzipped/part1/sub109/CA-47_05_03_2016_CA-47_0002675.JPG,NACTI : CA-47_05_03_2016_CA-47_0002675.JPG,NACTI : unknown,NACTI : lebec_CA-47,-1,deer,,5,train
https://storage.googleapis.com/public-datasets-lila/nacti-unzipped/part1/sub134/FL-05_07_28_2015_FL-05_0022437.jpg,NACTI : FL-05_07_28_2015_FL-05_0022437.jpg,NACTI : unknown,NACTI : archbold_FL-05,-1,deer,,5,train
https://storage.googleapis.com/public-datasets-lila/idaho-camera-traps/public/loc_0100/loc_0100_im_007798.jpg,Idaho Camera Traps : loc_0100_im_007798,Idaho Camera Traps : loc_0100_seq_000749,Idaho Camera Traps : 100,10,deer,05-05-2016 05:43:08,5,train
https://storage.googleapis.com/public-datasets-lila/caltech-unzipped/cct_images/59341ad3-23d2-11e8-a6a3-ec086b02610b.jpg,Caltech Camera Traps : 59341ad3-23d2-11e8-a6a3-ec086b02610b,Caltech Camera Traps : 7010a50f-5567-11e8-a55c-dca9047ef277,Caltech Camera Traps : 102,2,deer,04-23-2014 15:36:52,5,train
https://storage.googleapis.com/public-datasets-lila/nacti-unzipped/part1/sub154/FL-07_07_28_2015_FL-07_0099380.jpg,NACTI : FL-07_07_28_2015_FL-07_0099380.jpg,NACTI : unknown,NACTI : archbold_FL-07,-1,deer,,5,train
https://storage.googleapis.com/public-datasets-lila/nacti-unzipped/part2/sub271/FL-34_11_03_2015_FL-34_0000213.jpg,NACTI : FL-34_11_03_2015_FL-34_0000213.jpg,NACTI : unknown,NACTI : archbold_FL-34,-1,deer,,5,train
https://storage.googleapis.com/public-datasets-lila/idaho-camera-traps/public/loc_0134/loc_0134_im_000850.jpg,Idaho Camera Traps : loc_0134_im_000850,Idaho Camera Traps : loc_0134_seq_000123,Idaho Camera Traps : 134,5,deer,07-15-2016 08:44:29,5,train
https://storage.googleapis.com/public-datasets-lila/nacti-unzipped/part1/sub134/FL-05_07_28_2015_FL-05_0022138.jpg,NACTI : FL-05_07_28_2015_FL-05_0022138.jpg,NACTI : unknown,NACTI : archbold_FL-05,-1,deer,,5,train
https://storage.googleapis.com/public-datasets-lila/idaho-camera-traps/public/loc_0174/loc_0174_im_000488.jpg,Idaho Camera Traps : loc_0174_im_000488,Idaho Camera Traps : loc_0174_seq_000081,Idaho Camera Traps : 174,13,deer,08-02-2016 07:24:16,5,train
https://storage.googleapis.com/public-datasets-lila/idaho-camera-traps/public/loc_0118/loc_0118_im_000399.jpg,Idaho Camera Traps : loc_0118_im_000399,Idaho Camera Traps : loc_0118_seq_000050,Idaho Camera Traps : 118,3,deer,07-05-2015 23:02:26,5,train
https://storage.googleapis.com/public-datasets-lila/idaho-camera-traps/public/loc_0128/loc_0128_im_000302.jpg,Idaho Camera Traps : loc_0128_im_000302,Idaho Camera Traps : loc_0128_seq_000052,Idaho Camera Traps : 128,16,deer,06-20-2016 05:08:06,5,train
https://storage.googleapis.com/public-datasets-lila/nz-trailcams/LCC/deer/b56b4087-014d-4086-96bb-6021c756ca48.JPG,Trail Camera Images of New Zealand Animals : LCC/deer/b56b4087-014d-4086-96bb-6021c756ca48.JPG,Trail Camera Images of New Zealand Animals : unknown,Trail Camera Images of New Zealand Animals : LCC_R113,-1,deer,03-28-2018 08:15:00,5,train
https://storage.googleapis.com/public-datasets-lila/idaho-camera-traps/public/loc_0179/loc_0179_im_000319.jpg,Idaho Camera Traps : loc_0179_im_000319,Idaho Camera Traps : loc_0179_seq_000060,Idaho Camera Traps : 179,7,deer,06-24-2016 13:03:11,5,val
https://storage.googleapis.com/public-datasets-lila/nacti-unzipped/part0/sub063/CA-22_11_02_2015_CA-22_0012744.jpg,NACTI : CA-22_11_02_2015_CA-22_0012744.jpg,NACTI : unknown,NACTI : lebec_CA-22,-1,deer,,5,train
https://storage.googleapis.com/public-datasets-lila/idaho-camera-traps/public/loc_0103/loc_0103_im_000499.jpg,Idaho Camera Traps : loc_0103_im_000499,Idaho Camera Traps : loc_0103_seq_000047,Idaho Camera Traps : 103,10,deer,05-23-2015 07:18:31,5,train
https://storage.googleapis.com/public-datasets-lila/idaho-camera-traps/public/loc_0077/loc_0077_im_003616.jpg,Idaho Camera Traps : loc_0077_im_003616,Idaho Camera Traps : loc_0077_seq_000430,Idaho Camera Traps : 77,1,deer,12-03-2015 03:59:14,5,train
https://storage.googleapis.com/public-datasets-lila/idaho-camera-traps/public/loc_0216/loc_0216_im_001015.jpg,Idaho Camera Traps : loc_0216_im_001015,Idaho Camera Traps : loc_0216_seq_000201,Idaho Camera Traps : 216,7,deer,04-13-2016 14:17:22,5,train
https://storage.googleapis.com/public-datasets-lila/nacti-unzipped/part1/sub177/FL-12_09_30_2015_FL-12_0014054.jpg,NACTI : FL-12_09_30_2015_FL-12_0014054.jpg,NACTI : unknown,NACTI : archbold_FL-12,-1,deer,,5,train
https://storage.googleapis.com/public-datasets-lila/nacti-unzipped/part0/sub089/CA-35_08_08_2016_CA-35_0006451.JPG,NACTI : CA-35_08_08_2016_CA-35_0006451.JPG,NACTI : unknown,NACTI : lebec_CA-35,-1,deer,,5,train
https://storage.googleapis.com/public-datasets-lila/nacti-unzipped/part1/sub189/FL-16_03_07_2016_FL-16_0106654.JPG,NACTI : FL-16_03_07_2016_FL-16_0106654.JPG,NACTI : unknown,NACTI : archbold_FL-16,-1,deer,,5,train
https://storage.googleapis.com/public-datasets-lila/idaho-camera-traps/public/loc_0004/loc_0004_im_005676.jpg,Idaho Camera Traps : loc_0004_im_005676,Idaho Camera Traps : loc_0004_seq_005000,Idaho Camera Traps : 4,3,deer,02-11-2016 09:42:31,5,train
https://storage.googleapis.com/public-datasets-lila/idaho-camera-traps/public/loc_0221/loc_0221_im_000496.jpg,Idaho Camera Traps : loc_0221_im_000496,Idaho Camera Traps : loc_0221_seq_000120,Idaho Camera Traps : 221,0,deer,03-13-2016 14:58:59,5,train
https://storage.googleapis.com/public-datasets-lila/nz-trailcams/LCC/deer/4f6230a3-278b-4dab-b3d8-832d04dbe20e.JPG,Trail Camera Images of New Zealand Animals : LCC/deer/4f6230a3-278b-4dab-b3d8-832d04dbe20e.JPG,Trail Camera Images of New Zealand Animals : unknown,Trail Camera Images of New Zealand Animals : LCC_R14,-1,deer,05-25-2018 02:38:22,5,val
https://storage.googleapis.com/public-datasets-lila/nacti-unzipped/part1/sub177/FL-12_09_01_2016_FL-12_0073985.JPG,NACTI : FL-12_09_01_2016_FL-12_0073985.JPG,NACTI : unknown,NACTI : archbold_FL-12,-1,deer,,5,train
https://storage.googleapis.com/public-datasets-lila/nz-trailcams/LCC/deer/6505ab59-12cd-4dc4-b320-b1f33ff6c8c6.JPG,Trail Camera Images of New Zealand Animals : LCC/deer/6505ab59-12cd-4dc4-b320-b1f33ff6c8c6.JPG,Trail Camera Images of New Zealand Animals : unknown,Trail Camera Images of New Zealand Animals : LCC_R51,-1,deer,04-25-2018 22:08:20,5,train
https://storage.googleapis.com/public-datasets-lila/nacti-unzipped/part2/sub259/FL-30_06_03_2015_FL-30_0008838.jpg,NACTI : FL-30_06_03_2015_FL-30_0008838.jpg,NACTI : unknown,NACTI : archbold_FL-30,-1,deer,,5,train
https://storage.googleapis.com/public-datasets-lila/idaho-camera-traps/public/loc_0229/loc_0229_im_000155.jpg,Idaho Camera Traps : loc_0229_im_000155,Idaho Camera Traps : loc_0229_seq_000043,Idaho Camera Traps : 229,3,deer,01-20-2016 14:55:23,5,train
https://storage.googleapis.com/public-datasets-lila/nacti-unzipped/part0/sub058/CA-18_09_18_2015_CA-18_0018920.jpg,NACTI : CA-18_09_18_2015_CA-18_0018920.jpg,NACTI : unknown,NACTI : lebec_CA-18,-1,deer,,5,train
https://storage.googleapis.com/public-datasets-lila/idaho-camera-traps/public/loc_0079/loc_0079_im_003343.jpg,Idaho Camera Traps : loc_0079_im_003343,Idaho Camera Traps : loc_0079_seq_000394,Idaho Camera Traps : 79,2,deer,09-10-2015 15:16:31,5,train
https://storage.googleapis.com/public-datasets-lila/idaho-camera-traps/public/loc_0085/loc_0085_im_001956.jpg,Idaho Camera Traps : loc_0085_im_001956,Idaho Camera Traps : loc_0085_seq_000223,Idaho Camera Traps : 85,0,deer,11-24-2015 13:59:14,5,train
https://storage.googleapis.com/public-datasets-lila/idaho-camera-traps/public/loc_0094/loc_0094_im_002205.jpg,Idaho Camera Traps : loc_0094_im_002205,Idaho Camera Traps : loc_0094_seq_000314,Idaho Camera Traps : 94,14,deer,04-08-2016 18:47:48,5,train
https://storage.googleapis.com/public-datasets-lila/nacti-unzipped/part2/sub217/FL-21_06_30_2015_FL-21_0004370.jpg,NACTI : FL-21_06_30_2015_FL-21_0004370.jpg,NACTI : unknown,NACTI : archbold_FL-21,-1,deer,,5,train
https://storage.googleapis.com/public-datasets-lila/nacti-unzipped/part1/sub178/FL-12_12_08_2015_FL-12_0019845.jpg,NACTI : FL-12_12_08_2015_FL-12_0019845.jpg,NACTI : unknown,NACTI : archbold_FL-12,-1,deer,,5,train
https://storage.googleapis.com/public-datasets-lila/idaho-camera-traps/public/loc_0169/loc_0169_im_001138.jpg,Idaho Camera Traps : loc_0169_im_001138,Idaho Camera Traps : loc_0169_seq_000236,Idaho Camera Traps : 169,8,deer,09-14-2016 23:47:44,5,test
https://storage.googleapis.com/public-datasets-lila/idaho-camera-traps/public/loc_0100/loc_0100_im_006692.jpg,Idaho Camera Traps : loc_0100_im_006692,Idaho Camera Traps : loc_0100_seq_000590,Idaho Camera Traps : 100,8,deer,10-17-2015 01:40:36,5,train
https://storage.googleapis.com/public-datasets-lila/idaho-camera-traps/public/loc_0113/loc_0113_im_001752.jpg,Idaho Camera Traps : loc_0113_im_001752,Idaho Camera Traps : loc_0113_seq_000205,Idaho Camera Traps : 113,1,deer,04-29-2016 12:36:52,5,val
https://storage.googleapis.com/public-datasets-lila/idaho-camera-traps/public/loc_0231/loc_0231_im_006231.jpg,Idaho Camera Traps : loc_0231_im_006231,Idaho Camera Traps : loc_0231_seq_000535,Idaho Camera Traps : 231,4,deer,04-19-2016 05:49:05,5,val
https://storage.googleapis.com/public-datasets-lila/idaho-camera-traps/public/loc_0257/loc_0257_im_003685.jpg,Idaho Camera Traps : loc_0257_im_003685,Idaho Camera Traps : loc_0257_seq_000384,Idaho Camera Traps : 257,3,deer,02-18-2016 11:40:40,5,train
https://storage.googleapis.com/public-datasets-lila/idaho-camera-traps/public/loc_0138/loc_0138_im_000491.jpg,Idaho Camera Traps : loc_0138_im_000491,Idaho Camera Traps : loc_0138_seq_000085,Idaho Camera Traps : 138,31,deer,06-18-2016 10:18:23,5,val
https://storage.googleapis.com/public-datasets-lila/idaho-camera-traps/public/loc_0225/loc_0225_im_000876.jpg,Idaho Camera Traps : loc_0225_im_000876,Idaho Camera Traps : loc_0225_seq_000113,Idaho Camera Traps : 225,1,deer,12-27-2015 22:26:52,5,train
https://storage.googleapis.com/public-datasets-lila/idaho-camera-traps/public/loc_0051/loc_0051_im_014429.jpg,Idaho Camera Traps : loc_0051_im_014429,Idaho Camera Traps : loc_0051_seq_011823,Idaho Camera Traps : 51,8,deer,03-25-2016 08:34:12,5,train
https://storage.googleapis.com/public-datasets-lila/nz-trailcams/LCC/deer/c6d0dcb2-2c6e-4364-9eab-58c40c615e0c.JPG,Trail Camera Images of New Zealand Animals : LCC/deer/c6d0dcb2-2c6e-4364-9eab-58c40c615e0c.JPG,Trail Camera Images of New Zealand Animals : unknown,Trail Camera Images of New Zealand Animals : LCC_R137,-1,deer,07-26-2018 20:34:17,5,train
https://storage.googleapis.com/public-datasets-lila/idaho-camera-traps/public/loc_0122/loc_0122_im_004707.jpg,Idaho Camera Traps : loc_0122_im_004707,Idaho Camera Traps : loc_0122_seq_000599,Idaho Camera Traps : 122,3,deer,04-22-2016 05:26:47,5,val
https://storage.googleapis.com/public-datasets-lila/nacti-unzipped/part2/sub245/FL-27_09_03_2015_FL-27_0033652.jpg,NACTI : FL-27_09_03_2015_FL-27_0033652.jpg,NACTI : unknown,NACTI : archbold_FL-27,-1,deer,,5,train
https://storage.googleapis.com/public-datasets-lila/idaho-camera-traps/public/loc_0089/loc_0089_im_005427.jpg,Idaho Camera Traps : loc_0089_im_005427,Idaho Camera Traps : loc_0089_seq_000715,Idaho Camera Traps : 89,2,deer,05-13-2016 19:13:17,5,train
https://storage.googleapis.com/public-datasets-lila/idaho-camera-traps/public/loc_0080/loc_0080_im_004055.jpg,Idaho Camera Traps : loc_0080_im_004055,Idaho Camera Traps : loc_0080_seq_000472,Idaho Camera Traps : 80,7,deer,05-17-2016 01:10:54,5,train
https://storage.googleapis.com/public-datasets-lila/nacti-unzipped/part2/sub258/FL-30_01_21_2016_FL-30_0044922.jpg,NACTI : FL-30_01_21_2016_FL-30_0044922.jpg,NACTI : unknown,NACTI : archbold_FL-30,-1,deer,,5,train
https://storage.googleapis.com/public-datasets-lila/wellington-unzipped/images/230316150102024as071.JPG,Wellington Camera Traps : 230316150102024as071,Wellington Camera Traps : 5365,Wellington Camera Traps : 024a,0,deer,03-23-2016 15:01:00,5,train
https://storage.googleapis.com/public-datasets-lila/idaho-camera-traps/public/loc_0003/loc_0003_im_007093.jpg,Idaho Camera Traps : loc_0003_im_007093,Idaho Camera Traps : loc_0003_seq_005090,Idaho Camera Traps : 3,0,deer,02-11-2016 10:49:40,5,val
https://storage.googleapis.com/public-datasets-lila/idaho-camera-traps/public/loc_0016/loc_0016_im_007537.jpg,Idaho Camera Traps : loc_0016_im_007537,Idaho Camera Traps : loc_0016_seq_006148,Idaho Camera Traps : 16,1,deer,02-15-2016 14:46:45,5,test
https://storage.googleapis.com/public-datasets-lila/nacti-unzipped/part0/sub066/CA-24_08_01_2016_CA-24_0020848.JPG,NACTI : CA-24_08_01_2016_CA-24_0020848.JPG,NACTI : unknown,NACTI : lebec_CA-24,-1,deer,,5,train
https://storage.googleapis.com/public-datasets-lila/idaho-camera-traps/public/loc_0080/loc_0080_im_004580.jpg,Idaho Camera Traps : loc_0080_im_004580,Idaho Camera Traps : loc_0080_seq_000533,Idaho Camera Traps : 80,7,deer,05-23-2016 01:12:28,5,train
https://storage.googleapis.com/public-datasets-lila/nacti-unzipped/part1/sub198/FL-16_11_02_2015_FL-16_0096731.jpg,NACTI : FL-16_11_02_2015_FL-16_0096731.jpg,NACTI : unknown,NACTI : archbold_FL-16,-1,deer,,5,train
https://storage.googleapis.com/public-datasets-lila/nacti-unzipped/part1/sub177/FL-12_09_30_2015_FL-12_0014854.jpg,NACTI : FL-12_09_30_2015_FL-12_0014854.jpg,NACTI : unknown,NACTI : archbold_FL-12,-1,deer,,5,train
https://storage.googleapis.com/public-datasets-lila/idaho-camera-traps/public/loc_0088/loc_0088_im_000198.jpg,Idaho Camera Traps : loc_0088_im_000198,Idaho Camera Traps : loc_0088_seq_000017,Idaho Camera Traps : 88,6,deer,06-05-2015 06:27:26,5,train
https://storage.googleapis.com/public-datasets-lila/idaho-camera-traps/public/loc_0226/loc_0226_im_000343.jpg,Idaho Camera Traps : loc_0226_im_000343,Idaho Camera Traps : loc_0226_seq_000120,Idaho Camera Traps : 226,5,deer,03-20-2016 14:50:33,5,test
https://storage.googleapis.com/public-datasets-lila/idaho-camera-traps/public/loc_0103/loc_0103_im_001723.jpg,Idaho Camera Traps : loc_0103_im_001723,Idaho Camera Traps : loc_0103_seq_000212,Idaho Camera Traps : 103,7,deer,07-26-2015 23:23:24,5,train
https://storage.googleapis.com/public-datasets-lila/idaho-camera-traps/public/loc_0003/loc_0003_im_005204.jpg,Idaho Camera Traps : loc_0003_im_005204,Idaho Camera Traps : loc_0003_seq_003805,Idaho Camera Traps : 3,14,deer,02-02-2016 13:34:09,5,val
https://storage.googleapis.com/public-datasets-lila/nz-trailcams/PS3/deer/e005eb4b-3b3e-42a4-a66c-d325f1b7ab3b.JPG,Trail Camera Images of New Zealand Animals : PS3/deer/e005eb4b-3b3e-42a4-a66c-d325f1b7ab3b.JPG,Trail Camera Images of New Zealand Animals : unknown,Trail Camera Images of New Zealand Animals : PS3_CAMCREK,-1,deer,04-24-2023 10:19:15,5,train
https://storage.googleapis.com/public-datasets-lila/nacti-unzipped/part1/sub199/FL-17_05_02_2016_FL-17_0070720.JPG,NACTI : FL-17_05_02_2016_FL-17_0070720.JPG,NACTI : unknown,NACTI : archbold_FL-17,-1,deer,,5,train
https://storage.googleapis.com/public-datasets-lila/nz-trailcams/PS3/deer/aa8a43f5-0949-4568-85f5-949edd743cbf.JPG,Trail Camera Images of New Zealand Animals : PS3/deer/aa8a43f5-0949-4568-85f5-949edd743cbf.JPG,Trail Camera Images of New Zealand Animals : unknown,Trail Camera Images of New Zealand Animals : PS3_CAM7501,-1,deer,04-18-2023 12:38:00,5,test
https://storage.googleapis.com/public-datasets-lila/nz-trailcams/LCC/deer/d413f7b6-a2ce-4e52-b641-b0fa945c4c84.JPG,Trail Camera Images of New Zealand Animals : LCC/deer/d413f7b6-a2ce-4e52-b641-b0fa945c4c84.JPG,Trail Camera Images of New Zealand Animals : unknown,Trail Camera Images of New Zealand Animals : LCC_R21,-1,deer,03-27-2018 00:18:01,5,train
https://storage.googleapis.com/public-datasets-lila/idaho-camera-traps/public/loc_0080/loc_0080_im_003904.jpg,Idaho Camera Traps : loc_0080_im_003904,Idaho Camera Traps : loc_0080_seq_000447,Idaho Camera Traps : 80,6,deer,05-14-2016 19:48:35,5,train
https://storage.googleapis.com/public-datasets-lila/nz-trailcams/PS3/deer/be3f1612-0185-4543-88e1-c06f7379c6f5.JPG,Trail Camera Images of New Zealand Animals : PS3/deer/be3f1612-0185-4543-88e1-c06f7379c6f5.JPG,Trail Camera Images of New Zealand Animals : unknown,Trail Camera Images of New Zealand Animals : PS3_CAM8008,-1,deer,02-11-2023 19:56:44,5,train
https://storage.googleapis.com/public-datasets-lila/nacti-unzipped/part1/sub186/FL-14_04_05_2016_FL-14_0019690.JPG,NACTI : FL-14_04_05_2016_FL-14_0019690.JPG,NACTI : unknown,NACTI : archbold_FL-14,-1,deer,,5,train
https://storage.googleapis.com/public-datasets-lila/nacti-unzipped/part1/sub177/FL-12_09_02_2015_FL-12_0010638.jpg,NACTI : FL-12_09_02_2015_FL-12_0010638.jpg,NACTI : unknown,NACTI : archbold_FL-12,-1,deer,,5,train
https://storage.googleapis.com/public-datasets-lila/idaho-camera-traps/public/loc_0044/loc_0044_im_000581.jpg,Idaho Camera Traps : loc_0044_im_000581,Idaho Camera Traps : loc_0044_seq_000533,Idaho Camera Traps : 44,4,deer,01-07-2016 08:41:36,5,val
https://storage.googleapis.com/public-datasets-lila/idaho-camera-traps/public/loc_0225/loc_0225_im_001574.jpg,Idaho Camera Traps : loc_0225_im_001574,Idaho Camera Traps : loc_0225_seq_000208,Idaho Camera Traps : 225,0,deer,01-05-2016 16:39:01,5,train
https://storage.googleapis.com/public-datasets-lila/nz-trailcams/PS3/deer/fbba220d-da3f-45ab-a83e-d0450401a3d5.JPG,Trail Camera Images of New Zealand Animals : PS3/deer/fbba220d-da3f-45ab-a83e-d0450401a3d5.JPG,Trail Camera Images of New Zealand Animals : unknown,Trail Camera Images of New Zealand Animals : PS3_CAM8206,-1,deer,02-11-2023 15:59:08,5,val
https://storage.googleapis.com/public-datasets-lila/idaho-camera-traps/public/loc_0143/loc_0143_im_000808.jpg,Idaho Camera Traps : loc_0143_im_000808,Idaho Camera Traps : loc_0143_seq_000187,Idaho Camera Traps : 143,0,deer,08-07-2016 23:11:10,5,train
https://storage.googleapis.com/public-datasets-lila/idaho-camera-traps/public/loc_0167/loc_0167_im_000695.jpg,Idaho Camera Traps : loc_0167_im_000695,Idaho Camera Traps : loc_0167_seq_000133,Idaho Camera Traps : 167,2,deer,07-19-2016 09:21:44,5,train
https://storage.googleapis.com/public-datasets-lila/idaho-camera-traps/public/loc_0193/loc_0193_im_000973.jpg,Idaho Camera Traps : loc_0193_im_000973,Idaho Camera Traps : loc_0193_seq_000140,Idaho Camera Traps : 193,21,deer,06-25-2016 03:22:42,5,val
https://storage.googleapis.com/public-datasets-lila/idaho-camera-traps/public/loc_0157/loc_0157_im_001134.jpg,Idaho Camera Traps : loc_0157_im_001134,Idaho Camera Traps : loc_0157_seq_000290,Idaho Camera Traps : 157,4,deer,10-08-2016 10:25:15,5,train
https://storage.googleapis.com/public-datasets-lila/nz-trailcams/PS3/deer/6629c7b1-97cf-4c2e-8b11-4c90b4726c32.JPG,Trail Camera Images of New Zealand Animals : PS3/deer/6629c7b1-97cf-4c2e-8b11-4c90b4726c32.JPG,Trail Camera Images of New Zealand Animals : unknown,Trail Camera Images of New Zealand Animals : PS3_CAM8008,-1,deer,03-24-2023 05:34:52,5,train
https://storage.googleapis.com/public-datasets-lila/idaho-camera-traps/public/loc_0185/loc_0185_im_002362.jpg,Idaho Camera Traps : loc_0185_im_002362,Idaho Camera Traps : loc_0185_seq_000408,Idaho Camera Traps : 185,9,deer,09-11-2016 06:51:04,5,train
https://storage.googleapis.com/public-datasets-lila/nacti-unzipped/part2/sub230/FL-22_10_01_2015_FL-22_0074668.jpg,NACTI : FL-22_10_01_2015_FL-22_0074668.jpg,NACTI : unknown,NACTI : archbold_FL-22,-1,deer,,5,train
https://storage.googleapis.com/public-datasets-lila/idaho-camera-traps/public/loc_0044/loc_0044_im_007152.jpg,Idaho Camera Traps : loc_0044_im_007152,Idaho Camera Traps : loc_0044_seq_005377,Idaho Camera Traps : 44,3,deer,02-09-2016 11:38:14,5,val
https://storage.googleapis.com/public-datasets-lila/idaho-camera-traps/public/loc_0132/loc_0132_im_001328.jpg,Idaho Camera Traps : loc_0132_im_001328,Idaho Camera Traps : loc_0132_seq_000200,Idaho Camera Traps : 132,4,deer,07-15-2016 07:35:37,5,val
https://storage.googleapis.com/public-datasets-lila/idaho-camera-traps/public/loc_0225/loc_0225_im_002021.jpg,Idaho Camera Traps : loc_0225_im_002021,Idaho Camera Traps : loc_0225_seq_000271,Idaho Camera Traps : 225,8,deer,01-14-2016 19:40:57,5,train
https://storage.googleapis.com/public-datasets-lila/nacti-unzipped/part1/sub172/FL-12_03_04_2016_FL-12_0025366.JPG,NACTI : FL-12_03_04_2016_FL-12_0025366.JPG,NACTI : unknown,NACTI : archbold_FL-12,-1,deer,,5,train
https://storage.googleapis.com/public-datasets-lila/idaho-camera-traps/public/loc_0097/loc_0097_im_002166.jpg,Idaho Camera Traps : loc_0097_im_002166,Idaho Camera Traps : loc_0097_seq_000263,Idaho Camera Traps : 97,15,deer,04-15-2016 11:46:48,5,train
https://storage.googleapis.com/public-datasets-lila/idaho-camera-traps/public/loc_0170/loc_0170_im_001263.jpg,Idaho Camera Traps : loc_0170_im_001263,Idaho Camera Traps : loc_0170_seq_000204,Idaho Camera Traps : 170,7,deer,06-22-2016 08:08:25,5,train
https://storage.googleapis.com/public-datasets-lila/nz-trailcams/LCC/deer/771a01f0-a8cf-4075-a12c-b27d2c9626ff.JPG,Trail Camera Images of New Zealand Animals : LCC/deer/771a01f0-a8cf-4075-a12c-b27d2c9626ff.JPG,Trail Camera Images of New Zealand Animals : unknown,Trail Camera Images of New Zealand Animals : LCC_R113,-1,deer,05-04-2018 19:42:44,5,train
https://storage.googleapis.com/public-datasets-lila/idaho-camera-traps/public/loc_0199/loc_0199_im_004237.jpg,Idaho Camera Traps : loc_0199_im_004237,Idaho Camera Traps : loc_0199_seq_000291,Idaho Camera Traps : 199,6,deer,03-02-2016 11:13:53,5,train
https://storage.googleapis.com/public-datasets-lila/idaho-camera-traps/public/loc_0080/loc_0080_im_002070.jpg,Idaho Camera Traps : loc_0080_im_002070,Idaho Camera Traps : loc_0080_seq_000236,Idaho Camera Traps : 80,15,deer,10-23-2015 19:48:13,5,train
https://storage.googleapis.com/public-datasets-lila/idaho-camera-traps/public/loc_0121/loc_0121_im_003583.jpg,Idaho Camera Traps : loc_0121_im_003583,Idaho Camera Traps : loc_0121_seq_000416,Idaho Camera Traps : 121,6,deer,11-28-2015 03:55:51,5,train
https://storage.googleapis.com/public-datasets-lila/nacti-unzipped/part2/sub282/FL-38_07_08_2016_FL-38_0045155.JPG,NACTI : FL-38_07_08_2016_FL-38_0045155.JPG,NACTI : unknown,NACTI : archbold_FL-38,-1,deer,,5,train
https://storage.googleapis.com/public-datasets-lila/nacti-unzipped/part2/sub217/FL-21_06_30_2015_FL-21_0004481.jpg,NACTI : FL-21_06_30_2015_FL-21_0004481.jpg,NACTI : unknown,NACTI : archbold_FL-21,-1,deer,,5,train
https://storage.googleapis.com/public-datasets-lila/idaho-camera-traps/public/loc_0225/loc_0225_im_003884.jpg,Idaho Camera Traps : loc_0225_im_003884,Idaho Camera Traps : loc_0225_seq_000522,Idaho Camera Traps : 225,3,deer,02-06-2016 12:19:23,5,train
https://storage.googleapis.com/public-datasets-lila/nz-trailcams/PS3/deer/38bdc080-57ff-46dd-8f27-b77710695dcf.JPG,Trail Camera Images of New Zealand Animals : PS3/deer/38bdc080-57ff-46dd-8f27-b77710695dcf.JPG,Trail Camera Images of New Zealand Animals : unknown,Trail Camera Images of New Zealand Animals : PS3_CAM8001,-1,deer,03-17-2023 13:51:38,5,train
https://storage.googleapis.com/public-datasets-lila/idaho-camera-traps/public/loc_0209/loc_0209_im_000255.jpg,Idaho Camera Traps : loc_0209_im_000255,Idaho Camera Traps : loc_0209_seq_000043,Idaho Camera Traps : 209,0,deer,01-06-2016 12:00:00,5,train
https://storage.googleapis.com/public-datasets-lila/idaho-camera-traps/public/loc_0213/loc_0213_im_002654.jpg,Idaho Camera Traps : loc_0213_im_002654,Idaho Camera Traps : loc_0213_seq_000408,Idaho Camera Traps : 213,1,deer,04-13-2016 11:06:39,5,train
https://storage.googleapis.com/public-datasets-lila/idaho-camera-traps/public/loc_0213/loc_0213_im_000468.jpg,Idaho Camera Traps : loc_0213_im_000468,Idaho Camera Traps : loc_0213_seq_000115,Idaho Camera Traps : 213,6,deer,02-21-2016 14:41:43,5,train
https://storage.googleapis.com/public-datasets-lila/idaho-camera-traps/public/loc_0003/loc_0003_im_007078.jpg,Idaho Camera Traps : loc_0003_im_007078,Idaho Camera Traps : loc_0003_seq_005089,Idaho Camera Traps : 3,16,deer,02-11-2016 10:45:34,5,val
https://storage.googleapis.com/public-datasets-lila/nz-trailcams/PS3/deer/ae8aa158-ce84-4532-a637-42ac1c97149c.JPG,Trail Camera Images of New Zealand Animals : PS3/deer/ae8aa158-ce84-4532-a637-42ac1c97149c.JPG,Trail Camera Images of New Zealand Animals : unknown,Trail Camera Images of New Zealand Animals : PS3_CAM6213,-1,deer,02-10-2023 12:48:59,5,train
https://storage.googleapis.com/public-datasets-lila/caltech-unzipped/cct_images/58a020e1-23d2-11e8-a6a3-ec086b02610b.jpg,Caltech Camera Traps : 58a020e1-23d2-11e8-a6a3-ec086b02610b,Caltech Camera Traps : 701b8a51-5567-11e8-9e0e-dca9047ef277,Caltech Camera Traps : 117,3,deer,12-07-2013 04:12:30,5,train
https://storage.googleapis.com/public-datasets-lila/idaho-camera-traps/public/loc_0135/loc_0135_im_000712.jpg,Idaho Camera Traps : loc_0135_im_000712,Idaho Camera Traps : loc_0135_seq_000133,Idaho Camera Traps : 135,14,deer,07-30-2016 07:17:54,5,test
https://storage.googleapis.com/public-datasets-lila/idaho-camera-traps/public/loc_0198/loc_0198_im_000996.jpg,Idaho Camera Traps : loc_0198_im_000996,Idaho Camera Traps : loc_0198_seq_000151,Idaho Camera Traps : 198,1,deer,02-16-2016 11:37:22,5,train
https://storage.googleapis.com/public-datasets-lila/idaho-camera-traps/public/loc_0178/loc_0178_im_000056.jpg,Idaho Camera Traps : loc_0178_im_000056,Idaho Camera Traps : loc_0178_seq_000016,Idaho Camera Traps : 178,8,deer,06-02-2016 20:19:11,5,train
https://storage.googleapis.com/public-datasets-lila/nacti-unzipped/part1/sub162/FL-09_01_21_2016_FL-09_0041072.jpg,NACTI : FL-09_01_21_2016_FL-09_0041072.jpg,NACTI : unknown,NACTI : archbold_FL-09,-1,deer,,5,train
https://storage.googleapis.com/public-datasets-lila/nacti-unzipped/part1/sub116/FL-01_07_28_2015_FL-01_0037233.jpg,NACTI : FL-01_07_28_2015_FL-01_0037233.jpg,NACTI : unknown,NACTI : archbold_FL-01,-1,deer,,5,train
https://storage.googleapis.com/public-datasets-lila/idaho-camera-traps/public/loc_0110/loc_0110_im_000108.jpg,Idaho Camera Traps : loc_0110_im_000108,Idaho Camera Traps : loc_0110_seq_000014,Idaho Camera Traps : 110,12,deer,06-07-2015 05:30:46,5,train
https://storage.googleapis.com/public-datasets-lila/nacti-unzipped/part1/sub176/FL-12_07_28_2015_FL-12_0009761.jpg,NACTI : FL-12_07_28_2015_FL-12_0009761.jpg,NACTI : unknown,NACTI : archbold_FL-12,-1,deer,,5,train
https://storage.googleapis.com/public-datasets-lila/idaho-camera-traps/public/loc_0004/loc_0004_im_002039.jpg,Idaho Camera Traps : loc_0004_im_002039,Idaho Camera Traps : loc_0004_seq_001630,Idaho Camera Traps : 4,38,deer,01-18-2016 23:02:08,5,train
https://storage.googleapis.com/public-datasets-lila/idaho-camera-traps/public/loc_0135/loc_0135_im_000592.jpg,Idaho Camera Traps : loc_0135_im_000592,Idaho Camera Traps : loc_0135_seq_000109,Idaho Camera Traps : 135,8,deer,07-18-2016 09:15:26,5,test
https://storage.googleapis.com/public-datasets-lila/nz-trailcams/LCC/deer/be676f61-4822-47f7-b719-c7f68d4e5655.JPG,Trail Camera Images of New Zealand Animals : LCC/deer/be676f61-4822-47f7-b719-c7f68d4e5655.JPG,Trail Camera Images of New Zealand Animals : unknown,Trail Camera Images of New Zealand Animals : LCC_B23,-1,deer,04-13-2018 11:45:03,5,train
https://storage.googleapis.com/public-datasets-lila/nacti-unzipped/part1/sub176/FL-12_07_28_2015_FL-12_0006108.jpg,NACTI : FL-12_07_28_2015_FL-12_0006108.jpg,NACTI : unknown,NACTI : archbold_FL-12,-1,deer,,5,train
https://storage.googleapis.com/public-datasets-lila/idaho-camera-traps/public/loc_0163/loc_0163_im_002013.jpg,Idaho Camera Traps : loc_0163_im_002013,Idaho Camera Traps : loc_0163_seq_000435,Idaho Camera Traps : 163,7,deer,09-03-2016 19:40:50,5,train
https://storage.googleapis.com/public-datasets-lila/nacti-unzipped/part0/sub092/CA-37_09_10_2015_CA-37_0019130.jpg,NACTI : CA-37_09_10_2015_CA-37_0019130.jpg,NACTI : unknown,NACTI : lebec_CA-37,-1,deer,,5,train
https://storage.googleapis.com/public-datasets-lila/idaho-camera-traps/public/loc_0250/loc_0250_im_001862.jpg,Idaho Camera Traps : loc_0250_im_001862,Idaho Camera Traps : loc_0250_seq_000176,Idaho Camera Traps : 250,10,deer,01-17-2016 12:37:13,5,train
https://storage.googleapis.com/public-datasets-lila/nz-trailcams/LCC/deer/54fedb97-c4cb-4348-bc8c-1d5a65734308.JPG,Trail Camera Images of New Zealand Animals : LCC/deer/54fedb97-c4cb-4348-bc8c-1d5a65734308.JPG,Trail Camera Images of New Zealand Animals : unknown,Trail Camera Images of New Zealand Animals : LCC_B129,-1,deer,04-25-2018 23:44:55,5,train
https://storage.googleapis.com/public-datasets-lila/idaho-camera-traps/public/loc_0083/loc_0083_im_006134.jpg,Idaho Camera Traps : loc_0083_im_006134,Idaho Camera Traps : loc_0083_seq_001013,Idaho Camera Traps : 83,10,deer,12-09-2015 06:30:02,5,train
https://storage.googleapis.com/public-datasets-lila/nacti-unzipped/part2/sub281/FL-38_05_03_2016_FL-38_0032609.JPG,NACTI : FL-38_05_03_2016_FL-38_0032609.JPG,NACTI : unknown,NACTI : archbold_FL-38,-1,deer,,5,train
https://storage.googleapis.com/public-datasets-lila/idaho-camera-traps/public/loc_0225/loc_0225_im_004528.jpg,Idaho Camera Traps : loc_0225_im_004528,Idaho Camera Traps : loc_0225_seq_000639,Idaho Camera Traps : 225,1,deer,02-12-2016 12:38:17,5,train
https://storage.googleapis.com/public-datasets-lila/nacti-unzipped/part2/sub216/FL-20_09_03_2015_FL-20_0023678.jpg,NACTI : FL-20_09_03_2015_FL-20_0023678.jpg,NACTI : unknown,NACTI : archbold_FL-20,-1,deer,,5,train
https://storage.googleapis.com/public-datasets-lila/nacti-unzipped/part2/sub239/FL-26_03_07_2016_FL-26_0026039.JPG,NACTI : FL-26_03_07_2016_FL-26_0026039.JPG,NACTI : unknown,NACTI : archbold_FL-26,-1,deer,,5,train
https://storage.googleapis.com/public-datasets-lila/idaho-camera-traps/public/loc_0113/loc_0113_im_001258.jpg,Idaho Camera Traps : loc_0113_im_001258,Idaho Camera Traps : loc_0113_seq_000159,Idaho Camera Traps : 113,5,deer,11-27-2015 10:36:17,5,val
https://storage.googleapis.com/public-datasets-lila/idaho-camera-traps/public/loc_0076/loc_0076_im_001762.jpg,Idaho Camera Traps : loc_0076_im_001762,Idaho Camera Traps : loc_0076_seq_000193,Idaho Camera Traps : 76,4,deer,10-05-2015 03:23:37,5,val
https://storage.googleapis.com/public-datasets-lila/idaho-camera-traps/public/loc_0125/loc_0125_im_000499.jpg,Idaho Camera Traps : loc_0125_im_000499,Idaho Camera Traps : loc_0125_seq_000096,Idaho Camera Traps : 125,6,deer,06-28-2016 21:25:10,5,train
https://storage.googleapis.com/public-datasets-lila/nz-trailcams/PS3/deer/09dff857-948f-40be-9e24-332b0fc4def8.JPG,Trail Camera Images of New Zealand Animals : PS3/deer/09dff857-948f-40be-9e24-332b0fc4def8.JPG,Trail Camera Images of New Zealand Animals : unknown,Trail Camera Images of New Zealand Animals : PS3_CAMFC23,-1,deer,03-27-2023 23:39:23,5,train
https://storage.googleapis.com/public-datasets-lila/idaho-camera-traps/public/loc_0080/loc_0080_im_001384.jpg,Idaho Camera Traps : loc_0080_im_001384,Idaho Camera Traps : loc_0080_seq_000177,Idaho Camera Traps : 80,4,deer,09-24-2015 21:42:23,5,train
https://storage.googleapis.com/public-datasets-lila/idaho-camera-traps/public/loc_0079/loc_0079_im_000205.jpg,Idaho Camera Traps : loc_0079_im_000205,Idaho Camera Traps : loc_0079_seq_000019,Idaho Camera Traps : 79,2,deer,05-13-2015 22:29:55,5,train
https://storage.googleapis.com/public-datasets-lila/nacti-unzipped/part1/sub137/FL-06_07_28_2015_FL-06_0009837.jpg,NACTI : FL-06_07_28_2015_FL-06_0009837.jpg,NACTI : unknown,NACTI : archbold_FL-06,-1,deer,,5,val
https://storage.googleapis.com/public-datasets-lila/idaho-camera-traps/public/loc_0103/loc_0103_im_004734.jpg,Idaho Camera Traps : loc_0103_im_004734,Idaho Camera Traps : loc_0103_seq_000718,Idaho Camera Traps : 103,3,deer,11-19-2015 07:07:51,5,train
https://storage.googleapis.com/public-datasets-lila/nacti-unzipped/part2/sub228/FL-22_07_29_2015_FL-22_0064822.jpg,NACTI : FL-22_07_29_2015_FL-22_0064822.jpg,NACTI : unknown,NACTI : archbold_FL-22,-1,deer,,5,train
https://storage.googleapis.com/public-datasets-lila/idaho-camera-traps/public/loc_0118/loc_0118_im_002049.jpg,Idaho Camera Traps : loc_0118_im_002049,Idaho Camera Traps : loc_0118_seq_000254,Idaho Camera Traps : 118,3,deer,11-08-2015 07:01:48,5,train
https://storage.googleapis.com/public-datasets-lila/idaho-camera-traps/public/loc_0116/loc_0116_im_000691.jpg,Idaho Camera Traps : loc_0116_im_000691,Idaho Camera Traps : loc_0116_seq_000087,Idaho Camera Traps : 116,10,deer,07-06-2015 23:45:58,5,train
https://storage.googleapis.com/public-datasets-lila/idaho-camera-traps/public/loc_0114/loc_0114_im_000236.jpg,Idaho Camera Traps : loc_0114_im_000236,Idaho Camera Traps : loc_0114_seq_000024,Idaho Camera Traps : 114,5,deer,07-04-2015 05:26:43,5,test
https://storage.googleapis.com/public-datasets-lila/nacti-unzipped/part2/sub271/FL-34_06_03_2016_FL-34_0018141.JPG,NACTI : FL-34_06_03_2016_FL-34_0018141.JPG,NACTI : unknown,NACTI : archbold_FL-34,-1,deer,,5,train
https://storage.googleapis.com/public-datasets-lila/nacti-unzipped/part1/sub116/FL-01_09_02_2015_FL-01_0037693.jpg,NACTI : FL-01_09_02_2015_FL-01_0037693.jpg,NACTI : unknown,NACTI : archbold_FL-01,-1,deer,,5,train
https://storage.googleapis.com/public-datasets-lila/nz-trailcams/LCC/deer/b469dbc5-465b-4bca-900b-915a70bd7b10.JPG,Trail Camera Images of New Zealand Animals : LCC/deer/b469dbc5-465b-4bca-900b-915a70bd7b10.JPG,Trail Camera Images of New Zealand Animals : unknown,Trail Camera Images of New Zealand Animals : LCC_R100,-1,deer,03-28-2018 20:15:09,5,train
https://storage.googleapis.com/public-datasets-lila/idaho-camera-traps/public/loc_0143/loc_0143_im_000817.jpg,Idaho Camera Traps : loc_0143_im_000817,Idaho Camera Traps : loc_0143_seq_000191,Idaho Camera Traps : 143,1,deer,08-09-2016 00:43:48,5,train
https://storage.googleapis.com/public-datasets-lila/caltech-unzipped/cct_images/5a0c9a9d-23d2-11e8-a6a3-ec086b02610b.jpg,Caltech Camera Traps : 5a0c9a9d-23d2-11e8-a6a3-ec086b02610b,Caltech Camera Traps : 7016f259-5567-11e8-8d1c-dca9047ef277,Caltech Camera Traps : 6,3,deer,09-06-2013 23:59:26,5,train
https://storage.googleapis.com/public-datasets-lila/nz-trailcams/PS1/deer/d94a5faa-21b2-44ed-a63e-8f5ca84cd289.JPG,Trail Camera Images of New Zealand Animals : PS1/deer/d94a5faa-21b2-44ed-a63e-8f5ca84cd289.JPG,Trail Camera Images of New Zealand Animals : unknown,Trail Camera Images of New Zealand Animals : PS1_CAM7920,-1,deer,02-10-2022 21:10:24,5,train
https://storage.googleapis.com/public-datasets-lila/idaho-camera-traps/public/loc_0010/loc_0010_im_003289.jpg,Idaho Camera Traps : loc_0010_im_003289,Idaho Camera Traps : loc_0010_seq_003242,Idaho Camera Traps : 10,0,deer,01-25-2016 17:05:00,5,train
https://storage.googleapis.com/public-datasets-lila/nacti-unzipped/part1/sub177/FL-12_09_30_2015_FL-12_0015736.jpg,NACTI : FL-12_09_30_2015_FL-12_0015736.jpg,NACTI : unknown,NACTI : archbold_FL-12,-1,deer,,5,train
https://storage.googleapis.com/public-datasets-lila/nacti-unzipped/part1/sub177/FL-12_09_30_2015_FL-12_0015085.jpg,NACTI : FL-12_09_30_2015_FL-12_0015085.jpg,NACTI : unknown,NACTI : archbold_FL-12,-1,deer,,5,train
https://storage.googleapis.com/public-datasets-lila/idaho-camera-traps/public/loc_0124/loc_0124_im_002424.jpg,Idaho Camera Traps : loc_0124_im_002424,Idaho Camera Traps : loc_0124_seq_000244,Idaho Camera Traps : 124,3,deer,11-16-2015 21:27:36,5,test
https://storage.googleapis.com/public-datasets-lila/nacti-unzipped/part1/sub176/FL-12_07_28_2015_FL-12_0007193.jpg,NACTI : FL-12_07_28_2015_FL-12_0007193.jpg,NACTI : unknown,NACTI : archbold_FL-12,-1,deer,,5,train
https://storage.googleapis.com/public-datasets-lila/idaho-camera-traps/public/loc_0111/loc_0111_im_003412.jpg,Idaho Camera Traps : loc_0111_im_003412,Idaho Camera Traps : loc_0111_seq_000591,Idaho Camera Traps : 111,2,deer,04-30-2016 12:26:55,5,train
https://storage.googleapis.com/public-datasets-lila/idaho-camera-traps/public/loc_0125/loc_0125_im_001758.jpg,Idaho Camera Traps : loc_0125_im_001758,Idaho Camera Traps : loc_0125_seq_000303,Idaho Camera Traps : 125,2,deer,08-30-2016 07:04:18,5,train
https://storage.googleapis.com/public-datasets-lila/idaho-camera-traps/public/loc_0126/loc_0126_im_002328.jpg,Idaho Camera Traps : loc_0126_im_002328,Idaho Camera Traps : loc_0126_seq_000222,Idaho Camera Traps : 126,8,deer,07-15-2016 15:58:54,5,train
https://storage.googleapis.com/public-datasets-lila/nacti-unzipped/part2/sub237/FL-25_01_21_2016_FL-25_0019766.jpg,NACTI : FL-25_01_21_2016_FL-25_0019766.jpg,NACTI : unknown,NACTI : archbold_FL-25,-1,deer,,5,train
https://storage.googleapis.com/public-datasets-lila/idaho-camera-traps/public/loc_0176/loc_0176_im_000329.jpg,Idaho Camera Traps : loc_0176_im_000329,Idaho Camera Traps : loc_0176_seq_000096,Idaho Camera Traps : 176,0,deer,07-14-2016 19:19:33,5,train
https://storage.googleapis.com/public-datasets-lila/idaho-camera-traps/public/loc_0123/loc_0123_im_000303.jpg,Idaho Camera Traps : loc_0123_im_000303,Idaho Camera Traps : loc_0123_seq_000032,Idaho Camera Traps : 123,0,deer,08-04-2015 11:09:54,5,train
https://storage.googleapis.com/public-datasets-lila/nacti-unzipped/part1/sub176/FL-12_07_28_2015_FL-12_0005793.jpg,NACTI : FL-12_07_28_2015_FL-12_0005793.jpg,NACTI : unknown,NACTI : archbold_FL-12,-1,deer,,5,train
https://storage.googleapis.com/public-datasets-lila/nz-trailcams/PS1/deer/7672ac2c-e462-4603-b929-1c30b2f31fbb.JPG,Trail Camera Images of New Zealand Animals : PS1/deer/7672ac2c-e462-4603-b929-1c30b2f31fbb.JPG,Trail Camera Images of New Zealand Animals : unknown,Trail Camera Images of New Zealand Animals : PS1_CAM7811,-1,deer,09-04-2022 09:41:22,5,val
https://storage.googleapis.com/public-datasets-lila/idaho-camera-traps/public/loc_0193/loc_0193_im_001614.jpg,Idaho Camera Traps : loc_0193_im_001614,Idaho Camera Traps : loc_0193_seq_000292,Idaho Camera Traps : 193,21,deer,07-06-2016 22:27:24,5,val
https://storage.googleapis.com/public-datasets-lila/idaho-camera-traps/public/loc_0113/loc_0113_im_001222.jpg,Idaho Camera Traps : loc_0113_im_001222,Idaho Camera Traps : loc_0113_seq_000156,Idaho Camera Traps : 113,2,deer,11-27-2015 02:29:38,5,val
https://storage.googleapis.com/public-datasets-lila/nz-trailcams/PS1/deer/e98a3c87-89ff-415c-a4bd-95abea624f27.JPG,Trail Camera Images of New Zealand Animals : PS1/deer/e98a3c87-89ff-415c-a4bd-95abea624f27.JPG,Trail Camera Images of New Zealand Animals : unknown,Trail Camera Images of New Zealand Animals : PS1_CAMGC43,-1,deer,04-26-2022 23:13:36,5,train
https://storage.googleapis.com/public-datasets-lila/idaho-camera-traps/public/loc_0108/loc_0108_im_000426.jpg,Idaho Camera Traps : loc_0108_im_000426,Idaho Camera Traps : loc_0108_seq_000051,Idaho Camera Traps : 108,9,deer,07-10-2015 08:04:22,5,val
https://storage.googleapis.com/public-datasets-lila/idaho-camera-traps/public/loc_0148/loc_0148_im_000576.jpg,Idaho Camera Traps : loc_0148_im_000576,Idaho Camera Traps : loc_0148_seq_000047,Idaho Camera Traps : 148,45,deer,06-11-2016 19:47:39,5,train
https://storage.googleapis.com/public-datasets-lila/idaho-camera-traps/public/loc_0188/loc_0188_im_001257.jpg,Idaho Camera Traps : loc_0188_im_001257,Idaho Camera Traps : loc_0188_seq_000298,Idaho Camera Traps : 188,5,deer,08-16-2016 17:49:37,5,test
https://storage.googleapis.com/public-datasets-lila/idaho-camera-traps/public/loc_0087/loc_0087_im_000669.jpg,Idaho Camera Traps : loc_0087_im_000669,Idaho Camera Traps : loc_0087_seq_000081,Idaho Camera Traps : 87,0,deer,07-12-2015 05:04:49,5,train
https://storage.googleapis.com/public-datasets-lila/idaho-camera-traps/public/loc_0089/loc_0089_im_003365.jpg,Idaho Camera Traps : loc_0089_im_003365,Idaho Camera Traps : loc_0089_seq_000467,Idaho Camera Traps : 89,16,deer,12-08-2015 17:27:40,5,train
https://storage.googleapis.com/public-datasets-lila/nacti-unzipped/part1/sub178/FL-12_11_02_2015_FL-12_0017781.jpg,NACTI : FL-12_11_02_2015_FL-12_0017781.jpg,NACTI : unknown,NACTI : archbold_FL-12,-1,deer,,5,train
https://storage.googleapis.com/public-datasets-lila/idaho-camera-traps/public/loc_0218/loc_0218_im_001352.jpg,Idaho Camera Traps : loc_0218_im_001352,Idaho Camera Traps : loc_0218_seq_000141,Idaho Camera Traps : 218,8,deer,02-16-2016 09:39:59,5,train
https://storage.googleapis.com/public-datasets-lila/idaho-camera-traps/public/loc_0100/loc_0100_im_001160.jpg,Idaho Camera Traps : loc_0100_im_001160,Idaho Camera Traps : loc_0100_seq_000120,Idaho Camera Traps : 100,2,deer,07-16-2015 05:36:18,5,train
https://storage.googleapis.com/public-datasets-lila/nacti-unzipped/part2/sub208/FL-19_03_07_2016_FL-19_0046775.JPG,NACTI : FL-19_03_07_2016_FL-19_0046775.JPG,NACTI : unknown,NACTI : archbold_FL-19,-1,deer,,5,train
https://storage.googleapis.com/public-datasets-lila/idaho-camera-traps/public/loc_0089/loc_0089_im_001527.jpg,Idaho Camera Traps : loc_0089_im_001527,Idaho Camera Traps : loc_0089_seq_000195,Idaho Camera Traps : 89,3,deer,08-15-2015 05:45:40,5,train
https://storage.googleapis.com/public-datasets-lila/nacti-unzipped/part2/sub230/FL-23_04_04_2016_FL-23_0019785.JPG,NACTI : FL-23_04_04_2016_FL-23_0019785.JPG,NACTI : unknown,NACTI : archbold_FL-23,-1,deer,,5,train
https://storage.googleapis.com/public-datasets-lila/idaho-camera-traps/public/loc_0225/loc_0225_im_004966.jpg,Idaho Camera Traps : loc_0225_im_004966,Idaho Camera Traps : loc_0225_seq_000697,Idaho Camera Traps : 225,4,deer,02-18-2016 10:15:58,5,train
https://storage.googleapis.com/public-datasets-lila/nz-trailcams/LCC/deer/979365a2-93ae-4ea3-887d-6e909e58507b.JPG,Trail Camera Images of New Zealand Animals : LCC/deer/979365a2-93ae-4ea3-887d-6e909e58507b.JPG,Trail Camera Images of New Zealand Animals : unknown,Trail Camera Images of New Zealand Animals : LCC_B122,-1,deer,05-01-2018 02:24:35,5,test
https://storage.googleapis.com/public-datasets-lila/caltech-unzipped/cct_images/58b4a99b-23d2-11e8-a6a3-ec086b02610b.jpg,Caltech Camera Traps : 58b4a99b-23d2-11e8-a6a3-ec086b02610b,Caltech Camera Traps : 6ff2d9c0-5567-11e8-b2f5-dca9047ef277,Caltech Camera Traps : 114,1,deer,09-28-2013 02:10:04,5,test
https://storage.googleapis.com/public-datasets-lila/idaho-camera-traps/public/loc_0257/loc_0257_im_001181.jpg,Idaho Camera Traps : loc_0257_im_001181,Idaho Camera Traps : loc_0257_seq_000099,Idaho Camera Traps : 257,33,deer,12-31-2015 10:07:34,5,train
https://storage.googleapis.com/public-datasets-lila/nz-trailcams/PS3/deer/5df27c82-6fcc-44a5-9788-0584bed3e715.JPG,Trail Camera Images of New Zealand Animals : PS3/deer/5df27c82-6fcc-44a5-9788-0584bed3e715.JPG,Trail Camera Images of New Zealand Animals : unknown,Trail Camera Images of New Zealand Animals : PS3_CAM7821,-1,deer,01-24-2023 11:14:59,5,train
https://storage.googleapis.com/public-datasets-lila/nacti-unzipped/part0/sub077/CA-29_09_18_2015_CA-29_0027723.jpg,NACTI : CA-29_09_18_2015_CA-29_0027723.jpg,NACTI : unknown,NACTI : lebec_CA-29,-1,deer,,5,train
https://storage.googleapis.com/public-datasets-lila/idaho-camera-traps/public/loc_0120/loc_0120_im_000419.jpg,Idaho Camera Traps : loc_0120_im_000419,Idaho Camera Traps : loc_0120_seq_000054,Idaho Camera Traps : 120,8,deer,06-27-2015 08:33:12,5,train
https://storage.googleapis.com/public-datasets-lila/idaho-camera-traps/public/loc_0150/loc_0150_im_000552.jpg,Idaho Camera Traps : loc_0150_im_000552,Idaho Camera Traps : loc_0150_seq_000047,Idaho Camera Traps : 150,8,deer,06-11-2016 14:41:46,5,val
https://storage.googleapis.com/public-datasets-lila/idaho-camera-traps/public/loc_0126/loc_0126_im_004842.jpg,Idaho Camera Traps : loc_0126_im_004842,Idaho Camera Traps : loc_0126_seq_000569,Idaho Camera Traps : 126,4,deer,09-20-2016 18:32:17,5,train
https://storage.googleapis.com/public-datasets-lila/idaho-camera-traps/public/loc_0124/loc_0124_im_000865.jpg,Idaho Camera Traps : loc_0124_im_000865,Idaho Camera Traps : loc_0124_seq_000082,Idaho Camera Traps : 124,1,deer,08-11-2015 10:49:05,5,test
https://storage.googleapis.com/public-datasets-lila/nz-trailcams/LCC/deer/99dd9e31-2f91-4df6-90f4-545bedb551f6.JPG,Trail Camera Images of New Zealand Animals : LCC/deer/99dd9e31-2f91-4df6-90f4-545bedb551f6.JPG,Trail Camera Images of New Zealand Animals : unknown,Trail Camera Images of New Zealand Animals : LCC_R68,-1,deer,04-02-2018 01:34:51,5,train
https://storage.googleapis.com/public-datasets-lila/idaho-camera-traps/public/loc_0079/loc_0079_im_002948.jpg,Idaho Camera Traps : loc_0079_im_002948,Idaho Camera Traps : loc_0079_seq_000328,Idaho Camera Traps : 79,3,deer,08-21-2015 10:02:13,5,train
https://storage.googleapis.com/public-datasets-lila/nacti-unzipped/part1/sub176/FL-12_07_28_2015_FL-12_0008386.jpg,NACTI : FL-12_07_28_2015_FL-12_0008386.jpg,NACTI : unknown,NACTI : archbold_FL-12,-1,deer,,5,train
https://storage.googleapis.com/public-datasets-lila/idaho-camera-traps/public/loc_0097/loc_0097_im_001969.jpg,Idaho Camera Traps : loc_0097_im_001969,Idaho Camera Traps : loc_0097_seq_000243,Idaho Camera Traps : 97,1,deer,03-26-2016 17:25:58,5,train
https://storage.googleapis.com/public-datasets-lila/nz-trailcams/PS1/deer/0316ee1c-942c-4f9e-8d7c-909bf0a2c2f8.JPG,Trail Camera Images of New Zealand Animals : PS1/deer/0316ee1c-942c-4f9e-8d7c-909bf0a2c2f8.JPG,Trail Camera Images of New Zealand Animals : unknown,Trail Camera Images of New Zealand Animals : PS1_CAM7006,-1,deer,02-03-2022 15:27:49,5,train
https://storage.googleapis.com/public-datasets-lila/nz-trailcams/PS1/deer/b8e9bbca-9add-4c46-88d6-3281c91ab9d6.JPG,Trail Camera Images of New Zealand Animals : PS1/deer/b8e9bbca-9add-4c46-88d6-3281c91ab9d6.JPG,Trail Camera Images of New Zealand Animals : unknown,Trail Camera Images of New Zealand Animals : PS1_CAM7821,-1,deer,12-06-2021 09:17:39,5,test
https://storage.googleapis.com/public-datasets-lila/idaho-camera-traps/public/loc_0106/loc_0106_im_000033.jpg,Idaho Camera Traps : loc_0106_im_000033,Idaho Camera Traps : loc_0106_seq_000007,Idaho Camera Traps : 106,3,deer,06-22-2015 18:41:10,5,train
https://storage.googleapis.com/public-datasets-lila/idaho-camera-traps/public/loc_0125/loc_0125_im_002193.jpg,Idaho Camera Traps : loc_0125_im_002193,Idaho Camera Traps : loc_0125_seq_000378,Idaho Camera Traps : 125,3,deer,09-19-2016 23:49:14,5,train
https://storage.googleapis.com/public-datasets-lila/idaho-camera-traps/public/loc_0113/loc_0113_im_000378.jpg,Idaho Camera Traps : loc_0113_im_000378,Idaho Camera Traps : loc_0113_seq_000050,Idaho Camera Traps : 113,0,deer,08-17-2015 18:39:03,5,val
https://storage.googleapis.com/public-datasets-lila/idaho-camera-traps/public/loc_0081/loc_0081_im_001780.jpg,Idaho Camera Traps : loc_0081_im_001780,Idaho Camera Traps : loc_0081_seq_000203,Idaho Camera Traps : 81,2,deer,09-15-2015 03:56:18,5,train
https://storage.googleapis.com/public-datasets-lila/idaho-camera-traps/public/loc_0128/loc_0128_im_000029.jpg,Idaho Camera Traps : loc_0128_im_000029,Idaho Camera Traps : loc_0128_seq_000002,Idaho Camera Traps : 128,11,deer,05-26-2016 08:58:21,5,train
https://storage.googleapis.com/public-datasets-lila/idaho-camera-traps/public/loc_0115/loc_0115_im_000749.jpg,Idaho Camera Traps : loc_0115_im_000749,Idaho Camera Traps : loc_0115_seq_000120,Idaho Camera Traps : 115,5,deer,11-20-2015 17:55:06,5,train
https://storage.googleapis.com/public-datasets-lila/nz-trailcams/PS3/deer/c00d42a3-794e-4c83-915c-b0fb83a75796.JPG,Trail Camera Images of New Zealand Animals : PS3/deer/c00d42a3-794e-4c83-915c-b0fb83a75796.JPG,Trail Camera Images of New Zealand Animals : unknown,Trail Camera Images of New Zealand Animals : PS3_CAM6213,-1,deer,03-19-2023 04:43:25,5,train
https://storage.googleapis.com/public-datasets-lila/idaho-camera-traps/public/loc_0011/loc_0011_im_003994.jpg,Idaho Camera Traps : loc_0011_im_003994,Idaho Camera Traps : loc_0011_seq_003751,Idaho Camera Traps : 11,6,deer,01-30-2016 11:20:43,5,train
https://storage.googleapis.com/public-datasets-lila/idaho-camera-traps/public/loc_0035/loc_0035_im_000420.jpg,Idaho Camera Traps : loc_0035_im_000420,Idaho Camera Traps : loc_0035_seq_000276,Idaho Camera Traps : 35,36,deer,01-05-2016 11:00:38,5,train
https://storage.googleapis.com/public-datasets-lila/idaho-camera-traps/public/loc_0109/loc_0109_im_000317.jpg,Idaho Camera Traps : loc_0109_im_000317,Idaho Camera Traps : loc_0109_seq_000032,Idaho Camera Traps : 109,5,deer,07-14-2015 10:31:59,5,train
https://storage.googleapis.com/public-datasets-lila/nacti-unzipped/part1/sub168/FL-09_08_05_2016_FL-09_0074443.JPG,NACTI : FL-09_08_05_2016_FL-09_0074443.JPG,NACTI : unknown,NACTI : archbold_FL-09,-1,deer,,5,train
https://storage.googleapis.com/public-datasets-lila/idaho-camera-traps/public/loc_0242/loc_0242_im_001523.jpg,Idaho Camera Traps : loc_0242_im_001523,Idaho Camera Traps : loc_0242_seq_000238,Idaho Camera Traps : 242,27,deer,04-10-2016 16:55:28,5,test
https://storage.googleapis.com/public-datasets-lila/nacti-unzipped/part1/sub176/FL-12_07_28_2015_FL-12_0007128.jpg,NACTI : FL-12_07_28_2015_FL-12_0007128.jpg,NACTI : unknown,NACTI : archbold_FL-12,-1,deer,,5,train
https://storage.googleapis.com/public-datasets-lila/idaho-camera-traps/public/loc_0083/loc_0083_im_005459.jpg,Idaho Camera Traps : loc_0083_im_005459,Idaho Camera Traps : loc_0083_seq_000920,Idaho Camera Traps : 83,2,deer,09-13-2015 19:13:45,5,train
https://storage.googleapis.com/public-datasets-lila/idaho-camera-traps/public/loc_0129/loc_0129_im_002144.jpg,Idaho Camera Traps : loc_0129_im_002144,Idaho Camera Traps : loc_0129_seq_000281,Idaho Camera Traps : 129,0,deer,07-24-2016 04:24:26,5,train
https://storage.googleapis.com/public-datasets-lila/nz-trailcams/PS1/deer/310274aa-3015-4928-9c0e-d012d75a20aa.JPG,Trail Camera Images of New Zealand Animals : PS1/deer/310274aa-3015-4928-9c0e-d012d75a20aa.JPG,Trail Camera Images of New Zealand Animals : unknown,Trail Camera Images of New Zealand Animals : PS1_CAMFC23,-1,deer,09-16-2022 22:00:10,5,train
https://storage.googleapis.com/public-datasets-lila/idaho-camera-traps/public/loc_0126/loc_0126_im_002380.jpg,Idaho Camera Traps : loc_0126_im_002380,Idaho Camera Traps : loc_0126_seq_000225,Idaho Camera Traps : 126,30,deer,07-15-2016 20:30:40,5,train
https://storage.googleapis.com/public-datasets-lila/caltech-unzipped/cct_images/5a2af6c7-23d2-11e8-a6a3-ec086b02610b.jpg,Caltech Camera Traps : 5a2af6c7-23d2-11e8-a6a3-ec086b02610b,Caltech Camera Traps : 6f84c1cf-5567-11e8-a48d-dca9047ef277,Caltech Camera Traps : 57,1,deer,02-05-2014 12:58:15,5,train
https://storage.googleapis.com/public-datasets-lila/idaho-camera-traps/public/loc_0214/loc_0214_im_001842.jpg,Idaho Camera Traps : loc_0214_im_001842,Idaho Camera Traps : loc_0214_seq_000198,Idaho Camera Traps : 214,0,deer,03-30-2016 12:19:25,5,test
https://storage.googleapis.com/public-datasets-lila/caltech-unzipped/cct_images/587eec6e-23d2-11e8-a6a3-ec086b02610b.jpg,Caltech Camera Traps : 587eec6e-23d2-11e8-a6a3-ec086b02610b,Caltech Camera Traps : 70179b85-5567-11e8-a714-dca9047ef277,Caltech Camera Traps : 84,1,deer,08-30-2014 16:46:39,5,train
https://storage.googleapis.com/public-datasets-lila/idaho-camera-traps/public/loc_0095/loc_0095_im_000618.jpg,Idaho Camera Traps : loc_0095_im_000618,Idaho Camera Traps : loc_0095_seq_000135,Idaho Camera Traps : 95,6,deer,04-07-2016 10:07:48,5,train
https://storage.googleapis.com/public-datasets-lila/idaho-camera-traps/public/loc_0083/loc_0083_im_004453.jpg,Idaho Camera Traps : loc_0083_im_004453,Idaho Camera Traps : loc_0083_seq_000714,Idaho Camera Traps : 83,1,deer,08-24-2015 23:55:08,5,train
https://storage.googleapis.com/public-datasets-lila/idaho-camera-traps/public/loc_0126/loc_0126_im_003652.jpg,Idaho Camera Traps : loc_0126_im_003652,Idaho Camera Traps : loc_0126_seq_000379,Idaho Camera Traps : 126,7,deer,08-04-2016 06:44:02,5,train
https://storage.googleapis.com/public-datasets-lila/idaho-camera-traps/public/loc_0114/loc_0114_im_001683.jpg,Idaho Camera Traps : loc_0114_im_001683,Idaho Camera Traps : loc_0114_seq_000199,Idaho Camera Traps : 114,0,deer,12-30-2015 12:20:28,5,test
https://storage.googleapis.com/public-datasets-lila/nz-trailcams/Z20/deer/14756ca9-6217-4945-9348-04843c8960f9.JPG,Trail Camera Images of New Zealand Animals : Z20/deer/14756ca9-6217-4945-9348-04843c8960f9.JPG,Trail Camera Images of New Zealand Animals : unknown,Trail Camera Images of New Zealand Animals : Z20_3P3900,-1,deer,05-13-2022 17:17:37,5,val
https://storage.googleapis.com/public-datasets-lila/nz-trailcams/LCC/deer/169b701d-a3f9-4df2-bc9a-e503f412c4a0.JPG,Trail Camera Images of New Zealand Animals : LCC/deer/169b701d-a3f9-4df2-bc9a-e503f412c4a0.JPG,Trail Camera Images of New Zealand Animals : unknown,Trail Camera Images of New Zealand Animals : LCC_R33,-1,deer,04-26-2018 08:00:39,5,train
https://storage.googleapis.com/public-datasets-lila/caltech-unzipped/cct_images/59ec5595-23d2-11e8-a6a3-ec086b02610b.jpg,Caltech Camera Traps : 59ec5595-23d2-11e8-a6a3-ec086b02610b,Caltech Camera Traps : 7014a119-5567-11e8-a5a3-dca9047ef277,Caltech Camera Traps : 34,2,deer,08-24-2013 16:44:23,5,val
https://storage.googleapis.com/public-datasets-lila/idaho-camera-traps/public/loc_0225/loc_0225_im_000306.jpg,Idaho Camera Traps : loc_0225_im_000306,Idaho Camera Traps : loc_0225_seq_000049,Idaho Camera Traps : 225,13,deer,12-25-2015 19:34:20,5,train
https://storage.googleapis.com/public-datasets-lila/idaho-camera-traps/public/loc_0103/loc_0103_im_003737.jpg,Idaho Camera Traps : loc_0103_im_003737,Idaho Camera Traps : loc_0103_seq_000517,Idaho Camera Traps : 103,2,deer,03-20-2016 19:18:00,5,train
https://storage.googleapis.com/public-datasets-lila/nacti-unzipped/part0/sub063/CA-23_07_12_2016_CA-23_0021956.JPG,NACTI : CA-23_07_12_2016_CA-23_0021956.JPG,NACTI : unknown,NACTI : lebec_CA-23,-1,deer,,5,train
https://storage.googleapis.com/public-datasets-lila/nz-trailcams/EFD/deer/151CCA8B-6BFC-49CD-92BB-371099C55F22.JPG,Trail Camera Images of New Zealand Animals : EFD/deer/151CCA8B-6BFC-49CD-92BB-371099C55F22.JPG,Trail Camera Images of New Zealand Animals : unknown,Trail Camera Images of New Zealand Animals : EFD_DCAMG02,-1,deer,03-17-2021 04:03:08,5,train
https://storage.googleapis.com/public-datasets-lila/idaho-camera-traps/public/loc_0121/loc_0121_im_000027.jpg,Idaho Camera Traps : loc_0121_im_000027,Idaho Camera Traps : loc_0121_seq_000005,Idaho Camera Traps : 121,6,deer,05-29-2015 09:22:59,5,train
https://storage.googleapis.com/public-datasets-lila/nacti-unzipped/part0/sub062/CA-22_02_11_2016_CA-22_0013557.jpg,NACTI : CA-22_02_11_2016_CA-22_0013557.jpg,NACTI : unknown,NACTI : lebec_CA-22,-1,deer,,5,train
https://storage.googleapis.com/public-datasets-lila/idaho-camera-traps/public/loc_0028/loc_0028_im_001826.jpg,Idaho Camera Traps : loc_0028_im_001826,Idaho Camera Traps : loc_0028_seq_001697,Idaho Camera Traps : 28,10,deer,01-19-2016 10:33:59,5,val
https://storage.googleapis.com/public-datasets-lila/idaho-camera-traps/public/loc_0080/loc_0080_im_001174.jpg,Idaho Camera Traps : loc_0080_im_001174,Idaho Camera Traps : loc_0080_seq_000140,Idaho Camera Traps : 80,1,deer,08-31-2015 08:37:05,5,train
https://storage.googleapis.com/public-datasets-lila/nz-trailcams/LCC/deer/ceeb37ba-cef4-4b84-9606-38a10113636a.JPG,Trail Camera Images of New Zealand Animals : LCC/deer/ceeb37ba-cef4-4b84-9606-38a10113636a.JPG,Trail Camera Images of New Zealand Animals : unknown,Trail Camera Images of New Zealand Animals : LCC_R06,-1,deer,04-07-2018 03:07:28,5,val
https://storage.googleapis.com/public-datasets-lila/idaho-camera-traps/public/loc_0168/loc_0168_im_000566.jpg,Idaho Camera Traps : loc_0168_im_000566,Idaho Camera Traps : loc_0168_seq_000063,Idaho Camera Traps : 168,5,deer,06-13-2016 09:36:43,5,train
https://storage.googleapis.com/public-datasets-lila/nz-trailcams/PS1/deer/28cd6bd7-4f39-4ebc-8ef5-13597e6ca78b.JPG,Trail Camera Images of New Zealand Animals : PS1/deer/28cd6bd7-4f39-4ebc-8ef5-13597e6ca78b.JPG,Trail Camera Images of New Zealand Animals : unknown,Trail Camera Images of New Zealand Animals : PS1_CAM6213,-1,deer,06-18-2022 17:38:36,5,train
https://storage.googleapis.com/public-datasets-lila/nacti-unzipped/part1/sub177/FL-12_09_02_2015_FL-12_0013607.jpg,NACTI : FL-12_09_02_2015_FL-12_0013607.jpg,NACTI : unknown,NACTI : archbold_FL-12,-1,deer,,5,train
https://storage.googleapis.com/public-datasets-lila/nz-trailcams/LCC/deer/c26b94b6-4cf0-4937-b48b-556e2836ca82.JPG,Trail Camera Images of New Zealand Animals : LCC/deer/c26b94b6-4cf0-4937-b48b-556e2836ca82.JPG,Trail Camera Images of New Zealand Animals : unknown,Trail Camera Images of New Zealand Animals : LCC_R110,-1,deer,04-15-2018 00:04:09,5,train
https://storage.googleapis.com/public-datasets-lila/nacti-unzipped/part2/sub213/FL-19_09_30_2015_FL-19_0038412.jpg,NACTI : FL-19_09_30_2015_FL-19_0038412.jpg,NACTI : unknown,NACTI : archbold_FL-19,-1,deer,,5,train
https://storage.googleapis.com/public-datasets-lila/idaho-camera-traps/public/loc_0092/loc_0092_im_002338.jpg,Idaho Camera Traps : loc_0092_im_002338,Idaho Camera Traps : loc_0092_seq_000370,Idaho Camera Traps : 92,4,deer,11-29-2015 03:51:38,5,train
https://storage.googleapis.com/public-datasets-lila/nz-trailcams/PS1/deer/21670ded-4d02-4cf0-bba5-1fdf376b673e.JPG,Trail Camera Images of New Zealand Animals : PS1/deer/21670ded-4d02-4cf0-bba5-1fdf376b673e.JPG,Trail Camera Images of New Zealand Animals : unknown,Trail Camera Images of New Zealand Animals : PS1_CAMGC43,-1,deer,01-15-2022 00:00:04,5,train
https://storage.googleapis.com/public-datasets-lila/idaho-camera-traps/public/loc_0213/loc_0213_im_000829.jpg,Idaho Camera Traps : loc_0213_im_000829,Idaho Camera Traps : loc_0213_seq_000172,Idaho Camera Traps : 213,0,deer,03-14-2016 13:00:12,5,train
https://storage.googleapis.com/public-datasets-lila/idaho-camera-traps/public/loc_0122/loc_0122_im_001755.jpg,Idaho Camera Traps : loc_0122_im_001755,Idaho Camera Traps : loc_0122_seq_000185,Idaho Camera Traps : 122,6,deer,08-17-2015 06:56:02,5,val
https://storage.googleapis.com/public-datasets-lila/idaho-camera-traps/public/loc_0051/loc_0051_im_003917.jpg,Idaho Camera Traps : loc_0051_im_003917,Idaho Camera Traps : loc_0051_seq_003301,Idaho Camera Traps : 51,5,deer,01-26-2016 11:37:12,5,train
https://storage.googleapis.com/public-datasets-lila/nacti-unzipped/part0/sub041/CA-08_08_04_2015_CA-08_0003881.jpg,NACTI : CA-08_08_04_2015_CA-08_0003881.jpg,NACTI : unknown,NACTI : lebec_CA-08,-1,deer,,5,train
https://storage.googleapis.com/public-datasets-lila/idaho-camera-traps/public/loc_0225/loc_0225_im_001945.jpg,Idaho Camera Traps : loc_0225_im_001945,Idaho Camera Traps : loc_0225_seq_000265,Idaho Camera Traps : 225,12,deer,01-14-2016 12:47:17,5,train
https://storage.googleapis.com/public-datasets-lila/caltech-unzipped/cct_images/59c17718-23d2-11e8-a6a3-ec086b02610b.jpg,Caltech Camera Traps : 59c17718-23d2-11e8-a6a3-ec086b02610b,Caltech Camera Traps : 7019f673-5567-11e8-adc3-dca9047ef277,Caltech Camera Traps : 42,3,deer,12-24-2014 02:29:35,5,val
https://storage.googleapis.com/public-datasets-lila/nacti-unzipped/part1/sub175/FL-12_06_29_2015_FL-12_0000686.jpg,NACTI : FL-12_06_29_2015_FL-12_0000686.jpg,NACTI : unknown,NACTI : archbold_FL-12,-1,deer,,5,train
https://storage.googleapis.com/public-datasets-lila/idaho-camera-traps/public/loc_0143/loc_0143_im_000637.jpg,Idaho Camera Traps : loc_0143_im_000637,Idaho Camera Traps : loc_0143_seq_000141,Idaho Camera Traps : 143,5,deer,07-24-2016 06:57:21,5,train
https://storage.googleapis.com/public-datasets-lila/nacti-unzipped/part1/sub199/FL-17_03_04_2016_FL-17_0064991.JPG,NACTI : FL-17_03_04_2016_FL-17_0064991.JPG,NACTI : unknown,NACTI : archbold_FL-17,-1,deer,,5,train
https://storage.googleapis.com/public-datasets-lila/nz-trailcams/Z20/deer/e16dd12e-0388-4925-8d63-a8f812c65b2f.JPG,Trail Camera Images of New Zealand Animals : Z20/deer/e16dd12e-0388-4925-8d63-a8f812c65b2f.JPG,Trail Camera Images of New Zealand Animals : unknown,Trail Camera Images of New Zealand Animals : Z20_3UU2200,-1,deer,04-03-2022 14:04:11,5,train
https://storage.googleapis.com/public-datasets-lila/idaho-camera-traps/public/loc_0103/loc_0103_im_003210.jpg,Idaho Camera Traps : loc_0103_im_003210,Idaho Camera Traps : loc_0103_seq_000434,Idaho Camera Traps : 103,3,deer,02-26-2016 18:14:01,5,train
https://storage.googleapis.com/public-datasets-lila/caltech-unzipped/cct_images/5a2638d3-23d2-11e8-a6a3-ec086b02610b.jpg,Caltech Camera Traps : 5a2638d3-23d2-11e8-a6a3-ec086b02610b,Caltech Camera Traps : 6f4e1163-5567-11e8-bef8-dca9047ef277,Caltech Camera Traps : 26,1,deer,09-19-2014 23:17:48,5,train
https://storage.googleapis.com/public-datasets-lila/idaho-camera-traps/public/loc_0193/loc_0193_im_000825.jpg,Idaho Camera Traps : loc_0193_im_000825,Idaho Camera Traps : loc_0193_seq_000124,Idaho Camera Traps : 193,11,deer,06-25-2016 00:40:25,5,val
https://storage.googleapis.com/public-datasets-lila/idaho-camera-traps/public/loc_0101/loc_0101_im_001503.jpg,Idaho Camera Traps : loc_0101_im_001503,Idaho Camera Traps : loc_0101_seq_000255,Idaho Camera Traps : 101,5,deer,11-30-2015 09:24:50,5,train
https://storage.googleapis.com/public-datasets-lila/nz-trailcams/LCC/deer/eae64a82-9db6-4566-8c97-a071a68e2acd.JPG,Trail Camera Images of New Zealand Animals : LCC/deer/eae64a82-9db6-4566-8c97-a071a68e2acd.JPG,Trail Camera Images of New Zealand Animals : unknown,Trail Camera Images of New Zealand Animals : LCC_R06,-1,deer,03-20-2018 07:16:17,5,val
https://storage.googleapis.com/public-datasets-lila/nz-trailcams/LCC/deer/8361c8f1-b9eb-4bb3-ac6e-dc1cadc0794e.JPG,Trail Camera Images of New Zealand Animals : LCC/deer/8361c8f1-b9eb-4bb3-ac6e-dc1cadc0794e.JPG,Trail Camera Images of New Zealand Animals : unknown,Trail Camera Images of New Zealand Animals : LCC_R135,-1,deer,03-18-2018 04:21:04,5,train
https://storage.googleapis.com/public-datasets-lila/idaho-camera-traps/public/loc_0126/loc_0126_im_002346.jpg,Idaho Camera Traps : loc_0126_im_002346,Idaho Camera Traps : loc_0126_seq_000224,Idaho Camera Traps : 126,8,deer,07-15-2016 16:21:11,5,train
https://storage.googleapis.com/public-datasets-lila/nacti-unzipped/part2/sub285/FL-41_01_23_2016_FL-41_0010068.jpg,NACTI : FL-41_01_23_2016_FL-41_0010068.jpg,NACTI : unknown,NACTI : archbold_FL-41,-1,deer,,5,train
https://storage.googleapis.com/public-datasets-lila/nacti-unzipped/part1/sub176/FL-12_07_28_2015_FL-12_0006674.jpg,NACTI : FL-12_07_28_2015_FL-12_0006674.jpg,NACTI : unknown,NACTI : archbold_FL-12,-1,deer,,5,train
https://storage.googleapis.com/public-datasets-lila/nz-trailcams/LCC/deer/7e458fe0-fbd3-4f3b-9997-770828fd9968.JPG,Trail Camera Images of New Zealand Animals : LCC/deer/7e458fe0-fbd3-4f3b-9997-770828fd9968.JPG,Trail Camera Images of New Zealand Animals : unknown,Trail Camera Images of New Zealand Animals : LCC_R68,-1,deer,04-22-2018 10:31:59,5,train
https://storage.googleapis.com/public-datasets-lila/nacti-unzipped/part1/sub169/FL-09_12_06_2015_FL-09_0039039.jpg,NACTI : FL-09_12_06_2015_FL-09_0039039.jpg,NACTI : unknown,NACTI : archbold_FL-09,-1,deer,,5,train
https://storage.googleapis.com/public-datasets-lila/idaho-camera-traps/public/loc_0206/loc_0206_im_001479.jpg,Idaho Camera Traps : loc_0206_im_001479,Idaho Camera Traps : loc_0206_seq_000157,Idaho Camera Traps : 206,6,deer,02-10-2017 07:29:26,5,train
https://storage.googleapis.com/public-datasets-lila/nz-trailcams/PS3/deer/24fd8494-fe14-4a38-b1d5-e9b9c61cc0ed.JPG,Trail Camera Images of New Zealand Animals : PS3/deer/24fd8494-fe14-4a38-b1d5-e9b9c61cc0ed.JPG,Trail Camera Images of New Zealand Animals : unknown,Trail Camera Images of New Zealand Animals : PS3_CAMFC23,-1,deer,03-28-2023 21:50:51,5,train
https://storage.googleapis.com/public-datasets-lila/idaho-camera-traps/public/loc_0092/loc_0092_im_002497.jpg,Idaho Camera Traps : loc_0092_im_002497,Idaho Camera Traps : loc_0092_seq_000395,Idaho Camera Traps : 92,4,deer,12-06-2015 13:16:42,5,train
https://storage.googleapis.com/public-datasets-lila/nacti-unzipped/part2/sub260/FL-30_07_28_2015_FL-30_0030927.jpg,NACTI : FL-30_07_28_2015_FL-30_0030927.jpg,NACTI : unknown,NACTI : archbold_FL-30,-1,deer,,5,train
https://storage.googleapis.com/public-datasets-lila/idaho-camera-traps/public/loc_0105/loc_0105_im_000676.jpg,Idaho Camera Traps : loc_0105_im_000676,Idaho Camera Traps : loc_0105_seq_000069,Idaho Camera Traps : 105,7,deer,09-07-2015 20:34:08,5,train
https://storage.googleapis.com/public-datasets-lila/nacti-unzipped/part0/sub042/CA-10_03_17_2016_CA-10_0018158.JPG,NACTI : CA-10_03_17_2016_CA-10_0018158.JPG,NACTI : unknown,NACTI : lebec_CA-10,-1,deer,,5,train
https://storage.googleapis.com/public-datasets-lila/wellington-unzipped/images/0104150408201266L203.JPG,Wellington Camera Traps : 0104150408201266L203,Wellington Camera Traps : 81667,Wellington Camera Traps : 1266,2,deer,04-01-2015 04:08:00,5,train
https://storage.googleapis.com/public-datasets-lila/idaho-camera-traps/public/loc_0126/loc_0126_im_003488.jpg,Idaho Camera Traps : loc_0126_im_003488,Idaho Camera Traps : loc_0126_seq_000357,Idaho Camera Traps : 126,7,deer,07-30-2016 07:16:26,5,train
https://storage.googleapis.com/public-datasets-lila/nz-trailcams/PS1/deer/22bbfc29-22a4-4335-a31b-a6472d4272e6.JPG,Trail Camera Images of New Zealand Animals : PS1/deer/22bbfc29-22a4-4335-a31b-a6472d4272e6.JPG,Trail Camera Images of New Zealand Animals : unknown,Trail Camera Images of New Zealand Animals : PS1_CAM8008,-1,deer,06-20-2022 16:58:47,5,train
https://storage.googleapis.com/public-datasets-lila/nacti-unzipped/part1/sub172/FL-11_12_08_2015_FL-11_0015631.jpg,NACTI : FL-11_12_08_2015_FL-11_0015631.jpg,NACTI : unknown,NACTI : archbold_FL-11,-1,deer,,5,train
https://storage.googleapis.com/public-datasets-lila/nz-trailcams/PS3/deer/018ff109-ec96-496f-a11d-36bdb7f0949f.JPG,Trail Camera Images of New Zealand Animals : PS3/deer/018ff109-ec96-496f-a11d-36bdb7f0949f.JPG,Trail Camera Images of New Zealand Animals : unknown,Trail Camera Images of New Zealand Animals : PS3_CAMGC43,-1,deer,02-27-2023 05:40:39,5,train
https://storage.googleapis.com/public-datasets-lila/nacti-unzipped/part2/sub277/FL-37_04_04_2016_FL-37_0009644.JPG,NACTI : FL-37_04_04_2016_FL-37_0009644.JPG,NACTI : unknown,NACTI : archbold_FL-37,-1,deer,,5,val
https://storage.googleapis.com/public-datasets-lila/nacti-unzipped/part2/sub284/FL-40_05_03_2016_FL-40_0017061.JPG,NACTI : FL-40_05_03_2016_FL-40_0017061.JPG,NACTI : unknown,NACTI : archbold_FL-40,-1,deer,,5,val
https://storage.googleapis.com/public-datasets-lila/idaho-camera-traps/public/loc_0101/loc_0101_im_001689.jpg,Idaho Camera Traps : loc_0101_im_001689,Idaho Camera Traps : loc_0101_seq_000295,Idaho Camera Traps : 101,5,deer,02-12-2016 10:00:23,5,train
https://storage.googleapis.com/public-datasets-lila/nacti-unzipped/part0/sub047/CA-12_09_15_2015_CA-12_0004564.jpg,NACTI : CA-12_09_15_2015_CA-12_0004564.jpg,NACTI : unknown,NACTI : lebec_CA-12,-1,deer,,5,train
https://storage.googleapis.com/public-datasets-lila/nacti-unzipped/part0/sub091/CA-37_08_03_2015_CA-37_0011305.jpg,NACTI : CA-37_08_03_2015_CA-37_0011305.jpg,NACTI : unknown,NACTI : lebec_CA-37,-1,deer,,5,train
https://storage.googleapis.com/public-datasets-lila/nacti-unzipped/part2/sub206/FL-17_07_28_2015_FL-17_0059417.jpg,NACTI : FL-17_07_28_2015_FL-17_0059417.jpg,NACTI : unknown,NACTI : archbold_FL-17,-1,deer,,5,train
https://storage.googleapis.com/public-datasets-lila/idaho-camera-traps/public/loc_0129/loc_0129_im_003463.jpg,Idaho Camera Traps : loc_0129_im_003463,Idaho Camera Traps : loc_0129_seq_000515,Idaho Camera Traps : 129,8,deer,10-16-2016 20:07:05,5,train
https://storage.googleapis.com/public-datasets-lila/nacti-unzipped/part0/sub063/CA-23_07_12_2016_CA-23_0021950.JPG,NACTI : CA-23_07_12_2016_CA-23_0021950.JPG,NACTI : unknown,NACTI : lebec_CA-23,-1,deer,,5,train
https://storage.googleapis.com/public-datasets-lila/nacti-unzipped/part1/sub134/FL-05_07_05_2016_FL-05_0042568.JPG,NACTI : FL-05_07_05_2016_FL-05_0042568.JPG,NACTI : unknown,NACTI : archbold_FL-05,-1,deer,,5,train
https://storage.googleapis.com/public-datasets-lila/idaho-camera-traps/public/loc_0194/loc_0194_im_000074.jpg,Idaho Camera Traps : loc_0194_im_000074,Idaho Camera Traps : loc_0194_seq_000008,Idaho Camera Traps : 194,3,deer,05-26-2016 05:43:58,5,train
https://storage.googleapis.com/public-datasets-lila/idaho-camera-traps/public/loc_0018/loc_0018_im_013339.jpg,Idaho Camera Traps : loc_0018_im_013339,Idaho Camera Traps : loc_0018_seq_011018,Idaho Camera Traps : 18,0,deer,03-19-2016 01:37:43,5,val
https://storage.googleapis.com/public-datasets-lila/nacti-unzipped/part1/sub169/FL-09_12_06_2015_FL-09_0039057.jpg,NACTI : FL-09_12_06_2015_FL-09_0039057.jpg,NACTI : unknown,NACTI : archbold_FL-09,-1,deer,,5,train
https://storage.googleapis.com/public-datasets-lila/idaho-camera-traps/public/loc_0026/loc_0026_im_002017.jpg,Idaho Camera Traps : loc_0026_im_002017,Idaho Camera Traps : loc_0026_seq_001774,Idaho Camera Traps : 26,1,deer,01-16-2016 03:09:39,5,train
https://storage.googleapis.com/public-datasets-lila/idaho-camera-traps/public/loc_0096/loc_0096_im_000803.jpg,Idaho Camera Traps : loc_0096_im_000803,Idaho Camera Traps : loc_0096_seq_000165,Idaho Camera Traps : 96,0,deer,04-03-2016 18:58:58,5,train
https://storage.googleapis.com/public-datasets-lila/idaho-camera-traps/public/loc_0077/loc_0077_im_000750.jpg,Idaho Camera Traps : loc_0077_im_000750,Idaho Camera Traps : loc_0077_seq_000063,Idaho Camera Traps : 77,0,deer,06-19-2015 21:13:53,5,train
https://storage.googleapis.com/public-datasets-lila/idaho-camera-traps/public/loc_0085/loc_0085_im_002709.jpg,Idaho Camera Traps : loc_0085_im_002709,Idaho Camera Traps : loc_0085_seq_000321,Idaho Camera Traps : 85,3,deer,03-18-2016 09:49:21,5,train
https://storage.googleapis.com/public-datasets-lila/nacti-unzipped/part2/sub288/FL-42_05_03_2016_FL-42_0008987.JPG,NACTI : FL-42_05_03_2016_FL-42_0008987.JPG,NACTI : unknown,NACTI : archbold_FL-42,-1,deer,,5,train
https://storage.googleapis.com/public-datasets-lila/nacti-unzipped/part2/sub258/FL-29_11_03_2015_FL-29_0050123.jpg,NACTI : FL-29_11_03_2015_FL-29_0050123.jpg,NACTI : unknown,NACTI : archbold_FL-29,-1,deer,,5,train
https://storage.googleapis.com/public-datasets-lila/nacti-unzipped/part1/sub177/FL-12_09_02_2015_FL-12_0012401.jpg,NACTI : FL-12_09_02_2015_FL-12_0012401.jpg,NACTI : unknown,NACTI : archbold_FL-12,-1,deer,,5,train
https://storage.googleapis.com/public-datasets-lila/nacti-unzipped/part1/sub110/CA-48_03_30_2015_CA-48_0001199.jpg,NACTI : CA-48_03_30_2015_CA-48_0001199.jpg,NACTI : unknown,NACTI : lebec_CA-48,-1,deer,,5,train
https://storage.googleapis.com/public-datasets-lila/nz-trailcams/LCC/deer/355b0b56-7fd7-4ba5-846b-a16fc0db0750.JPG,Trail Camera Images of New Zealand Animals : LCC/deer/355b0b56-7fd7-4ba5-846b-a16fc0db0750.JPG,Trail Camera Images of New Zealand Animals : unknown,Trail Camera Images of New Zealand Animals : LCC_B117,-1,deer,03-18-2018 04:39:02,5,train
https://storage.googleapis.com/public-datasets-lila/idaho-camera-traps/public/loc_0119/loc_0119_im_000199.jpg,Idaho Camera Traps : loc_0119_im_000199,Idaho Camera Traps : loc_0119_seq_000021,Idaho Camera Traps : 119,4,deer,11-04-2015 23:53:05,5,train
https://storage.googleapis.com/public-datasets-lila/idaho-camera-traps/public/loc_0117/loc_0117_im_001540.jpg,Idaho Camera Traps : loc_0117_im_001540,Idaho Camera Traps : loc_0117_seq_000206,Idaho Camera Traps : 117,1,deer,11-26-2015 06:08:07,5,train
https://storage.googleapis.com/public-datasets-lila/idaho-camera-traps/public/loc_0004/loc_0004_im_004150.jpg,Idaho Camera Traps : loc_0004_im_004150,Idaho Camera Traps : loc_0004_seq_003649,Idaho Camera Traps : 4,0,deer,02-01-2016 17:50:00,5,train
https://storage.googleapis.com/public-datasets-lila/idaho-camera-traps/public/loc_0199/loc_0199_im_004126.jpg,Idaho Camera Traps : loc_0199_im_004126,Idaho Camera Traps : loc_0199_seq_000282,Idaho Camera Traps : 199,5,deer,03-01-2016 16:44:57,5,train
https://storage.googleapis.com/public-datasets-lila/idaho-camera-traps/public/loc_0165/loc_0165_im_003737.jpg,Idaho Camera Traps : loc_0165_im_003737,Idaho Camera Traps : loc_0165_seq_000544,Idaho Camera Traps : 165,11,deer,10-04-2016 12:18:00,5,train
https://storage.googleapis.com/public-datasets-lila/idaho-camera-traps/public/loc_0141/loc_0141_im_001299.jpg,Idaho Camera Traps : loc_0141_im_001299,Idaho Camera Traps : loc_0141_seq_000259,Idaho Camera Traps : 141,8,deer,09-27-2016 02:53:49,5,train
https://storage.googleapis.com/public-datasets-lila/idaho-camera-traps/public/loc_0257/loc_0257_im_002805.jpg,Idaho Camera Traps : loc_0257_im_002805,Idaho Camera Traps : loc_0257_seq_000271,Idaho Camera Traps : 257,13,deer,01-28-2016 14:12:52,5,train
https://storage.googleapis.com/public-datasets-lila/nacti-unzipped/part1/sub116/FL-01_06_29_2015_FL-01_0036842.jpg,NACTI : FL-01_06_29_2015_FL-01_0036842.jpg,NACTI : unknown,NACTI : archbold_FL-01,-1,deer,,5,train
https://storage.googleapis.com/public-datasets-lila/idaho-camera-traps/public/loc_0121/loc_0121_im_001198.jpg,Idaho Camera Traps : loc_0121_im_001198,Idaho Camera Traps : loc_0121_seq_000122,Idaho Camera Traps : 121,4,deer,07-16-2015 09:59:56,5,train
https://storage.googleapis.com/public-datasets-lila/idaho-camera-traps/public/loc_0035/loc_0035_im_003716.jpg,Idaho Camera Traps : loc_0035_im_003716,Idaho Camera Traps : loc_0035_seq_001961,Idaho Camera Traps : 35,0,deer,01-16-2016 16:13:47,5,train
https://storage.googleapis.com/public-datasets-lila/idaho-camera-traps/public/loc_0028/loc_0028_im_000571.jpg,Idaho Camera Traps : loc_0028_im_000571,Idaho Camera Traps : loc_0028_seq_000563,Idaho Camera Traps : 28,0,deer,01-11-2016 13:15:00,5,val
https://storage.googleapis.com/public-datasets-lila/idaho-camera-traps/public/loc_0126/loc_0126_im_002092.jpg,Idaho Camera Traps : loc_0126_im_002092,Idaho Camera Traps : loc_0126_seq_000201,Idaho Camera Traps : 126,2,deer,07-13-2016 01:53:07,5,train
https://storage.googleapis.com/public-datasets-lila/idaho-camera-traps/public/loc_0138/loc_0138_im_001564.jpg,Idaho Camera Traps : loc_0138_im_001564,Idaho Camera Traps : loc_0138_seq_000296,Idaho Camera Traps : 138,5,deer,09-11-2016 08:35:14,5,val
https://storage.googleapis.com/public-datasets-lila/nacti-unzipped/part1/sub176/FL-12_07_28_2015_FL-12_0008650.jpg,NACTI : FL-12_07_28_2015_FL-12_0008650.jpg,NACTI : unknown,NACTI : archbold_FL-12,-1,deer,,5,train
https://storage.googleapis.com/public-datasets-lila/nz-trailcams/PS3/deer/1ee4b79d-2ca1-40c5-856a-67ca53789458.JPG,Trail Camera Images of New Zealand Animals : PS3/deer/1ee4b79d-2ca1-40c5-856a-67ca53789458.JPG,Trail Camera Images of New Zealand Animals : unknown,Trail Camera Images of New Zealand Animals : PS3_CAMFC23,-1,deer,03-27-2023 23:45:46,5,train
https://storage.googleapis.com/public-datasets-lila/idaho-camera-traps/public/loc_0126/loc_0126_im_001321.jpg,Idaho Camera Traps : loc_0126_im_001321,Idaho Camera Traps : loc_0126_seq_000117,Idaho Camera Traps : 126,1,deer,07-02-2016 18:20:14,5,train
https://storage.googleapis.com/public-datasets-lila/nz-trailcams/PS2/deer/753f83a1-c28d-44d4-92f8-ca41b1974288.JPG,Trail Camera Images of New Zealand Animals : PS2/deer/753f83a1-c28d-44d4-92f8-ca41b1974288.JPG,Trail Camera Images of New Zealand Animals : unknown,Trail Camera Images of New Zealand Animals : PS2_CAM8008,-1,deer,01-07-2023 11:19:11,5,train
https://storage.googleapis.com/public-datasets-lila/idaho-camera-traps/public/loc_0126/loc_0126_im_002342.jpg,Idaho Camera Traps : loc_0126_im_002342,Idaho Camera Traps : loc_0126_seq_000224,Idaho Camera Traps : 126,4,deer,07-15-2016 16:20:54,5,train
https://storage.googleapis.com/public-datasets-lila/idaho-camera-traps/public/loc_0003/loc_0003_im_007115.jpg,Idaho Camera Traps : loc_0003_im_007115,Idaho Camera Traps : loc_0003_seq_005090,Idaho Camera Traps : 3,22,deer,02-11-2016 10:50:11,5,val
https://storage.googleapis.com/public-datasets-lila/nacti-unzipped/part0/sub088/CA-34_08_05_2016_CA-34_0029392.JPG,NACTI : CA-34_08_05_2016_CA-34_0029392.JPG,NACTI : unknown,NACTI : lebec_CA-34,-1,deer,,5,train
https://storage.googleapis.com/public-datasets-lila/nz-trailcams/PS1/deer/3dfdfaa9-8ddf-4d3a-aff4-c4027fa08080.JPG,Trail Camera Images of New Zealand Animals : PS1/deer/3dfdfaa9-8ddf-4d3a-aff4-c4027fa08080.JPG,Trail Camera Images of New Zealand Animals : unknown,Trail Camera Images of New Zealand Animals : PS1_CAMGC43,-1,deer,04-26-2022 23:15:52,5,train
https://storage.googleapis.com/public-datasets-lila/nz-trailcams/PS1/deer/9d6163b6-e294-40b3-930f-412c6b682ada.JPG,Trail Camera Images of New Zealand Animals : PS1/deer/9d6163b6-e294-40b3-930f-412c6b682ada.JPG,Trail Camera Images of New Zealand Animals : unknown,Trail Camera Images of New Zealand Animals : PS1_CAM7905,-1,deer,05-28-2022 03:50:57,5,train
https://storage.googleapis.com/public-datasets-lila/nacti-unzipped/part1/sub175/FL-12_06_29_2015_FL-12_0000508.jpg,NACTI : FL-12_06_29_2015_FL-12_0000508.jpg,NACTI : unknown,NACTI : archbold_FL-12,-1,deer,,5,train
https://storage.googleapis.com/public-datasets-lila/nacti-unzipped/part2/sub267/FL-31_12_06_2015_FL-31_0029790.jpg,NACTI : FL-31_12_06_2015_FL-31_0029790.jpg,NACTI : unknown,NACTI : archbold_FL-31,-1,deer,,5,train
https://storage.googleapis.com/public-datasets-lila/idaho-camera-traps/public/loc_0026/loc_0026_im_013892.jpg,Idaho Camera Traps : loc_0026_im_013892,Idaho Camera Traps : loc_0026_seq_012655,Idaho Camera Traps : 26,9,deer,03-31-2016 05:33:57,5,train
https://storage.googleapis.com/public-datasets-lila/idaho-camera-traps/public/loc_0121/loc_0121_im_003718.jpg,Idaho Camera Traps : loc_0121_im_003718,Idaho Camera Traps : loc_0121_seq_000430,Idaho Camera Traps : 121,9,deer,11-29-2015 22:03:32,5,train
https://storage.googleapis.com/public-datasets-lila/idaho-camera-traps/public/loc_0004/loc_0004_im_004353.jpg,Idaho Camera Traps : loc_0004_im_004353,Idaho Camera Traps : loc_0004_seq_003845,Idaho Camera Traps : 4,7,deer,02-03-2016 10:08:19,5,train
https://storage.googleapis.com/public-datasets-lila/idaho-camera-traps/public/loc_0148/loc_0148_im_003837.jpg,Idaho Camera Traps : loc_0148_im_003837,Idaho Camera Traps : loc_0148_seq_000355,Idaho Camera Traps : 148,8,deer,08-14-2016 07:33:12,5,train
https://storage.googleapis.com/public-datasets-lila/nz-trailcams/PS1/deer/ab01d3a9-c002-494e-8217-42a6b9050d9f.JPG,Trail Camera Images of New Zealand Animals : PS1/deer/ab01d3a9-c002-494e-8217-42a6b9050d9f.JPG,Trail Camera Images of New Zealand Animals : unknown,Trail Camera Images of New Zealand Animals : PS1_CAMFC23,-1,deer,06-20-2022 02:57:33,5,train
https://storage.googleapis.com/public-datasets-lila/idaho-camera-traps/public/loc_0046/loc_0046_im_013365.jpg,Idaho Camera Traps : loc_0046_im_013365,Idaho Camera Traps : loc_0046_seq_009554,Idaho Camera Traps : 46,2,deer,03-08-2016 14:26:44,5,val
https://storage.googleapis.com/public-datasets-lila/idaho-camera-traps/public/loc_0234/loc_0234_im_001765.jpg,Idaho Camera Traps : loc_0234_im_001765,Idaho Camera Traps : loc_0234_seq_000219,Idaho Camera Traps : 234,0,deer,03-08-2016 07:27:21,5,train
https://storage.googleapis.com/public-datasets-lila/caltech-unzipped/cct_images/59e1046d-23d2-11e8-a6a3-ec086b02610b.jpg,Caltech Camera Traps : 59e1046d-23d2-11e8-a6a3-ec086b02610b,Caltech Camera Traps : 70122fab-5567-11e8-b771-dca9047ef277,Caltech Camera Traps : 27,1,deer,05-25-2014 03:56:48,5,train
https://storage.googleapis.com/public-datasets-lila/idaho-camera-traps/public/loc_0225/loc_0225_im_004498.jpg,Idaho Camera Traps : loc_0225_im_004498,Idaho Camera Traps : loc_0225_seq_000633,Idaho Camera Traps : 225,1,deer,02-12-2016 12:24:39,5,train
https://storage.googleapis.com/public-datasets-lila/idaho-camera-traps/public/loc_0077/loc_0077_im_002383.jpg,Idaho Camera Traps : loc_0077_im_002383,Idaho Camera Traps : loc_0077_seq_000248,Idaho Camera Traps : 77,7,deer,09-14-2015 18:33:49,5,train
https://storage.googleapis.com/public-datasets-lila/idaho-camera-traps/public/loc_0012/loc_0012_im_015599.jpg,Idaho Camera Traps : loc_0012_im_015599,Idaho Camera Traps : loc_0012_seq_011624,Idaho Camera Traps : 12,27,deer,03-23-2016 06:42:01,5,train
https://storage.googleapis.com/public-datasets-lila/idaho-camera-traps/public/loc_0208/loc_0208_im_008937.jpg,Idaho Camera Traps : loc_0208_im_008937,Idaho Camera Traps : loc_0208_seq_000817,Idaho Camera Traps : 208,19,deer,01-26-2016 11:02:50,5,train
https://storage.googleapis.com/public-datasets-lila/idaho-camera-traps/public/loc_0051/loc_0051_im_015807.jpg,Idaho Camera Traps : loc_0051_im_015807,Idaho Camera Traps : loc_0051_seq_012827,Idaho Camera Traps : 51,5,deer,04-01-2016 06:41:36,5,train
https://storage.googleapis.com/public-datasets-lila/idaho-camera-traps/public/loc_0233/loc_0233_im_001116.jpg,Idaho Camera Traps : loc_0233_im_001116,Idaho Camera Traps : loc_0233_seq_000176,Idaho Camera Traps : 233,7,deer,03-17-2016 00:48:31,5,train
https://storage.googleapis.com/public-datasets-lila/idaho-camera-traps/public/loc_0088/loc_0088_im_000224.jpg,Idaho Camera Traps : loc_0088_im_000224,Idaho Camera Traps : loc_0088_seq_000019,Idaho Camera Traps : 88,11,deer,06-09-2015 06:57:20,5,train
https://storage.googleapis.com/public-datasets-lila/idaho-camera-traps/public/loc_0143/loc_0143_im_000267.jpg,Idaho Camera Traps : loc_0143_im_000267,Idaho Camera Traps : loc_0143_seq_000059,Idaho Camera Traps : 143,3,deer,06-19-2016 04:58:12,5,train
https://storage.googleapis.com/public-datasets-lila/idaho-camera-traps/public/loc_0124/loc_0124_im_001507.jpg,Idaho Camera Traps : loc_0124_im_001507,Idaho Camera Traps : loc_0124_seq_000169,Idaho Camera Traps : 124,4,deer,10-01-2015 03:41:30,5,test
https://storage.googleapis.com/public-datasets-lila/idaho-camera-traps/public/loc_0257/loc_0257_im_002456.jpg,Idaho Camera Traps : loc_0257_im_002456,Idaho Camera Traps : loc_0257_seq_000225,Idaho Camera Traps : 257,5,deer,01-17-2016 15:14:14,5,train
https://storage.googleapis.com/public-datasets-lila/nacti-unzipped/part1/sub178/FL-12_12_08_2015_FL-12_0020758.jpg,NACTI : FL-12_12_08_2015_FL-12_0020758.jpg,NACTI : unknown,NACTI : archbold_FL-12,-1,deer,,5,train
https://storage.googleapis.com/public-datasets-lila/nacti-unzipped/part1/sub136/FL-06_06_01_2015_FL-06_0000210.jpg,NACTI : FL-06_06_01_2015_FL-06_0000210.jpg,NACTI : unknown,NACTI : archbold_FL-06,-1,deer,,5,val
https://storage.googleapis.com/public-datasets-lila/nacti-unzipped/part1/sub134/FL-05_08_02_2016_FL-05_0043392.JPG,NACTI : FL-05_08_02_2016_FL-05_0043392.JPG,NACTI : unknown,NACTI : archbold_FL-05,-1,deer,,5,train
https://storage.googleapis.com/public-datasets-lila/nacti-unzipped/part2/sub261/FL-30_09_03_2015_FL-30_0035661.jpg,NACTI : FL-30_09_03_2015_FL-30_0035661.jpg,NACTI : unknown,NACTI : archbold_FL-30,-1,deer,,5,train
https://storage.googleapis.com/public-datasets-lila/idaho-camera-traps/public/loc_0015/loc_0015_im_013365.jpg,Idaho Camera Traps : loc_0015_im_013365,Idaho Camera Traps : loc_0015_seq_011542,Idaho Camera Traps : 15,10,deer,03-23-2016 02:55:05,5,train
https://storage.googleapis.com/public-datasets-lila/idaho-camera-traps/public/loc_0118/loc_0118_im_003678.jpg,Idaho Camera Traps : loc_0118_im_003678,Idaho Camera Traps : loc_0118_seq_000475,Idaho Camera Traps : 118,3,deer,04-21-2016 21:02:06,5,train
https://storage.googleapis.com/public-datasets-lila/idaho-camera-traps/public/loc_0110/loc_0110_im_001839.jpg,Idaho Camera Traps : loc_0110_im_001839,Idaho Camera Traps : loc_0110_seq_000206,Idaho Camera Traps : 110,5,deer,11-08-2015 07:54:39,5,train
https://storage.googleapis.com/public-datasets-lila/nz-trailcams/Z20/deer/78607b50-483b-45fc-bd33-6830ae98ac6c.JPG,Trail Camera Images of New Zealand Animals : Z20/deer/78607b50-483b-45fc-bd33-6830ae98ac6c.JPG,Trail Camera Images of New Zealand Animals : unknown,Trail Camera Images of New Zealand Animals : Z20_LG173,-1,deer,02-16-2022 15:47:10,5,train
https://storage.googleapis.com/public-datasets-lila/idaho-camera-traps/public/loc_0225/loc_0225_im_001773.jpg,Idaho Camera Traps : loc_0225_im_001773,Idaho Camera Traps : loc_0225_seq_000240,Idaho Camera Traps : 225,4,deer,01-11-2016 09:52:21,5,train
https://storage.googleapis.com/public-datasets-lila/nz-trailcams/LCC/deer/d98be5d1-54c5-4787-af03-c74db32f7da4.JPG,Trail Camera Images of New Zealand Animals : LCC/deer/d98be5d1-54c5-4787-af03-c74db32f7da4.JPG,Trail Camera Images of New Zealand Animals : unknown,Trail Camera Images of New Zealand Animals : LCC_R113,-1,deer,03-21-2018 15:06:46,5,train
https://storage.googleapis.com/public-datasets-lila/nacti-unzipped/part0/sub063/CA-22_06_13_2015_CA-22_0008638.jpg,NACTI : CA-22_06_13_2015_CA-22_0008638.jpg,NACTI : unknown,NACTI : lebec_CA-22,-1,deer,,5,train
https://storage.googleapis.com/public-datasets-lila/idaho-camera-traps/public/loc_0079/loc_0079_im_000200.jpg,Idaho Camera Traps : loc_0079_im_000200,Idaho Camera Traps : loc_0079_seq_000018,Idaho Camera Traps : 79,3,deer,05-13-2015 16:57:28,5,train
https://storage.googleapis.com/public-datasets-lila/idaho-camera-traps/public/loc_0124/loc_0124_im_001582.jpg,Idaho Camera Traps : loc_0124_im_001582,Idaho Camera Traps : loc_0124_seq_000172,Idaho Camera Traps : 124,13,deer,10-01-2015 03:51:08,5,test
https://storage.googleapis.com/public-datasets-lila/nacti-unzipped/part2/sub241/FL-27_03_07_2016_FL-27_0050362.JPG,NACTI : FL-27_03_07_2016_FL-27_0050362.JPG,NACTI : unknown,NACTI : archbold_FL-27,-1,deer,,5,train
https://storage.googleapis.com/public-datasets-lila/idaho-camera-traps/public/loc_0269/loc_0269_im_004538.jpg,Idaho Camera Traps : loc_0269_im_004538,Idaho Camera Traps : loc_0269_seq_000407,Idaho Camera Traps : 269,26,deer,01-25-2016 10:17:31,5,train
https://storage.googleapis.com/public-datasets-lila/nacti-unzipped/part2/sub241/FL-27_05_02_2016_FL-27_0056010.JPG,NACTI : FL-27_05_02_2016_FL-27_0056010.JPG,NACTI : unknown,NACTI : archbold_FL-27,-1,deer,,5,train
https://storage.googleapis.com/public-datasets-lila/idaho-camera-traps/public/loc_0129/loc_0129_im_001845.jpg,Idaho Camera Traps : loc_0129_im_001845,Idaho Camera Traps : loc_0129_seq_000235,Idaho Camera Traps : 129,7,deer,07-12-2016 21:38:39,5,train
https://storage.googleapis.com/public-datasets-lila/idaho-camera-traps/public/loc_0175/loc_0175_im_001197.jpg,Idaho Camera Traps : loc_0175_im_001197,Idaho Camera Traps : loc_0175_seq_000251,Idaho Camera Traps : 175,8,deer,08-09-2016 12:16:06,5,train
https://storage.googleapis.com/public-datasets-lila/idaho-camera-traps/public/loc_0098/loc_0098_im_003282.jpg,Idaho Camera Traps : loc_0098_im_003282,Idaho Camera Traps : loc_0098_seq_000352,Idaho Camera Traps : 98,0,deer,08-31-2015 09:38:23,5,train
https://storage.googleapis.com/public-datasets-lila/idaho-camera-traps/public/loc_0107/loc_0107_im_000412.jpg,Idaho Camera Traps : loc_0107_im_000412,Idaho Camera Traps : loc_0107_seq_000035,Idaho Camera Traps : 107,7,deer,07-06-2015 21:07:33,5,test
https://storage.googleapis.com/public-datasets-lila/nacti-unzipped/part1/sub134/FL-05_07_28_2015_FL-05_0021743.jpg,NACTI : FL-05_07_28_2015_FL-05_0021743.jpg,NACTI : unknown,NACTI : archbold_FL-05,-1,deer,,5,train
https://storage.googleapis.com/public-datasets-lila/nacti-unzipped/part1/sub178/FL-12_11_02_2015_FL-12_0018262.jpg,NACTI : FL-12_11_02_2015_FL-12_0018262.jpg,NACTI : unknown,NACTI : archbold_FL-12,-1,deer,,5,train
https://storage.googleapis.com/public-datasets-lila/idaho-camera-traps/public/loc_0105/loc_0105_im_000028.jpg,Idaho Camera Traps : loc_0105_im_000028,Idaho Camera Traps : loc_0105_seq_000002,Idaho Camera Traps : 105,10,deer,05-30-2015 02:58:27,5,train
https://storage.googleapis.com/public-datasets-lila/nacti-unzipped/part1/sub154/FL-07_07_28_2015_FL-07_0099918.jpg,NACTI : FL-07_07_28_2015_FL-07_0099918.jpg,NACTI : unknown,NACTI : archbold_FL-07,-1,deer,,5,train
https://storage.googleapis.com/public-datasets-lila/idaho-camera-traps/public/loc_0209/loc_0209_im_001440.jpg,Idaho Camera Traps : loc_0209_im_001440,Idaho Camera Traps : loc_0209_seq_000234,Idaho Camera Traps : 209,7,deer,03-04-2016 10:13:40,5,train
https://storage.googleapis.com/public-datasets-lila/nacti-unzipped/part1/sub176/FL-12_07_28_2015_FL-12_0006913.jpg,NACTI : FL-12_07_28_2015_FL-12_0006913.jpg,NACTI : unknown,NACTI : archbold_FL-12,-1,deer,,5,train
https://storage.googleapis.com/public-datasets-lila/nacti-unzipped/part1/sub177/FL-12_09_02_2015_FL-12_0011298.jpg,NACTI : FL-12_09_02_2015_FL-12_0011298.jpg,NACTI : unknown,NACTI : archbold_FL-12,-1,deer,,5,train
https://storage.googleapis.com/public-datasets-lila/caltech-unzipped/cct_images/5879d1d8-23d2-11e8-a6a3-ec086b02610b.jpg,Caltech Camera Traps : 5879d1d8-23d2-11e8-a6a3-ec086b02610b,Caltech Camera Traps : 701b6c00-5567-11e8-b5c1-dca9047ef277,Caltech Camera Traps : 117,2,deer,11-28-2013 08:27:17,5,train
https://storage.googleapis.com/public-datasets-lila/idaho-camera-traps/public/loc_0156/loc_0156_im_000783.jpg,Idaho Camera Traps : loc_0156_im_000783,Idaho Camera Traps : loc_0156_seq_000137,Idaho Camera Traps : 156,13,deer,08-03-2016 10:26:24,5,train
https://storage.googleapis.com/public-datasets-lila/nz-trailcams/PS3/deer/24d6f158-bd83-42a5-92b1-1b5fd1973353.JPG,Trail Camera Images of New Zealand Animals : PS3/deer/24d6f158-bd83-42a5-92b1-1b5fd1973353.JPG,Trail Camera Images of New Zealand Animals : unknown,Trail Camera Images of New Zealand Animals : PS3_CAM7910,-1,deer,01-13-2023 23:17:26,5,test
https://storage.googleapis.com/public-datasets-lila/nacti-unzipped/part2/sub208/FL-18_08_04_2016_FL-18_0027005.JPG,NACTI : FL-18_08_04_2016_FL-18_0027005.JPG,NACTI : unknown,NACTI : archbold_FL-18,-1,deer,,5,train
https://storage.googleapis.com/public-datasets-lila/nacti-unzipped/part1/sub198/FL-16_08_05_2016_FL-16_0140337.JPG,NACTI : FL-16_08_05_2016_FL-16_0140337.JPG,NACTI : unknown,NACTI : archbold_FL-16,-1,deer,,5,train
https://storage.googleapis.com/public-datasets-lila/idaho-camera-traps/public/loc_0097/loc_0097_im_002020.jpg,Idaho Camera Traps : loc_0097_im_002020,Idaho Camera Traps : loc_0097_seq_000250,Idaho Camera Traps : 97,7,deer,04-05-2016 11:33:09,5,train
https://storage.googleapis.com/public-datasets-lila/nacti-unzipped/part1/sub176/FL-12_07_28_2015_FL-12_0005223.jpg,NACTI : FL-12_07_28_2015_FL-12_0005223.jpg,NACTI : unknown,NACTI : archbold_FL-12,-1,deer,,5,train
https://storage.googleapis.com/public-datasets-lila/idaho-camera-traps/public/loc_0153/loc_0153_im_001267.jpg,Idaho Camera Traps : loc_0153_im_001267,Idaho Camera Traps : loc_0153_seq_000310,Idaho Camera Traps : 153,0,deer,09-25-2016 19:56:29,5,train
https://storage.googleapis.com/public-datasets-lila/nacti-unzipped/part2/sub279/FL-37_09_08_2016_FL-37_0028661.JPG,NACTI : FL-37_09_08_2016_FL-37_0028661.JPG,NACTI : unknown,NACTI : archbold_FL-37,-1,deer,,5,val
https://storage.googleapis.com/public-datasets-lila/nacti-unzipped/part1/sub178/FL-12_11_02_2015_FL-12_0018826.jpg,NACTI : FL-12_11_02_2015_FL-12_0018826.jpg,NACTI : unknown,NACTI : archbold_FL-12,-1,deer,,5,train
https://storage.googleapis.com/public-datasets-lila/idaho-camera-traps/public/loc_0269/loc_0269_im_001114.jpg,Idaho Camera Traps : loc_0269_im_001114,Idaho Camera Traps : loc_0269_seq_000101,Idaho Camera Traps : 269,6,deer,12-28-2015 13:04:53,5,train
https://storage.googleapis.com/public-datasets-lila/idaho-camera-traps/public/loc_0091/loc_0091_im_001402.jpg,Idaho Camera Traps : loc_0091_im_001402,Idaho Camera Traps : loc_0091_seq_000184,Idaho Camera Traps : 91,6,deer,05-18-2016 09:00:37,5,train
https://storage.googleapis.com/public-datasets-lila/nacti-unzipped/part1/sub175/FL-12_06_29_2015_FL-12_0002100.jpg,NACTI : FL-12_06_29_2015_FL-12_0002100.jpg,NACTI : unknown,NACTI : archbold_FL-12,-1,deer,,5,train
https://storage.googleapis.com/public-datasets-lila/nacti-unzipped/part1/sub187/FL-14_09_01_2016_FL-14_0028607.JPG,NACTI : FL-14_09_01_2016_FL-14_0028607.JPG,NACTI : unknown,NACTI : archbold_FL-14,-1,deer,,5,train
https://storage.googleapis.com/public-datasets-lila/nz-trailcams/EFD/deer/2B83A093-67CA-448A-8CCB-288CA8C003DA.JPG,Trail Camera Images of New Zealand Animals : EFD/deer/2B83A093-67CA-448A-8CCB-288CA8C003DA.JPG,Trail Camera Images of New Zealand Animals : unknown,Trail Camera Images of New Zealand Animals : EFD_DCAMD11,-1,deer,04-24-2018 09:15:33,5,train
https://storage.googleapis.com/public-datasets-lila/idaho-camera-traps/public/loc_0250/loc_0250_im_001887.jpg,Idaho Camera Traps : loc_0250_im_001887,Idaho Camera Traps : loc_0250_seq_000176,Idaho Camera Traps : 250,35,deer,01-17-2016 12:38:05,5,train
https://storage.googleapis.com/public-datasets-lila/nacti-unzipped/part0/sub037/CA-04_08_12_2015_CA-04_0007591.jpg,NACTI : CA-04_08_12_2015_CA-04_0007591.jpg,NACTI : unknown,NACTI : lebec_CA-04,-1,deer,,5,train
https://storage.googleapis.com/public-datasets-lila/idaho-camera-traps/public/loc_0117/loc_0117_im_002464.jpg,Idaho Camera Traps : loc_0117_im_002464,Idaho Camera Traps : loc_0117_seq_000372,Idaho Camera Traps : 117,4,deer,04-28-2016 18:53:52,5,train
https://storage.googleapis.com/public-datasets-lila/nacti-unzipped/part0/sub069/CA-26_08_17_2015_CA-26_0004883.jpg,NACTI : CA-26_08_17_2015_CA-26_0004883.jpg,NACTI : unknown,NACTI : lebec_CA-26,-1,deer,,5,train
https://storage.googleapis.com/public-datasets-lila/nacti-unzipped/part2/sub268/FL-32_12_07_2015_FL-32_0001695.jpg,NACTI : FL-32_12_07_2015_FL-32_0001695.jpg,NACTI : unknown,NACTI : archbold_FL-32,-1,deer,,5,train
https://storage.googleapis.com/public-datasets-lila/nacti-unzipped/part1/sub175/FL-12_06_29_2015_FL-12_0001938.jpg,NACTI : FL-12_06_29_2015_FL-12_0001938.jpg,NACTI : unknown,NACTI : archbold_FL-12,-1,deer,,5,train
https://storage.googleapis.com/public-datasets-lila/idaho-camera-traps/public/loc_0193/loc_0193_im_003719.jpg,Idaho Camera Traps : loc_0193_im_003719,Idaho Camera Traps : loc_0193_seq_000730,Idaho Camera Traps : 193,2,deer,08-17-2016 05:44:42,5,val
https://storage.googleapis.com/public-datasets-lila/idaho-camera-traps/public/loc_0140/loc_0140_im_000523.jpg,Idaho Camera Traps : loc_0140_im_000523,Idaho Camera Traps : loc_0140_seq_000085,Idaho Camera Traps : 140,12,deer,06-20-2016 15:51:12,5,train
https://storage.googleapis.com/public-datasets-lila/idaho-camera-traps/public/loc_0156/loc_0156_im_000619.jpg,Idaho Camera Traps : loc_0156_im_000619,Idaho Camera Traps : loc_0156_seq_000095,Idaho Camera Traps : 156,7,deer,07-08-2016 05:52:45,5,train
https://storage.googleapis.com/public-datasets-lila/idaho-camera-traps/public/loc_0122/loc_0122_im_000718.jpg,Idaho Camera Traps : loc_0122_im_000718,Idaho Camera Traps : loc_0122_seq_000074,Idaho Camera Traps : 122,1,deer,06-26-2015 05:28:58,5,val
https://storage.googleapis.com/public-datasets-lila/nz-trailcams/LCC/deer/d47a1c11-5f59-4af2-8202-d226b2660b25.JPG,Trail Camera Images of New Zealand Animals : LCC/deer/d47a1c11-5f59-4af2-8202-d226b2660b25.JPG,Trail Camera Images of New Zealand Animals : unknown,Trail Camera Images of New Zealand Animals : LCC_B95,-1,deer,05-22-2018 00:55:11,5,train
https://storage.googleapis.com/public-datasets-lila/nacti-unzipped/part0/sub084/CA-32_08_17_2015_CA-32_0000728.jpg,NACTI : CA-32_08_17_2015_CA-32_0000728.jpg,NACTI : unknown,NACTI : lebec_CA-32,-1,deer,,5,train
https://storage.googleapis.com/public-datasets-lila/idaho-camera-traps/public/loc_0010/loc_0010_im_006886.jpg,Idaho Camera Traps : loc_0010_im_006886,Idaho Camera Traps : loc_0010_seq_006696,Idaho Camera Traps : 10,8,deer,02-18-2016 16:05:38,5,train
https://storage.googleapis.com/public-datasets-lila/idaho-camera-traps/public/loc_0028/loc_0028_im_002349.jpg,Idaho Camera Traps : loc_0028_im_002349,Idaho Camera Traps : loc_0028_seq_002212,Idaho Camera Traps : 28,0,deer,01-22-2016 17:20:00,5,val
https://storage.googleapis.com/public-datasets-lila/idaho-camera-traps/public/loc_0168/loc_0168_im_001624.jpg,Idaho Camera Traps : loc_0168_im_001624,Idaho Camera Traps : loc_0168_seq_000229,Idaho Camera Traps : 168,1,deer,08-06-2016 18:47:34,5,train
https://storage.googleapis.com/public-datasets-lila/idaho-camera-traps/public/loc_0196/loc_0196_im_000195.jpg,Idaho Camera Traps : loc_0196_im_000195,Idaho Camera Traps : loc_0196_seq_000014,Idaho Camera Traps : 196,3,deer,06-20-2015 11:39:55,5,train
https://storage.googleapis.com/public-datasets-lila/idaho-camera-traps/public/loc_0087/loc_0087_im_000796.jpg,Idaho Camera Traps : loc_0087_im_000796,Idaho Camera Traps : loc_0087_seq_000103,Idaho Camera Traps : 87,4,deer,07-28-2015 05:15:26,5,train
https://storage.googleapis.com/public-datasets-lila/caltech-unzipped/cct_images/5a14a380-23d2-11e8-a6a3-ec086b02610b.jpg,Caltech Camera Traps : 5a14a380-23d2-11e8-a6a3-ec086b02610b,Caltech Camera Traps : 7012bb02-5567-11e8-b6fd-dca9047ef277,Caltech Camera Traps : 27,2,deer,04-04-2015 03:44:34,5,train
https://storage.googleapis.com/public-datasets-lila/nacti-unzipped/part2/sub213/FL-19_12_08_2015_FL-19_0040692.jpg,NACTI : FL-19_12_08_2015_FL-19_0040692.jpg,NACTI : unknown,NACTI : archbold_FL-19,-1,deer,,5,train
https://storage.googleapis.com/public-datasets-lila/idaho-camera-traps/public/loc_0168/loc_0168_im_000591.jpg,Idaho Camera Traps : loc_0168_im_000591,Idaho Camera Traps : loc_0168_seq_000069,Idaho Camera Traps : 168,4,deer,06-15-2016 16:29:59,5,train
https://storage.googleapis.com/public-datasets-lila/nacti-unzipped/part1/sub168/FL-09_07_29_2015_FL-09_0032779.jpg,NACTI : FL-09_07_29_2015_FL-09_0032779.jpg,NACTI : unknown,NACTI : archbold_FL-09,-1,deer,,5,train
https://storage.googleapis.com/public-datasets-lila/nacti-unzipped/part2/sub245/FL-27_08_05_2016_FL-27_0068953.JPG,NACTI : FL-27_08_05_2016_FL-27_0068953.JPG,NACTI : unknown,NACTI : archbold_FL-27,-1,deer,,5,train
https://storage.googleapis.com/public-datasets-lila/nacti-unzipped/part1/sub162/FL-09_01_21_2016_FL-09_0041169.jpg,NACTI : FL-09_01_21_2016_FL-09_0041169.jpg,NACTI : unknown,NACTI : archbold_FL-09,-1,deer,,5,train
https://storage.googleapis.com/public-datasets-lila/idaho-camera-traps/public/loc_0157/loc_0157_im_000459.jpg,Idaho Camera Traps : loc_0157_im_000459,Idaho Camera Traps : loc_0157_seq_000119,Idaho Camera Traps : 157,10,deer,07-22-2016 07:32:29,5,train
https://storage.googleapis.com/public-datasets-lila/idaho-camera-traps/public/loc_0051/loc_0051_im_015453.jpg,Idaho Camera Traps : loc_0051_im_015453,Idaho Camera Traps : loc_0051_seq_012577,Idaho Camera Traps : 51,5,deer,03-30-2016 10:25:08,5,train
https://storage.googleapis.com/public-datasets-lila/nacti-unzipped/part2/sub232/FL-23_12_08_2015_FL-23_0016428.jpg,NACTI : FL-23_12_08_2015_FL-23_0016428.jpg,NACTI : unknown,NACTI : archbold_FL-23,-1,deer,,5,train
https://storage.googleapis.com/public-datasets-lila/idaho-camera-traps/public/loc_0268/loc_0268_im_002251.jpg,Idaho Camera Traps : loc_0268_im_002251,Idaho Camera Traps : loc_0268_seq_002111,Idaho Camera Traps : 268,21,deer,01-22-2016 17:03:13,5,train
https://storage.googleapis.com/public-datasets-lila/idaho-camera-traps/public/loc_0076/loc_0076_im_000732.jpg,Idaho Camera Traps : loc_0076_im_000732,Idaho Camera Traps : loc_0076_seq_000068,Idaho Camera Traps : 76,0,deer,06-30-2015 05:15:15,5,val
https://storage.googleapis.com/public-datasets-lila/nz-trailcams/EFD/deer/A39CAB94-2082-4A9D-AC55-3AF7C5C0B2DE.JPG,Trail Camera Images of New Zealand Animals : EFD/deer/A39CAB94-2082-4A9D-AC55-3AF7C5C0B2DE.JPG,Trail Camera Images of New Zealand Animals : unknown,Trail Camera Images of New Zealand Animals : EFD_DCAMD02,-1,deer,04-20-2019 10:44:32,5,train
https://storage.googleapis.com/public-datasets-lila/nz-trailcams/LCC/deer/807e0252-e697-47f8-b39d-c06a8fbaacb5.JPG,Trail Camera Images of New Zealand Animals : LCC/deer/807e0252-e697-47f8-b39d-c06a8fbaacb5.JPG,Trail Camera Images of New Zealand Animals : unknown,Trail Camera Images of New Zealand Animals : LCC_R21,-1,deer,05-04-2018 23:55:53,5,train
https://storage.googleapis.com/public-datasets-lila/nacti-unzipped/part2/sub288/FL-42_03_09_2016_FL-42_0008122.JPG,NACTI : FL-42_03_09_2016_FL-42_0008122.JPG,NACTI : unknown,NACTI : archbold_FL-42,-1,deer,,5,train
https://storage.googleapis.com/public-datasets-lila/idaho-camera-traps/public/loc_0121/loc_0121_im_004657.jpg,Idaho Camera Traps : loc_0121_im_004657,Idaho Camera Traps : loc_0121_seq_000551,Idaho Camera Traps : 121,12,deer,02-23-2016 11:33:13,5,train
https://storage.googleapis.com/public-datasets-lila/idaho-camera-traps/public/loc_0137/loc_0137_im_000462.jpg,Idaho Camera Traps : loc_0137_im_000462,Idaho Camera Traps : loc_0137_seq_000166,Idaho Camera Traps : 137,3,deer,09-17-2016 07:38:43,5,train
https://storage.googleapis.com/public-datasets-lila/idaho-camera-traps/public/loc_0112/loc_0112_im_000368.jpg,Idaho Camera Traps : loc_0112_im_000368,Idaho Camera Traps : loc_0112_seq_000047,Idaho Camera Traps : 112,5,deer,10-06-2015 02:59:37,5,train
https://storage.googleapis.com/public-datasets-lila/nacti-unzipped/part1/sub187/FL-14_11_02_2015_FL-14_0012592.jpg,NACTI : FL-14_11_02_2015_FL-14_0012592.jpg,NACTI : unknown,NACTI : archbold_FL-14,-1,deer,,5,train
https://storage.googleapis.com/public-datasets-lila/nz-trailcams/AHO/deer/d551b06d-77e0-48f0-bddd-ef430a16756b.JPG,Trail Camera Images of New Zealand Animals : AHO/deer/d551b06d-77e0-48f0-bddd-ef430a16756b.JPG,Trail Camera Images of New Zealand Animals : unknown,Trail Camera Images of New Zealand Animals : AHO_T1.1.1,-1,deer,04-09-2022 07:52:48,5,train
https://storage.googleapis.com/public-datasets-lila/idaho-camera-traps/public/loc_0155/loc_0155_im_000299.jpg,Idaho Camera Traps : loc_0155_im_000299,Idaho Camera Traps : loc_0155_seq_000080,Idaho Camera Traps : 155,3,deer,07-04-2016 23:37:58,5,test
https://storage.googleapis.com/public-datasets-lila/idaho-camera-traps/public/loc_0122/loc_0122_im_000558.jpg,Idaho Camera Traps : loc_0122_im_000558,Idaho Camera Traps : loc_0122_seq_000054,Idaho Camera Traps : 122,3,deer,06-15-2015 04:28:24,5,val
https://storage.googleapis.com/public-datasets-lila/idaho-camera-traps/public/loc_0126/loc_0126_im_003228.jpg,Idaho Camera Traps : loc_0126_im_003228,Idaho Camera Traps : loc_0126_seq_000326,Idaho Camera Traps : 126,15,deer,07-26-2016 06:26:27,5,train
https://storage.googleapis.com/public-datasets-lila/nz-trailcams/EFD/deer/24EAF198-D3F6-499B-B665-17976A82F653.JPG,Trail Camera Images of New Zealand Animals : EFD/deer/24EAF198-D3F6-499B-B665-17976A82F653.JPG,Trail Camera Images of New Zealand Animals : unknown,Trail Camera Images of New Zealand Animals : EFD_DCAMA06,-1,deer,03-12-2020 13:34:18,5,train
https://storage.googleapis.com/public-datasets-lila/nacti-unzipped/part1/sub177/FL-12_09_30_2015_FL-12_0014839.jpg,NACTI : FL-12_09_30_2015_FL-12_0014839.jpg,NACTI : unknown,NACTI : archbold_FL-12,-1,deer,,5,train
https://storage.googleapis.com/public-datasets-lila/idaho-camera-traps/public/loc_0026/loc_0026_im_013516.jpg,Idaho Camera Traps : loc_0026_im_013516,Idaho Camera Traps : loc_0026_seq_012378,Idaho Camera Traps : 26,12,deer,03-29-2016 07:08:58,5,train
https://storage.googleapis.com/public-datasets-lila/nacti-unzipped/part1/sub169/FL-10_04_05_2016_FL-10_0015868.JPG,NACTI : FL-10_04_05_2016_FL-10_0015868.JPG,NACTI : unknown,NACTI : archbold_FL-10,-1,deer,,5,train
https://storage.googleapis.com/public-datasets-lila/nacti-unzipped/part2/sub273/FL-35_05_03_2016_FL-35_0039349.JPG,NACTI : FL-35_05_03_2016_FL-35_0039349.JPG,NACTI : unknown,NACTI : archbold_FL-35,-1,deer,,5,train
https://storage.googleapis.com/public-datasets-lila/idaho-camera-traps/public/loc_0138/loc_0138_im_000472.jpg,Idaho Camera Traps : loc_0138_im_000472,Idaho Camera Traps : loc_0138_seq_000085,Idaho Camera Traps : 138,12,deer,06-18-2016 10:17:08,5,val
https://storage.googleapis.com/public-datasets-lila/idaho-camera-traps/public/loc_0187/loc_0187_im_001243.jpg,Idaho Camera Traps : loc_0187_im_001243,Idaho Camera Traps : loc_0187_seq_000238,Idaho Camera Traps : 187,15,deer,09-16-2016 04:47:20,5,train
https://storage.googleapis.com/public-datasets-lila/idaho-camera-traps/public/loc_0126/loc_0126_im_003050.jpg,Idaho Camera Traps : loc_0126_im_003050,Idaho Camera Traps : loc_0126_seq_000304,Idaho Camera Traps : 126,7,deer,07-24-2016 03:19:54,5,train
https://storage.googleapis.com/public-datasets-lila/idaho-camera-traps/public/loc_0064/loc_0064_im_002845.jpg,Idaho Camera Traps : loc_0064_im_002845,Idaho Camera Traps : loc_0064_seq_002222,Idaho Camera Traps : 64,2,deer,01-22-2016 12:39:07,5,train
https://storage.googleapis.com/public-datasets-lila/idaho-camera-traps/public/loc_0092/loc_0092_im_002571.jpg,Idaho Camera Traps : loc_0092_im_002571,Idaho Camera Traps : loc_0092_seq_000410,Idaho Camera Traps : 92,3,deer,12-22-2015 17:16:08,5,train
https://storage.googleapis.com/public-datasets-lila/idaho-camera-traps/public/loc_0108/loc_0108_im_001250.jpg,Idaho Camera Traps : loc_0108_im_001250,Idaho Camera Traps : loc_0108_seq_000176,Idaho Camera Traps : 108,5,deer,03-25-2016 06:43:41,5,val
https://storage.googleapis.com/public-datasets-lila/idaho-camera-traps/public/loc_0153/loc_0153_im_001653.jpg,Idaho Camera Traps : loc_0153_im_001653,Idaho Camera Traps : loc_0153_seq_000376,Idaho Camera Traps : 153,7,deer,10-19-2016 06:07:41,5,train
https://storage.googleapis.com/public-datasets-lila/nacti-unzipped/part1/sub186/FL-14_06_02_2016_FL-14_0024048.JPG,NACTI : FL-14_06_02_2016_FL-14_0024048.JPG,NACTI : unknown,NACTI : archbold_FL-14,-1,deer,,5,train
https://storage.googleapis.com/public-datasets-lila/nacti-unzipped/part0/sub062/CA-22_03_17_2016_CA-22_0013736.JPG,NACTI : CA-22_03_17_2016_CA-22_0013736.JPG,NACTI : unknown,NACTI : lebec_CA-22,-1,deer,,5,train
https://storage.googleapis.com/public-datasets-lila/idaho-camera-traps/public/loc_0140/loc_0140_im_000378.jpg,Idaho Camera Traps : loc_0140_im_000378,Idaho Camera Traps : loc_0140_seq_000062,Idaho Camera Traps : 140,3,deer,06-13-2016 10:31:24,5,train
https://storage.googleapis.com/public-datasets-lila/idaho-camera-traps/public/loc_0117/loc_0117_im_000748.jpg,Idaho Camera Traps : loc_0117_im_000748,Idaho Camera Traps : loc_0117_seq_000104,Idaho Camera Traps : 117,7,deer,11-09-2015 09:14:20,5,train
https://storage.googleapis.com/public-datasets-lila/idaho-camera-traps/public/loc_0193/loc_0193_im_003334.jpg,Idaho Camera Traps : loc_0193_im_003334,Idaho Camera Traps : loc_0193_seq_000651,Idaho Camera Traps : 193,5,deer,08-07-2016 21:52:45,5,val
https://storage.googleapis.com/public-datasets-lila/idaho-camera-traps/public/loc_0092/loc_0092_im_001771.jpg,Idaho Camera Traps : loc_0092_im_001771,Idaho Camera Traps : loc_0092_seq_000269,Idaho Camera Traps : 92,1,deer,11-02-2015 09:51:25,5,train
https://storage.googleapis.com/public-datasets-lila/nacti-unzipped/part1/sub177/FL-12_09_02_2015_FL-12_0011005.jpg,NACTI : FL-12_09_02_2015_FL-12_0011005.jpg,NACTI : unknown,NACTI : archbold_FL-12,-1,deer,,5,train
https://storage.googleapis.com/public-datasets-lila/idaho-camera-traps/public/loc_0077/loc_0077_im_002359.jpg,Idaho Camera Traps : loc_0077_im_002359,Idaho Camera Traps : loc_0077_seq_000246,Idaho Camera Traps : 77,7,deer,09-14-2015 08:03:11,5,train
https://storage.googleapis.com/public-datasets-lila/idaho-camera-traps/public/loc_0234/loc_0234_im_001214.jpg,Idaho Camera Traps : loc_0234_im_001214,Idaho Camera Traps : loc_0234_seq_000157,Idaho Camera Traps : 234,3,deer,02-22-2016 16:20:38,5,train
https://storage.googleapis.com/public-datasets-lila/nacti-unzipped/part2/sub247/FL-28_06_02_2016_FL-28_0052430.JPG,NACTI : FL-28_06_02_2016_FL-28_0052430.JPG,NACTI : unknown,NACTI : archbold_FL-28,-1,deer,,5,val
https://storage.googleapis.com/public-datasets-lila/nacti-unzipped/part2/sub213/FL-19_09_30_2015_FL-19_0038493.jpg,NACTI : FL-19_09_30_2015_FL-19_0038493.jpg,NACTI : unknown,NACTI : archbold_FL-19,-1,deer,,5,train
https://storage.googleapis.com/public-datasets-lila/idaho-camera-traps/public/loc_0204/loc_0204_im_001059.jpg,Idaho Camera Traps : loc_0204_im_001059,Idaho Camera Traps : loc_0204_seq_000182,Idaho Camera Traps : 204,2,deer,04-07-2016 12:19:56,5,train
https://storage.googleapis.com/public-datasets-lila/idaho-camera-traps/public/loc_0085/loc_0085_im_001505.jpg,Idaho Camera Traps : loc_0085_im_001505,Idaho Camera Traps : loc_0085_seq_000166,Idaho Camera Traps : 85,23,deer,10-29-2015 08:03:54,5,train
https://storage.googleapis.com/public-datasets-lila/idaho-camera-traps/public/loc_0101/loc_0101_im_001656.jpg,Idaho Camera Traps : loc_0101_im_001656,Idaho Camera Traps : loc_0101_seq_000288,Idaho Camera Traps : 101,2,deer,01-17-2016 11:30:32,5,train
https://storage.googleapis.com/public-datasets-lila/idaho-camera-traps/public/loc_0113/loc_0113_im_000913.jpg,Idaho Camera Traps : loc_0113_im_000913,Idaho Camera Traps : loc_0113_seq_000120,Idaho Camera Traps : 113,8,deer,11-15-2015 08:51:45,5,val
https://storage.googleapis.com/public-datasets-lila/nacti-unzipped/part1/sub133/FL-05_06_02_2016_FL-05_0038925.JPG,NACTI : FL-05_06_02_2016_FL-05_0038925.JPG,NACTI : unknown,NACTI : archbold_FL-05,-1,deer,,5,train
https://storage.googleapis.com/public-datasets-lila/nacti-unzipped/part2/sub284/FL-40_01_23_2016_FL-40_0007736.jpg,NACTI : FL-40_01_23_2016_FL-40_0007736.jpg,NACTI : unknown,NACTI : archbold_FL-40,-1,deer,,5,val
https://storage.googleapis.com/public-datasets-lila/idaho-camera-traps/public/loc_0103/loc_0103_im_004784.jpg,Idaho Camera Traps : loc_0103_im_004784,Idaho Camera Traps : loc_0103_seq_000730,Idaho Camera Traps : 103,5,deer,11-21-2015 06:41:55,5,train
https://storage.googleapis.com/public-datasets-lila/nz-trailcams/PS3/deer/09cea3d6-302f-4127-a26b-2c6f3aa62001.JPG,Trail Camera Images of New Zealand Animals : PS3/deer/09cea3d6-302f-4127-a26b-2c6f3aa62001.JPG,Trail Camera Images of New Zealand Animals : unknown,Trail Camera Images of New Zealand Animals : PS3_CAM6119,-1,deer,01-28-2023 00:58:53,5,val
https://storage.googleapis.com/public-datasets-lila/idaho-camera-traps/public/loc_0269/loc_0269_im_000137.jpg,Idaho Camera Traps : loc_0269_im_000137,Idaho Camera Traps : loc_0269_seq_000019,Idaho Camera Traps : 269,14,deer,12-24-2015 11:17:15,5,train
https://storage.googleapis.com/public-datasets-lila/nacti-unzipped/part1/sub177/FL-12_09_30_2015_FL-12_0016578.jpg,NACTI : FL-12_09_30_2015_FL-12_0016578.jpg,NACTI : unknown,NACTI : archbold_FL-12,-1,deer,,5,train
https://storage.googleapis.com/public-datasets-lila/idaho-camera-traps/public/loc_0203/loc_0203_im_001042.jpg,Idaho Camera Traps : loc_0203_im_001042,Idaho Camera Traps : loc_0203_seq_000207,Idaho Camera Traps : 203,5,deer,03-29-2016 11:03:16,5,train
https://storage.googleapis.com/public-datasets-lila/idaho-camera-traps/public/loc_0100/loc_0100_im_007199.jpg,Idaho Camera Traps : loc_0100_im_007199,Idaho Camera Traps : loc_0100_seq_000679,Idaho Camera Traps : 100,5,deer,11-24-2015 08:59:03,5,train
https://storage.googleapis.com/public-datasets-lila/idaho-camera-traps/public/loc_0086/loc_0086_im_003715.jpg,Idaho Camera Traps : loc_0086_im_003715,Idaho Camera Traps : loc_0086_seq_000624,Idaho Camera Traps : 86,4,deer,11-08-2015 00:22:23,5,train
https://storage.googleapis.com/public-datasets-lila/idaho-camera-traps/public/loc_0086/loc_0086_im_004693.jpg,Idaho Camera Traps : loc_0086_im_004693,Idaho Camera Traps : loc_0086_seq_000740,Idaho Camera Traps : 86,1,deer,02-18-2016 00:22:06,5,train
https://storage.googleapis.com/public-datasets-lila/nacti-unzipped/part1/sub175/FL-12_06_29_2015_FL-12_0000443.jpg,NACTI : FL-12_06_29_2015_FL-12_0000443.jpg,NACTI : unknown,NACTI : archbold_FL-12,-1,deer,,5,train
https://storage.googleapis.com/public-datasets-lila/nz-trailcams/LCC/deer/adda1806-549a-494a-8ecf-7d741ca285d7.JPG,Trail Camera Images of New Zealand Animals : LCC/deer/adda1806-549a-494a-8ecf-7d741ca285d7.JPG,Trail Camera Images of New Zealand Animals : unknown,Trail Camera Images of New Zealand Animals : LCC_B79,-1,deer,09-08-2018 02:39:18,5,train
https://storage.googleapis.com/public-datasets-lila/idaho-camera-traps/public/loc_0035/loc_0035_im_004090.jpg,Idaho Camera Traps : loc_0035_im_004090,Idaho Camera Traps : loc_0035_seq_002218,Idaho Camera Traps : 35,5,deer,01-18-2016 12:58:02,5,train
https://storage.googleapis.com/public-datasets-lila/nz-trailcams/PS1/deer/553ab506-fe98-4701-9116-d6bc9fe16302.JPG,Trail Camera Images of New Zealand Animals : PS1/deer/553ab506-fe98-4701-9116-d6bc9fe16302.JPG,Trail Camera Images of New Zealand Animals : unknown,Trail Camera Images of New Zealand Animals : PS1_CAM6609,-1,deer,05-04-2022 07:38:23,5,test
https://storage.googleapis.com/public-datasets-lila/nacti-unzipped/part2/sub290/FL-43_11_03_2015_FL-43_0000713.jpg,NACTI : FL-43_11_03_2015_FL-43_0000713.jpg,NACTI : unknown,NACTI : archbold_FL-43,-1,deer,,5,train
https://storage.googleapis.com/public-datasets-lila/idaho-camera-traps/public/loc_0088/loc_0088_im_001577.jpg,Idaho Camera Traps : loc_0088_im_001577,Idaho Camera Traps : loc_0088_seq_000175,Idaho Camera Traps : 88,2,deer,12-26-2015 17:24:20,5,train
https://storage.googleapis.com/public-datasets-lila/idaho-camera-traps/public/loc_0148/loc_0148_im_002525.jpg,Idaho Camera Traps : loc_0148_im_002525,Idaho Camera Traps : loc_0148_seq_000221,Idaho Camera Traps : 148,7,deer,07-15-2016 02:04:50,5,train
https://storage.googleapis.com/public-datasets-lila/idaho-camera-traps/public/loc_0121/loc_0121_im_001963.jpg,Idaho Camera Traps : loc_0121_im_001963,Idaho Camera Traps : loc_0121_seq_000211,Idaho Camera Traps : 121,4,deer,09-09-2015 03:58:23,5,train
https://storage.googleapis.com/public-datasets-lila/nacti-unzipped/part1/sub178/FL-12_11_02_2015_FL-12_0017518.jpg,NACTI : FL-12_11_02_2015_FL-12_0017518.jpg,NACTI : unknown,NACTI : archbold_FL-12,-1,deer,,5,train
https://storage.googleapis.com/public-datasets-lila/idaho-camera-traps/public/loc_0240/loc_0240_im_000952.jpg,Idaho Camera Traps : loc_0240_im_000952,Idaho Camera Traps : loc_0240_seq_000141,Idaho Camera Traps : 240,3,deer,01-22-2016 09:49:14,5,test
https://storage.googleapis.com/public-datasets-lila/idaho-camera-traps/public/loc_0084/loc_0084_im_002925.jpg,Idaho Camera Traps : loc_0084_im_002925,Idaho Camera Traps : loc_0084_seq_000339,Idaho Camera Traps : 84,0,deer,03-10-2016 06:54:10,5,train
https://storage.googleapis.com/public-datasets-lila/nacti-unzipped/part2/sub285/FL-40_10_01_2015_FL-40_0000702.jpg,NACTI : FL-40_10_01_2015_FL-40_0000702.jpg,NACTI : unknown,NACTI : archbold_FL-40,-1,deer,,5,val
https://storage.googleapis.com/public-datasets-lila/idaho-camera-traps/public/loc_0077/loc_0077_im_001148.jpg,Idaho Camera Traps : loc_0077_im_001148,Idaho Camera Traps : loc_0077_seq_000100,Idaho Camera Traps : 77,17,deer,07-26-2015 20:42:05,5,train
https://storage.googleapis.com/public-datasets-lila/nacti-unzipped/part2/sub256/FL-29_07_28_2015_FL-29_0037275.jpg,NACTI : FL-29_07_28_2015_FL-29_0037275.jpg,NACTI : unknown,NACTI : archbold_FL-29,-1,deer,,5,train
https://storage.googleapis.com/public-datasets-lila/idaho-camera-traps/public/loc_0112/loc_0112_im_000401.jpg,Idaho Camera Traps : loc_0112_im_000401,Idaho Camera Traps : loc_0112_seq_000052,Idaho Camera Traps : 112,2,deer,10-15-2015 19:01:20,5,train
https://storage.googleapis.com/public-datasets-lila/nacti-unzipped/part2/sub287/FL-41_08_15_2016_FL-41_0039054.JPG,NACTI : FL-41_08_15_2016_FL-41_0039054.JPG,NACTI : unknown,NACTI : archbold_FL-41,-1,deer,,5,train
https://storage.googleapis.com/public-datasets-lila/idaho-camera-traps/public/loc_0188/loc_0188_im_002448.jpg,Idaho Camera Traps : loc_0188_im_002448,Idaho Camera Traps : loc_0188_seq_000586,Idaho Camera Traps : 188,0,deer,10-17-2016 07:08:22,5,test
https://storage.googleapis.com/public-datasets-lila/caltech-unzipped/cct_images/598aced5-23d2-11e8-a6a3-ec086b02610b.jpg,Caltech Camera Traps : 598aced5-23d2-11e8-a6a3-ec086b02610b,Caltech Camera Traps : 70176185-5567-11e8-85a4-dca9047ef277,Caltech Camera Traps : 63,3,deer,02-10-2014 20:20:16,5,train
https://storage.googleapis.com/public-datasets-lila/nacti-unzipped/part1/sub199/FL-16_11_02_2015_FL-16_0097811.jpg,NACTI : FL-16_11_02_2015_FL-16_0097811.jpg,NACTI : unknown,NACTI : archbold_FL-16,-1,deer,,5,train
https://storage.googleapis.com/public-datasets-lila/idaho-camera-traps/public/loc_0199/loc_0199_im_005065.jpg,Idaho Camera Traps : loc_0199_im_005065,Idaho Camera Traps : loc_0199_seq_000376,Idaho Camera Traps : 199,2,deer,03-14-2016 01:04:19,5,train
https://storage.googleapis.com/public-datasets-lila/idaho-camera-traps/public/loc_0086/loc_0086_im_004021.jpg,Idaho Camera Traps : loc_0086_im_004021,Idaho Camera Traps : loc_0086_seq_000658,Idaho Camera Traps : 86,16,deer,11-25-2015 11:48:41,5,train
https://storage.googleapis.com/public-datasets-lila/idaho-camera-traps/public/loc_0040/loc_0040_im_005412.jpg,Idaho Camera Traps : loc_0040_im_005412,Idaho Camera Traps : loc_0040_seq_005198,Idaho Camera Traps : 40,0,deer,02-12-2016 13:20:00,5,train
https://storage.googleapis.com/public-datasets-lila/nacti-unzipped/part1/sub175/FL-12_07_05_2016_FL-12_0055145.JPG,NACTI : FL-12_07_05_2016_FL-12_0055145.JPG,NACTI : unknown,NACTI : archbold_FL-12,-1,deer,,5,train
https://storage.googleapis.com/public-datasets-lila/idaho-camera-traps/public/loc_0152/loc_0152_im_002489.jpg,Idaho Camera Traps : loc_0152_im_002489,Idaho Camera Traps : loc_0152_seq_000469,Idaho Camera Traps : 152,4,deer,10-07-2016 16:05:57,5,train
https://storage.googleapis.com/public-datasets-lila/nacti-unzipped/part2/sub216/FL-20_11_02_2015_FL-20_0025160.jpg,NACTI : FL-20_11_02_2015_FL-20_0025160.jpg,NACTI : unknown,NACTI : archbold_FL-20,-1,deer,,5,train
https://storage.googleapis.com/public-datasets-lila/nacti-unzipped/part1/sub133/FL-05_06_02_2016_FL-05_0039376.JPG,NACTI : FL-05_06_02_2016_FL-05_0039376.JPG,NACTI : unknown,NACTI : archbold_FL-05,-1,deer,,5,train
https://storage.googleapis.com/public-datasets-lila/nacti-unzipped/part2/sub208/FL-18_09_02_2015_FL-18_0015446.jpg,NACTI : FL-18_09_02_2015_FL-18_0015446.jpg,NACTI : unknown,NACTI : archbold_FL-18,-1,deer,,5,train
https://storage.googleapis.com/public-datasets-lila/idaho-camera-traps/public/loc_0111/loc_0111_im_002855.jpg,Idaho Camera Traps : loc_0111_im_002855,Idaho Camera Traps : loc_0111_seq_000471,Idaho Camera Traps : 111,5,deer,11-26-2015 13:29:30,5,train
https://storage.googleapis.com/public-datasets-lila/idaho-camera-traps/public/loc_0018/loc_0018_im_007155.jpg,Idaho Camera Traps : loc_0018_im_007155,Idaho Camera Traps : loc_0018_seq_005349,Idaho Camera Traps : 18,2,deer,02-09-2016 04:15:30,5,val
https://storage.googleapis.com/public-datasets-lila/nacti-unzipped/part1/sub134/FL-05_09_01_2016_FL-05_0044110.JPG,NACTI : FL-05_09_01_2016_FL-05_0044110.JPG,NACTI : unknown,NACTI : archbold_FL-05,-1,deer,,5,train
https://storage.googleapis.com/public-datasets-lila/nacti-unzipped/part1/sub199/FL-17_01_20_2016_FL-17_0063445.jpg,NACTI : FL-17_01_20_2016_FL-17_0063445.jpg,NACTI : unknown,NACTI : archbold_FL-17,-1,deer,,5,train
https://storage.googleapis.com/public-datasets-lila/nz-trailcams/PS3/deer/285f99a1-872b-43de-8745-d317ba4b88c6.JPG,Trail Camera Images of New Zealand Animals : PS3/deer/285f99a1-872b-43de-8745-d317ba4b88c6.JPG,Trail Camera Images of New Zealand Animals : unknown,Trail Camera Images of New Zealand Animals : PS3_CAM8708,-1,deer,06-02-2023 19:46:13,5,train
https://storage.googleapis.com/public-datasets-lila/idaho-camera-traps/public/loc_0086/loc_0086_im_001867.jpg,Idaho Camera Traps : loc_0086_im_001867,Idaho Camera Traps : loc_0086_seq_000393,Idaho Camera Traps : 86,1,deer,07-14-2015 06:07:44,5,train
https://storage.googleapis.com/public-datasets-lila/idaho-camera-traps/public/loc_0096/loc_0096_im_000052.jpg,Idaho Camera Traps : loc_0096_im_000052,Idaho Camera Traps : loc_0096_seq_000008,Idaho Camera Traps : 96,1,deer,06-03-2015 19:31:32,5,train
https://storage.googleapis.com/public-datasets-lila/nacti-unzipped/part2/sub242/FL-27_06_02_2016_FL-27_0059590.JPG,NACTI : FL-27_06_02_2016_FL-27_0059590.JPG,NACTI : unknown,NACTI : archbold_FL-27,-1,deer,,5,train
https://storage.googleapis.com/public-datasets-lila/idaho-camera-traps/public/loc_0122/loc_0122_im_004386.jpg,Idaho Camera Traps : loc_0122_im_004386,Idaho Camera Traps : loc_0122_seq_000555,Idaho Camera Traps : 122,0,deer,03-28-2016 19:57:19,5,val
https://storage.googleapis.com/public-datasets-lila/nacti-unzipped/part2/sub274/FL-35_08_15_2016_FL-35_0051088.JPG,NACTI : FL-35_08_15_2016_FL-35_0051088.JPG,NACTI : unknown,NACTI : archbold_FL-35,-1,deer,,5,train
https://storage.googleapis.com/public-datasets-lila/nacti-unzipped/part1/sub176/FL-12_07_28_2015_FL-12_0004296.jpg,NACTI : FL-12_07_28_2015_FL-12_0004296.jpg,NACTI : unknown,NACTI : archbold_FL-12,-1,deer,,5,train
https://storage.googleapis.com/public-datasets-lila/nacti-unzipped/part2/sub202/FL-17_06_02_2016_FL-17_0073627.JPG,NACTI : FL-17_06_02_2016_FL-17_0073627.JPG,NACTI : unknown,NACTI : archbold_FL-17,-1,deer,,5,train
https://storage.googleapis.com/public-datasets-lila/nacti-unzipped/part1/sub170/FL-11_04_04_2016_FL-11_0018681.JPG,NACTI : FL-11_04_04_2016_FL-11_0018681.JPG,NACTI : unknown,NACTI : archbold_FL-11,-1,deer,,5,train
https://storage.googleapis.com/public-datasets-lila/idaho-camera-traps/public/loc_0126/loc_0126_im_000547.jpg,Idaho Camera Traps : loc_0126_im_000547,Idaho Camera Traps : loc_0126_seq_000046,Idaho Camera Traps : 126,9,deer,06-24-2016 21:03:49,5,train
https://storage.googleapis.com/public-datasets-lila/idaho-camera-traps/public/loc_0174/loc_0174_im_000369.jpg,Idaho Camera Traps : loc_0174_im_000369,Idaho Camera Traps : loc_0174_seq_000062,Idaho Camera Traps : 174,11,deer,07-24-2016 02:25:25,5,train
https://storage.googleapis.com/public-datasets-lila/nz-trailcams/PS1/deer/485e8d9b-fe56-4b04-b500-6c145678d608.JPG,Trail Camera Images of New Zealand Animals : PS1/deer/485e8d9b-fe56-4b04-b500-6c145678d608.JPG,Trail Camera Images of New Zealand Animals : unknown,Trail Camera Images of New Zealand Animals : PS1_CAM7920,-1,deer,01-13-2022 06:39:28,5,train
https://storage.googleapis.com/public-datasets-lila/nz-trailcams/Z20/deer/d034dbd7-78ac-4b5c-abfd-c1344dbdd004.JPG,Trail Camera Images of New Zealand Animals : Z20/deer/d034dbd7-78ac-4b5c-abfd-c1344dbdd004.JPG,Trail Camera Images of New Zealand Animals : unknown,Trail Camera Images of New Zealand Animals : Z20_3GG4350,-1,deer,01-31-2020 05:39:11,5,train
https://storage.googleapis.com/public-datasets-lila/idaho-camera-traps/public/loc_0084/loc_0084_im_001044.jpg,Idaho Camera Traps : loc_0084_im_001044,Idaho Camera Traps : loc_0084_seq_000181,Idaho Camera Traps : 84,9,deer,09-17-2015 03:59:26,5,train
https://storage.googleapis.com/public-datasets-lila/nacti-unzipped/part1/sub134/FL-05_06_29_2015_FL-05_0021352.jpg,NACTI : FL-05_06_29_2015_FL-05_0021352.jpg,NACTI : unknown,NACTI : archbold_FL-05,-1,deer,,5,train
https://storage.googleapis.com/public-datasets-lila/nz-trailcams/MIS/deer/96e4dc86-6b12-4f17-aad0-4ef37690f928.JPG,Trail Camera Images of New Zealand Animals : MIS/deer/96e4dc86-6b12-4f17-aad0-4ef37690f928.JPG,Trail Camera Images of New Zealand Animals : unknown,Trail Camera Images of New Zealand Animals : MIS_HV0248,-1,deer,,5,test
https://storage.googleapis.com/public-datasets-lila/nacti-unzipped/part1/sub185/FL-13_12_08_2015_FL-13_0060781.jpg,NACTI : FL-13_12_08_2015_FL-13_0060781.jpg,NACTI : unknown,NACTI : archbold_FL-13,-1,deer,,5,train
https://storage.googleapis.com/public-datasets-lila/idaho-camera-traps/public/loc_0129/loc_0129_im_001487.jpg,Idaho Camera Traps : loc_0129_im_001487,Idaho Camera Traps : loc_0129_seq_000178,Idaho Camera Traps : 129,1,deer,06-26-2016 21:41:59,5,train
https://storage.googleapis.com/public-datasets-lila/idaho-camera-traps/public/loc_0126/loc_0126_im_001119.jpg,Idaho Camera Traps : loc_0126_im_001119,Idaho Camera Traps : loc_0126_seq_000103,Idaho Camera Traps : 126,13,deer,07-01-2016 06:50:29,5,train
https://storage.googleapis.com/public-datasets-lila/nacti-unzipped/part2/sub271/FL-34_12_07_2015_FL-34_0000734.jpg,NACTI : FL-34_12_07_2015_FL-34_0000734.jpg,NACTI : unknown,NACTI : archbold_FL-34,-1,deer,,5,train
https://storage.googleapis.com/public-datasets-lila/nacti-unzipped/part0/sub058/CA-18_09_18_2015_CA-18_0019037.jpg,NACTI : CA-18_09_18_2015_CA-18_0019037.jpg,NACTI : unknown,NACTI : lebec_CA-18,-1,deer,,5,train
https://storage.googleapis.com/public-datasets-lila/idaho-camera-traps/public/loc_0114/loc_0114_im_000575.jpg,Idaho Camera Traps : loc_0114_im_000575,Idaho Camera Traps : loc_0114_seq_000069,Idaho Camera Traps : 114,5,deer,08-26-2015 06:47:50,5,test
https://storage.googleapis.com/public-datasets-lila/idaho-camera-traps/public/loc_0141/loc_0141_im_001539.jpg,Idaho Camera Traps : loc_0141_im_001539,Idaho Camera Traps : loc_0141_seq_000301,Idaho Camera Traps : 141,14,deer,10-12-2016 00:17:58,5,train
https://storage.googleapis.com/public-datasets-lila/idaho-camera-traps/public/loc_0009/loc_0009_im_010214.jpg,Idaho Camera Traps : loc_0009_im_010214,Idaho Camera Traps : loc_0009_seq_009504,Idaho Camera Traps : 9,7,deer,03-09-2016 05:56:17,5,train
https://storage.googleapis.com/public-datasets-lila/nz-trailcams/Z20/deer/d3e5957a-ee4b-487f-99cf-fc56a2853596.JPG,Trail Camera Images of New Zealand Animals : Z20/deer/d3e5957a-ee4b-487f-99cf-fc56a2853596.JPG,Trail Camera Images of New Zealand Animals : unknown,Trail Camera Images of New Zealand Animals : Z20_KS293,-1,deer,05-20-2022 17:01:08,5,train
https://storage.googleapis.com/public-datasets-lila/nacti-unzipped/part2/sub245/FL-27_09_03_2015_FL-27_0030406.jpg,NACTI : FL-27_09_03_2015_FL-27_0030406.jpg,NACTI : unknown,NACTI : archbold_FL-27,-1,deer,,5,train
https://storage.googleapis.com/public-datasets-lila/idaho-camera-traps/public/loc_0085/loc_0085_im_002620.jpg,Idaho Camera Traps : loc_0085_im_002620,Idaho Camera Traps : loc_0085_seq_000310,Idaho Camera Traps : 85,4,deer,02-19-2016 09:34:37,5,train
https://storage.googleapis.com/public-datasets-lila/idaho-camera-traps/public/loc_0273/loc_0273_im_001268.jpg,Idaho Camera Traps : loc_0273_im_001268,Idaho Camera Traps : loc_0273_seq_000240,Idaho Camera Traps : 273,9,deer,04-09-2016 04:44:21,5,train
https://storage.googleapis.com/public-datasets-lila/nz-trailcams/LCC/deer/3ab387aa-ccc1-4c54-9f4b-fd0d5129af28.JPG,Trail Camera Images of New Zealand Animals : LCC/deer/3ab387aa-ccc1-4c54-9f4b-fd0d5129af28.JPG,Trail Camera Images of New Zealand Animals : unknown,Trail Camera Images of New Zealand Animals : LCC_R06,-1,deer,05-09-2018 20:00:40,5,val
https://storage.googleapis.com/public-datasets-lila/nz-trailcams/MIS/deer/32b97494-1dbb-4d8d-80c2-418c7d5bd9c8.JPG,Trail Camera Images of New Zealand Animals : MIS/deer/32b97494-1dbb-4d8d-80c2-418c7d5bd9c8.JPG,Trail Camera Images of New Zealand Animals : unknown,Trail Camera Images of New Zealand Animals : MIS_HV0701,-1,deer,,5,val
https://storage.googleapis.com/public-datasets-lila/nacti-unzipped/part2/sub245/FL-27_09_03_2015_FL-27_0030819.jpg,NACTI : FL-27_09_03_2015_FL-27_0030819.jpg,NACTI : unknown,NACTI : archbold_FL-27,-1,deer,,5,train
https://storage.googleapis.com/public-datasets-lila/idaho-camera-traps/public/loc_0092/loc_0092_im_001786.jpg,Idaho Camera Traps : loc_0092_im_001786,Idaho Camera Traps : loc_0092_seq_000272,Idaho Camera Traps : 92,1,deer,11-02-2015 22:16:12,5,train
https://storage.googleapis.com/public-datasets-lila/idaho-camera-traps/public/loc_0206/loc_0206_im_003070.jpg,Idaho Camera Traps : loc_0206_im_003070,Idaho Camera Traps : loc_0206_seq_000291,Idaho Camera Traps : 206,2,deer,04-11-2017 03:21:24,5,train
https://storage.googleapis.com/public-datasets-lila/nacti-unzipped/part1/sub178/FL-12_11_02_2015_FL-12_0016820.jpg,NACTI : FL-12_11_02_2015_FL-12_0016820.jpg,NACTI : unknown,NACTI : archbold_FL-12,-1,deer,,5,train
https://storage.googleapis.com/public-datasets-lila/idaho-camera-traps/public/loc_0174/loc_0174_im_000517.jpg,Idaho Camera Traps : loc_0174_im_000517,Idaho Camera Traps : loc_0174_seq_000084,Idaho Camera Traps : 174,14,deer,08-03-2016 23:59:44,5,train
https://storage.googleapis.com/public-datasets-lila/idaho-camera-traps/public/loc_0102/loc_0102_im_001058.jpg,Idaho Camera Traps : loc_0102_im_001058,Idaho Camera Traps : loc_0102_seq_000106,Idaho Camera Traps : 102,5,deer,11-23-2015 14:46:28,5,train
https://storage.googleapis.com/public-datasets-lila/idaho-camera-traps/public/loc_0020/loc_0020_im_003134.jpg,Idaho Camera Traps : loc_0020_im_003134,Idaho Camera Traps : loc_0020_seq_002569,Idaho Camera Traps : 20,10,deer,01-21-2016 08:28:20,5,train
https://storage.googleapis.com/public-datasets-lila/nacti-unzipped/part2/sub283/FL-39_12_07_2015_FL-39_0001394.jpg,NACTI : FL-39_12_07_2015_FL-39_0001394.jpg,NACTI : unknown,NACTI : archbold_FL-39,-1,deer,,5,test
https://storage.googleapis.com/public-datasets-lila/idaho-camera-traps/public/loc_0193/loc_0193_im_005035.jpg,Idaho Camera Traps : loc_0193_im_005035,Idaho Camera Traps : loc_0193_seq_000996,Idaho Camera Traps : 193,8,deer,09-15-2016 21:30:07,5,val
https://storage.googleapis.com/public-datasets-lila/idaho-camera-traps/public/loc_0029/loc_0029_im_001418.jpg,Idaho Camera Traps : loc_0029_im_001418,Idaho Camera Traps : loc_0029_seq_001384,Idaho Camera Traps : 29,0,deer,01-13-2016 15:35:46,5,train
https://storage.googleapis.com/public-datasets-lila/nz-trailcams/LCC/deer/df1c51ac-59b2-4ce8-a5d4-74f73317b8cd.JPG,Trail Camera Images of New Zealand Animals : LCC/deer/df1c51ac-59b2-4ce8-a5d4-74f73317b8cd.JPG,Trail Camera Images of New Zealand Animals : unknown,Trail Camera Images of New Zealand Animals : LCC_B129,-1,deer,04-24-2018 23:54:50,5,train
https://storage.googleapis.com/public-datasets-lila/nacti-unzipped/part2/sub271/FL-34_11_03_2015_FL-34_0000398.jpg,NACTI : FL-34_11_03_2015_FL-34_0000398.jpg,NACTI : unknown,NACTI : archbold_FL-34,-1,deer,,5,train
https://storage.googleapis.com/public-datasets-lila/idaho-camera-traps/public/loc_0251/loc_0251_im_000267.jpg,Idaho Camera Traps : loc_0251_im_000267,Idaho Camera Traps : loc_0251_seq_000084,Idaho Camera Traps : 251,8,deer,02-03-2016 02:33:07,5,train
https://storage.googleapis.com/public-datasets-lila/idaho-camera-traps/public/loc_0040/loc_0040_im_004023.jpg,Idaho Camera Traps : loc_0040_im_004023,Idaho Camera Traps : loc_0040_seq_003871,Idaho Camera Traps : 40,1,deer,02-03-2016 10:53:58,5,train
https://storage.googleapis.com/public-datasets-lila/nacti-unzipped/part1/sub177/FL-12_09_30_2015_FL-12_0013841.jpg,NACTI : FL-12_09_30_2015_FL-12_0013841.jpg,NACTI : unknown,NACTI : archbold_FL-12,-1,deer,,5,train
https://storage.googleapis.com/public-datasets-lila/idaho-camera-traps/public/loc_0076/loc_0076_im_001613.jpg,Idaho Camera Traps : loc_0076_im_001613,Idaho Camera Traps : loc_0076_seq_000176,Idaho Camera Traps : 76,20,deer,09-21-2015 10:57:27,5,val
https://storage.googleapis.com/public-datasets-lila/idaho-camera-traps/public/loc_0020/loc_0020_im_003148.jpg,Idaho Camera Traps : loc_0020_im_003148,Idaho Camera Traps : loc_0020_seq_002569,Idaho Camera Traps : 20,24,deer,01-21-2016 08:28:42,5,train
https://storage.googleapis.com/public-datasets-lila/caltech-unzipped/cct_images/59e43f0c-23d2-11e8-a6a3-ec086b02610b.jpg,Caltech Camera Traps : 59e43f0c-23d2-11e8-a6a3-ec086b02610b,Caltech Camera Traps : 7014d368-5567-11e8-8f45-dca9047ef277,Caltech Camera Traps : 34,1,deer,10-23-2013 15:00:53,5,val
https://storage.googleapis.com/public-datasets-lila/idaho-camera-traps/public/loc_0103/loc_0103_im_000383.jpg,Idaho Camera Traps : loc_0103_im_000383,Idaho Camera Traps : loc_0103_seq_000039,Idaho Camera Traps : 103,11,deer,05-20-2015 12:21:34,5,train
https://storage.googleapis.com/public-datasets-lila/idaho-camera-traps/public/loc_0188/loc_0188_im_002339.jpg,Idaho Camera Traps : loc_0188_im_002339,Idaho Camera Traps : loc_0188_seq_000556,Idaho Camera Traps : 188,6,deer,10-01-2016 01:08:55,5,test
https://storage.googleapis.com/public-datasets-lila/nacti-unzipped/part1/sub170/FL-10_12_08_2015_FL-10_0010730.jpg,NACTI : FL-10_12_08_2015_FL-10_0010730.jpg,NACTI : unknown,NACTI : archbold_FL-10,-1,deer,,5,train
https://storage.googleapis.com/public-datasets-lila/nacti-unzipped/part2/sub203/FL-17_06_02_2016_FL-17_0076999.JPG,NACTI : FL-17_06_02_2016_FL-17_0076999.JPG,NACTI : unknown,NACTI : archbold_FL-17,-1,deer,,5,train
https://storage.googleapis.com/public-datasets-lila/nacti-unzipped/part1/sub198/FL-16_07_06_2016_FL-16_0139981.JPG,NACTI : FL-16_07_06_2016_FL-16_0139981.JPG,NACTI : unknown,NACTI : archbold_FL-16,-1,deer,,5,train
https://storage.googleapis.com/public-datasets-lila/idaho-camera-traps/public/loc_0105/loc_0105_im_000140.jpg,Idaho Camera Traps : loc_0105_im_000140,Idaho Camera Traps : loc_0105_seq_000012,Idaho Camera Traps : 105,17,deer,06-04-2015 06:59:23,5,train
https://storage.googleapis.com/public-datasets-lila/idaho-camera-traps/public/loc_0198/loc_0198_im_001255.jpg,Idaho Camera Traps : loc_0198_im_001255,Idaho Camera Traps : loc_0198_seq_000194,Idaho Camera Traps : 198,2,deer,03-04-2016 15:44:55,5,train
https://storage.googleapis.com/public-datasets-lila/nacti-unzipped/part1/sub131/FL-04_11_02_2015_FL-04_0012642.jpg,NACTI : FL-04_11_02_2015_FL-04_0012642.jpg,NACTI : unknown,NACTI : archbold_FL-04,-1,deer,,5,test
https://storage.googleapis.com/public-datasets-lila/nacti-unzipped/part2/sub208/FL-18_09_30_2015_FL-18_0015936.jpg,NACTI : FL-18_09_30_2015_FL-18_0015936.jpg,NACTI : unknown,NACTI : archbold_FL-18,-1,deer,,5,train
https://storage.googleapis.com/public-datasets-lila/nacti-unzipped/part0/sub057/CA-18_08_03_2015_CA-18_0012256.jpg,NACTI : CA-18_08_03_2015_CA-18_0012256.jpg,NACTI : unknown,NACTI : lebec_CA-18,-1,deer,,5,train
https://storage.googleapis.com/public-datasets-lila/idaho-camera-traps/public/loc_0129/loc_0129_im_001722.jpg,Idaho Camera Traps : loc_0129_im_001722,Idaho Camera Traps : loc_0129_seq_000212,Idaho Camera Traps : 129,4,deer,07-06-2016 05:31:05,5,train
https://storage.googleapis.com/public-datasets-lila/idaho-camera-traps/public/loc_0199/loc_0199_im_005862.jpg,Idaho Camera Traps : loc_0199_im_005862,Idaho Camera Traps : loc_0199_seq_000459,Idaho Camera Traps : 199,7,deer,03-31-2016 09:02:55,5,train
https://storage.googleapis.com/public-datasets-lila/idaho-camera-traps/public/loc_0098/loc_0098_im_003547.jpg,Idaho Camera Traps : loc_0098_im_003547,Idaho Camera Traps : loc_0098_seq_000388,Idaho Camera Traps : 98,4,deer,10-07-2015 01:42:20,5,train
https://storage.googleapis.com/public-datasets-lila/idaho-camera-traps/public/loc_0003/loc_0003_im_005458.jpg,Idaho Camera Traps : loc_0003_im_005458,Idaho Camera Traps : loc_0003_seq_003810,Idaho Camera Traps : 3,0,deer,02-02-2016 13:49:02,5,val
https://storage.googleapis.com/public-datasets-lila/nacti-unzipped/part2/sub207/FL-17_12_08_2015_FL-17_0062753.jpg,NACTI : FL-17_12_08_2015_FL-17_0062753.jpg,NACTI : unknown,NACTI : archbold_FL-17,-1,deer,,5,train
https://storage.googleapis.com/public-datasets-lila/nacti-unzipped/part2/sub275/FL-36_01_23_2016_FL-36_0005769.jpg,NACTI : FL-36_01_23_2016_FL-36_0005769.jpg,NACTI : unknown,NACTI : archbold_FL-36,-1,deer,,5,test
https://storage.googleapis.com/public-datasets-lila/idaho-camera-traps/public/loc_0193/loc_0193_im_000334.jpg,Idaho Camera Traps : loc_0193_im_000334,Idaho Camera Traps : loc_0193_seq_000047,Idaho Camera Traps : 193,4,deer,06-12-2016 03:33:01,5,val
https://storage.googleapis.com/public-datasets-lila/nacti-unzipped/part1/sub130/FL-04_08_02_2016_FL-04_0027672.JPG,NACTI : FL-04_08_02_2016_FL-04_0027672.JPG,NACTI : unknown,NACTI : archbold_FL-04,-1,deer,,5,test
https://storage.googleapis.com/public-datasets-lila/nacti-unzipped/part2/sub247/FL-28_06_02_2016_FL-28_0053172.JPG,NACTI : FL-28_06_02_2016_FL-28_0053172.JPG,NACTI : unknown,NACTI : archbold_FL-28,-1,deer,,5,val
https://storage.googleapis.com/public-datasets-lila/nz-trailcams/PS1/deer/4cf3fd5e-02c1-4996-8119-91ea25a2f06c.JPG,Trail Camera Images of New Zealand Animals : PS1/deer/4cf3fd5e-02c1-4996-8119-91ea25a2f06c.JPG,Trail Camera Images of New Zealand Animals : unknown,Trail Camera Images of New Zealand Animals : PS1_CAM6213,-1,deer,05-25-2022 10:43:03,5,train
https://storage.googleapis.com/public-datasets-lila/idaho-camera-traps/public/loc_0233/loc_0233_im_000387.jpg,Idaho Camera Traps : loc_0233_im_000387,Idaho Camera Traps : loc_0233_seq_000091,Idaho Camera Traps : 233,33,deer,02-21-2016 10:14:22,5,train
https://storage.googleapis.com/public-datasets-lila/idaho-camera-traps/public/loc_0166/loc_0166_im_002313.jpg,Idaho Camera Traps : loc_0166_im_002313,Idaho Camera Traps : loc_0166_seq_000427,Idaho Camera Traps : 166,0,deer,08-23-2016 10:20:18,5,train
https://storage.googleapis.com/public-datasets-lila/idaho-camera-traps/public/loc_0080/loc_0080_im_000150.jpg,Idaho Camera Traps : loc_0080_im_000150,Idaho Camera Traps : loc_0080_seq_000014,Idaho Camera Traps : 80,0,deer,05-30-2015 21:03:45,5,train
https://storage.googleapis.com/public-datasets-lila/idaho-camera-traps/public/loc_0225/loc_0225_im_000764.jpg,Idaho Camera Traps : loc_0225_im_000764,Idaho Camera Traps : loc_0225_seq_000100,Idaho Camera Traps : 225,4,deer,12-27-2015 13:48:57,5,train
https://storage.googleapis.com/public-datasets-lila/idaho-camera-traps/public/loc_0088/loc_0088_im_001109.jpg,Idaho Camera Traps : loc_0088_im_001109,Idaho Camera Traps : loc_0088_seq_000114,Idaho Camera Traps : 88,2,deer,11-21-2015 03:49:29,5,train
https://storage.googleapis.com/public-datasets-lila/nz-trailcams/LCC/deer/4a223107-97f7-4dbe-80c9-24af77fa882a.JPG,Trail Camera Images of New Zealand Animals : LCC/deer/4a223107-97f7-4dbe-80c9-24af77fa882a.JPG,Trail Camera Images of New Zealand Animals : unknown,Trail Camera Images of New Zealand Animals : LCC_R113,-1,deer,04-20-2018 16:00:19,5,train
https://storage.googleapis.com/public-datasets-lila/nz-trailcams/PS3/deer/b5359997-d9e8-44b5-a831-1119697f53b1.JPG,Trail Camera Images of New Zealand Animals : PS3/deer/b5359997-d9e8-44b5-a831-1119697f53b1.JPG,Trail Camera Images of New Zealand Animals : unknown,Trail Camera Images of New Zealand Animals : PS3_CAM6119,-1,deer,01-28-2023 00:58:55,5,val
https://storage.googleapis.com/public-datasets-lila/idaho-camera-traps/public/loc_0097/loc_0097_im_001536.jpg,Idaho Camera Traps : loc_0097_im_001536,Idaho Camera Traps : loc_0097_seq_000178,Idaho Camera Traps : 97,0,deer,12-14-2015 08:45:01,5,train
https://storage.googleapis.com/public-datasets-lila/idaho-camera-traps/public/loc_0096/loc_0096_im_000867.jpg,Idaho Camera Traps : loc_0096_im_000867,Idaho Camera Traps : loc_0096_seq_000180,Idaho Camera Traps : 96,4,deer,05-10-2016 19:31:09,5,train
https://storage.googleapis.com/public-datasets-lila/nacti-unzipped/part2/sub268/FL-32_09_08_2016_FL-32_0015655.JPG,NACTI : FL-32_09_08_2016_FL-32_0015655.JPG,NACTI : unknown,NACTI : archbold_FL-32,-1,deer,,5,train
https://storage.googleapis.com/public-datasets-lila/caltech-unzipped/cct_images/5a0c9b07-23d2-11e8-a6a3-ec086b02610b.jpg,Caltech Camera Traps : 5a0c9b07-23d2-11e8-a6a3-ec086b02610b,Caltech Camera Traps : 701262f5-5567-11e8-84f9-dca9047ef277,Caltech Camera Traps : 27,1,deer,03-25-2015 01:16:20,5,train
https://storage.googleapis.com/public-datasets-lila/nz-trailcams/PS3/deer/ff3102d3-4d38-4368-b3d2-b92572935da2.JPG,Trail Camera Images of New Zealand Animals : PS3/deer/ff3102d3-4d38-4368-b3d2-b92572935da2.JPG,Trail Camera Images of New Zealand Animals : unknown,Trail Camera Images of New Zealand Animals : PS3_CAMFC23,-1,deer,03-28-2023 21:46:43,5,train
https://storage.googleapis.com/public-datasets-lila/idaho-camera-traps/public/loc_0141/loc_0141_im_001495.jpg,Idaho Camera Traps : loc_0141_im_001495,Idaho Camera Traps : loc_0141_seq_000290,Idaho Camera Traps : 141,6,deer,10-06-2016 08:18:58,5,train
https://storage.googleapis.com/public-datasets-lila/idaho-camera-traps/public/loc_0257/loc_0257_im_001338.jpg,Idaho Camera Traps : loc_0257_im_001338,Idaho Camera Traps : loc_0257_seq_000112,Idaho Camera Traps : 257,9,deer,12-31-2015 16:17:51,5,train
https://storage.googleapis.com/public-datasets-lila/idaho-camera-traps/public/loc_0080/loc_0080_im_003925.jpg,Idaho Camera Traps : loc_0080_im_003925,Idaho Camera Traps : loc_0080_seq_000451,Idaho Camera Traps : 80,0,deer,05-14-2016 20:40:42,5,train
https://storage.googleapis.com/public-datasets-lila/nacti-unzipped/part2/sub214/FL-20_06_02_2015_FL-20_0000560.jpg,NACTI : FL-20_06_02_2015_FL-20_0000560.jpg,NACTI : unknown,NACTI : archbold_FL-20,-1,deer,,5,train
https://storage.googleapis.com/public-datasets-lila/idaho-camera-traps/public/loc_0113/loc_0113_im_000601.jpg,Idaho Camera Traps : loc_0113_im_000601,Idaho Camera Traps : loc_0113_seq_000078,Idaho Camera Traps : 113,1,deer,09-20-2015 03:52:12,5,val
https://storage.googleapis.com/public-datasets-lila/idaho-camera-traps/public/loc_0016/loc_0016_im_008721.jpg,Idaho Camera Traps : loc_0016_im_008721,Idaho Camera Traps : loc_0016_seq_007235,Idaho Camera Traps : 16,4,deer,02-23-2016 08:50:42,5,test
https://storage.googleapis.com/public-datasets-lila/nacti-unzipped/part2/sub247/FL-28_06_02_2016_FL-28_0052795.JPG,NACTI : FL-28_06_02_2016_FL-28_0052795.JPG,NACTI : unknown,NACTI : archbold_FL-28,-1,deer,,5,val
https://storage.googleapis.com/public-datasets-lila/caltech-unzipped/cct_images/59df5d8b-23d2-11e8-a6a3-ec086b02610b.jpg,Caltech Camera Traps : 59df5d8b-23d2-11e8-a6a3-ec086b02610b,Caltech Camera Traps : 70148b80-5567-11e8-9158-dca9047ef277,Caltech Camera Traps : 34,1,deer,08-24-2013 16:10:10,5,val
https://storage.googleapis.com/public-datasets-lila/nz-trailcams/LCC/deer/797b941a-1d83-4077-bfeb-b1a846a5bc84.JPG,Trail Camera Images of New Zealand Animals : LCC/deer/797b941a-1d83-4077-bfeb-b1a846a5bc84.JPG,Trail Camera Images of New Zealand Animals : unknown,Trail Camera Images of New Zealand Animals : LCC_B122,-1,deer,05-04-2018 20:51:01,5,test
https://storage.googleapis.com/public-datasets-lila/nacti-unzipped/part1/sub175/FL-12_06_29_2015_FL-12_0001453.jpg,NACTI : FL-12_06_29_2015_FL-12_0001453.jpg,NACTI : unknown,NACTI : archbold_FL-12,-1,deer,,5,train
https://storage.googleapis.com/public-datasets-lila/nacti-unzipped/part2/sub283/FL-39_03_08_2016_FL-39_0007441.JPG,NACTI : FL-39_03_08_2016_FL-39_0007441.JPG,NACTI : unknown,NACTI : archbold_FL-39,-1,deer,,5,test
https://storage.googleapis.com/public-datasets-lila/caltech-unzipped/cct_images/597388c8-23d2-11e8-a6a3-ec086b02610b.jpg,Caltech Camera Traps : 597388c8-23d2-11e8-a6a3-ec086b02610b,Caltech Camera Traps : 6fded77d-5567-11e8-b55d-dca9047ef277,Caltech Camera Traps : 23,1,deer,10-18-2013 05:36:00,5,train
https://storage.googleapis.com/public-datasets-lila/idaho-camera-traps/public/loc_0126/loc_0126_im_001571.jpg,Idaho Camera Traps : loc_0126_im_001571,Idaho Camera Traps : loc_0126_seq_000147,Idaho Camera Traps : 126,10,deer,07-06-2016 20:04:20,5,train
https://storage.googleapis.com/public-datasets-lila/nacti-unzipped/part0/sub084/CA-32_08_17_2015_CA-32_0000865.jpg,NACTI : CA-32_08_17_2015_CA-32_0000865.jpg,NACTI : unknown,NACTI : lebec_CA-32,-1,deer,,5,train
https://storage.googleapis.com/public-datasets-lila/idaho-camera-traps/public/loc_0214/loc_0214_im_000175.jpg,Idaho Camera Traps : loc_0214_im_000175,Idaho Camera Traps : loc_0214_seq_000074,Idaho Camera Traps : 214,9,deer,02-19-2016 04:29:56,5,test
https://storage.googleapis.com/public-datasets-lila/idaho-camera-traps/public/loc_0234/loc_0234_im_003614.jpg,Idaho Camera Traps : loc_0234_im_003614,Idaho Camera Traps : loc_0234_seq_000424,Idaho Camera Traps : 234,0,deer,03-27-2016 02:26:12,5,train
https://storage.googleapis.com/public-datasets-lila/idaho-camera-traps/public/loc_0076/loc_0076_im_000289.jpg,Idaho Camera Traps : loc_0076_im_000289,Idaho Camera Traps : loc_0076_seq_000019,Idaho Camera Traps : 76,22,deer,05-19-2015 08:34:34,5,val
https://storage.googleapis.com/public-datasets-lila/nacti-unzipped/part2/sub267/FL-32_01_23_2016_FL-32_0002504.jpg,NACTI : FL-32_01_23_2016_FL-32_0002504.jpg,NACTI : unknown,NACTI : archbold_FL-32,-1,deer,,5,train
https://storage.googleapis.com/public-datasets-lila/idaho-camera-traps/public/loc_0110/loc_0110_im_002234.jpg,Idaho Camera Traps : loc_0110_im_002234,Idaho Camera Traps : loc_0110_seq_000256,Idaho Camera Traps : 110,1,deer,12-26-2015 17:43:25,5,train
https://storage.googleapis.com/public-datasets-lila/nacti-unzipped/part1/sub176/FL-12_07_28_2015_FL-12_0005877.jpg,NACTI : FL-12_07_28_2015_FL-12_0005877.jpg,NACTI : unknown,NACTI : archbold_FL-12,-1,deer,,5,train
https://storage.googleapis.com/public-datasets-lila/nacti-unzipped/part2/sub213/FL-19_09_30_2015_FL-19_0038483.jpg,NACTI : FL-19_09_30_2015_FL-19_0038483.jpg,NACTI : unknown,NACTI : archbold_FL-19,-1,deer,,5,train
https://storage.googleapis.com/public-datasets-lila/idaho-camera-traps/public/loc_0012/loc_0012_im_005378.jpg,Idaho Camera Traps : loc_0012_im_005378,Idaho Camera Traps : loc_0012_seq_004199,Idaho Camera Traps : 12,9,deer,02-01-2016 08:22:30,5,train
https://storage.googleapis.com/public-datasets-lila/idaho-camera-traps/public/loc_0129/loc_0129_im_003539.jpg,Idaho Camera Traps : loc_0129_im_003539,Idaho Camera Traps : loc_0129_seq_000524,Idaho Camera Traps : 129,16,deer,10-18-2016 22:07:05,5,train
https://storage.googleapis.com/public-datasets-lila/nacti-unzipped/part2/sub253/FL-29_06_03_2015_FL-29_0013649.jpg,NACTI : FL-29_06_03_2015_FL-29_0013649.jpg,NACTI : unknown,NACTI : archbold_FL-29,-1,deer,,5,train
https://storage.googleapis.com/public-datasets-lila/idaho-camera-traps/public/loc_0079/loc_0079_im_000733.jpg,Idaho Camera Traps : loc_0079_im_000733,Idaho Camera Traps : loc_0079_seq_000088,Idaho Camera Traps : 79,2,deer,06-03-2015 17:31:39,5,train
https://storage.googleapis.com/public-datasets-lila/nacti-unzipped/part2/sub246/FL-28_01_21_2016_FL-28_0046648.jpg,NACTI : FL-28_01_21_2016_FL-28_0046648.jpg,NACTI : unknown,NACTI : archbold_FL-28,-1,deer,,5,val
https://storage.googleapis.com/public-datasets-lila/nacti-unzipped/part2/sub242/FL-27_06_30_2015_FL-27_0012091.jpg,NACTI : FL-27_06_30_2015_FL-27_0012091.jpg,NACTI : unknown,NACTI : archbold_FL-27,-1,deer,,5,train
https://storage.googleapis.com/public-datasets-lila/nacti-unzipped/part2/sub284/FL-40_04_05_2016_FL-40_0013363.JPG,NACTI : FL-40_04_05_2016_FL-40_0013363.JPG,NACTI : unknown,NACTI : archbold_FL-40,-1,deer,,5,val
https://storage.googleapis.com/public-datasets-lila/idaho-camera-traps/public/loc_0124/loc_0124_im_000664.jpg,Idaho Camera Traps : loc_0124_im_000664,Idaho Camera Traps : loc_0124_seq_000064,Idaho Camera Traps : 124,13,deer,07-24-2015 08:12:09,5,test
https://storage.googleapis.com/public-datasets-lila/idaho-camera-traps/public/loc_0120/loc_0120_im_000024.jpg,Idaho Camera Traps : loc_0120_im_000024,Idaho Camera Traps : loc_0120_seq_000002,Idaho Camera Traps : 120,6,deer,05-29-2015 11:56:33,5,train
https://storage.googleapis.com/public-datasets-lila/idaho-camera-traps/public/loc_0209/loc_0209_im_001489.jpg,Idaho Camera Traps : loc_0209_im_001489,Idaho Camera Traps : loc_0209_seq_000250,Idaho Camera Traps : 209,2,deer,03-13-2016 09:02:17,5,train
https://storage.googleapis.com/public-datasets-lila/idaho-camera-traps/public/loc_0010/loc_0010_im_010124.jpg,Idaho Camera Traps : loc_0010_im_010124,Idaho Camera Traps : loc_0010_seq_009428,Idaho Camera Traps : 10,1,deer,03-08-2016 13:52:17,5,train
https://storage.googleapis.com/public-datasets-lila/idaho-camera-traps/public/loc_0080/loc_0080_im_002740.jpg,Idaho Camera Traps : loc_0080_im_002740,Idaho Camera Traps : loc_0080_seq_000318,Idaho Camera Traps : 80,30,deer,05-07-2016 03:45:16,5,train
https://storage.googleapis.com/public-datasets-lila/idaho-camera-traps/public/loc_0225/loc_0225_im_000068.jpg,Idaho Camera Traps : loc_0225_im_000068,Idaho Camera Traps : loc_0225_seq_000017,Idaho Camera Traps : 225,1,deer,12-24-2015 12:08:27,5,train
https://storage.googleapis.com/public-datasets-lila/nacti-unzipped/part1/sub167/FL-09_06_30_2015_FL-09_0028443.jpg,NACTI : FL-09_06_30_2015_FL-09_0028443.jpg,NACTI : unknown,NACTI : archbold_FL-09,-1,deer,,5,train
https://storage.googleapis.com/public-datasets-lila/idaho-camera-traps/public/loc_0127/loc_0127_im_000060.jpg,Idaho Camera Traps : loc_0127_im_000060,Idaho Camera Traps : loc_0127_seq_000019,Idaho Camera Traps : 127,1,deer,07-01-2016 11:40:27,5,train
https://storage.googleapis.com/public-datasets-lila/idaho-camera-traps/public/loc_0150/loc_0150_im_002192.jpg,Idaho Camera Traps : loc_0150_im_002192,Idaho Camera Traps : loc_0150_seq_000264,Idaho Camera Traps : 150,0,deer,08-11-2016 06:48:18,5,val
https://storage.googleapis.com/public-datasets-lila/idaho-camera-traps/public/loc_0129/loc_0129_im_001664.jpg,Idaho Camera Traps : loc_0129_im_001664,Idaho Camera Traps : loc_0129_seq_000203,Idaho Camera Traps : 129,8,deer,07-04-2016 23:53:42,5,train
https://storage.googleapis.com/public-datasets-lila/idaho-camera-traps/public/loc_0194/loc_0194_im_000517.jpg,Idaho Camera Traps : loc_0194_im_000517,Idaho Camera Traps : loc_0194_seq_000101,Idaho Camera Traps : 194,2,deer,07-10-2016 16:24:28,5,train
https://storage.googleapis.com/public-datasets-lila/idaho-camera-traps/public/loc_0003/loc_0003_im_004415.jpg,Idaho Camera Traps : loc_0003_im_004415,Idaho Camera Traps : loc_0003_seq_003458,Idaho Camera Traps : 3,69,deer,01-31-2016 10:11:54,5,val
https://storage.googleapis.com/public-datasets-lila/nacti-unzipped/part1/sub116/FL-01_11_02_2015_FL-01_0038078.jpg,NACTI : FL-01_11_02_2015_FL-01_0038078.jpg,NACTI : unknown,NACTI : archbold_FL-01,-1,deer,,5,train
https://storage.googleapis.com/public-datasets-lila/idaho-camera-traps/public/loc_0257/loc_0257_im_000093.jpg,Idaho Camera Traps : loc_0257_im_000093,Idaho Camera Traps : loc_0257_seq_000009,Idaho Camera Traps : 257,21,deer,12-20-2015 12:00:34,5,train
https://storage.googleapis.com/public-datasets-lila/idaho-camera-traps/public/loc_0126/loc_0126_im_003815.jpg,Idaho Camera Traps : loc_0126_im_003815,Idaho Camera Traps : loc_0126_seq_000400,Idaho Camera Traps : 126,14,deer,08-07-2016 09:10:41,5,train
https://storage.googleapis.com/public-datasets-lila/idaho-camera-traps/public/loc_0103/loc_0103_im_000929.jpg,Idaho Camera Traps : loc_0103_im_000929,Idaho Camera Traps : loc_0103_seq_000102,Idaho Camera Traps : 103,5,deer,06-20-2015 17:19:59,5,train
https://storage.googleapis.com/public-datasets-lila/nacti-unzipped/part2/sub275/FL-35_10_01_2015_FL-35_0000922.jpg,NACTI : FL-35_10_01_2015_FL-35_0000922.jpg,NACTI : unknown,NACTI : archbold_FL-35,-1,deer,,5,train
https://storage.googleapis.com/public-datasets-lila/idaho-camera-traps/public/loc_0121/loc_0121_im_003526.jpg,Idaho Camera Traps : loc_0121_im_003526,Idaho Camera Traps : loc_0121_seq_000411,Idaho Camera Traps : 121,6,deer,11-27-2015 13:29:59,5,train
https://storage.googleapis.com/public-datasets-lila/nacti-unzipped/part0/sub065/CA-23_08_13_2015_CA-23_0012827.jpg,NACTI : CA-23_08_13_2015_CA-23_0012827.jpg,NACTI : unknown,NACTI : lebec_CA-23,-1,deer,,5,train
https://storage.googleapis.com/public-datasets-lila/caltech-unzipped/cct_images/59e5e210-23d2-11e8-a6a3-ec086b02610b.jpg,Caltech Camera Traps : 59e5e210-23d2-11e8-a6a3-ec086b02610b,Caltech Camera Traps : 7012a9f8-5567-11e8-a991-dca9047ef277,Caltech Camera Traps : 27,1,deer,04-02-2015 23:56:05,5,train
https://storage.googleapis.com/public-datasets-lila/nacti-unzipped/part1/sub134/FL-05_09_01_2016_FL-05_0044141.JPG,NACTI : FL-05_09_01_2016_FL-05_0044141.JPG,NACTI : unknown,NACTI : archbold_FL-05,-1,deer,,5,train
https://storage.googleapis.com/public-datasets-lila/idaho-camera-traps/public/loc_0203/loc_0203_im_000733.jpg,Idaho Camera Traps : loc_0203_im_000733,Idaho Camera Traps : loc_0203_seq_000120,Idaho Camera Traps : 203,4,deer,01-31-2016 11:27:16,5,train
https://storage.googleapis.com/public-datasets-lila/nacti-unzipped/part1/sub178/FL-12_11_02_2015_FL-12_0018820.jpg,NACTI : FL-12_11_02_2015_FL-12_0018820.jpg,NACTI : unknown,NACTI : archbold_FL-12,-1,deer,,5,train
https://storage.googleapis.com/public-datasets-lila/nacti-unzipped/part2/sub208/FL-19_04_04_2016_FL-19_0048389.JPG,NACTI : FL-19_04_04_2016_FL-19_0048389.JPG,NACTI : unknown,NACTI : archbold_FL-19,-1,deer,,5,train
https://storage.googleapis.com/public-datasets-lila/nacti-unzipped/part1/sub176/FL-12_07_28_2015_FL-12_0008032.jpg,NACTI : FL-12_07_28_2015_FL-12_0008032.jpg,NACTI : unknown,NACTI : archbold_FL-12,-1,deer,,5,train
https://storage.googleapis.com/public-datasets-lila/idaho-camera-traps/public/loc_0100/loc_0100_im_006371.jpg,Idaho Camera Traps : loc_0100_im_006371,Idaho Camera Traps : loc_0100_seq_000552,Idaho Camera Traps : 100,5,deer,09-01-2015 19:46:50,5,train
https://storage.googleapis.com/public-datasets-lila/nz-trailcams/PS3/deer/0a22884b-add3-4a50-a846-5a289835fe58.JPG,Trail Camera Images of New Zealand Animals : PS3/deer/0a22884b-add3-4a50-a846-5a289835fe58.JPG,Trail Camera Images of New Zealand Animals : unknown,Trail Camera Images of New Zealand Animals : PS3_CAM6504,-1,deer,02-09-2023 21:38:33,5,test
https://storage.googleapis.com/public-datasets-lila/idaho-camera-traps/public/loc_0107/loc_0107_im_002985.jpg,Idaho Camera Traps : loc_0107_im_002985,Idaho Camera Traps : loc_0107_seq_000293,Idaho Camera Traps : 107,0,deer,09-20-2015 23:17:38,5,test
https://storage.googleapis.com/public-datasets-lila/idaho-camera-traps/public/loc_0110/loc_0110_im_000290.jpg,Idaho Camera Traps : loc_0110_im_000290,Idaho Camera Traps : loc_0110_seq_000038,Idaho Camera Traps : 110,5,deer,06-22-2015 22:13:04,5,train
https://storage.googleapis.com/public-datasets-lila/idaho-camera-traps/public/loc_0089/loc_0089_im_005053.jpg,Idaho Camera Traps : loc_0089_im_005053,Idaho Camera Traps : loc_0089_seq_000664,Idaho Camera Traps : 89,6,deer,05-05-2016 05:30:49,5,train
https://storage.googleapis.com/public-datasets-lila/nz-trailcams/LCC/deer/332c89eb-03e7-48f8-886a-d0f15189769b.JPG,Trail Camera Images of New Zealand Animals : LCC/deer/332c89eb-03e7-48f8-886a-d0f15189769b.JPG,Trail Camera Images of New Zealand Animals : unknown,Trail Camera Images of New Zealand Animals : LCC_R68,-1,deer,04-22-2018 09:42:13,5,train
https://storage.googleapis.com/public-datasets-lila/idaho-camera-traps/public/loc_0153/loc_0153_im_000373.jpg,Idaho Camera Traps : loc_0153_im_000373,Idaho Camera Traps : loc_0153_seq_000094,Idaho Camera Traps : 153,0,deer,06-24-2016 05:26:46,5,train
https://storage.googleapis.com/public-datasets-lila/nacti-unzipped/part2/sub251/FL-29_01_21_2016_FL-29_0053360.jpg,NACTI : FL-29_01_21_2016_FL-29_0053360.jpg,NACTI : unknown,NACTI : archbold_FL-29,-1,deer,,5,train
https://storage.googleapis.com/public-datasets-lila/nz-trailcams/LCC/deer/9eb04c15-fe1a-4ac6-9c06-3413b0fa508f.JPG,Trail Camera Images of New Zealand Animals : LCC/deer/9eb04c15-fe1a-4ac6-9c06-3413b0fa508f.JPG,Trail Camera Images of New Zealand Animals : unknown,Trail Camera Images of New Zealand Animals : LCC_R110,-1,deer,05-25-2018 18:25:40,5,train
https://storage.googleapis.com/public-datasets-lila/nz-trailcams/PS3/deer/41a59f76-1543-44ce-9089-379918220a1f.JPG,Trail Camera Images of New Zealand Animals : PS3/deer/41a59f76-1543-44ce-9089-379918220a1f.JPG,Trail Camera Images of New Zealand Animals : unknown,Trail Camera Images of New Zealand Animals : PS3_CAMGC43,-1,deer,02-09-2023 06:35:38,5,train
https://storage.googleapis.com/public-datasets-lila/idaho-camera-traps/public/loc_0140/loc_0140_im_000579.jpg,Idaho Camera Traps : loc_0140_im_000579,Idaho Camera Traps : loc_0140_seq_000095,Idaho Camera Traps : 140,8,deer,06-23-2016 05:21:38,5,train
https://storage.googleapis.com/public-datasets-lila/idaho-camera-traps/public/loc_0204/loc_0204_im_000646.jpg,Idaho Camera Traps : loc_0204_im_000646,Idaho Camera Traps : loc_0204_seq_000138,Idaho Camera Traps : 204,19,deer,03-23-2016 17:26:07,5,train
https://storage.googleapis.com/public-datasets-lila/idaho-camera-traps/public/loc_0165/loc_0165_im_003456.jpg,Idaho Camera Traps : loc_0165_im_003456,Idaho Camera Traps : loc_0165_seq_000470,Idaho Camera Traps : 165,4,deer,09-03-2016 07:32:40,5,train
https://storage.googleapis.com/public-datasets-lila/idaho-camera-traps/public/loc_0130/loc_0130_im_010902.jpg,Idaho Camera Traps : loc_0130_im_010902,Idaho Camera Traps : loc_0130_seq_000932,Idaho Camera Traps : 130,11,deer,09-08-2016 19:32:41,5,train
https://storage.googleapis.com/public-datasets-lila/idaho-camera-traps/public/loc_0164/loc_0164_im_000592.jpg,Idaho Camera Traps : loc_0164_im_000592,Idaho Camera Traps : loc_0164_seq_000121,Idaho Camera Traps : 164,3,deer,08-03-2016 08:27:52,5,train
https://storage.googleapis.com/public-datasets-lila/orinoquia-camera-traps/public/A04/101EK113/05170424.JPG,Orinoquia Camera Traps : A04_101EK113_05170424.JPG,Orinoquia Camera Traps : 39d7723e-7160-11ec-a5f5-5cf3706028c2,Orinoquia Camera Traps : A04,0,deer,05-17-2020 05:57:38,5,val
https://storage.googleapis.com/public-datasets-lila/nz-trailcams/PS1/deer/2e0a81fb-a017-417b-aeb0-724c07dce743.JPG,Trail Camera Images of New Zealand Animals : PS1/deer/2e0a81fb-a017-417b-aeb0-724c07dce743.JPG,Trail Camera Images of New Zealand Animals : unknown,Trail Camera Images of New Zealand Animals : PS1_CAM7905,-1,deer,07-21-2022 11:42:53,5,train
https://storage.googleapis.com/public-datasets-lila/idaho-camera-traps/public/loc_0075/loc_0075_im_007482.jpg,Idaho Camera Traps : loc_0075_im_007482,Idaho Camera Traps : loc_0075_seq_007020,Idaho Camera Traps : 75,0,deer,02-24-2016 17:40:00,5,train
https://storage.googleapis.com/public-datasets-lila/idaho-camera-traps/public/loc_0012/loc_0012_im_011033.jpg,Idaho Camera Traps : loc_0012_im_011033,Idaho Camera Traps : loc_0012_seq_007662,Idaho Camera Traps : 12,36,deer,02-24-2016 14:17:11,5,train
https://storage.googleapis.com/public-datasets-lila/idaho-camera-traps/public/loc_0167/loc_0167_im_000820.jpg,Idaho Camera Traps : loc_0167_im_000820,Idaho Camera Traps : loc_0167_seq_000155,Idaho Camera Traps : 167,0,deer,07-29-2016 06:56:04,5,train
https://storage.googleapis.com/public-datasets-lila/idaho-camera-traps/public/loc_0120/loc_0120_im_000341.jpg,Idaho Camera Traps : loc_0120_im_000341,Idaho Camera Traps : loc_0120_seq_000047,Idaho Camera Traps : 120,5,deer,06-25-2015 04:20:12,5,train
https://storage.googleapis.com/public-datasets-lila/nz-trailcams/PS1/deer/db06577e-ce15-4254-a920-81e1aea3f3c4.JPG,Trail Camera Images of New Zealand Animals : PS1/deer/db06577e-ce15-4254-a920-81e1aea3f3c4.JPG,Trail Camera Images of New Zealand Animals : unknown,Trail Camera Images of New Zealand Animals : PS1_CAMGC43,-1,deer,01-15-2022 00:04:16,5,train
https://storage.googleapis.com/public-datasets-lila/idaho-camera-traps/public/loc_0097/loc_0097_im_001452.jpg,Idaho Camera Traps : loc_0097_im_001452,Idaho Camera Traps : loc_0097_seq_000165,Idaho Camera Traps : 97,21,deer,12-06-2015 10:15:28,5,train
https://storage.googleapis.com/public-datasets-lila/nacti-unzipped/part2/sub216/FL-20_07_29_2015_FL-20_0018322.jpg,NACTI : FL-20_07_29_2015_FL-20_0018322.jpg,NACTI : unknown,NACTI : archbold_FL-20,-1,deer,,5,train
https://storage.googleapis.com/public-datasets-lila/idaho-camera-traps/public/loc_0124/loc_0124_im_000154.jpg,Idaho Camera Traps : loc_0124_im_000154,Idaho Camera Traps : loc_0124_seq_000010,Idaho Camera Traps : 124,10,deer,06-06-2015 19:54:45,5,test
https://storage.googleapis.com/public-datasets-lila/nz-trailcams/PS3/deer/329a8671-d2bb-43ff-95b4-bbb2ad77bb55.JPG,Trail Camera Images of New Zealand Animals : PS3/deer/329a8671-d2bb-43ff-95b4-bbb2ad77bb55.JPG,Trail Camera Images of New Zealand Animals : unknown,Trail Camera Images of New Zealand Animals : PS3_CAMFC23,-1,deer,03-27-2023 23:42:04,5,train
https://storage.googleapis.com/public-datasets-lila/idaho-camera-traps/public/loc_0124/loc_0124_im_001301.jpg,Idaho Camera Traps : loc_0124_im_001301,Idaho Camera Traps : loc_0124_seq_000148,Idaho Camera Traps : 124,5,deer,09-09-2015 02:00:41,5,test
https://storage.googleapis.com/public-datasets-lila/idaho-camera-traps/public/loc_0150/loc_0150_im_002082.jpg,Idaho Camera Traps : loc_0150_im_002082,Idaho Camera Traps : loc_0150_seq_000251,Idaho Camera Traps : 150,1,deer,08-08-2016 07:14:11,5,val
https://storage.googleapis.com/public-datasets-lila/nz-trailcams/PS3/deer/a5d759dc-1f33-4056-8672-7840f22dc0e9.JPG,Trail Camera Images of New Zealand Animals : PS3/deer/a5d759dc-1f33-4056-8672-7840f22dc0e9.JPG,Trail Camera Images of New Zealand Animals : unknown,Trail Camera Images of New Zealand Animals : PS3_CAMFC23,-1,deer,03-27-2023 20:34:22,5,train
https://storage.googleapis.com/public-datasets-lila/nz-trailcams/PS3/deer/cd60d054-db53-4860-bfd5-6d01970b44bd.JPG,Trail Camera Images of New Zealand Animals : PS3/deer/cd60d054-db53-4860-bfd5-6d01970b44bd.JPG,Trail Camera Images of New Zealand Animals : unknown,Trail Camera Images of New Zealand Animals : PS3_CAM8008,-1,deer,03-06-2023 22:04:55,5,train
https://storage.googleapis.com/public-datasets-lila/nacti-unzipped/part2/sub207/FL-17_11_02_2015_FL-17_0061882.jpg,NACTI : FL-17_11_02_2015_FL-17_0061882.jpg,NACTI : unknown,NACTI : archbold_FL-17,-1,deer,,5,train
https://storage.googleapis.com/public-datasets-lila/idaho-camera-traps/public/loc_0129/loc_0129_im_001920.jpg,Idaho Camera Traps : loc_0129_im_001920,Idaho Camera Traps : loc_0129_seq_000250,Idaho Camera Traps : 129,0,deer,07-16-2016 23:48:03,5,train
